[2024-10-26T17:19:25.501+0000] {processor.py:186} INFO - Started process (PID=118) to work on /home/airflow/.local/lib/python3.12/site-packages/airflow/example_dags/plugins/decreasing_priority_weight_strategy.py
[2024-10-26T17:19:25.502+0000] {processor.py:914} INFO - Processing file /home/airflow/.local/lib/python3.12/site-packages/airflow/example_dags/plugins/decreasing_priority_weight_strategy.py for tasks to queue
[2024-10-26T17:19:25.505+0000] {logging_mixin.py:190} INFO - [2024-10-26T17:19:25.505+0000] {dagbag.py:588} INFO - Filling up the DagBag from /home/airflow/.local/lib/python3.12/site-packages/airflow/example_dags/plugins/decreasing_priority_weight_strategy.py
[2024-10-26T17:19:25.511+0000] {processor.py:927} WARNING - No viable dags retrieved from /home/airflow/.local/lib/python3.12/site-packages/airflow/example_dags/plugins/decreasing_priority_weight_strategy.py
[2024-10-26T17:19:25.528+0000] {processor.py:208} INFO - Processing /home/airflow/.local/lib/python3.12/site-packages/airflow/example_dags/plugins/decreasing_priority_weight_strategy.py took 0.035 seconds
[2024-10-26T17:19:58.325+0000] {processor.py:186} INFO - Started process (PID=183) to work on /home/airflow/.local/lib/python3.12/site-packages/airflow/example_dags/plugins/decreasing_priority_weight_strategy.py
[2024-10-26T17:19:58.327+0000] {processor.py:914} INFO - Processing file /home/airflow/.local/lib/python3.12/site-packages/airflow/example_dags/plugins/decreasing_priority_weight_strategy.py for tasks to queue
[2024-10-26T17:19:58.330+0000] {logging_mixin.py:190} INFO - [2024-10-26T17:19:58.330+0000] {dagbag.py:588} INFO - Filling up the DagBag from /home/airflow/.local/lib/python3.12/site-packages/airflow/example_dags/plugins/decreasing_priority_weight_strategy.py
[2024-10-26T17:19:58.333+0000] {processor.py:927} WARNING - No viable dags retrieved from /home/airflow/.local/lib/python3.12/site-packages/airflow/example_dags/plugins/decreasing_priority_weight_strategy.py
[2024-10-26T17:19:58.355+0000] {processor.py:208} INFO - Processing /home/airflow/.local/lib/python3.12/site-packages/airflow/example_dags/plugins/decreasing_priority_weight_strategy.py took 0.041 seconds
[2024-10-26T17:20:29.126+0000] {processor.py:186} INFO - Started process (PID=248) to work on /home/airflow/.local/lib/python3.12/site-packages/airflow/example_dags/plugins/decreasing_priority_weight_strategy.py
[2024-10-26T17:20:29.128+0000] {processor.py:914} INFO - Processing file /home/airflow/.local/lib/python3.12/site-packages/airflow/example_dags/plugins/decreasing_priority_weight_strategy.py for tasks to queue
[2024-10-26T17:20:29.131+0000] {logging_mixin.py:190} INFO - [2024-10-26T17:20:29.131+0000] {dagbag.py:588} INFO - Filling up the DagBag from /home/airflow/.local/lib/python3.12/site-packages/airflow/example_dags/plugins/decreasing_priority_weight_strategy.py
[2024-10-26T17:20:29.134+0000] {processor.py:927} WARNING - No viable dags retrieved from /home/airflow/.local/lib/python3.12/site-packages/airflow/example_dags/plugins/decreasing_priority_weight_strategy.py
[2024-10-26T17:20:29.150+0000] {processor.py:208} INFO - Processing /home/airflow/.local/lib/python3.12/site-packages/airflow/example_dags/plugins/decreasing_priority_weight_strategy.py took 0.031 seconds
[2024-10-26T17:20:59.458+0000] {processor.py:186} INFO - Started process (PID=312) to work on /home/airflow/.local/lib/python3.12/site-packages/airflow/example_dags/plugins/decreasing_priority_weight_strategy.py
[2024-10-26T17:20:59.459+0000] {processor.py:914} INFO - Processing file /home/airflow/.local/lib/python3.12/site-packages/airflow/example_dags/plugins/decreasing_priority_weight_strategy.py for tasks to queue
[2024-10-26T17:20:59.462+0000] {logging_mixin.py:190} INFO - [2024-10-26T17:20:59.461+0000] {dagbag.py:588} INFO - Filling up the DagBag from /home/airflow/.local/lib/python3.12/site-packages/airflow/example_dags/plugins/decreasing_priority_weight_strategy.py
[2024-10-26T17:20:59.464+0000] {processor.py:927} WARNING - No viable dags retrieved from /home/airflow/.local/lib/python3.12/site-packages/airflow/example_dags/plugins/decreasing_priority_weight_strategy.py
[2024-10-26T17:20:59.476+0000] {processor.py:208} INFO - Processing /home/airflow/.local/lib/python3.12/site-packages/airflow/example_dags/plugins/decreasing_priority_weight_strategy.py took 0.024 seconds
[2024-10-26T17:21:29.730+0000] {processor.py:186} INFO - Started process (PID=376) to work on /home/airflow/.local/lib/python3.12/site-packages/airflow/example_dags/plugins/decreasing_priority_weight_strategy.py
[2024-10-26T17:21:29.731+0000] {processor.py:914} INFO - Processing file /home/airflow/.local/lib/python3.12/site-packages/airflow/example_dags/plugins/decreasing_priority_weight_strategy.py for tasks to queue
[2024-10-26T17:21:29.733+0000] {logging_mixin.py:190} INFO - [2024-10-26T17:21:29.733+0000] {dagbag.py:588} INFO - Filling up the DagBag from /home/airflow/.local/lib/python3.12/site-packages/airflow/example_dags/plugins/decreasing_priority_weight_strategy.py
[2024-10-26T17:21:29.735+0000] {processor.py:927} WARNING - No viable dags retrieved from /home/airflow/.local/lib/python3.12/site-packages/airflow/example_dags/plugins/decreasing_priority_weight_strategy.py
[2024-10-26T17:21:29.750+0000] {processor.py:208} INFO - Processing /home/airflow/.local/lib/python3.12/site-packages/airflow/example_dags/plugins/decreasing_priority_weight_strategy.py took 0.025 seconds
[2024-10-26T17:22:00.689+0000] {processor.py:186} INFO - Started process (PID=440) to work on /home/airflow/.local/lib/python3.12/site-packages/airflow/example_dags/plugins/decreasing_priority_weight_strategy.py
[2024-10-26T17:22:00.691+0000] {processor.py:914} INFO - Processing file /home/airflow/.local/lib/python3.12/site-packages/airflow/example_dags/plugins/decreasing_priority_weight_strategy.py for tasks to queue
[2024-10-26T17:22:00.693+0000] {logging_mixin.py:190} INFO - [2024-10-26T17:22:00.693+0000] {dagbag.py:588} INFO - Filling up the DagBag from /home/airflow/.local/lib/python3.12/site-packages/airflow/example_dags/plugins/decreasing_priority_weight_strategy.py
[2024-10-26T17:22:00.696+0000] {processor.py:927} WARNING - No viable dags retrieved from /home/airflow/.local/lib/python3.12/site-packages/airflow/example_dags/plugins/decreasing_priority_weight_strategy.py
[2024-10-26T17:22:00.708+0000] {processor.py:208} INFO - Processing /home/airflow/.local/lib/python3.12/site-packages/airflow/example_dags/plugins/decreasing_priority_weight_strategy.py took 0.025 seconds
[2024-10-26T17:22:31.141+0000] {processor.py:186} INFO - Started process (PID=504) to work on /home/airflow/.local/lib/python3.12/site-packages/airflow/example_dags/plugins/decreasing_priority_weight_strategy.py
[2024-10-26T17:22:31.142+0000] {processor.py:914} INFO - Processing file /home/airflow/.local/lib/python3.12/site-packages/airflow/example_dags/plugins/decreasing_priority_weight_strategy.py for tasks to queue
[2024-10-26T17:22:31.145+0000] {logging_mixin.py:190} INFO - [2024-10-26T17:22:31.145+0000] {dagbag.py:588} INFO - Filling up the DagBag from /home/airflow/.local/lib/python3.12/site-packages/airflow/example_dags/plugins/decreasing_priority_weight_strategy.py
[2024-10-26T17:22:31.148+0000] {processor.py:927} WARNING - No viable dags retrieved from /home/airflow/.local/lib/python3.12/site-packages/airflow/example_dags/plugins/decreasing_priority_weight_strategy.py
[2024-10-26T17:22:31.162+0000] {processor.py:208} INFO - Processing /home/airflow/.local/lib/python3.12/site-packages/airflow/example_dags/plugins/decreasing_priority_weight_strategy.py took 0.027 seconds
[2024-10-26T17:23:01.572+0000] {processor.py:186} INFO - Started process (PID=568) to work on /home/airflow/.local/lib/python3.12/site-packages/airflow/example_dags/plugins/decreasing_priority_weight_strategy.py
[2024-10-26T17:23:01.573+0000] {processor.py:914} INFO - Processing file /home/airflow/.local/lib/python3.12/site-packages/airflow/example_dags/plugins/decreasing_priority_weight_strategy.py for tasks to queue
[2024-10-26T17:23:01.575+0000] {logging_mixin.py:190} INFO - [2024-10-26T17:23:01.575+0000] {dagbag.py:588} INFO - Filling up the DagBag from /home/airflow/.local/lib/python3.12/site-packages/airflow/example_dags/plugins/decreasing_priority_weight_strategy.py
[2024-10-26T17:23:01.578+0000] {processor.py:927} WARNING - No viable dags retrieved from /home/airflow/.local/lib/python3.12/site-packages/airflow/example_dags/plugins/decreasing_priority_weight_strategy.py
[2024-10-26T17:23:01.589+0000] {processor.py:208} INFO - Processing /home/airflow/.local/lib/python3.12/site-packages/airflow/example_dags/plugins/decreasing_priority_weight_strategy.py took 0.022 seconds
[2024-10-26T17:23:31.937+0000] {processor.py:186} INFO - Started process (PID=633) to work on /home/airflow/.local/lib/python3.12/site-packages/airflow/example_dags/plugins/decreasing_priority_weight_strategy.py
[2024-10-26T17:23:31.938+0000] {processor.py:914} INFO - Processing file /home/airflow/.local/lib/python3.12/site-packages/airflow/example_dags/plugins/decreasing_priority_weight_strategy.py for tasks to queue
[2024-10-26T17:23:31.941+0000] {logging_mixin.py:190} INFO - [2024-10-26T17:23:31.940+0000] {dagbag.py:588} INFO - Filling up the DagBag from /home/airflow/.local/lib/python3.12/site-packages/airflow/example_dags/plugins/decreasing_priority_weight_strategy.py
[2024-10-26T17:23:31.943+0000] {processor.py:927} WARNING - No viable dags retrieved from /home/airflow/.local/lib/python3.12/site-packages/airflow/example_dags/plugins/decreasing_priority_weight_strategy.py
[2024-10-26T17:23:31.955+0000] {processor.py:208} INFO - Processing /home/airflow/.local/lib/python3.12/site-packages/airflow/example_dags/plugins/decreasing_priority_weight_strategy.py took 0.023 seconds
[2024-10-26T17:24:02.487+0000] {processor.py:186} INFO - Started process (PID=697) to work on /home/airflow/.local/lib/python3.12/site-packages/airflow/example_dags/plugins/decreasing_priority_weight_strategy.py
[2024-10-26T17:24:02.488+0000] {processor.py:914} INFO - Processing file /home/airflow/.local/lib/python3.12/site-packages/airflow/example_dags/plugins/decreasing_priority_weight_strategy.py for tasks to queue
[2024-10-26T17:24:02.491+0000] {logging_mixin.py:190} INFO - [2024-10-26T17:24:02.490+0000] {dagbag.py:588} INFO - Filling up the DagBag from /home/airflow/.local/lib/python3.12/site-packages/airflow/example_dags/plugins/decreasing_priority_weight_strategy.py
[2024-10-26T17:24:02.493+0000] {processor.py:927} WARNING - No viable dags retrieved from /home/airflow/.local/lib/python3.12/site-packages/airflow/example_dags/plugins/decreasing_priority_weight_strategy.py
[2024-10-26T17:24:02.507+0000] {processor.py:208} INFO - Processing /home/airflow/.local/lib/python3.12/site-packages/airflow/example_dags/plugins/decreasing_priority_weight_strategy.py took 0.026 seconds
[2024-10-26T17:24:33.973+0000] {processor.py:186} INFO - Started process (PID=761) to work on /home/airflow/.local/lib/python3.12/site-packages/airflow/example_dags/plugins/decreasing_priority_weight_strategy.py
[2024-10-26T17:24:33.975+0000] {processor.py:914} INFO - Processing file /home/airflow/.local/lib/python3.12/site-packages/airflow/example_dags/plugins/decreasing_priority_weight_strategy.py for tasks to queue
[2024-10-26T17:24:33.978+0000] {logging_mixin.py:190} INFO - [2024-10-26T17:24:33.978+0000] {dagbag.py:588} INFO - Filling up the DagBag from /home/airflow/.local/lib/python3.12/site-packages/airflow/example_dags/plugins/decreasing_priority_weight_strategy.py
[2024-10-26T17:24:33.981+0000] {processor.py:927} WARNING - No viable dags retrieved from /home/airflow/.local/lib/python3.12/site-packages/airflow/example_dags/plugins/decreasing_priority_weight_strategy.py
[2024-10-26T17:24:33.999+0000] {processor.py:208} INFO - Processing /home/airflow/.local/lib/python3.12/site-packages/airflow/example_dags/plugins/decreasing_priority_weight_strategy.py took 0.032 seconds
[2024-10-26T17:25:04.668+0000] {processor.py:186} INFO - Started process (PID=825) to work on /home/airflow/.local/lib/python3.12/site-packages/airflow/example_dags/plugins/decreasing_priority_weight_strategy.py
[2024-10-26T17:25:04.669+0000] {processor.py:914} INFO - Processing file /home/airflow/.local/lib/python3.12/site-packages/airflow/example_dags/plugins/decreasing_priority_weight_strategy.py for tasks to queue
[2024-10-26T17:25:04.674+0000] {logging_mixin.py:190} INFO - [2024-10-26T17:25:04.673+0000] {dagbag.py:588} INFO - Filling up the DagBag from /home/airflow/.local/lib/python3.12/site-packages/airflow/example_dags/plugins/decreasing_priority_weight_strategy.py
[2024-10-26T17:25:04.678+0000] {processor.py:927} WARNING - No viable dags retrieved from /home/airflow/.local/lib/python3.12/site-packages/airflow/example_dags/plugins/decreasing_priority_weight_strategy.py
[2024-10-26T17:25:04.695+0000] {processor.py:208} INFO - Processing /home/airflow/.local/lib/python3.12/site-packages/airflow/example_dags/plugins/decreasing_priority_weight_strategy.py took 0.034 seconds
[2024-10-26T17:25:35.305+0000] {processor.py:186} INFO - Started process (PID=889) to work on /home/airflow/.local/lib/python3.12/site-packages/airflow/example_dags/plugins/decreasing_priority_weight_strategy.py
[2024-10-26T17:25:35.306+0000] {processor.py:914} INFO - Processing file /home/airflow/.local/lib/python3.12/site-packages/airflow/example_dags/plugins/decreasing_priority_weight_strategy.py for tasks to queue
[2024-10-26T17:25:35.310+0000] {logging_mixin.py:190} INFO - [2024-10-26T17:25:35.309+0000] {dagbag.py:588} INFO - Filling up the DagBag from /home/airflow/.local/lib/python3.12/site-packages/airflow/example_dags/plugins/decreasing_priority_weight_strategy.py
[2024-10-26T17:25:35.313+0000] {processor.py:927} WARNING - No viable dags retrieved from /home/airflow/.local/lib/python3.12/site-packages/airflow/example_dags/plugins/decreasing_priority_weight_strategy.py
[2024-10-26T17:25:35.329+0000] {processor.py:208} INFO - Processing /home/airflow/.local/lib/python3.12/site-packages/airflow/example_dags/plugins/decreasing_priority_weight_strategy.py took 0.030 seconds
[2024-10-26T17:26:07.516+0000] {processor.py:186} INFO - Started process (PID=954) to work on /home/airflow/.local/lib/python3.12/site-packages/airflow/example_dags/plugins/decreasing_priority_weight_strategy.py
[2024-10-26T17:26:07.521+0000] {processor.py:914} INFO - Processing file /home/airflow/.local/lib/python3.12/site-packages/airflow/example_dags/plugins/decreasing_priority_weight_strategy.py for tasks to queue
[2024-10-26T17:26:07.526+0000] {logging_mixin.py:190} INFO - [2024-10-26T17:26:07.525+0000] {dagbag.py:588} INFO - Filling up the DagBag from /home/airflow/.local/lib/python3.12/site-packages/airflow/example_dags/plugins/decreasing_priority_weight_strategy.py
[2024-10-26T17:26:07.529+0000] {processor.py:927} WARNING - No viable dags retrieved from /home/airflow/.local/lib/python3.12/site-packages/airflow/example_dags/plugins/decreasing_priority_weight_strategy.py
[2024-10-26T17:26:07.557+0000] {processor.py:208} INFO - Processing /home/airflow/.local/lib/python3.12/site-packages/airflow/example_dags/plugins/decreasing_priority_weight_strategy.py took 0.050 seconds
[2024-10-26T17:26:40.467+0000] {processor.py:186} INFO - Started process (PID=1018) to work on /home/airflow/.local/lib/python3.12/site-packages/airflow/example_dags/plugins/decreasing_priority_weight_strategy.py
[2024-10-26T17:26:40.469+0000] {processor.py:914} INFO - Processing file /home/airflow/.local/lib/python3.12/site-packages/airflow/example_dags/plugins/decreasing_priority_weight_strategy.py for tasks to queue
[2024-10-26T17:26:40.472+0000] {logging_mixin.py:190} INFO - [2024-10-26T17:26:40.472+0000] {dagbag.py:588} INFO - Filling up the DagBag from /home/airflow/.local/lib/python3.12/site-packages/airflow/example_dags/plugins/decreasing_priority_weight_strategy.py
[2024-10-26T17:26:40.475+0000] {processor.py:927} WARNING - No viable dags retrieved from /home/airflow/.local/lib/python3.12/site-packages/airflow/example_dags/plugins/decreasing_priority_weight_strategy.py
[2024-10-26T17:26:40.499+0000] {processor.py:208} INFO - Processing /home/airflow/.local/lib/python3.12/site-packages/airflow/example_dags/plugins/decreasing_priority_weight_strategy.py took 0.042 seconds
[2024-10-26T17:27:12.638+0000] {processor.py:186} INFO - Started process (PID=1076) to work on /home/airflow/.local/lib/python3.12/site-packages/airflow/example_dags/plugins/decreasing_priority_weight_strategy.py
[2024-10-26T17:27:12.640+0000] {processor.py:914} INFO - Processing file /home/airflow/.local/lib/python3.12/site-packages/airflow/example_dags/plugins/decreasing_priority_weight_strategy.py for tasks to queue
[2024-10-26T17:27:12.644+0000] {logging_mixin.py:190} INFO - [2024-10-26T17:27:12.643+0000] {dagbag.py:588} INFO - Filling up the DagBag from /home/airflow/.local/lib/python3.12/site-packages/airflow/example_dags/plugins/decreasing_priority_weight_strategy.py
[2024-10-26T17:27:12.649+0000] {processor.py:927} WARNING - No viable dags retrieved from /home/airflow/.local/lib/python3.12/site-packages/airflow/example_dags/plugins/decreasing_priority_weight_strategy.py
[2024-10-26T17:27:12.670+0000] {processor.py:208} INFO - Processing /home/airflow/.local/lib/python3.12/site-packages/airflow/example_dags/plugins/decreasing_priority_weight_strategy.py took 0.042 seconds
[2024-10-26T17:27:45.414+0000] {processor.py:186} INFO - Started process (PID=1140) to work on /home/airflow/.local/lib/python3.12/site-packages/airflow/example_dags/plugins/decreasing_priority_weight_strategy.py
[2024-10-26T17:27:45.416+0000] {processor.py:914} INFO - Processing file /home/airflow/.local/lib/python3.12/site-packages/airflow/example_dags/plugins/decreasing_priority_weight_strategy.py for tasks to queue
[2024-10-26T17:27:45.420+0000] {logging_mixin.py:190} INFO - [2024-10-26T17:27:45.420+0000] {dagbag.py:588} INFO - Filling up the DagBag from /home/airflow/.local/lib/python3.12/site-packages/airflow/example_dags/plugins/decreasing_priority_weight_strategy.py
[2024-10-26T17:27:45.423+0000] {processor.py:927} WARNING - No viable dags retrieved from /home/airflow/.local/lib/python3.12/site-packages/airflow/example_dags/plugins/decreasing_priority_weight_strategy.py
[2024-10-26T17:27:45.442+0000] {processor.py:208} INFO - Processing /home/airflow/.local/lib/python3.12/site-packages/airflow/example_dags/plugins/decreasing_priority_weight_strategy.py took 0.035 seconds
[2024-10-26T17:28:19.171+0000] {processor.py:186} INFO - Started process (PID=1211) to work on /home/airflow/.local/lib/python3.12/site-packages/airflow/example_dags/plugins/decreasing_priority_weight_strategy.py
[2024-10-26T17:28:19.173+0000] {processor.py:914} INFO - Processing file /home/airflow/.local/lib/python3.12/site-packages/airflow/example_dags/plugins/decreasing_priority_weight_strategy.py for tasks to queue
[2024-10-26T17:28:19.177+0000] {logging_mixin.py:190} INFO - [2024-10-26T17:28:19.177+0000] {dagbag.py:588} INFO - Filling up the DagBag from /home/airflow/.local/lib/python3.12/site-packages/airflow/example_dags/plugins/decreasing_priority_weight_strategy.py
[2024-10-26T17:28:19.180+0000] {processor.py:927} WARNING - No viable dags retrieved from /home/airflow/.local/lib/python3.12/site-packages/airflow/example_dags/plugins/decreasing_priority_weight_strategy.py
[2024-10-26T17:28:19.201+0000] {processor.py:208} INFO - Processing /home/airflow/.local/lib/python3.12/site-packages/airflow/example_dags/plugins/decreasing_priority_weight_strategy.py took 0.041 seconds
[2024-10-26T17:28:50.038+0000] {processor.py:186} INFO - Started process (PID=1269) to work on /home/airflow/.local/lib/python3.12/site-packages/airflow/example_dags/plugins/decreasing_priority_weight_strategy.py
[2024-10-26T17:28:50.040+0000] {processor.py:914} INFO - Processing file /home/airflow/.local/lib/python3.12/site-packages/airflow/example_dags/plugins/decreasing_priority_weight_strategy.py for tasks to queue
[2024-10-26T17:28:50.044+0000] {logging_mixin.py:190} INFO - [2024-10-26T17:28:50.044+0000] {dagbag.py:588} INFO - Filling up the DagBag from /home/airflow/.local/lib/python3.12/site-packages/airflow/example_dags/plugins/decreasing_priority_weight_strategy.py
[2024-10-26T17:28:50.047+0000] {processor.py:927} WARNING - No viable dags retrieved from /home/airflow/.local/lib/python3.12/site-packages/airflow/example_dags/plugins/decreasing_priority_weight_strategy.py
[2024-10-26T17:28:50.062+0000] {processor.py:208} INFO - Processing /home/airflow/.local/lib/python3.12/site-packages/airflow/example_dags/plugins/decreasing_priority_weight_strategy.py took 0.031 seconds
[2024-10-26T17:29:22.973+0000] {processor.py:186} INFO - Started process (PID=1333) to work on /home/airflow/.local/lib/python3.12/site-packages/airflow/example_dags/plugins/decreasing_priority_weight_strategy.py
[2024-10-26T17:29:22.974+0000] {processor.py:914} INFO - Processing file /home/airflow/.local/lib/python3.12/site-packages/airflow/example_dags/plugins/decreasing_priority_weight_strategy.py for tasks to queue
[2024-10-26T17:29:22.977+0000] {logging_mixin.py:190} INFO - [2024-10-26T17:29:22.977+0000] {dagbag.py:588} INFO - Filling up the DagBag from /home/airflow/.local/lib/python3.12/site-packages/airflow/example_dags/plugins/decreasing_priority_weight_strategy.py
[2024-10-26T17:29:22.980+0000] {processor.py:927} WARNING - No viable dags retrieved from /home/airflow/.local/lib/python3.12/site-packages/airflow/example_dags/plugins/decreasing_priority_weight_strategy.py
[2024-10-26T17:29:22.996+0000] {processor.py:208} INFO - Processing /home/airflow/.local/lib/python3.12/site-packages/airflow/example_dags/plugins/decreasing_priority_weight_strategy.py took 0.030 seconds
[2024-10-26T17:29:55.823+0000] {processor.py:186} INFO - Started process (PID=1397) to work on /home/airflow/.local/lib/python3.12/site-packages/airflow/example_dags/plugins/decreasing_priority_weight_strategy.py
[2024-10-26T17:29:55.825+0000] {processor.py:914} INFO - Processing file /home/airflow/.local/lib/python3.12/site-packages/airflow/example_dags/plugins/decreasing_priority_weight_strategy.py for tasks to queue
[2024-10-26T17:29:55.829+0000] {logging_mixin.py:190} INFO - [2024-10-26T17:29:55.828+0000] {dagbag.py:588} INFO - Filling up the DagBag from /home/airflow/.local/lib/python3.12/site-packages/airflow/example_dags/plugins/decreasing_priority_weight_strategy.py
[2024-10-26T17:29:55.832+0000] {processor.py:927} WARNING - No viable dags retrieved from /home/airflow/.local/lib/python3.12/site-packages/airflow/example_dags/plugins/decreasing_priority_weight_strategy.py
[2024-10-26T17:29:55.849+0000] {processor.py:208} INFO - Processing /home/airflow/.local/lib/python3.12/site-packages/airflow/example_dags/plugins/decreasing_priority_weight_strategy.py took 0.033 seconds
[2024-10-26T17:30:29.155+0000] {processor.py:186} INFO - Started process (PID=1467) to work on /home/airflow/.local/lib/python3.12/site-packages/airflow/example_dags/plugins/decreasing_priority_weight_strategy.py
[2024-10-26T17:30:29.156+0000] {processor.py:914} INFO - Processing file /home/airflow/.local/lib/python3.12/site-packages/airflow/example_dags/plugins/decreasing_priority_weight_strategy.py for tasks to queue
[2024-10-26T17:30:29.159+0000] {logging_mixin.py:190} INFO - [2024-10-26T17:30:29.158+0000] {dagbag.py:588} INFO - Filling up the DagBag from /home/airflow/.local/lib/python3.12/site-packages/airflow/example_dags/plugins/decreasing_priority_weight_strategy.py
[2024-10-26T17:30:29.162+0000] {processor.py:927} WARNING - No viable dags retrieved from /home/airflow/.local/lib/python3.12/site-packages/airflow/example_dags/plugins/decreasing_priority_weight_strategy.py
[2024-10-26T17:30:29.176+0000] {processor.py:208} INFO - Processing /home/airflow/.local/lib/python3.12/site-packages/airflow/example_dags/plugins/decreasing_priority_weight_strategy.py took 0.027 seconds
[2024-10-26T17:31:02.025+0000] {processor.py:186} INFO - Started process (PID=1531) to work on /home/airflow/.local/lib/python3.12/site-packages/airflow/example_dags/plugins/decreasing_priority_weight_strategy.py
[2024-10-26T17:31:02.029+0000] {processor.py:914} INFO - Processing file /home/airflow/.local/lib/python3.12/site-packages/airflow/example_dags/plugins/decreasing_priority_weight_strategy.py for tasks to queue
[2024-10-26T17:31:02.033+0000] {logging_mixin.py:190} INFO - [2024-10-26T17:31:02.032+0000] {dagbag.py:588} INFO - Filling up the DagBag from /home/airflow/.local/lib/python3.12/site-packages/airflow/example_dags/plugins/decreasing_priority_weight_strategy.py
[2024-10-26T17:31:02.036+0000] {processor.py:927} WARNING - No viable dags retrieved from /home/airflow/.local/lib/python3.12/site-packages/airflow/example_dags/plugins/decreasing_priority_weight_strategy.py
[2024-10-26T17:31:02.074+0000] {processor.py:208} INFO - Processing /home/airflow/.local/lib/python3.12/site-packages/airflow/example_dags/plugins/decreasing_priority_weight_strategy.py took 0.055 seconds
[2024-10-26T17:31:35.074+0000] {processor.py:186} INFO - Started process (PID=1595) to work on /home/airflow/.local/lib/python3.12/site-packages/airflow/example_dags/plugins/decreasing_priority_weight_strategy.py
[2024-10-26T17:31:35.076+0000] {processor.py:914} INFO - Processing file /home/airflow/.local/lib/python3.12/site-packages/airflow/example_dags/plugins/decreasing_priority_weight_strategy.py for tasks to queue
[2024-10-26T17:31:35.079+0000] {logging_mixin.py:190} INFO - [2024-10-26T17:31:35.078+0000] {dagbag.py:588} INFO - Filling up the DagBag from /home/airflow/.local/lib/python3.12/site-packages/airflow/example_dags/plugins/decreasing_priority_weight_strategy.py
[2024-10-26T17:31:35.081+0000] {processor.py:927} WARNING - No viable dags retrieved from /home/airflow/.local/lib/python3.12/site-packages/airflow/example_dags/plugins/decreasing_priority_weight_strategy.py
[2024-10-26T17:31:35.099+0000] {processor.py:208} INFO - Processing /home/airflow/.local/lib/python3.12/site-packages/airflow/example_dags/plugins/decreasing_priority_weight_strategy.py took 0.031 seconds
[2024-10-26T17:32:05.882+0000] {processor.py:186} INFO - Started process (PID=1653) to work on /home/airflow/.local/lib/python3.12/site-packages/airflow/example_dags/plugins/decreasing_priority_weight_strategy.py
[2024-10-26T17:32:05.884+0000] {processor.py:914} INFO - Processing file /home/airflow/.local/lib/python3.12/site-packages/airflow/example_dags/plugins/decreasing_priority_weight_strategy.py for tasks to queue
[2024-10-26T17:32:05.887+0000] {logging_mixin.py:190} INFO - [2024-10-26T17:32:05.886+0000] {dagbag.py:588} INFO - Filling up the DagBag from /home/airflow/.local/lib/python3.12/site-packages/airflow/example_dags/plugins/decreasing_priority_weight_strategy.py
[2024-10-26T17:32:05.889+0000] {processor.py:927} WARNING - No viable dags retrieved from /home/airflow/.local/lib/python3.12/site-packages/airflow/example_dags/plugins/decreasing_priority_weight_strategy.py
[2024-10-26T17:32:05.906+0000] {processor.py:208} INFO - Processing /home/airflow/.local/lib/python3.12/site-packages/airflow/example_dags/plugins/decreasing_priority_weight_strategy.py took 0.031 seconds
[2024-10-26T17:32:39.199+0000] {processor.py:186} INFO - Started process (PID=1717) to work on /home/airflow/.local/lib/python3.12/site-packages/airflow/example_dags/plugins/decreasing_priority_weight_strategy.py
[2024-10-26T17:32:39.201+0000] {processor.py:914} INFO - Processing file /home/airflow/.local/lib/python3.12/site-packages/airflow/example_dags/plugins/decreasing_priority_weight_strategy.py for tasks to queue
[2024-10-26T17:32:39.204+0000] {logging_mixin.py:190} INFO - [2024-10-26T17:32:39.204+0000] {dagbag.py:588} INFO - Filling up the DagBag from /home/airflow/.local/lib/python3.12/site-packages/airflow/example_dags/plugins/decreasing_priority_weight_strategy.py
[2024-10-26T17:32:39.207+0000] {processor.py:927} WARNING - No viable dags retrieved from /home/airflow/.local/lib/python3.12/site-packages/airflow/example_dags/plugins/decreasing_priority_weight_strategy.py
[2024-10-26T17:32:39.226+0000] {processor.py:208} INFO - Processing /home/airflow/.local/lib/python3.12/site-packages/airflow/example_dags/plugins/decreasing_priority_weight_strategy.py took 0.032 seconds
[2024-10-26T17:33:13.298+0000] {processor.py:186} INFO - Started process (PID=1787) to work on /home/airflow/.local/lib/python3.12/site-packages/airflow/example_dags/plugins/decreasing_priority_weight_strategy.py
[2024-10-26T17:33:13.300+0000] {processor.py:914} INFO - Processing file /home/airflow/.local/lib/python3.12/site-packages/airflow/example_dags/plugins/decreasing_priority_weight_strategy.py for tasks to queue
[2024-10-26T17:33:13.303+0000] {logging_mixin.py:190} INFO - [2024-10-26T17:33:13.302+0000] {dagbag.py:588} INFO - Filling up the DagBag from /home/airflow/.local/lib/python3.12/site-packages/airflow/example_dags/plugins/decreasing_priority_weight_strategy.py
[2024-10-26T17:33:13.306+0000] {processor.py:927} WARNING - No viable dags retrieved from /home/airflow/.local/lib/python3.12/site-packages/airflow/example_dags/plugins/decreasing_priority_weight_strategy.py
[2024-10-26T17:33:13.325+0000] {processor.py:208} INFO - Processing /home/airflow/.local/lib/python3.12/site-packages/airflow/example_dags/plugins/decreasing_priority_weight_strategy.py took 0.035 seconds
[2024-10-26T17:33:44.870+0000] {processor.py:186} INFO - Started process (PID=1845) to work on /home/airflow/.local/lib/python3.12/site-packages/airflow/example_dags/plugins/decreasing_priority_weight_strategy.py
[2024-10-26T17:33:44.872+0000] {processor.py:914} INFO - Processing file /home/airflow/.local/lib/python3.12/site-packages/airflow/example_dags/plugins/decreasing_priority_weight_strategy.py for tasks to queue
[2024-10-26T17:33:44.876+0000] {logging_mixin.py:190} INFO - [2024-10-26T17:33:44.875+0000] {dagbag.py:588} INFO - Filling up the DagBag from /home/airflow/.local/lib/python3.12/site-packages/airflow/example_dags/plugins/decreasing_priority_weight_strategy.py
[2024-10-26T17:33:44.879+0000] {processor.py:927} WARNING - No viable dags retrieved from /home/airflow/.local/lib/python3.12/site-packages/airflow/example_dags/plugins/decreasing_priority_weight_strategy.py
[2024-10-26T17:33:44.900+0000] {processor.py:208} INFO - Processing /home/airflow/.local/lib/python3.12/site-packages/airflow/example_dags/plugins/decreasing_priority_weight_strategy.py took 0.040 seconds
[2024-10-26T17:34:17.366+0000] {processor.py:186} INFO - Started process (PID=1909) to work on /home/airflow/.local/lib/python3.12/site-packages/airflow/example_dags/plugins/decreasing_priority_weight_strategy.py
[2024-10-26T17:34:17.368+0000] {processor.py:914} INFO - Processing file /home/airflow/.local/lib/python3.12/site-packages/airflow/example_dags/plugins/decreasing_priority_weight_strategy.py for tasks to queue
[2024-10-26T17:34:17.370+0000] {logging_mixin.py:190} INFO - [2024-10-26T17:34:17.370+0000] {dagbag.py:588} INFO - Filling up the DagBag from /home/airflow/.local/lib/python3.12/site-packages/airflow/example_dags/plugins/decreasing_priority_weight_strategy.py
[2024-10-26T17:34:17.373+0000] {processor.py:927} WARNING - No viable dags retrieved from /home/airflow/.local/lib/python3.12/site-packages/airflow/example_dags/plugins/decreasing_priority_weight_strategy.py
[2024-10-26T17:34:17.388+0000] {processor.py:208} INFO - Processing /home/airflow/.local/lib/python3.12/site-packages/airflow/example_dags/plugins/decreasing_priority_weight_strategy.py took 0.027 seconds
[2024-10-26T17:34:49.919+0000] {processor.py:186} INFO - Started process (PID=1972) to work on /home/airflow/.local/lib/python3.12/site-packages/airflow/example_dags/plugins/decreasing_priority_weight_strategy.py
[2024-10-26T17:34:49.921+0000] {processor.py:914} INFO - Processing file /home/airflow/.local/lib/python3.12/site-packages/airflow/example_dags/plugins/decreasing_priority_weight_strategy.py for tasks to queue
[2024-10-26T17:34:49.923+0000] {logging_mixin.py:190} INFO - [2024-10-26T17:34:49.923+0000] {dagbag.py:588} INFO - Filling up the DagBag from /home/airflow/.local/lib/python3.12/site-packages/airflow/example_dags/plugins/decreasing_priority_weight_strategy.py
[2024-10-26T17:34:49.926+0000] {processor.py:927} WARNING - No viable dags retrieved from /home/airflow/.local/lib/python3.12/site-packages/airflow/example_dags/plugins/decreasing_priority_weight_strategy.py
[2024-10-26T17:34:49.939+0000] {processor.py:208} INFO - Processing /home/airflow/.local/lib/python3.12/site-packages/airflow/example_dags/plugins/decreasing_priority_weight_strategy.py took 0.027 seconds
[2024-10-26T17:35:24.694+0000] {processor.py:186} INFO - Started process (PID=2044) to work on /home/airflow/.local/lib/python3.12/site-packages/airflow/example_dags/plugins/decreasing_priority_weight_strategy.py
[2024-10-26T17:35:24.697+0000] {processor.py:914} INFO - Processing file /home/airflow/.local/lib/python3.12/site-packages/airflow/example_dags/plugins/decreasing_priority_weight_strategy.py for tasks to queue
[2024-10-26T17:35:24.705+0000] {logging_mixin.py:190} INFO - [2024-10-26T17:35:24.704+0000] {dagbag.py:588} INFO - Filling up the DagBag from /home/airflow/.local/lib/python3.12/site-packages/airflow/example_dags/plugins/decreasing_priority_weight_strategy.py
[2024-10-26T17:35:24.713+0000] {processor.py:927} WARNING - No viable dags retrieved from /home/airflow/.local/lib/python3.12/site-packages/airflow/example_dags/plugins/decreasing_priority_weight_strategy.py
[2024-10-26T17:35:24.749+0000] {processor.py:208} INFO - Processing /home/airflow/.local/lib/python3.12/site-packages/airflow/example_dags/plugins/decreasing_priority_weight_strategy.py took 0.074 seconds
[2024-10-26T17:35:56.545+0000] {processor.py:186} INFO - Started process (PID=2102) to work on /home/airflow/.local/lib/python3.12/site-packages/airflow/example_dags/plugins/decreasing_priority_weight_strategy.py
[2024-10-26T17:35:56.547+0000] {processor.py:914} INFO - Processing file /home/airflow/.local/lib/python3.12/site-packages/airflow/example_dags/plugins/decreasing_priority_weight_strategy.py for tasks to queue
[2024-10-26T17:35:56.550+0000] {logging_mixin.py:190} INFO - [2024-10-26T17:35:56.550+0000] {dagbag.py:588} INFO - Filling up the DagBag from /home/airflow/.local/lib/python3.12/site-packages/airflow/example_dags/plugins/decreasing_priority_weight_strategy.py
[2024-10-26T17:35:56.553+0000] {processor.py:927} WARNING - No viable dags retrieved from /home/airflow/.local/lib/python3.12/site-packages/airflow/example_dags/plugins/decreasing_priority_weight_strategy.py
[2024-10-26T17:35:56.572+0000] {processor.py:208} INFO - Processing /home/airflow/.local/lib/python3.12/site-packages/airflow/example_dags/plugins/decreasing_priority_weight_strategy.py took 0.036 seconds
[2024-10-26T17:36:29.279+0000] {processor.py:186} INFO - Started process (PID=2166) to work on /home/airflow/.local/lib/python3.12/site-packages/airflow/example_dags/plugins/decreasing_priority_weight_strategy.py
[2024-10-26T17:36:29.280+0000] {processor.py:914} INFO - Processing file /home/airflow/.local/lib/python3.12/site-packages/airflow/example_dags/plugins/decreasing_priority_weight_strategy.py for tasks to queue
[2024-10-26T17:36:29.282+0000] {logging_mixin.py:190} INFO - [2024-10-26T17:36:29.282+0000] {dagbag.py:588} INFO - Filling up the DagBag from /home/airflow/.local/lib/python3.12/site-packages/airflow/example_dags/plugins/decreasing_priority_weight_strategy.py
[2024-10-26T17:36:29.286+0000] {processor.py:927} WARNING - No viable dags retrieved from /home/airflow/.local/lib/python3.12/site-packages/airflow/example_dags/plugins/decreasing_priority_weight_strategy.py
[2024-10-26T17:36:29.301+0000] {processor.py:208} INFO - Processing /home/airflow/.local/lib/python3.12/site-packages/airflow/example_dags/plugins/decreasing_priority_weight_strategy.py took 0.028 seconds
[2024-10-26T17:37:00.672+0000] {processor.py:186} INFO - Started process (PID=2229) to work on /home/airflow/.local/lib/python3.12/site-packages/airflow/example_dags/plugins/decreasing_priority_weight_strategy.py
[2024-10-26T17:37:00.674+0000] {processor.py:914} INFO - Processing file /home/airflow/.local/lib/python3.12/site-packages/airflow/example_dags/plugins/decreasing_priority_weight_strategy.py for tasks to queue
[2024-10-26T17:37:00.677+0000] {logging_mixin.py:190} INFO - [2024-10-26T17:37:00.677+0000] {dagbag.py:588} INFO - Filling up the DagBag from /home/airflow/.local/lib/python3.12/site-packages/airflow/example_dags/plugins/decreasing_priority_weight_strategy.py
[2024-10-26T17:37:00.683+0000] {processor.py:927} WARNING - No viable dags retrieved from /home/airflow/.local/lib/python3.12/site-packages/airflow/example_dags/plugins/decreasing_priority_weight_strategy.py
[2024-10-26T17:37:00.697+0000] {processor.py:208} INFO - Processing /home/airflow/.local/lib/python3.12/site-packages/airflow/example_dags/plugins/decreasing_priority_weight_strategy.py took 0.034 seconds
[2024-10-26T17:37:34.256+0000] {processor.py:186} INFO - Started process (PID=2293) to work on /home/airflow/.local/lib/python3.12/site-packages/airflow/example_dags/plugins/decreasing_priority_weight_strategy.py
[2024-10-26T17:37:34.259+0000] {processor.py:914} INFO - Processing file /home/airflow/.local/lib/python3.12/site-packages/airflow/example_dags/plugins/decreasing_priority_weight_strategy.py for tasks to queue
[2024-10-26T17:37:34.263+0000] {logging_mixin.py:190} INFO - [2024-10-26T17:37:34.262+0000] {dagbag.py:588} INFO - Filling up the DagBag from /home/airflow/.local/lib/python3.12/site-packages/airflow/example_dags/plugins/decreasing_priority_weight_strategy.py
[2024-10-26T17:37:34.266+0000] {processor.py:927} WARNING - No viable dags retrieved from /home/airflow/.local/lib/python3.12/site-packages/airflow/example_dags/plugins/decreasing_priority_weight_strategy.py
[2024-10-26T17:37:34.289+0000] {processor.py:208} INFO - Processing /home/airflow/.local/lib/python3.12/site-packages/airflow/example_dags/plugins/decreasing_priority_weight_strategy.py took 0.043 seconds
[2024-10-26T17:38:06.402+0000] {processor.py:186} INFO - Started process (PID=2358) to work on /home/airflow/.local/lib/python3.12/site-packages/airflow/example_dags/plugins/decreasing_priority_weight_strategy.py
[2024-10-26T17:38:06.404+0000] {processor.py:914} INFO - Processing file /home/airflow/.local/lib/python3.12/site-packages/airflow/example_dags/plugins/decreasing_priority_weight_strategy.py for tasks to queue
[2024-10-26T17:38:06.408+0000] {logging_mixin.py:190} INFO - [2024-10-26T17:38:06.407+0000] {dagbag.py:588} INFO - Filling up the DagBag from /home/airflow/.local/lib/python3.12/site-packages/airflow/example_dags/plugins/decreasing_priority_weight_strategy.py
[2024-10-26T17:38:06.411+0000] {processor.py:927} WARNING - No viable dags retrieved from /home/airflow/.local/lib/python3.12/site-packages/airflow/example_dags/plugins/decreasing_priority_weight_strategy.py
[2024-10-26T17:38:06.430+0000] {processor.py:208} INFO - Processing /home/airflow/.local/lib/python3.12/site-packages/airflow/example_dags/plugins/decreasing_priority_weight_strategy.py took 0.038 seconds
[2024-10-26T17:38:41.260+0000] {processor.py:186} INFO - Started process (PID=2428) to work on /home/airflow/.local/lib/python3.12/site-packages/airflow/example_dags/plugins/decreasing_priority_weight_strategy.py
[2024-10-26T17:38:41.262+0000] {processor.py:914} INFO - Processing file /home/airflow/.local/lib/python3.12/site-packages/airflow/example_dags/plugins/decreasing_priority_weight_strategy.py for tasks to queue
[2024-10-26T17:38:41.265+0000] {logging_mixin.py:190} INFO - [2024-10-26T17:38:41.265+0000] {dagbag.py:588} INFO - Filling up the DagBag from /home/airflow/.local/lib/python3.12/site-packages/airflow/example_dags/plugins/decreasing_priority_weight_strategy.py
[2024-10-26T17:38:41.268+0000] {processor.py:927} WARNING - No viable dags retrieved from /home/airflow/.local/lib/python3.12/site-packages/airflow/example_dags/plugins/decreasing_priority_weight_strategy.py
[2024-10-26T17:38:41.286+0000] {processor.py:208} INFO - Processing /home/airflow/.local/lib/python3.12/site-packages/airflow/example_dags/plugins/decreasing_priority_weight_strategy.py took 0.034 seconds
[2024-10-26T17:39:12.669+0000] {processor.py:186} INFO - Started process (PID=2486) to work on /home/airflow/.local/lib/python3.12/site-packages/airflow/example_dags/plugins/decreasing_priority_weight_strategy.py
[2024-10-26T17:39:12.671+0000] {processor.py:914} INFO - Processing file /home/airflow/.local/lib/python3.12/site-packages/airflow/example_dags/plugins/decreasing_priority_weight_strategy.py for tasks to queue
[2024-10-26T17:39:12.676+0000] {logging_mixin.py:190} INFO - [2024-10-26T17:39:12.675+0000] {dagbag.py:588} INFO - Filling up the DagBag from /home/airflow/.local/lib/python3.12/site-packages/airflow/example_dags/plugins/decreasing_priority_weight_strategy.py
[2024-10-26T17:39:12.679+0000] {processor.py:927} WARNING - No viable dags retrieved from /home/airflow/.local/lib/python3.12/site-packages/airflow/example_dags/plugins/decreasing_priority_weight_strategy.py
[2024-10-26T17:39:12.695+0000] {processor.py:208} INFO - Processing /home/airflow/.local/lib/python3.12/site-packages/airflow/example_dags/plugins/decreasing_priority_weight_strategy.py took 0.034 seconds
[2024-10-26T17:39:46.085+0000] {processor.py:186} INFO - Started process (PID=2550) to work on /home/airflow/.local/lib/python3.12/site-packages/airflow/example_dags/plugins/decreasing_priority_weight_strategy.py
[2024-10-26T17:39:46.087+0000] {processor.py:914} INFO - Processing file /home/airflow/.local/lib/python3.12/site-packages/airflow/example_dags/plugins/decreasing_priority_weight_strategy.py for tasks to queue
[2024-10-26T17:39:46.090+0000] {logging_mixin.py:190} INFO - [2024-10-26T17:39:46.089+0000] {dagbag.py:588} INFO - Filling up the DagBag from /home/airflow/.local/lib/python3.12/site-packages/airflow/example_dags/plugins/decreasing_priority_weight_strategy.py
[2024-10-26T17:39:46.092+0000] {processor.py:927} WARNING - No viable dags retrieved from /home/airflow/.local/lib/python3.12/site-packages/airflow/example_dags/plugins/decreasing_priority_weight_strategy.py
[2024-10-26T17:39:46.108+0000] {processor.py:208} INFO - Processing /home/airflow/.local/lib/python3.12/site-packages/airflow/example_dags/plugins/decreasing_priority_weight_strategy.py took 0.029 seconds
[2024-10-26T17:40:17.635+0000] {processor.py:186} INFO - Started process (PID=2614) to work on /home/airflow/.local/lib/python3.12/site-packages/airflow/example_dags/plugins/decreasing_priority_weight_strategy.py
[2024-10-26T17:40:17.636+0000] {processor.py:914} INFO - Processing file /home/airflow/.local/lib/python3.12/site-packages/airflow/example_dags/plugins/decreasing_priority_weight_strategy.py for tasks to queue
[2024-10-26T17:40:17.639+0000] {logging_mixin.py:190} INFO - [2024-10-26T17:40:17.639+0000] {dagbag.py:588} INFO - Filling up the DagBag from /home/airflow/.local/lib/python3.12/site-packages/airflow/example_dags/plugins/decreasing_priority_weight_strategy.py
[2024-10-26T17:40:17.642+0000] {processor.py:927} WARNING - No viable dags retrieved from /home/airflow/.local/lib/python3.12/site-packages/airflow/example_dags/plugins/decreasing_priority_weight_strategy.py
[2024-10-26T17:40:17.659+0000] {processor.py:208} INFO - Processing /home/airflow/.local/lib/python3.12/site-packages/airflow/example_dags/plugins/decreasing_priority_weight_strategy.py took 0.031 seconds
[2024-10-26T17:40:50.817+0000] {processor.py:186} INFO - Started process (PID=2678) to work on /home/airflow/.local/lib/python3.12/site-packages/airflow/example_dags/plugins/decreasing_priority_weight_strategy.py
[2024-10-26T17:40:50.818+0000] {processor.py:914} INFO - Processing file /home/airflow/.local/lib/python3.12/site-packages/airflow/example_dags/plugins/decreasing_priority_weight_strategy.py for tasks to queue
[2024-10-26T17:40:50.821+0000] {logging_mixin.py:190} INFO - [2024-10-26T17:40:50.821+0000] {dagbag.py:588} INFO - Filling up the DagBag from /home/airflow/.local/lib/python3.12/site-packages/airflow/example_dags/plugins/decreasing_priority_weight_strategy.py
[2024-10-26T17:40:50.824+0000] {processor.py:927} WARNING - No viable dags retrieved from /home/airflow/.local/lib/python3.12/site-packages/airflow/example_dags/plugins/decreasing_priority_weight_strategy.py
[2024-10-26T17:40:50.841+0000] {processor.py:208} INFO - Processing /home/airflow/.local/lib/python3.12/site-packages/airflow/example_dags/plugins/decreasing_priority_weight_strategy.py took 0.031 seconds
[2024-10-26T17:41:23.399+0000] {processor.py:186} INFO - Started process (PID=2742) to work on /home/airflow/.local/lib/python3.12/site-packages/airflow/example_dags/plugins/decreasing_priority_weight_strategy.py
[2024-10-26T17:41:23.401+0000] {processor.py:914} INFO - Processing file /home/airflow/.local/lib/python3.12/site-packages/airflow/example_dags/plugins/decreasing_priority_weight_strategy.py for tasks to queue
[2024-10-26T17:41:23.405+0000] {logging_mixin.py:190} INFO - [2024-10-26T17:41:23.404+0000] {dagbag.py:588} INFO - Filling up the DagBag from /home/airflow/.local/lib/python3.12/site-packages/airflow/example_dags/plugins/decreasing_priority_weight_strategy.py
[2024-10-26T17:41:23.408+0000] {processor.py:927} WARNING - No viable dags retrieved from /home/airflow/.local/lib/python3.12/site-packages/airflow/example_dags/plugins/decreasing_priority_weight_strategy.py
[2024-10-26T17:41:23.425+0000] {processor.py:208} INFO - Processing /home/airflow/.local/lib/python3.12/site-packages/airflow/example_dags/plugins/decreasing_priority_weight_strategy.py took 0.032 seconds
[2024-10-26T17:41:56.733+0000] {processor.py:186} INFO - Started process (PID=2806) to work on /home/airflow/.local/lib/python3.12/site-packages/airflow/example_dags/plugins/decreasing_priority_weight_strategy.py
[2024-10-26T17:41:56.735+0000] {processor.py:914} INFO - Processing file /home/airflow/.local/lib/python3.12/site-packages/airflow/example_dags/plugins/decreasing_priority_weight_strategy.py for tasks to queue
[2024-10-26T17:41:56.739+0000] {logging_mixin.py:190} INFO - [2024-10-26T17:41:56.738+0000] {dagbag.py:588} INFO - Filling up the DagBag from /home/airflow/.local/lib/python3.12/site-packages/airflow/example_dags/plugins/decreasing_priority_weight_strategy.py
[2024-10-26T17:41:56.741+0000] {processor.py:927} WARNING - No viable dags retrieved from /home/airflow/.local/lib/python3.12/site-packages/airflow/example_dags/plugins/decreasing_priority_weight_strategy.py
[2024-10-26T17:41:56.755+0000] {processor.py:208} INFO - Processing /home/airflow/.local/lib/python3.12/site-packages/airflow/example_dags/plugins/decreasing_priority_weight_strategy.py took 0.028 seconds
[2024-10-26T17:42:29.209+0000] {processor.py:186} INFO - Started process (PID=2870) to work on /home/airflow/.local/lib/python3.12/site-packages/airflow/example_dags/plugins/decreasing_priority_weight_strategy.py
[2024-10-26T17:42:29.210+0000] {processor.py:914} INFO - Processing file /home/airflow/.local/lib/python3.12/site-packages/airflow/example_dags/plugins/decreasing_priority_weight_strategy.py for tasks to queue
[2024-10-26T17:42:29.213+0000] {logging_mixin.py:190} INFO - [2024-10-26T17:42:29.213+0000] {dagbag.py:588} INFO - Filling up the DagBag from /home/airflow/.local/lib/python3.12/site-packages/airflow/example_dags/plugins/decreasing_priority_weight_strategy.py
[2024-10-26T17:42:29.217+0000] {processor.py:927} WARNING - No viable dags retrieved from /home/airflow/.local/lib/python3.12/site-packages/airflow/example_dags/plugins/decreasing_priority_weight_strategy.py
[2024-10-26T17:42:29.231+0000] {processor.py:208} INFO - Processing /home/airflow/.local/lib/python3.12/site-packages/airflow/example_dags/plugins/decreasing_priority_weight_strategy.py took 0.028 seconds
[2024-10-26T17:43:01.266+0000] {processor.py:186} INFO - Started process (PID=2934) to work on /home/airflow/.local/lib/python3.12/site-packages/airflow/example_dags/plugins/decreasing_priority_weight_strategy.py
[2024-10-26T17:43:01.267+0000] {processor.py:914} INFO - Processing file /home/airflow/.local/lib/python3.12/site-packages/airflow/example_dags/plugins/decreasing_priority_weight_strategy.py for tasks to queue
[2024-10-26T17:43:01.270+0000] {logging_mixin.py:190} INFO - [2024-10-26T17:43:01.270+0000] {dagbag.py:588} INFO - Filling up the DagBag from /home/airflow/.local/lib/python3.12/site-packages/airflow/example_dags/plugins/decreasing_priority_weight_strategy.py
[2024-10-26T17:43:01.273+0000] {processor.py:927} WARNING - No viable dags retrieved from /home/airflow/.local/lib/python3.12/site-packages/airflow/example_dags/plugins/decreasing_priority_weight_strategy.py
[2024-10-26T17:43:01.291+0000] {processor.py:208} INFO - Processing /home/airflow/.local/lib/python3.12/site-packages/airflow/example_dags/plugins/decreasing_priority_weight_strategy.py took 0.031 seconds
[2024-10-26T17:43:34.948+0000] {processor.py:186} INFO - Started process (PID=2998) to work on /home/airflow/.local/lib/python3.12/site-packages/airflow/example_dags/plugins/decreasing_priority_weight_strategy.py
[2024-10-26T17:43:34.949+0000] {processor.py:914} INFO - Processing file /home/airflow/.local/lib/python3.12/site-packages/airflow/example_dags/plugins/decreasing_priority_weight_strategy.py for tasks to queue
[2024-10-26T17:43:34.952+0000] {logging_mixin.py:190} INFO - [2024-10-26T17:43:34.952+0000] {dagbag.py:588} INFO - Filling up the DagBag from /home/airflow/.local/lib/python3.12/site-packages/airflow/example_dags/plugins/decreasing_priority_weight_strategy.py
[2024-10-26T17:43:34.955+0000] {processor.py:927} WARNING - No viable dags retrieved from /home/airflow/.local/lib/python3.12/site-packages/airflow/example_dags/plugins/decreasing_priority_weight_strategy.py
[2024-10-26T17:43:34.973+0000] {processor.py:208} INFO - Processing /home/airflow/.local/lib/python3.12/site-packages/airflow/example_dags/plugins/decreasing_priority_weight_strategy.py took 0.033 seconds
[2024-10-26T17:44:10.068+0000] {processor.py:186} INFO - Started process (PID=3069) to work on /home/airflow/.local/lib/python3.12/site-packages/airflow/example_dags/plugins/decreasing_priority_weight_strategy.py
[2024-10-26T17:44:10.070+0000] {processor.py:914} INFO - Processing file /home/airflow/.local/lib/python3.12/site-packages/airflow/example_dags/plugins/decreasing_priority_weight_strategy.py for tasks to queue
[2024-10-26T17:44:10.073+0000] {logging_mixin.py:190} INFO - [2024-10-26T17:44:10.073+0000] {dagbag.py:588} INFO - Filling up the DagBag from /home/airflow/.local/lib/python3.12/site-packages/airflow/example_dags/plugins/decreasing_priority_weight_strategy.py
[2024-10-26T17:44:10.076+0000] {processor.py:927} WARNING - No viable dags retrieved from /home/airflow/.local/lib/python3.12/site-packages/airflow/example_dags/plugins/decreasing_priority_weight_strategy.py
[2024-10-26T17:44:10.091+0000] {processor.py:208} INFO - Processing /home/airflow/.local/lib/python3.12/site-packages/airflow/example_dags/plugins/decreasing_priority_weight_strategy.py took 0.030 seconds
[2024-10-26T17:44:44.325+0000] {processor.py:186} INFO - Started process (PID=3133) to work on /home/airflow/.local/lib/python3.12/site-packages/airflow/example_dags/plugins/decreasing_priority_weight_strategy.py
[2024-10-26T17:44:44.326+0000] {processor.py:914} INFO - Processing file /home/airflow/.local/lib/python3.12/site-packages/airflow/example_dags/plugins/decreasing_priority_weight_strategy.py for tasks to queue
[2024-10-26T17:44:44.330+0000] {logging_mixin.py:190} INFO - [2024-10-26T17:44:44.329+0000] {dagbag.py:588} INFO - Filling up the DagBag from /home/airflow/.local/lib/python3.12/site-packages/airflow/example_dags/plugins/decreasing_priority_weight_strategy.py
[2024-10-26T17:44:44.332+0000] {processor.py:927} WARNING - No viable dags retrieved from /home/airflow/.local/lib/python3.12/site-packages/airflow/example_dags/plugins/decreasing_priority_weight_strategy.py
[2024-10-26T17:44:44.357+0000] {processor.py:208} INFO - Processing /home/airflow/.local/lib/python3.12/site-packages/airflow/example_dags/plugins/decreasing_priority_weight_strategy.py took 0.038 seconds
[2024-10-26T17:45:15.239+0000] {processor.py:186} INFO - Started process (PID=3197) to work on /home/airflow/.local/lib/python3.12/site-packages/airflow/example_dags/plugins/decreasing_priority_weight_strategy.py
[2024-10-26T17:45:15.240+0000] {processor.py:914} INFO - Processing file /home/airflow/.local/lib/python3.12/site-packages/airflow/example_dags/plugins/decreasing_priority_weight_strategy.py for tasks to queue
[2024-10-26T17:45:15.243+0000] {logging_mixin.py:190} INFO - [2024-10-26T17:45:15.243+0000] {dagbag.py:588} INFO - Filling up the DagBag from /home/airflow/.local/lib/python3.12/site-packages/airflow/example_dags/plugins/decreasing_priority_weight_strategy.py
[2024-10-26T17:45:15.246+0000] {processor.py:927} WARNING - No viable dags retrieved from /home/airflow/.local/lib/python3.12/site-packages/airflow/example_dags/plugins/decreasing_priority_weight_strategy.py
[2024-10-26T17:45:15.261+0000] {processor.py:208} INFO - Processing /home/airflow/.local/lib/python3.12/site-packages/airflow/example_dags/plugins/decreasing_priority_weight_strategy.py took 0.028 seconds
[2024-10-26T17:45:45.532+0000] {processor.py:186} INFO - Started process (PID=3255) to work on /home/airflow/.local/lib/python3.12/site-packages/airflow/example_dags/plugins/decreasing_priority_weight_strategy.py
[2024-10-26T17:45:45.534+0000] {processor.py:914} INFO - Processing file /home/airflow/.local/lib/python3.12/site-packages/airflow/example_dags/plugins/decreasing_priority_weight_strategy.py for tasks to queue
[2024-10-26T17:45:45.537+0000] {logging_mixin.py:190} INFO - [2024-10-26T17:45:45.536+0000] {dagbag.py:588} INFO - Filling up the DagBag from /home/airflow/.local/lib/python3.12/site-packages/airflow/example_dags/plugins/decreasing_priority_weight_strategy.py
[2024-10-26T17:45:45.540+0000] {processor.py:927} WARNING - No viable dags retrieved from /home/airflow/.local/lib/python3.12/site-packages/airflow/example_dags/plugins/decreasing_priority_weight_strategy.py
[2024-10-26T17:45:45.557+0000] {processor.py:208} INFO - Processing /home/airflow/.local/lib/python3.12/site-packages/airflow/example_dags/plugins/decreasing_priority_weight_strategy.py took 0.032 seconds
[2024-10-26T17:46:17.844+0000] {processor.py:186} INFO - Started process (PID=3319) to work on /home/airflow/.local/lib/python3.12/site-packages/airflow/example_dags/plugins/decreasing_priority_weight_strategy.py
[2024-10-26T17:46:17.846+0000] {processor.py:914} INFO - Processing file /home/airflow/.local/lib/python3.12/site-packages/airflow/example_dags/plugins/decreasing_priority_weight_strategy.py for tasks to queue
[2024-10-26T17:46:17.851+0000] {logging_mixin.py:190} INFO - [2024-10-26T17:46:17.850+0000] {dagbag.py:588} INFO - Filling up the DagBag from /home/airflow/.local/lib/python3.12/site-packages/airflow/example_dags/plugins/decreasing_priority_weight_strategy.py
[2024-10-26T17:46:17.854+0000] {processor.py:927} WARNING - No viable dags retrieved from /home/airflow/.local/lib/python3.12/site-packages/airflow/example_dags/plugins/decreasing_priority_weight_strategy.py
[2024-10-26T17:46:17.872+0000] {processor.py:208} INFO - Processing /home/airflow/.local/lib/python3.12/site-packages/airflow/example_dags/plugins/decreasing_priority_weight_strategy.py took 0.038 seconds
[2024-10-26T17:46:50.626+0000] {processor.py:186} INFO - Started process (PID=3383) to work on /home/airflow/.local/lib/python3.12/site-packages/airflow/example_dags/plugins/decreasing_priority_weight_strategy.py
[2024-10-26T17:46:50.627+0000] {processor.py:914} INFO - Processing file /home/airflow/.local/lib/python3.12/site-packages/airflow/example_dags/plugins/decreasing_priority_weight_strategy.py for tasks to queue
[2024-10-26T17:46:50.631+0000] {logging_mixin.py:190} INFO - [2024-10-26T17:46:50.631+0000] {dagbag.py:588} INFO - Filling up the DagBag from /home/airflow/.local/lib/python3.12/site-packages/airflow/example_dags/plugins/decreasing_priority_weight_strategy.py
[2024-10-26T17:46:50.634+0000] {processor.py:927} WARNING - No viable dags retrieved from /home/airflow/.local/lib/python3.12/site-packages/airflow/example_dags/plugins/decreasing_priority_weight_strategy.py
[2024-10-26T17:46:50.650+0000] {processor.py:208} INFO - Processing /home/airflow/.local/lib/python3.12/site-packages/airflow/example_dags/plugins/decreasing_priority_weight_strategy.py took 0.031 seconds
[2024-10-26T17:47:22.618+0000] {processor.py:186} INFO - Started process (PID=3447) to work on /home/airflow/.local/lib/python3.12/site-packages/airflow/example_dags/plugins/decreasing_priority_weight_strategy.py
[2024-10-26T17:47:22.619+0000] {processor.py:914} INFO - Processing file /home/airflow/.local/lib/python3.12/site-packages/airflow/example_dags/plugins/decreasing_priority_weight_strategy.py for tasks to queue
[2024-10-26T17:47:22.622+0000] {logging_mixin.py:190} INFO - [2024-10-26T17:47:22.622+0000] {dagbag.py:588} INFO - Filling up the DagBag from /home/airflow/.local/lib/python3.12/site-packages/airflow/example_dags/plugins/decreasing_priority_weight_strategy.py
[2024-10-26T17:47:22.625+0000] {processor.py:927} WARNING - No viable dags retrieved from /home/airflow/.local/lib/python3.12/site-packages/airflow/example_dags/plugins/decreasing_priority_weight_strategy.py
[2024-10-26T17:47:22.642+0000] {processor.py:208} INFO - Processing /home/airflow/.local/lib/python3.12/site-packages/airflow/example_dags/plugins/decreasing_priority_weight_strategy.py took 0.031 seconds
[2024-10-26T17:47:55.702+0000] {processor.py:186} INFO - Started process (PID=3511) to work on /home/airflow/.local/lib/python3.12/site-packages/airflow/example_dags/plugins/decreasing_priority_weight_strategy.py
[2024-10-26T17:47:55.704+0000] {processor.py:914} INFO - Processing file /home/airflow/.local/lib/python3.12/site-packages/airflow/example_dags/plugins/decreasing_priority_weight_strategy.py for tasks to queue
[2024-10-26T17:47:55.708+0000] {logging_mixin.py:190} INFO - [2024-10-26T17:47:55.707+0000] {dagbag.py:588} INFO - Filling up the DagBag from /home/airflow/.local/lib/python3.12/site-packages/airflow/example_dags/plugins/decreasing_priority_weight_strategy.py
[2024-10-26T17:47:55.711+0000] {processor.py:927} WARNING - No viable dags retrieved from /home/airflow/.local/lib/python3.12/site-packages/airflow/example_dags/plugins/decreasing_priority_weight_strategy.py
[2024-10-26T17:47:55.728+0000] {processor.py:208} INFO - Processing /home/airflow/.local/lib/python3.12/site-packages/airflow/example_dags/plugins/decreasing_priority_weight_strategy.py took 0.034 seconds
[2024-10-26T17:48:29.764+0000] {processor.py:186} INFO - Started process (PID=3575) to work on /home/airflow/.local/lib/python3.12/site-packages/airflow/example_dags/plugins/decreasing_priority_weight_strategy.py
[2024-10-26T17:48:29.765+0000] {processor.py:914} INFO - Processing file /home/airflow/.local/lib/python3.12/site-packages/airflow/example_dags/plugins/decreasing_priority_weight_strategy.py for tasks to queue
[2024-10-26T17:48:29.770+0000] {logging_mixin.py:190} INFO - [2024-10-26T17:48:29.770+0000] {dagbag.py:588} INFO - Filling up the DagBag from /home/airflow/.local/lib/python3.12/site-packages/airflow/example_dags/plugins/decreasing_priority_weight_strategy.py
[2024-10-26T17:48:29.774+0000] {processor.py:927} WARNING - No viable dags retrieved from /home/airflow/.local/lib/python3.12/site-packages/airflow/example_dags/plugins/decreasing_priority_weight_strategy.py
[2024-10-26T17:48:29.793+0000] {processor.py:208} INFO - Processing /home/airflow/.local/lib/python3.12/site-packages/airflow/example_dags/plugins/decreasing_priority_weight_strategy.py took 0.042 seconds
[2024-10-26T17:49:01.039+0000] {processor.py:186} INFO - Started process (PID=3639) to work on /home/airflow/.local/lib/python3.12/site-packages/airflow/example_dags/plugins/decreasing_priority_weight_strategy.py
[2024-10-26T17:49:01.040+0000] {processor.py:914} INFO - Processing file /home/airflow/.local/lib/python3.12/site-packages/airflow/example_dags/plugins/decreasing_priority_weight_strategy.py for tasks to queue
[2024-10-26T17:49:01.042+0000] {logging_mixin.py:190} INFO - [2024-10-26T17:49:01.042+0000] {dagbag.py:588} INFO - Filling up the DagBag from /home/airflow/.local/lib/python3.12/site-packages/airflow/example_dags/plugins/decreasing_priority_weight_strategy.py
[2024-10-26T17:49:01.045+0000] {processor.py:927} WARNING - No viable dags retrieved from /home/airflow/.local/lib/python3.12/site-packages/airflow/example_dags/plugins/decreasing_priority_weight_strategy.py
[2024-10-26T17:49:01.059+0000] {processor.py:208} INFO - Processing /home/airflow/.local/lib/python3.12/site-packages/airflow/example_dags/plugins/decreasing_priority_weight_strategy.py took 0.027 seconds
[2024-10-26T17:49:34.691+0000] {processor.py:186} INFO - Started process (PID=3703) to work on /home/airflow/.local/lib/python3.12/site-packages/airflow/example_dags/plugins/decreasing_priority_weight_strategy.py
[2024-10-26T17:49:34.693+0000] {processor.py:914} INFO - Processing file /home/airflow/.local/lib/python3.12/site-packages/airflow/example_dags/plugins/decreasing_priority_weight_strategy.py for tasks to queue
[2024-10-26T17:49:34.696+0000] {logging_mixin.py:190} INFO - [2024-10-26T17:49:34.696+0000] {dagbag.py:588} INFO - Filling up the DagBag from /home/airflow/.local/lib/python3.12/site-packages/airflow/example_dags/plugins/decreasing_priority_weight_strategy.py
[2024-10-26T17:49:34.699+0000] {processor.py:927} WARNING - No viable dags retrieved from /home/airflow/.local/lib/python3.12/site-packages/airflow/example_dags/plugins/decreasing_priority_weight_strategy.py
[2024-10-26T17:49:34.714+0000] {processor.py:208} INFO - Processing /home/airflow/.local/lib/python3.12/site-packages/airflow/example_dags/plugins/decreasing_priority_weight_strategy.py took 0.031 seconds
[2024-10-26T17:50:06.543+0000] {processor.py:186} INFO - Started process (PID=3767) to work on /home/airflow/.local/lib/python3.12/site-packages/airflow/example_dags/plugins/decreasing_priority_weight_strategy.py
[2024-10-26T17:50:06.544+0000] {processor.py:914} INFO - Processing file /home/airflow/.local/lib/python3.12/site-packages/airflow/example_dags/plugins/decreasing_priority_weight_strategy.py for tasks to queue
[2024-10-26T17:50:06.547+0000] {logging_mixin.py:190} INFO - [2024-10-26T17:50:06.547+0000] {dagbag.py:588} INFO - Filling up the DagBag from /home/airflow/.local/lib/python3.12/site-packages/airflow/example_dags/plugins/decreasing_priority_weight_strategy.py
[2024-10-26T17:50:06.550+0000] {processor.py:927} WARNING - No viable dags retrieved from /home/airflow/.local/lib/python3.12/site-packages/airflow/example_dags/plugins/decreasing_priority_weight_strategy.py
[2024-10-26T17:50:06.565+0000] {processor.py:208} INFO - Processing /home/airflow/.local/lib/python3.12/site-packages/airflow/example_dags/plugins/decreasing_priority_weight_strategy.py took 0.032 seconds
[2024-10-26T17:50:40.150+0000] {processor.py:186} INFO - Started process (PID=3831) to work on /home/airflow/.local/lib/python3.12/site-packages/airflow/example_dags/plugins/decreasing_priority_weight_strategy.py
[2024-10-26T17:50:40.152+0000] {processor.py:914} INFO - Processing file /home/airflow/.local/lib/python3.12/site-packages/airflow/example_dags/plugins/decreasing_priority_weight_strategy.py for tasks to queue
[2024-10-26T17:50:40.155+0000] {logging_mixin.py:190} INFO - [2024-10-26T17:50:40.155+0000] {dagbag.py:588} INFO - Filling up the DagBag from /home/airflow/.local/lib/python3.12/site-packages/airflow/example_dags/plugins/decreasing_priority_weight_strategy.py
[2024-10-26T17:50:40.160+0000] {processor.py:927} WARNING - No viable dags retrieved from /home/airflow/.local/lib/python3.12/site-packages/airflow/example_dags/plugins/decreasing_priority_weight_strategy.py
[2024-10-26T17:50:40.180+0000] {processor.py:208} INFO - Processing /home/airflow/.local/lib/python3.12/site-packages/airflow/example_dags/plugins/decreasing_priority_weight_strategy.py took 0.041 seconds
[2024-10-26T17:51:12.576+0000] {processor.py:186} INFO - Started process (PID=3895) to work on /home/airflow/.local/lib/python3.12/site-packages/airflow/example_dags/plugins/decreasing_priority_weight_strategy.py
[2024-10-26T17:51:12.577+0000] {processor.py:914} INFO - Processing file /home/airflow/.local/lib/python3.12/site-packages/airflow/example_dags/plugins/decreasing_priority_weight_strategy.py for tasks to queue
[2024-10-26T17:51:12.580+0000] {logging_mixin.py:190} INFO - [2024-10-26T17:51:12.580+0000] {dagbag.py:588} INFO - Filling up the DagBag from /home/airflow/.local/lib/python3.12/site-packages/airflow/example_dags/plugins/decreasing_priority_weight_strategy.py
[2024-10-26T17:51:12.583+0000] {processor.py:927} WARNING - No viable dags retrieved from /home/airflow/.local/lib/python3.12/site-packages/airflow/example_dags/plugins/decreasing_priority_weight_strategy.py
[2024-10-26T17:51:12.601+0000] {processor.py:208} INFO - Processing /home/airflow/.local/lib/python3.12/site-packages/airflow/example_dags/plugins/decreasing_priority_weight_strategy.py took 0.034 seconds
[2024-10-26T17:51:45.563+0000] {processor.py:186} INFO - Started process (PID=3959) to work on /home/airflow/.local/lib/python3.12/site-packages/airflow/example_dags/plugins/decreasing_priority_weight_strategy.py
[2024-10-26T17:51:45.565+0000] {processor.py:914} INFO - Processing file /home/airflow/.local/lib/python3.12/site-packages/airflow/example_dags/plugins/decreasing_priority_weight_strategy.py for tasks to queue
[2024-10-26T17:51:45.568+0000] {logging_mixin.py:190} INFO - [2024-10-26T17:51:45.567+0000] {dagbag.py:588} INFO - Filling up the DagBag from /home/airflow/.local/lib/python3.12/site-packages/airflow/example_dags/plugins/decreasing_priority_weight_strategy.py
[2024-10-26T17:51:45.573+0000] {processor.py:927} WARNING - No viable dags retrieved from /home/airflow/.local/lib/python3.12/site-packages/airflow/example_dags/plugins/decreasing_priority_weight_strategy.py
[2024-10-26T17:51:45.590+0000] {processor.py:208} INFO - Processing /home/airflow/.local/lib/python3.12/site-packages/airflow/example_dags/plugins/decreasing_priority_weight_strategy.py took 0.038 seconds
[2024-10-26T17:52:17.854+0000] {processor.py:186} INFO - Started process (PID=4023) to work on /home/airflow/.local/lib/python3.12/site-packages/airflow/example_dags/plugins/decreasing_priority_weight_strategy.py
[2024-10-26T17:52:17.856+0000] {processor.py:914} INFO - Processing file /home/airflow/.local/lib/python3.12/site-packages/airflow/example_dags/plugins/decreasing_priority_weight_strategy.py for tasks to queue
[2024-10-26T17:52:17.858+0000] {logging_mixin.py:190} INFO - [2024-10-26T17:52:17.858+0000] {dagbag.py:588} INFO - Filling up the DagBag from /home/airflow/.local/lib/python3.12/site-packages/airflow/example_dags/plugins/decreasing_priority_weight_strategy.py
[2024-10-26T17:52:17.861+0000] {processor.py:927} WARNING - No viable dags retrieved from /home/airflow/.local/lib/python3.12/site-packages/airflow/example_dags/plugins/decreasing_priority_weight_strategy.py
[2024-10-26T17:52:17.880+0000] {processor.py:208} INFO - Processing /home/airflow/.local/lib/python3.12/site-packages/airflow/example_dags/plugins/decreasing_priority_weight_strategy.py took 0.035 seconds
[2024-10-26T17:52:50.060+0000] {processor.py:186} INFO - Started process (PID=4088) to work on /home/airflow/.local/lib/python3.12/site-packages/airflow/example_dags/plugins/decreasing_priority_weight_strategy.py
[2024-10-26T17:52:50.062+0000] {processor.py:914} INFO - Processing file /home/airflow/.local/lib/python3.12/site-packages/airflow/example_dags/plugins/decreasing_priority_weight_strategy.py for tasks to queue
[2024-10-26T17:52:50.065+0000] {logging_mixin.py:190} INFO - [2024-10-26T17:52:50.064+0000] {dagbag.py:588} INFO - Filling up the DagBag from /home/airflow/.local/lib/python3.12/site-packages/airflow/example_dags/plugins/decreasing_priority_weight_strategy.py
[2024-10-26T17:52:50.068+0000] {processor.py:927} WARNING - No viable dags retrieved from /home/airflow/.local/lib/python3.12/site-packages/airflow/example_dags/plugins/decreasing_priority_weight_strategy.py
[2024-10-26T17:52:50.084+0000] {processor.py:208} INFO - Processing /home/airflow/.local/lib/python3.12/site-packages/airflow/example_dags/plugins/decreasing_priority_weight_strategy.py took 0.030 seconds
[2024-10-26T17:53:22.725+0000] {processor.py:186} INFO - Started process (PID=4152) to work on /home/airflow/.local/lib/python3.12/site-packages/airflow/example_dags/plugins/decreasing_priority_weight_strategy.py
[2024-10-26T17:53:22.727+0000] {processor.py:914} INFO - Processing file /home/airflow/.local/lib/python3.12/site-packages/airflow/example_dags/plugins/decreasing_priority_weight_strategy.py for tasks to queue
[2024-10-26T17:53:22.731+0000] {logging_mixin.py:190} INFO - [2024-10-26T17:53:22.730+0000] {dagbag.py:588} INFO - Filling up the DagBag from /home/airflow/.local/lib/python3.12/site-packages/airflow/example_dags/plugins/decreasing_priority_weight_strategy.py
[2024-10-26T17:53:22.733+0000] {processor.py:927} WARNING - No viable dags retrieved from /home/airflow/.local/lib/python3.12/site-packages/airflow/example_dags/plugins/decreasing_priority_weight_strategy.py
[2024-10-26T17:53:22.748+0000] {processor.py:208} INFO - Processing /home/airflow/.local/lib/python3.12/site-packages/airflow/example_dags/plugins/decreasing_priority_weight_strategy.py took 0.031 seconds
[2024-10-26T17:53:56.744+0000] {processor.py:186} INFO - Started process (PID=4216) to work on /home/airflow/.local/lib/python3.12/site-packages/airflow/example_dags/plugins/decreasing_priority_weight_strategy.py
[2024-10-26T17:53:56.745+0000] {processor.py:914} INFO - Processing file /home/airflow/.local/lib/python3.12/site-packages/airflow/example_dags/plugins/decreasing_priority_weight_strategy.py for tasks to queue
[2024-10-26T17:53:56.749+0000] {logging_mixin.py:190} INFO - [2024-10-26T17:53:56.749+0000] {dagbag.py:588} INFO - Filling up the DagBag from /home/airflow/.local/lib/python3.12/site-packages/airflow/example_dags/plugins/decreasing_priority_weight_strategy.py
[2024-10-26T17:53:56.752+0000] {processor.py:927} WARNING - No viable dags retrieved from /home/airflow/.local/lib/python3.12/site-packages/airflow/example_dags/plugins/decreasing_priority_weight_strategy.py
[2024-10-26T17:53:56.770+0000] {processor.py:208} INFO - Processing /home/airflow/.local/lib/python3.12/site-packages/airflow/example_dags/plugins/decreasing_priority_weight_strategy.py took 0.033 seconds
[2024-10-26T17:54:30.963+0000] {processor.py:186} INFO - Started process (PID=4280) to work on /home/airflow/.local/lib/python3.12/site-packages/airflow/example_dags/plugins/decreasing_priority_weight_strategy.py
[2024-10-26T17:54:30.964+0000] {processor.py:914} INFO - Processing file /home/airflow/.local/lib/python3.12/site-packages/airflow/example_dags/plugins/decreasing_priority_weight_strategy.py for tasks to queue
[2024-10-26T17:54:30.980+0000] {logging_mixin.py:190} INFO - [2024-10-26T17:54:30.979+0000] {dagbag.py:588} INFO - Filling up the DagBag from /home/airflow/.local/lib/python3.12/site-packages/airflow/example_dags/plugins/decreasing_priority_weight_strategy.py
[2024-10-26T17:54:30.983+0000] {processor.py:927} WARNING - No viable dags retrieved from /home/airflow/.local/lib/python3.12/site-packages/airflow/example_dags/plugins/decreasing_priority_weight_strategy.py
[2024-10-26T17:54:31.005+0000] {processor.py:208} INFO - Processing /home/airflow/.local/lib/python3.12/site-packages/airflow/example_dags/plugins/decreasing_priority_weight_strategy.py took 0.053 seconds
[2024-10-26T17:55:01.206+0000] {processor.py:186} INFO - Started process (PID=4344) to work on /home/airflow/.local/lib/python3.12/site-packages/airflow/example_dags/plugins/decreasing_priority_weight_strategy.py
[2024-10-26T17:55:01.207+0000] {processor.py:914} INFO - Processing file /home/airflow/.local/lib/python3.12/site-packages/airflow/example_dags/plugins/decreasing_priority_weight_strategy.py for tasks to queue
[2024-10-26T17:55:01.210+0000] {logging_mixin.py:190} INFO - [2024-10-26T17:55:01.210+0000] {dagbag.py:588} INFO - Filling up the DagBag from /home/airflow/.local/lib/python3.12/site-packages/airflow/example_dags/plugins/decreasing_priority_weight_strategy.py
[2024-10-26T17:55:01.213+0000] {processor.py:927} WARNING - No viable dags retrieved from /home/airflow/.local/lib/python3.12/site-packages/airflow/example_dags/plugins/decreasing_priority_weight_strategy.py
[2024-10-26T17:55:01.230+0000] {processor.py:208} INFO - Processing /home/airflow/.local/lib/python3.12/site-packages/airflow/example_dags/plugins/decreasing_priority_weight_strategy.py took 0.032 seconds
[2024-10-26T17:55:33.175+0000] {processor.py:186} INFO - Started process (PID=4408) to work on /home/airflow/.local/lib/python3.12/site-packages/airflow/example_dags/plugins/decreasing_priority_weight_strategy.py
[2024-10-26T17:55:33.175+0000] {processor.py:914} INFO - Processing file /home/airflow/.local/lib/python3.12/site-packages/airflow/example_dags/plugins/decreasing_priority_weight_strategy.py for tasks to queue
[2024-10-26T17:55:33.177+0000] {logging_mixin.py:190} INFO - [2024-10-26T17:55:33.177+0000] {dagbag.py:588} INFO - Filling up the DagBag from /home/airflow/.local/lib/python3.12/site-packages/airflow/example_dags/plugins/decreasing_priority_weight_strategy.py
[2024-10-26T17:55:33.179+0000] {processor.py:927} WARNING - No viable dags retrieved from /home/airflow/.local/lib/python3.12/site-packages/airflow/example_dags/plugins/decreasing_priority_weight_strategy.py
[2024-10-26T17:55:33.190+0000] {processor.py:208} INFO - Processing /home/airflow/.local/lib/python3.12/site-packages/airflow/example_dags/plugins/decreasing_priority_weight_strategy.py took 0.021 seconds
[2024-10-26T17:56:06.122+0000] {processor.py:186} INFO - Started process (PID=4472) to work on /home/airflow/.local/lib/python3.12/site-packages/airflow/example_dags/plugins/decreasing_priority_weight_strategy.py
[2024-10-26T17:56:06.124+0000] {processor.py:914} INFO - Processing file /home/airflow/.local/lib/python3.12/site-packages/airflow/example_dags/plugins/decreasing_priority_weight_strategy.py for tasks to queue
[2024-10-26T17:56:06.126+0000] {logging_mixin.py:190} INFO - [2024-10-26T17:56:06.126+0000] {dagbag.py:588} INFO - Filling up the DagBag from /home/airflow/.local/lib/python3.12/site-packages/airflow/example_dags/plugins/decreasing_priority_weight_strategy.py
[2024-10-26T17:56:06.128+0000] {processor.py:927} WARNING - No viable dags retrieved from /home/airflow/.local/lib/python3.12/site-packages/airflow/example_dags/plugins/decreasing_priority_weight_strategy.py
[2024-10-26T17:56:06.142+0000] {processor.py:208} INFO - Processing /home/airflow/.local/lib/python3.12/site-packages/airflow/example_dags/plugins/decreasing_priority_weight_strategy.py took 0.028 seconds
[2024-10-26T17:56:37.846+0000] {processor.py:186} INFO - Started process (PID=4536) to work on /home/airflow/.local/lib/python3.12/site-packages/airflow/example_dags/plugins/decreasing_priority_weight_strategy.py
[2024-10-26T17:56:37.847+0000] {processor.py:914} INFO - Processing file /home/airflow/.local/lib/python3.12/site-packages/airflow/example_dags/plugins/decreasing_priority_weight_strategy.py for tasks to queue
[2024-10-26T17:56:37.849+0000] {logging_mixin.py:190} INFO - [2024-10-26T17:56:37.849+0000] {dagbag.py:588} INFO - Filling up the DagBag from /home/airflow/.local/lib/python3.12/site-packages/airflow/example_dags/plugins/decreasing_priority_weight_strategy.py
[2024-10-26T17:56:37.851+0000] {processor.py:927} WARNING - No viable dags retrieved from /home/airflow/.local/lib/python3.12/site-packages/airflow/example_dags/plugins/decreasing_priority_weight_strategy.py
[2024-10-26T17:56:37.862+0000] {processor.py:208} INFO - Processing /home/airflow/.local/lib/python3.12/site-packages/airflow/example_dags/plugins/decreasing_priority_weight_strategy.py took 0.022 seconds
[2024-10-26T17:57:10.911+0000] {processor.py:186} INFO - Started process (PID=4600) to work on /home/airflow/.local/lib/python3.12/site-packages/airflow/example_dags/plugins/decreasing_priority_weight_strategy.py
[2024-10-26T17:57:10.912+0000] {processor.py:914} INFO - Processing file /home/airflow/.local/lib/python3.12/site-packages/airflow/example_dags/plugins/decreasing_priority_weight_strategy.py for tasks to queue
[2024-10-26T17:57:10.914+0000] {logging_mixin.py:190} INFO - [2024-10-26T17:57:10.914+0000] {dagbag.py:588} INFO - Filling up the DagBag from /home/airflow/.local/lib/python3.12/site-packages/airflow/example_dags/plugins/decreasing_priority_weight_strategy.py
[2024-10-26T17:57:10.916+0000] {processor.py:927} WARNING - No viable dags retrieved from /home/airflow/.local/lib/python3.12/site-packages/airflow/example_dags/plugins/decreasing_priority_weight_strategy.py
[2024-10-26T17:57:10.928+0000] {processor.py:208} INFO - Processing /home/airflow/.local/lib/python3.12/site-packages/airflow/example_dags/plugins/decreasing_priority_weight_strategy.py took 0.022 seconds
[2024-10-26T17:57:43.809+0000] {processor.py:186} INFO - Started process (PID=4664) to work on /home/airflow/.local/lib/python3.12/site-packages/airflow/example_dags/plugins/decreasing_priority_weight_strategy.py
[2024-10-26T17:57:43.811+0000] {processor.py:914} INFO - Processing file /home/airflow/.local/lib/python3.12/site-packages/airflow/example_dags/plugins/decreasing_priority_weight_strategy.py for tasks to queue
[2024-10-26T17:57:43.814+0000] {logging_mixin.py:190} INFO - [2024-10-26T17:57:43.814+0000] {dagbag.py:588} INFO - Filling up the DagBag from /home/airflow/.local/lib/python3.12/site-packages/airflow/example_dags/plugins/decreasing_priority_weight_strategy.py
[2024-10-26T17:57:43.816+0000] {processor.py:927} WARNING - No viable dags retrieved from /home/airflow/.local/lib/python3.12/site-packages/airflow/example_dags/plugins/decreasing_priority_weight_strategy.py
[2024-10-26T17:57:43.830+0000] {processor.py:208} INFO - Processing /home/airflow/.local/lib/python3.12/site-packages/airflow/example_dags/plugins/decreasing_priority_weight_strategy.py took 0.027 seconds
[2024-10-26T17:58:16.494+0000] {processor.py:186} INFO - Started process (PID=4728) to work on /home/airflow/.local/lib/python3.12/site-packages/airflow/example_dags/plugins/decreasing_priority_weight_strategy.py
[2024-10-26T17:58:16.495+0000] {processor.py:914} INFO - Processing file /home/airflow/.local/lib/python3.12/site-packages/airflow/example_dags/plugins/decreasing_priority_weight_strategy.py for tasks to queue
[2024-10-26T17:58:16.498+0000] {logging_mixin.py:190} INFO - [2024-10-26T17:58:16.497+0000] {dagbag.py:588} INFO - Filling up the DagBag from /home/airflow/.local/lib/python3.12/site-packages/airflow/example_dags/plugins/decreasing_priority_weight_strategy.py
[2024-10-26T17:58:16.500+0000] {processor.py:927} WARNING - No viable dags retrieved from /home/airflow/.local/lib/python3.12/site-packages/airflow/example_dags/plugins/decreasing_priority_weight_strategy.py
[2024-10-26T17:58:16.511+0000] {processor.py:208} INFO - Processing /home/airflow/.local/lib/python3.12/site-packages/airflow/example_dags/plugins/decreasing_priority_weight_strategy.py took 0.022 seconds
[2024-10-26T17:58:49.441+0000] {processor.py:186} INFO - Started process (PID=4792) to work on /home/airflow/.local/lib/python3.12/site-packages/airflow/example_dags/plugins/decreasing_priority_weight_strategy.py
[2024-10-26T17:58:49.443+0000] {processor.py:914} INFO - Processing file /home/airflow/.local/lib/python3.12/site-packages/airflow/example_dags/plugins/decreasing_priority_weight_strategy.py for tasks to queue
[2024-10-26T17:58:49.445+0000] {logging_mixin.py:190} INFO - [2024-10-26T17:58:49.445+0000] {dagbag.py:588} INFO - Filling up the DagBag from /home/airflow/.local/lib/python3.12/site-packages/airflow/example_dags/plugins/decreasing_priority_weight_strategy.py
[2024-10-26T17:58:49.448+0000] {processor.py:927} WARNING - No viable dags retrieved from /home/airflow/.local/lib/python3.12/site-packages/airflow/example_dags/plugins/decreasing_priority_weight_strategy.py
[2024-10-26T17:58:49.465+0000] {processor.py:208} INFO - Processing /home/airflow/.local/lib/python3.12/site-packages/airflow/example_dags/plugins/decreasing_priority_weight_strategy.py took 0.030 seconds
[2024-10-26T17:59:22.206+0000] {processor.py:186} INFO - Started process (PID=4856) to work on /home/airflow/.local/lib/python3.12/site-packages/airflow/example_dags/plugins/decreasing_priority_weight_strategy.py
[2024-10-26T17:59:22.207+0000] {processor.py:914} INFO - Processing file /home/airflow/.local/lib/python3.12/site-packages/airflow/example_dags/plugins/decreasing_priority_weight_strategy.py for tasks to queue
[2024-10-26T17:59:22.209+0000] {logging_mixin.py:190} INFO - [2024-10-26T17:59:22.209+0000] {dagbag.py:588} INFO - Filling up the DagBag from /home/airflow/.local/lib/python3.12/site-packages/airflow/example_dags/plugins/decreasing_priority_weight_strategy.py
[2024-10-26T17:59:22.211+0000] {processor.py:927} WARNING - No viable dags retrieved from /home/airflow/.local/lib/python3.12/site-packages/airflow/example_dags/plugins/decreasing_priority_weight_strategy.py
[2024-10-26T17:59:22.223+0000] {processor.py:208} INFO - Processing /home/airflow/.local/lib/python3.12/site-packages/airflow/example_dags/plugins/decreasing_priority_weight_strategy.py took 0.024 seconds
[2024-10-26T17:59:55.679+0000] {processor.py:186} INFO - Started process (PID=4920) to work on /home/airflow/.local/lib/python3.12/site-packages/airflow/example_dags/plugins/decreasing_priority_weight_strategy.py
[2024-10-26T17:59:55.680+0000] {processor.py:914} INFO - Processing file /home/airflow/.local/lib/python3.12/site-packages/airflow/example_dags/plugins/decreasing_priority_weight_strategy.py for tasks to queue
[2024-10-26T17:59:55.683+0000] {logging_mixin.py:190} INFO - [2024-10-26T17:59:55.683+0000] {dagbag.py:588} INFO - Filling up the DagBag from /home/airflow/.local/lib/python3.12/site-packages/airflow/example_dags/plugins/decreasing_priority_weight_strategy.py
[2024-10-26T17:59:55.686+0000] {processor.py:927} WARNING - No viable dags retrieved from /home/airflow/.local/lib/python3.12/site-packages/airflow/example_dags/plugins/decreasing_priority_weight_strategy.py
[2024-10-26T17:59:55.699+0000] {processor.py:208} INFO - Processing /home/airflow/.local/lib/python3.12/site-packages/airflow/example_dags/plugins/decreasing_priority_weight_strategy.py took 0.025 seconds
[2024-10-26T18:00:27.730+0000] {processor.py:186} INFO - Started process (PID=4984) to work on /home/airflow/.local/lib/python3.12/site-packages/airflow/example_dags/plugins/decreasing_priority_weight_strategy.py
[2024-10-26T18:00:27.731+0000] {processor.py:914} INFO - Processing file /home/airflow/.local/lib/python3.12/site-packages/airflow/example_dags/plugins/decreasing_priority_weight_strategy.py for tasks to queue
[2024-10-26T18:00:27.736+0000] {logging_mixin.py:190} INFO - [2024-10-26T18:00:27.735+0000] {dagbag.py:588} INFO - Filling up the DagBag from /home/airflow/.local/lib/python3.12/site-packages/airflow/example_dags/plugins/decreasing_priority_weight_strategy.py
[2024-10-26T18:00:27.738+0000] {processor.py:927} WARNING - No viable dags retrieved from /home/airflow/.local/lib/python3.12/site-packages/airflow/example_dags/plugins/decreasing_priority_weight_strategy.py
[2024-10-26T18:00:27.760+0000] {processor.py:208} INFO - Processing /home/airflow/.local/lib/python3.12/site-packages/airflow/example_dags/plugins/decreasing_priority_weight_strategy.py took 0.039 seconds
[2024-10-26T18:01:01.076+0000] {processor.py:186} INFO - Started process (PID=5048) to work on /home/airflow/.local/lib/python3.12/site-packages/airflow/example_dags/plugins/decreasing_priority_weight_strategy.py
[2024-10-26T18:01:01.078+0000] {processor.py:914} INFO - Processing file /home/airflow/.local/lib/python3.12/site-packages/airflow/example_dags/plugins/decreasing_priority_weight_strategy.py for tasks to queue
[2024-10-26T18:01:01.080+0000] {logging_mixin.py:190} INFO - [2024-10-26T18:01:01.080+0000] {dagbag.py:588} INFO - Filling up the DagBag from /home/airflow/.local/lib/python3.12/site-packages/airflow/example_dags/plugins/decreasing_priority_weight_strategy.py
[2024-10-26T18:01:01.082+0000] {processor.py:927} WARNING - No viable dags retrieved from /home/airflow/.local/lib/python3.12/site-packages/airflow/example_dags/plugins/decreasing_priority_weight_strategy.py
[2024-10-26T18:01:01.094+0000] {processor.py:208} INFO - Processing /home/airflow/.local/lib/python3.12/site-packages/airflow/example_dags/plugins/decreasing_priority_weight_strategy.py took 0.023 seconds
[2024-10-26T18:01:32.969+0000] {processor.py:186} INFO - Started process (PID=5112) to work on /home/airflow/.local/lib/python3.12/site-packages/airflow/example_dags/plugins/decreasing_priority_weight_strategy.py
[2024-10-26T18:01:32.970+0000] {processor.py:914} INFO - Processing file /home/airflow/.local/lib/python3.12/site-packages/airflow/example_dags/plugins/decreasing_priority_weight_strategy.py for tasks to queue
[2024-10-26T18:01:32.973+0000] {logging_mixin.py:190} INFO - [2024-10-26T18:01:32.972+0000] {dagbag.py:588} INFO - Filling up the DagBag from /home/airflow/.local/lib/python3.12/site-packages/airflow/example_dags/plugins/decreasing_priority_weight_strategy.py
[2024-10-26T18:01:32.975+0000] {processor.py:927} WARNING - No viable dags retrieved from /home/airflow/.local/lib/python3.12/site-packages/airflow/example_dags/plugins/decreasing_priority_weight_strategy.py
[2024-10-26T18:01:32.988+0000] {processor.py:208} INFO - Processing /home/airflow/.local/lib/python3.12/site-packages/airflow/example_dags/plugins/decreasing_priority_weight_strategy.py took 0.026 seconds
[2024-10-26T18:02:06.928+0000] {processor.py:186} INFO - Started process (PID=5177) to work on /home/airflow/.local/lib/python3.12/site-packages/airflow/example_dags/plugins/decreasing_priority_weight_strategy.py
[2024-10-26T18:02:06.931+0000] {processor.py:914} INFO - Processing file /home/airflow/.local/lib/python3.12/site-packages/airflow/example_dags/plugins/decreasing_priority_weight_strategy.py for tasks to queue
[2024-10-26T18:02:06.934+0000] {logging_mixin.py:190} INFO - [2024-10-26T18:02:06.934+0000] {dagbag.py:588} INFO - Filling up the DagBag from /home/airflow/.local/lib/python3.12/site-packages/airflow/example_dags/plugins/decreasing_priority_weight_strategy.py
[2024-10-26T18:02:06.941+0000] {processor.py:927} WARNING - No viable dags retrieved from /home/airflow/.local/lib/python3.12/site-packages/airflow/example_dags/plugins/decreasing_priority_weight_strategy.py
[2024-10-26T18:02:06.959+0000] {processor.py:208} INFO - Processing /home/airflow/.local/lib/python3.12/site-packages/airflow/example_dags/plugins/decreasing_priority_weight_strategy.py took 0.040 seconds
[2024-10-26T18:02:38.283+0000] {processor.py:186} INFO - Started process (PID=5241) to work on /home/airflow/.local/lib/python3.12/site-packages/airflow/example_dags/plugins/decreasing_priority_weight_strategy.py
[2024-10-26T18:02:38.284+0000] {processor.py:914} INFO - Processing file /home/airflow/.local/lib/python3.12/site-packages/airflow/example_dags/plugins/decreasing_priority_weight_strategy.py for tasks to queue
[2024-10-26T18:02:38.287+0000] {logging_mixin.py:190} INFO - [2024-10-26T18:02:38.287+0000] {dagbag.py:588} INFO - Filling up the DagBag from /home/airflow/.local/lib/python3.12/site-packages/airflow/example_dags/plugins/decreasing_priority_weight_strategy.py
[2024-10-26T18:02:38.292+0000] {processor.py:927} WARNING - No viable dags retrieved from /home/airflow/.local/lib/python3.12/site-packages/airflow/example_dags/plugins/decreasing_priority_weight_strategy.py
[2024-10-26T18:02:38.308+0000] {processor.py:208} INFO - Processing /home/airflow/.local/lib/python3.12/site-packages/airflow/example_dags/plugins/decreasing_priority_weight_strategy.py took 0.034 seconds
[2024-10-26T18:03:11.627+0000] {processor.py:186} INFO - Started process (PID=5305) to work on /home/airflow/.local/lib/python3.12/site-packages/airflow/example_dags/plugins/decreasing_priority_weight_strategy.py
[2024-10-26T18:03:11.628+0000] {processor.py:914} INFO - Processing file /home/airflow/.local/lib/python3.12/site-packages/airflow/example_dags/plugins/decreasing_priority_weight_strategy.py for tasks to queue
[2024-10-26T18:03:11.631+0000] {logging_mixin.py:190} INFO - [2024-10-26T18:03:11.630+0000] {dagbag.py:588} INFO - Filling up the DagBag from /home/airflow/.local/lib/python3.12/site-packages/airflow/example_dags/plugins/decreasing_priority_weight_strategy.py
[2024-10-26T18:03:11.632+0000] {processor.py:927} WARNING - No viable dags retrieved from /home/airflow/.local/lib/python3.12/site-packages/airflow/example_dags/plugins/decreasing_priority_weight_strategy.py
[2024-10-26T18:03:11.646+0000] {processor.py:208} INFO - Processing /home/airflow/.local/lib/python3.12/site-packages/airflow/example_dags/plugins/decreasing_priority_weight_strategy.py took 0.026 seconds
[2024-10-26T18:03:44.301+0000] {processor.py:186} INFO - Started process (PID=5369) to work on /home/airflow/.local/lib/python3.12/site-packages/airflow/example_dags/plugins/decreasing_priority_weight_strategy.py
[2024-10-26T18:03:44.302+0000] {processor.py:914} INFO - Processing file /home/airflow/.local/lib/python3.12/site-packages/airflow/example_dags/plugins/decreasing_priority_weight_strategy.py for tasks to queue
[2024-10-26T18:03:44.305+0000] {logging_mixin.py:190} INFO - [2024-10-26T18:03:44.304+0000] {dagbag.py:588} INFO - Filling up the DagBag from /home/airflow/.local/lib/python3.12/site-packages/airflow/example_dags/plugins/decreasing_priority_weight_strategy.py
[2024-10-26T18:03:44.307+0000] {processor.py:927} WARNING - No viable dags retrieved from /home/airflow/.local/lib/python3.12/site-packages/airflow/example_dags/plugins/decreasing_priority_weight_strategy.py
[2024-10-26T18:03:44.322+0000] {processor.py:208} INFO - Processing /home/airflow/.local/lib/python3.12/site-packages/airflow/example_dags/plugins/decreasing_priority_weight_strategy.py took 0.026 seconds
[2024-10-26T18:04:15.965+0000] {processor.py:186} INFO - Started process (PID=5433) to work on /home/airflow/.local/lib/python3.12/site-packages/airflow/example_dags/plugins/decreasing_priority_weight_strategy.py
[2024-10-26T18:04:15.967+0000] {processor.py:914} INFO - Processing file /home/airflow/.local/lib/python3.12/site-packages/airflow/example_dags/plugins/decreasing_priority_weight_strategy.py for tasks to queue
[2024-10-26T18:04:15.970+0000] {logging_mixin.py:190} INFO - [2024-10-26T18:04:15.969+0000] {dagbag.py:588} INFO - Filling up the DagBag from /home/airflow/.local/lib/python3.12/site-packages/airflow/example_dags/plugins/decreasing_priority_weight_strategy.py
[2024-10-26T18:04:15.972+0000] {processor.py:927} WARNING - No viable dags retrieved from /home/airflow/.local/lib/python3.12/site-packages/airflow/example_dags/plugins/decreasing_priority_weight_strategy.py
[2024-10-26T18:04:15.986+0000] {processor.py:208} INFO - Processing /home/airflow/.local/lib/python3.12/site-packages/airflow/example_dags/plugins/decreasing_priority_weight_strategy.py took 0.026 seconds
[2024-10-26T18:04:48.811+0000] {processor.py:186} INFO - Started process (PID=5497) to work on /home/airflow/.local/lib/python3.12/site-packages/airflow/example_dags/plugins/decreasing_priority_weight_strategy.py
[2024-10-26T18:04:48.812+0000] {processor.py:914} INFO - Processing file /home/airflow/.local/lib/python3.12/site-packages/airflow/example_dags/plugins/decreasing_priority_weight_strategy.py for tasks to queue
[2024-10-26T18:04:48.815+0000] {logging_mixin.py:190} INFO - [2024-10-26T18:04:48.814+0000] {dagbag.py:588} INFO - Filling up the DagBag from /home/airflow/.local/lib/python3.12/site-packages/airflow/example_dags/plugins/decreasing_priority_weight_strategy.py
[2024-10-26T18:04:48.818+0000] {processor.py:927} WARNING - No viable dags retrieved from /home/airflow/.local/lib/python3.12/site-packages/airflow/example_dags/plugins/decreasing_priority_weight_strategy.py
[2024-10-26T18:04:48.830+0000] {processor.py:208} INFO - Processing /home/airflow/.local/lib/python3.12/site-packages/airflow/example_dags/plugins/decreasing_priority_weight_strategy.py took 0.028 seconds
[2024-10-26T18:05:21.720+0000] {processor.py:186} INFO - Started process (PID=5561) to work on /home/airflow/.local/lib/python3.12/site-packages/airflow/example_dags/plugins/decreasing_priority_weight_strategy.py
[2024-10-26T18:05:21.721+0000] {processor.py:914} INFO - Processing file /home/airflow/.local/lib/python3.12/site-packages/airflow/example_dags/plugins/decreasing_priority_weight_strategy.py for tasks to queue
[2024-10-26T18:05:21.723+0000] {logging_mixin.py:190} INFO - [2024-10-26T18:05:21.723+0000] {dagbag.py:588} INFO - Filling up the DagBag from /home/airflow/.local/lib/python3.12/site-packages/airflow/example_dags/plugins/decreasing_priority_weight_strategy.py
[2024-10-26T18:05:21.725+0000] {processor.py:927} WARNING - No viable dags retrieved from /home/airflow/.local/lib/python3.12/site-packages/airflow/example_dags/plugins/decreasing_priority_weight_strategy.py
[2024-10-26T18:05:21.736+0000] {processor.py:208} INFO - Processing /home/airflow/.local/lib/python3.12/site-packages/airflow/example_dags/plugins/decreasing_priority_weight_strategy.py took 0.022 seconds
[2024-10-26T18:05:54.967+0000] {processor.py:186} INFO - Started process (PID=5625) to work on /home/airflow/.local/lib/python3.12/site-packages/airflow/example_dags/plugins/decreasing_priority_weight_strategy.py
[2024-10-26T18:05:54.968+0000] {processor.py:914} INFO - Processing file /home/airflow/.local/lib/python3.12/site-packages/airflow/example_dags/plugins/decreasing_priority_weight_strategy.py for tasks to queue
[2024-10-26T18:05:54.970+0000] {logging_mixin.py:190} INFO - [2024-10-26T18:05:54.970+0000] {dagbag.py:588} INFO - Filling up the DagBag from /home/airflow/.local/lib/python3.12/site-packages/airflow/example_dags/plugins/decreasing_priority_weight_strategy.py
[2024-10-26T18:05:54.972+0000] {processor.py:927} WARNING - No viable dags retrieved from /home/airflow/.local/lib/python3.12/site-packages/airflow/example_dags/plugins/decreasing_priority_weight_strategy.py
[2024-10-26T18:05:54.984+0000] {processor.py:208} INFO - Processing /home/airflow/.local/lib/python3.12/site-packages/airflow/example_dags/plugins/decreasing_priority_weight_strategy.py took 0.024 seconds
[2024-10-26T18:06:28.775+0000] {processor.py:186} INFO - Started process (PID=5689) to work on /home/airflow/.local/lib/python3.12/site-packages/airflow/example_dags/plugins/decreasing_priority_weight_strategy.py
[2024-10-26T18:06:28.776+0000] {processor.py:914} INFO - Processing file /home/airflow/.local/lib/python3.12/site-packages/airflow/example_dags/plugins/decreasing_priority_weight_strategy.py for tasks to queue
[2024-10-26T18:06:28.778+0000] {logging_mixin.py:190} INFO - [2024-10-26T18:06:28.778+0000] {dagbag.py:588} INFO - Filling up the DagBag from /home/airflow/.local/lib/python3.12/site-packages/airflow/example_dags/plugins/decreasing_priority_weight_strategy.py
[2024-10-26T18:06:28.780+0000] {processor.py:927} WARNING - No viable dags retrieved from /home/airflow/.local/lib/python3.12/site-packages/airflow/example_dags/plugins/decreasing_priority_weight_strategy.py
[2024-10-26T18:06:28.792+0000] {processor.py:208} INFO - Processing /home/airflow/.local/lib/python3.12/site-packages/airflow/example_dags/plugins/decreasing_priority_weight_strategy.py took 0.024 seconds
[2024-10-26T18:07:01.272+0000] {processor.py:186} INFO - Started process (PID=5753) to work on /home/airflow/.local/lib/python3.12/site-packages/airflow/example_dags/plugins/decreasing_priority_weight_strategy.py
[2024-10-26T18:07:01.273+0000] {processor.py:914} INFO - Processing file /home/airflow/.local/lib/python3.12/site-packages/airflow/example_dags/plugins/decreasing_priority_weight_strategy.py for tasks to queue
[2024-10-26T18:07:01.276+0000] {logging_mixin.py:190} INFO - [2024-10-26T18:07:01.275+0000] {dagbag.py:588} INFO - Filling up the DagBag from /home/airflow/.local/lib/python3.12/site-packages/airflow/example_dags/plugins/decreasing_priority_weight_strategy.py
[2024-10-26T18:07:01.279+0000] {processor.py:927} WARNING - No viable dags retrieved from /home/airflow/.local/lib/python3.12/site-packages/airflow/example_dags/plugins/decreasing_priority_weight_strategy.py
[2024-10-26T18:07:01.293+0000] {processor.py:208} INFO - Processing /home/airflow/.local/lib/python3.12/site-packages/airflow/example_dags/plugins/decreasing_priority_weight_strategy.py took 0.030 seconds
[2024-10-26T18:07:33.120+0000] {processor.py:186} INFO - Started process (PID=5817) to work on /home/airflow/.local/lib/python3.12/site-packages/airflow/example_dags/plugins/decreasing_priority_weight_strategy.py
[2024-10-26T18:07:33.122+0000] {processor.py:914} INFO - Processing file /home/airflow/.local/lib/python3.12/site-packages/airflow/example_dags/plugins/decreasing_priority_weight_strategy.py for tasks to queue
[2024-10-26T18:07:33.125+0000] {logging_mixin.py:190} INFO - [2024-10-26T18:07:33.124+0000] {dagbag.py:588} INFO - Filling up the DagBag from /home/airflow/.local/lib/python3.12/site-packages/airflow/example_dags/plugins/decreasing_priority_weight_strategy.py
[2024-10-26T18:07:33.127+0000] {processor.py:927} WARNING - No viable dags retrieved from /home/airflow/.local/lib/python3.12/site-packages/airflow/example_dags/plugins/decreasing_priority_weight_strategy.py
[2024-10-26T18:07:33.140+0000] {processor.py:208} INFO - Processing /home/airflow/.local/lib/python3.12/site-packages/airflow/example_dags/plugins/decreasing_priority_weight_strategy.py took 0.025 seconds
[2024-10-26T18:08:06.524+0000] {processor.py:186} INFO - Started process (PID=5881) to work on /home/airflow/.local/lib/python3.12/site-packages/airflow/example_dags/plugins/decreasing_priority_weight_strategy.py
[2024-10-26T18:08:06.525+0000] {processor.py:914} INFO - Processing file /home/airflow/.local/lib/python3.12/site-packages/airflow/example_dags/plugins/decreasing_priority_weight_strategy.py for tasks to queue
[2024-10-26T18:08:06.528+0000] {logging_mixin.py:190} INFO - [2024-10-26T18:08:06.528+0000] {dagbag.py:588} INFO - Filling up the DagBag from /home/airflow/.local/lib/python3.12/site-packages/airflow/example_dags/plugins/decreasing_priority_weight_strategy.py
[2024-10-26T18:08:06.530+0000] {processor.py:927} WARNING - No viable dags retrieved from /home/airflow/.local/lib/python3.12/site-packages/airflow/example_dags/plugins/decreasing_priority_weight_strategy.py
[2024-10-26T18:08:06.543+0000] {processor.py:208} INFO - Processing /home/airflow/.local/lib/python3.12/site-packages/airflow/example_dags/plugins/decreasing_priority_weight_strategy.py took 0.025 seconds
[2024-10-26T18:08:39.181+0000] {processor.py:186} INFO - Started process (PID=5945) to work on /home/airflow/.local/lib/python3.12/site-packages/airflow/example_dags/plugins/decreasing_priority_weight_strategy.py
[2024-10-26T18:08:39.183+0000] {processor.py:914} INFO - Processing file /home/airflow/.local/lib/python3.12/site-packages/airflow/example_dags/plugins/decreasing_priority_weight_strategy.py for tasks to queue
[2024-10-26T18:08:39.188+0000] {logging_mixin.py:190} INFO - [2024-10-26T18:08:39.187+0000] {dagbag.py:588} INFO - Filling up the DagBag from /home/airflow/.local/lib/python3.12/site-packages/airflow/example_dags/plugins/decreasing_priority_weight_strategy.py
[2024-10-26T18:08:39.191+0000] {processor.py:927} WARNING - No viable dags retrieved from /home/airflow/.local/lib/python3.12/site-packages/airflow/example_dags/plugins/decreasing_priority_weight_strategy.py
[2024-10-26T18:08:39.215+0000] {processor.py:208} INFO - Processing /home/airflow/.local/lib/python3.12/site-packages/airflow/example_dags/plugins/decreasing_priority_weight_strategy.py took 0.040 seconds
[2024-10-26T18:09:12.026+0000] {processor.py:186} INFO - Started process (PID=6009) to work on /home/airflow/.local/lib/python3.12/site-packages/airflow/example_dags/plugins/decreasing_priority_weight_strategy.py
[2024-10-26T18:09:12.027+0000] {processor.py:914} INFO - Processing file /home/airflow/.local/lib/python3.12/site-packages/airflow/example_dags/plugins/decreasing_priority_weight_strategy.py for tasks to queue
[2024-10-26T18:09:12.029+0000] {logging_mixin.py:190} INFO - [2024-10-26T18:09:12.029+0000] {dagbag.py:588} INFO - Filling up the DagBag from /home/airflow/.local/lib/python3.12/site-packages/airflow/example_dags/plugins/decreasing_priority_weight_strategy.py
[2024-10-26T18:09:12.032+0000] {processor.py:927} WARNING - No viable dags retrieved from /home/airflow/.local/lib/python3.12/site-packages/airflow/example_dags/plugins/decreasing_priority_weight_strategy.py
[2024-10-26T18:09:12.046+0000] {processor.py:208} INFO - Processing /home/airflow/.local/lib/python3.12/site-packages/airflow/example_dags/plugins/decreasing_priority_weight_strategy.py took 0.027 seconds
[2024-10-26T18:09:44.183+0000] {processor.py:186} INFO - Started process (PID=6073) to work on /home/airflow/.local/lib/python3.12/site-packages/airflow/example_dags/plugins/decreasing_priority_weight_strategy.py
[2024-10-26T18:09:44.184+0000] {processor.py:914} INFO - Processing file /home/airflow/.local/lib/python3.12/site-packages/airflow/example_dags/plugins/decreasing_priority_weight_strategy.py for tasks to queue
[2024-10-26T18:09:44.187+0000] {logging_mixin.py:190} INFO - [2024-10-26T18:09:44.187+0000] {dagbag.py:588} INFO - Filling up the DagBag from /home/airflow/.local/lib/python3.12/site-packages/airflow/example_dags/plugins/decreasing_priority_weight_strategy.py
[2024-10-26T18:09:44.190+0000] {processor.py:927} WARNING - No viable dags retrieved from /home/airflow/.local/lib/python3.12/site-packages/airflow/example_dags/plugins/decreasing_priority_weight_strategy.py
[2024-10-26T18:09:44.201+0000] {processor.py:208} INFO - Processing /home/airflow/.local/lib/python3.12/site-packages/airflow/example_dags/plugins/decreasing_priority_weight_strategy.py took 0.024 seconds
[2024-10-26T18:10:15.942+0000] {processor.py:186} INFO - Started process (PID=6137) to work on /home/airflow/.local/lib/python3.12/site-packages/airflow/example_dags/plugins/decreasing_priority_weight_strategy.py
[2024-10-26T18:10:15.943+0000] {processor.py:914} INFO - Processing file /home/airflow/.local/lib/python3.12/site-packages/airflow/example_dags/plugins/decreasing_priority_weight_strategy.py for tasks to queue
[2024-10-26T18:10:15.945+0000] {logging_mixin.py:190} INFO - [2024-10-26T18:10:15.945+0000] {dagbag.py:588} INFO - Filling up the DagBag from /home/airflow/.local/lib/python3.12/site-packages/airflow/example_dags/plugins/decreasing_priority_weight_strategy.py
[2024-10-26T18:10:15.947+0000] {processor.py:927} WARNING - No viable dags retrieved from /home/airflow/.local/lib/python3.12/site-packages/airflow/example_dags/plugins/decreasing_priority_weight_strategy.py
[2024-10-26T18:10:15.958+0000] {processor.py:208} INFO - Processing /home/airflow/.local/lib/python3.12/site-packages/airflow/example_dags/plugins/decreasing_priority_weight_strategy.py took 0.021 seconds
[2024-10-26T18:10:48.857+0000] {processor.py:186} INFO - Started process (PID=6201) to work on /home/airflow/.local/lib/python3.12/site-packages/airflow/example_dags/plugins/decreasing_priority_weight_strategy.py
[2024-10-26T18:10:48.858+0000] {processor.py:914} INFO - Processing file /home/airflow/.local/lib/python3.12/site-packages/airflow/example_dags/plugins/decreasing_priority_weight_strategy.py for tasks to queue
[2024-10-26T18:10:48.860+0000] {logging_mixin.py:190} INFO - [2024-10-26T18:10:48.860+0000] {dagbag.py:588} INFO - Filling up the DagBag from /home/airflow/.local/lib/python3.12/site-packages/airflow/example_dags/plugins/decreasing_priority_weight_strategy.py
[2024-10-26T18:10:48.862+0000] {processor.py:927} WARNING - No viable dags retrieved from /home/airflow/.local/lib/python3.12/site-packages/airflow/example_dags/plugins/decreasing_priority_weight_strategy.py
[2024-10-26T18:10:48.874+0000] {processor.py:208} INFO - Processing /home/airflow/.local/lib/python3.12/site-packages/airflow/example_dags/plugins/decreasing_priority_weight_strategy.py took 0.022 seconds
[2024-10-26T18:11:21.881+0000] {processor.py:186} INFO - Started process (PID=6265) to work on /home/airflow/.local/lib/python3.12/site-packages/airflow/example_dags/plugins/decreasing_priority_weight_strategy.py
[2024-10-26T18:11:21.882+0000] {processor.py:914} INFO - Processing file /home/airflow/.local/lib/python3.12/site-packages/airflow/example_dags/plugins/decreasing_priority_weight_strategy.py for tasks to queue
[2024-10-26T18:11:21.886+0000] {logging_mixin.py:190} INFO - [2024-10-26T18:11:21.885+0000] {dagbag.py:588} INFO - Filling up the DagBag from /home/airflow/.local/lib/python3.12/site-packages/airflow/example_dags/plugins/decreasing_priority_weight_strategy.py
[2024-10-26T18:11:21.891+0000] {processor.py:927} WARNING - No viable dags retrieved from /home/airflow/.local/lib/python3.12/site-packages/airflow/example_dags/plugins/decreasing_priority_weight_strategy.py
[2024-10-26T18:11:21.905+0000] {processor.py:208} INFO - Processing /home/airflow/.local/lib/python3.12/site-packages/airflow/example_dags/plugins/decreasing_priority_weight_strategy.py took 0.031 seconds
[2024-10-26T18:11:55.135+0000] {processor.py:186} INFO - Started process (PID=6329) to work on /home/airflow/.local/lib/python3.12/site-packages/airflow/example_dags/plugins/decreasing_priority_weight_strategy.py
[2024-10-26T18:11:55.136+0000] {processor.py:914} INFO - Processing file /home/airflow/.local/lib/python3.12/site-packages/airflow/example_dags/plugins/decreasing_priority_weight_strategy.py for tasks to queue
[2024-10-26T18:11:55.138+0000] {logging_mixin.py:190} INFO - [2024-10-26T18:11:55.138+0000] {dagbag.py:588} INFO - Filling up the DagBag from /home/airflow/.local/lib/python3.12/site-packages/airflow/example_dags/plugins/decreasing_priority_weight_strategy.py
[2024-10-26T18:11:55.140+0000] {processor.py:927} WARNING - No viable dags retrieved from /home/airflow/.local/lib/python3.12/site-packages/airflow/example_dags/plugins/decreasing_priority_weight_strategy.py
[2024-10-26T18:11:55.154+0000] {processor.py:208} INFO - Processing /home/airflow/.local/lib/python3.12/site-packages/airflow/example_dags/plugins/decreasing_priority_weight_strategy.py took 0.025 seconds
[2024-10-26T18:12:27.050+0000] {processor.py:186} INFO - Started process (PID=6393) to work on /home/airflow/.local/lib/python3.12/site-packages/airflow/example_dags/plugins/decreasing_priority_weight_strategy.py
[2024-10-26T18:12:27.051+0000] {processor.py:914} INFO - Processing file /home/airflow/.local/lib/python3.12/site-packages/airflow/example_dags/plugins/decreasing_priority_weight_strategy.py for tasks to queue
[2024-10-26T18:12:27.055+0000] {logging_mixin.py:190} INFO - [2024-10-26T18:12:27.054+0000] {dagbag.py:588} INFO - Filling up the DagBag from /home/airflow/.local/lib/python3.12/site-packages/airflow/example_dags/plugins/decreasing_priority_weight_strategy.py
[2024-10-26T18:12:27.057+0000] {processor.py:927} WARNING - No viable dags retrieved from /home/airflow/.local/lib/python3.12/site-packages/airflow/example_dags/plugins/decreasing_priority_weight_strategy.py
[2024-10-26T18:12:27.071+0000] {processor.py:208} INFO - Processing /home/airflow/.local/lib/python3.12/site-packages/airflow/example_dags/plugins/decreasing_priority_weight_strategy.py took 0.029 seconds
[2024-10-26T18:13:01.085+0000] {processor.py:186} INFO - Started process (PID=6457) to work on /home/airflow/.local/lib/python3.12/site-packages/airflow/example_dags/plugins/decreasing_priority_weight_strategy.py
[2024-10-26T18:13:01.086+0000] {processor.py:914} INFO - Processing file /home/airflow/.local/lib/python3.12/site-packages/airflow/example_dags/plugins/decreasing_priority_weight_strategy.py for tasks to queue
[2024-10-26T18:13:01.090+0000] {logging_mixin.py:190} INFO - [2024-10-26T18:13:01.089+0000] {dagbag.py:588} INFO - Filling up the DagBag from /home/airflow/.local/lib/python3.12/site-packages/airflow/example_dags/plugins/decreasing_priority_weight_strategy.py
[2024-10-26T18:13:01.093+0000] {processor.py:927} WARNING - No viable dags retrieved from /home/airflow/.local/lib/python3.12/site-packages/airflow/example_dags/plugins/decreasing_priority_weight_strategy.py
[2024-10-26T18:13:01.111+0000] {processor.py:208} INFO - Processing /home/airflow/.local/lib/python3.12/site-packages/airflow/example_dags/plugins/decreasing_priority_weight_strategy.py took 0.035 seconds
[2024-10-26T18:13:33.194+0000] {processor.py:186} INFO - Started process (PID=6521) to work on /home/airflow/.local/lib/python3.12/site-packages/airflow/example_dags/plugins/decreasing_priority_weight_strategy.py
[2024-10-26T18:13:33.195+0000] {processor.py:914} INFO - Processing file /home/airflow/.local/lib/python3.12/site-packages/airflow/example_dags/plugins/decreasing_priority_weight_strategy.py for tasks to queue
[2024-10-26T18:13:33.198+0000] {logging_mixin.py:190} INFO - [2024-10-26T18:13:33.197+0000] {dagbag.py:588} INFO - Filling up the DagBag from /home/airflow/.local/lib/python3.12/site-packages/airflow/example_dags/plugins/decreasing_priority_weight_strategy.py
[2024-10-26T18:13:33.200+0000] {processor.py:927} WARNING - No viable dags retrieved from /home/airflow/.local/lib/python3.12/site-packages/airflow/example_dags/plugins/decreasing_priority_weight_strategy.py
[2024-10-26T18:13:33.218+0000] {processor.py:208} INFO - Processing /home/airflow/.local/lib/python3.12/site-packages/airflow/example_dags/plugins/decreasing_priority_weight_strategy.py took 0.031 seconds
[2024-10-26T18:14:06.997+0000] {processor.py:186} INFO - Started process (PID=6585) to work on /home/airflow/.local/lib/python3.12/site-packages/airflow/example_dags/plugins/decreasing_priority_weight_strategy.py
[2024-10-26T18:14:06.999+0000] {processor.py:914} INFO - Processing file /home/airflow/.local/lib/python3.12/site-packages/airflow/example_dags/plugins/decreasing_priority_weight_strategy.py for tasks to queue
[2024-10-26T18:14:07.003+0000] {logging_mixin.py:190} INFO - [2024-10-26T18:14:07.002+0000] {dagbag.py:588} INFO - Filling up the DagBag from /home/airflow/.local/lib/python3.12/site-packages/airflow/example_dags/plugins/decreasing_priority_weight_strategy.py
[2024-10-26T18:14:07.005+0000] {processor.py:927} WARNING - No viable dags retrieved from /home/airflow/.local/lib/python3.12/site-packages/airflow/example_dags/plugins/decreasing_priority_weight_strategy.py
[2024-10-26T18:14:07.021+0000] {processor.py:208} INFO - Processing /home/airflow/.local/lib/python3.12/site-packages/airflow/example_dags/plugins/decreasing_priority_weight_strategy.py took 0.031 seconds
[2024-10-26T18:14:37.846+0000] {processor.py:186} INFO - Started process (PID=6649) to work on /home/airflow/.local/lib/python3.12/site-packages/airflow/example_dags/plugins/decreasing_priority_weight_strategy.py
[2024-10-26T18:14:37.847+0000] {processor.py:914} INFO - Processing file /home/airflow/.local/lib/python3.12/site-packages/airflow/example_dags/plugins/decreasing_priority_weight_strategy.py for tasks to queue
[2024-10-26T18:14:37.849+0000] {logging_mixin.py:190} INFO - [2024-10-26T18:14:37.849+0000] {dagbag.py:588} INFO - Filling up the DagBag from /home/airflow/.local/lib/python3.12/site-packages/airflow/example_dags/plugins/decreasing_priority_weight_strategy.py
[2024-10-26T18:14:37.851+0000] {processor.py:927} WARNING - No viable dags retrieved from /home/airflow/.local/lib/python3.12/site-packages/airflow/example_dags/plugins/decreasing_priority_weight_strategy.py
[2024-10-26T18:14:37.865+0000] {processor.py:208} INFO - Processing /home/airflow/.local/lib/python3.12/site-packages/airflow/example_dags/plugins/decreasing_priority_weight_strategy.py took 0.026 seconds
[2024-10-26T18:15:10.561+0000] {processor.py:186} INFO - Started process (PID=6713) to work on /home/airflow/.local/lib/python3.12/site-packages/airflow/example_dags/plugins/decreasing_priority_weight_strategy.py
[2024-10-26T18:15:10.562+0000] {processor.py:914} INFO - Processing file /home/airflow/.local/lib/python3.12/site-packages/airflow/example_dags/plugins/decreasing_priority_weight_strategy.py for tasks to queue
[2024-10-26T18:15:10.565+0000] {logging_mixin.py:190} INFO - [2024-10-26T18:15:10.564+0000] {dagbag.py:588} INFO - Filling up the DagBag from /home/airflow/.local/lib/python3.12/site-packages/airflow/example_dags/plugins/decreasing_priority_weight_strategy.py
[2024-10-26T18:15:10.567+0000] {processor.py:927} WARNING - No viable dags retrieved from /home/airflow/.local/lib/python3.12/site-packages/airflow/example_dags/plugins/decreasing_priority_weight_strategy.py
[2024-10-26T18:15:10.581+0000] {processor.py:208} INFO - Processing /home/airflow/.local/lib/python3.12/site-packages/airflow/example_dags/plugins/decreasing_priority_weight_strategy.py took 0.026 seconds
[2024-10-26T18:15:43.477+0000] {processor.py:186} INFO - Started process (PID=6777) to work on /home/airflow/.local/lib/python3.12/site-packages/airflow/example_dags/plugins/decreasing_priority_weight_strategy.py
[2024-10-26T18:15:43.478+0000] {processor.py:914} INFO - Processing file /home/airflow/.local/lib/python3.12/site-packages/airflow/example_dags/plugins/decreasing_priority_weight_strategy.py for tasks to queue
[2024-10-26T18:15:43.481+0000] {logging_mixin.py:190} INFO - [2024-10-26T18:15:43.481+0000] {dagbag.py:588} INFO - Filling up the DagBag from /home/airflow/.local/lib/python3.12/site-packages/airflow/example_dags/plugins/decreasing_priority_weight_strategy.py
[2024-10-26T18:15:43.483+0000] {processor.py:927} WARNING - No viable dags retrieved from /home/airflow/.local/lib/python3.12/site-packages/airflow/example_dags/plugins/decreasing_priority_weight_strategy.py
[2024-10-26T18:15:43.497+0000] {processor.py:208} INFO - Processing /home/airflow/.local/lib/python3.12/site-packages/airflow/example_dags/plugins/decreasing_priority_weight_strategy.py took 0.026 seconds
[2024-10-26T18:16:16.279+0000] {processor.py:186} INFO - Started process (PID=6841) to work on /home/airflow/.local/lib/python3.12/site-packages/airflow/example_dags/plugins/decreasing_priority_weight_strategy.py
[2024-10-26T18:16:16.280+0000] {processor.py:914} INFO - Processing file /home/airflow/.local/lib/python3.12/site-packages/airflow/example_dags/plugins/decreasing_priority_weight_strategy.py for tasks to queue
[2024-10-26T18:16:16.282+0000] {logging_mixin.py:190} INFO - [2024-10-26T18:16:16.282+0000] {dagbag.py:588} INFO - Filling up the DagBag from /home/airflow/.local/lib/python3.12/site-packages/airflow/example_dags/plugins/decreasing_priority_weight_strategy.py
[2024-10-26T18:16:16.284+0000] {processor.py:927} WARNING - No viable dags retrieved from /home/airflow/.local/lib/python3.12/site-packages/airflow/example_dags/plugins/decreasing_priority_weight_strategy.py
[2024-10-26T18:16:16.295+0000] {processor.py:208} INFO - Processing /home/airflow/.local/lib/python3.12/site-packages/airflow/example_dags/plugins/decreasing_priority_weight_strategy.py took 0.023 seconds
[2024-10-26T18:16:49.321+0000] {processor.py:186} INFO - Started process (PID=6905) to work on /home/airflow/.local/lib/python3.12/site-packages/airflow/example_dags/plugins/decreasing_priority_weight_strategy.py
[2024-10-26T18:16:49.322+0000] {processor.py:914} INFO - Processing file /home/airflow/.local/lib/python3.12/site-packages/airflow/example_dags/plugins/decreasing_priority_weight_strategy.py for tasks to queue
[2024-10-26T18:16:49.325+0000] {logging_mixin.py:190} INFO - [2024-10-26T18:16:49.325+0000] {dagbag.py:588} INFO - Filling up the DagBag from /home/airflow/.local/lib/python3.12/site-packages/airflow/example_dags/plugins/decreasing_priority_weight_strategy.py
[2024-10-26T18:16:49.329+0000] {processor.py:927} WARNING - No viable dags retrieved from /home/airflow/.local/lib/python3.12/site-packages/airflow/example_dags/plugins/decreasing_priority_weight_strategy.py
[2024-10-26T18:16:49.339+0000] {processor.py:208} INFO - Processing /home/airflow/.local/lib/python3.12/site-packages/airflow/example_dags/plugins/decreasing_priority_weight_strategy.py took 0.025 seconds
[2024-10-26T18:17:22.614+0000] {processor.py:186} INFO - Started process (PID=6969) to work on /home/airflow/.local/lib/python3.12/site-packages/airflow/example_dags/plugins/decreasing_priority_weight_strategy.py
[2024-10-26T18:17:22.616+0000] {processor.py:914} INFO - Processing file /home/airflow/.local/lib/python3.12/site-packages/airflow/example_dags/plugins/decreasing_priority_weight_strategy.py for tasks to queue
[2024-10-26T18:17:22.619+0000] {logging_mixin.py:190} INFO - [2024-10-26T18:17:22.619+0000] {dagbag.py:588} INFO - Filling up the DagBag from /home/airflow/.local/lib/python3.12/site-packages/airflow/example_dags/plugins/decreasing_priority_weight_strategy.py
[2024-10-26T18:17:22.621+0000] {processor.py:927} WARNING - No viable dags retrieved from /home/airflow/.local/lib/python3.12/site-packages/airflow/example_dags/plugins/decreasing_priority_weight_strategy.py
[2024-10-26T18:17:22.634+0000] {processor.py:208} INFO - Processing /home/airflow/.local/lib/python3.12/site-packages/airflow/example_dags/plugins/decreasing_priority_weight_strategy.py took 0.025 seconds
[2024-10-26T18:17:54.489+0000] {processor.py:186} INFO - Started process (PID=7033) to work on /home/airflow/.local/lib/python3.12/site-packages/airflow/example_dags/plugins/decreasing_priority_weight_strategy.py
[2024-10-26T18:17:54.491+0000] {processor.py:914} INFO - Processing file /home/airflow/.local/lib/python3.12/site-packages/airflow/example_dags/plugins/decreasing_priority_weight_strategy.py for tasks to queue
[2024-10-26T18:17:54.494+0000] {logging_mixin.py:190} INFO - [2024-10-26T18:17:54.493+0000] {dagbag.py:588} INFO - Filling up the DagBag from /home/airflow/.local/lib/python3.12/site-packages/airflow/example_dags/plugins/decreasing_priority_weight_strategy.py
[2024-10-26T18:17:54.497+0000] {processor.py:927} WARNING - No viable dags retrieved from /home/airflow/.local/lib/python3.12/site-packages/airflow/example_dags/plugins/decreasing_priority_weight_strategy.py
[2024-10-26T18:17:54.516+0000] {processor.py:208} INFO - Processing /home/airflow/.local/lib/python3.12/site-packages/airflow/example_dags/plugins/decreasing_priority_weight_strategy.py took 0.033 seconds
[2024-10-26T18:18:27.275+0000] {processor.py:186} INFO - Started process (PID=7097) to work on /home/airflow/.local/lib/python3.12/site-packages/airflow/example_dags/plugins/decreasing_priority_weight_strategy.py
[2024-10-26T18:18:27.276+0000] {processor.py:914} INFO - Processing file /home/airflow/.local/lib/python3.12/site-packages/airflow/example_dags/plugins/decreasing_priority_weight_strategy.py for tasks to queue
[2024-10-26T18:18:27.279+0000] {logging_mixin.py:190} INFO - [2024-10-26T18:18:27.278+0000] {dagbag.py:588} INFO - Filling up the DagBag from /home/airflow/.local/lib/python3.12/site-packages/airflow/example_dags/plugins/decreasing_priority_weight_strategy.py
[2024-10-26T18:18:27.281+0000] {processor.py:927} WARNING - No viable dags retrieved from /home/airflow/.local/lib/python3.12/site-packages/airflow/example_dags/plugins/decreasing_priority_weight_strategy.py
[2024-10-26T18:18:27.292+0000] {processor.py:208} INFO - Processing /home/airflow/.local/lib/python3.12/site-packages/airflow/example_dags/plugins/decreasing_priority_weight_strategy.py took 0.022 seconds
[2024-10-26T18:18:59.992+0000] {processor.py:186} INFO - Started process (PID=7161) to work on /home/airflow/.local/lib/python3.12/site-packages/airflow/example_dags/plugins/decreasing_priority_weight_strategy.py
[2024-10-26T18:18:59.993+0000] {processor.py:914} INFO - Processing file /home/airflow/.local/lib/python3.12/site-packages/airflow/example_dags/plugins/decreasing_priority_weight_strategy.py for tasks to queue
[2024-10-26T18:18:59.995+0000] {logging_mixin.py:190} INFO - [2024-10-26T18:18:59.995+0000] {dagbag.py:588} INFO - Filling up the DagBag from /home/airflow/.local/lib/python3.12/site-packages/airflow/example_dags/plugins/decreasing_priority_weight_strategy.py
[2024-10-26T18:18:59.997+0000] {processor.py:927} WARNING - No viable dags retrieved from /home/airflow/.local/lib/python3.12/site-packages/airflow/example_dags/plugins/decreasing_priority_weight_strategy.py
[2024-10-26T18:19:00.009+0000] {processor.py:208} INFO - Processing /home/airflow/.local/lib/python3.12/site-packages/airflow/example_dags/plugins/decreasing_priority_weight_strategy.py took 0.024 seconds
[2024-10-26T18:19:33.055+0000] {processor.py:186} INFO - Started process (PID=7225) to work on /home/airflow/.local/lib/python3.12/site-packages/airflow/example_dags/plugins/decreasing_priority_weight_strategy.py
[2024-10-26T18:19:33.056+0000] {processor.py:914} INFO - Processing file /home/airflow/.local/lib/python3.12/site-packages/airflow/example_dags/plugins/decreasing_priority_weight_strategy.py for tasks to queue
[2024-10-26T18:19:33.058+0000] {logging_mixin.py:190} INFO - [2024-10-26T18:19:33.058+0000] {dagbag.py:588} INFO - Filling up the DagBag from /home/airflow/.local/lib/python3.12/site-packages/airflow/example_dags/plugins/decreasing_priority_weight_strategy.py
[2024-10-26T18:19:33.061+0000] {processor.py:927} WARNING - No viable dags retrieved from /home/airflow/.local/lib/python3.12/site-packages/airflow/example_dags/plugins/decreasing_priority_weight_strategy.py
[2024-10-26T18:19:33.073+0000] {processor.py:208} INFO - Processing /home/airflow/.local/lib/python3.12/site-packages/airflow/example_dags/plugins/decreasing_priority_weight_strategy.py took 0.024 seconds
[2024-10-26T18:20:05.696+0000] {processor.py:186} INFO - Started process (PID=7289) to work on /home/airflow/.local/lib/python3.12/site-packages/airflow/example_dags/plugins/decreasing_priority_weight_strategy.py
[2024-10-26T18:20:05.697+0000] {processor.py:914} INFO - Processing file /home/airflow/.local/lib/python3.12/site-packages/airflow/example_dags/plugins/decreasing_priority_weight_strategy.py for tasks to queue
[2024-10-26T18:20:05.699+0000] {logging_mixin.py:190} INFO - [2024-10-26T18:20:05.699+0000] {dagbag.py:588} INFO - Filling up the DagBag from /home/airflow/.local/lib/python3.12/site-packages/airflow/example_dags/plugins/decreasing_priority_weight_strategy.py
[2024-10-26T18:20:05.701+0000] {processor.py:927} WARNING - No viable dags retrieved from /home/airflow/.local/lib/python3.12/site-packages/airflow/example_dags/plugins/decreasing_priority_weight_strategy.py
[2024-10-26T18:20:05.713+0000] {processor.py:208} INFO - Processing /home/airflow/.local/lib/python3.12/site-packages/airflow/example_dags/plugins/decreasing_priority_weight_strategy.py took 0.023 seconds
[2024-10-26T18:20:38.299+0000] {processor.py:186} INFO - Started process (PID=7353) to work on /home/airflow/.local/lib/python3.12/site-packages/airflow/example_dags/plugins/decreasing_priority_weight_strategy.py
[2024-10-26T18:20:38.301+0000] {processor.py:914} INFO - Processing file /home/airflow/.local/lib/python3.12/site-packages/airflow/example_dags/plugins/decreasing_priority_weight_strategy.py for tasks to queue
[2024-10-26T18:20:38.303+0000] {logging_mixin.py:190} INFO - [2024-10-26T18:20:38.303+0000] {dagbag.py:588} INFO - Filling up the DagBag from /home/airflow/.local/lib/python3.12/site-packages/airflow/example_dags/plugins/decreasing_priority_weight_strategy.py
[2024-10-26T18:20:38.305+0000] {processor.py:927} WARNING - No viable dags retrieved from /home/airflow/.local/lib/python3.12/site-packages/airflow/example_dags/plugins/decreasing_priority_weight_strategy.py
[2024-10-26T18:20:38.318+0000] {processor.py:208} INFO - Processing /home/airflow/.local/lib/python3.12/site-packages/airflow/example_dags/plugins/decreasing_priority_weight_strategy.py took 0.025 seconds
[2024-10-26T18:21:11.229+0000] {processor.py:186} INFO - Started process (PID=7417) to work on /home/airflow/.local/lib/python3.12/site-packages/airflow/example_dags/plugins/decreasing_priority_weight_strategy.py
[2024-10-26T18:21:11.230+0000] {processor.py:914} INFO - Processing file /home/airflow/.local/lib/python3.12/site-packages/airflow/example_dags/plugins/decreasing_priority_weight_strategy.py for tasks to queue
[2024-10-26T18:21:11.233+0000] {logging_mixin.py:190} INFO - [2024-10-26T18:21:11.233+0000] {dagbag.py:588} INFO - Filling up the DagBag from /home/airflow/.local/lib/python3.12/site-packages/airflow/example_dags/plugins/decreasing_priority_weight_strategy.py
[2024-10-26T18:21:11.236+0000] {processor.py:927} WARNING - No viable dags retrieved from /home/airflow/.local/lib/python3.12/site-packages/airflow/example_dags/plugins/decreasing_priority_weight_strategy.py
[2024-10-26T18:21:11.248+0000] {processor.py:208} INFO - Processing /home/airflow/.local/lib/python3.12/site-packages/airflow/example_dags/plugins/decreasing_priority_weight_strategy.py took 0.023 seconds
[2024-10-26T18:21:44.171+0000] {processor.py:186} INFO - Started process (PID=7481) to work on /home/airflow/.local/lib/python3.12/site-packages/airflow/example_dags/plugins/decreasing_priority_weight_strategy.py
[2024-10-26T18:21:44.173+0000] {processor.py:914} INFO - Processing file /home/airflow/.local/lib/python3.12/site-packages/airflow/example_dags/plugins/decreasing_priority_weight_strategy.py for tasks to queue
[2024-10-26T18:21:44.176+0000] {logging_mixin.py:190} INFO - [2024-10-26T18:21:44.175+0000] {dagbag.py:588} INFO - Filling up the DagBag from /home/airflow/.local/lib/python3.12/site-packages/airflow/example_dags/plugins/decreasing_priority_weight_strategy.py
[2024-10-26T18:21:44.178+0000] {processor.py:927} WARNING - No viable dags retrieved from /home/airflow/.local/lib/python3.12/site-packages/airflow/example_dags/plugins/decreasing_priority_weight_strategy.py
[2024-10-26T18:21:44.192+0000] {processor.py:208} INFO - Processing /home/airflow/.local/lib/python3.12/site-packages/airflow/example_dags/plugins/decreasing_priority_weight_strategy.py took 0.028 seconds
[2024-10-26T18:22:17.365+0000] {processor.py:186} INFO - Started process (PID=7545) to work on /home/airflow/.local/lib/python3.12/site-packages/airflow/example_dags/plugins/decreasing_priority_weight_strategy.py
[2024-10-26T18:22:17.367+0000] {processor.py:914} INFO - Processing file /home/airflow/.local/lib/python3.12/site-packages/airflow/example_dags/plugins/decreasing_priority_weight_strategy.py for tasks to queue
[2024-10-26T18:22:17.369+0000] {logging_mixin.py:190} INFO - [2024-10-26T18:22:17.369+0000] {dagbag.py:588} INFO - Filling up the DagBag from /home/airflow/.local/lib/python3.12/site-packages/airflow/example_dags/plugins/decreasing_priority_weight_strategy.py
[2024-10-26T18:22:17.371+0000] {processor.py:927} WARNING - No viable dags retrieved from /home/airflow/.local/lib/python3.12/site-packages/airflow/example_dags/plugins/decreasing_priority_weight_strategy.py
[2024-10-26T18:22:17.387+0000] {processor.py:208} INFO - Processing /home/airflow/.local/lib/python3.12/site-packages/airflow/example_dags/plugins/decreasing_priority_weight_strategy.py took 0.030 seconds
[2024-10-26T18:22:49.353+0000] {processor.py:186} INFO - Started process (PID=7609) to work on /home/airflow/.local/lib/python3.12/site-packages/airflow/example_dags/plugins/decreasing_priority_weight_strategy.py
[2024-10-26T18:22:49.354+0000] {processor.py:914} INFO - Processing file /home/airflow/.local/lib/python3.12/site-packages/airflow/example_dags/plugins/decreasing_priority_weight_strategy.py for tasks to queue
[2024-10-26T18:22:49.357+0000] {logging_mixin.py:190} INFO - [2024-10-26T18:22:49.357+0000] {dagbag.py:588} INFO - Filling up the DagBag from /home/airflow/.local/lib/python3.12/site-packages/airflow/example_dags/plugins/decreasing_priority_weight_strategy.py
[2024-10-26T18:22:49.360+0000] {processor.py:927} WARNING - No viable dags retrieved from /home/airflow/.local/lib/python3.12/site-packages/airflow/example_dags/plugins/decreasing_priority_weight_strategy.py
[2024-10-26T18:22:49.372+0000] {processor.py:208} INFO - Processing /home/airflow/.local/lib/python3.12/site-packages/airflow/example_dags/plugins/decreasing_priority_weight_strategy.py took 0.025 seconds
[2024-10-26T18:23:22.405+0000] {processor.py:186} INFO - Started process (PID=7673) to work on /home/airflow/.local/lib/python3.12/site-packages/airflow/example_dags/plugins/decreasing_priority_weight_strategy.py
[2024-10-26T18:23:22.406+0000] {processor.py:914} INFO - Processing file /home/airflow/.local/lib/python3.12/site-packages/airflow/example_dags/plugins/decreasing_priority_weight_strategy.py for tasks to queue
[2024-10-26T18:23:22.408+0000] {logging_mixin.py:190} INFO - [2024-10-26T18:23:22.408+0000] {dagbag.py:588} INFO - Filling up the DagBag from /home/airflow/.local/lib/python3.12/site-packages/airflow/example_dags/plugins/decreasing_priority_weight_strategy.py
[2024-10-26T18:23:22.410+0000] {processor.py:927} WARNING - No viable dags retrieved from /home/airflow/.local/lib/python3.12/site-packages/airflow/example_dags/plugins/decreasing_priority_weight_strategy.py
[2024-10-26T18:23:22.421+0000] {processor.py:208} INFO - Processing /home/airflow/.local/lib/python3.12/site-packages/airflow/example_dags/plugins/decreasing_priority_weight_strategy.py took 0.023 seconds
[2024-10-26T18:23:55.375+0000] {processor.py:186} INFO - Started process (PID=7737) to work on /home/airflow/.local/lib/python3.12/site-packages/airflow/example_dags/plugins/decreasing_priority_weight_strategy.py
[2024-10-26T18:23:55.376+0000] {processor.py:914} INFO - Processing file /home/airflow/.local/lib/python3.12/site-packages/airflow/example_dags/plugins/decreasing_priority_weight_strategy.py for tasks to queue
[2024-10-26T18:23:55.379+0000] {logging_mixin.py:190} INFO - [2024-10-26T18:23:55.379+0000] {dagbag.py:588} INFO - Filling up the DagBag from /home/airflow/.local/lib/python3.12/site-packages/airflow/example_dags/plugins/decreasing_priority_weight_strategy.py
[2024-10-26T18:23:55.382+0000] {processor.py:927} WARNING - No viable dags retrieved from /home/airflow/.local/lib/python3.12/site-packages/airflow/example_dags/plugins/decreasing_priority_weight_strategy.py
[2024-10-26T18:23:55.394+0000] {processor.py:208} INFO - Processing /home/airflow/.local/lib/python3.12/site-packages/airflow/example_dags/plugins/decreasing_priority_weight_strategy.py took 0.024 seconds
[2024-10-26T18:24:28.219+0000] {processor.py:186} INFO - Started process (PID=7801) to work on /home/airflow/.local/lib/python3.12/site-packages/airflow/example_dags/plugins/decreasing_priority_weight_strategy.py
[2024-10-26T18:24:28.220+0000] {processor.py:914} INFO - Processing file /home/airflow/.local/lib/python3.12/site-packages/airflow/example_dags/plugins/decreasing_priority_weight_strategy.py for tasks to queue
[2024-10-26T18:24:28.223+0000] {logging_mixin.py:190} INFO - [2024-10-26T18:24:28.222+0000] {dagbag.py:588} INFO - Filling up the DagBag from /home/airflow/.local/lib/python3.12/site-packages/airflow/example_dags/plugins/decreasing_priority_weight_strategy.py
[2024-10-26T18:24:28.225+0000] {processor.py:927} WARNING - No viable dags retrieved from /home/airflow/.local/lib/python3.12/site-packages/airflow/example_dags/plugins/decreasing_priority_weight_strategy.py
[2024-10-26T18:24:28.241+0000] {processor.py:208} INFO - Processing /home/airflow/.local/lib/python3.12/site-packages/airflow/example_dags/plugins/decreasing_priority_weight_strategy.py took 0.028 seconds
[2024-10-26T18:25:00.337+0000] {processor.py:186} INFO - Started process (PID=7865) to work on /home/airflow/.local/lib/python3.12/site-packages/airflow/example_dags/plugins/decreasing_priority_weight_strategy.py
[2024-10-26T18:25:00.338+0000] {processor.py:914} INFO - Processing file /home/airflow/.local/lib/python3.12/site-packages/airflow/example_dags/plugins/decreasing_priority_weight_strategy.py for tasks to queue
[2024-10-26T18:25:00.341+0000] {logging_mixin.py:190} INFO - [2024-10-26T18:25:00.340+0000] {dagbag.py:588} INFO - Filling up the DagBag from /home/airflow/.local/lib/python3.12/site-packages/airflow/example_dags/plugins/decreasing_priority_weight_strategy.py
[2024-10-26T18:25:00.343+0000] {processor.py:927} WARNING - No viable dags retrieved from /home/airflow/.local/lib/python3.12/site-packages/airflow/example_dags/plugins/decreasing_priority_weight_strategy.py
[2024-10-26T18:25:00.357+0000] {processor.py:208} INFO - Processing /home/airflow/.local/lib/python3.12/site-packages/airflow/example_dags/plugins/decreasing_priority_weight_strategy.py took 0.026 seconds
[2024-10-26T18:25:33.398+0000] {processor.py:186} INFO - Started process (PID=7929) to work on /home/airflow/.local/lib/python3.12/site-packages/airflow/example_dags/plugins/decreasing_priority_weight_strategy.py
[2024-10-26T18:25:33.400+0000] {processor.py:914} INFO - Processing file /home/airflow/.local/lib/python3.12/site-packages/airflow/example_dags/plugins/decreasing_priority_weight_strategy.py for tasks to queue
[2024-10-26T18:25:33.402+0000] {logging_mixin.py:190} INFO - [2024-10-26T18:25:33.401+0000] {dagbag.py:588} INFO - Filling up the DagBag from /home/airflow/.local/lib/python3.12/site-packages/airflow/example_dags/plugins/decreasing_priority_weight_strategy.py
[2024-10-26T18:25:33.404+0000] {processor.py:927} WARNING - No viable dags retrieved from /home/airflow/.local/lib/python3.12/site-packages/airflow/example_dags/plugins/decreasing_priority_weight_strategy.py
[2024-10-26T18:25:33.417+0000] {processor.py:208} INFO - Processing /home/airflow/.local/lib/python3.12/site-packages/airflow/example_dags/plugins/decreasing_priority_weight_strategy.py took 0.024 seconds
[2024-10-26T18:26:05.661+0000] {processor.py:186} INFO - Started process (PID=7993) to work on /home/airflow/.local/lib/python3.12/site-packages/airflow/example_dags/plugins/decreasing_priority_weight_strategy.py
[2024-10-26T18:26:05.662+0000] {processor.py:914} INFO - Processing file /home/airflow/.local/lib/python3.12/site-packages/airflow/example_dags/plugins/decreasing_priority_weight_strategy.py for tasks to queue
[2024-10-26T18:26:05.665+0000] {logging_mixin.py:190} INFO - [2024-10-26T18:26:05.664+0000] {dagbag.py:588} INFO - Filling up the DagBag from /home/airflow/.local/lib/python3.12/site-packages/airflow/example_dags/plugins/decreasing_priority_weight_strategy.py
[2024-10-26T18:26:05.667+0000] {processor.py:927} WARNING - No viable dags retrieved from /home/airflow/.local/lib/python3.12/site-packages/airflow/example_dags/plugins/decreasing_priority_weight_strategy.py
[2024-10-26T18:26:05.678+0000] {processor.py:208} INFO - Processing /home/airflow/.local/lib/python3.12/site-packages/airflow/example_dags/plugins/decreasing_priority_weight_strategy.py took 0.022 seconds
[2024-10-26T18:26:39.063+0000] {processor.py:186} INFO - Started process (PID=8057) to work on /home/airflow/.local/lib/python3.12/site-packages/airflow/example_dags/plugins/decreasing_priority_weight_strategy.py
[2024-10-26T18:26:39.064+0000] {processor.py:914} INFO - Processing file /home/airflow/.local/lib/python3.12/site-packages/airflow/example_dags/plugins/decreasing_priority_weight_strategy.py for tasks to queue
[2024-10-26T18:26:39.066+0000] {logging_mixin.py:190} INFO - [2024-10-26T18:26:39.066+0000] {dagbag.py:588} INFO - Filling up the DagBag from /home/airflow/.local/lib/python3.12/site-packages/airflow/example_dags/plugins/decreasing_priority_weight_strategy.py
[2024-10-26T18:26:39.068+0000] {processor.py:927} WARNING - No viable dags retrieved from /home/airflow/.local/lib/python3.12/site-packages/airflow/example_dags/plugins/decreasing_priority_weight_strategy.py
[2024-10-26T18:26:39.079+0000] {processor.py:208} INFO - Processing /home/airflow/.local/lib/python3.12/site-packages/airflow/example_dags/plugins/decreasing_priority_weight_strategy.py took 0.021 seconds
[2024-10-26T18:27:11.068+0000] {processor.py:186} INFO - Started process (PID=8121) to work on /home/airflow/.local/lib/python3.12/site-packages/airflow/example_dags/plugins/decreasing_priority_weight_strategy.py
[2024-10-26T18:27:11.069+0000] {processor.py:914} INFO - Processing file /home/airflow/.local/lib/python3.12/site-packages/airflow/example_dags/plugins/decreasing_priority_weight_strategy.py for tasks to queue
[2024-10-26T18:27:11.072+0000] {logging_mixin.py:190} INFO - [2024-10-26T18:27:11.072+0000] {dagbag.py:588} INFO - Filling up the DagBag from /home/airflow/.local/lib/python3.12/site-packages/airflow/example_dags/plugins/decreasing_priority_weight_strategy.py
[2024-10-26T18:27:11.074+0000] {processor.py:927} WARNING - No viable dags retrieved from /home/airflow/.local/lib/python3.12/site-packages/airflow/example_dags/plugins/decreasing_priority_weight_strategy.py
[2024-10-26T18:27:11.087+0000] {processor.py:208} INFO - Processing /home/airflow/.local/lib/python3.12/site-packages/airflow/example_dags/plugins/decreasing_priority_weight_strategy.py took 0.025 seconds
[2024-10-26T18:27:44.240+0000] {processor.py:186} INFO - Started process (PID=8185) to work on /home/airflow/.local/lib/python3.12/site-packages/airflow/example_dags/plugins/decreasing_priority_weight_strategy.py
[2024-10-26T18:27:44.241+0000] {processor.py:914} INFO - Processing file /home/airflow/.local/lib/python3.12/site-packages/airflow/example_dags/plugins/decreasing_priority_weight_strategy.py for tasks to queue
[2024-10-26T18:27:44.243+0000] {logging_mixin.py:190} INFO - [2024-10-26T18:27:44.243+0000] {dagbag.py:588} INFO - Filling up the DagBag from /home/airflow/.local/lib/python3.12/site-packages/airflow/example_dags/plugins/decreasing_priority_weight_strategy.py
[2024-10-26T18:27:44.245+0000] {processor.py:927} WARNING - No viable dags retrieved from /home/airflow/.local/lib/python3.12/site-packages/airflow/example_dags/plugins/decreasing_priority_weight_strategy.py
[2024-10-26T18:27:44.256+0000] {processor.py:208} INFO - Processing /home/airflow/.local/lib/python3.12/site-packages/airflow/example_dags/plugins/decreasing_priority_weight_strategy.py took 0.021 seconds
[2024-10-26T18:28:17.256+0000] {processor.py:186} INFO - Started process (PID=8249) to work on /home/airflow/.local/lib/python3.12/site-packages/airflow/example_dags/plugins/decreasing_priority_weight_strategy.py
[2024-10-26T18:28:17.257+0000] {processor.py:914} INFO - Processing file /home/airflow/.local/lib/python3.12/site-packages/airflow/example_dags/plugins/decreasing_priority_weight_strategy.py for tasks to queue
[2024-10-26T18:28:17.260+0000] {logging_mixin.py:190} INFO - [2024-10-26T18:28:17.259+0000] {dagbag.py:588} INFO - Filling up the DagBag from /home/airflow/.local/lib/python3.12/site-packages/airflow/example_dags/plugins/decreasing_priority_weight_strategy.py
[2024-10-26T18:28:17.261+0000] {processor.py:927} WARNING - No viable dags retrieved from /home/airflow/.local/lib/python3.12/site-packages/airflow/example_dags/plugins/decreasing_priority_weight_strategy.py
[2024-10-26T18:28:17.275+0000] {processor.py:208} INFO - Processing /home/airflow/.local/lib/python3.12/site-packages/airflow/example_dags/plugins/decreasing_priority_weight_strategy.py took 0.027 seconds
[2024-10-26T18:28:49.454+0000] {processor.py:186} INFO - Started process (PID=8313) to work on /home/airflow/.local/lib/python3.12/site-packages/airflow/example_dags/plugins/decreasing_priority_weight_strategy.py
[2024-10-26T18:28:49.455+0000] {processor.py:914} INFO - Processing file /home/airflow/.local/lib/python3.12/site-packages/airflow/example_dags/plugins/decreasing_priority_weight_strategy.py for tasks to queue
[2024-10-26T18:28:49.458+0000] {logging_mixin.py:190} INFO - [2024-10-26T18:28:49.457+0000] {dagbag.py:588} INFO - Filling up the DagBag from /home/airflow/.local/lib/python3.12/site-packages/airflow/example_dags/plugins/decreasing_priority_weight_strategy.py
[2024-10-26T18:28:49.460+0000] {processor.py:927} WARNING - No viable dags retrieved from /home/airflow/.local/lib/python3.12/site-packages/airflow/example_dags/plugins/decreasing_priority_weight_strategy.py
[2024-10-26T18:28:49.473+0000] {processor.py:208} INFO - Processing /home/airflow/.local/lib/python3.12/site-packages/airflow/example_dags/plugins/decreasing_priority_weight_strategy.py took 0.026 seconds
[2024-10-26T18:29:23.618+0000] {processor.py:186} INFO - Started process (PID=8377) to work on /home/airflow/.local/lib/python3.12/site-packages/airflow/example_dags/plugins/decreasing_priority_weight_strategy.py
[2024-10-26T18:29:23.620+0000] {processor.py:914} INFO - Processing file /home/airflow/.local/lib/python3.12/site-packages/airflow/example_dags/plugins/decreasing_priority_weight_strategy.py for tasks to queue
[2024-10-26T18:29:23.622+0000] {logging_mixin.py:190} INFO - [2024-10-26T18:29:23.622+0000] {dagbag.py:588} INFO - Filling up the DagBag from /home/airflow/.local/lib/python3.12/site-packages/airflow/example_dags/plugins/decreasing_priority_weight_strategy.py
[2024-10-26T18:29:23.624+0000] {processor.py:927} WARNING - No viable dags retrieved from /home/airflow/.local/lib/python3.12/site-packages/airflow/example_dags/plugins/decreasing_priority_weight_strategy.py
[2024-10-26T18:29:23.637+0000] {processor.py:208} INFO - Processing /home/airflow/.local/lib/python3.12/site-packages/airflow/example_dags/plugins/decreasing_priority_weight_strategy.py took 0.025 seconds
[2024-10-26T18:29:55.470+0000] {processor.py:186} INFO - Started process (PID=8441) to work on /home/airflow/.local/lib/python3.12/site-packages/airflow/example_dags/plugins/decreasing_priority_weight_strategy.py
[2024-10-26T18:29:55.471+0000] {processor.py:914} INFO - Processing file /home/airflow/.local/lib/python3.12/site-packages/airflow/example_dags/plugins/decreasing_priority_weight_strategy.py for tasks to queue
[2024-10-26T18:29:55.473+0000] {logging_mixin.py:190} INFO - [2024-10-26T18:29:55.473+0000] {dagbag.py:588} INFO - Filling up the DagBag from /home/airflow/.local/lib/python3.12/site-packages/airflow/example_dags/plugins/decreasing_priority_weight_strategy.py
[2024-10-26T18:29:55.475+0000] {processor.py:927} WARNING - No viable dags retrieved from /home/airflow/.local/lib/python3.12/site-packages/airflow/example_dags/plugins/decreasing_priority_weight_strategy.py
[2024-10-26T18:29:55.488+0000] {processor.py:208} INFO - Processing /home/airflow/.local/lib/python3.12/site-packages/airflow/example_dags/plugins/decreasing_priority_weight_strategy.py took 0.024 seconds
[2024-10-26T18:30:27.334+0000] {processor.py:186} INFO - Started process (PID=8505) to work on /home/airflow/.local/lib/python3.12/site-packages/airflow/example_dags/plugins/decreasing_priority_weight_strategy.py
[2024-10-26T18:30:27.335+0000] {processor.py:914} INFO - Processing file /home/airflow/.local/lib/python3.12/site-packages/airflow/example_dags/plugins/decreasing_priority_weight_strategy.py for tasks to queue
[2024-10-26T18:30:27.337+0000] {logging_mixin.py:190} INFO - [2024-10-26T18:30:27.337+0000] {dagbag.py:588} INFO - Filling up the DagBag from /home/airflow/.local/lib/python3.12/site-packages/airflow/example_dags/plugins/decreasing_priority_weight_strategy.py
[2024-10-26T18:30:27.339+0000] {processor.py:927} WARNING - No viable dags retrieved from /home/airflow/.local/lib/python3.12/site-packages/airflow/example_dags/plugins/decreasing_priority_weight_strategy.py
[2024-10-26T18:30:27.350+0000] {processor.py:208} INFO - Processing /home/airflow/.local/lib/python3.12/site-packages/airflow/example_dags/plugins/decreasing_priority_weight_strategy.py took 0.021 seconds
[2024-10-26T18:31:00.383+0000] {processor.py:186} INFO - Started process (PID=8569) to work on /home/airflow/.local/lib/python3.12/site-packages/airflow/example_dags/plugins/decreasing_priority_weight_strategy.py
[2024-10-26T18:31:00.384+0000] {processor.py:914} INFO - Processing file /home/airflow/.local/lib/python3.12/site-packages/airflow/example_dags/plugins/decreasing_priority_weight_strategy.py for tasks to queue
[2024-10-26T18:31:00.386+0000] {logging_mixin.py:190} INFO - [2024-10-26T18:31:00.385+0000] {dagbag.py:588} INFO - Filling up the DagBag from /home/airflow/.local/lib/python3.12/site-packages/airflow/example_dags/plugins/decreasing_priority_weight_strategy.py
[2024-10-26T18:31:00.388+0000] {processor.py:927} WARNING - No viable dags retrieved from /home/airflow/.local/lib/python3.12/site-packages/airflow/example_dags/plugins/decreasing_priority_weight_strategy.py
[2024-10-26T18:31:00.398+0000] {processor.py:208} INFO - Processing /home/airflow/.local/lib/python3.12/site-packages/airflow/example_dags/plugins/decreasing_priority_weight_strategy.py took 0.021 seconds
[2024-10-26T18:31:33.742+0000] {processor.py:186} INFO - Started process (PID=8633) to work on /home/airflow/.local/lib/python3.12/site-packages/airflow/example_dags/plugins/decreasing_priority_weight_strategy.py
[2024-10-26T18:31:33.743+0000] {processor.py:914} INFO - Processing file /home/airflow/.local/lib/python3.12/site-packages/airflow/example_dags/plugins/decreasing_priority_weight_strategy.py for tasks to queue
[2024-10-26T18:31:33.746+0000] {logging_mixin.py:190} INFO - [2024-10-26T18:31:33.745+0000] {dagbag.py:588} INFO - Filling up the DagBag from /home/airflow/.local/lib/python3.12/site-packages/airflow/example_dags/plugins/decreasing_priority_weight_strategy.py
[2024-10-26T18:31:33.747+0000] {processor.py:927} WARNING - No viable dags retrieved from /home/airflow/.local/lib/python3.12/site-packages/airflow/example_dags/plugins/decreasing_priority_weight_strategy.py
[2024-10-26T18:31:33.759+0000] {processor.py:208} INFO - Processing /home/airflow/.local/lib/python3.12/site-packages/airflow/example_dags/plugins/decreasing_priority_weight_strategy.py took 0.022 seconds
[2024-10-26T18:32:05.701+0000] {processor.py:186} INFO - Started process (PID=8697) to work on /home/airflow/.local/lib/python3.12/site-packages/airflow/example_dags/plugins/decreasing_priority_weight_strategy.py
[2024-10-26T18:32:05.702+0000] {processor.py:914} INFO - Processing file /home/airflow/.local/lib/python3.12/site-packages/airflow/example_dags/plugins/decreasing_priority_weight_strategy.py for tasks to queue
[2024-10-26T18:32:05.704+0000] {logging_mixin.py:190} INFO - [2024-10-26T18:32:05.704+0000] {dagbag.py:588} INFO - Filling up the DagBag from /home/airflow/.local/lib/python3.12/site-packages/airflow/example_dags/plugins/decreasing_priority_weight_strategy.py
[2024-10-26T18:32:05.707+0000] {processor.py:927} WARNING - No viable dags retrieved from /home/airflow/.local/lib/python3.12/site-packages/airflow/example_dags/plugins/decreasing_priority_weight_strategy.py
[2024-10-26T18:32:05.720+0000] {processor.py:208} INFO - Processing /home/airflow/.local/lib/python3.12/site-packages/airflow/example_dags/plugins/decreasing_priority_weight_strategy.py took 0.024 seconds
[2024-10-26T18:32:39.322+0000] {processor.py:186} INFO - Started process (PID=8761) to work on /home/airflow/.local/lib/python3.12/site-packages/airflow/example_dags/plugins/decreasing_priority_weight_strategy.py
[2024-10-26T18:32:39.323+0000] {processor.py:914} INFO - Processing file /home/airflow/.local/lib/python3.12/site-packages/airflow/example_dags/plugins/decreasing_priority_weight_strategy.py for tasks to queue
[2024-10-26T18:32:39.326+0000] {logging_mixin.py:190} INFO - [2024-10-26T18:32:39.325+0000] {dagbag.py:588} INFO - Filling up the DagBag from /home/airflow/.local/lib/python3.12/site-packages/airflow/example_dags/plugins/decreasing_priority_weight_strategy.py
[2024-10-26T18:32:39.327+0000] {processor.py:927} WARNING - No viable dags retrieved from /home/airflow/.local/lib/python3.12/site-packages/airflow/example_dags/plugins/decreasing_priority_weight_strategy.py
[2024-10-26T18:32:39.340+0000] {processor.py:208} INFO - Processing /home/airflow/.local/lib/python3.12/site-packages/airflow/example_dags/plugins/decreasing_priority_weight_strategy.py took 0.024 seconds
[2024-10-26T18:33:11.470+0000] {processor.py:186} INFO - Started process (PID=8825) to work on /home/airflow/.local/lib/python3.12/site-packages/airflow/example_dags/plugins/decreasing_priority_weight_strategy.py
[2024-10-26T18:33:11.471+0000] {processor.py:914} INFO - Processing file /home/airflow/.local/lib/python3.12/site-packages/airflow/example_dags/plugins/decreasing_priority_weight_strategy.py for tasks to queue
[2024-10-26T18:33:11.474+0000] {logging_mixin.py:190} INFO - [2024-10-26T18:33:11.473+0000] {dagbag.py:588} INFO - Filling up the DagBag from /home/airflow/.local/lib/python3.12/site-packages/airflow/example_dags/plugins/decreasing_priority_weight_strategy.py
[2024-10-26T18:33:11.476+0000] {processor.py:927} WARNING - No viable dags retrieved from /home/airflow/.local/lib/python3.12/site-packages/airflow/example_dags/plugins/decreasing_priority_weight_strategy.py
[2024-10-26T18:33:11.488+0000] {processor.py:208} INFO - Processing /home/airflow/.local/lib/python3.12/site-packages/airflow/example_dags/plugins/decreasing_priority_weight_strategy.py took 0.022 seconds
[2024-10-26T18:33:46.209+0000] {processor.py:186} INFO - Started process (PID=8889) to work on /home/airflow/.local/lib/python3.12/site-packages/airflow/example_dags/plugins/decreasing_priority_weight_strategy.py
[2024-10-26T18:33:46.210+0000] {processor.py:914} INFO - Processing file /home/airflow/.local/lib/python3.12/site-packages/airflow/example_dags/plugins/decreasing_priority_weight_strategy.py for tasks to queue
[2024-10-26T18:33:46.212+0000] {logging_mixin.py:190} INFO - [2024-10-26T18:33:46.212+0000] {dagbag.py:588} INFO - Filling up the DagBag from /home/airflow/.local/lib/python3.12/site-packages/airflow/example_dags/plugins/decreasing_priority_weight_strategy.py
[2024-10-26T18:33:46.214+0000] {processor.py:927} WARNING - No viable dags retrieved from /home/airflow/.local/lib/python3.12/site-packages/airflow/example_dags/plugins/decreasing_priority_weight_strategy.py
[2024-10-26T18:33:46.229+0000] {processor.py:208} INFO - Processing /home/airflow/.local/lib/python3.12/site-packages/airflow/example_dags/plugins/decreasing_priority_weight_strategy.py took 0.028 seconds
[2024-10-26T18:34:19.850+0000] {processor.py:186} INFO - Started process (PID=8953) to work on /home/airflow/.local/lib/python3.12/site-packages/airflow/example_dags/plugins/decreasing_priority_weight_strategy.py
[2024-10-26T18:34:19.852+0000] {processor.py:914} INFO - Processing file /home/airflow/.local/lib/python3.12/site-packages/airflow/example_dags/plugins/decreasing_priority_weight_strategy.py for tasks to queue
[2024-10-26T18:34:19.854+0000] {logging_mixin.py:190} INFO - [2024-10-26T18:34:19.854+0000] {dagbag.py:588} INFO - Filling up the DagBag from /home/airflow/.local/lib/python3.12/site-packages/airflow/example_dags/plugins/decreasing_priority_weight_strategy.py
[2024-10-26T18:34:19.856+0000] {processor.py:927} WARNING - No viable dags retrieved from /home/airflow/.local/lib/python3.12/site-packages/airflow/example_dags/plugins/decreasing_priority_weight_strategy.py
[2024-10-26T18:34:19.868+0000] {processor.py:208} INFO - Processing /home/airflow/.local/lib/python3.12/site-packages/airflow/example_dags/plugins/decreasing_priority_weight_strategy.py took 0.023 seconds
[2024-10-26T18:34:52.855+0000] {processor.py:186} INFO - Started process (PID=9017) to work on /home/airflow/.local/lib/python3.12/site-packages/airflow/example_dags/plugins/decreasing_priority_weight_strategy.py
[2024-10-26T18:34:52.856+0000] {processor.py:914} INFO - Processing file /home/airflow/.local/lib/python3.12/site-packages/airflow/example_dags/plugins/decreasing_priority_weight_strategy.py for tasks to queue
[2024-10-26T18:34:52.858+0000] {logging_mixin.py:190} INFO - [2024-10-26T18:34:52.858+0000] {dagbag.py:588} INFO - Filling up the DagBag from /home/airflow/.local/lib/python3.12/site-packages/airflow/example_dags/plugins/decreasing_priority_weight_strategy.py
[2024-10-26T18:34:52.860+0000] {processor.py:927} WARNING - No viable dags retrieved from /home/airflow/.local/lib/python3.12/site-packages/airflow/example_dags/plugins/decreasing_priority_weight_strategy.py
[2024-10-26T18:34:52.872+0000] {processor.py:208} INFO - Processing /home/airflow/.local/lib/python3.12/site-packages/airflow/example_dags/plugins/decreasing_priority_weight_strategy.py took 0.022 seconds
[2024-10-26T18:35:23.920+0000] {processor.py:186} INFO - Started process (PID=9081) to work on /home/airflow/.local/lib/python3.12/site-packages/airflow/example_dags/plugins/decreasing_priority_weight_strategy.py
[2024-10-26T18:35:23.921+0000] {processor.py:914} INFO - Processing file /home/airflow/.local/lib/python3.12/site-packages/airflow/example_dags/plugins/decreasing_priority_weight_strategy.py for tasks to queue
[2024-10-26T18:35:23.923+0000] {logging_mixin.py:190} INFO - [2024-10-26T18:35:23.923+0000] {dagbag.py:588} INFO - Filling up the DagBag from /home/airflow/.local/lib/python3.12/site-packages/airflow/example_dags/plugins/decreasing_priority_weight_strategy.py
[2024-10-26T18:35:23.925+0000] {processor.py:927} WARNING - No viable dags retrieved from /home/airflow/.local/lib/python3.12/site-packages/airflow/example_dags/plugins/decreasing_priority_weight_strategy.py
[2024-10-26T18:35:23.939+0000] {processor.py:208} INFO - Processing /home/airflow/.local/lib/python3.12/site-packages/airflow/example_dags/plugins/decreasing_priority_weight_strategy.py took 0.026 seconds
[2024-10-26T18:35:55.915+0000] {processor.py:186} INFO - Started process (PID=9145) to work on /home/airflow/.local/lib/python3.12/site-packages/airflow/example_dags/plugins/decreasing_priority_weight_strategy.py
[2024-10-26T18:35:55.916+0000] {processor.py:914} INFO - Processing file /home/airflow/.local/lib/python3.12/site-packages/airflow/example_dags/plugins/decreasing_priority_weight_strategy.py for tasks to queue
[2024-10-26T18:35:55.918+0000] {logging_mixin.py:190} INFO - [2024-10-26T18:35:55.918+0000] {dagbag.py:588} INFO - Filling up the DagBag from /home/airflow/.local/lib/python3.12/site-packages/airflow/example_dags/plugins/decreasing_priority_weight_strategy.py
[2024-10-26T18:35:55.920+0000] {processor.py:927} WARNING - No viable dags retrieved from /home/airflow/.local/lib/python3.12/site-packages/airflow/example_dags/plugins/decreasing_priority_weight_strategy.py
[2024-10-26T18:35:55.936+0000] {processor.py:208} INFO - Processing /home/airflow/.local/lib/python3.12/site-packages/airflow/example_dags/plugins/decreasing_priority_weight_strategy.py took 0.027 seconds
[2024-10-26T18:36:28.302+0000] {processor.py:186} INFO - Started process (PID=9209) to work on /home/airflow/.local/lib/python3.12/site-packages/airflow/example_dags/plugins/decreasing_priority_weight_strategy.py
[2024-10-26T18:36:28.303+0000] {processor.py:914} INFO - Processing file /home/airflow/.local/lib/python3.12/site-packages/airflow/example_dags/plugins/decreasing_priority_weight_strategy.py for tasks to queue
[2024-10-26T18:36:28.306+0000] {logging_mixin.py:190} INFO - [2024-10-26T18:36:28.306+0000] {dagbag.py:588} INFO - Filling up the DagBag from /home/airflow/.local/lib/python3.12/site-packages/airflow/example_dags/plugins/decreasing_priority_weight_strategy.py
[2024-10-26T18:36:28.309+0000] {processor.py:927} WARNING - No viable dags retrieved from /home/airflow/.local/lib/python3.12/site-packages/airflow/example_dags/plugins/decreasing_priority_weight_strategy.py
[2024-10-26T18:36:28.326+0000] {processor.py:208} INFO - Processing /home/airflow/.local/lib/python3.12/site-packages/airflow/example_dags/plugins/decreasing_priority_weight_strategy.py took 0.034 seconds
[2024-10-26T18:36:59.997+0000] {processor.py:186} INFO - Started process (PID=9273) to work on /home/airflow/.local/lib/python3.12/site-packages/airflow/example_dags/plugins/decreasing_priority_weight_strategy.py
[2024-10-26T18:36:59.998+0000] {processor.py:914} INFO - Processing file /home/airflow/.local/lib/python3.12/site-packages/airflow/example_dags/plugins/decreasing_priority_weight_strategy.py for tasks to queue
[2024-10-26T18:37:00.000+0000] {logging_mixin.py:190} INFO - [2024-10-26T18:37:00.000+0000] {dagbag.py:588} INFO - Filling up the DagBag from /home/airflow/.local/lib/python3.12/site-packages/airflow/example_dags/plugins/decreasing_priority_weight_strategy.py
[2024-10-26T18:37:00.002+0000] {processor.py:927} WARNING - No viable dags retrieved from /home/airflow/.local/lib/python3.12/site-packages/airflow/example_dags/plugins/decreasing_priority_weight_strategy.py
[2024-10-26T18:37:00.014+0000] {processor.py:208} INFO - Processing /home/airflow/.local/lib/python3.12/site-packages/airflow/example_dags/plugins/decreasing_priority_weight_strategy.py took 0.022 seconds
[2024-10-26T18:37:32.845+0000] {processor.py:186} INFO - Started process (PID=9337) to work on /home/airflow/.local/lib/python3.12/site-packages/airflow/example_dags/plugins/decreasing_priority_weight_strategy.py
[2024-10-26T18:37:32.846+0000] {processor.py:914} INFO - Processing file /home/airflow/.local/lib/python3.12/site-packages/airflow/example_dags/plugins/decreasing_priority_weight_strategy.py for tasks to queue
[2024-10-26T18:37:32.848+0000] {logging_mixin.py:190} INFO - [2024-10-26T18:37:32.848+0000] {dagbag.py:588} INFO - Filling up the DagBag from /home/airflow/.local/lib/python3.12/site-packages/airflow/example_dags/plugins/decreasing_priority_weight_strategy.py
[2024-10-26T18:37:32.850+0000] {processor.py:927} WARNING - No viable dags retrieved from /home/airflow/.local/lib/python3.12/site-packages/airflow/example_dags/plugins/decreasing_priority_weight_strategy.py
[2024-10-26T18:37:32.861+0000] {processor.py:208} INFO - Processing /home/airflow/.local/lib/python3.12/site-packages/airflow/example_dags/plugins/decreasing_priority_weight_strategy.py took 0.021 seconds
[2024-10-26T18:38:05.600+0000] {processor.py:186} INFO - Started process (PID=9401) to work on /home/airflow/.local/lib/python3.12/site-packages/airflow/example_dags/plugins/decreasing_priority_weight_strategy.py
[2024-10-26T18:38:05.601+0000] {processor.py:914} INFO - Processing file /home/airflow/.local/lib/python3.12/site-packages/airflow/example_dags/plugins/decreasing_priority_weight_strategy.py for tasks to queue
[2024-10-26T18:38:05.603+0000] {logging_mixin.py:190} INFO - [2024-10-26T18:38:05.603+0000] {dagbag.py:588} INFO - Filling up the DagBag from /home/airflow/.local/lib/python3.12/site-packages/airflow/example_dags/plugins/decreasing_priority_weight_strategy.py
[2024-10-26T18:38:05.606+0000] {processor.py:927} WARNING - No viable dags retrieved from /home/airflow/.local/lib/python3.12/site-packages/airflow/example_dags/plugins/decreasing_priority_weight_strategy.py
[2024-10-26T18:38:05.619+0000] {processor.py:208} INFO - Processing /home/airflow/.local/lib/python3.12/site-packages/airflow/example_dags/plugins/decreasing_priority_weight_strategy.py took 0.026 seconds
[2024-10-26T18:38:38.492+0000] {processor.py:186} INFO - Started process (PID=9465) to work on /home/airflow/.local/lib/python3.12/site-packages/airflow/example_dags/plugins/decreasing_priority_weight_strategy.py
[2024-10-26T18:38:38.493+0000] {processor.py:914} INFO - Processing file /home/airflow/.local/lib/python3.12/site-packages/airflow/example_dags/plugins/decreasing_priority_weight_strategy.py for tasks to queue
[2024-10-26T18:38:38.495+0000] {logging_mixin.py:190} INFO - [2024-10-26T18:38:38.495+0000] {dagbag.py:588} INFO - Filling up the DagBag from /home/airflow/.local/lib/python3.12/site-packages/airflow/example_dags/plugins/decreasing_priority_weight_strategy.py
[2024-10-26T18:38:38.498+0000] {processor.py:927} WARNING - No viable dags retrieved from /home/airflow/.local/lib/python3.12/site-packages/airflow/example_dags/plugins/decreasing_priority_weight_strategy.py
[2024-10-26T18:38:38.511+0000] {processor.py:208} INFO - Processing /home/airflow/.local/lib/python3.12/site-packages/airflow/example_dags/plugins/decreasing_priority_weight_strategy.py took 0.025 seconds
[2024-10-26T18:39:11.583+0000] {processor.py:186} INFO - Started process (PID=9529) to work on /home/airflow/.local/lib/python3.12/site-packages/airflow/example_dags/plugins/decreasing_priority_weight_strategy.py
[2024-10-26T18:39:11.584+0000] {processor.py:914} INFO - Processing file /home/airflow/.local/lib/python3.12/site-packages/airflow/example_dags/plugins/decreasing_priority_weight_strategy.py for tasks to queue
[2024-10-26T18:39:11.586+0000] {logging_mixin.py:190} INFO - [2024-10-26T18:39:11.585+0000] {dagbag.py:588} INFO - Filling up the DagBag from /home/airflow/.local/lib/python3.12/site-packages/airflow/example_dags/plugins/decreasing_priority_weight_strategy.py
[2024-10-26T18:39:11.588+0000] {processor.py:927} WARNING - No viable dags retrieved from /home/airflow/.local/lib/python3.12/site-packages/airflow/example_dags/plugins/decreasing_priority_weight_strategy.py
[2024-10-26T18:39:11.600+0000] {processor.py:208} INFO - Processing /home/airflow/.local/lib/python3.12/site-packages/airflow/example_dags/plugins/decreasing_priority_weight_strategy.py took 0.022 seconds
[2024-10-26T18:39:44.434+0000] {processor.py:186} INFO - Started process (PID=9593) to work on /home/airflow/.local/lib/python3.12/site-packages/airflow/example_dags/plugins/decreasing_priority_weight_strategy.py
[2024-10-26T18:39:44.435+0000] {processor.py:914} INFO - Processing file /home/airflow/.local/lib/python3.12/site-packages/airflow/example_dags/plugins/decreasing_priority_weight_strategy.py for tasks to queue
[2024-10-26T18:39:44.437+0000] {logging_mixin.py:190} INFO - [2024-10-26T18:39:44.437+0000] {dagbag.py:588} INFO - Filling up the DagBag from /home/airflow/.local/lib/python3.12/site-packages/airflow/example_dags/plugins/decreasing_priority_weight_strategy.py
[2024-10-26T18:39:44.439+0000] {processor.py:927} WARNING - No viable dags retrieved from /home/airflow/.local/lib/python3.12/site-packages/airflow/example_dags/plugins/decreasing_priority_weight_strategy.py
[2024-10-26T18:39:44.450+0000] {processor.py:208} INFO - Processing /home/airflow/.local/lib/python3.12/site-packages/airflow/example_dags/plugins/decreasing_priority_weight_strategy.py took 0.022 seconds
[2024-10-26T18:40:15.974+0000] {processor.py:186} INFO - Started process (PID=9657) to work on /home/airflow/.local/lib/python3.12/site-packages/airflow/example_dags/plugins/decreasing_priority_weight_strategy.py
[2024-10-26T18:40:15.976+0000] {processor.py:914} INFO - Processing file /home/airflow/.local/lib/python3.12/site-packages/airflow/example_dags/plugins/decreasing_priority_weight_strategy.py for tasks to queue
[2024-10-26T18:40:15.979+0000] {logging_mixin.py:190} INFO - [2024-10-26T18:40:15.978+0000] {dagbag.py:588} INFO - Filling up the DagBag from /home/airflow/.local/lib/python3.12/site-packages/airflow/example_dags/plugins/decreasing_priority_weight_strategy.py
[2024-10-26T18:40:15.982+0000] {processor.py:927} WARNING - No viable dags retrieved from /home/airflow/.local/lib/python3.12/site-packages/airflow/example_dags/plugins/decreasing_priority_weight_strategy.py
[2024-10-26T18:40:15.994+0000] {processor.py:208} INFO - Processing /home/airflow/.local/lib/python3.12/site-packages/airflow/example_dags/plugins/decreasing_priority_weight_strategy.py took 0.028 seconds
[2024-10-26T18:40:49.766+0000] {processor.py:186} INFO - Started process (PID=9721) to work on /home/airflow/.local/lib/python3.12/site-packages/airflow/example_dags/plugins/decreasing_priority_weight_strategy.py
[2024-10-26T18:40:49.767+0000] {processor.py:914} INFO - Processing file /home/airflow/.local/lib/python3.12/site-packages/airflow/example_dags/plugins/decreasing_priority_weight_strategy.py for tasks to queue
[2024-10-26T18:40:49.769+0000] {logging_mixin.py:190} INFO - [2024-10-26T18:40:49.769+0000] {dagbag.py:588} INFO - Filling up the DagBag from /home/airflow/.local/lib/python3.12/site-packages/airflow/example_dags/plugins/decreasing_priority_weight_strategy.py
[2024-10-26T18:40:49.771+0000] {processor.py:927} WARNING - No viable dags retrieved from /home/airflow/.local/lib/python3.12/site-packages/airflow/example_dags/plugins/decreasing_priority_weight_strategy.py
[2024-10-26T18:40:49.781+0000] {processor.py:208} INFO - Processing /home/airflow/.local/lib/python3.12/site-packages/airflow/example_dags/plugins/decreasing_priority_weight_strategy.py took 0.020 seconds
[2024-10-26T18:41:22.556+0000] {processor.py:186} INFO - Started process (PID=9785) to work on /home/airflow/.local/lib/python3.12/site-packages/airflow/example_dags/plugins/decreasing_priority_weight_strategy.py
[2024-10-26T18:41:22.558+0000] {processor.py:914} INFO - Processing file /home/airflow/.local/lib/python3.12/site-packages/airflow/example_dags/plugins/decreasing_priority_weight_strategy.py for tasks to queue
[2024-10-26T18:41:22.560+0000] {logging_mixin.py:190} INFO - [2024-10-26T18:41:22.559+0000] {dagbag.py:588} INFO - Filling up the DagBag from /home/airflow/.local/lib/python3.12/site-packages/airflow/example_dags/plugins/decreasing_priority_weight_strategy.py
[2024-10-26T18:41:22.562+0000] {processor.py:927} WARNING - No viable dags retrieved from /home/airflow/.local/lib/python3.12/site-packages/airflow/example_dags/plugins/decreasing_priority_weight_strategy.py
[2024-10-26T18:41:22.575+0000] {processor.py:208} INFO - Processing /home/airflow/.local/lib/python3.12/site-packages/airflow/example_dags/plugins/decreasing_priority_weight_strategy.py took 0.023 seconds
[2024-10-26T18:41:54.345+0000] {processor.py:186} INFO - Started process (PID=9849) to work on /home/airflow/.local/lib/python3.12/site-packages/airflow/example_dags/plugins/decreasing_priority_weight_strategy.py
[2024-10-26T18:41:54.346+0000] {processor.py:914} INFO - Processing file /home/airflow/.local/lib/python3.12/site-packages/airflow/example_dags/plugins/decreasing_priority_weight_strategy.py for tasks to queue
[2024-10-26T18:41:54.348+0000] {logging_mixin.py:190} INFO - [2024-10-26T18:41:54.348+0000] {dagbag.py:588} INFO - Filling up the DagBag from /home/airflow/.local/lib/python3.12/site-packages/airflow/example_dags/plugins/decreasing_priority_weight_strategy.py
[2024-10-26T18:41:54.350+0000] {processor.py:927} WARNING - No viable dags retrieved from /home/airflow/.local/lib/python3.12/site-packages/airflow/example_dags/plugins/decreasing_priority_weight_strategy.py
[2024-10-26T18:41:54.365+0000] {processor.py:208} INFO - Processing /home/airflow/.local/lib/python3.12/site-packages/airflow/example_dags/plugins/decreasing_priority_weight_strategy.py took 0.025 seconds
[2024-10-26T18:42:27.279+0000] {processor.py:186} INFO - Started process (PID=9913) to work on /home/airflow/.local/lib/python3.12/site-packages/airflow/example_dags/plugins/decreasing_priority_weight_strategy.py
[2024-10-26T18:42:27.280+0000] {processor.py:914} INFO - Processing file /home/airflow/.local/lib/python3.12/site-packages/airflow/example_dags/plugins/decreasing_priority_weight_strategy.py for tasks to queue
[2024-10-26T18:42:27.282+0000] {logging_mixin.py:190} INFO - [2024-10-26T18:42:27.282+0000] {dagbag.py:588} INFO - Filling up the DagBag from /home/airflow/.local/lib/python3.12/site-packages/airflow/example_dags/plugins/decreasing_priority_weight_strategy.py
[2024-10-26T18:42:27.284+0000] {processor.py:927} WARNING - No viable dags retrieved from /home/airflow/.local/lib/python3.12/site-packages/airflow/example_dags/plugins/decreasing_priority_weight_strategy.py
[2024-10-26T18:42:27.299+0000] {processor.py:208} INFO - Processing /home/airflow/.local/lib/python3.12/site-packages/airflow/example_dags/plugins/decreasing_priority_weight_strategy.py took 0.027 seconds
[2024-10-26T18:43:00.647+0000] {processor.py:186} INFO - Started process (PID=9977) to work on /home/airflow/.local/lib/python3.12/site-packages/airflow/example_dags/plugins/decreasing_priority_weight_strategy.py
[2024-10-26T18:43:00.648+0000] {processor.py:914} INFO - Processing file /home/airflow/.local/lib/python3.12/site-packages/airflow/example_dags/plugins/decreasing_priority_weight_strategy.py for tasks to queue
[2024-10-26T18:43:00.651+0000] {logging_mixin.py:190} INFO - [2024-10-26T18:43:00.650+0000] {dagbag.py:588} INFO - Filling up the DagBag from /home/airflow/.local/lib/python3.12/site-packages/airflow/example_dags/plugins/decreasing_priority_weight_strategy.py
[2024-10-26T18:43:00.653+0000] {processor.py:927} WARNING - No viable dags retrieved from /home/airflow/.local/lib/python3.12/site-packages/airflow/example_dags/plugins/decreasing_priority_weight_strategy.py
[2024-10-26T18:43:00.666+0000] {processor.py:208} INFO - Processing /home/airflow/.local/lib/python3.12/site-packages/airflow/example_dags/plugins/decreasing_priority_weight_strategy.py took 0.024 seconds
[2024-10-26T18:43:33.809+0000] {processor.py:186} INFO - Started process (PID=10041) to work on /home/airflow/.local/lib/python3.12/site-packages/airflow/example_dags/plugins/decreasing_priority_weight_strategy.py
[2024-10-26T18:43:33.810+0000] {processor.py:914} INFO - Processing file /home/airflow/.local/lib/python3.12/site-packages/airflow/example_dags/plugins/decreasing_priority_weight_strategy.py for tasks to queue
[2024-10-26T18:43:33.813+0000] {logging_mixin.py:190} INFO - [2024-10-26T18:43:33.812+0000] {dagbag.py:588} INFO - Filling up the DagBag from /home/airflow/.local/lib/python3.12/site-packages/airflow/example_dags/plugins/decreasing_priority_weight_strategy.py
[2024-10-26T18:43:33.817+0000] {processor.py:927} WARNING - No viable dags retrieved from /home/airflow/.local/lib/python3.12/site-packages/airflow/example_dags/plugins/decreasing_priority_weight_strategy.py
[2024-10-26T18:43:33.832+0000] {processor.py:208} INFO - Processing /home/airflow/.local/lib/python3.12/site-packages/airflow/example_dags/plugins/decreasing_priority_weight_strategy.py took 0.028 seconds
[2024-10-26T18:44:05.521+0000] {processor.py:186} INFO - Started process (PID=10105) to work on /home/airflow/.local/lib/python3.12/site-packages/airflow/example_dags/plugins/decreasing_priority_weight_strategy.py
[2024-10-26T18:44:05.522+0000] {processor.py:914} INFO - Processing file /home/airflow/.local/lib/python3.12/site-packages/airflow/example_dags/plugins/decreasing_priority_weight_strategy.py for tasks to queue
[2024-10-26T18:44:05.524+0000] {logging_mixin.py:190} INFO - [2024-10-26T18:44:05.524+0000] {dagbag.py:588} INFO - Filling up the DagBag from /home/airflow/.local/lib/python3.12/site-packages/airflow/example_dags/plugins/decreasing_priority_weight_strategy.py
[2024-10-26T18:44:05.526+0000] {processor.py:927} WARNING - No viable dags retrieved from /home/airflow/.local/lib/python3.12/site-packages/airflow/example_dags/plugins/decreasing_priority_weight_strategy.py
[2024-10-26T18:44:05.538+0000] {processor.py:208} INFO - Processing /home/airflow/.local/lib/python3.12/site-packages/airflow/example_dags/plugins/decreasing_priority_weight_strategy.py took 0.022 seconds
[2024-10-26T18:44:38.570+0000] {processor.py:186} INFO - Started process (PID=10169) to work on /home/airflow/.local/lib/python3.12/site-packages/airflow/example_dags/plugins/decreasing_priority_weight_strategy.py
[2024-10-26T18:44:38.571+0000] {processor.py:914} INFO - Processing file /home/airflow/.local/lib/python3.12/site-packages/airflow/example_dags/plugins/decreasing_priority_weight_strategy.py for tasks to queue
[2024-10-26T18:44:38.575+0000] {logging_mixin.py:190} INFO - [2024-10-26T18:44:38.574+0000] {dagbag.py:588} INFO - Filling up the DagBag from /home/airflow/.local/lib/python3.12/site-packages/airflow/example_dags/plugins/decreasing_priority_weight_strategy.py
[2024-10-26T18:44:38.577+0000] {processor.py:927} WARNING - No viable dags retrieved from /home/airflow/.local/lib/python3.12/site-packages/airflow/example_dags/plugins/decreasing_priority_weight_strategy.py
[2024-10-26T18:44:38.590+0000] {processor.py:208} INFO - Processing /home/airflow/.local/lib/python3.12/site-packages/airflow/example_dags/plugins/decreasing_priority_weight_strategy.py took 0.027 seconds
[2024-10-26T18:45:11.686+0000] {processor.py:186} INFO - Started process (PID=10233) to work on /home/airflow/.local/lib/python3.12/site-packages/airflow/example_dags/plugins/decreasing_priority_weight_strategy.py
[2024-10-26T18:45:11.687+0000] {processor.py:914} INFO - Processing file /home/airflow/.local/lib/python3.12/site-packages/airflow/example_dags/plugins/decreasing_priority_weight_strategy.py for tasks to queue
[2024-10-26T18:45:11.690+0000] {logging_mixin.py:190} INFO - [2024-10-26T18:45:11.689+0000] {dagbag.py:588} INFO - Filling up the DagBag from /home/airflow/.local/lib/python3.12/site-packages/airflow/example_dags/plugins/decreasing_priority_weight_strategy.py
[2024-10-26T18:45:11.692+0000] {processor.py:927} WARNING - No viable dags retrieved from /home/airflow/.local/lib/python3.12/site-packages/airflow/example_dags/plugins/decreasing_priority_weight_strategy.py
[2024-10-26T18:45:11.706+0000] {processor.py:208} INFO - Processing /home/airflow/.local/lib/python3.12/site-packages/airflow/example_dags/plugins/decreasing_priority_weight_strategy.py took 0.026 seconds
[2024-10-26T18:45:44.378+0000] {processor.py:186} INFO - Started process (PID=10297) to work on /home/airflow/.local/lib/python3.12/site-packages/airflow/example_dags/plugins/decreasing_priority_weight_strategy.py
[2024-10-26T18:45:44.379+0000] {processor.py:914} INFO - Processing file /home/airflow/.local/lib/python3.12/site-packages/airflow/example_dags/plugins/decreasing_priority_weight_strategy.py for tasks to queue
[2024-10-26T18:45:44.381+0000] {logging_mixin.py:190} INFO - [2024-10-26T18:45:44.381+0000] {dagbag.py:588} INFO - Filling up the DagBag from /home/airflow/.local/lib/python3.12/site-packages/airflow/example_dags/plugins/decreasing_priority_weight_strategy.py
[2024-10-26T18:45:44.383+0000] {processor.py:927} WARNING - No viable dags retrieved from /home/airflow/.local/lib/python3.12/site-packages/airflow/example_dags/plugins/decreasing_priority_weight_strategy.py
[2024-10-26T18:45:44.394+0000] {processor.py:208} INFO - Processing /home/airflow/.local/lib/python3.12/site-packages/airflow/example_dags/plugins/decreasing_priority_weight_strategy.py took 0.021 seconds
[2024-10-26T18:46:16.897+0000] {processor.py:186} INFO - Started process (PID=10361) to work on /home/airflow/.local/lib/python3.12/site-packages/airflow/example_dags/plugins/decreasing_priority_weight_strategy.py
[2024-10-26T18:46:16.898+0000] {processor.py:914} INFO - Processing file /home/airflow/.local/lib/python3.12/site-packages/airflow/example_dags/plugins/decreasing_priority_weight_strategy.py for tasks to queue
[2024-10-26T18:46:16.901+0000] {logging_mixin.py:190} INFO - [2024-10-26T18:46:16.900+0000] {dagbag.py:588} INFO - Filling up the DagBag from /home/airflow/.local/lib/python3.12/site-packages/airflow/example_dags/plugins/decreasing_priority_weight_strategy.py
[2024-10-26T18:46:16.902+0000] {processor.py:927} WARNING - No viable dags retrieved from /home/airflow/.local/lib/python3.12/site-packages/airflow/example_dags/plugins/decreasing_priority_weight_strategy.py
[2024-10-26T18:46:16.916+0000] {processor.py:208} INFO - Processing /home/airflow/.local/lib/python3.12/site-packages/airflow/example_dags/plugins/decreasing_priority_weight_strategy.py took 0.025 seconds
[2024-10-26T18:46:49.437+0000] {processor.py:186} INFO - Started process (PID=10425) to work on /home/airflow/.local/lib/python3.12/site-packages/airflow/example_dags/plugins/decreasing_priority_weight_strategy.py
[2024-10-26T18:46:49.438+0000] {processor.py:914} INFO - Processing file /home/airflow/.local/lib/python3.12/site-packages/airflow/example_dags/plugins/decreasing_priority_weight_strategy.py for tasks to queue
[2024-10-26T18:46:49.440+0000] {logging_mixin.py:190} INFO - [2024-10-26T18:46:49.440+0000] {dagbag.py:588} INFO - Filling up the DagBag from /home/airflow/.local/lib/python3.12/site-packages/airflow/example_dags/plugins/decreasing_priority_weight_strategy.py
[2024-10-26T18:46:49.442+0000] {processor.py:927} WARNING - No viable dags retrieved from /home/airflow/.local/lib/python3.12/site-packages/airflow/example_dags/plugins/decreasing_priority_weight_strategy.py
[2024-10-26T18:46:49.455+0000] {processor.py:208} INFO - Processing /home/airflow/.local/lib/python3.12/site-packages/airflow/example_dags/plugins/decreasing_priority_weight_strategy.py took 0.024 seconds
[2024-10-26T18:47:21.944+0000] {processor.py:186} INFO - Started process (PID=10490) to work on /home/airflow/.local/lib/python3.12/site-packages/airflow/example_dags/plugins/decreasing_priority_weight_strategy.py
[2024-10-26T18:47:21.945+0000] {processor.py:914} INFO - Processing file /home/airflow/.local/lib/python3.12/site-packages/airflow/example_dags/plugins/decreasing_priority_weight_strategy.py for tasks to queue
[2024-10-26T18:47:21.948+0000] {logging_mixin.py:190} INFO - [2024-10-26T18:47:21.948+0000] {dagbag.py:588} INFO - Filling up the DagBag from /home/airflow/.local/lib/python3.12/site-packages/airflow/example_dags/plugins/decreasing_priority_weight_strategy.py
[2024-10-26T18:47:21.950+0000] {processor.py:927} WARNING - No viable dags retrieved from /home/airflow/.local/lib/python3.12/site-packages/airflow/example_dags/plugins/decreasing_priority_weight_strategy.py
[2024-10-26T18:47:21.964+0000] {processor.py:208} INFO - Processing /home/airflow/.local/lib/python3.12/site-packages/airflow/example_dags/plugins/decreasing_priority_weight_strategy.py took 0.025 seconds
[2024-10-26T18:47:54.489+0000] {processor.py:186} INFO - Started process (PID=10554) to work on /home/airflow/.local/lib/python3.12/site-packages/airflow/example_dags/plugins/decreasing_priority_weight_strategy.py
[2024-10-26T18:47:54.490+0000] {processor.py:914} INFO - Processing file /home/airflow/.local/lib/python3.12/site-packages/airflow/example_dags/plugins/decreasing_priority_weight_strategy.py for tasks to queue
[2024-10-26T18:47:54.493+0000] {logging_mixin.py:190} INFO - [2024-10-26T18:47:54.492+0000] {dagbag.py:588} INFO - Filling up the DagBag from /home/airflow/.local/lib/python3.12/site-packages/airflow/example_dags/plugins/decreasing_priority_weight_strategy.py
[2024-10-26T18:47:54.495+0000] {processor.py:927} WARNING - No viable dags retrieved from /home/airflow/.local/lib/python3.12/site-packages/airflow/example_dags/plugins/decreasing_priority_weight_strategy.py
[2024-10-26T18:47:54.510+0000] {processor.py:208} INFO - Processing /home/airflow/.local/lib/python3.12/site-packages/airflow/example_dags/plugins/decreasing_priority_weight_strategy.py took 0.026 seconds
[2024-10-26T18:48:27.132+0000] {processor.py:186} INFO - Started process (PID=10619) to work on /home/airflow/.local/lib/python3.12/site-packages/airflow/example_dags/plugins/decreasing_priority_weight_strategy.py
[2024-10-26T18:48:27.134+0000] {processor.py:914} INFO - Processing file /home/airflow/.local/lib/python3.12/site-packages/airflow/example_dags/plugins/decreasing_priority_weight_strategy.py for tasks to queue
[2024-10-26T18:48:27.136+0000] {logging_mixin.py:190} INFO - [2024-10-26T18:48:27.136+0000] {dagbag.py:588} INFO - Filling up the DagBag from /home/airflow/.local/lib/python3.12/site-packages/airflow/example_dags/plugins/decreasing_priority_weight_strategy.py
[2024-10-26T18:48:27.138+0000] {processor.py:927} WARNING - No viable dags retrieved from /home/airflow/.local/lib/python3.12/site-packages/airflow/example_dags/plugins/decreasing_priority_weight_strategy.py
[2024-10-26T18:48:27.151+0000] {processor.py:208} INFO - Processing /home/airflow/.local/lib/python3.12/site-packages/airflow/example_dags/plugins/decreasing_priority_weight_strategy.py took 0.025 seconds
[2024-10-26T18:48:59.812+0000] {processor.py:186} INFO - Started process (PID=10683) to work on /home/airflow/.local/lib/python3.12/site-packages/airflow/example_dags/plugins/decreasing_priority_weight_strategy.py
[2024-10-26T18:48:59.813+0000] {processor.py:914} INFO - Processing file /home/airflow/.local/lib/python3.12/site-packages/airflow/example_dags/plugins/decreasing_priority_weight_strategy.py for tasks to queue
[2024-10-26T18:48:59.816+0000] {logging_mixin.py:190} INFO - [2024-10-26T18:48:59.816+0000] {dagbag.py:588} INFO - Filling up the DagBag from /home/airflow/.local/lib/python3.12/site-packages/airflow/example_dags/plugins/decreasing_priority_weight_strategy.py
[2024-10-26T18:48:59.818+0000] {processor.py:927} WARNING - No viable dags retrieved from /home/airflow/.local/lib/python3.12/site-packages/airflow/example_dags/plugins/decreasing_priority_weight_strategy.py
[2024-10-26T18:48:59.829+0000] {processor.py:208} INFO - Processing /home/airflow/.local/lib/python3.12/site-packages/airflow/example_dags/plugins/decreasing_priority_weight_strategy.py took 0.023 seconds
[2024-10-26T18:49:32.513+0000] {processor.py:186} INFO - Started process (PID=10747) to work on /home/airflow/.local/lib/python3.12/site-packages/airflow/example_dags/plugins/decreasing_priority_weight_strategy.py
[2024-10-26T18:49:32.514+0000] {processor.py:914} INFO - Processing file /home/airflow/.local/lib/python3.12/site-packages/airflow/example_dags/plugins/decreasing_priority_weight_strategy.py for tasks to queue
[2024-10-26T18:49:32.517+0000] {logging_mixin.py:190} INFO - [2024-10-26T18:49:32.517+0000] {dagbag.py:588} INFO - Filling up the DagBag from /home/airflow/.local/lib/python3.12/site-packages/airflow/example_dags/plugins/decreasing_priority_weight_strategy.py
[2024-10-26T18:49:32.519+0000] {processor.py:927} WARNING - No viable dags retrieved from /home/airflow/.local/lib/python3.12/site-packages/airflow/example_dags/plugins/decreasing_priority_weight_strategy.py
[2024-10-26T18:49:32.533+0000] {processor.py:208} INFO - Processing /home/airflow/.local/lib/python3.12/site-packages/airflow/example_dags/plugins/decreasing_priority_weight_strategy.py took 0.027 seconds
[2024-10-26T18:50:05.991+0000] {processor.py:186} INFO - Started process (PID=10811) to work on /home/airflow/.local/lib/python3.12/site-packages/airflow/example_dags/plugins/decreasing_priority_weight_strategy.py
[2024-10-26T18:50:05.992+0000] {processor.py:914} INFO - Processing file /home/airflow/.local/lib/python3.12/site-packages/airflow/example_dags/plugins/decreasing_priority_weight_strategy.py for tasks to queue
[2024-10-26T18:50:05.994+0000] {logging_mixin.py:190} INFO - [2024-10-26T18:50:05.994+0000] {dagbag.py:588} INFO - Filling up the DagBag from /home/airflow/.local/lib/python3.12/site-packages/airflow/example_dags/plugins/decreasing_priority_weight_strategy.py
[2024-10-26T18:50:05.996+0000] {processor.py:927} WARNING - No viable dags retrieved from /home/airflow/.local/lib/python3.12/site-packages/airflow/example_dags/plugins/decreasing_priority_weight_strategy.py
[2024-10-26T18:50:06.008+0000] {processor.py:208} INFO - Processing /home/airflow/.local/lib/python3.12/site-packages/airflow/example_dags/plugins/decreasing_priority_weight_strategy.py took 0.022 seconds
[2024-10-26T18:50:39.452+0000] {processor.py:186} INFO - Started process (PID=10875) to work on /home/airflow/.local/lib/python3.12/site-packages/airflow/example_dags/plugins/decreasing_priority_weight_strategy.py
[2024-10-26T18:50:39.453+0000] {processor.py:914} INFO - Processing file /home/airflow/.local/lib/python3.12/site-packages/airflow/example_dags/plugins/decreasing_priority_weight_strategy.py for tasks to queue
[2024-10-26T18:50:39.456+0000] {logging_mixin.py:190} INFO - [2024-10-26T18:50:39.455+0000] {dagbag.py:588} INFO - Filling up the DagBag from /home/airflow/.local/lib/python3.12/site-packages/airflow/example_dags/plugins/decreasing_priority_weight_strategy.py
[2024-10-26T18:50:39.458+0000] {processor.py:927} WARNING - No viable dags retrieved from /home/airflow/.local/lib/python3.12/site-packages/airflow/example_dags/plugins/decreasing_priority_weight_strategy.py
[2024-10-26T18:50:39.473+0000] {processor.py:208} INFO - Processing /home/airflow/.local/lib/python3.12/site-packages/airflow/example_dags/plugins/decreasing_priority_weight_strategy.py took 0.030 seconds
[2024-10-26T18:51:11.382+0000] {processor.py:186} INFO - Started process (PID=10939) to work on /home/airflow/.local/lib/python3.12/site-packages/airflow/example_dags/plugins/decreasing_priority_weight_strategy.py
[2024-10-26T18:51:11.383+0000] {processor.py:914} INFO - Processing file /home/airflow/.local/lib/python3.12/site-packages/airflow/example_dags/plugins/decreasing_priority_weight_strategy.py for tasks to queue
[2024-10-26T18:51:11.386+0000] {logging_mixin.py:190} INFO - [2024-10-26T18:51:11.385+0000] {dagbag.py:588} INFO - Filling up the DagBag from /home/airflow/.local/lib/python3.12/site-packages/airflow/example_dags/plugins/decreasing_priority_weight_strategy.py
[2024-10-26T18:51:11.388+0000] {processor.py:927} WARNING - No viable dags retrieved from /home/airflow/.local/lib/python3.12/site-packages/airflow/example_dags/plugins/decreasing_priority_weight_strategy.py
[2024-10-26T18:51:11.400+0000] {processor.py:208} INFO - Processing /home/airflow/.local/lib/python3.12/site-packages/airflow/example_dags/plugins/decreasing_priority_weight_strategy.py took 0.023 seconds
[2024-10-26T18:51:44.094+0000] {processor.py:186} INFO - Started process (PID=11003) to work on /home/airflow/.local/lib/python3.12/site-packages/airflow/example_dags/plugins/decreasing_priority_weight_strategy.py
[2024-10-26T18:51:44.095+0000] {processor.py:914} INFO - Processing file /home/airflow/.local/lib/python3.12/site-packages/airflow/example_dags/plugins/decreasing_priority_weight_strategy.py for tasks to queue
[2024-10-26T18:51:44.097+0000] {logging_mixin.py:190} INFO - [2024-10-26T18:51:44.097+0000] {dagbag.py:588} INFO - Filling up the DagBag from /home/airflow/.local/lib/python3.12/site-packages/airflow/example_dags/plugins/decreasing_priority_weight_strategy.py
[2024-10-26T18:51:44.100+0000] {processor.py:927} WARNING - No viable dags retrieved from /home/airflow/.local/lib/python3.12/site-packages/airflow/example_dags/plugins/decreasing_priority_weight_strategy.py
[2024-10-26T18:51:44.113+0000] {processor.py:208} INFO - Processing /home/airflow/.local/lib/python3.12/site-packages/airflow/example_dags/plugins/decreasing_priority_weight_strategy.py took 0.024 seconds
[2024-10-26T18:52:16.924+0000] {processor.py:186} INFO - Started process (PID=11067) to work on /home/airflow/.local/lib/python3.12/site-packages/airflow/example_dags/plugins/decreasing_priority_weight_strategy.py
[2024-10-26T18:52:16.925+0000] {processor.py:914} INFO - Processing file /home/airflow/.local/lib/python3.12/site-packages/airflow/example_dags/plugins/decreasing_priority_weight_strategy.py for tasks to queue
[2024-10-26T18:52:16.927+0000] {logging_mixin.py:190} INFO - [2024-10-26T18:52:16.927+0000] {dagbag.py:588} INFO - Filling up the DagBag from /home/airflow/.local/lib/python3.12/site-packages/airflow/example_dags/plugins/decreasing_priority_weight_strategy.py
[2024-10-26T18:52:16.929+0000] {processor.py:927} WARNING - No viable dags retrieved from /home/airflow/.local/lib/python3.12/site-packages/airflow/example_dags/plugins/decreasing_priority_weight_strategy.py
[2024-10-26T18:52:16.940+0000] {processor.py:208} INFO - Processing /home/airflow/.local/lib/python3.12/site-packages/airflow/example_dags/plugins/decreasing_priority_weight_strategy.py took 0.021 seconds
[2024-10-26T18:52:49.498+0000] {processor.py:186} INFO - Started process (PID=11131) to work on /home/airflow/.local/lib/python3.12/site-packages/airflow/example_dags/plugins/decreasing_priority_weight_strategy.py
[2024-10-26T18:52:49.500+0000] {processor.py:914} INFO - Processing file /home/airflow/.local/lib/python3.12/site-packages/airflow/example_dags/plugins/decreasing_priority_weight_strategy.py for tasks to queue
[2024-10-26T18:52:49.502+0000] {logging_mixin.py:190} INFO - [2024-10-26T18:52:49.502+0000] {dagbag.py:588} INFO - Filling up the DagBag from /home/airflow/.local/lib/python3.12/site-packages/airflow/example_dags/plugins/decreasing_priority_weight_strategy.py
[2024-10-26T18:52:49.505+0000] {processor.py:927} WARNING - No viable dags retrieved from /home/airflow/.local/lib/python3.12/site-packages/airflow/example_dags/plugins/decreasing_priority_weight_strategy.py
[2024-10-26T18:52:49.519+0000] {processor.py:208} INFO - Processing /home/airflow/.local/lib/python3.12/site-packages/airflow/example_dags/plugins/decreasing_priority_weight_strategy.py took 0.026 seconds
[2024-10-26T18:53:22.389+0000] {processor.py:186} INFO - Started process (PID=11195) to work on /home/airflow/.local/lib/python3.12/site-packages/airflow/example_dags/plugins/decreasing_priority_weight_strategy.py
[2024-10-26T18:53:22.390+0000] {processor.py:914} INFO - Processing file /home/airflow/.local/lib/python3.12/site-packages/airflow/example_dags/plugins/decreasing_priority_weight_strategy.py for tasks to queue
[2024-10-26T18:53:22.393+0000] {logging_mixin.py:190} INFO - [2024-10-26T18:53:22.393+0000] {dagbag.py:588} INFO - Filling up the DagBag from /home/airflow/.local/lib/python3.12/site-packages/airflow/example_dags/plugins/decreasing_priority_weight_strategy.py
[2024-10-26T18:53:22.395+0000] {processor.py:927} WARNING - No viable dags retrieved from /home/airflow/.local/lib/python3.12/site-packages/airflow/example_dags/plugins/decreasing_priority_weight_strategy.py
[2024-10-26T18:53:22.409+0000] {processor.py:208} INFO - Processing /home/airflow/.local/lib/python3.12/site-packages/airflow/example_dags/plugins/decreasing_priority_weight_strategy.py took 0.025 seconds
[2024-10-26T18:53:55.153+0000] {processor.py:186} INFO - Started process (PID=11259) to work on /home/airflow/.local/lib/python3.12/site-packages/airflow/example_dags/plugins/decreasing_priority_weight_strategy.py
[2024-10-26T18:53:55.154+0000] {processor.py:914} INFO - Processing file /home/airflow/.local/lib/python3.12/site-packages/airflow/example_dags/plugins/decreasing_priority_weight_strategy.py for tasks to queue
[2024-10-26T18:53:55.156+0000] {logging_mixin.py:190} INFO - [2024-10-26T18:53:55.156+0000] {dagbag.py:588} INFO - Filling up the DagBag from /home/airflow/.local/lib/python3.12/site-packages/airflow/example_dags/plugins/decreasing_priority_weight_strategy.py
[2024-10-26T18:53:55.158+0000] {processor.py:927} WARNING - No viable dags retrieved from /home/airflow/.local/lib/python3.12/site-packages/airflow/example_dags/plugins/decreasing_priority_weight_strategy.py
[2024-10-26T18:53:55.171+0000] {processor.py:208} INFO - Processing /home/airflow/.local/lib/python3.12/site-packages/airflow/example_dags/plugins/decreasing_priority_weight_strategy.py took 0.025 seconds
[2024-10-26T18:54:27.747+0000] {processor.py:186} INFO - Started process (PID=11323) to work on /home/airflow/.local/lib/python3.12/site-packages/airflow/example_dags/plugins/decreasing_priority_weight_strategy.py
[2024-10-26T18:54:27.748+0000] {processor.py:914} INFO - Processing file /home/airflow/.local/lib/python3.12/site-packages/airflow/example_dags/plugins/decreasing_priority_weight_strategy.py for tasks to queue
[2024-10-26T18:54:27.750+0000] {logging_mixin.py:190} INFO - [2024-10-26T18:54:27.750+0000] {dagbag.py:588} INFO - Filling up the DagBag from /home/airflow/.local/lib/python3.12/site-packages/airflow/example_dags/plugins/decreasing_priority_weight_strategy.py
[2024-10-26T18:54:27.752+0000] {processor.py:927} WARNING - No viable dags retrieved from /home/airflow/.local/lib/python3.12/site-packages/airflow/example_dags/plugins/decreasing_priority_weight_strategy.py
[2024-10-26T18:54:27.765+0000] {processor.py:208} INFO - Processing /home/airflow/.local/lib/python3.12/site-packages/airflow/example_dags/plugins/decreasing_priority_weight_strategy.py took 0.023 seconds
[2024-10-26T18:55:00.618+0000] {processor.py:186} INFO - Started process (PID=11387) to work on /home/airflow/.local/lib/python3.12/site-packages/airflow/example_dags/plugins/decreasing_priority_weight_strategy.py
[2024-10-26T18:55:00.619+0000] {processor.py:914} INFO - Processing file /home/airflow/.local/lib/python3.12/site-packages/airflow/example_dags/plugins/decreasing_priority_weight_strategy.py for tasks to queue
[2024-10-26T18:55:00.622+0000] {logging_mixin.py:190} INFO - [2024-10-26T18:55:00.621+0000] {dagbag.py:588} INFO - Filling up the DagBag from /home/airflow/.local/lib/python3.12/site-packages/airflow/example_dags/plugins/decreasing_priority_weight_strategy.py
[2024-10-26T18:55:00.624+0000] {processor.py:927} WARNING - No viable dags retrieved from /home/airflow/.local/lib/python3.12/site-packages/airflow/example_dags/plugins/decreasing_priority_weight_strategy.py
[2024-10-26T18:55:00.639+0000] {processor.py:208} INFO - Processing /home/airflow/.local/lib/python3.12/site-packages/airflow/example_dags/plugins/decreasing_priority_weight_strategy.py took 0.028 seconds
[2024-10-26T18:55:33.329+0000] {processor.py:186} INFO - Started process (PID=11451) to work on /home/airflow/.local/lib/python3.12/site-packages/airflow/example_dags/plugins/decreasing_priority_weight_strategy.py
[2024-10-26T18:55:33.330+0000] {processor.py:914} INFO - Processing file /home/airflow/.local/lib/python3.12/site-packages/airflow/example_dags/plugins/decreasing_priority_weight_strategy.py for tasks to queue
[2024-10-26T18:55:33.333+0000] {logging_mixin.py:190} INFO - [2024-10-26T18:55:33.332+0000] {dagbag.py:588} INFO - Filling up the DagBag from /home/airflow/.local/lib/python3.12/site-packages/airflow/example_dags/plugins/decreasing_priority_weight_strategy.py
[2024-10-26T18:55:33.335+0000] {processor.py:927} WARNING - No viable dags retrieved from /home/airflow/.local/lib/python3.12/site-packages/airflow/example_dags/plugins/decreasing_priority_weight_strategy.py
[2024-10-26T18:55:33.347+0000] {processor.py:208} INFO - Processing /home/airflow/.local/lib/python3.12/site-packages/airflow/example_dags/plugins/decreasing_priority_weight_strategy.py took 0.025 seconds
[2024-10-26T18:56:05.918+0000] {processor.py:186} INFO - Started process (PID=11516) to work on /home/airflow/.local/lib/python3.12/site-packages/airflow/example_dags/plugins/decreasing_priority_weight_strategy.py
[2024-10-26T18:56:05.919+0000] {processor.py:914} INFO - Processing file /home/airflow/.local/lib/python3.12/site-packages/airflow/example_dags/plugins/decreasing_priority_weight_strategy.py for tasks to queue
[2024-10-26T18:56:05.922+0000] {logging_mixin.py:190} INFO - [2024-10-26T18:56:05.922+0000] {dagbag.py:588} INFO - Filling up the DagBag from /home/airflow/.local/lib/python3.12/site-packages/airflow/example_dags/plugins/decreasing_priority_weight_strategy.py
[2024-10-26T18:56:05.924+0000] {processor.py:927} WARNING - No viable dags retrieved from /home/airflow/.local/lib/python3.12/site-packages/airflow/example_dags/plugins/decreasing_priority_weight_strategy.py
[2024-10-26T18:56:05.936+0000] {processor.py:208} INFO - Processing /home/airflow/.local/lib/python3.12/site-packages/airflow/example_dags/plugins/decreasing_priority_weight_strategy.py took 0.026 seconds
[2024-10-26T18:56:38.773+0000] {processor.py:186} INFO - Started process (PID=11580) to work on /home/airflow/.local/lib/python3.12/site-packages/airflow/example_dags/plugins/decreasing_priority_weight_strategy.py
[2024-10-26T18:56:38.774+0000] {processor.py:914} INFO - Processing file /home/airflow/.local/lib/python3.12/site-packages/airflow/example_dags/plugins/decreasing_priority_weight_strategy.py for tasks to queue
[2024-10-26T18:56:38.777+0000] {logging_mixin.py:190} INFO - [2024-10-26T18:56:38.777+0000] {dagbag.py:588} INFO - Filling up the DagBag from /home/airflow/.local/lib/python3.12/site-packages/airflow/example_dags/plugins/decreasing_priority_weight_strategy.py
[2024-10-26T18:56:38.780+0000] {processor.py:927} WARNING - No viable dags retrieved from /home/airflow/.local/lib/python3.12/site-packages/airflow/example_dags/plugins/decreasing_priority_weight_strategy.py
[2024-10-26T18:56:38.793+0000] {processor.py:208} INFO - Processing /home/airflow/.local/lib/python3.12/site-packages/airflow/example_dags/plugins/decreasing_priority_weight_strategy.py took 0.028 seconds
[2024-10-26T18:57:11.645+0000] {processor.py:186} INFO - Started process (PID=11644) to work on /home/airflow/.local/lib/python3.12/site-packages/airflow/example_dags/plugins/decreasing_priority_weight_strategy.py
[2024-10-26T18:57:11.646+0000] {processor.py:914} INFO - Processing file /home/airflow/.local/lib/python3.12/site-packages/airflow/example_dags/plugins/decreasing_priority_weight_strategy.py for tasks to queue
[2024-10-26T18:57:11.649+0000] {logging_mixin.py:190} INFO - [2024-10-26T18:57:11.649+0000] {dagbag.py:588} INFO - Filling up the DagBag from /home/airflow/.local/lib/python3.12/site-packages/airflow/example_dags/plugins/decreasing_priority_weight_strategy.py
[2024-10-26T18:57:11.652+0000] {processor.py:927} WARNING - No viable dags retrieved from /home/airflow/.local/lib/python3.12/site-packages/airflow/example_dags/plugins/decreasing_priority_weight_strategy.py
[2024-10-26T18:57:11.664+0000] {processor.py:208} INFO - Processing /home/airflow/.local/lib/python3.12/site-packages/airflow/example_dags/plugins/decreasing_priority_weight_strategy.py took 0.025 seconds
[2024-10-26T18:57:44.194+0000] {processor.py:186} INFO - Started process (PID=11708) to work on /home/airflow/.local/lib/python3.12/site-packages/airflow/example_dags/plugins/decreasing_priority_weight_strategy.py
[2024-10-26T18:57:44.195+0000] {processor.py:914} INFO - Processing file /home/airflow/.local/lib/python3.12/site-packages/airflow/example_dags/plugins/decreasing_priority_weight_strategy.py for tasks to queue
[2024-10-26T18:57:44.198+0000] {logging_mixin.py:190} INFO - [2024-10-26T18:57:44.197+0000] {dagbag.py:588} INFO - Filling up the DagBag from /home/airflow/.local/lib/python3.12/site-packages/airflow/example_dags/plugins/decreasing_priority_weight_strategy.py
[2024-10-26T18:57:44.199+0000] {processor.py:927} WARNING - No viable dags retrieved from /home/airflow/.local/lib/python3.12/site-packages/airflow/example_dags/plugins/decreasing_priority_weight_strategy.py
[2024-10-26T18:57:44.211+0000] {processor.py:208} INFO - Processing /home/airflow/.local/lib/python3.12/site-packages/airflow/example_dags/plugins/decreasing_priority_weight_strategy.py took 0.022 seconds
[2024-10-26T18:58:16.861+0000] {processor.py:186} INFO - Started process (PID=11772) to work on /home/airflow/.local/lib/python3.12/site-packages/airflow/example_dags/plugins/decreasing_priority_weight_strategy.py
[2024-10-26T18:58:16.862+0000] {processor.py:914} INFO - Processing file /home/airflow/.local/lib/python3.12/site-packages/airflow/example_dags/plugins/decreasing_priority_weight_strategy.py for tasks to queue
[2024-10-26T18:58:16.864+0000] {logging_mixin.py:190} INFO - [2024-10-26T18:58:16.864+0000] {dagbag.py:588} INFO - Filling up the DagBag from /home/airflow/.local/lib/python3.12/site-packages/airflow/example_dags/plugins/decreasing_priority_weight_strategy.py
[2024-10-26T18:58:16.866+0000] {processor.py:927} WARNING - No viable dags retrieved from /home/airflow/.local/lib/python3.12/site-packages/airflow/example_dags/plugins/decreasing_priority_weight_strategy.py
[2024-10-26T18:58:16.878+0000] {processor.py:208} INFO - Processing /home/airflow/.local/lib/python3.12/site-packages/airflow/example_dags/plugins/decreasing_priority_weight_strategy.py took 0.022 seconds
[2024-10-26T18:58:49.605+0000] {processor.py:186} INFO - Started process (PID=11836) to work on /home/airflow/.local/lib/python3.12/site-packages/airflow/example_dags/plugins/decreasing_priority_weight_strategy.py
[2024-10-26T18:58:49.606+0000] {processor.py:914} INFO - Processing file /home/airflow/.local/lib/python3.12/site-packages/airflow/example_dags/plugins/decreasing_priority_weight_strategy.py for tasks to queue
[2024-10-26T18:58:49.609+0000] {logging_mixin.py:190} INFO - [2024-10-26T18:58:49.609+0000] {dagbag.py:588} INFO - Filling up the DagBag from /home/airflow/.local/lib/python3.12/site-packages/airflow/example_dags/plugins/decreasing_priority_weight_strategy.py
[2024-10-26T18:58:49.612+0000] {processor.py:927} WARNING - No viable dags retrieved from /home/airflow/.local/lib/python3.12/site-packages/airflow/example_dags/plugins/decreasing_priority_weight_strategy.py
[2024-10-26T18:58:49.626+0000] {processor.py:208} INFO - Processing /home/airflow/.local/lib/python3.12/site-packages/airflow/example_dags/plugins/decreasing_priority_weight_strategy.py took 0.027 seconds
[2024-10-26T18:59:22.350+0000] {processor.py:186} INFO - Started process (PID=11900) to work on /home/airflow/.local/lib/python3.12/site-packages/airflow/example_dags/plugins/decreasing_priority_weight_strategy.py
[2024-10-26T18:59:22.351+0000] {processor.py:914} INFO - Processing file /home/airflow/.local/lib/python3.12/site-packages/airflow/example_dags/plugins/decreasing_priority_weight_strategy.py for tasks to queue
[2024-10-26T18:59:22.353+0000] {logging_mixin.py:190} INFO - [2024-10-26T18:59:22.353+0000] {dagbag.py:588} INFO - Filling up the DagBag from /home/airflow/.local/lib/python3.12/site-packages/airflow/example_dags/plugins/decreasing_priority_weight_strategy.py
[2024-10-26T18:59:22.355+0000] {processor.py:927} WARNING - No viable dags retrieved from /home/airflow/.local/lib/python3.12/site-packages/airflow/example_dags/plugins/decreasing_priority_weight_strategy.py
[2024-10-26T18:59:22.367+0000] {processor.py:208} INFO - Processing /home/airflow/.local/lib/python3.12/site-packages/airflow/example_dags/plugins/decreasing_priority_weight_strategy.py took 0.022 seconds
[2024-10-26T18:59:54.997+0000] {processor.py:186} INFO - Started process (PID=11964) to work on /home/airflow/.local/lib/python3.12/site-packages/airflow/example_dags/plugins/decreasing_priority_weight_strategy.py
[2024-10-26T18:59:54.998+0000] {processor.py:914} INFO - Processing file /home/airflow/.local/lib/python3.12/site-packages/airflow/example_dags/plugins/decreasing_priority_weight_strategy.py for tasks to queue
[2024-10-26T18:59:55.000+0000] {logging_mixin.py:190} INFO - [2024-10-26T18:59:55.000+0000] {dagbag.py:588} INFO - Filling up the DagBag from /home/airflow/.local/lib/python3.12/site-packages/airflow/example_dags/plugins/decreasing_priority_weight_strategy.py
[2024-10-26T18:59:55.002+0000] {processor.py:927} WARNING - No viable dags retrieved from /home/airflow/.local/lib/python3.12/site-packages/airflow/example_dags/plugins/decreasing_priority_weight_strategy.py
[2024-10-26T18:59:55.014+0000] {processor.py:208} INFO - Processing /home/airflow/.local/lib/python3.12/site-packages/airflow/example_dags/plugins/decreasing_priority_weight_strategy.py took 0.022 seconds
[2024-10-26T19:00:27.364+0000] {processor.py:186} INFO - Started process (PID=12028) to work on /home/airflow/.local/lib/python3.12/site-packages/airflow/example_dags/plugins/decreasing_priority_weight_strategy.py
[2024-10-26T19:00:27.365+0000] {processor.py:914} INFO - Processing file /home/airflow/.local/lib/python3.12/site-packages/airflow/example_dags/plugins/decreasing_priority_weight_strategy.py for tasks to queue
[2024-10-26T19:00:27.367+0000] {logging_mixin.py:190} INFO - [2024-10-26T19:00:27.367+0000] {dagbag.py:588} INFO - Filling up the DagBag from /home/airflow/.local/lib/python3.12/site-packages/airflow/example_dags/plugins/decreasing_priority_weight_strategy.py
[2024-10-26T19:00:27.369+0000] {processor.py:927} WARNING - No viable dags retrieved from /home/airflow/.local/lib/python3.12/site-packages/airflow/example_dags/plugins/decreasing_priority_weight_strategy.py
[2024-10-26T19:00:27.380+0000] {processor.py:208} INFO - Processing /home/airflow/.local/lib/python3.12/site-packages/airflow/example_dags/plugins/decreasing_priority_weight_strategy.py took 0.022 seconds
[2024-10-26T19:01:00.042+0000] {processor.py:186} INFO - Started process (PID=12092) to work on /home/airflow/.local/lib/python3.12/site-packages/airflow/example_dags/plugins/decreasing_priority_weight_strategy.py
[2024-10-26T19:01:00.044+0000] {processor.py:914} INFO - Processing file /home/airflow/.local/lib/python3.12/site-packages/airflow/example_dags/plugins/decreasing_priority_weight_strategy.py for tasks to queue
[2024-10-26T19:01:00.047+0000] {logging_mixin.py:190} INFO - [2024-10-26T19:01:00.046+0000] {dagbag.py:588} INFO - Filling up the DagBag from /home/airflow/.local/lib/python3.12/site-packages/airflow/example_dags/plugins/decreasing_priority_weight_strategy.py
[2024-10-26T19:01:00.049+0000] {processor.py:927} WARNING - No viable dags retrieved from /home/airflow/.local/lib/python3.12/site-packages/airflow/example_dags/plugins/decreasing_priority_weight_strategy.py
[2024-10-26T19:01:00.062+0000] {processor.py:208} INFO - Processing /home/airflow/.local/lib/python3.12/site-packages/airflow/example_dags/plugins/decreasing_priority_weight_strategy.py took 0.026 seconds
[2024-10-26T19:01:32.570+0000] {processor.py:186} INFO - Started process (PID=12156) to work on /home/airflow/.local/lib/python3.12/site-packages/airflow/example_dags/plugins/decreasing_priority_weight_strategy.py
[2024-10-26T19:01:32.571+0000] {processor.py:914} INFO - Processing file /home/airflow/.local/lib/python3.12/site-packages/airflow/example_dags/plugins/decreasing_priority_weight_strategy.py for tasks to queue
[2024-10-26T19:01:32.573+0000] {logging_mixin.py:190} INFO - [2024-10-26T19:01:32.573+0000] {dagbag.py:588} INFO - Filling up the DagBag from /home/airflow/.local/lib/python3.12/site-packages/airflow/example_dags/plugins/decreasing_priority_weight_strategy.py
[2024-10-26T19:01:32.575+0000] {processor.py:927} WARNING - No viable dags retrieved from /home/airflow/.local/lib/python3.12/site-packages/airflow/example_dags/plugins/decreasing_priority_weight_strategy.py
[2024-10-26T19:01:32.586+0000] {processor.py:208} INFO - Processing /home/airflow/.local/lib/python3.12/site-packages/airflow/example_dags/plugins/decreasing_priority_weight_strategy.py took 0.021 seconds
[2024-10-26T19:02:05.313+0000] {processor.py:186} INFO - Started process (PID=12220) to work on /home/airflow/.local/lib/python3.12/site-packages/airflow/example_dags/plugins/decreasing_priority_weight_strategy.py
[2024-10-26T19:02:05.314+0000] {processor.py:914} INFO - Processing file /home/airflow/.local/lib/python3.12/site-packages/airflow/example_dags/plugins/decreasing_priority_weight_strategy.py for tasks to queue
[2024-10-26T19:02:05.317+0000] {logging_mixin.py:190} INFO - [2024-10-26T19:02:05.316+0000] {dagbag.py:588} INFO - Filling up the DagBag from /home/airflow/.local/lib/python3.12/site-packages/airflow/example_dags/plugins/decreasing_priority_weight_strategy.py
[2024-10-26T19:02:05.319+0000] {processor.py:927} WARNING - No viable dags retrieved from /home/airflow/.local/lib/python3.12/site-packages/airflow/example_dags/plugins/decreasing_priority_weight_strategy.py
[2024-10-26T19:02:05.332+0000] {processor.py:208} INFO - Processing /home/airflow/.local/lib/python3.12/site-packages/airflow/example_dags/plugins/decreasing_priority_weight_strategy.py took 0.025 seconds
[2024-10-26T19:02:38.775+0000] {processor.py:186} INFO - Started process (PID=12284) to work on /home/airflow/.local/lib/python3.12/site-packages/airflow/example_dags/plugins/decreasing_priority_weight_strategy.py
[2024-10-26T19:02:38.776+0000] {processor.py:914} INFO - Processing file /home/airflow/.local/lib/python3.12/site-packages/airflow/example_dags/plugins/decreasing_priority_weight_strategy.py for tasks to queue
[2024-10-26T19:02:38.778+0000] {logging_mixin.py:190} INFO - [2024-10-26T19:02:38.778+0000] {dagbag.py:588} INFO - Filling up the DagBag from /home/airflow/.local/lib/python3.12/site-packages/airflow/example_dags/plugins/decreasing_priority_weight_strategy.py
[2024-10-26T19:02:38.780+0000] {processor.py:927} WARNING - No viable dags retrieved from /home/airflow/.local/lib/python3.12/site-packages/airflow/example_dags/plugins/decreasing_priority_weight_strategy.py
[2024-10-26T19:02:38.793+0000] {processor.py:208} INFO - Processing /home/airflow/.local/lib/python3.12/site-packages/airflow/example_dags/plugins/decreasing_priority_weight_strategy.py took 0.024 seconds
[2024-10-26T19:03:11.587+0000] {processor.py:186} INFO - Started process (PID=12348) to work on /home/airflow/.local/lib/python3.12/site-packages/airflow/example_dags/plugins/decreasing_priority_weight_strategy.py
[2024-10-26T19:03:11.588+0000] {processor.py:914} INFO - Processing file /home/airflow/.local/lib/python3.12/site-packages/airflow/example_dags/plugins/decreasing_priority_weight_strategy.py for tasks to queue
[2024-10-26T19:03:11.590+0000] {logging_mixin.py:190} INFO - [2024-10-26T19:03:11.590+0000] {dagbag.py:588} INFO - Filling up the DagBag from /home/airflow/.local/lib/python3.12/site-packages/airflow/example_dags/plugins/decreasing_priority_weight_strategy.py
[2024-10-26T19:03:11.592+0000] {processor.py:927} WARNING - No viable dags retrieved from /home/airflow/.local/lib/python3.12/site-packages/airflow/example_dags/plugins/decreasing_priority_weight_strategy.py
[2024-10-26T19:03:11.604+0000] {processor.py:208} INFO - Processing /home/airflow/.local/lib/python3.12/site-packages/airflow/example_dags/plugins/decreasing_priority_weight_strategy.py took 0.022 seconds
[2024-10-26T19:03:44.299+0000] {processor.py:186} INFO - Started process (PID=12412) to work on /home/airflow/.local/lib/python3.12/site-packages/airflow/example_dags/plugins/decreasing_priority_weight_strategy.py
[2024-10-26T19:03:44.300+0000] {processor.py:914} INFO - Processing file /home/airflow/.local/lib/python3.12/site-packages/airflow/example_dags/plugins/decreasing_priority_weight_strategy.py for tasks to queue
[2024-10-26T19:03:44.302+0000] {logging_mixin.py:190} INFO - [2024-10-26T19:03:44.302+0000] {dagbag.py:588} INFO - Filling up the DagBag from /home/airflow/.local/lib/python3.12/site-packages/airflow/example_dags/plugins/decreasing_priority_weight_strategy.py
[2024-10-26T19:03:44.304+0000] {processor.py:927} WARNING - No viable dags retrieved from /home/airflow/.local/lib/python3.12/site-packages/airflow/example_dags/plugins/decreasing_priority_weight_strategy.py
[2024-10-26T19:03:44.315+0000] {processor.py:208} INFO - Processing /home/airflow/.local/lib/python3.12/site-packages/airflow/example_dags/plugins/decreasing_priority_weight_strategy.py took 0.020 seconds
[2024-10-26T19:04:17.265+0000] {processor.py:186} INFO - Started process (PID=12476) to work on /home/airflow/.local/lib/python3.12/site-packages/airflow/example_dags/plugins/decreasing_priority_weight_strategy.py
[2024-10-26T19:04:17.266+0000] {processor.py:914} INFO - Processing file /home/airflow/.local/lib/python3.12/site-packages/airflow/example_dags/plugins/decreasing_priority_weight_strategy.py for tasks to queue
[2024-10-26T19:04:17.269+0000] {logging_mixin.py:190} INFO - [2024-10-26T19:04:17.268+0000] {dagbag.py:588} INFO - Filling up the DagBag from /home/airflow/.local/lib/python3.12/site-packages/airflow/example_dags/plugins/decreasing_priority_weight_strategy.py
[2024-10-26T19:04:17.271+0000] {processor.py:927} WARNING - No viable dags retrieved from /home/airflow/.local/lib/python3.12/site-packages/airflow/example_dags/plugins/decreasing_priority_weight_strategy.py
[2024-10-26T19:04:17.284+0000] {processor.py:208} INFO - Processing /home/airflow/.local/lib/python3.12/site-packages/airflow/example_dags/plugins/decreasing_priority_weight_strategy.py took 0.027 seconds
[2024-10-26T19:04:48.890+0000] {processor.py:186} INFO - Started process (PID=12540) to work on /home/airflow/.local/lib/python3.12/site-packages/airflow/example_dags/plugins/decreasing_priority_weight_strategy.py
[2024-10-26T19:04:48.891+0000] {processor.py:914} INFO - Processing file /home/airflow/.local/lib/python3.12/site-packages/airflow/example_dags/plugins/decreasing_priority_weight_strategy.py for tasks to queue
[2024-10-26T19:04:48.894+0000] {logging_mixin.py:190} INFO - [2024-10-26T19:04:48.894+0000] {dagbag.py:588} INFO - Filling up the DagBag from /home/airflow/.local/lib/python3.12/site-packages/airflow/example_dags/plugins/decreasing_priority_weight_strategy.py
[2024-10-26T19:04:48.896+0000] {processor.py:927} WARNING - No viable dags retrieved from /home/airflow/.local/lib/python3.12/site-packages/airflow/example_dags/plugins/decreasing_priority_weight_strategy.py
[2024-10-26T19:04:48.908+0000] {processor.py:208} INFO - Processing /home/airflow/.local/lib/python3.12/site-packages/airflow/example_dags/plugins/decreasing_priority_weight_strategy.py took 0.025 seconds
[2024-10-26T19:05:22.697+0000] {processor.py:186} INFO - Started process (PID=12604) to work on /home/airflow/.local/lib/python3.12/site-packages/airflow/example_dags/plugins/decreasing_priority_weight_strategy.py
[2024-10-26T19:05:22.698+0000] {processor.py:914} INFO - Processing file /home/airflow/.local/lib/python3.12/site-packages/airflow/example_dags/plugins/decreasing_priority_weight_strategy.py for tasks to queue
[2024-10-26T19:05:22.700+0000] {logging_mixin.py:190} INFO - [2024-10-26T19:05:22.700+0000] {dagbag.py:588} INFO - Filling up the DagBag from /home/airflow/.local/lib/python3.12/site-packages/airflow/example_dags/plugins/decreasing_priority_weight_strategy.py
[2024-10-26T19:05:22.702+0000] {processor.py:927} WARNING - No viable dags retrieved from /home/airflow/.local/lib/python3.12/site-packages/airflow/example_dags/plugins/decreasing_priority_weight_strategy.py
[2024-10-26T19:05:22.715+0000] {processor.py:208} INFO - Processing /home/airflow/.local/lib/python3.12/site-packages/airflow/example_dags/plugins/decreasing_priority_weight_strategy.py took 0.024 seconds
[2024-10-26T19:05:55.333+0000] {processor.py:186} INFO - Started process (PID=12668) to work on /home/airflow/.local/lib/python3.12/site-packages/airflow/example_dags/plugins/decreasing_priority_weight_strategy.py
[2024-10-26T19:05:55.334+0000] {processor.py:914} INFO - Processing file /home/airflow/.local/lib/python3.12/site-packages/airflow/example_dags/plugins/decreasing_priority_weight_strategy.py for tasks to queue
[2024-10-26T19:05:55.336+0000] {logging_mixin.py:190} INFO - [2024-10-26T19:05:55.336+0000] {dagbag.py:588} INFO - Filling up the DagBag from /home/airflow/.local/lib/python3.12/site-packages/airflow/example_dags/plugins/decreasing_priority_weight_strategy.py
[2024-10-26T19:05:55.339+0000] {processor.py:927} WARNING - No viable dags retrieved from /home/airflow/.local/lib/python3.12/site-packages/airflow/example_dags/plugins/decreasing_priority_weight_strategy.py
[2024-10-26T19:05:55.351+0000] {processor.py:208} INFO - Processing /home/airflow/.local/lib/python3.12/site-packages/airflow/example_dags/plugins/decreasing_priority_weight_strategy.py took 0.023 seconds
[2024-10-26T19:06:27.794+0000] {processor.py:186} INFO - Started process (PID=12732) to work on /home/airflow/.local/lib/python3.12/site-packages/airflow/example_dags/plugins/decreasing_priority_weight_strategy.py
[2024-10-26T19:06:27.795+0000] {processor.py:914} INFO - Processing file /home/airflow/.local/lib/python3.12/site-packages/airflow/example_dags/plugins/decreasing_priority_weight_strategy.py for tasks to queue
[2024-10-26T19:06:27.798+0000] {logging_mixin.py:190} INFO - [2024-10-26T19:06:27.798+0000] {dagbag.py:588} INFO - Filling up the DagBag from /home/airflow/.local/lib/python3.12/site-packages/airflow/example_dags/plugins/decreasing_priority_weight_strategy.py
[2024-10-26T19:06:27.801+0000] {processor.py:927} WARNING - No viable dags retrieved from /home/airflow/.local/lib/python3.12/site-packages/airflow/example_dags/plugins/decreasing_priority_weight_strategy.py
[2024-10-26T19:06:27.814+0000] {processor.py:208} INFO - Processing /home/airflow/.local/lib/python3.12/site-packages/airflow/example_dags/plugins/decreasing_priority_weight_strategy.py took 0.026 seconds
[2024-10-26T19:07:00.344+0000] {processor.py:186} INFO - Started process (PID=12796) to work on /home/airflow/.local/lib/python3.12/site-packages/airflow/example_dags/plugins/decreasing_priority_weight_strategy.py
[2024-10-26T19:07:00.346+0000] {processor.py:914} INFO - Processing file /home/airflow/.local/lib/python3.12/site-packages/airflow/example_dags/plugins/decreasing_priority_weight_strategy.py for tasks to queue
[2024-10-26T19:07:00.348+0000] {logging_mixin.py:190} INFO - [2024-10-26T19:07:00.348+0000] {dagbag.py:588} INFO - Filling up the DagBag from /home/airflow/.local/lib/python3.12/site-packages/airflow/example_dags/plugins/decreasing_priority_weight_strategy.py
[2024-10-26T19:07:00.350+0000] {processor.py:927} WARNING - No viable dags retrieved from /home/airflow/.local/lib/python3.12/site-packages/airflow/example_dags/plugins/decreasing_priority_weight_strategy.py
[2024-10-26T19:07:00.362+0000] {processor.py:208} INFO - Processing /home/airflow/.local/lib/python3.12/site-packages/airflow/example_dags/plugins/decreasing_priority_weight_strategy.py took 0.024 seconds
[2024-10-26T19:07:33.092+0000] {processor.py:186} INFO - Started process (PID=12860) to work on /home/airflow/.local/lib/python3.12/site-packages/airflow/example_dags/plugins/decreasing_priority_weight_strategy.py
[2024-10-26T19:07:33.093+0000] {processor.py:914} INFO - Processing file /home/airflow/.local/lib/python3.12/site-packages/airflow/example_dags/plugins/decreasing_priority_weight_strategy.py for tasks to queue
[2024-10-26T19:07:33.096+0000] {logging_mixin.py:190} INFO - [2024-10-26T19:07:33.096+0000] {dagbag.py:588} INFO - Filling up the DagBag from /home/airflow/.local/lib/python3.12/site-packages/airflow/example_dags/plugins/decreasing_priority_weight_strategy.py
[2024-10-26T19:07:33.098+0000] {processor.py:927} WARNING - No viable dags retrieved from /home/airflow/.local/lib/python3.12/site-packages/airflow/example_dags/plugins/decreasing_priority_weight_strategy.py
[2024-10-26T19:07:33.113+0000] {processor.py:208} INFO - Processing /home/airflow/.local/lib/python3.12/site-packages/airflow/example_dags/plugins/decreasing_priority_weight_strategy.py took 0.026 seconds
[2024-10-26T19:08:05.695+0000] {processor.py:186} INFO - Started process (PID=12924) to work on /home/airflow/.local/lib/python3.12/site-packages/airflow/example_dags/plugins/decreasing_priority_weight_strategy.py
[2024-10-26T19:08:05.696+0000] {processor.py:914} INFO - Processing file /home/airflow/.local/lib/python3.12/site-packages/airflow/example_dags/plugins/decreasing_priority_weight_strategy.py for tasks to queue
[2024-10-26T19:08:05.699+0000] {logging_mixin.py:190} INFO - [2024-10-26T19:08:05.699+0000] {dagbag.py:588} INFO - Filling up the DagBag from /home/airflow/.local/lib/python3.12/site-packages/airflow/example_dags/plugins/decreasing_priority_weight_strategy.py
[2024-10-26T19:08:05.701+0000] {processor.py:927} WARNING - No viable dags retrieved from /home/airflow/.local/lib/python3.12/site-packages/airflow/example_dags/plugins/decreasing_priority_weight_strategy.py
[2024-10-26T19:08:05.715+0000] {processor.py:208} INFO - Processing /home/airflow/.local/lib/python3.12/site-packages/airflow/example_dags/plugins/decreasing_priority_weight_strategy.py took 0.026 seconds
[2024-10-26T19:08:38.369+0000] {processor.py:186} INFO - Started process (PID=12988) to work on /home/airflow/.local/lib/python3.12/site-packages/airflow/example_dags/plugins/decreasing_priority_weight_strategy.py
[2024-10-26T19:08:38.370+0000] {processor.py:914} INFO - Processing file /home/airflow/.local/lib/python3.12/site-packages/airflow/example_dags/plugins/decreasing_priority_weight_strategy.py for tasks to queue
[2024-10-26T19:08:38.373+0000] {logging_mixin.py:190} INFO - [2024-10-26T19:08:38.372+0000] {dagbag.py:588} INFO - Filling up the DagBag from /home/airflow/.local/lib/python3.12/site-packages/airflow/example_dags/plugins/decreasing_priority_weight_strategy.py
[2024-10-26T19:08:38.374+0000] {processor.py:927} WARNING - No viable dags retrieved from /home/airflow/.local/lib/python3.12/site-packages/airflow/example_dags/plugins/decreasing_priority_weight_strategy.py
[2024-10-26T19:08:38.386+0000] {processor.py:208} INFO - Processing /home/airflow/.local/lib/python3.12/site-packages/airflow/example_dags/plugins/decreasing_priority_weight_strategy.py took 0.022 seconds
[2024-10-26T19:09:11.081+0000] {processor.py:186} INFO - Started process (PID=13052) to work on /home/airflow/.local/lib/python3.12/site-packages/airflow/example_dags/plugins/decreasing_priority_weight_strategy.py
[2024-10-26T19:09:11.083+0000] {processor.py:914} INFO - Processing file /home/airflow/.local/lib/python3.12/site-packages/airflow/example_dags/plugins/decreasing_priority_weight_strategy.py for tasks to queue
[2024-10-26T19:09:11.087+0000] {logging_mixin.py:190} INFO - [2024-10-26T19:09:11.086+0000] {dagbag.py:588} INFO - Filling up the DagBag from /home/airflow/.local/lib/python3.12/site-packages/airflow/example_dags/plugins/decreasing_priority_weight_strategy.py
[2024-10-26T19:09:11.089+0000] {processor.py:927} WARNING - No viable dags retrieved from /home/airflow/.local/lib/python3.12/site-packages/airflow/example_dags/plugins/decreasing_priority_weight_strategy.py
[2024-10-26T19:09:11.106+0000] {processor.py:208} INFO - Processing /home/airflow/.local/lib/python3.12/site-packages/airflow/example_dags/plugins/decreasing_priority_weight_strategy.py took 0.034 seconds
[2024-10-26T19:09:44.026+0000] {processor.py:186} INFO - Started process (PID=13116) to work on /home/airflow/.local/lib/python3.12/site-packages/airflow/example_dags/plugins/decreasing_priority_weight_strategy.py
[2024-10-26T19:09:44.028+0000] {processor.py:914} INFO - Processing file /home/airflow/.local/lib/python3.12/site-packages/airflow/example_dags/plugins/decreasing_priority_weight_strategy.py for tasks to queue
[2024-10-26T19:09:44.031+0000] {logging_mixin.py:190} INFO - [2024-10-26T19:09:44.030+0000] {dagbag.py:588} INFO - Filling up the DagBag from /home/airflow/.local/lib/python3.12/site-packages/airflow/example_dags/plugins/decreasing_priority_weight_strategy.py
[2024-10-26T19:09:44.033+0000] {processor.py:927} WARNING - No viable dags retrieved from /home/airflow/.local/lib/python3.12/site-packages/airflow/example_dags/plugins/decreasing_priority_weight_strategy.py
[2024-10-26T19:09:44.047+0000] {processor.py:208} INFO - Processing /home/airflow/.local/lib/python3.12/site-packages/airflow/example_dags/plugins/decreasing_priority_weight_strategy.py took 0.027 seconds
[2024-10-26T19:10:16.585+0000] {processor.py:186} INFO - Started process (PID=13180) to work on /home/airflow/.local/lib/python3.12/site-packages/airflow/example_dags/plugins/decreasing_priority_weight_strategy.py
[2024-10-26T19:10:16.586+0000] {processor.py:914} INFO - Processing file /home/airflow/.local/lib/python3.12/site-packages/airflow/example_dags/plugins/decreasing_priority_weight_strategy.py for tasks to queue
[2024-10-26T19:10:16.589+0000] {logging_mixin.py:190} INFO - [2024-10-26T19:10:16.588+0000] {dagbag.py:588} INFO - Filling up the DagBag from /home/airflow/.local/lib/python3.12/site-packages/airflow/example_dags/plugins/decreasing_priority_weight_strategy.py
[2024-10-26T19:10:16.590+0000] {processor.py:927} WARNING - No viable dags retrieved from /home/airflow/.local/lib/python3.12/site-packages/airflow/example_dags/plugins/decreasing_priority_weight_strategy.py
[2024-10-26T19:10:16.602+0000] {processor.py:208} INFO - Processing /home/airflow/.local/lib/python3.12/site-packages/airflow/example_dags/plugins/decreasing_priority_weight_strategy.py took 0.022 seconds
[2024-10-26T19:10:49.196+0000] {processor.py:186} INFO - Started process (PID=13244) to work on /home/airflow/.local/lib/python3.12/site-packages/airflow/example_dags/plugins/decreasing_priority_weight_strategy.py
[2024-10-26T19:10:49.197+0000] {processor.py:914} INFO - Processing file /home/airflow/.local/lib/python3.12/site-packages/airflow/example_dags/plugins/decreasing_priority_weight_strategy.py for tasks to queue
[2024-10-26T19:10:49.200+0000] {logging_mixin.py:190} INFO - [2024-10-26T19:10:49.199+0000] {dagbag.py:588} INFO - Filling up the DagBag from /home/airflow/.local/lib/python3.12/site-packages/airflow/example_dags/plugins/decreasing_priority_weight_strategy.py
[2024-10-26T19:10:49.202+0000] {processor.py:927} WARNING - No viable dags retrieved from /home/airflow/.local/lib/python3.12/site-packages/airflow/example_dags/plugins/decreasing_priority_weight_strategy.py
[2024-10-26T19:10:49.215+0000] {processor.py:208} INFO - Processing /home/airflow/.local/lib/python3.12/site-packages/airflow/example_dags/plugins/decreasing_priority_weight_strategy.py took 0.025 seconds
[2024-10-26T19:11:21.774+0000] {processor.py:186} INFO - Started process (PID=13308) to work on /home/airflow/.local/lib/python3.12/site-packages/airflow/example_dags/plugins/decreasing_priority_weight_strategy.py
[2024-10-26T19:11:21.775+0000] {processor.py:914} INFO - Processing file /home/airflow/.local/lib/python3.12/site-packages/airflow/example_dags/plugins/decreasing_priority_weight_strategy.py for tasks to queue
[2024-10-26T19:11:21.777+0000] {logging_mixin.py:190} INFO - [2024-10-26T19:11:21.777+0000] {dagbag.py:588} INFO - Filling up the DagBag from /home/airflow/.local/lib/python3.12/site-packages/airflow/example_dags/plugins/decreasing_priority_weight_strategy.py
[2024-10-26T19:11:21.779+0000] {processor.py:927} WARNING - No viable dags retrieved from /home/airflow/.local/lib/python3.12/site-packages/airflow/example_dags/plugins/decreasing_priority_weight_strategy.py
[2024-10-26T19:11:21.790+0000] {processor.py:208} INFO - Processing /home/airflow/.local/lib/python3.12/site-packages/airflow/example_dags/plugins/decreasing_priority_weight_strategy.py took 0.023 seconds
[2024-10-26T19:11:54.674+0000] {processor.py:186} INFO - Started process (PID=13372) to work on /home/airflow/.local/lib/python3.12/site-packages/airflow/example_dags/plugins/decreasing_priority_weight_strategy.py
[2024-10-26T19:11:54.675+0000] {processor.py:914} INFO - Processing file /home/airflow/.local/lib/python3.12/site-packages/airflow/example_dags/plugins/decreasing_priority_weight_strategy.py for tasks to queue
[2024-10-26T19:11:54.678+0000] {logging_mixin.py:190} INFO - [2024-10-26T19:11:54.678+0000] {dagbag.py:588} INFO - Filling up the DagBag from /home/airflow/.local/lib/python3.12/site-packages/airflow/example_dags/plugins/decreasing_priority_weight_strategy.py
[2024-10-26T19:11:54.681+0000] {processor.py:927} WARNING - No viable dags retrieved from /home/airflow/.local/lib/python3.12/site-packages/airflow/example_dags/plugins/decreasing_priority_weight_strategy.py
[2024-10-26T19:11:54.699+0000] {processor.py:208} INFO - Processing /home/airflow/.local/lib/python3.12/site-packages/airflow/example_dags/plugins/decreasing_priority_weight_strategy.py took 0.031 seconds
[2024-10-26T19:12:27.459+0000] {processor.py:186} INFO - Started process (PID=13436) to work on /home/airflow/.local/lib/python3.12/site-packages/airflow/example_dags/plugins/decreasing_priority_weight_strategy.py
[2024-10-26T19:12:27.461+0000] {processor.py:914} INFO - Processing file /home/airflow/.local/lib/python3.12/site-packages/airflow/example_dags/plugins/decreasing_priority_weight_strategy.py for tasks to queue
[2024-10-26T19:12:27.463+0000] {logging_mixin.py:190} INFO - [2024-10-26T19:12:27.463+0000] {dagbag.py:588} INFO - Filling up the DagBag from /home/airflow/.local/lib/python3.12/site-packages/airflow/example_dags/plugins/decreasing_priority_weight_strategy.py
[2024-10-26T19:12:27.465+0000] {processor.py:927} WARNING - No viable dags retrieved from /home/airflow/.local/lib/python3.12/site-packages/airflow/example_dags/plugins/decreasing_priority_weight_strategy.py
[2024-10-26T19:12:27.479+0000] {processor.py:208} INFO - Processing /home/airflow/.local/lib/python3.12/site-packages/airflow/example_dags/plugins/decreasing_priority_weight_strategy.py took 0.024 seconds
[2024-10-26T19:12:59.996+0000] {processor.py:186} INFO - Started process (PID=13500) to work on /home/airflow/.local/lib/python3.12/site-packages/airflow/example_dags/plugins/decreasing_priority_weight_strategy.py
[2024-10-26T19:12:59.997+0000] {processor.py:914} INFO - Processing file /home/airflow/.local/lib/python3.12/site-packages/airflow/example_dags/plugins/decreasing_priority_weight_strategy.py for tasks to queue
[2024-10-26T19:12:59.999+0000] {logging_mixin.py:190} INFO - [2024-10-26T19:12:59.999+0000] {dagbag.py:588} INFO - Filling up the DagBag from /home/airflow/.local/lib/python3.12/site-packages/airflow/example_dags/plugins/decreasing_priority_weight_strategy.py
[2024-10-26T19:13:00.002+0000] {processor.py:927} WARNING - No viable dags retrieved from /home/airflow/.local/lib/python3.12/site-packages/airflow/example_dags/plugins/decreasing_priority_weight_strategy.py
[2024-10-26T19:13:00.014+0000] {processor.py:208} INFO - Processing /home/airflow/.local/lib/python3.12/site-packages/airflow/example_dags/plugins/decreasing_priority_weight_strategy.py took 0.024 seconds
[2024-10-26T19:13:32.781+0000] {processor.py:186} INFO - Started process (PID=13564) to work on /home/airflow/.local/lib/python3.12/site-packages/airflow/example_dags/plugins/decreasing_priority_weight_strategy.py
[2024-10-26T19:13:32.782+0000] {processor.py:914} INFO - Processing file /home/airflow/.local/lib/python3.12/site-packages/airflow/example_dags/plugins/decreasing_priority_weight_strategy.py for tasks to queue
[2024-10-26T19:13:32.785+0000] {logging_mixin.py:190} INFO - [2024-10-26T19:13:32.785+0000] {dagbag.py:588} INFO - Filling up the DagBag from /home/airflow/.local/lib/python3.12/site-packages/airflow/example_dags/plugins/decreasing_priority_weight_strategy.py
[2024-10-26T19:13:32.787+0000] {processor.py:927} WARNING - No viable dags retrieved from /home/airflow/.local/lib/python3.12/site-packages/airflow/example_dags/plugins/decreasing_priority_weight_strategy.py
[2024-10-26T19:13:32.799+0000] {processor.py:208} INFO - Processing /home/airflow/.local/lib/python3.12/site-packages/airflow/example_dags/plugins/decreasing_priority_weight_strategy.py took 0.024 seconds
[2024-10-26T19:14:05.429+0000] {processor.py:186} INFO - Started process (PID=13628) to work on /home/airflow/.local/lib/python3.12/site-packages/airflow/example_dags/plugins/decreasing_priority_weight_strategy.py
[2024-10-26T19:14:05.430+0000] {processor.py:914} INFO - Processing file /home/airflow/.local/lib/python3.12/site-packages/airflow/example_dags/plugins/decreasing_priority_weight_strategy.py for tasks to queue
[2024-10-26T19:14:05.433+0000] {logging_mixin.py:190} INFO - [2024-10-26T19:14:05.432+0000] {dagbag.py:588} INFO - Filling up the DagBag from /home/airflow/.local/lib/python3.12/site-packages/airflow/example_dags/plugins/decreasing_priority_weight_strategy.py
[2024-10-26T19:14:05.435+0000] {processor.py:927} WARNING - No viable dags retrieved from /home/airflow/.local/lib/python3.12/site-packages/airflow/example_dags/plugins/decreasing_priority_weight_strategy.py
[2024-10-26T19:14:05.449+0000] {processor.py:208} INFO - Processing /home/airflow/.local/lib/python3.12/site-packages/airflow/example_dags/plugins/decreasing_priority_weight_strategy.py took 0.027 seconds
[2024-10-26T19:14:38.156+0000] {processor.py:186} INFO - Started process (PID=13692) to work on /home/airflow/.local/lib/python3.12/site-packages/airflow/example_dags/plugins/decreasing_priority_weight_strategy.py
[2024-10-26T19:14:38.157+0000] {processor.py:914} INFO - Processing file /home/airflow/.local/lib/python3.12/site-packages/airflow/example_dags/plugins/decreasing_priority_weight_strategy.py for tasks to queue
[2024-10-26T19:14:38.159+0000] {logging_mixin.py:190} INFO - [2024-10-26T19:14:38.159+0000] {dagbag.py:588} INFO - Filling up the DagBag from /home/airflow/.local/lib/python3.12/site-packages/airflow/example_dags/plugins/decreasing_priority_weight_strategy.py
[2024-10-26T19:14:38.161+0000] {processor.py:927} WARNING - No viable dags retrieved from /home/airflow/.local/lib/python3.12/site-packages/airflow/example_dags/plugins/decreasing_priority_weight_strategy.py
[2024-10-26T19:14:38.172+0000] {processor.py:208} INFO - Processing /home/airflow/.local/lib/python3.12/site-packages/airflow/example_dags/plugins/decreasing_priority_weight_strategy.py took 0.022 seconds
[2024-10-26T19:15:12.331+0000] {processor.py:186} INFO - Started process (PID=13756) to work on /home/airflow/.local/lib/python3.12/site-packages/airflow/example_dags/plugins/decreasing_priority_weight_strategy.py
[2024-10-26T19:15:12.332+0000] {processor.py:914} INFO - Processing file /home/airflow/.local/lib/python3.12/site-packages/airflow/example_dags/plugins/decreasing_priority_weight_strategy.py for tasks to queue
[2024-10-26T19:15:12.334+0000] {logging_mixin.py:190} INFO - [2024-10-26T19:15:12.334+0000] {dagbag.py:588} INFO - Filling up the DagBag from /home/airflow/.local/lib/python3.12/site-packages/airflow/example_dags/plugins/decreasing_priority_weight_strategy.py
[2024-10-26T19:15:12.337+0000] {processor.py:927} WARNING - No viable dags retrieved from /home/airflow/.local/lib/python3.12/site-packages/airflow/example_dags/plugins/decreasing_priority_weight_strategy.py
[2024-10-26T19:15:12.350+0000] {processor.py:208} INFO - Processing /home/airflow/.local/lib/python3.12/site-packages/airflow/example_dags/plugins/decreasing_priority_weight_strategy.py took 0.024 seconds
[2024-10-26T19:15:44.591+0000] {processor.py:186} INFO - Started process (PID=13820) to work on /home/airflow/.local/lib/python3.12/site-packages/airflow/example_dags/plugins/decreasing_priority_weight_strategy.py
[2024-10-26T19:15:44.592+0000] {processor.py:914} INFO - Processing file /home/airflow/.local/lib/python3.12/site-packages/airflow/example_dags/plugins/decreasing_priority_weight_strategy.py for tasks to queue
[2024-10-26T19:15:44.594+0000] {logging_mixin.py:190} INFO - [2024-10-26T19:15:44.594+0000] {dagbag.py:588} INFO - Filling up the DagBag from /home/airflow/.local/lib/python3.12/site-packages/airflow/example_dags/plugins/decreasing_priority_weight_strategy.py
[2024-10-26T19:15:44.596+0000] {processor.py:927} WARNING - No viable dags retrieved from /home/airflow/.local/lib/python3.12/site-packages/airflow/example_dags/plugins/decreasing_priority_weight_strategy.py
[2024-10-26T19:15:44.610+0000] {processor.py:208} INFO - Processing /home/airflow/.local/lib/python3.12/site-packages/airflow/example_dags/plugins/decreasing_priority_weight_strategy.py took 0.027 seconds
[2024-10-26T19:16:17.598+0000] {processor.py:186} INFO - Started process (PID=13884) to work on /home/airflow/.local/lib/python3.12/site-packages/airflow/example_dags/plugins/decreasing_priority_weight_strategy.py
[2024-10-26T19:16:17.599+0000] {processor.py:914} INFO - Processing file /home/airflow/.local/lib/python3.12/site-packages/airflow/example_dags/plugins/decreasing_priority_weight_strategy.py for tasks to queue
[2024-10-26T19:16:17.602+0000] {logging_mixin.py:190} INFO - [2024-10-26T19:16:17.602+0000] {dagbag.py:588} INFO - Filling up the DagBag from /home/airflow/.local/lib/python3.12/site-packages/airflow/example_dags/plugins/decreasing_priority_weight_strategy.py
[2024-10-26T19:16:17.606+0000] {processor.py:927} WARNING - No viable dags retrieved from /home/airflow/.local/lib/python3.12/site-packages/airflow/example_dags/plugins/decreasing_priority_weight_strategy.py
[2024-10-26T19:16:17.620+0000] {processor.py:208} INFO - Processing /home/airflow/.local/lib/python3.12/site-packages/airflow/example_dags/plugins/decreasing_priority_weight_strategy.py took 0.028 seconds
[2024-10-26T19:16:49.608+0000] {processor.py:186} INFO - Started process (PID=13948) to work on /home/airflow/.local/lib/python3.12/site-packages/airflow/example_dags/plugins/decreasing_priority_weight_strategy.py
[2024-10-26T19:16:49.609+0000] {processor.py:914} INFO - Processing file /home/airflow/.local/lib/python3.12/site-packages/airflow/example_dags/plugins/decreasing_priority_weight_strategy.py for tasks to queue
[2024-10-26T19:16:49.611+0000] {logging_mixin.py:190} INFO - [2024-10-26T19:16:49.611+0000] {dagbag.py:588} INFO - Filling up the DagBag from /home/airflow/.local/lib/python3.12/site-packages/airflow/example_dags/plugins/decreasing_priority_weight_strategy.py
[2024-10-26T19:16:49.613+0000] {processor.py:927} WARNING - No viable dags retrieved from /home/airflow/.local/lib/python3.12/site-packages/airflow/example_dags/plugins/decreasing_priority_weight_strategy.py
[2024-10-26T19:16:49.631+0000] {processor.py:208} INFO - Processing /home/airflow/.local/lib/python3.12/site-packages/airflow/example_dags/plugins/decreasing_priority_weight_strategy.py took 0.028 seconds
[2024-10-26T19:17:22.816+0000] {processor.py:186} INFO - Started process (PID=14012) to work on /home/airflow/.local/lib/python3.12/site-packages/airflow/example_dags/plugins/decreasing_priority_weight_strategy.py
[2024-10-26T19:17:22.817+0000] {processor.py:914} INFO - Processing file /home/airflow/.local/lib/python3.12/site-packages/airflow/example_dags/plugins/decreasing_priority_weight_strategy.py for tasks to queue
[2024-10-26T19:17:22.820+0000] {logging_mixin.py:190} INFO - [2024-10-26T19:17:22.819+0000] {dagbag.py:588} INFO - Filling up the DagBag from /home/airflow/.local/lib/python3.12/site-packages/airflow/example_dags/plugins/decreasing_priority_weight_strategy.py
[2024-10-26T19:17:22.822+0000] {processor.py:927} WARNING - No viable dags retrieved from /home/airflow/.local/lib/python3.12/site-packages/airflow/example_dags/plugins/decreasing_priority_weight_strategy.py
[2024-10-26T19:17:22.836+0000] {processor.py:208} INFO - Processing /home/airflow/.local/lib/python3.12/site-packages/airflow/example_dags/plugins/decreasing_priority_weight_strategy.py took 0.029 seconds
[2024-10-26T19:17:56.080+0000] {processor.py:186} INFO - Started process (PID=14076) to work on /home/airflow/.local/lib/python3.12/site-packages/airflow/example_dags/plugins/decreasing_priority_weight_strategy.py
[2024-10-26T19:17:56.081+0000] {processor.py:914} INFO - Processing file /home/airflow/.local/lib/python3.12/site-packages/airflow/example_dags/plugins/decreasing_priority_weight_strategy.py for tasks to queue
[2024-10-26T19:17:56.083+0000] {logging_mixin.py:190} INFO - [2024-10-26T19:17:56.083+0000] {dagbag.py:588} INFO - Filling up the DagBag from /home/airflow/.local/lib/python3.12/site-packages/airflow/example_dags/plugins/decreasing_priority_weight_strategy.py
[2024-10-26T19:17:56.086+0000] {processor.py:927} WARNING - No viable dags retrieved from /home/airflow/.local/lib/python3.12/site-packages/airflow/example_dags/plugins/decreasing_priority_weight_strategy.py
[2024-10-26T19:17:56.099+0000] {processor.py:208} INFO - Processing /home/airflow/.local/lib/python3.12/site-packages/airflow/example_dags/plugins/decreasing_priority_weight_strategy.py took 0.025 seconds
[2024-10-26T19:18:28.731+0000] {processor.py:186} INFO - Started process (PID=14140) to work on /home/airflow/.local/lib/python3.12/site-packages/airflow/example_dags/plugins/decreasing_priority_weight_strategy.py
[2024-10-26T19:18:28.733+0000] {processor.py:914} INFO - Processing file /home/airflow/.local/lib/python3.12/site-packages/airflow/example_dags/plugins/decreasing_priority_weight_strategy.py for tasks to queue
[2024-10-26T19:18:28.736+0000] {logging_mixin.py:190} INFO - [2024-10-26T19:18:28.735+0000] {dagbag.py:588} INFO - Filling up the DagBag from /home/airflow/.local/lib/python3.12/site-packages/airflow/example_dags/plugins/decreasing_priority_weight_strategy.py
[2024-10-26T19:18:28.738+0000] {processor.py:927} WARNING - No viable dags retrieved from /home/airflow/.local/lib/python3.12/site-packages/airflow/example_dags/plugins/decreasing_priority_weight_strategy.py
[2024-10-26T19:18:28.752+0000] {processor.py:208} INFO - Processing /home/airflow/.local/lib/python3.12/site-packages/airflow/example_dags/plugins/decreasing_priority_weight_strategy.py took 0.028 seconds
[2024-10-26T19:19:01.306+0000] {processor.py:186} INFO - Started process (PID=14204) to work on /home/airflow/.local/lib/python3.12/site-packages/airflow/example_dags/plugins/decreasing_priority_weight_strategy.py
[2024-10-26T19:19:01.307+0000] {processor.py:914} INFO - Processing file /home/airflow/.local/lib/python3.12/site-packages/airflow/example_dags/plugins/decreasing_priority_weight_strategy.py for tasks to queue
[2024-10-26T19:19:01.310+0000] {logging_mixin.py:190} INFO - [2024-10-26T19:19:01.309+0000] {dagbag.py:588} INFO - Filling up the DagBag from /home/airflow/.local/lib/python3.12/site-packages/airflow/example_dags/plugins/decreasing_priority_weight_strategy.py
[2024-10-26T19:19:01.312+0000] {processor.py:927} WARNING - No viable dags retrieved from /home/airflow/.local/lib/python3.12/site-packages/airflow/example_dags/plugins/decreasing_priority_weight_strategy.py
[2024-10-26T19:19:01.327+0000] {processor.py:208} INFO - Processing /home/airflow/.local/lib/python3.12/site-packages/airflow/example_dags/plugins/decreasing_priority_weight_strategy.py took 0.027 seconds
[2024-10-26T19:19:35.002+0000] {processor.py:186} INFO - Started process (PID=14268) to work on /home/airflow/.local/lib/python3.12/site-packages/airflow/example_dags/plugins/decreasing_priority_weight_strategy.py
[2024-10-26T19:19:35.003+0000] {processor.py:914} INFO - Processing file /home/airflow/.local/lib/python3.12/site-packages/airflow/example_dags/plugins/decreasing_priority_weight_strategy.py for tasks to queue
[2024-10-26T19:19:35.005+0000] {logging_mixin.py:190} INFO - [2024-10-26T19:19:35.005+0000] {dagbag.py:588} INFO - Filling up the DagBag from /home/airflow/.local/lib/python3.12/site-packages/airflow/example_dags/plugins/decreasing_priority_weight_strategy.py
[2024-10-26T19:19:35.007+0000] {processor.py:927} WARNING - No viable dags retrieved from /home/airflow/.local/lib/python3.12/site-packages/airflow/example_dags/plugins/decreasing_priority_weight_strategy.py
[2024-10-26T19:19:35.020+0000] {processor.py:208} INFO - Processing /home/airflow/.local/lib/python3.12/site-packages/airflow/example_dags/plugins/decreasing_priority_weight_strategy.py took 0.023 seconds
[2024-10-26T19:20:06.475+0000] {processor.py:186} INFO - Started process (PID=14333) to work on /home/airflow/.local/lib/python3.12/site-packages/airflow/example_dags/plugins/decreasing_priority_weight_strategy.py
[2024-10-26T19:20:06.476+0000] {processor.py:914} INFO - Processing file /home/airflow/.local/lib/python3.12/site-packages/airflow/example_dags/plugins/decreasing_priority_weight_strategy.py for tasks to queue
[2024-10-26T19:20:06.479+0000] {logging_mixin.py:190} INFO - [2024-10-26T19:20:06.479+0000] {dagbag.py:588} INFO - Filling up the DagBag from /home/airflow/.local/lib/python3.12/site-packages/airflow/example_dags/plugins/decreasing_priority_weight_strategy.py
[2024-10-26T19:20:06.482+0000] {processor.py:927} WARNING - No viable dags retrieved from /home/airflow/.local/lib/python3.12/site-packages/airflow/example_dags/plugins/decreasing_priority_weight_strategy.py
[2024-10-26T19:20:06.496+0000] {processor.py:208} INFO - Processing /home/airflow/.local/lib/python3.12/site-packages/airflow/example_dags/plugins/decreasing_priority_weight_strategy.py took 0.027 seconds
[2024-10-26T19:20:39.997+0000] {processor.py:186} INFO - Started process (PID=14397) to work on /home/airflow/.local/lib/python3.12/site-packages/airflow/example_dags/plugins/decreasing_priority_weight_strategy.py
[2024-10-26T19:20:39.998+0000] {processor.py:914} INFO - Processing file /home/airflow/.local/lib/python3.12/site-packages/airflow/example_dags/plugins/decreasing_priority_weight_strategy.py for tasks to queue
[2024-10-26T19:20:40.001+0000] {logging_mixin.py:190} INFO - [2024-10-26T19:20:40.000+0000] {dagbag.py:588} INFO - Filling up the DagBag from /home/airflow/.local/lib/python3.12/site-packages/airflow/example_dags/plugins/decreasing_priority_weight_strategy.py
[2024-10-26T19:20:40.003+0000] {processor.py:927} WARNING - No viable dags retrieved from /home/airflow/.local/lib/python3.12/site-packages/airflow/example_dags/plugins/decreasing_priority_weight_strategy.py
[2024-10-26T19:20:40.016+0000] {processor.py:208} INFO - Processing /home/airflow/.local/lib/python3.12/site-packages/airflow/example_dags/plugins/decreasing_priority_weight_strategy.py took 0.024 seconds
[2024-10-26T19:21:12.575+0000] {processor.py:186} INFO - Started process (PID=14461) to work on /home/airflow/.local/lib/python3.12/site-packages/airflow/example_dags/plugins/decreasing_priority_weight_strategy.py
[2024-10-26T19:21:12.577+0000] {processor.py:914} INFO - Processing file /home/airflow/.local/lib/python3.12/site-packages/airflow/example_dags/plugins/decreasing_priority_weight_strategy.py for tasks to queue
[2024-10-26T19:21:12.579+0000] {logging_mixin.py:190} INFO - [2024-10-26T19:21:12.579+0000] {dagbag.py:588} INFO - Filling up the DagBag from /home/airflow/.local/lib/python3.12/site-packages/airflow/example_dags/plugins/decreasing_priority_weight_strategy.py
[2024-10-26T19:21:12.582+0000] {processor.py:927} WARNING - No viable dags retrieved from /home/airflow/.local/lib/python3.12/site-packages/airflow/example_dags/plugins/decreasing_priority_weight_strategy.py
[2024-10-26T19:21:12.599+0000] {processor.py:208} INFO - Processing /home/airflow/.local/lib/python3.12/site-packages/airflow/example_dags/plugins/decreasing_priority_weight_strategy.py took 0.031 seconds
[2024-10-26T19:21:44.903+0000] {processor.py:186} INFO - Started process (PID=14525) to work on /home/airflow/.local/lib/python3.12/site-packages/airflow/example_dags/plugins/decreasing_priority_weight_strategy.py
[2024-10-26T19:21:44.904+0000] {processor.py:914} INFO - Processing file /home/airflow/.local/lib/python3.12/site-packages/airflow/example_dags/plugins/decreasing_priority_weight_strategy.py for tasks to queue
[2024-10-26T19:21:44.907+0000] {logging_mixin.py:190} INFO - [2024-10-26T19:21:44.907+0000] {dagbag.py:588} INFO - Filling up the DagBag from /home/airflow/.local/lib/python3.12/site-packages/airflow/example_dags/plugins/decreasing_priority_weight_strategy.py
[2024-10-26T19:21:44.910+0000] {processor.py:927} WARNING - No viable dags retrieved from /home/airflow/.local/lib/python3.12/site-packages/airflow/example_dags/plugins/decreasing_priority_weight_strategy.py
[2024-10-26T19:21:44.925+0000] {processor.py:208} INFO - Processing /home/airflow/.local/lib/python3.12/site-packages/airflow/example_dags/plugins/decreasing_priority_weight_strategy.py took 0.029 seconds
[2024-10-26T19:22:17.329+0000] {processor.py:186} INFO - Started process (PID=14589) to work on /home/airflow/.local/lib/python3.12/site-packages/airflow/example_dags/plugins/decreasing_priority_weight_strategy.py
[2024-10-26T19:22:17.330+0000] {processor.py:914} INFO - Processing file /home/airflow/.local/lib/python3.12/site-packages/airflow/example_dags/plugins/decreasing_priority_weight_strategy.py for tasks to queue
[2024-10-26T19:22:17.333+0000] {logging_mixin.py:190} INFO - [2024-10-26T19:22:17.332+0000] {dagbag.py:588} INFO - Filling up the DagBag from /home/airflow/.local/lib/python3.12/site-packages/airflow/example_dags/plugins/decreasing_priority_weight_strategy.py
[2024-10-26T19:22:17.335+0000] {processor.py:927} WARNING - No viable dags retrieved from /home/airflow/.local/lib/python3.12/site-packages/airflow/example_dags/plugins/decreasing_priority_weight_strategy.py
[2024-10-26T19:22:17.352+0000] {processor.py:208} INFO - Processing /home/airflow/.local/lib/python3.12/site-packages/airflow/example_dags/plugins/decreasing_priority_weight_strategy.py took 0.030 seconds
[2024-10-26T19:22:50.846+0000] {processor.py:186} INFO - Started process (PID=14653) to work on /home/airflow/.local/lib/python3.12/site-packages/airflow/example_dags/plugins/decreasing_priority_weight_strategy.py
[2024-10-26T19:22:50.847+0000] {processor.py:914} INFO - Processing file /home/airflow/.local/lib/python3.12/site-packages/airflow/example_dags/plugins/decreasing_priority_weight_strategy.py for tasks to queue
[2024-10-26T19:22:50.849+0000] {logging_mixin.py:190} INFO - [2024-10-26T19:22:50.849+0000] {dagbag.py:588} INFO - Filling up the DagBag from /home/airflow/.local/lib/python3.12/site-packages/airflow/example_dags/plugins/decreasing_priority_weight_strategy.py
[2024-10-26T19:22:50.852+0000] {processor.py:927} WARNING - No viable dags retrieved from /home/airflow/.local/lib/python3.12/site-packages/airflow/example_dags/plugins/decreasing_priority_weight_strategy.py
[2024-10-26T19:22:50.866+0000] {processor.py:208} INFO - Processing /home/airflow/.local/lib/python3.12/site-packages/airflow/example_dags/plugins/decreasing_priority_weight_strategy.py took 0.028 seconds
[2024-10-26T19:23:23.652+0000] {processor.py:186} INFO - Started process (PID=14717) to work on /home/airflow/.local/lib/python3.12/site-packages/airflow/example_dags/plugins/decreasing_priority_weight_strategy.py
[2024-10-26T19:23:23.653+0000] {processor.py:914} INFO - Processing file /home/airflow/.local/lib/python3.12/site-packages/airflow/example_dags/plugins/decreasing_priority_weight_strategy.py for tasks to queue
[2024-10-26T19:23:23.655+0000] {logging_mixin.py:190} INFO - [2024-10-26T19:23:23.655+0000] {dagbag.py:588} INFO - Filling up the DagBag from /home/airflow/.local/lib/python3.12/site-packages/airflow/example_dags/plugins/decreasing_priority_weight_strategy.py
[2024-10-26T19:23:23.657+0000] {processor.py:927} WARNING - No viable dags retrieved from /home/airflow/.local/lib/python3.12/site-packages/airflow/example_dags/plugins/decreasing_priority_weight_strategy.py
[2024-10-26T19:23:23.669+0000] {processor.py:208} INFO - Processing /home/airflow/.local/lib/python3.12/site-packages/airflow/example_dags/plugins/decreasing_priority_weight_strategy.py took 0.022 seconds
[2024-10-26T19:23:56.339+0000] {processor.py:186} INFO - Started process (PID=14781) to work on /home/airflow/.local/lib/python3.12/site-packages/airflow/example_dags/plugins/decreasing_priority_weight_strategy.py
[2024-10-26T19:23:56.340+0000] {processor.py:914} INFO - Processing file /home/airflow/.local/lib/python3.12/site-packages/airflow/example_dags/plugins/decreasing_priority_weight_strategy.py for tasks to queue
[2024-10-26T19:23:56.343+0000] {logging_mixin.py:190} INFO - [2024-10-26T19:23:56.343+0000] {dagbag.py:588} INFO - Filling up the DagBag from /home/airflow/.local/lib/python3.12/site-packages/airflow/example_dags/plugins/decreasing_priority_weight_strategy.py
[2024-10-26T19:23:56.346+0000] {processor.py:927} WARNING - No viable dags retrieved from /home/airflow/.local/lib/python3.12/site-packages/airflow/example_dags/plugins/decreasing_priority_weight_strategy.py
[2024-10-26T19:23:56.359+0000] {processor.py:208} INFO - Processing /home/airflow/.local/lib/python3.12/site-packages/airflow/example_dags/plugins/decreasing_priority_weight_strategy.py took 0.026 seconds
[2024-10-26T19:24:28.962+0000] {processor.py:186} INFO - Started process (PID=14845) to work on /home/airflow/.local/lib/python3.12/site-packages/airflow/example_dags/plugins/decreasing_priority_weight_strategy.py
[2024-10-26T19:24:28.963+0000] {processor.py:914} INFO - Processing file /home/airflow/.local/lib/python3.12/site-packages/airflow/example_dags/plugins/decreasing_priority_weight_strategy.py for tasks to queue
[2024-10-26T19:24:28.966+0000] {logging_mixin.py:190} INFO - [2024-10-26T19:24:28.966+0000] {dagbag.py:588} INFO - Filling up the DagBag from /home/airflow/.local/lib/python3.12/site-packages/airflow/example_dags/plugins/decreasing_priority_weight_strategy.py
[2024-10-26T19:24:28.969+0000] {processor.py:927} WARNING - No viable dags retrieved from /home/airflow/.local/lib/python3.12/site-packages/airflow/example_dags/plugins/decreasing_priority_weight_strategy.py
[2024-10-26T19:24:28.986+0000] {processor.py:208} INFO - Processing /home/airflow/.local/lib/python3.12/site-packages/airflow/example_dags/plugins/decreasing_priority_weight_strategy.py took 0.030 seconds
[2024-10-26T19:25:01.505+0000] {processor.py:186} INFO - Started process (PID=14909) to work on /home/airflow/.local/lib/python3.12/site-packages/airflow/example_dags/plugins/decreasing_priority_weight_strategy.py
[2024-10-26T19:25:01.506+0000] {processor.py:914} INFO - Processing file /home/airflow/.local/lib/python3.12/site-packages/airflow/example_dags/plugins/decreasing_priority_weight_strategy.py for tasks to queue
[2024-10-26T19:25:01.508+0000] {logging_mixin.py:190} INFO - [2024-10-26T19:25:01.508+0000] {dagbag.py:588} INFO - Filling up the DagBag from /home/airflow/.local/lib/python3.12/site-packages/airflow/example_dags/plugins/decreasing_priority_weight_strategy.py
[2024-10-26T19:25:01.510+0000] {processor.py:927} WARNING - No viable dags retrieved from /home/airflow/.local/lib/python3.12/site-packages/airflow/example_dags/plugins/decreasing_priority_weight_strategy.py
[2024-10-26T19:25:01.523+0000] {processor.py:208} INFO - Processing /home/airflow/.local/lib/python3.12/site-packages/airflow/example_dags/plugins/decreasing_priority_weight_strategy.py took 0.024 seconds
[2024-10-26T19:25:34.586+0000] {processor.py:186} INFO - Started process (PID=14973) to work on /home/airflow/.local/lib/python3.12/site-packages/airflow/example_dags/plugins/decreasing_priority_weight_strategy.py
[2024-10-26T19:25:34.587+0000] {processor.py:914} INFO - Processing file /home/airflow/.local/lib/python3.12/site-packages/airflow/example_dags/plugins/decreasing_priority_weight_strategy.py for tasks to queue
[2024-10-26T19:25:34.590+0000] {logging_mixin.py:190} INFO - [2024-10-26T19:25:34.589+0000] {dagbag.py:588} INFO - Filling up the DagBag from /home/airflow/.local/lib/python3.12/site-packages/airflow/example_dags/plugins/decreasing_priority_weight_strategy.py
[2024-10-26T19:25:34.592+0000] {processor.py:927} WARNING - No viable dags retrieved from /home/airflow/.local/lib/python3.12/site-packages/airflow/example_dags/plugins/decreasing_priority_weight_strategy.py
[2024-10-26T19:25:34.606+0000] {processor.py:208} INFO - Processing /home/airflow/.local/lib/python3.12/site-packages/airflow/example_dags/plugins/decreasing_priority_weight_strategy.py took 0.027 seconds
[2024-10-26T19:26:07.611+0000] {processor.py:186} INFO - Started process (PID=15037) to work on /home/airflow/.local/lib/python3.12/site-packages/airflow/example_dags/plugins/decreasing_priority_weight_strategy.py
[2024-10-26T19:26:07.612+0000] {processor.py:914} INFO - Processing file /home/airflow/.local/lib/python3.12/site-packages/airflow/example_dags/plugins/decreasing_priority_weight_strategy.py for tasks to queue
[2024-10-26T19:26:07.615+0000] {logging_mixin.py:190} INFO - [2024-10-26T19:26:07.614+0000] {dagbag.py:588} INFO - Filling up the DagBag from /home/airflow/.local/lib/python3.12/site-packages/airflow/example_dags/plugins/decreasing_priority_weight_strategy.py
[2024-10-26T19:26:07.617+0000] {processor.py:927} WARNING - No viable dags retrieved from /home/airflow/.local/lib/python3.12/site-packages/airflow/example_dags/plugins/decreasing_priority_weight_strategy.py
[2024-10-26T19:26:07.629+0000] {processor.py:208} INFO - Processing /home/airflow/.local/lib/python3.12/site-packages/airflow/example_dags/plugins/decreasing_priority_weight_strategy.py took 0.024 seconds
[2024-10-26T19:26:39.998+0000] {processor.py:186} INFO - Started process (PID=15101) to work on /home/airflow/.local/lib/python3.12/site-packages/airflow/example_dags/plugins/decreasing_priority_weight_strategy.py
[2024-10-26T19:26:39.999+0000] {processor.py:914} INFO - Processing file /home/airflow/.local/lib/python3.12/site-packages/airflow/example_dags/plugins/decreasing_priority_weight_strategy.py for tasks to queue
[2024-10-26T19:26:40.001+0000] {logging_mixin.py:190} INFO - [2024-10-26T19:26:40.001+0000] {dagbag.py:588} INFO - Filling up the DagBag from /home/airflow/.local/lib/python3.12/site-packages/airflow/example_dags/plugins/decreasing_priority_weight_strategy.py
[2024-10-26T19:26:40.004+0000] {processor.py:927} WARNING - No viable dags retrieved from /home/airflow/.local/lib/python3.12/site-packages/airflow/example_dags/plugins/decreasing_priority_weight_strategy.py
[2024-10-26T19:26:40.020+0000] {processor.py:208} INFO - Processing /home/airflow/.local/lib/python3.12/site-packages/airflow/example_dags/plugins/decreasing_priority_weight_strategy.py took 0.028 seconds
[2024-10-26T19:27:14.277+0000] {processor.py:186} INFO - Started process (PID=15165) to work on /home/airflow/.local/lib/python3.12/site-packages/airflow/example_dags/plugins/decreasing_priority_weight_strategy.py
[2024-10-26T19:27:14.278+0000] {processor.py:914} INFO - Processing file /home/airflow/.local/lib/python3.12/site-packages/airflow/example_dags/plugins/decreasing_priority_weight_strategy.py for tasks to queue
[2024-10-26T19:27:14.282+0000] {logging_mixin.py:190} INFO - [2024-10-26T19:27:14.281+0000] {dagbag.py:588} INFO - Filling up the DagBag from /home/airflow/.local/lib/python3.12/site-packages/airflow/example_dags/plugins/decreasing_priority_weight_strategy.py
[2024-10-26T19:27:14.284+0000] {processor.py:927} WARNING - No viable dags retrieved from /home/airflow/.local/lib/python3.12/site-packages/airflow/example_dags/plugins/decreasing_priority_weight_strategy.py
[2024-10-26T19:27:14.302+0000] {processor.py:208} INFO - Processing /home/airflow/.local/lib/python3.12/site-packages/airflow/example_dags/plugins/decreasing_priority_weight_strategy.py took 0.033 seconds
[2024-10-26T19:27:45.846+0000] {processor.py:186} INFO - Started process (PID=15229) to work on /home/airflow/.local/lib/python3.12/site-packages/airflow/example_dags/plugins/decreasing_priority_weight_strategy.py
[2024-10-26T19:27:45.847+0000] {processor.py:914} INFO - Processing file /home/airflow/.local/lib/python3.12/site-packages/airflow/example_dags/plugins/decreasing_priority_weight_strategy.py for tasks to queue
[2024-10-26T19:27:45.851+0000] {logging_mixin.py:190} INFO - [2024-10-26T19:27:45.850+0000] {dagbag.py:588} INFO - Filling up the DagBag from /home/airflow/.local/lib/python3.12/site-packages/airflow/example_dags/plugins/decreasing_priority_weight_strategy.py
[2024-10-26T19:27:45.854+0000] {processor.py:927} WARNING - No viable dags retrieved from /home/airflow/.local/lib/python3.12/site-packages/airflow/example_dags/plugins/decreasing_priority_weight_strategy.py
[2024-10-26T19:27:45.871+0000] {processor.py:208} INFO - Processing /home/airflow/.local/lib/python3.12/site-packages/airflow/example_dags/plugins/decreasing_priority_weight_strategy.py took 0.033 seconds
[2024-10-26T19:28:18.468+0000] {processor.py:186} INFO - Started process (PID=15293) to work on /home/airflow/.local/lib/python3.12/site-packages/airflow/example_dags/plugins/decreasing_priority_weight_strategy.py
[2024-10-26T19:28:18.470+0000] {processor.py:914} INFO - Processing file /home/airflow/.local/lib/python3.12/site-packages/airflow/example_dags/plugins/decreasing_priority_weight_strategy.py for tasks to queue
[2024-10-26T19:28:18.472+0000] {logging_mixin.py:190} INFO - [2024-10-26T19:28:18.472+0000] {dagbag.py:588} INFO - Filling up the DagBag from /home/airflow/.local/lib/python3.12/site-packages/airflow/example_dags/plugins/decreasing_priority_weight_strategy.py
[2024-10-26T19:28:18.475+0000] {processor.py:927} WARNING - No viable dags retrieved from /home/airflow/.local/lib/python3.12/site-packages/airflow/example_dags/plugins/decreasing_priority_weight_strategy.py
[2024-10-26T19:28:18.490+0000] {processor.py:208} INFO - Processing /home/airflow/.local/lib/python3.12/site-packages/airflow/example_dags/plugins/decreasing_priority_weight_strategy.py took 0.029 seconds
[2024-10-26T19:28:51.028+0000] {processor.py:186} INFO - Started process (PID=15357) to work on /home/airflow/.local/lib/python3.12/site-packages/airflow/example_dags/plugins/decreasing_priority_weight_strategy.py
[2024-10-26T19:28:51.029+0000] {processor.py:914} INFO - Processing file /home/airflow/.local/lib/python3.12/site-packages/airflow/example_dags/plugins/decreasing_priority_weight_strategy.py for tasks to queue
[2024-10-26T19:28:51.032+0000] {logging_mixin.py:190} INFO - [2024-10-26T19:28:51.031+0000] {dagbag.py:588} INFO - Filling up the DagBag from /home/airflow/.local/lib/python3.12/site-packages/airflow/example_dags/plugins/decreasing_priority_weight_strategy.py
[2024-10-26T19:28:51.034+0000] {processor.py:927} WARNING - No viable dags retrieved from /home/airflow/.local/lib/python3.12/site-packages/airflow/example_dags/plugins/decreasing_priority_weight_strategy.py
[2024-10-26T19:28:51.049+0000] {processor.py:208} INFO - Processing /home/airflow/.local/lib/python3.12/site-packages/airflow/example_dags/plugins/decreasing_priority_weight_strategy.py took 0.030 seconds
[2024-10-26T19:29:24.373+0000] {processor.py:186} INFO - Started process (PID=15421) to work on /home/airflow/.local/lib/python3.12/site-packages/airflow/example_dags/plugins/decreasing_priority_weight_strategy.py
[2024-10-26T19:29:24.374+0000] {processor.py:914} INFO - Processing file /home/airflow/.local/lib/python3.12/site-packages/airflow/example_dags/plugins/decreasing_priority_weight_strategy.py for tasks to queue
[2024-10-26T19:29:24.377+0000] {logging_mixin.py:190} INFO - [2024-10-26T19:29:24.377+0000] {dagbag.py:588} INFO - Filling up the DagBag from /home/airflow/.local/lib/python3.12/site-packages/airflow/example_dags/plugins/decreasing_priority_weight_strategy.py
[2024-10-26T19:29:24.379+0000] {processor.py:927} WARNING - No viable dags retrieved from /home/airflow/.local/lib/python3.12/site-packages/airflow/example_dags/plugins/decreasing_priority_weight_strategy.py
[2024-10-26T19:29:24.396+0000] {processor.py:208} INFO - Processing /home/airflow/.local/lib/python3.12/site-packages/airflow/example_dags/plugins/decreasing_priority_weight_strategy.py took 0.028 seconds
[2024-10-26T19:29:56.488+0000] {processor.py:186} INFO - Started process (PID=15485) to work on /home/airflow/.local/lib/python3.12/site-packages/airflow/example_dags/plugins/decreasing_priority_weight_strategy.py
[2024-10-26T19:29:56.489+0000] {processor.py:914} INFO - Processing file /home/airflow/.local/lib/python3.12/site-packages/airflow/example_dags/plugins/decreasing_priority_weight_strategy.py for tasks to queue
[2024-10-26T19:29:56.491+0000] {logging_mixin.py:190} INFO - [2024-10-26T19:29:56.491+0000] {dagbag.py:588} INFO - Filling up the DagBag from /home/airflow/.local/lib/python3.12/site-packages/airflow/example_dags/plugins/decreasing_priority_weight_strategy.py
[2024-10-26T19:29:56.493+0000] {processor.py:927} WARNING - No viable dags retrieved from /home/airflow/.local/lib/python3.12/site-packages/airflow/example_dags/plugins/decreasing_priority_weight_strategy.py
[2024-10-26T19:29:56.504+0000] {processor.py:208} INFO - Processing /home/airflow/.local/lib/python3.12/site-packages/airflow/example_dags/plugins/decreasing_priority_weight_strategy.py took 0.021 seconds
[2024-10-26T19:30:28.982+0000] {processor.py:186} INFO - Started process (PID=15549) to work on /home/airflow/.local/lib/python3.12/site-packages/airflow/example_dags/plugins/decreasing_priority_weight_strategy.py
[2024-10-26T19:30:28.984+0000] {processor.py:914} INFO - Processing file /home/airflow/.local/lib/python3.12/site-packages/airflow/example_dags/plugins/decreasing_priority_weight_strategy.py for tasks to queue
[2024-10-26T19:30:28.990+0000] {logging_mixin.py:190} INFO - [2024-10-26T19:30:28.988+0000] {dagbag.py:588} INFO - Filling up the DagBag from /home/airflow/.local/lib/python3.12/site-packages/airflow/example_dags/plugins/decreasing_priority_weight_strategy.py
[2024-10-26T19:30:28.996+0000] {processor.py:927} WARNING - No viable dags retrieved from /home/airflow/.local/lib/python3.12/site-packages/airflow/example_dags/plugins/decreasing_priority_weight_strategy.py
[2024-10-26T19:30:29.022+0000] {processor.py:208} INFO - Processing /home/airflow/.local/lib/python3.12/site-packages/airflow/example_dags/plugins/decreasing_priority_weight_strategy.py took 0.048 seconds
[2024-10-26T19:31:01.011+0000] {processor.py:186} INFO - Started process (PID=15613) to work on /home/airflow/.local/lib/python3.12/site-packages/airflow/example_dags/plugins/decreasing_priority_weight_strategy.py
[2024-10-26T19:31:01.013+0000] {processor.py:914} INFO - Processing file /home/airflow/.local/lib/python3.12/site-packages/airflow/example_dags/plugins/decreasing_priority_weight_strategy.py for tasks to queue
[2024-10-26T19:31:01.016+0000] {logging_mixin.py:190} INFO - [2024-10-26T19:31:01.016+0000] {dagbag.py:588} INFO - Filling up the DagBag from /home/airflow/.local/lib/python3.12/site-packages/airflow/example_dags/plugins/decreasing_priority_weight_strategy.py
[2024-10-26T19:31:01.018+0000] {processor.py:927} WARNING - No viable dags retrieved from /home/airflow/.local/lib/python3.12/site-packages/airflow/example_dags/plugins/decreasing_priority_weight_strategy.py
[2024-10-26T19:31:01.031+0000] {processor.py:208} INFO - Processing /home/airflow/.local/lib/python3.12/site-packages/airflow/example_dags/plugins/decreasing_priority_weight_strategy.py took 0.026 seconds
[2024-10-26T19:31:35.157+0000] {processor.py:186} INFO - Started process (PID=15677) to work on /home/airflow/.local/lib/python3.12/site-packages/airflow/example_dags/plugins/decreasing_priority_weight_strategy.py
[2024-10-26T19:31:35.158+0000] {processor.py:914} INFO - Processing file /home/airflow/.local/lib/python3.12/site-packages/airflow/example_dags/plugins/decreasing_priority_weight_strategy.py for tasks to queue
[2024-10-26T19:31:35.162+0000] {logging_mixin.py:190} INFO - [2024-10-26T19:31:35.161+0000] {dagbag.py:588} INFO - Filling up the DagBag from /home/airflow/.local/lib/python3.12/site-packages/airflow/example_dags/plugins/decreasing_priority_weight_strategy.py
[2024-10-26T19:31:35.165+0000] {processor.py:927} WARNING - No viable dags retrieved from /home/airflow/.local/lib/python3.12/site-packages/airflow/example_dags/plugins/decreasing_priority_weight_strategy.py
[2024-10-26T19:31:35.205+0000] {processor.py:208} INFO - Processing /home/airflow/.local/lib/python3.12/site-packages/airflow/example_dags/plugins/decreasing_priority_weight_strategy.py took 0.054 seconds
[2024-10-26T19:32:06.373+0000] {processor.py:186} INFO - Started process (PID=15741) to work on /home/airflow/.local/lib/python3.12/site-packages/airflow/example_dags/plugins/decreasing_priority_weight_strategy.py
[2024-10-26T19:32:06.374+0000] {processor.py:914} INFO - Processing file /home/airflow/.local/lib/python3.12/site-packages/airflow/example_dags/plugins/decreasing_priority_weight_strategy.py for tasks to queue
[2024-10-26T19:32:06.376+0000] {logging_mixin.py:190} INFO - [2024-10-26T19:32:06.376+0000] {dagbag.py:588} INFO - Filling up the DagBag from /home/airflow/.local/lib/python3.12/site-packages/airflow/example_dags/plugins/decreasing_priority_weight_strategy.py
[2024-10-26T19:32:06.378+0000] {processor.py:927} WARNING - No viable dags retrieved from /home/airflow/.local/lib/python3.12/site-packages/airflow/example_dags/plugins/decreasing_priority_weight_strategy.py
[2024-10-26T19:32:06.391+0000] {processor.py:208} INFO - Processing /home/airflow/.local/lib/python3.12/site-packages/airflow/example_dags/plugins/decreasing_priority_weight_strategy.py took 0.027 seconds
[2024-10-26T19:32:42.312+0000] {processor.py:186} INFO - Started process (PID=15805) to work on /home/airflow/.local/lib/python3.12/site-packages/airflow/example_dags/plugins/decreasing_priority_weight_strategy.py
[2024-10-26T19:32:42.315+0000] {processor.py:914} INFO - Processing file /home/airflow/.local/lib/python3.12/site-packages/airflow/example_dags/plugins/decreasing_priority_weight_strategy.py for tasks to queue
[2024-10-26T19:32:42.328+0000] {logging_mixin.py:190} INFO - [2024-10-26T19:32:42.328+0000] {dagbag.py:588} INFO - Filling up the DagBag from /home/airflow/.local/lib/python3.12/site-packages/airflow/example_dags/plugins/decreasing_priority_weight_strategy.py
[2024-10-26T19:32:42.340+0000] {processor.py:927} WARNING - No viable dags retrieved from /home/airflow/.local/lib/python3.12/site-packages/airflow/example_dags/plugins/decreasing_priority_weight_strategy.py
[2024-10-26T19:32:42.391+0000] {processor.py:208} INFO - Processing /home/airflow/.local/lib/python3.12/site-packages/airflow/example_dags/plugins/decreasing_priority_weight_strategy.py took 0.098 seconds
[2024-10-26T19:33:12.717+0000] {processor.py:186} INFO - Started process (PID=15869) to work on /home/airflow/.local/lib/python3.12/site-packages/airflow/example_dags/plugins/decreasing_priority_weight_strategy.py
[2024-10-26T19:33:12.719+0000] {processor.py:914} INFO - Processing file /home/airflow/.local/lib/python3.12/site-packages/airflow/example_dags/plugins/decreasing_priority_weight_strategy.py for tasks to queue
[2024-10-26T19:33:12.721+0000] {logging_mixin.py:190} INFO - [2024-10-26T19:33:12.721+0000] {dagbag.py:588} INFO - Filling up the DagBag from /home/airflow/.local/lib/python3.12/site-packages/airflow/example_dags/plugins/decreasing_priority_weight_strategy.py
[2024-10-26T19:33:12.724+0000] {processor.py:927} WARNING - No viable dags retrieved from /home/airflow/.local/lib/python3.12/site-packages/airflow/example_dags/plugins/decreasing_priority_weight_strategy.py
[2024-10-26T19:33:12.737+0000] {processor.py:208} INFO - Processing /home/airflow/.local/lib/python3.12/site-packages/airflow/example_dags/plugins/decreasing_priority_weight_strategy.py took 0.026 seconds
[2024-10-26T19:33:44.539+0000] {processor.py:186} INFO - Started process (PID=15933) to work on /home/airflow/.local/lib/python3.12/site-packages/airflow/example_dags/plugins/decreasing_priority_weight_strategy.py
[2024-10-26T19:33:44.540+0000] {processor.py:914} INFO - Processing file /home/airflow/.local/lib/python3.12/site-packages/airflow/example_dags/plugins/decreasing_priority_weight_strategy.py for tasks to queue
[2024-10-26T19:33:44.542+0000] {logging_mixin.py:190} INFO - [2024-10-26T19:33:44.542+0000] {dagbag.py:588} INFO - Filling up the DagBag from /home/airflow/.local/lib/python3.12/site-packages/airflow/example_dags/plugins/decreasing_priority_weight_strategy.py
[2024-10-26T19:33:44.545+0000] {processor.py:927} WARNING - No viable dags retrieved from /home/airflow/.local/lib/python3.12/site-packages/airflow/example_dags/plugins/decreasing_priority_weight_strategy.py
[2024-10-26T19:33:44.559+0000] {processor.py:208} INFO - Processing /home/airflow/.local/lib/python3.12/site-packages/airflow/example_dags/plugins/decreasing_priority_weight_strategy.py took 0.026 seconds
[2024-10-26T19:34:17.241+0000] {processor.py:186} INFO - Started process (PID=15997) to work on /home/airflow/.local/lib/python3.12/site-packages/airflow/example_dags/plugins/decreasing_priority_weight_strategy.py
[2024-10-26T19:34:17.242+0000] {processor.py:914} INFO - Processing file /home/airflow/.local/lib/python3.12/site-packages/airflow/example_dags/plugins/decreasing_priority_weight_strategy.py for tasks to queue
[2024-10-26T19:34:17.245+0000] {logging_mixin.py:190} INFO - [2024-10-26T19:34:17.244+0000] {dagbag.py:588} INFO - Filling up the DagBag from /home/airflow/.local/lib/python3.12/site-packages/airflow/example_dags/plugins/decreasing_priority_weight_strategy.py
[2024-10-26T19:34:17.247+0000] {processor.py:927} WARNING - No viable dags retrieved from /home/airflow/.local/lib/python3.12/site-packages/airflow/example_dags/plugins/decreasing_priority_weight_strategy.py
[2024-10-26T19:34:17.262+0000] {processor.py:208} INFO - Processing /home/airflow/.local/lib/python3.12/site-packages/airflow/example_dags/plugins/decreasing_priority_weight_strategy.py took 0.026 seconds
[2024-10-26T19:34:49.941+0000] {processor.py:186} INFO - Started process (PID=16061) to work on /home/airflow/.local/lib/python3.12/site-packages/airflow/example_dags/plugins/decreasing_priority_weight_strategy.py
[2024-10-26T19:34:49.942+0000] {processor.py:914} INFO - Processing file /home/airflow/.local/lib/python3.12/site-packages/airflow/example_dags/plugins/decreasing_priority_weight_strategy.py for tasks to queue
[2024-10-26T19:34:49.944+0000] {logging_mixin.py:190} INFO - [2024-10-26T19:34:49.944+0000] {dagbag.py:588} INFO - Filling up the DagBag from /home/airflow/.local/lib/python3.12/site-packages/airflow/example_dags/plugins/decreasing_priority_weight_strategy.py
[2024-10-26T19:34:49.946+0000] {processor.py:927} WARNING - No viable dags retrieved from /home/airflow/.local/lib/python3.12/site-packages/airflow/example_dags/plugins/decreasing_priority_weight_strategy.py
[2024-10-26T19:34:49.957+0000] {processor.py:208} INFO - Processing /home/airflow/.local/lib/python3.12/site-packages/airflow/example_dags/plugins/decreasing_priority_weight_strategy.py took 0.022 seconds
[2024-10-26T19:35:22.913+0000] {processor.py:186} INFO - Started process (PID=16125) to work on /home/airflow/.local/lib/python3.12/site-packages/airflow/example_dags/plugins/decreasing_priority_weight_strategy.py
[2024-10-26T19:35:22.914+0000] {processor.py:914} INFO - Processing file /home/airflow/.local/lib/python3.12/site-packages/airflow/example_dags/plugins/decreasing_priority_weight_strategy.py for tasks to queue
[2024-10-26T19:35:22.916+0000] {logging_mixin.py:190} INFO - [2024-10-26T19:35:22.916+0000] {dagbag.py:588} INFO - Filling up the DagBag from /home/airflow/.local/lib/python3.12/site-packages/airflow/example_dags/plugins/decreasing_priority_weight_strategy.py
[2024-10-26T19:35:22.918+0000] {processor.py:927} WARNING - No viable dags retrieved from /home/airflow/.local/lib/python3.12/site-packages/airflow/example_dags/plugins/decreasing_priority_weight_strategy.py
[2024-10-26T19:35:22.930+0000] {processor.py:208} INFO - Processing /home/airflow/.local/lib/python3.12/site-packages/airflow/example_dags/plugins/decreasing_priority_weight_strategy.py took 0.022 seconds
[2024-10-26T19:35:55.783+0000] {processor.py:186} INFO - Started process (PID=16189) to work on /home/airflow/.local/lib/python3.12/site-packages/airflow/example_dags/plugins/decreasing_priority_weight_strategy.py
[2024-10-26T19:35:55.784+0000] {processor.py:914} INFO - Processing file /home/airflow/.local/lib/python3.12/site-packages/airflow/example_dags/plugins/decreasing_priority_weight_strategy.py for tasks to queue
[2024-10-26T19:35:55.787+0000] {logging_mixin.py:190} INFO - [2024-10-26T19:35:55.786+0000] {dagbag.py:588} INFO - Filling up the DagBag from /home/airflow/.local/lib/python3.12/site-packages/airflow/example_dags/plugins/decreasing_priority_weight_strategy.py
[2024-10-26T19:35:55.789+0000] {processor.py:927} WARNING - No viable dags retrieved from /home/airflow/.local/lib/python3.12/site-packages/airflow/example_dags/plugins/decreasing_priority_weight_strategy.py
[2024-10-26T19:35:55.800+0000] {processor.py:208} INFO - Processing /home/airflow/.local/lib/python3.12/site-packages/airflow/example_dags/plugins/decreasing_priority_weight_strategy.py took 0.023 seconds
[2024-10-26T19:36:28.642+0000] {processor.py:186} INFO - Started process (PID=16253) to work on /home/airflow/.local/lib/python3.12/site-packages/airflow/example_dags/plugins/decreasing_priority_weight_strategy.py
[2024-10-26T19:36:28.643+0000] {processor.py:914} INFO - Processing file /home/airflow/.local/lib/python3.12/site-packages/airflow/example_dags/plugins/decreasing_priority_weight_strategy.py for tasks to queue
[2024-10-26T19:36:28.645+0000] {logging_mixin.py:190} INFO - [2024-10-26T19:36:28.645+0000] {dagbag.py:588} INFO - Filling up the DagBag from /home/airflow/.local/lib/python3.12/site-packages/airflow/example_dags/plugins/decreasing_priority_weight_strategy.py
[2024-10-26T19:36:28.648+0000] {processor.py:927} WARNING - No viable dags retrieved from /home/airflow/.local/lib/python3.12/site-packages/airflow/example_dags/plugins/decreasing_priority_weight_strategy.py
[2024-10-26T19:36:28.659+0000] {processor.py:208} INFO - Processing /home/airflow/.local/lib/python3.12/site-packages/airflow/example_dags/plugins/decreasing_priority_weight_strategy.py took 0.024 seconds
[2024-10-26T19:37:00.373+0000] {processor.py:186} INFO - Started process (PID=16317) to work on /home/airflow/.local/lib/python3.12/site-packages/airflow/example_dags/plugins/decreasing_priority_weight_strategy.py
[2024-10-26T19:37:00.374+0000] {processor.py:914} INFO - Processing file /home/airflow/.local/lib/python3.12/site-packages/airflow/example_dags/plugins/decreasing_priority_weight_strategy.py for tasks to queue
[2024-10-26T19:37:00.377+0000] {logging_mixin.py:190} INFO - [2024-10-26T19:37:00.376+0000] {dagbag.py:588} INFO - Filling up the DagBag from /home/airflow/.local/lib/python3.12/site-packages/airflow/example_dags/plugins/decreasing_priority_weight_strategy.py
[2024-10-26T19:37:00.379+0000] {processor.py:927} WARNING - No viable dags retrieved from /home/airflow/.local/lib/python3.12/site-packages/airflow/example_dags/plugins/decreasing_priority_weight_strategy.py
[2024-10-26T19:37:00.391+0000] {processor.py:208} INFO - Processing /home/airflow/.local/lib/python3.12/site-packages/airflow/example_dags/plugins/decreasing_priority_weight_strategy.py took 0.024 seconds
[2024-10-26T19:37:33.670+0000] {processor.py:186} INFO - Started process (PID=16381) to work on /home/airflow/.local/lib/python3.12/site-packages/airflow/example_dags/plugins/decreasing_priority_weight_strategy.py
[2024-10-26T19:37:33.672+0000] {processor.py:914} INFO - Processing file /home/airflow/.local/lib/python3.12/site-packages/airflow/example_dags/plugins/decreasing_priority_weight_strategy.py for tasks to queue
[2024-10-26T19:37:33.674+0000] {logging_mixin.py:190} INFO - [2024-10-26T19:37:33.674+0000] {dagbag.py:588} INFO - Filling up the DagBag from /home/airflow/.local/lib/python3.12/site-packages/airflow/example_dags/plugins/decreasing_priority_weight_strategy.py
[2024-10-26T19:37:33.676+0000] {processor.py:927} WARNING - No viable dags retrieved from /home/airflow/.local/lib/python3.12/site-packages/airflow/example_dags/plugins/decreasing_priority_weight_strategy.py
[2024-10-26T19:37:33.688+0000] {processor.py:208} INFO - Processing /home/airflow/.local/lib/python3.12/site-packages/airflow/example_dags/plugins/decreasing_priority_weight_strategy.py took 0.025 seconds
[2024-10-26T19:38:07.164+0000] {processor.py:186} INFO - Started process (PID=16445) to work on /home/airflow/.local/lib/python3.12/site-packages/airflow/example_dags/plugins/decreasing_priority_weight_strategy.py
[2024-10-26T19:38:07.165+0000] {processor.py:914} INFO - Processing file /home/airflow/.local/lib/python3.12/site-packages/airflow/example_dags/plugins/decreasing_priority_weight_strategy.py for tasks to queue
[2024-10-26T19:38:07.167+0000] {logging_mixin.py:190} INFO - [2024-10-26T19:38:07.167+0000] {dagbag.py:588} INFO - Filling up the DagBag from /home/airflow/.local/lib/python3.12/site-packages/airflow/example_dags/plugins/decreasing_priority_weight_strategy.py
[2024-10-26T19:38:07.169+0000] {processor.py:927} WARNING - No viable dags retrieved from /home/airflow/.local/lib/python3.12/site-packages/airflow/example_dags/plugins/decreasing_priority_weight_strategy.py
[2024-10-26T19:38:07.181+0000] {processor.py:208} INFO - Processing /home/airflow/.local/lib/python3.12/site-packages/airflow/example_dags/plugins/decreasing_priority_weight_strategy.py took 0.022 seconds
[2024-10-26T19:38:38.860+0000] {processor.py:186} INFO - Started process (PID=16509) to work on /home/airflow/.local/lib/python3.12/site-packages/airflow/example_dags/plugins/decreasing_priority_weight_strategy.py
[2024-10-26T19:38:38.862+0000] {processor.py:914} INFO - Processing file /home/airflow/.local/lib/python3.12/site-packages/airflow/example_dags/plugins/decreasing_priority_weight_strategy.py for tasks to queue
[2024-10-26T19:38:38.864+0000] {logging_mixin.py:190} INFO - [2024-10-26T19:38:38.863+0000] {dagbag.py:588} INFO - Filling up the DagBag from /home/airflow/.local/lib/python3.12/site-packages/airflow/example_dags/plugins/decreasing_priority_weight_strategy.py
[2024-10-26T19:38:38.866+0000] {processor.py:927} WARNING - No viable dags retrieved from /home/airflow/.local/lib/python3.12/site-packages/airflow/example_dags/plugins/decreasing_priority_weight_strategy.py
[2024-10-26T19:38:38.877+0000] {processor.py:208} INFO - Processing /home/airflow/.local/lib/python3.12/site-packages/airflow/example_dags/plugins/decreasing_priority_weight_strategy.py took 0.022 seconds
[2024-10-26T19:39:11.832+0000] {processor.py:186} INFO - Started process (PID=16573) to work on /home/airflow/.local/lib/python3.12/site-packages/airflow/example_dags/plugins/decreasing_priority_weight_strategy.py
[2024-10-26T19:39:11.833+0000] {processor.py:914} INFO - Processing file /home/airflow/.local/lib/python3.12/site-packages/airflow/example_dags/plugins/decreasing_priority_weight_strategy.py for tasks to queue
[2024-10-26T19:39:11.836+0000] {logging_mixin.py:190} INFO - [2024-10-26T19:39:11.836+0000] {dagbag.py:588} INFO - Filling up the DagBag from /home/airflow/.local/lib/python3.12/site-packages/airflow/example_dags/plugins/decreasing_priority_weight_strategy.py
[2024-10-26T19:39:11.839+0000] {processor.py:927} WARNING - No viable dags retrieved from /home/airflow/.local/lib/python3.12/site-packages/airflow/example_dags/plugins/decreasing_priority_weight_strategy.py
[2024-10-26T19:39:11.852+0000] {processor.py:208} INFO - Processing /home/airflow/.local/lib/python3.12/site-packages/airflow/example_dags/plugins/decreasing_priority_weight_strategy.py took 0.028 seconds
[2024-10-26T19:39:44.541+0000] {processor.py:186} INFO - Started process (PID=16637) to work on /home/airflow/.local/lib/python3.12/site-packages/airflow/example_dags/plugins/decreasing_priority_weight_strategy.py
[2024-10-26T19:39:44.542+0000] {processor.py:914} INFO - Processing file /home/airflow/.local/lib/python3.12/site-packages/airflow/example_dags/plugins/decreasing_priority_weight_strategy.py for tasks to queue
[2024-10-26T19:39:44.545+0000] {logging_mixin.py:190} INFO - [2024-10-26T19:39:44.544+0000] {dagbag.py:588} INFO - Filling up the DagBag from /home/airflow/.local/lib/python3.12/site-packages/airflow/example_dags/plugins/decreasing_priority_weight_strategy.py
[2024-10-26T19:39:44.547+0000] {processor.py:927} WARNING - No viable dags retrieved from /home/airflow/.local/lib/python3.12/site-packages/airflow/example_dags/plugins/decreasing_priority_weight_strategy.py
[2024-10-26T19:39:44.558+0000] {processor.py:208} INFO - Processing /home/airflow/.local/lib/python3.12/site-packages/airflow/example_dags/plugins/decreasing_priority_weight_strategy.py took 0.022 seconds
[2024-10-26T19:40:17.626+0000] {processor.py:186} INFO - Started process (PID=16701) to work on /home/airflow/.local/lib/python3.12/site-packages/airflow/example_dags/plugins/decreasing_priority_weight_strategy.py
[2024-10-26T19:40:17.627+0000] {processor.py:914} INFO - Processing file /home/airflow/.local/lib/python3.12/site-packages/airflow/example_dags/plugins/decreasing_priority_weight_strategy.py for tasks to queue
[2024-10-26T19:40:17.629+0000] {logging_mixin.py:190} INFO - [2024-10-26T19:40:17.629+0000] {dagbag.py:588} INFO - Filling up the DagBag from /home/airflow/.local/lib/python3.12/site-packages/airflow/example_dags/plugins/decreasing_priority_weight_strategy.py
[2024-10-26T19:40:17.632+0000] {processor.py:927} WARNING - No viable dags retrieved from /home/airflow/.local/lib/python3.12/site-packages/airflow/example_dags/plugins/decreasing_priority_weight_strategy.py
[2024-10-26T19:40:17.646+0000] {processor.py:208} INFO - Processing /home/airflow/.local/lib/python3.12/site-packages/airflow/example_dags/plugins/decreasing_priority_weight_strategy.py took 0.027 seconds
[2024-10-26T19:40:49.359+0000] {processor.py:186} INFO - Started process (PID=16765) to work on /home/airflow/.local/lib/python3.12/site-packages/airflow/example_dags/plugins/decreasing_priority_weight_strategy.py
[2024-10-26T19:40:49.360+0000] {processor.py:914} INFO - Processing file /home/airflow/.local/lib/python3.12/site-packages/airflow/example_dags/plugins/decreasing_priority_weight_strategy.py for tasks to queue
[2024-10-26T19:40:49.363+0000] {logging_mixin.py:190} INFO - [2024-10-26T19:40:49.362+0000] {dagbag.py:588} INFO - Filling up the DagBag from /home/airflow/.local/lib/python3.12/site-packages/airflow/example_dags/plugins/decreasing_priority_weight_strategy.py
[2024-10-26T19:40:49.365+0000] {processor.py:927} WARNING - No viable dags retrieved from /home/airflow/.local/lib/python3.12/site-packages/airflow/example_dags/plugins/decreasing_priority_weight_strategy.py
[2024-10-26T19:40:49.377+0000] {processor.py:208} INFO - Processing /home/airflow/.local/lib/python3.12/site-packages/airflow/example_dags/plugins/decreasing_priority_weight_strategy.py took 0.024 seconds
[2024-10-26T19:41:22.219+0000] {processor.py:186} INFO - Started process (PID=16829) to work on /home/airflow/.local/lib/python3.12/site-packages/airflow/example_dags/plugins/decreasing_priority_weight_strategy.py
[2024-10-26T19:41:22.221+0000] {processor.py:914} INFO - Processing file /home/airflow/.local/lib/python3.12/site-packages/airflow/example_dags/plugins/decreasing_priority_weight_strategy.py for tasks to queue
[2024-10-26T19:41:22.223+0000] {logging_mixin.py:190} INFO - [2024-10-26T19:41:22.223+0000] {dagbag.py:588} INFO - Filling up the DagBag from /home/airflow/.local/lib/python3.12/site-packages/airflow/example_dags/plugins/decreasing_priority_weight_strategy.py
[2024-10-26T19:41:22.226+0000] {processor.py:927} WARNING - No viable dags retrieved from /home/airflow/.local/lib/python3.12/site-packages/airflow/example_dags/plugins/decreasing_priority_weight_strategy.py
[2024-10-26T19:41:22.236+0000] {processor.py:208} INFO - Processing /home/airflow/.local/lib/python3.12/site-packages/airflow/example_dags/plugins/decreasing_priority_weight_strategy.py took 0.023 seconds
[2024-10-26T19:41:54.986+0000] {processor.py:186} INFO - Started process (PID=16893) to work on /home/airflow/.local/lib/python3.12/site-packages/airflow/example_dags/plugins/decreasing_priority_weight_strategy.py
[2024-10-26T19:41:54.988+0000] {processor.py:914} INFO - Processing file /home/airflow/.local/lib/python3.12/site-packages/airflow/example_dags/plugins/decreasing_priority_weight_strategy.py for tasks to queue
[2024-10-26T19:41:54.990+0000] {logging_mixin.py:190} INFO - [2024-10-26T19:41:54.990+0000] {dagbag.py:588} INFO - Filling up the DagBag from /home/airflow/.local/lib/python3.12/site-packages/airflow/example_dags/plugins/decreasing_priority_weight_strategy.py
[2024-10-26T19:41:54.993+0000] {processor.py:927} WARNING - No viable dags retrieved from /home/airflow/.local/lib/python3.12/site-packages/airflow/example_dags/plugins/decreasing_priority_weight_strategy.py
[2024-10-26T19:41:55.006+0000] {processor.py:208} INFO - Processing /home/airflow/.local/lib/python3.12/site-packages/airflow/example_dags/plugins/decreasing_priority_weight_strategy.py took 0.025 seconds
[2024-10-26T19:42:27.477+0000] {processor.py:186} INFO - Started process (PID=16957) to work on /home/airflow/.local/lib/python3.12/site-packages/airflow/example_dags/plugins/decreasing_priority_weight_strategy.py
[2024-10-26T19:42:27.478+0000] {processor.py:914} INFO - Processing file /home/airflow/.local/lib/python3.12/site-packages/airflow/example_dags/plugins/decreasing_priority_weight_strategy.py for tasks to queue
[2024-10-26T19:42:27.480+0000] {logging_mixin.py:190} INFO - [2024-10-26T19:42:27.479+0000] {dagbag.py:588} INFO - Filling up the DagBag from /home/airflow/.local/lib/python3.12/site-packages/airflow/example_dags/plugins/decreasing_priority_weight_strategy.py
[2024-10-26T19:42:27.482+0000] {processor.py:927} WARNING - No viable dags retrieved from /home/airflow/.local/lib/python3.12/site-packages/airflow/example_dags/plugins/decreasing_priority_weight_strategy.py
[2024-10-26T19:42:27.494+0000] {processor.py:208} INFO - Processing /home/airflow/.local/lib/python3.12/site-packages/airflow/example_dags/plugins/decreasing_priority_weight_strategy.py took 0.022 seconds
[2024-10-26T19:43:01.221+0000] {processor.py:186} INFO - Started process (PID=17021) to work on /home/airflow/.local/lib/python3.12/site-packages/airflow/example_dags/plugins/decreasing_priority_weight_strategy.py
[2024-10-26T19:43:01.222+0000] {processor.py:914} INFO - Processing file /home/airflow/.local/lib/python3.12/site-packages/airflow/example_dags/plugins/decreasing_priority_weight_strategy.py for tasks to queue
[2024-10-26T19:43:01.225+0000] {logging_mixin.py:190} INFO - [2024-10-26T19:43:01.225+0000] {dagbag.py:588} INFO - Filling up the DagBag from /home/airflow/.local/lib/python3.12/site-packages/airflow/example_dags/plugins/decreasing_priority_weight_strategy.py
[2024-10-26T19:43:01.227+0000] {processor.py:927} WARNING - No viable dags retrieved from /home/airflow/.local/lib/python3.12/site-packages/airflow/example_dags/plugins/decreasing_priority_weight_strategy.py
[2024-10-26T19:43:01.240+0000] {processor.py:208} INFO - Processing /home/airflow/.local/lib/python3.12/site-packages/airflow/example_dags/plugins/decreasing_priority_weight_strategy.py took 0.026 seconds
[2024-10-26T19:43:33.896+0000] {processor.py:186} INFO - Started process (PID=17085) to work on /home/airflow/.local/lib/python3.12/site-packages/airflow/example_dags/plugins/decreasing_priority_weight_strategy.py
[2024-10-26T19:43:33.897+0000] {processor.py:914} INFO - Processing file /home/airflow/.local/lib/python3.12/site-packages/airflow/example_dags/plugins/decreasing_priority_weight_strategy.py for tasks to queue
[2024-10-26T19:43:33.900+0000] {logging_mixin.py:190} INFO - [2024-10-26T19:43:33.899+0000] {dagbag.py:588} INFO - Filling up the DagBag from /home/airflow/.local/lib/python3.12/site-packages/airflow/example_dags/plugins/decreasing_priority_weight_strategy.py
[2024-10-26T19:43:33.902+0000] {processor.py:927} WARNING - No viable dags retrieved from /home/airflow/.local/lib/python3.12/site-packages/airflow/example_dags/plugins/decreasing_priority_weight_strategy.py
[2024-10-26T19:43:33.914+0000] {processor.py:208} INFO - Processing /home/airflow/.local/lib/python3.12/site-packages/airflow/example_dags/plugins/decreasing_priority_weight_strategy.py took 0.025 seconds
[2024-10-26T19:44:06.756+0000] {processor.py:186} INFO - Started process (PID=17149) to work on /home/airflow/.local/lib/python3.12/site-packages/airflow/example_dags/plugins/decreasing_priority_weight_strategy.py
[2024-10-26T19:44:06.757+0000] {processor.py:914} INFO - Processing file /home/airflow/.local/lib/python3.12/site-packages/airflow/example_dags/plugins/decreasing_priority_weight_strategy.py for tasks to queue
[2024-10-26T19:44:06.759+0000] {logging_mixin.py:190} INFO - [2024-10-26T19:44:06.759+0000] {dagbag.py:588} INFO - Filling up the DagBag from /home/airflow/.local/lib/python3.12/site-packages/airflow/example_dags/plugins/decreasing_priority_weight_strategy.py
[2024-10-26T19:44:06.761+0000] {processor.py:927} WARNING - No viable dags retrieved from /home/airflow/.local/lib/python3.12/site-packages/airflow/example_dags/plugins/decreasing_priority_weight_strategy.py
[2024-10-26T19:44:06.773+0000] {processor.py:208} INFO - Processing /home/airflow/.local/lib/python3.12/site-packages/airflow/example_dags/plugins/decreasing_priority_weight_strategy.py took 0.022 seconds
[2024-10-26T19:44:39.468+0000] {processor.py:186} INFO - Started process (PID=17213) to work on /home/airflow/.local/lib/python3.12/site-packages/airflow/example_dags/plugins/decreasing_priority_weight_strategy.py
[2024-10-26T19:44:39.469+0000] {processor.py:914} INFO - Processing file /home/airflow/.local/lib/python3.12/site-packages/airflow/example_dags/plugins/decreasing_priority_weight_strategy.py for tasks to queue
[2024-10-26T19:44:39.472+0000] {logging_mixin.py:190} INFO - [2024-10-26T19:44:39.471+0000] {dagbag.py:588} INFO - Filling up the DagBag from /home/airflow/.local/lib/python3.12/site-packages/airflow/example_dags/plugins/decreasing_priority_weight_strategy.py
[2024-10-26T19:44:39.474+0000] {processor.py:927} WARNING - No viable dags retrieved from /home/airflow/.local/lib/python3.12/site-packages/airflow/example_dags/plugins/decreasing_priority_weight_strategy.py
[2024-10-26T19:44:39.486+0000] {processor.py:208} INFO - Processing /home/airflow/.local/lib/python3.12/site-packages/airflow/example_dags/plugins/decreasing_priority_weight_strategy.py took 0.023 seconds
[2024-10-26T19:45:12.349+0000] {processor.py:186} INFO - Started process (PID=17277) to work on /home/airflow/.local/lib/python3.12/site-packages/airflow/example_dags/plugins/decreasing_priority_weight_strategy.py
[2024-10-26T19:45:12.350+0000] {processor.py:914} INFO - Processing file /home/airflow/.local/lib/python3.12/site-packages/airflow/example_dags/plugins/decreasing_priority_weight_strategy.py for tasks to queue
[2024-10-26T19:45:12.353+0000] {logging_mixin.py:190} INFO - [2024-10-26T19:45:12.352+0000] {dagbag.py:588} INFO - Filling up the DagBag from /home/airflow/.local/lib/python3.12/site-packages/airflow/example_dags/plugins/decreasing_priority_weight_strategy.py
[2024-10-26T19:45:12.355+0000] {processor.py:927} WARNING - No viable dags retrieved from /home/airflow/.local/lib/python3.12/site-packages/airflow/example_dags/plugins/decreasing_priority_weight_strategy.py
[2024-10-26T19:45:12.368+0000] {processor.py:208} INFO - Processing /home/airflow/.local/lib/python3.12/site-packages/airflow/example_dags/plugins/decreasing_priority_weight_strategy.py took 0.024 seconds
[2024-10-26T19:45:44.014+0000] {processor.py:186} INFO - Started process (PID=17341) to work on /home/airflow/.local/lib/python3.12/site-packages/airflow/example_dags/plugins/decreasing_priority_weight_strategy.py
[2024-10-26T19:45:44.015+0000] {processor.py:914} INFO - Processing file /home/airflow/.local/lib/python3.12/site-packages/airflow/example_dags/plugins/decreasing_priority_weight_strategy.py for tasks to queue
[2024-10-26T19:45:44.018+0000] {logging_mixin.py:190} INFO - [2024-10-26T19:45:44.018+0000] {dagbag.py:588} INFO - Filling up the DagBag from /home/airflow/.local/lib/python3.12/site-packages/airflow/example_dags/plugins/decreasing_priority_weight_strategy.py
[2024-10-26T19:45:44.020+0000] {processor.py:927} WARNING - No viable dags retrieved from /home/airflow/.local/lib/python3.12/site-packages/airflow/example_dags/plugins/decreasing_priority_weight_strategy.py
[2024-10-26T19:45:44.032+0000] {processor.py:208} INFO - Processing /home/airflow/.local/lib/python3.12/site-packages/airflow/example_dags/plugins/decreasing_priority_weight_strategy.py took 0.022 seconds
[2024-10-26T19:46:17.738+0000] {processor.py:186} INFO - Started process (PID=17405) to work on /home/airflow/.local/lib/python3.12/site-packages/airflow/example_dags/plugins/decreasing_priority_weight_strategy.py
[2024-10-26T19:46:17.739+0000] {processor.py:914} INFO - Processing file /home/airflow/.local/lib/python3.12/site-packages/airflow/example_dags/plugins/decreasing_priority_weight_strategy.py for tasks to queue
[2024-10-26T19:46:17.741+0000] {logging_mixin.py:190} INFO - [2024-10-26T19:46:17.741+0000] {dagbag.py:588} INFO - Filling up the DagBag from /home/airflow/.local/lib/python3.12/site-packages/airflow/example_dags/plugins/decreasing_priority_weight_strategy.py
[2024-10-26T19:46:17.744+0000] {processor.py:927} WARNING - No viable dags retrieved from /home/airflow/.local/lib/python3.12/site-packages/airflow/example_dags/plugins/decreasing_priority_weight_strategy.py
[2024-10-26T19:46:17.756+0000] {processor.py:208} INFO - Processing /home/airflow/.local/lib/python3.12/site-packages/airflow/example_dags/plugins/decreasing_priority_weight_strategy.py took 0.025 seconds
[2024-10-26T19:46:49.478+0000] {processor.py:186} INFO - Started process (PID=17469) to work on /home/airflow/.local/lib/python3.12/site-packages/airflow/example_dags/plugins/decreasing_priority_weight_strategy.py
[2024-10-26T19:46:49.479+0000] {processor.py:914} INFO - Processing file /home/airflow/.local/lib/python3.12/site-packages/airflow/example_dags/plugins/decreasing_priority_weight_strategy.py for tasks to queue
[2024-10-26T19:46:49.481+0000] {logging_mixin.py:190} INFO - [2024-10-26T19:46:49.481+0000] {dagbag.py:588} INFO - Filling up the DagBag from /home/airflow/.local/lib/python3.12/site-packages/airflow/example_dags/plugins/decreasing_priority_weight_strategy.py
[2024-10-26T19:46:49.483+0000] {processor.py:927} WARNING - No viable dags retrieved from /home/airflow/.local/lib/python3.12/site-packages/airflow/example_dags/plugins/decreasing_priority_weight_strategy.py
[2024-10-26T19:46:49.496+0000] {processor.py:208} INFO - Processing /home/airflow/.local/lib/python3.12/site-packages/airflow/example_dags/plugins/decreasing_priority_weight_strategy.py took 0.024 seconds
[2024-10-26T19:47:22.868+0000] {processor.py:186} INFO - Started process (PID=17533) to work on /home/airflow/.local/lib/python3.12/site-packages/airflow/example_dags/plugins/decreasing_priority_weight_strategy.py
[2024-10-26T19:47:22.869+0000] {processor.py:914} INFO - Processing file /home/airflow/.local/lib/python3.12/site-packages/airflow/example_dags/plugins/decreasing_priority_weight_strategy.py for tasks to queue
[2024-10-26T19:47:22.872+0000] {logging_mixin.py:190} INFO - [2024-10-26T19:47:22.871+0000] {dagbag.py:588} INFO - Filling up the DagBag from /home/airflow/.local/lib/python3.12/site-packages/airflow/example_dags/plugins/decreasing_priority_weight_strategy.py
[2024-10-26T19:47:22.874+0000] {processor.py:927} WARNING - No viable dags retrieved from /home/airflow/.local/lib/python3.12/site-packages/airflow/example_dags/plugins/decreasing_priority_weight_strategy.py
[2024-10-26T19:47:22.885+0000] {processor.py:208} INFO - Processing /home/airflow/.local/lib/python3.12/site-packages/airflow/example_dags/plugins/decreasing_priority_weight_strategy.py took 0.022 seconds
[2024-10-26T19:47:55.671+0000] {processor.py:186} INFO - Started process (PID=17597) to work on /home/airflow/.local/lib/python3.12/site-packages/airflow/example_dags/plugins/decreasing_priority_weight_strategy.py
[2024-10-26T19:47:55.672+0000] {processor.py:914} INFO - Processing file /home/airflow/.local/lib/python3.12/site-packages/airflow/example_dags/plugins/decreasing_priority_weight_strategy.py for tasks to queue
[2024-10-26T19:47:55.674+0000] {logging_mixin.py:190} INFO - [2024-10-26T19:47:55.674+0000] {dagbag.py:588} INFO - Filling up the DagBag from /home/airflow/.local/lib/python3.12/site-packages/airflow/example_dags/plugins/decreasing_priority_weight_strategy.py
[2024-10-26T19:47:55.677+0000] {processor.py:927} WARNING - No viable dags retrieved from /home/airflow/.local/lib/python3.12/site-packages/airflow/example_dags/plugins/decreasing_priority_weight_strategy.py
[2024-10-26T19:47:55.688+0000] {processor.py:208} INFO - Processing /home/airflow/.local/lib/python3.12/site-packages/airflow/example_dags/plugins/decreasing_priority_weight_strategy.py took 0.022 seconds
[2024-10-26T19:48:28.441+0000] {processor.py:186} INFO - Started process (PID=17661) to work on /home/airflow/.local/lib/python3.12/site-packages/airflow/example_dags/plugins/decreasing_priority_weight_strategy.py
[2024-10-26T19:48:28.442+0000] {processor.py:914} INFO - Processing file /home/airflow/.local/lib/python3.12/site-packages/airflow/example_dags/plugins/decreasing_priority_weight_strategy.py for tasks to queue
[2024-10-26T19:48:28.445+0000] {logging_mixin.py:190} INFO - [2024-10-26T19:48:28.445+0000] {dagbag.py:588} INFO - Filling up the DagBag from /home/airflow/.local/lib/python3.12/site-packages/airflow/example_dags/plugins/decreasing_priority_weight_strategy.py
[2024-10-26T19:48:28.447+0000] {processor.py:927} WARNING - No viable dags retrieved from /home/airflow/.local/lib/python3.12/site-packages/airflow/example_dags/plugins/decreasing_priority_weight_strategy.py
[2024-10-26T19:48:28.460+0000] {processor.py:208} INFO - Processing /home/airflow/.local/lib/python3.12/site-packages/airflow/example_dags/plugins/decreasing_priority_weight_strategy.py took 0.025 seconds
[2024-10-26T19:49:01.203+0000] {processor.py:186} INFO - Started process (PID=17725) to work on /home/airflow/.local/lib/python3.12/site-packages/airflow/example_dags/plugins/decreasing_priority_weight_strategy.py
[2024-10-26T19:49:01.205+0000] {processor.py:914} INFO - Processing file /home/airflow/.local/lib/python3.12/site-packages/airflow/example_dags/plugins/decreasing_priority_weight_strategy.py for tasks to queue
[2024-10-26T19:49:01.208+0000] {logging_mixin.py:190} INFO - [2024-10-26T19:49:01.207+0000] {dagbag.py:588} INFO - Filling up the DagBag from /home/airflow/.local/lib/python3.12/site-packages/airflow/example_dags/plugins/decreasing_priority_weight_strategy.py
[2024-10-26T19:49:01.210+0000] {processor.py:927} WARNING - No viable dags retrieved from /home/airflow/.local/lib/python3.12/site-packages/airflow/example_dags/plugins/decreasing_priority_weight_strategy.py
[2024-10-26T19:49:01.222+0000] {processor.py:208} INFO - Processing /home/airflow/.local/lib/python3.12/site-packages/airflow/example_dags/plugins/decreasing_priority_weight_strategy.py took 0.026 seconds
[2024-10-26T19:49:33.963+0000] {processor.py:186} INFO - Started process (PID=17789) to work on /home/airflow/.local/lib/python3.12/site-packages/airflow/example_dags/plugins/decreasing_priority_weight_strategy.py
[2024-10-26T19:49:33.964+0000] {processor.py:914} INFO - Processing file /home/airflow/.local/lib/python3.12/site-packages/airflow/example_dags/plugins/decreasing_priority_weight_strategy.py for tasks to queue
[2024-10-26T19:49:33.967+0000] {logging_mixin.py:190} INFO - [2024-10-26T19:49:33.966+0000] {dagbag.py:588} INFO - Filling up the DagBag from /home/airflow/.local/lib/python3.12/site-packages/airflow/example_dags/plugins/decreasing_priority_weight_strategy.py
[2024-10-26T19:49:33.968+0000] {processor.py:927} WARNING - No viable dags retrieved from /home/airflow/.local/lib/python3.12/site-packages/airflow/example_dags/plugins/decreasing_priority_weight_strategy.py
[2024-10-26T19:49:33.979+0000] {processor.py:208} INFO - Processing /home/airflow/.local/lib/python3.12/site-packages/airflow/example_dags/plugins/decreasing_priority_weight_strategy.py took 0.021 seconds
[2024-10-26T19:50:06.814+0000] {processor.py:186} INFO - Started process (PID=17853) to work on /home/airflow/.local/lib/python3.12/site-packages/airflow/example_dags/plugins/decreasing_priority_weight_strategy.py
[2024-10-26T19:50:06.815+0000] {processor.py:914} INFO - Processing file /home/airflow/.local/lib/python3.12/site-packages/airflow/example_dags/plugins/decreasing_priority_weight_strategy.py for tasks to queue
[2024-10-26T19:50:06.818+0000] {logging_mixin.py:190} INFO - [2024-10-26T19:50:06.818+0000] {dagbag.py:588} INFO - Filling up the DagBag from /home/airflow/.local/lib/python3.12/site-packages/airflow/example_dags/plugins/decreasing_priority_weight_strategy.py
[2024-10-26T19:50:06.820+0000] {processor.py:927} WARNING - No viable dags retrieved from /home/airflow/.local/lib/python3.12/site-packages/airflow/example_dags/plugins/decreasing_priority_weight_strategy.py
[2024-10-26T19:50:06.831+0000] {processor.py:208} INFO - Processing /home/airflow/.local/lib/python3.12/site-packages/airflow/example_dags/plugins/decreasing_priority_weight_strategy.py took 0.021 seconds
[2024-10-26T19:50:38.646+0000] {processor.py:186} INFO - Started process (PID=17917) to work on /home/airflow/.local/lib/python3.12/site-packages/airflow/example_dags/plugins/decreasing_priority_weight_strategy.py
[2024-10-26T19:50:38.648+0000] {processor.py:914} INFO - Processing file /home/airflow/.local/lib/python3.12/site-packages/airflow/example_dags/plugins/decreasing_priority_weight_strategy.py for tasks to queue
[2024-10-26T19:50:38.652+0000] {logging_mixin.py:190} INFO - [2024-10-26T19:50:38.651+0000] {dagbag.py:588} INFO - Filling up the DagBag from /home/airflow/.local/lib/python3.12/site-packages/airflow/example_dags/plugins/decreasing_priority_weight_strategy.py
[2024-10-26T19:50:38.655+0000] {processor.py:927} WARNING - No viable dags retrieved from /home/airflow/.local/lib/python3.12/site-packages/airflow/example_dags/plugins/decreasing_priority_weight_strategy.py
[2024-10-26T19:50:38.669+0000] {processor.py:208} INFO - Processing /home/airflow/.local/lib/python3.12/site-packages/airflow/example_dags/plugins/decreasing_priority_weight_strategy.py took 0.030 seconds
[2024-10-26T19:51:11.274+0000] {processor.py:186} INFO - Started process (PID=17981) to work on /home/airflow/.local/lib/python3.12/site-packages/airflow/example_dags/plugins/decreasing_priority_weight_strategy.py
[2024-10-26T19:51:11.275+0000] {processor.py:914} INFO - Processing file /home/airflow/.local/lib/python3.12/site-packages/airflow/example_dags/plugins/decreasing_priority_weight_strategy.py for tasks to queue
[2024-10-26T19:51:11.278+0000] {logging_mixin.py:190} INFO - [2024-10-26T19:51:11.277+0000] {dagbag.py:588} INFO - Filling up the DagBag from /home/airflow/.local/lib/python3.12/site-packages/airflow/example_dags/plugins/decreasing_priority_weight_strategy.py
[2024-10-26T19:51:11.279+0000] {processor.py:927} WARNING - No viable dags retrieved from /home/airflow/.local/lib/python3.12/site-packages/airflow/example_dags/plugins/decreasing_priority_weight_strategy.py
[2024-10-26T19:51:11.292+0000] {processor.py:208} INFO - Processing /home/airflow/.local/lib/python3.12/site-packages/airflow/example_dags/plugins/decreasing_priority_weight_strategy.py took 0.023 seconds
[2024-10-26T19:51:44.161+0000] {processor.py:186} INFO - Started process (PID=18045) to work on /home/airflow/.local/lib/python3.12/site-packages/airflow/example_dags/plugins/decreasing_priority_weight_strategy.py
[2024-10-26T19:51:44.162+0000] {processor.py:914} INFO - Processing file /home/airflow/.local/lib/python3.12/site-packages/airflow/example_dags/plugins/decreasing_priority_weight_strategy.py for tasks to queue
[2024-10-26T19:51:44.164+0000] {logging_mixin.py:190} INFO - [2024-10-26T19:51:44.164+0000] {dagbag.py:588} INFO - Filling up the DagBag from /home/airflow/.local/lib/python3.12/site-packages/airflow/example_dags/plugins/decreasing_priority_weight_strategy.py
[2024-10-26T19:51:44.167+0000] {processor.py:927} WARNING - No viable dags retrieved from /home/airflow/.local/lib/python3.12/site-packages/airflow/example_dags/plugins/decreasing_priority_weight_strategy.py
[2024-10-26T19:51:44.181+0000] {processor.py:208} INFO - Processing /home/airflow/.local/lib/python3.12/site-packages/airflow/example_dags/plugins/decreasing_priority_weight_strategy.py took 0.025 seconds
[2024-10-26T19:52:17.155+0000] {processor.py:186} INFO - Started process (PID=18109) to work on /home/airflow/.local/lib/python3.12/site-packages/airflow/example_dags/plugins/decreasing_priority_weight_strategy.py
[2024-10-26T19:52:17.156+0000] {processor.py:914} INFO - Processing file /home/airflow/.local/lib/python3.12/site-packages/airflow/example_dags/plugins/decreasing_priority_weight_strategy.py for tasks to queue
[2024-10-26T19:52:17.159+0000] {logging_mixin.py:190} INFO - [2024-10-26T19:52:17.159+0000] {dagbag.py:588} INFO - Filling up the DagBag from /home/airflow/.local/lib/python3.12/site-packages/airflow/example_dags/plugins/decreasing_priority_weight_strategy.py
[2024-10-26T19:52:17.163+0000] {processor.py:927} WARNING - No viable dags retrieved from /home/airflow/.local/lib/python3.12/site-packages/airflow/example_dags/plugins/decreasing_priority_weight_strategy.py
[2024-10-26T19:52:17.176+0000] {processor.py:208} INFO - Processing /home/airflow/.local/lib/python3.12/site-packages/airflow/example_dags/plugins/decreasing_priority_weight_strategy.py took 0.027 seconds
[2024-10-26T19:52:49.911+0000] {processor.py:186} INFO - Started process (PID=18173) to work on /home/airflow/.local/lib/python3.12/site-packages/airflow/example_dags/plugins/decreasing_priority_weight_strategy.py
[2024-10-26T19:52:49.912+0000] {processor.py:914} INFO - Processing file /home/airflow/.local/lib/python3.12/site-packages/airflow/example_dags/plugins/decreasing_priority_weight_strategy.py for tasks to queue
[2024-10-26T19:52:49.915+0000] {logging_mixin.py:190} INFO - [2024-10-26T19:52:49.915+0000] {dagbag.py:588} INFO - Filling up the DagBag from /home/airflow/.local/lib/python3.12/site-packages/airflow/example_dags/plugins/decreasing_priority_weight_strategy.py
[2024-10-26T19:52:49.917+0000] {processor.py:927} WARNING - No viable dags retrieved from /home/airflow/.local/lib/python3.12/site-packages/airflow/example_dags/plugins/decreasing_priority_weight_strategy.py
[2024-10-26T19:52:49.931+0000] {processor.py:208} INFO - Processing /home/airflow/.local/lib/python3.12/site-packages/airflow/example_dags/plugins/decreasing_priority_weight_strategy.py took 0.027 seconds
[2024-10-26T19:53:22.383+0000] {processor.py:186} INFO - Started process (PID=18237) to work on /home/airflow/.local/lib/python3.12/site-packages/airflow/example_dags/plugins/decreasing_priority_weight_strategy.py
[2024-10-26T19:53:22.384+0000] {processor.py:914} INFO - Processing file /home/airflow/.local/lib/python3.12/site-packages/airflow/example_dags/plugins/decreasing_priority_weight_strategy.py for tasks to queue
[2024-10-26T19:53:22.387+0000] {logging_mixin.py:190} INFO - [2024-10-26T19:53:22.387+0000] {dagbag.py:588} INFO - Filling up the DagBag from /home/airflow/.local/lib/python3.12/site-packages/airflow/example_dags/plugins/decreasing_priority_weight_strategy.py
[2024-10-26T19:53:22.389+0000] {processor.py:927} WARNING - No viable dags retrieved from /home/airflow/.local/lib/python3.12/site-packages/airflow/example_dags/plugins/decreasing_priority_weight_strategy.py
[2024-10-26T19:53:22.403+0000] {processor.py:208} INFO - Processing /home/airflow/.local/lib/python3.12/site-packages/airflow/example_dags/plugins/decreasing_priority_weight_strategy.py took 0.025 seconds
[2024-10-26T19:53:55.218+0000] {processor.py:186} INFO - Started process (PID=18301) to work on /home/airflow/.local/lib/python3.12/site-packages/airflow/example_dags/plugins/decreasing_priority_weight_strategy.py
[2024-10-26T19:53:55.219+0000] {processor.py:914} INFO - Processing file /home/airflow/.local/lib/python3.12/site-packages/airflow/example_dags/plugins/decreasing_priority_weight_strategy.py for tasks to queue
[2024-10-26T19:53:55.221+0000] {logging_mixin.py:190} INFO - [2024-10-26T19:53:55.221+0000] {dagbag.py:588} INFO - Filling up the DagBag from /home/airflow/.local/lib/python3.12/site-packages/airflow/example_dags/plugins/decreasing_priority_weight_strategy.py
[2024-10-26T19:53:55.223+0000] {processor.py:927} WARNING - No viable dags retrieved from /home/airflow/.local/lib/python3.12/site-packages/airflow/example_dags/plugins/decreasing_priority_weight_strategy.py
[2024-10-26T19:53:55.234+0000] {processor.py:208} INFO - Processing /home/airflow/.local/lib/python3.12/site-packages/airflow/example_dags/plugins/decreasing_priority_weight_strategy.py took 0.022 seconds
[2024-10-26T19:54:27.960+0000] {processor.py:186} INFO - Started process (PID=18365) to work on /home/airflow/.local/lib/python3.12/site-packages/airflow/example_dags/plugins/decreasing_priority_weight_strategy.py
[2024-10-26T19:54:27.961+0000] {processor.py:914} INFO - Processing file /home/airflow/.local/lib/python3.12/site-packages/airflow/example_dags/plugins/decreasing_priority_weight_strategy.py for tasks to queue
[2024-10-26T19:54:27.964+0000] {logging_mixin.py:190} INFO - [2024-10-26T19:54:27.964+0000] {dagbag.py:588} INFO - Filling up the DagBag from /home/airflow/.local/lib/python3.12/site-packages/airflow/example_dags/plugins/decreasing_priority_weight_strategy.py
[2024-10-26T19:54:27.966+0000] {processor.py:927} WARNING - No viable dags retrieved from /home/airflow/.local/lib/python3.12/site-packages/airflow/example_dags/plugins/decreasing_priority_weight_strategy.py
[2024-10-26T19:54:27.978+0000] {processor.py:208} INFO - Processing /home/airflow/.local/lib/python3.12/site-packages/airflow/example_dags/plugins/decreasing_priority_weight_strategy.py took 0.024 seconds
[2024-10-26T19:55:00.750+0000] {processor.py:186} INFO - Started process (PID=18429) to work on /home/airflow/.local/lib/python3.12/site-packages/airflow/example_dags/plugins/decreasing_priority_weight_strategy.py
[2024-10-26T19:55:00.751+0000] {processor.py:914} INFO - Processing file /home/airflow/.local/lib/python3.12/site-packages/airflow/example_dags/plugins/decreasing_priority_weight_strategy.py for tasks to queue
[2024-10-26T19:55:00.754+0000] {logging_mixin.py:190} INFO - [2024-10-26T19:55:00.753+0000] {dagbag.py:588} INFO - Filling up the DagBag from /home/airflow/.local/lib/python3.12/site-packages/airflow/example_dags/plugins/decreasing_priority_weight_strategy.py
[2024-10-26T19:55:00.756+0000] {processor.py:927} WARNING - No viable dags retrieved from /home/airflow/.local/lib/python3.12/site-packages/airflow/example_dags/plugins/decreasing_priority_weight_strategy.py
[2024-10-26T19:55:00.770+0000] {processor.py:208} INFO - Processing /home/airflow/.local/lib/python3.12/site-packages/airflow/example_dags/plugins/decreasing_priority_weight_strategy.py took 0.026 seconds
[2024-10-26T19:55:33.754+0000] {processor.py:186} INFO - Started process (PID=18493) to work on /home/airflow/.local/lib/python3.12/site-packages/airflow/example_dags/plugins/decreasing_priority_weight_strategy.py
[2024-10-26T19:55:33.756+0000] {processor.py:914} INFO - Processing file /home/airflow/.local/lib/python3.12/site-packages/airflow/example_dags/plugins/decreasing_priority_weight_strategy.py for tasks to queue
[2024-10-26T19:55:33.758+0000] {logging_mixin.py:190} INFO - [2024-10-26T19:55:33.758+0000] {dagbag.py:588} INFO - Filling up the DagBag from /home/airflow/.local/lib/python3.12/site-packages/airflow/example_dags/plugins/decreasing_priority_weight_strategy.py
[2024-10-26T19:55:33.760+0000] {processor.py:927} WARNING - No viable dags retrieved from /home/airflow/.local/lib/python3.12/site-packages/airflow/example_dags/plugins/decreasing_priority_weight_strategy.py
[2024-10-26T19:55:33.772+0000] {processor.py:208} INFO - Processing /home/airflow/.local/lib/python3.12/site-packages/airflow/example_dags/plugins/decreasing_priority_weight_strategy.py took 0.024 seconds
[2024-10-26T19:56:06.638+0000] {processor.py:186} INFO - Started process (PID=18557) to work on /home/airflow/.local/lib/python3.12/site-packages/airflow/example_dags/plugins/decreasing_priority_weight_strategy.py
[2024-10-26T19:56:06.639+0000] {processor.py:914} INFO - Processing file /home/airflow/.local/lib/python3.12/site-packages/airflow/example_dags/plugins/decreasing_priority_weight_strategy.py for tasks to queue
[2024-10-26T19:56:06.642+0000] {logging_mixin.py:190} INFO - [2024-10-26T19:56:06.642+0000] {dagbag.py:588} INFO - Filling up the DagBag from /home/airflow/.local/lib/python3.12/site-packages/airflow/example_dags/plugins/decreasing_priority_weight_strategy.py
[2024-10-26T19:56:06.645+0000] {processor.py:927} WARNING - No viable dags retrieved from /home/airflow/.local/lib/python3.12/site-packages/airflow/example_dags/plugins/decreasing_priority_weight_strategy.py
[2024-10-26T19:56:06.659+0000] {processor.py:208} INFO - Processing /home/airflow/.local/lib/python3.12/site-packages/airflow/example_dags/plugins/decreasing_priority_weight_strategy.py took 0.027 seconds
[2024-10-26T19:56:39.264+0000] {processor.py:186} INFO - Started process (PID=18621) to work on /home/airflow/.local/lib/python3.12/site-packages/airflow/example_dags/plugins/decreasing_priority_weight_strategy.py
[2024-10-26T19:56:39.265+0000] {processor.py:914} INFO - Processing file /home/airflow/.local/lib/python3.12/site-packages/airflow/example_dags/plugins/decreasing_priority_weight_strategy.py for tasks to queue
[2024-10-26T19:56:39.267+0000] {logging_mixin.py:190} INFO - [2024-10-26T19:56:39.267+0000] {dagbag.py:588} INFO - Filling up the DagBag from /home/airflow/.local/lib/python3.12/site-packages/airflow/example_dags/plugins/decreasing_priority_weight_strategy.py
[2024-10-26T19:56:39.269+0000] {processor.py:927} WARNING - No viable dags retrieved from /home/airflow/.local/lib/python3.12/site-packages/airflow/example_dags/plugins/decreasing_priority_weight_strategy.py
[2024-10-26T19:56:39.282+0000] {processor.py:208} INFO - Processing /home/airflow/.local/lib/python3.12/site-packages/airflow/example_dags/plugins/decreasing_priority_weight_strategy.py took 0.023 seconds
[2024-10-26T19:57:11.924+0000] {processor.py:186} INFO - Started process (PID=18685) to work on /home/airflow/.local/lib/python3.12/site-packages/airflow/example_dags/plugins/decreasing_priority_weight_strategy.py
[2024-10-26T19:57:11.925+0000] {processor.py:914} INFO - Processing file /home/airflow/.local/lib/python3.12/site-packages/airflow/example_dags/plugins/decreasing_priority_weight_strategy.py for tasks to queue
[2024-10-26T19:57:11.928+0000] {logging_mixin.py:190} INFO - [2024-10-26T19:57:11.927+0000] {dagbag.py:588} INFO - Filling up the DagBag from /home/airflow/.local/lib/python3.12/site-packages/airflow/example_dags/plugins/decreasing_priority_weight_strategy.py
[2024-10-26T19:57:11.930+0000] {processor.py:927} WARNING - No viable dags retrieved from /home/airflow/.local/lib/python3.12/site-packages/airflow/example_dags/plugins/decreasing_priority_weight_strategy.py
[2024-10-26T19:57:11.943+0000] {processor.py:208} INFO - Processing /home/airflow/.local/lib/python3.12/site-packages/airflow/example_dags/plugins/decreasing_priority_weight_strategy.py took 0.026 seconds
[2024-10-26T19:57:44.618+0000] {processor.py:186} INFO - Started process (PID=18749) to work on /home/airflow/.local/lib/python3.12/site-packages/airflow/example_dags/plugins/decreasing_priority_weight_strategy.py
[2024-10-26T19:57:44.620+0000] {processor.py:914} INFO - Processing file /home/airflow/.local/lib/python3.12/site-packages/airflow/example_dags/plugins/decreasing_priority_weight_strategy.py for tasks to queue
[2024-10-26T19:57:44.622+0000] {logging_mixin.py:190} INFO - [2024-10-26T19:57:44.622+0000] {dagbag.py:588} INFO - Filling up the DagBag from /home/airflow/.local/lib/python3.12/site-packages/airflow/example_dags/plugins/decreasing_priority_weight_strategy.py
[2024-10-26T19:57:44.625+0000] {processor.py:927} WARNING - No viable dags retrieved from /home/airflow/.local/lib/python3.12/site-packages/airflow/example_dags/plugins/decreasing_priority_weight_strategy.py
[2024-10-26T19:57:44.637+0000] {processor.py:208} INFO - Processing /home/airflow/.local/lib/python3.12/site-packages/airflow/example_dags/plugins/decreasing_priority_weight_strategy.py took 0.024 seconds
[2024-10-26T19:58:17.484+0000] {processor.py:186} INFO - Started process (PID=18813) to work on /home/airflow/.local/lib/python3.12/site-packages/airflow/example_dags/plugins/decreasing_priority_weight_strategy.py
[2024-10-26T19:58:17.485+0000] {processor.py:914} INFO - Processing file /home/airflow/.local/lib/python3.12/site-packages/airflow/example_dags/plugins/decreasing_priority_weight_strategy.py for tasks to queue
[2024-10-26T19:58:17.488+0000] {logging_mixin.py:190} INFO - [2024-10-26T19:58:17.487+0000] {dagbag.py:588} INFO - Filling up the DagBag from /home/airflow/.local/lib/python3.12/site-packages/airflow/example_dags/plugins/decreasing_priority_weight_strategy.py
[2024-10-26T19:58:17.490+0000] {processor.py:927} WARNING - No viable dags retrieved from /home/airflow/.local/lib/python3.12/site-packages/airflow/example_dags/plugins/decreasing_priority_weight_strategy.py
[2024-10-26T19:58:17.501+0000] {processor.py:208} INFO - Processing /home/airflow/.local/lib/python3.12/site-packages/airflow/example_dags/plugins/decreasing_priority_weight_strategy.py took 0.023 seconds
[2024-10-26T19:58:50.326+0000] {processor.py:186} INFO - Started process (PID=18877) to work on /home/airflow/.local/lib/python3.12/site-packages/airflow/example_dags/plugins/decreasing_priority_weight_strategy.py
[2024-10-26T19:58:50.327+0000] {processor.py:914} INFO - Processing file /home/airflow/.local/lib/python3.12/site-packages/airflow/example_dags/plugins/decreasing_priority_weight_strategy.py for tasks to queue
[2024-10-26T19:58:50.330+0000] {logging_mixin.py:190} INFO - [2024-10-26T19:58:50.330+0000] {dagbag.py:588} INFO - Filling up the DagBag from /home/airflow/.local/lib/python3.12/site-packages/airflow/example_dags/plugins/decreasing_priority_weight_strategy.py
[2024-10-26T19:58:50.334+0000] {processor.py:927} WARNING - No viable dags retrieved from /home/airflow/.local/lib/python3.12/site-packages/airflow/example_dags/plugins/decreasing_priority_weight_strategy.py
[2024-10-26T19:58:50.349+0000] {processor.py:208} INFO - Processing /home/airflow/.local/lib/python3.12/site-packages/airflow/example_dags/plugins/decreasing_priority_weight_strategy.py took 0.031 seconds
[2024-10-26T19:59:24.304+0000] {processor.py:186} INFO - Started process (PID=18941) to work on /home/airflow/.local/lib/python3.12/site-packages/airflow/example_dags/plugins/decreasing_priority_weight_strategy.py
[2024-10-26T19:59:24.305+0000] {processor.py:914} INFO - Processing file /home/airflow/.local/lib/python3.12/site-packages/airflow/example_dags/plugins/decreasing_priority_weight_strategy.py for tasks to queue
[2024-10-26T19:59:24.308+0000] {logging_mixin.py:190} INFO - [2024-10-26T19:59:24.307+0000] {dagbag.py:588} INFO - Filling up the DagBag from /home/airflow/.local/lib/python3.12/site-packages/airflow/example_dags/plugins/decreasing_priority_weight_strategy.py
[2024-10-26T19:59:24.310+0000] {processor.py:927} WARNING - No viable dags retrieved from /home/airflow/.local/lib/python3.12/site-packages/airflow/example_dags/plugins/decreasing_priority_weight_strategy.py
[2024-10-26T19:59:24.327+0000] {processor.py:208} INFO - Processing /home/airflow/.local/lib/python3.12/site-packages/airflow/example_dags/plugins/decreasing_priority_weight_strategy.py took 0.030 seconds
[2024-10-26T19:59:55.707+0000] {processor.py:186} INFO - Started process (PID=19005) to work on /home/airflow/.local/lib/python3.12/site-packages/airflow/example_dags/plugins/decreasing_priority_weight_strategy.py
[2024-10-26T19:59:55.708+0000] {processor.py:914} INFO - Processing file /home/airflow/.local/lib/python3.12/site-packages/airflow/example_dags/plugins/decreasing_priority_weight_strategy.py for tasks to queue
[2024-10-26T19:59:55.712+0000] {logging_mixin.py:190} INFO - [2024-10-26T19:59:55.712+0000] {dagbag.py:588} INFO - Filling up the DagBag from /home/airflow/.local/lib/python3.12/site-packages/airflow/example_dags/plugins/decreasing_priority_weight_strategy.py
[2024-10-26T19:59:55.714+0000] {processor.py:927} WARNING - No viable dags retrieved from /home/airflow/.local/lib/python3.12/site-packages/airflow/example_dags/plugins/decreasing_priority_weight_strategy.py
[2024-10-26T19:59:55.729+0000] {processor.py:208} INFO - Processing /home/airflow/.local/lib/python3.12/site-packages/airflow/example_dags/plugins/decreasing_priority_weight_strategy.py took 0.028 seconds
[2024-10-26T20:00:29.089+0000] {processor.py:186} INFO - Started process (PID=19069) to work on /home/airflow/.local/lib/python3.12/site-packages/airflow/example_dags/plugins/decreasing_priority_weight_strategy.py
[2024-10-26T20:00:29.090+0000] {processor.py:914} INFO - Processing file /home/airflow/.local/lib/python3.12/site-packages/airflow/example_dags/plugins/decreasing_priority_weight_strategy.py for tasks to queue
[2024-10-26T20:00:29.092+0000] {logging_mixin.py:190} INFO - [2024-10-26T20:00:29.092+0000] {dagbag.py:588} INFO - Filling up the DagBag from /home/airflow/.local/lib/python3.12/site-packages/airflow/example_dags/plugins/decreasing_priority_weight_strategy.py
[2024-10-26T20:00:29.094+0000] {processor.py:927} WARNING - No viable dags retrieved from /home/airflow/.local/lib/python3.12/site-packages/airflow/example_dags/plugins/decreasing_priority_weight_strategy.py
[2024-10-26T20:00:29.110+0000] {processor.py:208} INFO - Processing /home/airflow/.local/lib/python3.12/site-packages/airflow/example_dags/plugins/decreasing_priority_weight_strategy.py took 0.029 seconds
[2024-10-26T20:01:02.164+0000] {processor.py:186} INFO - Started process (PID=19133) to work on /home/airflow/.local/lib/python3.12/site-packages/airflow/example_dags/plugins/decreasing_priority_weight_strategy.py
[2024-10-26T20:01:02.166+0000] {processor.py:914} INFO - Processing file /home/airflow/.local/lib/python3.12/site-packages/airflow/example_dags/plugins/decreasing_priority_weight_strategy.py for tasks to queue
[2024-10-26T20:01:02.174+0000] {logging_mixin.py:190} INFO - [2024-10-26T20:01:02.173+0000] {dagbag.py:588} INFO - Filling up the DagBag from /home/airflow/.local/lib/python3.12/site-packages/airflow/example_dags/plugins/decreasing_priority_weight_strategy.py
[2024-10-26T20:01:02.178+0000] {processor.py:927} WARNING - No viable dags retrieved from /home/airflow/.local/lib/python3.12/site-packages/airflow/example_dags/plugins/decreasing_priority_weight_strategy.py
[2024-10-26T20:01:02.200+0000] {processor.py:208} INFO - Processing /home/airflow/.local/lib/python3.12/site-packages/airflow/example_dags/plugins/decreasing_priority_weight_strategy.py took 0.049 seconds
[2024-10-26T20:01:34.370+0000] {processor.py:186} INFO - Started process (PID=19197) to work on /home/airflow/.local/lib/python3.12/site-packages/airflow/example_dags/plugins/decreasing_priority_weight_strategy.py
[2024-10-26T20:01:34.371+0000] {processor.py:914} INFO - Processing file /home/airflow/.local/lib/python3.12/site-packages/airflow/example_dags/plugins/decreasing_priority_weight_strategy.py for tasks to queue
[2024-10-26T20:01:34.374+0000] {logging_mixin.py:190} INFO - [2024-10-26T20:01:34.374+0000] {dagbag.py:588} INFO - Filling up the DagBag from /home/airflow/.local/lib/python3.12/site-packages/airflow/example_dags/plugins/decreasing_priority_weight_strategy.py
[2024-10-26T20:01:34.376+0000] {processor.py:927} WARNING - No viable dags retrieved from /home/airflow/.local/lib/python3.12/site-packages/airflow/example_dags/plugins/decreasing_priority_weight_strategy.py
[2024-10-26T20:01:34.392+0000] {processor.py:208} INFO - Processing /home/airflow/.local/lib/python3.12/site-packages/airflow/example_dags/plugins/decreasing_priority_weight_strategy.py took 0.028 seconds
[2024-10-26T20:02:06.586+0000] {processor.py:186} INFO - Started process (PID=19261) to work on /home/airflow/.local/lib/python3.12/site-packages/airflow/example_dags/plugins/decreasing_priority_weight_strategy.py
[2024-10-26T20:02:06.587+0000] {processor.py:914} INFO - Processing file /home/airflow/.local/lib/python3.12/site-packages/airflow/example_dags/plugins/decreasing_priority_weight_strategy.py for tasks to queue
[2024-10-26T20:02:06.589+0000] {logging_mixin.py:190} INFO - [2024-10-26T20:02:06.589+0000] {dagbag.py:588} INFO - Filling up the DagBag from /home/airflow/.local/lib/python3.12/site-packages/airflow/example_dags/plugins/decreasing_priority_weight_strategy.py
[2024-10-26T20:02:06.591+0000] {processor.py:927} WARNING - No viable dags retrieved from /home/airflow/.local/lib/python3.12/site-packages/airflow/example_dags/plugins/decreasing_priority_weight_strategy.py
[2024-10-26T20:02:06.609+0000] {processor.py:208} INFO - Processing /home/airflow/.local/lib/python3.12/site-packages/airflow/example_dags/plugins/decreasing_priority_weight_strategy.py took 0.029 seconds
[2024-10-26T20:02:39.885+0000] {processor.py:186} INFO - Started process (PID=19325) to work on /home/airflow/.local/lib/python3.12/site-packages/airflow/example_dags/plugins/decreasing_priority_weight_strategy.py
[2024-10-26T20:02:39.886+0000] {processor.py:914} INFO - Processing file /home/airflow/.local/lib/python3.12/site-packages/airflow/example_dags/plugins/decreasing_priority_weight_strategy.py for tasks to queue
[2024-10-26T20:02:39.888+0000] {logging_mixin.py:190} INFO - [2024-10-26T20:02:39.888+0000] {dagbag.py:588} INFO - Filling up the DagBag from /home/airflow/.local/lib/python3.12/site-packages/airflow/example_dags/plugins/decreasing_priority_weight_strategy.py
[2024-10-26T20:02:39.890+0000] {processor.py:927} WARNING - No viable dags retrieved from /home/airflow/.local/lib/python3.12/site-packages/airflow/example_dags/plugins/decreasing_priority_weight_strategy.py
[2024-10-26T20:02:39.903+0000] {processor.py:208} INFO - Processing /home/airflow/.local/lib/python3.12/site-packages/airflow/example_dags/plugins/decreasing_priority_weight_strategy.py took 0.028 seconds
[2024-10-26T20:03:12.245+0000] {processor.py:186} INFO - Started process (PID=19389) to work on /home/airflow/.local/lib/python3.12/site-packages/airflow/example_dags/plugins/decreasing_priority_weight_strategy.py
[2024-10-26T20:03:12.246+0000] {processor.py:914} INFO - Processing file /home/airflow/.local/lib/python3.12/site-packages/airflow/example_dags/plugins/decreasing_priority_weight_strategy.py for tasks to queue
[2024-10-26T20:03:12.249+0000] {logging_mixin.py:190} INFO - [2024-10-26T20:03:12.249+0000] {dagbag.py:588} INFO - Filling up the DagBag from /home/airflow/.local/lib/python3.12/site-packages/airflow/example_dags/plugins/decreasing_priority_weight_strategy.py
[2024-10-26T20:03:12.252+0000] {processor.py:927} WARNING - No viable dags retrieved from /home/airflow/.local/lib/python3.12/site-packages/airflow/example_dags/plugins/decreasing_priority_weight_strategy.py
[2024-10-26T20:03:12.264+0000] {processor.py:208} INFO - Processing /home/airflow/.local/lib/python3.12/site-packages/airflow/example_dags/plugins/decreasing_priority_weight_strategy.py took 0.025 seconds
[2024-10-26T20:03:45.462+0000] {processor.py:186} INFO - Started process (PID=19453) to work on /home/airflow/.local/lib/python3.12/site-packages/airflow/example_dags/plugins/decreasing_priority_weight_strategy.py
[2024-10-26T20:03:45.463+0000] {processor.py:914} INFO - Processing file /home/airflow/.local/lib/python3.12/site-packages/airflow/example_dags/plugins/decreasing_priority_weight_strategy.py for tasks to queue
[2024-10-26T20:03:45.467+0000] {logging_mixin.py:190} INFO - [2024-10-26T20:03:45.466+0000] {dagbag.py:588} INFO - Filling up the DagBag from /home/airflow/.local/lib/python3.12/site-packages/airflow/example_dags/plugins/decreasing_priority_weight_strategy.py
[2024-10-26T20:03:45.471+0000] {processor.py:927} WARNING - No viable dags retrieved from /home/airflow/.local/lib/python3.12/site-packages/airflow/example_dags/plugins/decreasing_priority_weight_strategy.py
[2024-10-26T20:03:45.483+0000] {processor.py:208} INFO - Processing /home/airflow/.local/lib/python3.12/site-packages/airflow/example_dags/plugins/decreasing_priority_weight_strategy.py took 0.026 seconds
[2024-10-26T20:04:17.679+0000] {processor.py:186} INFO - Started process (PID=19517) to work on /home/airflow/.local/lib/python3.12/site-packages/airflow/example_dags/plugins/decreasing_priority_weight_strategy.py
[2024-10-26T20:04:17.680+0000] {processor.py:914} INFO - Processing file /home/airflow/.local/lib/python3.12/site-packages/airflow/example_dags/plugins/decreasing_priority_weight_strategy.py for tasks to queue
[2024-10-26T20:04:17.682+0000] {logging_mixin.py:190} INFO - [2024-10-26T20:04:17.682+0000] {dagbag.py:588} INFO - Filling up the DagBag from /home/airflow/.local/lib/python3.12/site-packages/airflow/example_dags/plugins/decreasing_priority_weight_strategy.py
[2024-10-26T20:04:17.685+0000] {processor.py:927} WARNING - No viable dags retrieved from /home/airflow/.local/lib/python3.12/site-packages/airflow/example_dags/plugins/decreasing_priority_weight_strategy.py
[2024-10-26T20:04:17.697+0000] {processor.py:208} INFO - Processing /home/airflow/.local/lib/python3.12/site-packages/airflow/example_dags/plugins/decreasing_priority_weight_strategy.py took 0.024 seconds
[2024-10-26T20:04:50.939+0000] {processor.py:186} INFO - Started process (PID=19581) to work on /home/airflow/.local/lib/python3.12/site-packages/airflow/example_dags/plugins/decreasing_priority_weight_strategy.py
[2024-10-26T20:04:50.940+0000] {processor.py:914} INFO - Processing file /home/airflow/.local/lib/python3.12/site-packages/airflow/example_dags/plugins/decreasing_priority_weight_strategy.py for tasks to queue
[2024-10-26T20:04:50.942+0000] {logging_mixin.py:190} INFO - [2024-10-26T20:04:50.942+0000] {dagbag.py:588} INFO - Filling up the DagBag from /home/airflow/.local/lib/python3.12/site-packages/airflow/example_dags/plugins/decreasing_priority_weight_strategy.py
[2024-10-26T20:04:50.945+0000] {processor.py:927} WARNING - No viable dags retrieved from /home/airflow/.local/lib/python3.12/site-packages/airflow/example_dags/plugins/decreasing_priority_weight_strategy.py
[2024-10-26T20:04:50.957+0000] {processor.py:208} INFO - Processing /home/airflow/.local/lib/python3.12/site-packages/airflow/example_dags/plugins/decreasing_priority_weight_strategy.py took 0.024 seconds
[2024-10-26T20:05:23.479+0000] {processor.py:186} INFO - Started process (PID=19645) to work on /home/airflow/.local/lib/python3.12/site-packages/airflow/example_dags/plugins/decreasing_priority_weight_strategy.py
[2024-10-26T20:05:23.480+0000] {processor.py:914} INFO - Processing file /home/airflow/.local/lib/python3.12/site-packages/airflow/example_dags/plugins/decreasing_priority_weight_strategy.py for tasks to queue
[2024-10-26T20:05:23.484+0000] {logging_mixin.py:190} INFO - [2024-10-26T20:05:23.484+0000] {dagbag.py:588} INFO - Filling up the DagBag from /home/airflow/.local/lib/python3.12/site-packages/airflow/example_dags/plugins/decreasing_priority_weight_strategy.py
[2024-10-26T20:05:23.487+0000] {processor.py:927} WARNING - No viable dags retrieved from /home/airflow/.local/lib/python3.12/site-packages/airflow/example_dags/plugins/decreasing_priority_weight_strategy.py
[2024-10-26T20:05:23.500+0000] {processor.py:208} INFO - Processing /home/airflow/.local/lib/python3.12/site-packages/airflow/example_dags/plugins/decreasing_priority_weight_strategy.py took 0.028 seconds
[2024-10-26T20:05:55.659+0000] {processor.py:186} INFO - Started process (PID=19709) to work on /home/airflow/.local/lib/python3.12/site-packages/airflow/example_dags/plugins/decreasing_priority_weight_strategy.py
[2024-10-26T20:05:55.660+0000] {processor.py:914} INFO - Processing file /home/airflow/.local/lib/python3.12/site-packages/airflow/example_dags/plugins/decreasing_priority_weight_strategy.py for tasks to queue
[2024-10-26T20:05:55.664+0000] {logging_mixin.py:190} INFO - [2024-10-26T20:05:55.663+0000] {dagbag.py:588} INFO - Filling up the DagBag from /home/airflow/.local/lib/python3.12/site-packages/airflow/example_dags/plugins/decreasing_priority_weight_strategy.py
[2024-10-26T20:05:55.670+0000] {processor.py:927} WARNING - No viable dags retrieved from /home/airflow/.local/lib/python3.12/site-packages/airflow/example_dags/plugins/decreasing_priority_weight_strategy.py
[2024-10-26T20:05:55.687+0000] {processor.py:208} INFO - Processing /home/airflow/.local/lib/python3.12/site-packages/airflow/example_dags/plugins/decreasing_priority_weight_strategy.py took 0.036 seconds
[2024-10-26T20:06:28.818+0000] {processor.py:186} INFO - Started process (PID=19773) to work on /home/airflow/.local/lib/python3.12/site-packages/airflow/example_dags/plugins/decreasing_priority_weight_strategy.py
[2024-10-26T20:06:28.819+0000] {processor.py:914} INFO - Processing file /home/airflow/.local/lib/python3.12/site-packages/airflow/example_dags/plugins/decreasing_priority_weight_strategy.py for tasks to queue
[2024-10-26T20:06:28.822+0000] {logging_mixin.py:190} INFO - [2024-10-26T20:06:28.822+0000] {dagbag.py:588} INFO - Filling up the DagBag from /home/airflow/.local/lib/python3.12/site-packages/airflow/example_dags/plugins/decreasing_priority_weight_strategy.py
[2024-10-26T20:06:28.826+0000] {processor.py:927} WARNING - No viable dags retrieved from /home/airflow/.local/lib/python3.12/site-packages/airflow/example_dags/plugins/decreasing_priority_weight_strategy.py
[2024-10-26T20:06:28.841+0000] {processor.py:208} INFO - Processing /home/airflow/.local/lib/python3.12/site-packages/airflow/example_dags/plugins/decreasing_priority_weight_strategy.py took 0.030 seconds
[2024-10-26T20:07:00.813+0000] {processor.py:186} INFO - Started process (PID=19837) to work on /home/airflow/.local/lib/python3.12/site-packages/airflow/example_dags/plugins/decreasing_priority_weight_strategy.py
[2024-10-26T20:07:00.815+0000] {processor.py:914} INFO - Processing file /home/airflow/.local/lib/python3.12/site-packages/airflow/example_dags/plugins/decreasing_priority_weight_strategy.py for tasks to queue
[2024-10-26T20:07:00.817+0000] {logging_mixin.py:190} INFO - [2024-10-26T20:07:00.817+0000] {dagbag.py:588} INFO - Filling up the DagBag from /home/airflow/.local/lib/python3.12/site-packages/airflow/example_dags/plugins/decreasing_priority_weight_strategy.py
[2024-10-26T20:07:00.820+0000] {processor.py:927} WARNING - No viable dags retrieved from /home/airflow/.local/lib/python3.12/site-packages/airflow/example_dags/plugins/decreasing_priority_weight_strategy.py
[2024-10-26T20:07:00.836+0000] {processor.py:208} INFO - Processing /home/airflow/.local/lib/python3.12/site-packages/airflow/example_dags/plugins/decreasing_priority_weight_strategy.py took 0.031 seconds
[2024-10-26T20:07:33.865+0000] {processor.py:186} INFO - Started process (PID=19901) to work on /home/airflow/.local/lib/python3.12/site-packages/airflow/example_dags/plugins/decreasing_priority_weight_strategy.py
[2024-10-26T20:07:33.866+0000] {processor.py:914} INFO - Processing file /home/airflow/.local/lib/python3.12/site-packages/airflow/example_dags/plugins/decreasing_priority_weight_strategy.py for tasks to queue
[2024-10-26T20:07:33.870+0000] {logging_mixin.py:190} INFO - [2024-10-26T20:07:33.869+0000] {dagbag.py:588} INFO - Filling up the DagBag from /home/airflow/.local/lib/python3.12/site-packages/airflow/example_dags/plugins/decreasing_priority_weight_strategy.py
[2024-10-26T20:07:33.872+0000] {processor.py:927} WARNING - No viable dags retrieved from /home/airflow/.local/lib/python3.12/site-packages/airflow/example_dags/plugins/decreasing_priority_weight_strategy.py
[2024-10-26T20:07:33.889+0000] {processor.py:208} INFO - Processing /home/airflow/.local/lib/python3.12/site-packages/airflow/example_dags/plugins/decreasing_priority_weight_strategy.py took 0.033 seconds
[2024-10-26T20:08:07.106+0000] {processor.py:186} INFO - Started process (PID=19965) to work on /home/airflow/.local/lib/python3.12/site-packages/airflow/example_dags/plugins/decreasing_priority_weight_strategy.py
[2024-10-26T20:08:07.108+0000] {processor.py:914} INFO - Processing file /home/airflow/.local/lib/python3.12/site-packages/airflow/example_dags/plugins/decreasing_priority_weight_strategy.py for tasks to queue
[2024-10-26T20:08:07.112+0000] {logging_mixin.py:190} INFO - [2024-10-26T20:08:07.112+0000] {dagbag.py:588} INFO - Filling up the DagBag from /home/airflow/.local/lib/python3.12/site-packages/airflow/example_dags/plugins/decreasing_priority_weight_strategy.py
[2024-10-26T20:08:07.115+0000] {processor.py:927} WARNING - No viable dags retrieved from /home/airflow/.local/lib/python3.12/site-packages/airflow/example_dags/plugins/decreasing_priority_weight_strategy.py
[2024-10-26T20:08:07.133+0000] {processor.py:208} INFO - Processing /home/airflow/.local/lib/python3.12/site-packages/airflow/example_dags/plugins/decreasing_priority_weight_strategy.py took 0.036 seconds
[2024-10-26T20:08:38.967+0000] {processor.py:186} INFO - Started process (PID=20029) to work on /home/airflow/.local/lib/python3.12/site-packages/airflow/example_dags/plugins/decreasing_priority_weight_strategy.py
[2024-10-26T20:08:38.968+0000] {processor.py:914} INFO - Processing file /home/airflow/.local/lib/python3.12/site-packages/airflow/example_dags/plugins/decreasing_priority_weight_strategy.py for tasks to queue
[2024-10-26T20:08:38.970+0000] {logging_mixin.py:190} INFO - [2024-10-26T20:08:38.970+0000] {dagbag.py:588} INFO - Filling up the DagBag from /home/airflow/.local/lib/python3.12/site-packages/airflow/example_dags/plugins/decreasing_priority_weight_strategy.py
[2024-10-26T20:08:38.972+0000] {processor.py:927} WARNING - No viable dags retrieved from /home/airflow/.local/lib/python3.12/site-packages/airflow/example_dags/plugins/decreasing_priority_weight_strategy.py
[2024-10-26T20:08:38.986+0000] {processor.py:208} INFO - Processing /home/airflow/.local/lib/python3.12/site-packages/airflow/example_dags/plugins/decreasing_priority_weight_strategy.py took 0.027 seconds
[2024-10-26T20:09:11.875+0000] {processor.py:186} INFO - Started process (PID=20093) to work on /home/airflow/.local/lib/python3.12/site-packages/airflow/example_dags/plugins/decreasing_priority_weight_strategy.py
[2024-10-26T20:09:11.876+0000] {processor.py:914} INFO - Processing file /home/airflow/.local/lib/python3.12/site-packages/airflow/example_dags/plugins/decreasing_priority_weight_strategy.py for tasks to queue
[2024-10-26T20:09:11.879+0000] {logging_mixin.py:190} INFO - [2024-10-26T20:09:11.878+0000] {dagbag.py:588} INFO - Filling up the DagBag from /home/airflow/.local/lib/python3.12/site-packages/airflow/example_dags/plugins/decreasing_priority_weight_strategy.py
[2024-10-26T20:09:11.891+0000] {processor.py:927} WARNING - No viable dags retrieved from /home/airflow/.local/lib/python3.12/site-packages/airflow/example_dags/plugins/decreasing_priority_weight_strategy.py
[2024-10-26T20:09:11.917+0000] {processor.py:208} INFO - Processing /home/airflow/.local/lib/python3.12/site-packages/airflow/example_dags/plugins/decreasing_priority_weight_strategy.py took 0.050 seconds
[2024-10-26T20:09:45.697+0000] {processor.py:186} INFO - Started process (PID=20157) to work on /home/airflow/.local/lib/python3.12/site-packages/airflow/example_dags/plugins/decreasing_priority_weight_strategy.py
[2024-10-26T20:09:45.699+0000] {processor.py:914} INFO - Processing file /home/airflow/.local/lib/python3.12/site-packages/airflow/example_dags/plugins/decreasing_priority_weight_strategy.py for tasks to queue
[2024-10-26T20:09:45.701+0000] {logging_mixin.py:190} INFO - [2024-10-26T20:09:45.701+0000] {dagbag.py:588} INFO - Filling up the DagBag from /home/airflow/.local/lib/python3.12/site-packages/airflow/example_dags/plugins/decreasing_priority_weight_strategy.py
[2024-10-26T20:09:45.704+0000] {processor.py:927} WARNING - No viable dags retrieved from /home/airflow/.local/lib/python3.12/site-packages/airflow/example_dags/plugins/decreasing_priority_weight_strategy.py
[2024-10-26T20:09:45.720+0000] {processor.py:208} INFO - Processing /home/airflow/.local/lib/python3.12/site-packages/airflow/example_dags/plugins/decreasing_priority_weight_strategy.py took 0.027 seconds
[2024-10-26T20:10:17.905+0000] {processor.py:186} INFO - Started process (PID=20221) to work on /home/airflow/.local/lib/python3.12/site-packages/airflow/example_dags/plugins/decreasing_priority_weight_strategy.py
[2024-10-26T20:10:17.906+0000] {processor.py:914} INFO - Processing file /home/airflow/.local/lib/python3.12/site-packages/airflow/example_dags/plugins/decreasing_priority_weight_strategy.py for tasks to queue
[2024-10-26T20:10:17.908+0000] {logging_mixin.py:190} INFO - [2024-10-26T20:10:17.908+0000] {dagbag.py:588} INFO - Filling up the DagBag from /home/airflow/.local/lib/python3.12/site-packages/airflow/example_dags/plugins/decreasing_priority_weight_strategy.py
[2024-10-26T20:10:17.910+0000] {processor.py:927} WARNING - No viable dags retrieved from /home/airflow/.local/lib/python3.12/site-packages/airflow/example_dags/plugins/decreasing_priority_weight_strategy.py
[2024-10-26T20:10:17.921+0000] {processor.py:208} INFO - Processing /home/airflow/.local/lib/python3.12/site-packages/airflow/example_dags/plugins/decreasing_priority_weight_strategy.py took 0.023 seconds
[2024-10-26T20:10:50.418+0000] {processor.py:186} INFO - Started process (PID=20285) to work on /home/airflow/.local/lib/python3.12/site-packages/airflow/example_dags/plugins/decreasing_priority_weight_strategy.py
[2024-10-26T20:10:50.419+0000] {processor.py:914} INFO - Processing file /home/airflow/.local/lib/python3.12/site-packages/airflow/example_dags/plugins/decreasing_priority_weight_strategy.py for tasks to queue
[2024-10-26T20:10:50.421+0000] {logging_mixin.py:190} INFO - [2024-10-26T20:10:50.420+0000] {dagbag.py:588} INFO - Filling up the DagBag from /home/airflow/.local/lib/python3.12/site-packages/airflow/example_dags/plugins/decreasing_priority_weight_strategy.py
[2024-10-26T20:10:50.423+0000] {processor.py:927} WARNING - No viable dags retrieved from /home/airflow/.local/lib/python3.12/site-packages/airflow/example_dags/plugins/decreasing_priority_weight_strategy.py
[2024-10-26T20:10:50.436+0000] {processor.py:208} INFO - Processing /home/airflow/.local/lib/python3.12/site-packages/airflow/example_dags/plugins/decreasing_priority_weight_strategy.py took 0.024 seconds
[2024-10-26T20:11:23.899+0000] {processor.py:186} INFO - Started process (PID=20349) to work on /home/airflow/.local/lib/python3.12/site-packages/airflow/example_dags/plugins/decreasing_priority_weight_strategy.py
[2024-10-26T20:11:23.900+0000] {processor.py:914} INFO - Processing file /home/airflow/.local/lib/python3.12/site-packages/airflow/example_dags/plugins/decreasing_priority_weight_strategy.py for tasks to queue
[2024-10-26T20:11:23.903+0000] {logging_mixin.py:190} INFO - [2024-10-26T20:11:23.903+0000] {dagbag.py:588} INFO - Filling up the DagBag from /home/airflow/.local/lib/python3.12/site-packages/airflow/example_dags/plugins/decreasing_priority_weight_strategy.py
[2024-10-26T20:11:23.906+0000] {processor.py:927} WARNING - No viable dags retrieved from /home/airflow/.local/lib/python3.12/site-packages/airflow/example_dags/plugins/decreasing_priority_weight_strategy.py
[2024-10-26T20:11:23.919+0000] {processor.py:208} INFO - Processing /home/airflow/.local/lib/python3.12/site-packages/airflow/example_dags/plugins/decreasing_priority_weight_strategy.py took 0.028 seconds
[2024-10-26T20:11:56.241+0000] {processor.py:186} INFO - Started process (PID=20413) to work on /home/airflow/.local/lib/python3.12/site-packages/airflow/example_dags/plugins/decreasing_priority_weight_strategy.py
[2024-10-26T20:11:56.242+0000] {processor.py:914} INFO - Processing file /home/airflow/.local/lib/python3.12/site-packages/airflow/example_dags/plugins/decreasing_priority_weight_strategy.py for tasks to queue
[2024-10-26T20:11:56.245+0000] {logging_mixin.py:190} INFO - [2024-10-26T20:11:56.245+0000] {dagbag.py:588} INFO - Filling up the DagBag from /home/airflow/.local/lib/python3.12/site-packages/airflow/example_dags/plugins/decreasing_priority_weight_strategy.py
[2024-10-26T20:11:56.247+0000] {processor.py:927} WARNING - No viable dags retrieved from /home/airflow/.local/lib/python3.12/site-packages/airflow/example_dags/plugins/decreasing_priority_weight_strategy.py
[2024-10-26T20:11:56.261+0000] {processor.py:208} INFO - Processing /home/airflow/.local/lib/python3.12/site-packages/airflow/example_dags/plugins/decreasing_priority_weight_strategy.py took 0.025 seconds
[2024-10-26T20:12:28.986+0000] {processor.py:186} INFO - Started process (PID=20477) to work on /home/airflow/.local/lib/python3.12/site-packages/airflow/example_dags/plugins/decreasing_priority_weight_strategy.py
[2024-10-26T20:12:28.987+0000] {processor.py:914} INFO - Processing file /home/airflow/.local/lib/python3.12/site-packages/airflow/example_dags/plugins/decreasing_priority_weight_strategy.py for tasks to queue
[2024-10-26T20:12:28.989+0000] {logging_mixin.py:190} INFO - [2024-10-26T20:12:28.989+0000] {dagbag.py:588} INFO - Filling up the DagBag from /home/airflow/.local/lib/python3.12/site-packages/airflow/example_dags/plugins/decreasing_priority_weight_strategy.py
[2024-10-26T20:12:28.991+0000] {processor.py:927} WARNING - No viable dags retrieved from /home/airflow/.local/lib/python3.12/site-packages/airflow/example_dags/plugins/decreasing_priority_weight_strategy.py
[2024-10-26T20:12:29.004+0000] {processor.py:208} INFO - Processing /home/airflow/.local/lib/python3.12/site-packages/airflow/example_dags/plugins/decreasing_priority_weight_strategy.py took 0.023 seconds
[2024-10-26T20:13:01.707+0000] {processor.py:186} INFO - Started process (PID=20541) to work on /home/airflow/.local/lib/python3.12/site-packages/airflow/example_dags/plugins/decreasing_priority_weight_strategy.py
[2024-10-26T20:13:01.708+0000] {processor.py:914} INFO - Processing file /home/airflow/.local/lib/python3.12/site-packages/airflow/example_dags/plugins/decreasing_priority_weight_strategy.py for tasks to queue
[2024-10-26T20:13:01.711+0000] {logging_mixin.py:190} INFO - [2024-10-26T20:13:01.710+0000] {dagbag.py:588} INFO - Filling up the DagBag from /home/airflow/.local/lib/python3.12/site-packages/airflow/example_dags/plugins/decreasing_priority_weight_strategy.py
[2024-10-26T20:13:01.713+0000] {processor.py:927} WARNING - No viable dags retrieved from /home/airflow/.local/lib/python3.12/site-packages/airflow/example_dags/plugins/decreasing_priority_weight_strategy.py
[2024-10-26T20:13:01.724+0000] {processor.py:208} INFO - Processing /home/airflow/.local/lib/python3.12/site-packages/airflow/example_dags/plugins/decreasing_priority_weight_strategy.py took 0.022 seconds
[2024-10-26T20:13:33.711+0000] {processor.py:186} INFO - Started process (PID=20605) to work on /home/airflow/.local/lib/python3.12/site-packages/airflow/example_dags/plugins/decreasing_priority_weight_strategy.py
[2024-10-26T20:13:33.712+0000] {processor.py:914} INFO - Processing file /home/airflow/.local/lib/python3.12/site-packages/airflow/example_dags/plugins/decreasing_priority_weight_strategy.py for tasks to queue
[2024-10-26T20:13:33.715+0000] {logging_mixin.py:190} INFO - [2024-10-26T20:13:33.714+0000] {dagbag.py:588} INFO - Filling up the DagBag from /home/airflow/.local/lib/python3.12/site-packages/airflow/example_dags/plugins/decreasing_priority_weight_strategy.py
[2024-10-26T20:13:33.717+0000] {processor.py:927} WARNING - No viable dags retrieved from /home/airflow/.local/lib/python3.12/site-packages/airflow/example_dags/plugins/decreasing_priority_weight_strategy.py
[2024-10-26T20:13:33.730+0000] {processor.py:208} INFO - Processing /home/airflow/.local/lib/python3.12/site-packages/airflow/example_dags/plugins/decreasing_priority_weight_strategy.py took 0.026 seconds
[2024-10-26T20:14:07.139+0000] {processor.py:186} INFO - Started process (PID=20669) to work on /home/airflow/.local/lib/python3.12/site-packages/airflow/example_dags/plugins/decreasing_priority_weight_strategy.py
[2024-10-26T20:14:07.143+0000] {processor.py:914} INFO - Processing file /home/airflow/.local/lib/python3.12/site-packages/airflow/example_dags/plugins/decreasing_priority_weight_strategy.py for tasks to queue
[2024-10-26T20:14:07.147+0000] {logging_mixin.py:190} INFO - [2024-10-26T20:14:07.146+0000] {dagbag.py:588} INFO - Filling up the DagBag from /home/airflow/.local/lib/python3.12/site-packages/airflow/example_dags/plugins/decreasing_priority_weight_strategy.py
[2024-10-26T20:14:07.149+0000] {processor.py:927} WARNING - No viable dags retrieved from /home/airflow/.local/lib/python3.12/site-packages/airflow/example_dags/plugins/decreasing_priority_weight_strategy.py
[2024-10-26T20:14:07.170+0000] {processor.py:208} INFO - Processing /home/airflow/.local/lib/python3.12/site-packages/airflow/example_dags/plugins/decreasing_priority_weight_strategy.py took 0.038 seconds
[2024-10-26T20:14:39.420+0000] {processor.py:186} INFO - Started process (PID=20733) to work on /home/airflow/.local/lib/python3.12/site-packages/airflow/example_dags/plugins/decreasing_priority_weight_strategy.py
[2024-10-26T20:14:39.421+0000] {processor.py:914} INFO - Processing file /home/airflow/.local/lib/python3.12/site-packages/airflow/example_dags/plugins/decreasing_priority_weight_strategy.py for tasks to queue
[2024-10-26T20:14:39.424+0000] {logging_mixin.py:190} INFO - [2024-10-26T20:14:39.423+0000] {dagbag.py:588} INFO - Filling up the DagBag from /home/airflow/.local/lib/python3.12/site-packages/airflow/example_dags/plugins/decreasing_priority_weight_strategy.py
[2024-10-26T20:14:39.426+0000] {processor.py:927} WARNING - No viable dags retrieved from /home/airflow/.local/lib/python3.12/site-packages/airflow/example_dags/plugins/decreasing_priority_weight_strategy.py
[2024-10-26T20:14:39.438+0000] {processor.py:208} INFO - Processing /home/airflow/.local/lib/python3.12/site-packages/airflow/example_dags/plugins/decreasing_priority_weight_strategy.py took 0.024 seconds
[2024-10-26T20:15:12.395+0000] {processor.py:186} INFO - Started process (PID=20797) to work on /home/airflow/.local/lib/python3.12/site-packages/airflow/example_dags/plugins/decreasing_priority_weight_strategy.py
[2024-10-26T20:15:12.396+0000] {processor.py:914} INFO - Processing file /home/airflow/.local/lib/python3.12/site-packages/airflow/example_dags/plugins/decreasing_priority_weight_strategy.py for tasks to queue
[2024-10-26T20:15:12.399+0000] {logging_mixin.py:190} INFO - [2024-10-26T20:15:12.399+0000] {dagbag.py:588} INFO - Filling up the DagBag from /home/airflow/.local/lib/python3.12/site-packages/airflow/example_dags/plugins/decreasing_priority_weight_strategy.py
[2024-10-26T20:15:12.402+0000] {processor.py:927} WARNING - No viable dags retrieved from /home/airflow/.local/lib/python3.12/site-packages/airflow/example_dags/plugins/decreasing_priority_weight_strategy.py
[2024-10-26T20:15:12.418+0000] {processor.py:208} INFO - Processing /home/airflow/.local/lib/python3.12/site-packages/airflow/example_dags/plugins/decreasing_priority_weight_strategy.py took 0.029 seconds
[2024-10-26T20:15:45.666+0000] {processor.py:186} INFO - Started process (PID=20861) to work on /home/airflow/.local/lib/python3.12/site-packages/airflow/example_dags/plugins/decreasing_priority_weight_strategy.py
[2024-10-26T20:15:45.667+0000] {processor.py:914} INFO - Processing file /home/airflow/.local/lib/python3.12/site-packages/airflow/example_dags/plugins/decreasing_priority_weight_strategy.py for tasks to queue
[2024-10-26T20:15:45.671+0000] {logging_mixin.py:190} INFO - [2024-10-26T20:15:45.671+0000] {dagbag.py:588} INFO - Filling up the DagBag from /home/airflow/.local/lib/python3.12/site-packages/airflow/example_dags/plugins/decreasing_priority_weight_strategy.py
[2024-10-26T20:15:45.674+0000] {processor.py:927} WARNING - No viable dags retrieved from /home/airflow/.local/lib/python3.12/site-packages/airflow/example_dags/plugins/decreasing_priority_weight_strategy.py
[2024-10-26T20:15:45.688+0000] {processor.py:208} INFO - Processing /home/airflow/.local/lib/python3.12/site-packages/airflow/example_dags/plugins/decreasing_priority_weight_strategy.py took 0.030 seconds
[2024-10-26T20:16:17.888+0000] {processor.py:186} INFO - Started process (PID=20925) to work on /home/airflow/.local/lib/python3.12/site-packages/airflow/example_dags/plugins/decreasing_priority_weight_strategy.py
[2024-10-26T20:16:17.889+0000] {processor.py:914} INFO - Processing file /home/airflow/.local/lib/python3.12/site-packages/airflow/example_dags/plugins/decreasing_priority_weight_strategy.py for tasks to queue
[2024-10-26T20:16:17.892+0000] {logging_mixin.py:190} INFO - [2024-10-26T20:16:17.891+0000] {dagbag.py:588} INFO - Filling up the DagBag from /home/airflow/.local/lib/python3.12/site-packages/airflow/example_dags/plugins/decreasing_priority_weight_strategy.py
[2024-10-26T20:16:17.894+0000] {processor.py:927} WARNING - No viable dags retrieved from /home/airflow/.local/lib/python3.12/site-packages/airflow/example_dags/plugins/decreasing_priority_weight_strategy.py
[2024-10-26T20:16:17.907+0000] {processor.py:208} INFO - Processing /home/airflow/.local/lib/python3.12/site-packages/airflow/example_dags/plugins/decreasing_priority_weight_strategy.py took 0.024 seconds
[2024-10-26T20:16:50.309+0000] {processor.py:186} INFO - Started process (PID=20989) to work on /home/airflow/.local/lib/python3.12/site-packages/airflow/example_dags/plugins/decreasing_priority_weight_strategy.py
[2024-10-26T20:16:50.310+0000] {processor.py:914} INFO - Processing file /home/airflow/.local/lib/python3.12/site-packages/airflow/example_dags/plugins/decreasing_priority_weight_strategy.py for tasks to queue
[2024-10-26T20:16:50.313+0000] {logging_mixin.py:190} INFO - [2024-10-26T20:16:50.313+0000] {dagbag.py:588} INFO - Filling up the DagBag from /home/airflow/.local/lib/python3.12/site-packages/airflow/example_dags/plugins/decreasing_priority_weight_strategy.py
[2024-10-26T20:16:50.315+0000] {processor.py:927} WARNING - No viable dags retrieved from /home/airflow/.local/lib/python3.12/site-packages/airflow/example_dags/plugins/decreasing_priority_weight_strategy.py
[2024-10-26T20:16:50.326+0000] {processor.py:208} INFO - Processing /home/airflow/.local/lib/python3.12/site-packages/airflow/example_dags/plugins/decreasing_priority_weight_strategy.py took 0.023 seconds
[2024-10-26T20:17:23.720+0000] {processor.py:186} INFO - Started process (PID=21053) to work on /home/airflow/.local/lib/python3.12/site-packages/airflow/example_dags/plugins/decreasing_priority_weight_strategy.py
[2024-10-26T20:17:23.721+0000] {processor.py:914} INFO - Processing file /home/airflow/.local/lib/python3.12/site-packages/airflow/example_dags/plugins/decreasing_priority_weight_strategy.py for tasks to queue
[2024-10-26T20:17:23.723+0000] {logging_mixin.py:190} INFO - [2024-10-26T20:17:23.723+0000] {dagbag.py:588} INFO - Filling up the DagBag from /home/airflow/.local/lib/python3.12/site-packages/airflow/example_dags/plugins/decreasing_priority_weight_strategy.py
[2024-10-26T20:17:23.725+0000] {processor.py:927} WARNING - No viable dags retrieved from /home/airflow/.local/lib/python3.12/site-packages/airflow/example_dags/plugins/decreasing_priority_weight_strategy.py
[2024-10-26T20:17:23.737+0000] {processor.py:208} INFO - Processing /home/airflow/.local/lib/python3.12/site-packages/airflow/example_dags/plugins/decreasing_priority_weight_strategy.py took 0.023 seconds
[2024-10-26T20:17:57.057+0000] {processor.py:186} INFO - Started process (PID=21117) to work on /home/airflow/.local/lib/python3.12/site-packages/airflow/example_dags/plugins/decreasing_priority_weight_strategy.py
[2024-10-26T20:17:57.058+0000] {processor.py:914} INFO - Processing file /home/airflow/.local/lib/python3.12/site-packages/airflow/example_dags/plugins/decreasing_priority_weight_strategy.py for tasks to queue
[2024-10-26T20:17:57.060+0000] {logging_mixin.py:190} INFO - [2024-10-26T20:17:57.060+0000] {dagbag.py:588} INFO - Filling up the DagBag from /home/airflow/.local/lib/python3.12/site-packages/airflow/example_dags/plugins/decreasing_priority_weight_strategy.py
[2024-10-26T20:17:57.062+0000] {processor.py:927} WARNING - No viable dags retrieved from /home/airflow/.local/lib/python3.12/site-packages/airflow/example_dags/plugins/decreasing_priority_weight_strategy.py
[2024-10-26T20:17:57.075+0000] {processor.py:208} INFO - Processing /home/airflow/.local/lib/python3.12/site-packages/airflow/example_dags/plugins/decreasing_priority_weight_strategy.py took 0.023 seconds
[2024-10-26T20:18:29.222+0000] {processor.py:186} INFO - Started process (PID=21181) to work on /home/airflow/.local/lib/python3.12/site-packages/airflow/example_dags/plugins/decreasing_priority_weight_strategy.py
[2024-10-26T20:18:29.223+0000] {processor.py:914} INFO - Processing file /home/airflow/.local/lib/python3.12/site-packages/airflow/example_dags/plugins/decreasing_priority_weight_strategy.py for tasks to queue
[2024-10-26T20:18:29.226+0000] {logging_mixin.py:190} INFO - [2024-10-26T20:18:29.225+0000] {dagbag.py:588} INFO - Filling up the DagBag from /home/airflow/.local/lib/python3.12/site-packages/airflow/example_dags/plugins/decreasing_priority_weight_strategy.py
[2024-10-26T20:18:29.228+0000] {processor.py:927} WARNING - No viable dags retrieved from /home/airflow/.local/lib/python3.12/site-packages/airflow/example_dags/plugins/decreasing_priority_weight_strategy.py
[2024-10-26T20:18:29.244+0000] {processor.py:208} INFO - Processing /home/airflow/.local/lib/python3.12/site-packages/airflow/example_dags/plugins/decreasing_priority_weight_strategy.py took 0.028 seconds
[2024-10-26T20:19:01.824+0000] {processor.py:186} INFO - Started process (PID=21245) to work on /home/airflow/.local/lib/python3.12/site-packages/airflow/example_dags/plugins/decreasing_priority_weight_strategy.py
[2024-10-26T20:19:01.825+0000] {processor.py:914} INFO - Processing file /home/airflow/.local/lib/python3.12/site-packages/airflow/example_dags/plugins/decreasing_priority_weight_strategy.py for tasks to queue
[2024-10-26T20:19:01.827+0000] {logging_mixin.py:190} INFO - [2024-10-26T20:19:01.827+0000] {dagbag.py:588} INFO - Filling up the DagBag from /home/airflow/.local/lib/python3.12/site-packages/airflow/example_dags/plugins/decreasing_priority_weight_strategy.py
[2024-10-26T20:19:01.830+0000] {processor.py:927} WARNING - No viable dags retrieved from /home/airflow/.local/lib/python3.12/site-packages/airflow/example_dags/plugins/decreasing_priority_weight_strategy.py
[2024-10-26T20:19:01.842+0000] {processor.py:208} INFO - Processing /home/airflow/.local/lib/python3.12/site-packages/airflow/example_dags/plugins/decreasing_priority_weight_strategy.py took 0.025 seconds
[2024-10-26T20:19:34.062+0000] {processor.py:186} INFO - Started process (PID=21309) to work on /home/airflow/.local/lib/python3.12/site-packages/airflow/example_dags/plugins/decreasing_priority_weight_strategy.py
[2024-10-26T20:19:34.063+0000] {processor.py:914} INFO - Processing file /home/airflow/.local/lib/python3.12/site-packages/airflow/example_dags/plugins/decreasing_priority_weight_strategy.py for tasks to queue
[2024-10-26T20:19:34.067+0000] {logging_mixin.py:190} INFO - [2024-10-26T20:19:34.066+0000] {dagbag.py:588} INFO - Filling up the DagBag from /home/airflow/.local/lib/python3.12/site-packages/airflow/example_dags/plugins/decreasing_priority_weight_strategy.py
[2024-10-26T20:19:34.069+0000] {processor.py:927} WARNING - No viable dags retrieved from /home/airflow/.local/lib/python3.12/site-packages/airflow/example_dags/plugins/decreasing_priority_weight_strategy.py
[2024-10-26T20:19:34.085+0000] {processor.py:208} INFO - Processing /home/airflow/.local/lib/python3.12/site-packages/airflow/example_dags/plugins/decreasing_priority_weight_strategy.py took 0.030 seconds
[2024-10-26T20:20:08.872+0000] {processor.py:186} INFO - Started process (PID=21374) to work on /home/airflow/.local/lib/python3.12/site-packages/airflow/example_dags/plugins/decreasing_priority_weight_strategy.py
[2024-10-26T20:20:08.873+0000] {processor.py:914} INFO - Processing file /home/airflow/.local/lib/python3.12/site-packages/airflow/example_dags/plugins/decreasing_priority_weight_strategy.py for tasks to queue
[2024-10-26T20:20:08.876+0000] {logging_mixin.py:190} INFO - [2024-10-26T20:20:08.875+0000] {dagbag.py:588} INFO - Filling up the DagBag from /home/airflow/.local/lib/python3.12/site-packages/airflow/example_dags/plugins/decreasing_priority_weight_strategy.py
[2024-10-26T20:20:08.878+0000] {processor.py:927} WARNING - No viable dags retrieved from /home/airflow/.local/lib/python3.12/site-packages/airflow/example_dags/plugins/decreasing_priority_weight_strategy.py
[2024-10-26T20:20:08.893+0000] {processor.py:208} INFO - Processing /home/airflow/.local/lib/python3.12/site-packages/airflow/example_dags/plugins/decreasing_priority_weight_strategy.py took 0.026 seconds
[2024-10-26T20:20:42.231+0000] {processor.py:186} INFO - Started process (PID=21438) to work on /home/airflow/.local/lib/python3.12/site-packages/airflow/example_dags/plugins/decreasing_priority_weight_strategy.py
[2024-10-26T20:20:42.232+0000] {processor.py:914} INFO - Processing file /home/airflow/.local/lib/python3.12/site-packages/airflow/example_dags/plugins/decreasing_priority_weight_strategy.py for tasks to queue
[2024-10-26T20:20:42.235+0000] {logging_mixin.py:190} INFO - [2024-10-26T20:20:42.235+0000] {dagbag.py:588} INFO - Filling up the DagBag from /home/airflow/.local/lib/python3.12/site-packages/airflow/example_dags/plugins/decreasing_priority_weight_strategy.py
[2024-10-26T20:20:42.238+0000] {processor.py:927} WARNING - No viable dags retrieved from /home/airflow/.local/lib/python3.12/site-packages/airflow/example_dags/plugins/decreasing_priority_weight_strategy.py
[2024-10-26T20:20:42.251+0000] {processor.py:208} INFO - Processing /home/airflow/.local/lib/python3.12/site-packages/airflow/example_dags/plugins/decreasing_priority_weight_strategy.py took 0.026 seconds
[2024-10-26T20:21:13.116+0000] {processor.py:186} INFO - Started process (PID=21502) to work on /home/airflow/.local/lib/python3.12/site-packages/airflow/example_dags/plugins/decreasing_priority_weight_strategy.py
[2024-10-26T20:21:13.117+0000] {processor.py:914} INFO - Processing file /home/airflow/.local/lib/python3.12/site-packages/airflow/example_dags/plugins/decreasing_priority_weight_strategy.py for tasks to queue
[2024-10-26T20:21:13.121+0000] {logging_mixin.py:190} INFO - [2024-10-26T20:21:13.120+0000] {dagbag.py:588} INFO - Filling up the DagBag from /home/airflow/.local/lib/python3.12/site-packages/airflow/example_dags/plugins/decreasing_priority_weight_strategy.py
[2024-10-26T20:21:13.123+0000] {processor.py:927} WARNING - No viable dags retrieved from /home/airflow/.local/lib/python3.12/site-packages/airflow/example_dags/plugins/decreasing_priority_weight_strategy.py
[2024-10-26T20:21:13.137+0000] {processor.py:208} INFO - Processing /home/airflow/.local/lib/python3.12/site-packages/airflow/example_dags/plugins/decreasing_priority_weight_strategy.py took 0.027 seconds
[2024-10-26T20:21:44.877+0000] {processor.py:186} INFO - Started process (PID=21566) to work on /home/airflow/.local/lib/python3.12/site-packages/airflow/example_dags/plugins/decreasing_priority_weight_strategy.py
[2024-10-26T20:21:44.878+0000] {processor.py:914} INFO - Processing file /home/airflow/.local/lib/python3.12/site-packages/airflow/example_dags/plugins/decreasing_priority_weight_strategy.py for tasks to queue
[2024-10-26T20:21:44.881+0000] {logging_mixin.py:190} INFO - [2024-10-26T20:21:44.881+0000] {dagbag.py:588} INFO - Filling up the DagBag from /home/airflow/.local/lib/python3.12/site-packages/airflow/example_dags/plugins/decreasing_priority_weight_strategy.py
[2024-10-26T20:21:44.884+0000] {processor.py:927} WARNING - No viable dags retrieved from /home/airflow/.local/lib/python3.12/site-packages/airflow/example_dags/plugins/decreasing_priority_weight_strategy.py
[2024-10-26T20:21:44.899+0000] {processor.py:208} INFO - Processing /home/airflow/.local/lib/python3.12/site-packages/airflow/example_dags/plugins/decreasing_priority_weight_strategy.py took 0.031 seconds
[2024-10-26T20:22:17.810+0000] {processor.py:186} INFO - Started process (PID=21630) to work on /home/airflow/.local/lib/python3.12/site-packages/airflow/example_dags/plugins/decreasing_priority_weight_strategy.py
[2024-10-26T20:22:17.811+0000] {processor.py:914} INFO - Processing file /home/airflow/.local/lib/python3.12/site-packages/airflow/example_dags/plugins/decreasing_priority_weight_strategy.py for tasks to queue
[2024-10-26T20:22:17.813+0000] {logging_mixin.py:190} INFO - [2024-10-26T20:22:17.813+0000] {dagbag.py:588} INFO - Filling up the DagBag from /home/airflow/.local/lib/python3.12/site-packages/airflow/example_dags/plugins/decreasing_priority_weight_strategy.py
[2024-10-26T20:22:17.815+0000] {processor.py:927} WARNING - No viable dags retrieved from /home/airflow/.local/lib/python3.12/site-packages/airflow/example_dags/plugins/decreasing_priority_weight_strategy.py
[2024-10-26T20:22:17.830+0000] {processor.py:208} INFO - Processing /home/airflow/.local/lib/python3.12/site-packages/airflow/example_dags/plugins/decreasing_priority_weight_strategy.py took 0.026 seconds
[2024-10-26T20:22:50.430+0000] {processor.py:186} INFO - Started process (PID=21694) to work on /home/airflow/.local/lib/python3.12/site-packages/airflow/example_dags/plugins/decreasing_priority_weight_strategy.py
[2024-10-26T20:22:50.431+0000] {processor.py:914} INFO - Processing file /home/airflow/.local/lib/python3.12/site-packages/airflow/example_dags/plugins/decreasing_priority_weight_strategy.py for tasks to queue
[2024-10-26T20:22:50.433+0000] {logging_mixin.py:190} INFO - [2024-10-26T20:22:50.433+0000] {dagbag.py:588} INFO - Filling up the DagBag from /home/airflow/.local/lib/python3.12/site-packages/airflow/example_dags/plugins/decreasing_priority_weight_strategy.py
[2024-10-26T20:22:50.436+0000] {processor.py:927} WARNING - No viable dags retrieved from /home/airflow/.local/lib/python3.12/site-packages/airflow/example_dags/plugins/decreasing_priority_weight_strategy.py
[2024-10-26T20:22:50.446+0000] {processor.py:208} INFO - Processing /home/airflow/.local/lib/python3.12/site-packages/airflow/example_dags/plugins/decreasing_priority_weight_strategy.py took 0.021 seconds
[2024-10-26T20:23:23.041+0000] {processor.py:186} INFO - Started process (PID=21758) to work on /home/airflow/.local/lib/python3.12/site-packages/airflow/example_dags/plugins/decreasing_priority_weight_strategy.py
[2024-10-26T20:23:23.042+0000] {processor.py:914} INFO - Processing file /home/airflow/.local/lib/python3.12/site-packages/airflow/example_dags/plugins/decreasing_priority_weight_strategy.py for tasks to queue
[2024-10-26T20:23:23.045+0000] {logging_mixin.py:190} INFO - [2024-10-26T20:23:23.045+0000] {dagbag.py:588} INFO - Filling up the DagBag from /home/airflow/.local/lib/python3.12/site-packages/airflow/example_dags/plugins/decreasing_priority_weight_strategy.py
[2024-10-26T20:23:23.048+0000] {processor.py:927} WARNING - No viable dags retrieved from /home/airflow/.local/lib/python3.12/site-packages/airflow/example_dags/plugins/decreasing_priority_weight_strategy.py
[2024-10-26T20:23:23.061+0000] {processor.py:208} INFO - Processing /home/airflow/.local/lib/python3.12/site-packages/airflow/example_dags/plugins/decreasing_priority_weight_strategy.py took 0.026 seconds
[2024-10-26T20:23:56.427+0000] {processor.py:186} INFO - Started process (PID=21822) to work on /home/airflow/.local/lib/python3.12/site-packages/airflow/example_dags/plugins/decreasing_priority_weight_strategy.py
[2024-10-26T20:23:56.428+0000] {processor.py:914} INFO - Processing file /home/airflow/.local/lib/python3.12/site-packages/airflow/example_dags/plugins/decreasing_priority_weight_strategy.py for tasks to queue
[2024-10-26T20:23:56.430+0000] {logging_mixin.py:190} INFO - [2024-10-26T20:23:56.430+0000] {dagbag.py:588} INFO - Filling up the DagBag from /home/airflow/.local/lib/python3.12/site-packages/airflow/example_dags/plugins/decreasing_priority_weight_strategy.py
[2024-10-26T20:23:56.432+0000] {processor.py:927} WARNING - No viable dags retrieved from /home/airflow/.local/lib/python3.12/site-packages/airflow/example_dags/plugins/decreasing_priority_weight_strategy.py
[2024-10-26T20:23:56.443+0000] {processor.py:208} INFO - Processing /home/airflow/.local/lib/python3.12/site-packages/airflow/example_dags/plugins/decreasing_priority_weight_strategy.py took 0.021 seconds
[2024-10-26T20:24:28.738+0000] {processor.py:186} INFO - Started process (PID=21886) to work on /home/airflow/.local/lib/python3.12/site-packages/airflow/example_dags/plugins/decreasing_priority_weight_strategy.py
[2024-10-26T20:24:28.739+0000] {processor.py:914} INFO - Processing file /home/airflow/.local/lib/python3.12/site-packages/airflow/example_dags/plugins/decreasing_priority_weight_strategy.py for tasks to queue
[2024-10-26T20:24:28.742+0000] {logging_mixin.py:190} INFO - [2024-10-26T20:24:28.741+0000] {dagbag.py:588} INFO - Filling up the DagBag from /home/airflow/.local/lib/python3.12/site-packages/airflow/example_dags/plugins/decreasing_priority_weight_strategy.py
[2024-10-26T20:24:28.744+0000] {processor.py:927} WARNING - No viable dags retrieved from /home/airflow/.local/lib/python3.12/site-packages/airflow/example_dags/plugins/decreasing_priority_weight_strategy.py
[2024-10-26T20:24:28.757+0000] {processor.py:208} INFO - Processing /home/airflow/.local/lib/python3.12/site-packages/airflow/example_dags/plugins/decreasing_priority_weight_strategy.py took 0.027 seconds
[2024-10-26T20:25:01.582+0000] {processor.py:186} INFO - Started process (PID=21950) to work on /home/airflow/.local/lib/python3.12/site-packages/airflow/example_dags/plugins/decreasing_priority_weight_strategy.py
[2024-10-26T20:25:01.583+0000] {processor.py:914} INFO - Processing file /home/airflow/.local/lib/python3.12/site-packages/airflow/example_dags/plugins/decreasing_priority_weight_strategy.py for tasks to queue
[2024-10-26T20:25:01.585+0000] {logging_mixin.py:190} INFO - [2024-10-26T20:25:01.585+0000] {dagbag.py:588} INFO - Filling up the DagBag from /home/airflow/.local/lib/python3.12/site-packages/airflow/example_dags/plugins/decreasing_priority_weight_strategy.py
[2024-10-26T20:25:01.587+0000] {processor.py:927} WARNING - No viable dags retrieved from /home/airflow/.local/lib/python3.12/site-packages/airflow/example_dags/plugins/decreasing_priority_weight_strategy.py
[2024-10-26T20:25:01.602+0000] {processor.py:208} INFO - Processing /home/airflow/.local/lib/python3.12/site-packages/airflow/example_dags/plugins/decreasing_priority_weight_strategy.py took 0.026 seconds
[2024-10-26T20:25:34.213+0000] {processor.py:186} INFO - Started process (PID=22014) to work on /home/airflow/.local/lib/python3.12/site-packages/airflow/example_dags/plugins/decreasing_priority_weight_strategy.py
[2024-10-26T20:25:34.214+0000] {processor.py:914} INFO - Processing file /home/airflow/.local/lib/python3.12/site-packages/airflow/example_dags/plugins/decreasing_priority_weight_strategy.py for tasks to queue
[2024-10-26T20:25:34.216+0000] {logging_mixin.py:190} INFO - [2024-10-26T20:25:34.216+0000] {dagbag.py:588} INFO - Filling up the DagBag from /home/airflow/.local/lib/python3.12/site-packages/airflow/example_dags/plugins/decreasing_priority_weight_strategy.py
[2024-10-26T20:25:34.218+0000] {processor.py:927} WARNING - No viable dags retrieved from /home/airflow/.local/lib/python3.12/site-packages/airflow/example_dags/plugins/decreasing_priority_weight_strategy.py
[2024-10-26T20:25:34.232+0000] {processor.py:208} INFO - Processing /home/airflow/.local/lib/python3.12/site-packages/airflow/example_dags/plugins/decreasing_priority_weight_strategy.py took 0.024 seconds
[2024-10-26T20:26:07.293+0000] {processor.py:186} INFO - Started process (PID=22078) to work on /home/airflow/.local/lib/python3.12/site-packages/airflow/example_dags/plugins/decreasing_priority_weight_strategy.py
[2024-10-26T20:26:07.294+0000] {processor.py:914} INFO - Processing file /home/airflow/.local/lib/python3.12/site-packages/airflow/example_dags/plugins/decreasing_priority_weight_strategy.py for tasks to queue
[2024-10-26T20:26:07.296+0000] {logging_mixin.py:190} INFO - [2024-10-26T20:26:07.296+0000] {dagbag.py:588} INFO - Filling up the DagBag from /home/airflow/.local/lib/python3.12/site-packages/airflow/example_dags/plugins/decreasing_priority_weight_strategy.py
[2024-10-26T20:26:07.298+0000] {processor.py:927} WARNING - No viable dags retrieved from /home/airflow/.local/lib/python3.12/site-packages/airflow/example_dags/plugins/decreasing_priority_weight_strategy.py
[2024-10-26T20:26:07.310+0000] {processor.py:208} INFO - Processing /home/airflow/.local/lib/python3.12/site-packages/airflow/example_dags/plugins/decreasing_priority_weight_strategy.py took 0.022 seconds
[2024-10-26T20:26:39.410+0000] {processor.py:186} INFO - Started process (PID=22142) to work on /home/airflow/.local/lib/python3.12/site-packages/airflow/example_dags/plugins/decreasing_priority_weight_strategy.py
[2024-10-26T20:26:39.411+0000] {processor.py:914} INFO - Processing file /home/airflow/.local/lib/python3.12/site-packages/airflow/example_dags/plugins/decreasing_priority_weight_strategy.py for tasks to queue
[2024-10-26T20:26:39.413+0000] {logging_mixin.py:190} INFO - [2024-10-26T20:26:39.413+0000] {dagbag.py:588} INFO - Filling up the DagBag from /home/airflow/.local/lib/python3.12/site-packages/airflow/example_dags/plugins/decreasing_priority_weight_strategy.py
[2024-10-26T20:26:39.415+0000] {processor.py:927} WARNING - No viable dags retrieved from /home/airflow/.local/lib/python3.12/site-packages/airflow/example_dags/plugins/decreasing_priority_weight_strategy.py
[2024-10-26T20:26:39.426+0000] {processor.py:208} INFO - Processing /home/airflow/.local/lib/python3.12/site-packages/airflow/example_dags/plugins/decreasing_priority_weight_strategy.py took 0.022 seconds
[2024-10-26T20:27:12.218+0000] {processor.py:186} INFO - Started process (PID=22206) to work on /home/airflow/.local/lib/python3.12/site-packages/airflow/example_dags/plugins/decreasing_priority_weight_strategy.py
[2024-10-26T20:27:12.219+0000] {processor.py:914} INFO - Processing file /home/airflow/.local/lib/python3.12/site-packages/airflow/example_dags/plugins/decreasing_priority_weight_strategy.py for tasks to queue
[2024-10-26T20:27:12.221+0000] {logging_mixin.py:190} INFO - [2024-10-26T20:27:12.221+0000] {dagbag.py:588} INFO - Filling up the DagBag from /home/airflow/.local/lib/python3.12/site-packages/airflow/example_dags/plugins/decreasing_priority_weight_strategy.py
[2024-10-26T20:27:12.223+0000] {processor.py:927} WARNING - No viable dags retrieved from /home/airflow/.local/lib/python3.12/site-packages/airflow/example_dags/plugins/decreasing_priority_weight_strategy.py
[2024-10-26T20:27:12.237+0000] {processor.py:208} INFO - Processing /home/airflow/.local/lib/python3.12/site-packages/airflow/example_dags/plugins/decreasing_priority_weight_strategy.py took 0.025 seconds
[2024-10-26T20:27:45.100+0000] {processor.py:186} INFO - Started process (PID=22270) to work on /home/airflow/.local/lib/python3.12/site-packages/airflow/example_dags/plugins/decreasing_priority_weight_strategy.py
[2024-10-26T20:27:45.101+0000] {processor.py:914} INFO - Processing file /home/airflow/.local/lib/python3.12/site-packages/airflow/example_dags/plugins/decreasing_priority_weight_strategy.py for tasks to queue
[2024-10-26T20:27:45.105+0000] {logging_mixin.py:190} INFO - [2024-10-26T20:27:45.104+0000] {dagbag.py:588} INFO - Filling up the DagBag from /home/airflow/.local/lib/python3.12/site-packages/airflow/example_dags/plugins/decreasing_priority_weight_strategy.py
[2024-10-26T20:27:45.109+0000] {processor.py:927} WARNING - No viable dags retrieved from /home/airflow/.local/lib/python3.12/site-packages/airflow/example_dags/plugins/decreasing_priority_weight_strategy.py
[2024-10-26T20:27:45.126+0000] {processor.py:208} INFO - Processing /home/airflow/.local/lib/python3.12/site-packages/airflow/example_dags/plugins/decreasing_priority_weight_strategy.py took 0.032 seconds
[2024-10-26T20:28:17.791+0000] {processor.py:186} INFO - Started process (PID=22334) to work on /home/airflow/.local/lib/python3.12/site-packages/airflow/example_dags/plugins/decreasing_priority_weight_strategy.py
[2024-10-26T20:28:17.793+0000] {processor.py:914} INFO - Processing file /home/airflow/.local/lib/python3.12/site-packages/airflow/example_dags/plugins/decreasing_priority_weight_strategy.py for tasks to queue
[2024-10-26T20:28:17.796+0000] {logging_mixin.py:190} INFO - [2024-10-26T20:28:17.796+0000] {dagbag.py:588} INFO - Filling up the DagBag from /home/airflow/.local/lib/python3.12/site-packages/airflow/example_dags/plugins/decreasing_priority_weight_strategy.py
[2024-10-26T20:28:17.798+0000] {processor.py:927} WARNING - No viable dags retrieved from /home/airflow/.local/lib/python3.12/site-packages/airflow/example_dags/plugins/decreasing_priority_weight_strategy.py
[2024-10-26T20:28:17.812+0000] {processor.py:208} INFO - Processing /home/airflow/.local/lib/python3.12/site-packages/airflow/example_dags/plugins/decreasing_priority_weight_strategy.py took 0.026 seconds
[2024-10-26T20:28:50.352+0000] {processor.py:186} INFO - Started process (PID=22398) to work on /home/airflow/.local/lib/python3.12/site-packages/airflow/example_dags/plugins/decreasing_priority_weight_strategy.py
[2024-10-26T20:28:50.353+0000] {processor.py:914} INFO - Processing file /home/airflow/.local/lib/python3.12/site-packages/airflow/example_dags/plugins/decreasing_priority_weight_strategy.py for tasks to queue
[2024-10-26T20:28:50.356+0000] {logging_mixin.py:190} INFO - [2024-10-26T20:28:50.356+0000] {dagbag.py:588} INFO - Filling up the DagBag from /home/airflow/.local/lib/python3.12/site-packages/airflow/example_dags/plugins/decreasing_priority_weight_strategy.py
[2024-10-26T20:28:50.359+0000] {processor.py:927} WARNING - No viable dags retrieved from /home/airflow/.local/lib/python3.12/site-packages/airflow/example_dags/plugins/decreasing_priority_weight_strategy.py
[2024-10-26T20:28:50.373+0000] {processor.py:208} INFO - Processing /home/airflow/.local/lib/python3.12/site-packages/airflow/example_dags/plugins/decreasing_priority_weight_strategy.py took 0.027 seconds
[2024-10-26T20:29:23.161+0000] {processor.py:186} INFO - Started process (PID=22462) to work on /home/airflow/.local/lib/python3.12/site-packages/airflow/example_dags/plugins/decreasing_priority_weight_strategy.py
[2024-10-26T20:29:23.163+0000] {processor.py:914} INFO - Processing file /home/airflow/.local/lib/python3.12/site-packages/airflow/example_dags/plugins/decreasing_priority_weight_strategy.py for tasks to queue
[2024-10-26T20:29:23.165+0000] {logging_mixin.py:190} INFO - [2024-10-26T20:29:23.165+0000] {dagbag.py:588} INFO - Filling up the DagBag from /home/airflow/.local/lib/python3.12/site-packages/airflow/example_dags/plugins/decreasing_priority_weight_strategy.py
[2024-10-26T20:29:23.167+0000] {processor.py:927} WARNING - No viable dags retrieved from /home/airflow/.local/lib/python3.12/site-packages/airflow/example_dags/plugins/decreasing_priority_weight_strategy.py
[2024-10-26T20:29:23.181+0000] {processor.py:208} INFO - Processing /home/airflow/.local/lib/python3.12/site-packages/airflow/example_dags/plugins/decreasing_priority_weight_strategy.py took 0.025 seconds
[2024-10-26T20:29:56.113+0000] {processor.py:186} INFO - Started process (PID=22526) to work on /home/airflow/.local/lib/python3.12/site-packages/airflow/example_dags/plugins/decreasing_priority_weight_strategy.py
[2024-10-26T20:29:56.114+0000] {processor.py:914} INFO - Processing file /home/airflow/.local/lib/python3.12/site-packages/airflow/example_dags/plugins/decreasing_priority_weight_strategy.py for tasks to queue
[2024-10-26T20:29:56.116+0000] {logging_mixin.py:190} INFO - [2024-10-26T20:29:56.116+0000] {dagbag.py:588} INFO - Filling up the DagBag from /home/airflow/.local/lib/python3.12/site-packages/airflow/example_dags/plugins/decreasing_priority_weight_strategy.py
[2024-10-26T20:29:56.119+0000] {processor.py:927} WARNING - No viable dags retrieved from /home/airflow/.local/lib/python3.12/site-packages/airflow/example_dags/plugins/decreasing_priority_weight_strategy.py
[2024-10-26T20:29:56.133+0000] {processor.py:208} INFO - Processing /home/airflow/.local/lib/python3.12/site-packages/airflow/example_dags/plugins/decreasing_priority_weight_strategy.py took 0.026 seconds
[2024-10-26T20:30:28.939+0000] {processor.py:186} INFO - Started process (PID=22590) to work on /home/airflow/.local/lib/python3.12/site-packages/airflow/example_dags/plugins/decreasing_priority_weight_strategy.py
[2024-10-26T20:30:28.940+0000] {processor.py:914} INFO - Processing file /home/airflow/.local/lib/python3.12/site-packages/airflow/example_dags/plugins/decreasing_priority_weight_strategy.py for tasks to queue
[2024-10-26T20:30:28.942+0000] {logging_mixin.py:190} INFO - [2024-10-26T20:30:28.942+0000] {dagbag.py:588} INFO - Filling up the DagBag from /home/airflow/.local/lib/python3.12/site-packages/airflow/example_dags/plugins/decreasing_priority_weight_strategy.py
[2024-10-26T20:30:28.944+0000] {processor.py:927} WARNING - No viable dags retrieved from /home/airflow/.local/lib/python3.12/site-packages/airflow/example_dags/plugins/decreasing_priority_weight_strategy.py
[2024-10-26T20:30:28.957+0000] {processor.py:208} INFO - Processing /home/airflow/.local/lib/python3.12/site-packages/airflow/example_dags/plugins/decreasing_priority_weight_strategy.py took 0.024 seconds
[2024-10-26T20:31:01.039+0000] {processor.py:186} INFO - Started process (PID=22654) to work on /home/airflow/.local/lib/python3.12/site-packages/airflow/example_dags/plugins/decreasing_priority_weight_strategy.py
[2024-10-26T20:31:01.040+0000] {processor.py:914} INFO - Processing file /home/airflow/.local/lib/python3.12/site-packages/airflow/example_dags/plugins/decreasing_priority_weight_strategy.py for tasks to queue
[2024-10-26T20:31:01.042+0000] {logging_mixin.py:190} INFO - [2024-10-26T20:31:01.041+0000] {dagbag.py:588} INFO - Filling up the DagBag from /home/airflow/.local/lib/python3.12/site-packages/airflow/example_dags/plugins/decreasing_priority_weight_strategy.py
[2024-10-26T20:31:01.044+0000] {processor.py:927} WARNING - No viable dags retrieved from /home/airflow/.local/lib/python3.12/site-packages/airflow/example_dags/plugins/decreasing_priority_weight_strategy.py
[2024-10-26T20:31:01.055+0000] {processor.py:208} INFO - Processing /home/airflow/.local/lib/python3.12/site-packages/airflow/example_dags/plugins/decreasing_priority_weight_strategy.py took 0.021 seconds
[2024-10-26T20:31:33.752+0000] {processor.py:186} INFO - Started process (PID=22718) to work on /home/airflow/.local/lib/python3.12/site-packages/airflow/example_dags/plugins/decreasing_priority_weight_strategy.py
[2024-10-26T20:31:33.753+0000] {processor.py:914} INFO - Processing file /home/airflow/.local/lib/python3.12/site-packages/airflow/example_dags/plugins/decreasing_priority_weight_strategy.py for tasks to queue
[2024-10-26T20:31:33.755+0000] {logging_mixin.py:190} INFO - [2024-10-26T20:31:33.755+0000] {dagbag.py:588} INFO - Filling up the DagBag from /home/airflow/.local/lib/python3.12/site-packages/airflow/example_dags/plugins/decreasing_priority_weight_strategy.py
[2024-10-26T20:31:33.758+0000] {processor.py:927} WARNING - No viable dags retrieved from /home/airflow/.local/lib/python3.12/site-packages/airflow/example_dags/plugins/decreasing_priority_weight_strategy.py
[2024-10-26T20:31:33.771+0000] {processor.py:208} INFO - Processing /home/airflow/.local/lib/python3.12/site-packages/airflow/example_dags/plugins/decreasing_priority_weight_strategy.py took 0.026 seconds
[2024-10-26T20:32:06.379+0000] {processor.py:186} INFO - Started process (PID=22782) to work on /home/airflow/.local/lib/python3.12/site-packages/airflow/example_dags/plugins/decreasing_priority_weight_strategy.py
[2024-10-26T20:32:06.381+0000] {processor.py:914} INFO - Processing file /home/airflow/.local/lib/python3.12/site-packages/airflow/example_dags/plugins/decreasing_priority_weight_strategy.py for tasks to queue
[2024-10-26T20:32:06.383+0000] {logging_mixin.py:190} INFO - [2024-10-26T20:32:06.383+0000] {dagbag.py:588} INFO - Filling up the DagBag from /home/airflow/.local/lib/python3.12/site-packages/airflow/example_dags/plugins/decreasing_priority_weight_strategy.py
[2024-10-26T20:32:06.386+0000] {processor.py:927} WARNING - No viable dags retrieved from /home/airflow/.local/lib/python3.12/site-packages/airflow/example_dags/plugins/decreasing_priority_weight_strategy.py
[2024-10-26T20:32:06.400+0000] {processor.py:208} INFO - Processing /home/airflow/.local/lib/python3.12/site-packages/airflow/example_dags/plugins/decreasing_priority_weight_strategy.py took 0.027 seconds
[2024-10-26T20:32:39.118+0000] {processor.py:186} INFO - Started process (PID=22846) to work on /home/airflow/.local/lib/python3.12/site-packages/airflow/example_dags/plugins/decreasing_priority_weight_strategy.py
[2024-10-26T20:32:39.120+0000] {processor.py:914} INFO - Processing file /home/airflow/.local/lib/python3.12/site-packages/airflow/example_dags/plugins/decreasing_priority_weight_strategy.py for tasks to queue
[2024-10-26T20:32:39.123+0000] {logging_mixin.py:190} INFO - [2024-10-26T20:32:39.122+0000] {dagbag.py:588} INFO - Filling up the DagBag from /home/airflow/.local/lib/python3.12/site-packages/airflow/example_dags/plugins/decreasing_priority_weight_strategy.py
[2024-10-26T20:32:39.127+0000] {processor.py:927} WARNING - No viable dags retrieved from /home/airflow/.local/lib/python3.12/site-packages/airflow/example_dags/plugins/decreasing_priority_weight_strategy.py
[2024-10-26T20:32:39.143+0000] {processor.py:208} INFO - Processing /home/airflow/.local/lib/python3.12/site-packages/airflow/example_dags/plugins/decreasing_priority_weight_strategy.py took 0.031 seconds
[2024-10-26T20:33:11.896+0000] {processor.py:186} INFO - Started process (PID=22910) to work on /home/airflow/.local/lib/python3.12/site-packages/airflow/example_dags/plugins/decreasing_priority_weight_strategy.py
[2024-10-26T20:33:11.897+0000] {processor.py:914} INFO - Processing file /home/airflow/.local/lib/python3.12/site-packages/airflow/example_dags/plugins/decreasing_priority_weight_strategy.py for tasks to queue
[2024-10-26T20:33:11.899+0000] {logging_mixin.py:190} INFO - [2024-10-26T20:33:11.898+0000] {dagbag.py:588} INFO - Filling up the DagBag from /home/airflow/.local/lib/python3.12/site-packages/airflow/example_dags/plugins/decreasing_priority_weight_strategy.py
[2024-10-26T20:33:11.901+0000] {processor.py:927} WARNING - No viable dags retrieved from /home/airflow/.local/lib/python3.12/site-packages/airflow/example_dags/plugins/decreasing_priority_weight_strategy.py
[2024-10-26T20:33:11.912+0000] {processor.py:208} INFO - Processing /home/airflow/.local/lib/python3.12/site-packages/airflow/example_dags/plugins/decreasing_priority_weight_strategy.py took 0.022 seconds
[2024-10-26T20:33:44.495+0000] {processor.py:186} INFO - Started process (PID=22974) to work on /home/airflow/.local/lib/python3.12/site-packages/airflow/example_dags/plugins/decreasing_priority_weight_strategy.py
[2024-10-26T20:33:44.496+0000] {processor.py:914} INFO - Processing file /home/airflow/.local/lib/python3.12/site-packages/airflow/example_dags/plugins/decreasing_priority_weight_strategy.py for tasks to queue
[2024-10-26T20:33:44.500+0000] {logging_mixin.py:190} INFO - [2024-10-26T20:33:44.499+0000] {dagbag.py:588} INFO - Filling up the DagBag from /home/airflow/.local/lib/python3.12/site-packages/airflow/example_dags/plugins/decreasing_priority_weight_strategy.py
[2024-10-26T20:33:44.502+0000] {processor.py:927} WARNING - No viable dags retrieved from /home/airflow/.local/lib/python3.12/site-packages/airflow/example_dags/plugins/decreasing_priority_weight_strategy.py
[2024-10-26T20:33:44.516+0000] {processor.py:208} INFO - Processing /home/airflow/.local/lib/python3.12/site-packages/airflow/example_dags/plugins/decreasing_priority_weight_strategy.py took 0.027 seconds
[2024-10-26T20:34:19.671+0000] {processor.py:186} INFO - Started process (PID=23038) to work on /home/airflow/.local/lib/python3.12/site-packages/airflow/example_dags/plugins/decreasing_priority_weight_strategy.py
[2024-10-26T20:34:19.672+0000] {processor.py:914} INFO - Processing file /home/airflow/.local/lib/python3.12/site-packages/airflow/example_dags/plugins/decreasing_priority_weight_strategy.py for tasks to queue
[2024-10-26T20:34:19.676+0000] {logging_mixin.py:190} INFO - [2024-10-26T20:34:19.675+0000] {dagbag.py:588} INFO - Filling up the DagBag from /home/airflow/.local/lib/python3.12/site-packages/airflow/example_dags/plugins/decreasing_priority_weight_strategy.py
[2024-10-26T20:34:19.679+0000] {processor.py:927} WARNING - No viable dags retrieved from /home/airflow/.local/lib/python3.12/site-packages/airflow/example_dags/plugins/decreasing_priority_weight_strategy.py
[2024-10-26T20:34:19.692+0000] {processor.py:208} INFO - Processing /home/airflow/.local/lib/python3.12/site-packages/airflow/example_dags/plugins/decreasing_priority_weight_strategy.py took 0.029 seconds
[2024-10-26T20:34:50.764+0000] {processor.py:186} INFO - Started process (PID=23102) to work on /home/airflow/.local/lib/python3.12/site-packages/airflow/example_dags/plugins/decreasing_priority_weight_strategy.py
[2024-10-26T20:34:50.765+0000] {processor.py:914} INFO - Processing file /home/airflow/.local/lib/python3.12/site-packages/airflow/example_dags/plugins/decreasing_priority_weight_strategy.py for tasks to queue
[2024-10-26T20:34:50.767+0000] {logging_mixin.py:190} INFO - [2024-10-26T20:34:50.767+0000] {dagbag.py:588} INFO - Filling up the DagBag from /home/airflow/.local/lib/python3.12/site-packages/airflow/example_dags/plugins/decreasing_priority_weight_strategy.py
[2024-10-26T20:34:50.770+0000] {processor.py:927} WARNING - No viable dags retrieved from /home/airflow/.local/lib/python3.12/site-packages/airflow/example_dags/plugins/decreasing_priority_weight_strategy.py
[2024-10-26T20:34:50.781+0000] {processor.py:208} INFO - Processing /home/airflow/.local/lib/python3.12/site-packages/airflow/example_dags/plugins/decreasing_priority_weight_strategy.py took 0.022 seconds
[2024-10-26T20:35:21.959+0000] {processor.py:186} INFO - Started process (PID=23166) to work on /home/airflow/.local/lib/python3.12/site-packages/airflow/example_dags/plugins/decreasing_priority_weight_strategy.py
[2024-10-26T20:35:21.961+0000] {processor.py:914} INFO - Processing file /home/airflow/.local/lib/python3.12/site-packages/airflow/example_dags/plugins/decreasing_priority_weight_strategy.py for tasks to queue
[2024-10-26T20:35:21.963+0000] {logging_mixin.py:190} INFO - [2024-10-26T20:35:21.963+0000] {dagbag.py:588} INFO - Filling up the DagBag from /home/airflow/.local/lib/python3.12/site-packages/airflow/example_dags/plugins/decreasing_priority_weight_strategy.py
[2024-10-26T20:35:21.966+0000] {processor.py:927} WARNING - No viable dags retrieved from /home/airflow/.local/lib/python3.12/site-packages/airflow/example_dags/plugins/decreasing_priority_weight_strategy.py
[2024-10-26T20:35:21.980+0000] {processor.py:208} INFO - Processing /home/airflow/.local/lib/python3.12/site-packages/airflow/example_dags/plugins/decreasing_priority_weight_strategy.py took 0.027 seconds
[2024-10-26T20:35:55.940+0000] {processor.py:186} INFO - Started process (PID=23230) to work on /home/airflow/.local/lib/python3.12/site-packages/airflow/example_dags/plugins/decreasing_priority_weight_strategy.py
[2024-10-26T20:35:55.941+0000] {processor.py:914} INFO - Processing file /home/airflow/.local/lib/python3.12/site-packages/airflow/example_dags/plugins/decreasing_priority_weight_strategy.py for tasks to queue
[2024-10-26T20:35:55.944+0000] {logging_mixin.py:190} INFO - [2024-10-26T20:35:55.943+0000] {dagbag.py:588} INFO - Filling up the DagBag from /home/airflow/.local/lib/python3.12/site-packages/airflow/example_dags/plugins/decreasing_priority_weight_strategy.py
[2024-10-26T20:35:55.947+0000] {processor.py:927} WARNING - No viable dags retrieved from /home/airflow/.local/lib/python3.12/site-packages/airflow/example_dags/plugins/decreasing_priority_weight_strategy.py
[2024-10-26T20:35:55.960+0000] {processor.py:208} INFO - Processing /home/airflow/.local/lib/python3.12/site-packages/airflow/example_dags/plugins/decreasing_priority_weight_strategy.py took 0.028 seconds
[2024-10-26T20:36:30.638+0000] {processor.py:186} INFO - Started process (PID=23294) to work on /home/airflow/.local/lib/python3.12/site-packages/airflow/example_dags/plugins/decreasing_priority_weight_strategy.py
[2024-10-26T20:36:30.639+0000] {processor.py:914} INFO - Processing file /home/airflow/.local/lib/python3.12/site-packages/airflow/example_dags/plugins/decreasing_priority_weight_strategy.py for tasks to queue
[2024-10-26T20:36:30.642+0000] {logging_mixin.py:190} INFO - [2024-10-26T20:36:30.641+0000] {dagbag.py:588} INFO - Filling up the DagBag from /home/airflow/.local/lib/python3.12/site-packages/airflow/example_dags/plugins/decreasing_priority_weight_strategy.py
[2024-10-26T20:36:30.644+0000] {processor.py:927} WARNING - No viable dags retrieved from /home/airflow/.local/lib/python3.12/site-packages/airflow/example_dags/plugins/decreasing_priority_weight_strategy.py
[2024-10-26T20:36:30.657+0000] {processor.py:208} INFO - Processing /home/airflow/.local/lib/python3.12/site-packages/airflow/example_dags/plugins/decreasing_priority_weight_strategy.py took 0.025 seconds
[2024-10-26T20:37:00.892+0000] {processor.py:186} INFO - Started process (PID=23358) to work on /home/airflow/.local/lib/python3.12/site-packages/airflow/example_dags/plugins/decreasing_priority_weight_strategy.py
[2024-10-26T20:37:00.893+0000] {processor.py:914} INFO - Processing file /home/airflow/.local/lib/python3.12/site-packages/airflow/example_dags/plugins/decreasing_priority_weight_strategy.py for tasks to queue
[2024-10-26T20:37:00.895+0000] {logging_mixin.py:190} INFO - [2024-10-26T20:37:00.895+0000] {dagbag.py:588} INFO - Filling up the DagBag from /home/airflow/.local/lib/python3.12/site-packages/airflow/example_dags/plugins/decreasing_priority_weight_strategy.py
[2024-10-26T20:37:00.897+0000] {processor.py:927} WARNING - No viable dags retrieved from /home/airflow/.local/lib/python3.12/site-packages/airflow/example_dags/plugins/decreasing_priority_weight_strategy.py
[2024-10-26T20:37:00.909+0000] {processor.py:208} INFO - Processing /home/airflow/.local/lib/python3.12/site-packages/airflow/example_dags/plugins/decreasing_priority_weight_strategy.py took 0.023 seconds
[2024-10-26T20:37:32.693+0000] {processor.py:186} INFO - Started process (PID=23422) to work on /home/airflow/.local/lib/python3.12/site-packages/airflow/example_dags/plugins/decreasing_priority_weight_strategy.py
[2024-10-26T20:37:32.694+0000] {processor.py:914} INFO - Processing file /home/airflow/.local/lib/python3.12/site-packages/airflow/example_dags/plugins/decreasing_priority_weight_strategy.py for tasks to queue
[2024-10-26T20:37:32.696+0000] {logging_mixin.py:190} INFO - [2024-10-26T20:37:32.696+0000] {dagbag.py:588} INFO - Filling up the DagBag from /home/airflow/.local/lib/python3.12/site-packages/airflow/example_dags/plugins/decreasing_priority_weight_strategy.py
[2024-10-26T20:37:32.698+0000] {processor.py:927} WARNING - No viable dags retrieved from /home/airflow/.local/lib/python3.12/site-packages/airflow/example_dags/plugins/decreasing_priority_weight_strategy.py
[2024-10-26T20:37:32.709+0000] {processor.py:208} INFO - Processing /home/airflow/.local/lib/python3.12/site-packages/airflow/example_dags/plugins/decreasing_priority_weight_strategy.py took 0.022 seconds
[2024-10-26T20:38:05.399+0000] {processor.py:186} INFO - Started process (PID=23486) to work on /home/airflow/.local/lib/python3.12/site-packages/airflow/example_dags/plugins/decreasing_priority_weight_strategy.py
[2024-10-26T20:38:05.400+0000] {processor.py:914} INFO - Processing file /home/airflow/.local/lib/python3.12/site-packages/airflow/example_dags/plugins/decreasing_priority_weight_strategy.py for tasks to queue
[2024-10-26T20:38:05.402+0000] {logging_mixin.py:190} INFO - [2024-10-26T20:38:05.402+0000] {dagbag.py:588} INFO - Filling up the DagBag from /home/airflow/.local/lib/python3.12/site-packages/airflow/example_dags/plugins/decreasing_priority_weight_strategy.py
[2024-10-26T20:38:05.405+0000] {processor.py:927} WARNING - No viable dags retrieved from /home/airflow/.local/lib/python3.12/site-packages/airflow/example_dags/plugins/decreasing_priority_weight_strategy.py
[2024-10-26T20:38:05.417+0000] {processor.py:208} INFO - Processing /home/airflow/.local/lib/python3.12/site-packages/airflow/example_dags/plugins/decreasing_priority_weight_strategy.py took 0.023 seconds
[2024-10-26T20:38:39.001+0000] {processor.py:186} INFO - Started process (PID=23550) to work on /home/airflow/.local/lib/python3.12/site-packages/airflow/example_dags/plugins/decreasing_priority_weight_strategy.py
[2024-10-26T20:38:39.003+0000] {processor.py:914} INFO - Processing file /home/airflow/.local/lib/python3.12/site-packages/airflow/example_dags/plugins/decreasing_priority_weight_strategy.py for tasks to queue
[2024-10-26T20:38:39.006+0000] {logging_mixin.py:190} INFO - [2024-10-26T20:38:39.005+0000] {dagbag.py:588} INFO - Filling up the DagBag from /home/airflow/.local/lib/python3.12/site-packages/airflow/example_dags/plugins/decreasing_priority_weight_strategy.py
[2024-10-26T20:38:39.008+0000] {processor.py:927} WARNING - No viable dags retrieved from /home/airflow/.local/lib/python3.12/site-packages/airflow/example_dags/plugins/decreasing_priority_weight_strategy.py
[2024-10-26T20:38:39.021+0000] {processor.py:208} INFO - Processing /home/airflow/.local/lib/python3.12/site-packages/airflow/example_dags/plugins/decreasing_priority_weight_strategy.py took 0.026 seconds
[2024-10-26T20:39:11.274+0000] {processor.py:186} INFO - Started process (PID=23614) to work on /home/airflow/.local/lib/python3.12/site-packages/airflow/example_dags/plugins/decreasing_priority_weight_strategy.py
[2024-10-26T20:39:11.275+0000] {processor.py:914} INFO - Processing file /home/airflow/.local/lib/python3.12/site-packages/airflow/example_dags/plugins/decreasing_priority_weight_strategy.py for tasks to queue
[2024-10-26T20:39:11.278+0000] {logging_mixin.py:190} INFO - [2024-10-26T20:39:11.278+0000] {dagbag.py:588} INFO - Filling up the DagBag from /home/airflow/.local/lib/python3.12/site-packages/airflow/example_dags/plugins/decreasing_priority_weight_strategy.py
[2024-10-26T20:39:11.281+0000] {processor.py:927} WARNING - No viable dags retrieved from /home/airflow/.local/lib/python3.12/site-packages/airflow/example_dags/plugins/decreasing_priority_weight_strategy.py
[2024-10-26T20:39:11.297+0000] {processor.py:208} INFO - Processing /home/airflow/.local/lib/python3.12/site-packages/airflow/example_dags/plugins/decreasing_priority_weight_strategy.py took 0.030 seconds
[2024-10-26T20:39:44.043+0000] {processor.py:186} INFO - Started process (PID=23678) to work on /home/airflow/.local/lib/python3.12/site-packages/airflow/example_dags/plugins/decreasing_priority_weight_strategy.py
[2024-10-26T20:39:44.044+0000] {processor.py:914} INFO - Processing file /home/airflow/.local/lib/python3.12/site-packages/airflow/example_dags/plugins/decreasing_priority_weight_strategy.py for tasks to queue
[2024-10-26T20:39:44.048+0000] {logging_mixin.py:190} INFO - [2024-10-26T20:39:44.047+0000] {dagbag.py:588} INFO - Filling up the DagBag from /home/airflow/.local/lib/python3.12/site-packages/airflow/example_dags/plugins/decreasing_priority_weight_strategy.py
[2024-10-26T20:39:44.050+0000] {processor.py:927} WARNING - No viable dags retrieved from /home/airflow/.local/lib/python3.12/site-packages/airflow/example_dags/plugins/decreasing_priority_weight_strategy.py
[2024-10-26T20:39:44.070+0000] {processor.py:208} INFO - Processing /home/airflow/.local/lib/python3.12/site-packages/airflow/example_dags/plugins/decreasing_priority_weight_strategy.py took 0.034 seconds
[2024-10-26T20:40:16.551+0000] {processor.py:186} INFO - Started process (PID=23742) to work on /home/airflow/.local/lib/python3.12/site-packages/airflow/example_dags/plugins/decreasing_priority_weight_strategy.py
[2024-10-26T20:40:16.552+0000] {processor.py:914} INFO - Processing file /home/airflow/.local/lib/python3.12/site-packages/airflow/example_dags/plugins/decreasing_priority_weight_strategy.py for tasks to queue
[2024-10-26T20:40:16.554+0000] {logging_mixin.py:190} INFO - [2024-10-26T20:40:16.554+0000] {dagbag.py:588} INFO - Filling up the DagBag from /home/airflow/.local/lib/python3.12/site-packages/airflow/example_dags/plugins/decreasing_priority_weight_strategy.py
[2024-10-26T20:40:16.556+0000] {processor.py:927} WARNING - No viable dags retrieved from /home/airflow/.local/lib/python3.12/site-packages/airflow/example_dags/plugins/decreasing_priority_weight_strategy.py
[2024-10-26T20:40:16.567+0000] {processor.py:208} INFO - Processing /home/airflow/.local/lib/python3.12/site-packages/airflow/example_dags/plugins/decreasing_priority_weight_strategy.py took 0.021 seconds
[2024-10-26T20:40:49.336+0000] {processor.py:186} INFO - Started process (PID=23807) to work on /home/airflow/.local/lib/python3.12/site-packages/airflow/example_dags/plugins/decreasing_priority_weight_strategy.py
[2024-10-26T20:40:49.337+0000] {processor.py:914} INFO - Processing file /home/airflow/.local/lib/python3.12/site-packages/airflow/example_dags/plugins/decreasing_priority_weight_strategy.py for tasks to queue
[2024-10-26T20:40:49.339+0000] {logging_mixin.py:190} INFO - [2024-10-26T20:40:49.339+0000] {dagbag.py:588} INFO - Filling up the DagBag from /home/airflow/.local/lib/python3.12/site-packages/airflow/example_dags/plugins/decreasing_priority_weight_strategy.py
[2024-10-26T20:40:49.341+0000] {processor.py:927} WARNING - No viable dags retrieved from /home/airflow/.local/lib/python3.12/site-packages/airflow/example_dags/plugins/decreasing_priority_weight_strategy.py
[2024-10-26T20:40:49.353+0000] {processor.py:208} INFO - Processing /home/airflow/.local/lib/python3.12/site-packages/airflow/example_dags/plugins/decreasing_priority_weight_strategy.py took 0.022 seconds
[2024-10-26T20:41:21.912+0000] {processor.py:186} INFO - Started process (PID=23871) to work on /home/airflow/.local/lib/python3.12/site-packages/airflow/example_dags/plugins/decreasing_priority_weight_strategy.py
[2024-10-26T20:41:21.913+0000] {processor.py:914} INFO - Processing file /home/airflow/.local/lib/python3.12/site-packages/airflow/example_dags/plugins/decreasing_priority_weight_strategy.py for tasks to queue
[2024-10-26T20:41:21.916+0000] {logging_mixin.py:190} INFO - [2024-10-26T20:41:21.916+0000] {dagbag.py:588} INFO - Filling up the DagBag from /home/airflow/.local/lib/python3.12/site-packages/airflow/example_dags/plugins/decreasing_priority_weight_strategy.py
[2024-10-26T20:41:21.918+0000] {processor.py:927} WARNING - No viable dags retrieved from /home/airflow/.local/lib/python3.12/site-packages/airflow/example_dags/plugins/decreasing_priority_weight_strategy.py
[2024-10-26T20:41:21.932+0000] {processor.py:208} INFO - Processing /home/airflow/.local/lib/python3.12/site-packages/airflow/example_dags/plugins/decreasing_priority_weight_strategy.py took 0.025 seconds
[2024-10-26T20:41:54.707+0000] {processor.py:186} INFO - Started process (PID=23935) to work on /home/airflow/.local/lib/python3.12/site-packages/airflow/example_dags/plugins/decreasing_priority_weight_strategy.py
[2024-10-26T20:41:54.708+0000] {processor.py:914} INFO - Processing file /home/airflow/.local/lib/python3.12/site-packages/airflow/example_dags/plugins/decreasing_priority_weight_strategy.py for tasks to queue
[2024-10-26T20:41:54.712+0000] {logging_mixin.py:190} INFO - [2024-10-26T20:41:54.711+0000] {dagbag.py:588} INFO - Filling up the DagBag from /home/airflow/.local/lib/python3.12/site-packages/airflow/example_dags/plugins/decreasing_priority_weight_strategy.py
[2024-10-26T20:41:54.715+0000] {processor.py:927} WARNING - No viable dags retrieved from /home/airflow/.local/lib/python3.12/site-packages/airflow/example_dags/plugins/decreasing_priority_weight_strategy.py
[2024-10-26T20:41:54.729+0000] {processor.py:208} INFO - Processing /home/airflow/.local/lib/python3.12/site-packages/airflow/example_dags/plugins/decreasing_priority_weight_strategy.py took 0.026 seconds
[2024-10-26T20:42:27.344+0000] {processor.py:186} INFO - Started process (PID=23999) to work on /home/airflow/.local/lib/python3.12/site-packages/airflow/example_dags/plugins/decreasing_priority_weight_strategy.py
[2024-10-26T20:42:27.345+0000] {processor.py:914} INFO - Processing file /home/airflow/.local/lib/python3.12/site-packages/airflow/example_dags/plugins/decreasing_priority_weight_strategy.py for tasks to queue
[2024-10-26T20:42:27.347+0000] {logging_mixin.py:190} INFO - [2024-10-26T20:42:27.347+0000] {dagbag.py:588} INFO - Filling up the DagBag from /home/airflow/.local/lib/python3.12/site-packages/airflow/example_dags/plugins/decreasing_priority_weight_strategy.py
[2024-10-26T20:42:27.349+0000] {processor.py:927} WARNING - No viable dags retrieved from /home/airflow/.local/lib/python3.12/site-packages/airflow/example_dags/plugins/decreasing_priority_weight_strategy.py
[2024-10-26T20:42:27.362+0000] {processor.py:208} INFO - Processing /home/airflow/.local/lib/python3.12/site-packages/airflow/example_dags/plugins/decreasing_priority_weight_strategy.py took 0.023 seconds
[2024-10-26T20:42:59.951+0000] {processor.py:186} INFO - Started process (PID=24064) to work on /home/airflow/.local/lib/python3.12/site-packages/airflow/example_dags/plugins/decreasing_priority_weight_strategy.py
[2024-10-26T20:42:59.952+0000] {processor.py:914} INFO - Processing file /home/airflow/.local/lib/python3.12/site-packages/airflow/example_dags/plugins/decreasing_priority_weight_strategy.py for tasks to queue
[2024-10-26T20:42:59.954+0000] {logging_mixin.py:190} INFO - [2024-10-26T20:42:59.954+0000] {dagbag.py:588} INFO - Filling up the DagBag from /home/airflow/.local/lib/python3.12/site-packages/airflow/example_dags/plugins/decreasing_priority_weight_strategy.py
[2024-10-26T20:42:59.956+0000] {processor.py:927} WARNING - No viable dags retrieved from /home/airflow/.local/lib/python3.12/site-packages/airflow/example_dags/plugins/decreasing_priority_weight_strategy.py
[2024-10-26T20:42:59.971+0000] {processor.py:208} INFO - Processing /home/airflow/.local/lib/python3.12/site-packages/airflow/example_dags/plugins/decreasing_priority_weight_strategy.py took 0.027 seconds
[2024-10-26T20:43:32.654+0000] {processor.py:186} INFO - Started process (PID=24128) to work on /home/airflow/.local/lib/python3.12/site-packages/airflow/example_dags/plugins/decreasing_priority_weight_strategy.py
[2024-10-26T20:43:32.656+0000] {processor.py:914} INFO - Processing file /home/airflow/.local/lib/python3.12/site-packages/airflow/example_dags/plugins/decreasing_priority_weight_strategy.py for tasks to queue
[2024-10-26T20:43:32.658+0000] {logging_mixin.py:190} INFO - [2024-10-26T20:43:32.657+0000] {dagbag.py:588} INFO - Filling up the DagBag from /home/airflow/.local/lib/python3.12/site-packages/airflow/example_dags/plugins/decreasing_priority_weight_strategy.py
[2024-10-26T20:43:32.660+0000] {processor.py:927} WARNING - No viable dags retrieved from /home/airflow/.local/lib/python3.12/site-packages/airflow/example_dags/plugins/decreasing_priority_weight_strategy.py
[2024-10-26T20:43:32.672+0000] {processor.py:208} INFO - Processing /home/airflow/.local/lib/python3.12/site-packages/airflow/example_dags/plugins/decreasing_priority_weight_strategy.py took 0.023 seconds
[2024-10-26T20:44:05.576+0000] {processor.py:186} INFO - Started process (PID=24194) to work on /home/airflow/.local/lib/python3.12/site-packages/airflow/example_dags/plugins/decreasing_priority_weight_strategy.py
[2024-10-26T20:44:05.577+0000] {processor.py:914} INFO - Processing file /home/airflow/.local/lib/python3.12/site-packages/airflow/example_dags/plugins/decreasing_priority_weight_strategy.py for tasks to queue
[2024-10-26T20:44:05.579+0000] {logging_mixin.py:190} INFO - [2024-10-26T20:44:05.579+0000] {dagbag.py:588} INFO - Filling up the DagBag from /home/airflow/.local/lib/python3.12/site-packages/airflow/example_dags/plugins/decreasing_priority_weight_strategy.py
[2024-10-26T20:44:05.581+0000] {processor.py:927} WARNING - No viable dags retrieved from /home/airflow/.local/lib/python3.12/site-packages/airflow/example_dags/plugins/decreasing_priority_weight_strategy.py
[2024-10-26T20:44:05.595+0000] {processor.py:208} INFO - Processing /home/airflow/.local/lib/python3.12/site-packages/airflow/example_dags/plugins/decreasing_priority_weight_strategy.py took 0.024 seconds
[2024-10-26T20:44:38.393+0000] {processor.py:186} INFO - Started process (PID=24258) to work on /home/airflow/.local/lib/python3.12/site-packages/airflow/example_dags/plugins/decreasing_priority_weight_strategy.py
[2024-10-26T20:44:38.395+0000] {processor.py:914} INFO - Processing file /home/airflow/.local/lib/python3.12/site-packages/airflow/example_dags/plugins/decreasing_priority_weight_strategy.py for tasks to queue
[2024-10-26T20:44:38.398+0000] {logging_mixin.py:190} INFO - [2024-10-26T20:44:38.397+0000] {dagbag.py:588} INFO - Filling up the DagBag from /home/airflow/.local/lib/python3.12/site-packages/airflow/example_dags/plugins/decreasing_priority_weight_strategy.py
[2024-10-26T20:44:38.401+0000] {processor.py:927} WARNING - No viable dags retrieved from /home/airflow/.local/lib/python3.12/site-packages/airflow/example_dags/plugins/decreasing_priority_weight_strategy.py
[2024-10-26T20:44:38.414+0000] {processor.py:208} INFO - Processing /home/airflow/.local/lib/python3.12/site-packages/airflow/example_dags/plugins/decreasing_priority_weight_strategy.py took 0.026 seconds
[2024-10-26T20:45:11.240+0000] {processor.py:186} INFO - Started process (PID=24322) to work on /home/airflow/.local/lib/python3.12/site-packages/airflow/example_dags/plugins/decreasing_priority_weight_strategy.py
[2024-10-26T20:45:11.241+0000] {processor.py:914} INFO - Processing file /home/airflow/.local/lib/python3.12/site-packages/airflow/example_dags/plugins/decreasing_priority_weight_strategy.py for tasks to queue
[2024-10-26T20:45:11.244+0000] {logging_mixin.py:190} INFO - [2024-10-26T20:45:11.244+0000] {dagbag.py:588} INFO - Filling up the DagBag from /home/airflow/.local/lib/python3.12/site-packages/airflow/example_dags/plugins/decreasing_priority_weight_strategy.py
[2024-10-26T20:45:11.246+0000] {processor.py:927} WARNING - No viable dags retrieved from /home/airflow/.local/lib/python3.12/site-packages/airflow/example_dags/plugins/decreasing_priority_weight_strategy.py
[2024-10-26T20:45:11.261+0000] {processor.py:208} INFO - Processing /home/airflow/.local/lib/python3.12/site-packages/airflow/example_dags/plugins/decreasing_priority_weight_strategy.py took 0.028 seconds
[2024-10-26T20:45:44.266+0000] {processor.py:186} INFO - Started process (PID=24387) to work on /home/airflow/.local/lib/python3.12/site-packages/airflow/example_dags/plugins/decreasing_priority_weight_strategy.py
[2024-10-26T20:45:44.267+0000] {processor.py:914} INFO - Processing file /home/airflow/.local/lib/python3.12/site-packages/airflow/example_dags/plugins/decreasing_priority_weight_strategy.py for tasks to queue
[2024-10-26T20:45:44.269+0000] {logging_mixin.py:190} INFO - [2024-10-26T20:45:44.269+0000] {dagbag.py:588} INFO - Filling up the DagBag from /home/airflow/.local/lib/python3.12/site-packages/airflow/example_dags/plugins/decreasing_priority_weight_strategy.py
[2024-10-26T20:45:44.271+0000] {processor.py:927} WARNING - No viable dags retrieved from /home/airflow/.local/lib/python3.12/site-packages/airflow/example_dags/plugins/decreasing_priority_weight_strategy.py
[2024-10-26T20:45:44.283+0000] {processor.py:208} INFO - Processing /home/airflow/.local/lib/python3.12/site-packages/airflow/example_dags/plugins/decreasing_priority_weight_strategy.py took 0.023 seconds
[2024-10-26T20:46:17.032+0000] {processor.py:186} INFO - Started process (PID=24451) to work on /home/airflow/.local/lib/python3.12/site-packages/airflow/example_dags/plugins/decreasing_priority_weight_strategy.py
[2024-10-26T20:46:17.033+0000] {processor.py:914} INFO - Processing file /home/airflow/.local/lib/python3.12/site-packages/airflow/example_dags/plugins/decreasing_priority_weight_strategy.py for tasks to queue
[2024-10-26T20:46:17.036+0000] {logging_mixin.py:190} INFO - [2024-10-26T20:46:17.036+0000] {dagbag.py:588} INFO - Filling up the DagBag from /home/airflow/.local/lib/python3.12/site-packages/airflow/example_dags/plugins/decreasing_priority_weight_strategy.py
[2024-10-26T20:46:17.039+0000] {processor.py:927} WARNING - No viable dags retrieved from /home/airflow/.local/lib/python3.12/site-packages/airflow/example_dags/plugins/decreasing_priority_weight_strategy.py
[2024-10-26T20:46:17.054+0000] {processor.py:208} INFO - Processing /home/airflow/.local/lib/python3.12/site-packages/airflow/example_dags/plugins/decreasing_priority_weight_strategy.py took 0.027 seconds
[2024-10-26T20:46:49.747+0000] {processor.py:186} INFO - Started process (PID=24527) to work on /home/airflow/.local/lib/python3.12/site-packages/airflow/example_dags/plugins/decreasing_priority_weight_strategy.py
[2024-10-26T20:46:49.749+0000] {processor.py:914} INFO - Processing file /home/airflow/.local/lib/python3.12/site-packages/airflow/example_dags/plugins/decreasing_priority_weight_strategy.py for tasks to queue
[2024-10-26T20:46:49.752+0000] {logging_mixin.py:190} INFO - [2024-10-26T20:46:49.752+0000] {dagbag.py:588} INFO - Filling up the DagBag from /home/airflow/.local/lib/python3.12/site-packages/airflow/example_dags/plugins/decreasing_priority_weight_strategy.py
[2024-10-26T20:46:49.754+0000] {processor.py:927} WARNING - No viable dags retrieved from /home/airflow/.local/lib/python3.12/site-packages/airflow/example_dags/plugins/decreasing_priority_weight_strategy.py
[2024-10-26T20:46:49.767+0000] {processor.py:208} INFO - Processing /home/airflow/.local/lib/python3.12/site-packages/airflow/example_dags/plugins/decreasing_priority_weight_strategy.py took 0.026 seconds
[2024-10-26T20:47:22.738+0000] {processor.py:186} INFO - Started process (PID=24594) to work on /home/airflow/.local/lib/python3.12/site-packages/airflow/example_dags/plugins/decreasing_priority_weight_strategy.py
[2024-10-26T20:47:22.739+0000] {processor.py:914} INFO - Processing file /home/airflow/.local/lib/python3.12/site-packages/airflow/example_dags/plugins/decreasing_priority_weight_strategy.py for tasks to queue
[2024-10-26T20:47:22.742+0000] {logging_mixin.py:190} INFO - [2024-10-26T20:47:22.741+0000] {dagbag.py:588} INFO - Filling up the DagBag from /home/airflow/.local/lib/python3.12/site-packages/airflow/example_dags/plugins/decreasing_priority_weight_strategy.py
[2024-10-26T20:47:22.744+0000] {processor.py:927} WARNING - No viable dags retrieved from /home/airflow/.local/lib/python3.12/site-packages/airflow/example_dags/plugins/decreasing_priority_weight_strategy.py
[2024-10-26T20:47:22.756+0000] {processor.py:208} INFO - Processing /home/airflow/.local/lib/python3.12/site-packages/airflow/example_dags/plugins/decreasing_priority_weight_strategy.py took 0.024 seconds
[2024-10-26T20:47:55.515+0000] {processor.py:186} INFO - Started process (PID=24658) to work on /home/airflow/.local/lib/python3.12/site-packages/airflow/example_dags/plugins/decreasing_priority_weight_strategy.py
[2024-10-26T20:47:55.515+0000] {processor.py:914} INFO - Processing file /home/airflow/.local/lib/python3.12/site-packages/airflow/example_dags/plugins/decreasing_priority_weight_strategy.py for tasks to queue
[2024-10-26T20:47:55.518+0000] {logging_mixin.py:190} INFO - [2024-10-26T20:47:55.517+0000] {dagbag.py:588} INFO - Filling up the DagBag from /home/airflow/.local/lib/python3.12/site-packages/airflow/example_dags/plugins/decreasing_priority_weight_strategy.py
[2024-10-26T20:47:55.519+0000] {processor.py:927} WARNING - No viable dags retrieved from /home/airflow/.local/lib/python3.12/site-packages/airflow/example_dags/plugins/decreasing_priority_weight_strategy.py
[2024-10-26T20:47:55.531+0000] {processor.py:208} INFO - Processing /home/airflow/.local/lib/python3.12/site-packages/airflow/example_dags/plugins/decreasing_priority_weight_strategy.py took 0.021 seconds
[2024-10-26T20:48:28.493+0000] {processor.py:186} INFO - Started process (PID=24722) to work on /home/airflow/.local/lib/python3.12/site-packages/airflow/example_dags/plugins/decreasing_priority_weight_strategy.py
[2024-10-26T20:48:28.495+0000] {processor.py:914} INFO - Processing file /home/airflow/.local/lib/python3.12/site-packages/airflow/example_dags/plugins/decreasing_priority_weight_strategy.py for tasks to queue
[2024-10-26T20:48:28.497+0000] {logging_mixin.py:190} INFO - [2024-10-26T20:48:28.497+0000] {dagbag.py:588} INFO - Filling up the DagBag from /home/airflow/.local/lib/python3.12/site-packages/airflow/example_dags/plugins/decreasing_priority_weight_strategy.py
[2024-10-26T20:48:28.499+0000] {processor.py:927} WARNING - No viable dags retrieved from /home/airflow/.local/lib/python3.12/site-packages/airflow/example_dags/plugins/decreasing_priority_weight_strategy.py
[2024-10-26T20:48:28.512+0000] {processor.py:208} INFO - Processing /home/airflow/.local/lib/python3.12/site-packages/airflow/example_dags/plugins/decreasing_priority_weight_strategy.py took 0.024 seconds
[2024-10-26T20:49:01.315+0000] {processor.py:186} INFO - Started process (PID=24786) to work on /home/airflow/.local/lib/python3.12/site-packages/airflow/example_dags/plugins/decreasing_priority_weight_strategy.py
[2024-10-26T20:49:01.316+0000] {processor.py:914} INFO - Processing file /home/airflow/.local/lib/python3.12/site-packages/airflow/example_dags/plugins/decreasing_priority_weight_strategy.py for tasks to queue
[2024-10-26T20:49:01.319+0000] {logging_mixin.py:190} INFO - [2024-10-26T20:49:01.319+0000] {dagbag.py:588} INFO - Filling up the DagBag from /home/airflow/.local/lib/python3.12/site-packages/airflow/example_dags/plugins/decreasing_priority_weight_strategy.py
[2024-10-26T20:49:01.322+0000] {processor.py:927} WARNING - No viable dags retrieved from /home/airflow/.local/lib/python3.12/site-packages/airflow/example_dags/plugins/decreasing_priority_weight_strategy.py
[2024-10-26T20:49:01.336+0000] {processor.py:208} INFO - Processing /home/airflow/.local/lib/python3.12/site-packages/airflow/example_dags/plugins/decreasing_priority_weight_strategy.py took 0.027 seconds
[2024-10-26T20:49:34.233+0000] {processor.py:186} INFO - Started process (PID=24850) to work on /home/airflow/.local/lib/python3.12/site-packages/airflow/example_dags/plugins/decreasing_priority_weight_strategy.py
[2024-10-26T20:49:34.235+0000] {processor.py:914} INFO - Processing file /home/airflow/.local/lib/python3.12/site-packages/airflow/example_dags/plugins/decreasing_priority_weight_strategy.py for tasks to queue
[2024-10-26T20:49:34.237+0000] {logging_mixin.py:190} INFO - [2024-10-26T20:49:34.237+0000] {dagbag.py:588} INFO - Filling up the DagBag from /home/airflow/.local/lib/python3.12/site-packages/airflow/example_dags/plugins/decreasing_priority_weight_strategy.py
[2024-10-26T20:49:34.239+0000] {processor.py:927} WARNING - No viable dags retrieved from /home/airflow/.local/lib/python3.12/site-packages/airflow/example_dags/plugins/decreasing_priority_weight_strategy.py
[2024-10-26T20:49:34.251+0000] {processor.py:208} INFO - Processing /home/airflow/.local/lib/python3.12/site-packages/airflow/example_dags/plugins/decreasing_priority_weight_strategy.py took 0.023 seconds
[2024-10-26T20:50:07.060+0000] {processor.py:186} INFO - Started process (PID=24914) to work on /home/airflow/.local/lib/python3.12/site-packages/airflow/example_dags/plugins/decreasing_priority_weight_strategy.py
[2024-10-26T20:50:07.062+0000] {processor.py:914} INFO - Processing file /home/airflow/.local/lib/python3.12/site-packages/airflow/example_dags/plugins/decreasing_priority_weight_strategy.py for tasks to queue
[2024-10-26T20:50:07.064+0000] {logging_mixin.py:190} INFO - [2024-10-26T20:50:07.064+0000] {dagbag.py:588} INFO - Filling up the DagBag from /home/airflow/.local/lib/python3.12/site-packages/airflow/example_dags/plugins/decreasing_priority_weight_strategy.py
[2024-10-26T20:50:07.067+0000] {processor.py:927} WARNING - No viable dags retrieved from /home/airflow/.local/lib/python3.12/site-packages/airflow/example_dags/plugins/decreasing_priority_weight_strategy.py
[2024-10-26T20:50:07.079+0000] {processor.py:208} INFO - Processing /home/airflow/.local/lib/python3.12/site-packages/airflow/example_dags/plugins/decreasing_priority_weight_strategy.py took 0.026 seconds
[2024-10-26T20:50:40.109+0000] {processor.py:186} INFO - Started process (PID=24978) to work on /home/airflow/.local/lib/python3.12/site-packages/airflow/example_dags/plugins/decreasing_priority_weight_strategy.py
[2024-10-26T20:50:40.109+0000] {processor.py:914} INFO - Processing file /home/airflow/.local/lib/python3.12/site-packages/airflow/example_dags/plugins/decreasing_priority_weight_strategy.py for tasks to queue
[2024-10-26T20:50:40.112+0000] {logging_mixin.py:190} INFO - [2024-10-26T20:50:40.111+0000] {dagbag.py:588} INFO - Filling up the DagBag from /home/airflow/.local/lib/python3.12/site-packages/airflow/example_dags/plugins/decreasing_priority_weight_strategy.py
[2024-10-26T20:50:40.114+0000] {processor.py:927} WARNING - No viable dags retrieved from /home/airflow/.local/lib/python3.12/site-packages/airflow/example_dags/plugins/decreasing_priority_weight_strategy.py
[2024-10-26T20:50:40.126+0000] {processor.py:208} INFO - Processing /home/airflow/.local/lib/python3.12/site-packages/airflow/example_dags/plugins/decreasing_priority_weight_strategy.py took 0.022 seconds
[2024-10-26T20:51:11.798+0000] {processor.py:186} INFO - Started process (PID=25042) to work on /home/airflow/.local/lib/python3.12/site-packages/airflow/example_dags/plugins/decreasing_priority_weight_strategy.py
[2024-10-26T20:51:11.799+0000] {processor.py:914} INFO - Processing file /home/airflow/.local/lib/python3.12/site-packages/airflow/example_dags/plugins/decreasing_priority_weight_strategy.py for tasks to queue
[2024-10-26T20:51:11.801+0000] {logging_mixin.py:190} INFO - [2024-10-26T20:51:11.801+0000] {dagbag.py:588} INFO - Filling up the DagBag from /home/airflow/.local/lib/python3.12/site-packages/airflow/example_dags/plugins/decreasing_priority_weight_strategy.py
[2024-10-26T20:51:11.804+0000] {processor.py:927} WARNING - No viable dags retrieved from /home/airflow/.local/lib/python3.12/site-packages/airflow/example_dags/plugins/decreasing_priority_weight_strategy.py
[2024-10-26T20:51:11.818+0000] {processor.py:208} INFO - Processing /home/airflow/.local/lib/python3.12/site-packages/airflow/example_dags/plugins/decreasing_priority_weight_strategy.py took 0.026 seconds
[2024-10-26T20:51:44.637+0000] {processor.py:186} INFO - Started process (PID=25106) to work on /home/airflow/.local/lib/python3.12/site-packages/airflow/example_dags/plugins/decreasing_priority_weight_strategy.py
[2024-10-26T20:51:44.638+0000] {processor.py:914} INFO - Processing file /home/airflow/.local/lib/python3.12/site-packages/airflow/example_dags/plugins/decreasing_priority_weight_strategy.py for tasks to queue
[2024-10-26T20:51:44.640+0000] {logging_mixin.py:190} INFO - [2024-10-26T20:51:44.640+0000] {dagbag.py:588} INFO - Filling up the DagBag from /home/airflow/.local/lib/python3.12/site-packages/airflow/example_dags/plugins/decreasing_priority_weight_strategy.py
[2024-10-26T20:51:44.642+0000] {processor.py:927} WARNING - No viable dags retrieved from /home/airflow/.local/lib/python3.12/site-packages/airflow/example_dags/plugins/decreasing_priority_weight_strategy.py
[2024-10-26T20:51:44.655+0000] {processor.py:208} INFO - Processing /home/airflow/.local/lib/python3.12/site-packages/airflow/example_dags/plugins/decreasing_priority_weight_strategy.py took 0.025 seconds
[2024-10-26T20:52:17.463+0000] {processor.py:186} INFO - Started process (PID=25170) to work on /home/airflow/.local/lib/python3.12/site-packages/airflow/example_dags/plugins/decreasing_priority_weight_strategy.py
[2024-10-26T20:52:17.464+0000] {processor.py:914} INFO - Processing file /home/airflow/.local/lib/python3.12/site-packages/airflow/example_dags/plugins/decreasing_priority_weight_strategy.py for tasks to queue
[2024-10-26T20:52:17.467+0000] {logging_mixin.py:190} INFO - [2024-10-26T20:52:17.466+0000] {dagbag.py:588} INFO - Filling up the DagBag from /home/airflow/.local/lib/python3.12/site-packages/airflow/example_dags/plugins/decreasing_priority_weight_strategy.py
[2024-10-26T20:52:17.469+0000] {processor.py:927} WARNING - No viable dags retrieved from /home/airflow/.local/lib/python3.12/site-packages/airflow/example_dags/plugins/decreasing_priority_weight_strategy.py
[2024-10-26T20:52:17.481+0000] {processor.py:208} INFO - Processing /home/airflow/.local/lib/python3.12/site-packages/airflow/example_dags/plugins/decreasing_priority_weight_strategy.py took 0.025 seconds
[2024-10-26T20:52:50.761+0000] {processor.py:186} INFO - Started process (PID=25234) to work on /home/airflow/.local/lib/python3.12/site-packages/airflow/example_dags/plugins/decreasing_priority_weight_strategy.py
[2024-10-26T20:52:50.763+0000] {processor.py:914} INFO - Processing file /home/airflow/.local/lib/python3.12/site-packages/airflow/example_dags/plugins/decreasing_priority_weight_strategy.py for tasks to queue
[2024-10-26T20:52:50.765+0000] {logging_mixin.py:190} INFO - [2024-10-26T20:52:50.765+0000] {dagbag.py:588} INFO - Filling up the DagBag from /home/airflow/.local/lib/python3.12/site-packages/airflow/example_dags/plugins/decreasing_priority_weight_strategy.py
[2024-10-26T20:52:50.768+0000] {processor.py:927} WARNING - No viable dags retrieved from /home/airflow/.local/lib/python3.12/site-packages/airflow/example_dags/plugins/decreasing_priority_weight_strategy.py
[2024-10-26T20:52:50.783+0000] {processor.py:208} INFO - Processing /home/airflow/.local/lib/python3.12/site-packages/airflow/example_dags/plugins/decreasing_priority_weight_strategy.py took 0.028 seconds
[2024-10-26T20:53:23.756+0000] {processor.py:186} INFO - Started process (PID=25298) to work on /home/airflow/.local/lib/python3.12/site-packages/airflow/example_dags/plugins/decreasing_priority_weight_strategy.py
[2024-10-26T20:53:23.757+0000] {processor.py:914} INFO - Processing file /home/airflow/.local/lib/python3.12/site-packages/airflow/example_dags/plugins/decreasing_priority_weight_strategy.py for tasks to queue
[2024-10-26T20:53:23.760+0000] {logging_mixin.py:190} INFO - [2024-10-26T20:53:23.759+0000] {dagbag.py:588} INFO - Filling up the DagBag from /home/airflow/.local/lib/python3.12/site-packages/airflow/example_dags/plugins/decreasing_priority_weight_strategy.py
[2024-10-26T20:53:23.762+0000] {processor.py:927} WARNING - No viable dags retrieved from /home/airflow/.local/lib/python3.12/site-packages/airflow/example_dags/plugins/decreasing_priority_weight_strategy.py
[2024-10-26T20:53:23.777+0000] {processor.py:208} INFO - Processing /home/airflow/.local/lib/python3.12/site-packages/airflow/example_dags/plugins/decreasing_priority_weight_strategy.py took 0.027 seconds
[2024-10-26T20:53:55.440+0000] {processor.py:186} INFO - Started process (PID=25362) to work on /home/airflow/.local/lib/python3.12/site-packages/airflow/example_dags/plugins/decreasing_priority_weight_strategy.py
[2024-10-26T20:53:55.441+0000] {processor.py:914} INFO - Processing file /home/airflow/.local/lib/python3.12/site-packages/airflow/example_dags/plugins/decreasing_priority_weight_strategy.py for tasks to queue
[2024-10-26T20:53:55.443+0000] {logging_mixin.py:190} INFO - [2024-10-26T20:53:55.442+0000] {dagbag.py:588} INFO - Filling up the DagBag from /home/airflow/.local/lib/python3.12/site-packages/airflow/example_dags/plugins/decreasing_priority_weight_strategy.py
[2024-10-26T20:53:55.445+0000] {processor.py:927} WARNING - No viable dags retrieved from /home/airflow/.local/lib/python3.12/site-packages/airflow/example_dags/plugins/decreasing_priority_weight_strategy.py
[2024-10-26T20:53:55.456+0000] {processor.py:208} INFO - Processing /home/airflow/.local/lib/python3.12/site-packages/airflow/example_dags/plugins/decreasing_priority_weight_strategy.py took 0.022 seconds
[2024-10-26T20:54:28.067+0000] {processor.py:186} INFO - Started process (PID=25426) to work on /home/airflow/.local/lib/python3.12/site-packages/airflow/example_dags/plugins/decreasing_priority_weight_strategy.py
[2024-10-26T20:54:28.068+0000] {processor.py:914} INFO - Processing file /home/airflow/.local/lib/python3.12/site-packages/airflow/example_dags/plugins/decreasing_priority_weight_strategy.py for tasks to queue
[2024-10-26T20:54:28.071+0000] {logging_mixin.py:190} INFO - [2024-10-26T20:54:28.071+0000] {dagbag.py:588} INFO - Filling up the DagBag from /home/airflow/.local/lib/python3.12/site-packages/airflow/example_dags/plugins/decreasing_priority_weight_strategy.py
[2024-10-26T20:54:28.074+0000] {processor.py:927} WARNING - No viable dags retrieved from /home/airflow/.local/lib/python3.12/site-packages/airflow/example_dags/plugins/decreasing_priority_weight_strategy.py
[2024-10-26T20:54:28.089+0000] {processor.py:208} INFO - Processing /home/airflow/.local/lib/python3.12/site-packages/airflow/example_dags/plugins/decreasing_priority_weight_strategy.py took 0.027 seconds
[2024-10-26T20:55:00.946+0000] {processor.py:186} INFO - Started process (PID=25490) to work on /home/airflow/.local/lib/python3.12/site-packages/airflow/example_dags/plugins/decreasing_priority_weight_strategy.py
[2024-10-26T20:55:00.947+0000] {processor.py:914} INFO - Processing file /home/airflow/.local/lib/python3.12/site-packages/airflow/example_dags/plugins/decreasing_priority_weight_strategy.py for tasks to queue
[2024-10-26T20:55:00.949+0000] {logging_mixin.py:190} INFO - [2024-10-26T20:55:00.949+0000] {dagbag.py:588} INFO - Filling up the DagBag from /home/airflow/.local/lib/python3.12/site-packages/airflow/example_dags/plugins/decreasing_priority_weight_strategy.py
[2024-10-26T20:55:00.951+0000] {processor.py:927} WARNING - No viable dags retrieved from /home/airflow/.local/lib/python3.12/site-packages/airflow/example_dags/plugins/decreasing_priority_weight_strategy.py
[2024-10-26T20:55:00.963+0000] {processor.py:208} INFO - Processing /home/airflow/.local/lib/python3.12/site-packages/airflow/example_dags/plugins/decreasing_priority_weight_strategy.py took 0.023 seconds
[2024-10-26T20:55:33.689+0000] {processor.py:186} INFO - Started process (PID=25554) to work on /home/airflow/.local/lib/python3.12/site-packages/airflow/example_dags/plugins/decreasing_priority_weight_strategy.py
[2024-10-26T20:55:33.690+0000] {processor.py:914} INFO - Processing file /home/airflow/.local/lib/python3.12/site-packages/airflow/example_dags/plugins/decreasing_priority_weight_strategy.py for tasks to queue
[2024-10-26T20:55:33.692+0000] {logging_mixin.py:190} INFO - [2024-10-26T20:55:33.692+0000] {dagbag.py:588} INFO - Filling up the DagBag from /home/airflow/.local/lib/python3.12/site-packages/airflow/example_dags/plugins/decreasing_priority_weight_strategy.py
[2024-10-26T20:55:33.694+0000] {processor.py:927} WARNING - No viable dags retrieved from /home/airflow/.local/lib/python3.12/site-packages/airflow/example_dags/plugins/decreasing_priority_weight_strategy.py
[2024-10-26T20:55:33.706+0000] {processor.py:208} INFO - Processing /home/airflow/.local/lib/python3.12/site-packages/airflow/example_dags/plugins/decreasing_priority_weight_strategy.py took 0.023 seconds
[2024-10-26T20:56:06.501+0000] {processor.py:186} INFO - Started process (PID=25618) to work on /home/airflow/.local/lib/python3.12/site-packages/airflow/example_dags/plugins/decreasing_priority_weight_strategy.py
[2024-10-26T20:56:06.502+0000] {processor.py:914} INFO - Processing file /home/airflow/.local/lib/python3.12/site-packages/airflow/example_dags/plugins/decreasing_priority_weight_strategy.py for tasks to queue
[2024-10-26T20:56:06.505+0000] {logging_mixin.py:190} INFO - [2024-10-26T20:56:06.505+0000] {dagbag.py:588} INFO - Filling up the DagBag from /home/airflow/.local/lib/python3.12/site-packages/airflow/example_dags/plugins/decreasing_priority_weight_strategy.py
[2024-10-26T20:56:06.508+0000] {processor.py:927} WARNING - No viable dags retrieved from /home/airflow/.local/lib/python3.12/site-packages/airflow/example_dags/plugins/decreasing_priority_weight_strategy.py
[2024-10-26T20:56:06.523+0000] {processor.py:208} INFO - Processing /home/airflow/.local/lib/python3.12/site-packages/airflow/example_dags/plugins/decreasing_priority_weight_strategy.py took 0.029 seconds
[2024-10-26T20:56:39.793+0000] {processor.py:186} INFO - Started process (PID=25682) to work on /home/airflow/.local/lib/python3.12/site-packages/airflow/example_dags/plugins/decreasing_priority_weight_strategy.py
[2024-10-26T20:56:39.794+0000] {processor.py:914} INFO - Processing file /home/airflow/.local/lib/python3.12/site-packages/airflow/example_dags/plugins/decreasing_priority_weight_strategy.py for tasks to queue
[2024-10-26T20:56:39.797+0000] {logging_mixin.py:190} INFO - [2024-10-26T20:56:39.796+0000] {dagbag.py:588} INFO - Filling up the DagBag from /home/airflow/.local/lib/python3.12/site-packages/airflow/example_dags/plugins/decreasing_priority_weight_strategy.py
[2024-10-26T20:56:39.799+0000] {processor.py:927} WARNING - No viable dags retrieved from /home/airflow/.local/lib/python3.12/site-packages/airflow/example_dags/plugins/decreasing_priority_weight_strategy.py
[2024-10-26T20:56:39.813+0000] {processor.py:208} INFO - Processing /home/airflow/.local/lib/python3.12/site-packages/airflow/example_dags/plugins/decreasing_priority_weight_strategy.py took 0.027 seconds
[2024-10-26T20:57:12.272+0000] {processor.py:186} INFO - Started process (PID=25746) to work on /home/airflow/.local/lib/python3.12/site-packages/airflow/example_dags/plugins/decreasing_priority_weight_strategy.py
[2024-10-26T20:57:12.273+0000] {processor.py:914} INFO - Processing file /home/airflow/.local/lib/python3.12/site-packages/airflow/example_dags/plugins/decreasing_priority_weight_strategy.py for tasks to queue
[2024-10-26T20:57:12.276+0000] {logging_mixin.py:190} INFO - [2024-10-26T20:57:12.275+0000] {dagbag.py:588} INFO - Filling up the DagBag from /home/airflow/.local/lib/python3.12/site-packages/airflow/example_dags/plugins/decreasing_priority_weight_strategy.py
[2024-10-26T20:57:12.277+0000] {processor.py:927} WARNING - No viable dags retrieved from /home/airflow/.local/lib/python3.12/site-packages/airflow/example_dags/plugins/decreasing_priority_weight_strategy.py
[2024-10-26T20:57:12.289+0000] {processor.py:208} INFO - Processing /home/airflow/.local/lib/python3.12/site-packages/airflow/example_dags/plugins/decreasing_priority_weight_strategy.py took 0.021 seconds
[2024-10-26T20:57:44.931+0000] {processor.py:186} INFO - Started process (PID=25810) to work on /home/airflow/.local/lib/python3.12/site-packages/airflow/example_dags/plugins/decreasing_priority_weight_strategy.py
[2024-10-26T20:57:44.932+0000] {processor.py:914} INFO - Processing file /home/airflow/.local/lib/python3.12/site-packages/airflow/example_dags/plugins/decreasing_priority_weight_strategy.py for tasks to queue
[2024-10-26T20:57:44.935+0000] {logging_mixin.py:190} INFO - [2024-10-26T20:57:44.934+0000] {dagbag.py:588} INFO - Filling up the DagBag from /home/airflow/.local/lib/python3.12/site-packages/airflow/example_dags/plugins/decreasing_priority_weight_strategy.py
[2024-10-26T20:57:44.938+0000] {processor.py:927} WARNING - No viable dags retrieved from /home/airflow/.local/lib/python3.12/site-packages/airflow/example_dags/plugins/decreasing_priority_weight_strategy.py
[2024-10-26T20:57:44.951+0000] {processor.py:208} INFO - Processing /home/airflow/.local/lib/python3.12/site-packages/airflow/example_dags/plugins/decreasing_priority_weight_strategy.py took 0.026 seconds
[2024-10-26T20:58:17.680+0000] {processor.py:186} INFO - Started process (PID=25874) to work on /home/airflow/.local/lib/python3.12/site-packages/airflow/example_dags/plugins/decreasing_priority_weight_strategy.py
[2024-10-26T20:58:17.681+0000] {processor.py:914} INFO - Processing file /home/airflow/.local/lib/python3.12/site-packages/airflow/example_dags/plugins/decreasing_priority_weight_strategy.py for tasks to queue
[2024-10-26T20:58:17.683+0000] {logging_mixin.py:190} INFO - [2024-10-26T20:58:17.683+0000] {dagbag.py:588} INFO - Filling up the DagBag from /home/airflow/.local/lib/python3.12/site-packages/airflow/example_dags/plugins/decreasing_priority_weight_strategy.py
[2024-10-26T20:58:17.685+0000] {processor.py:927} WARNING - No viable dags retrieved from /home/airflow/.local/lib/python3.12/site-packages/airflow/example_dags/plugins/decreasing_priority_weight_strategy.py
[2024-10-26T20:58:17.697+0000] {processor.py:208} INFO - Processing /home/airflow/.local/lib/python3.12/site-packages/airflow/example_dags/plugins/decreasing_priority_weight_strategy.py took 0.022 seconds
[2024-10-26T20:58:50.742+0000] {processor.py:186} INFO - Started process (PID=25938) to work on /home/airflow/.local/lib/python3.12/site-packages/airflow/example_dags/plugins/decreasing_priority_weight_strategy.py
[2024-10-26T20:58:50.743+0000] {processor.py:914} INFO - Processing file /home/airflow/.local/lib/python3.12/site-packages/airflow/example_dags/plugins/decreasing_priority_weight_strategy.py for tasks to queue
[2024-10-26T20:58:50.745+0000] {logging_mixin.py:190} INFO - [2024-10-26T20:58:50.745+0000] {dagbag.py:588} INFO - Filling up the DagBag from /home/airflow/.local/lib/python3.12/site-packages/airflow/example_dags/plugins/decreasing_priority_weight_strategy.py
[2024-10-26T20:58:50.748+0000] {processor.py:927} WARNING - No viable dags retrieved from /home/airflow/.local/lib/python3.12/site-packages/airflow/example_dags/plugins/decreasing_priority_weight_strategy.py
[2024-10-26T20:58:50.761+0000] {processor.py:208} INFO - Processing /home/airflow/.local/lib/python3.12/site-packages/airflow/example_dags/plugins/decreasing_priority_weight_strategy.py took 0.024 seconds
[2024-10-26T20:59:23.368+0000] {processor.py:186} INFO - Started process (PID=26002) to work on /home/airflow/.local/lib/python3.12/site-packages/airflow/example_dags/plugins/decreasing_priority_weight_strategy.py
[2024-10-26T20:59:23.370+0000] {processor.py:914} INFO - Processing file /home/airflow/.local/lib/python3.12/site-packages/airflow/example_dags/plugins/decreasing_priority_weight_strategy.py for tasks to queue
[2024-10-26T20:59:23.372+0000] {logging_mixin.py:190} INFO - [2024-10-26T20:59:23.372+0000] {dagbag.py:588} INFO - Filling up the DagBag from /home/airflow/.local/lib/python3.12/site-packages/airflow/example_dags/plugins/decreasing_priority_weight_strategy.py
[2024-10-26T20:59:23.375+0000] {processor.py:927} WARNING - No viable dags retrieved from /home/airflow/.local/lib/python3.12/site-packages/airflow/example_dags/plugins/decreasing_priority_weight_strategy.py
[2024-10-26T20:59:23.387+0000] {processor.py:208} INFO - Processing /home/airflow/.local/lib/python3.12/site-packages/airflow/example_dags/plugins/decreasing_priority_weight_strategy.py took 0.024 seconds
[2024-10-26T20:59:56.305+0000] {processor.py:186} INFO - Started process (PID=26066) to work on /home/airflow/.local/lib/python3.12/site-packages/airflow/example_dags/plugins/decreasing_priority_weight_strategy.py
[2024-10-26T20:59:56.306+0000] {processor.py:914} INFO - Processing file /home/airflow/.local/lib/python3.12/site-packages/airflow/example_dags/plugins/decreasing_priority_weight_strategy.py for tasks to queue
[2024-10-26T20:59:56.308+0000] {logging_mixin.py:190} INFO - [2024-10-26T20:59:56.308+0000] {dagbag.py:588} INFO - Filling up the DagBag from /home/airflow/.local/lib/python3.12/site-packages/airflow/example_dags/plugins/decreasing_priority_weight_strategy.py
[2024-10-26T20:59:56.310+0000] {processor.py:927} WARNING - No viable dags retrieved from /home/airflow/.local/lib/python3.12/site-packages/airflow/example_dags/plugins/decreasing_priority_weight_strategy.py
[2024-10-26T20:59:56.322+0000] {processor.py:208} INFO - Processing /home/airflow/.local/lib/python3.12/site-packages/airflow/example_dags/plugins/decreasing_priority_weight_strategy.py took 0.023 seconds
[2024-10-26T21:00:28.349+0000] {processor.py:186} INFO - Started process (PID=26130) to work on /home/airflow/.local/lib/python3.12/site-packages/airflow/example_dags/plugins/decreasing_priority_weight_strategy.py
[2024-10-26T21:00:28.351+0000] {processor.py:914} INFO - Processing file /home/airflow/.local/lib/python3.12/site-packages/airflow/example_dags/plugins/decreasing_priority_weight_strategy.py for tasks to queue
[2024-10-26T21:00:28.353+0000] {logging_mixin.py:190} INFO - [2024-10-26T21:00:28.353+0000] {dagbag.py:588} INFO - Filling up the DagBag from /home/airflow/.local/lib/python3.12/site-packages/airflow/example_dags/plugins/decreasing_priority_weight_strategy.py
[2024-10-26T21:00:28.355+0000] {processor.py:927} WARNING - No viable dags retrieved from /home/airflow/.local/lib/python3.12/site-packages/airflow/example_dags/plugins/decreasing_priority_weight_strategy.py
[2024-10-26T21:00:28.368+0000] {processor.py:208} INFO - Processing /home/airflow/.local/lib/python3.12/site-packages/airflow/example_dags/plugins/decreasing_priority_weight_strategy.py took 0.025 seconds
[2024-10-26T21:01:01.241+0000] {processor.py:186} INFO - Started process (PID=26194) to work on /home/airflow/.local/lib/python3.12/site-packages/airflow/example_dags/plugins/decreasing_priority_weight_strategy.py
[2024-10-26T21:01:01.242+0000] {processor.py:914} INFO - Processing file /home/airflow/.local/lib/python3.12/site-packages/airflow/example_dags/plugins/decreasing_priority_weight_strategy.py for tasks to queue
[2024-10-26T21:01:01.245+0000] {logging_mixin.py:190} INFO - [2024-10-26T21:01:01.244+0000] {dagbag.py:588} INFO - Filling up the DagBag from /home/airflow/.local/lib/python3.12/site-packages/airflow/example_dags/plugins/decreasing_priority_weight_strategy.py
[2024-10-26T21:01:01.247+0000] {processor.py:927} WARNING - No viable dags retrieved from /home/airflow/.local/lib/python3.12/site-packages/airflow/example_dags/plugins/decreasing_priority_weight_strategy.py
[2024-10-26T21:01:01.260+0000] {processor.py:208} INFO - Processing /home/airflow/.local/lib/python3.12/site-packages/airflow/example_dags/plugins/decreasing_priority_weight_strategy.py took 0.025 seconds
[2024-10-26T21:01:34.404+0000] {processor.py:186} INFO - Started process (PID=26258) to work on /home/airflow/.local/lib/python3.12/site-packages/airflow/example_dags/plugins/decreasing_priority_weight_strategy.py
[2024-10-26T21:01:34.405+0000] {processor.py:914} INFO - Processing file /home/airflow/.local/lib/python3.12/site-packages/airflow/example_dags/plugins/decreasing_priority_weight_strategy.py for tasks to queue
[2024-10-26T21:01:34.409+0000] {logging_mixin.py:190} INFO - [2024-10-26T21:01:34.407+0000] {dagbag.py:588} INFO - Filling up the DagBag from /home/airflow/.local/lib/python3.12/site-packages/airflow/example_dags/plugins/decreasing_priority_weight_strategy.py
[2024-10-26T21:01:34.412+0000] {processor.py:927} WARNING - No viable dags retrieved from /home/airflow/.local/lib/python3.12/site-packages/airflow/example_dags/plugins/decreasing_priority_weight_strategy.py
[2024-10-26T21:01:34.423+0000] {processor.py:208} INFO - Processing /home/airflow/.local/lib/python3.12/site-packages/airflow/example_dags/plugins/decreasing_priority_weight_strategy.py took 0.025 seconds
[2024-10-26T21:02:09.049+0000] {processor.py:186} INFO - Started process (PID=26322) to work on /home/airflow/.local/lib/python3.12/site-packages/airflow/example_dags/plugins/decreasing_priority_weight_strategy.py
[2024-10-26T21:02:09.051+0000] {processor.py:914} INFO - Processing file /home/airflow/.local/lib/python3.12/site-packages/airflow/example_dags/plugins/decreasing_priority_weight_strategy.py for tasks to queue
[2024-10-26T21:02:09.054+0000] {logging_mixin.py:190} INFO - [2024-10-26T21:02:09.053+0000] {dagbag.py:588} INFO - Filling up the DagBag from /home/airflow/.local/lib/python3.12/site-packages/airflow/example_dags/plugins/decreasing_priority_weight_strategy.py
[2024-10-26T21:02:09.057+0000] {processor.py:927} WARNING - No viable dags retrieved from /home/airflow/.local/lib/python3.12/site-packages/airflow/example_dags/plugins/decreasing_priority_weight_strategy.py
[2024-10-26T21:02:09.074+0000] {processor.py:208} INFO - Processing /home/airflow/.local/lib/python3.12/site-packages/airflow/example_dags/plugins/decreasing_priority_weight_strategy.py took 0.033 seconds
[2024-10-26T21:02:41.483+0000] {processor.py:186} INFO - Started process (PID=26386) to work on /home/airflow/.local/lib/python3.12/site-packages/airflow/example_dags/plugins/decreasing_priority_weight_strategy.py
[2024-10-26T21:02:41.484+0000] {processor.py:914} INFO - Processing file /home/airflow/.local/lib/python3.12/site-packages/airflow/example_dags/plugins/decreasing_priority_weight_strategy.py for tasks to queue
[2024-10-26T21:02:41.486+0000] {logging_mixin.py:190} INFO - [2024-10-26T21:02:41.486+0000] {dagbag.py:588} INFO - Filling up the DagBag from /home/airflow/.local/lib/python3.12/site-packages/airflow/example_dags/plugins/decreasing_priority_weight_strategy.py
[2024-10-26T21:02:41.488+0000] {processor.py:927} WARNING - No viable dags retrieved from /home/airflow/.local/lib/python3.12/site-packages/airflow/example_dags/plugins/decreasing_priority_weight_strategy.py
[2024-10-26T21:02:41.501+0000] {processor.py:208} INFO - Processing /home/airflow/.local/lib/python3.12/site-packages/airflow/example_dags/plugins/decreasing_priority_weight_strategy.py took 0.024 seconds
[2024-10-26T21:03:15.063+0000] {processor.py:186} INFO - Started process (PID=26450) to work on /home/airflow/.local/lib/python3.12/site-packages/airflow/example_dags/plugins/decreasing_priority_weight_strategy.py
[2024-10-26T21:03:15.064+0000] {processor.py:914} INFO - Processing file /home/airflow/.local/lib/python3.12/site-packages/airflow/example_dags/plugins/decreasing_priority_weight_strategy.py for tasks to queue
[2024-10-26T21:03:15.067+0000] {logging_mixin.py:190} INFO - [2024-10-26T21:03:15.067+0000] {dagbag.py:588} INFO - Filling up the DagBag from /home/airflow/.local/lib/python3.12/site-packages/airflow/example_dags/plugins/decreasing_priority_weight_strategy.py
[2024-10-26T21:03:15.069+0000] {processor.py:927} WARNING - No viable dags retrieved from /home/airflow/.local/lib/python3.12/site-packages/airflow/example_dags/plugins/decreasing_priority_weight_strategy.py
[2024-10-26T21:03:15.082+0000] {processor.py:208} INFO - Processing /home/airflow/.local/lib/python3.12/site-packages/airflow/example_dags/plugins/decreasing_priority_weight_strategy.py took 0.025 seconds
[2024-10-26T21:03:45.271+0000] {processor.py:186} INFO - Started process (PID=26514) to work on /home/airflow/.local/lib/python3.12/site-packages/airflow/example_dags/plugins/decreasing_priority_weight_strategy.py
[2024-10-26T21:03:45.273+0000] {processor.py:914} INFO - Processing file /home/airflow/.local/lib/python3.12/site-packages/airflow/example_dags/plugins/decreasing_priority_weight_strategy.py for tasks to queue
[2024-10-26T21:03:45.276+0000] {logging_mixin.py:190} INFO - [2024-10-26T21:03:45.276+0000] {dagbag.py:588} INFO - Filling up the DagBag from /home/airflow/.local/lib/python3.12/site-packages/airflow/example_dags/plugins/decreasing_priority_weight_strategy.py
[2024-10-26T21:03:45.279+0000] {processor.py:927} WARNING - No viable dags retrieved from /home/airflow/.local/lib/python3.12/site-packages/airflow/example_dags/plugins/decreasing_priority_weight_strategy.py
[2024-10-26T21:03:45.297+0000] {processor.py:208} INFO - Processing /home/airflow/.local/lib/python3.12/site-packages/airflow/example_dags/plugins/decreasing_priority_weight_strategy.py took 0.033 seconds
[2024-10-26T21:04:18.585+0000] {processor.py:186} INFO - Started process (PID=26578) to work on /home/airflow/.local/lib/python3.12/site-packages/airflow/example_dags/plugins/decreasing_priority_weight_strategy.py
[2024-10-26T21:04:18.586+0000] {processor.py:914} INFO - Processing file /home/airflow/.local/lib/python3.12/site-packages/airflow/example_dags/plugins/decreasing_priority_weight_strategy.py for tasks to queue
[2024-10-26T21:04:18.588+0000] {logging_mixin.py:190} INFO - [2024-10-26T21:04:18.588+0000] {dagbag.py:588} INFO - Filling up the DagBag from /home/airflow/.local/lib/python3.12/site-packages/airflow/example_dags/plugins/decreasing_priority_weight_strategy.py
[2024-10-26T21:04:18.590+0000] {processor.py:927} WARNING - No viable dags retrieved from /home/airflow/.local/lib/python3.12/site-packages/airflow/example_dags/plugins/decreasing_priority_weight_strategy.py
[2024-10-26T21:04:18.603+0000] {processor.py:208} INFO - Processing /home/airflow/.local/lib/python3.12/site-packages/airflow/example_dags/plugins/decreasing_priority_weight_strategy.py took 0.023 seconds
[2024-10-26T21:04:52.136+0000] {processor.py:186} INFO - Started process (PID=26642) to work on /home/airflow/.local/lib/python3.12/site-packages/airflow/example_dags/plugins/decreasing_priority_weight_strategy.py
[2024-10-26T21:04:52.138+0000] {processor.py:914} INFO - Processing file /home/airflow/.local/lib/python3.12/site-packages/airflow/example_dags/plugins/decreasing_priority_weight_strategy.py for tasks to queue
[2024-10-26T21:04:52.140+0000] {logging_mixin.py:190} INFO - [2024-10-26T21:04:52.140+0000] {dagbag.py:588} INFO - Filling up the DagBag from /home/airflow/.local/lib/python3.12/site-packages/airflow/example_dags/plugins/decreasing_priority_weight_strategy.py
[2024-10-26T21:04:52.142+0000] {processor.py:927} WARNING - No viable dags retrieved from /home/airflow/.local/lib/python3.12/site-packages/airflow/example_dags/plugins/decreasing_priority_weight_strategy.py
[2024-10-26T21:04:52.153+0000] {processor.py:208} INFO - Processing /home/airflow/.local/lib/python3.12/site-packages/airflow/example_dags/plugins/decreasing_priority_weight_strategy.py took 0.022 seconds
[2024-10-26T21:05:24.843+0000] {processor.py:186} INFO - Started process (PID=26706) to work on /home/airflow/.local/lib/python3.12/site-packages/airflow/example_dags/plugins/decreasing_priority_weight_strategy.py
[2024-10-26T21:05:24.844+0000] {processor.py:914} INFO - Processing file /home/airflow/.local/lib/python3.12/site-packages/airflow/example_dags/plugins/decreasing_priority_weight_strategy.py for tasks to queue
[2024-10-26T21:05:24.846+0000] {logging_mixin.py:190} INFO - [2024-10-26T21:05:24.845+0000] {dagbag.py:588} INFO - Filling up the DagBag from /home/airflow/.local/lib/python3.12/site-packages/airflow/example_dags/plugins/decreasing_priority_weight_strategy.py
[2024-10-26T21:05:24.848+0000] {processor.py:927} WARNING - No viable dags retrieved from /home/airflow/.local/lib/python3.12/site-packages/airflow/example_dags/plugins/decreasing_priority_weight_strategy.py
[2024-10-26T21:05:24.860+0000] {processor.py:208} INFO - Processing /home/airflow/.local/lib/python3.12/site-packages/airflow/example_dags/plugins/decreasing_priority_weight_strategy.py took 0.023 seconds
[2024-10-26T21:05:55.838+0000] {processor.py:186} INFO - Started process (PID=26770) to work on /home/airflow/.local/lib/python3.12/site-packages/airflow/example_dags/plugins/decreasing_priority_weight_strategy.py
[2024-10-26T21:05:55.840+0000] {processor.py:914} INFO - Processing file /home/airflow/.local/lib/python3.12/site-packages/airflow/example_dags/plugins/decreasing_priority_weight_strategy.py for tasks to queue
[2024-10-26T21:05:55.843+0000] {logging_mixin.py:190} INFO - [2024-10-26T21:05:55.843+0000] {dagbag.py:588} INFO - Filling up the DagBag from /home/airflow/.local/lib/python3.12/site-packages/airflow/example_dags/plugins/decreasing_priority_weight_strategy.py
[2024-10-26T21:05:55.846+0000] {processor.py:927} WARNING - No viable dags retrieved from /home/airflow/.local/lib/python3.12/site-packages/airflow/example_dags/plugins/decreasing_priority_weight_strategy.py
[2024-10-26T21:05:55.861+0000] {processor.py:208} INFO - Processing /home/airflow/.local/lib/python3.12/site-packages/airflow/example_dags/plugins/decreasing_priority_weight_strategy.py took 0.030 seconds
[2024-10-26T21:06:28.927+0000] {processor.py:186} INFO - Started process (PID=26834) to work on /home/airflow/.local/lib/python3.12/site-packages/airflow/example_dags/plugins/decreasing_priority_weight_strategy.py
[2024-10-26T21:06:28.928+0000] {processor.py:914} INFO - Processing file /home/airflow/.local/lib/python3.12/site-packages/airflow/example_dags/plugins/decreasing_priority_weight_strategy.py for tasks to queue
[2024-10-26T21:06:28.930+0000] {logging_mixin.py:190} INFO - [2024-10-26T21:06:28.930+0000] {dagbag.py:588} INFO - Filling up the DagBag from /home/airflow/.local/lib/python3.12/site-packages/airflow/example_dags/plugins/decreasing_priority_weight_strategy.py
[2024-10-26T21:06:28.932+0000] {processor.py:927} WARNING - No viable dags retrieved from /home/airflow/.local/lib/python3.12/site-packages/airflow/example_dags/plugins/decreasing_priority_weight_strategy.py
[2024-10-26T21:06:28.943+0000] {processor.py:208} INFO - Processing /home/airflow/.local/lib/python3.12/site-packages/airflow/example_dags/plugins/decreasing_priority_weight_strategy.py took 0.021 seconds
[2024-10-26T21:07:05.334+0000] {processor.py:186} INFO - Started process (PID=26898) to work on /home/airflow/.local/lib/python3.12/site-packages/airflow/example_dags/plugins/decreasing_priority_weight_strategy.py
[2024-10-26T21:07:05.336+0000] {processor.py:914} INFO - Processing file /home/airflow/.local/lib/python3.12/site-packages/airflow/example_dags/plugins/decreasing_priority_weight_strategy.py for tasks to queue
[2024-10-26T21:07:05.340+0000] {logging_mixin.py:190} INFO - [2024-10-26T21:07:05.340+0000] {dagbag.py:588} INFO - Filling up the DagBag from /home/airflow/.local/lib/python3.12/site-packages/airflow/example_dags/plugins/decreasing_priority_weight_strategy.py
[2024-10-26T21:07:05.345+0000] {processor.py:927} WARNING - No viable dags retrieved from /home/airflow/.local/lib/python3.12/site-packages/airflow/example_dags/plugins/decreasing_priority_weight_strategy.py
[2024-10-26T21:07:05.366+0000] {processor.py:208} INFO - Processing /home/airflow/.local/lib/python3.12/site-packages/airflow/example_dags/plugins/decreasing_priority_weight_strategy.py took 0.044 seconds
[2024-10-26T21:07:36.270+0000] {processor.py:186} INFO - Started process (PID=26962) to work on /home/airflow/.local/lib/python3.12/site-packages/airflow/example_dags/plugins/decreasing_priority_weight_strategy.py
[2024-10-26T21:07:36.271+0000] {processor.py:914} INFO - Processing file /home/airflow/.local/lib/python3.12/site-packages/airflow/example_dags/plugins/decreasing_priority_weight_strategy.py for tasks to queue
[2024-10-26T21:07:36.274+0000] {logging_mixin.py:190} INFO - [2024-10-26T21:07:36.274+0000] {dagbag.py:588} INFO - Filling up the DagBag from /home/airflow/.local/lib/python3.12/site-packages/airflow/example_dags/plugins/decreasing_priority_weight_strategy.py
[2024-10-26T21:07:36.277+0000] {processor.py:927} WARNING - No viable dags retrieved from /home/airflow/.local/lib/python3.12/site-packages/airflow/example_dags/plugins/decreasing_priority_weight_strategy.py
[2024-10-26T21:07:36.290+0000] {processor.py:208} INFO - Processing /home/airflow/.local/lib/python3.12/site-packages/airflow/example_dags/plugins/decreasing_priority_weight_strategy.py took 0.026 seconds
[2024-10-26T21:08:07.678+0000] {processor.py:186} INFO - Started process (PID=27026) to work on /home/airflow/.local/lib/python3.12/site-packages/airflow/example_dags/plugins/decreasing_priority_weight_strategy.py
[2024-10-26T21:08:07.679+0000] {processor.py:914} INFO - Processing file /home/airflow/.local/lib/python3.12/site-packages/airflow/example_dags/plugins/decreasing_priority_weight_strategy.py for tasks to queue
[2024-10-26T21:08:07.683+0000] {logging_mixin.py:190} INFO - [2024-10-26T21:08:07.682+0000] {dagbag.py:588} INFO - Filling up the DagBag from /home/airflow/.local/lib/python3.12/site-packages/airflow/example_dags/plugins/decreasing_priority_weight_strategy.py
[2024-10-26T21:08:07.685+0000] {processor.py:927} WARNING - No viable dags retrieved from /home/airflow/.local/lib/python3.12/site-packages/airflow/example_dags/plugins/decreasing_priority_weight_strategy.py
[2024-10-26T21:08:07.696+0000] {processor.py:208} INFO - Processing /home/airflow/.local/lib/python3.12/site-packages/airflow/example_dags/plugins/decreasing_priority_weight_strategy.py took 0.022 seconds
[2024-10-26T21:08:40.645+0000] {processor.py:186} INFO - Started process (PID=27090) to work on /home/airflow/.local/lib/python3.12/site-packages/airflow/example_dags/plugins/decreasing_priority_weight_strategy.py
[2024-10-26T21:08:40.646+0000] {processor.py:914} INFO - Processing file /home/airflow/.local/lib/python3.12/site-packages/airflow/example_dags/plugins/decreasing_priority_weight_strategy.py for tasks to queue
[2024-10-26T21:08:40.649+0000] {logging_mixin.py:190} INFO - [2024-10-26T21:08:40.648+0000] {dagbag.py:588} INFO - Filling up the DagBag from /home/airflow/.local/lib/python3.12/site-packages/airflow/example_dags/plugins/decreasing_priority_weight_strategy.py
[2024-10-26T21:08:40.651+0000] {processor.py:927} WARNING - No viable dags retrieved from /home/airflow/.local/lib/python3.12/site-packages/airflow/example_dags/plugins/decreasing_priority_weight_strategy.py
[2024-10-26T21:08:40.662+0000] {processor.py:208} INFO - Processing /home/airflow/.local/lib/python3.12/site-packages/airflow/example_dags/plugins/decreasing_priority_weight_strategy.py took 0.022 seconds
[2024-10-26T21:09:14.674+0000] {processor.py:186} INFO - Started process (PID=27154) to work on /home/airflow/.local/lib/python3.12/site-packages/airflow/example_dags/plugins/decreasing_priority_weight_strategy.py
[2024-10-26T21:09:14.675+0000] {processor.py:914} INFO - Processing file /home/airflow/.local/lib/python3.12/site-packages/airflow/example_dags/plugins/decreasing_priority_weight_strategy.py for tasks to queue
[2024-10-26T21:09:14.680+0000] {logging_mixin.py:190} INFO - [2024-10-26T21:09:14.680+0000] {dagbag.py:588} INFO - Filling up the DagBag from /home/airflow/.local/lib/python3.12/site-packages/airflow/example_dags/plugins/decreasing_priority_weight_strategy.py
[2024-10-26T21:09:14.683+0000] {processor.py:927} WARNING - No viable dags retrieved from /home/airflow/.local/lib/python3.12/site-packages/airflow/example_dags/plugins/decreasing_priority_weight_strategy.py
[2024-10-26T21:09:14.698+0000] {processor.py:208} INFO - Processing /home/airflow/.local/lib/python3.12/site-packages/airflow/example_dags/plugins/decreasing_priority_weight_strategy.py took 0.031 seconds
[2024-10-26T21:09:46.298+0000] {processor.py:186} INFO - Started process (PID=27218) to work on /home/airflow/.local/lib/python3.12/site-packages/airflow/example_dags/plugins/decreasing_priority_weight_strategy.py
[2024-10-26T21:09:46.299+0000] {processor.py:914} INFO - Processing file /home/airflow/.local/lib/python3.12/site-packages/airflow/example_dags/plugins/decreasing_priority_weight_strategy.py for tasks to queue
[2024-10-26T21:09:46.302+0000] {logging_mixin.py:190} INFO - [2024-10-26T21:09:46.301+0000] {dagbag.py:588} INFO - Filling up the DagBag from /home/airflow/.local/lib/python3.12/site-packages/airflow/example_dags/plugins/decreasing_priority_weight_strategy.py
[2024-10-26T21:09:46.304+0000] {processor.py:927} WARNING - No viable dags retrieved from /home/airflow/.local/lib/python3.12/site-packages/airflow/example_dags/plugins/decreasing_priority_weight_strategy.py
[2024-10-26T21:09:46.319+0000] {processor.py:208} INFO - Processing /home/airflow/.local/lib/python3.12/site-packages/airflow/example_dags/plugins/decreasing_priority_weight_strategy.py took 0.028 seconds
[2024-10-26T21:10:18.396+0000] {processor.py:186} INFO - Started process (PID=27282) to work on /home/airflow/.local/lib/python3.12/site-packages/airflow/example_dags/plugins/decreasing_priority_weight_strategy.py
[2024-10-26T21:10:18.397+0000] {processor.py:914} INFO - Processing file /home/airflow/.local/lib/python3.12/site-packages/airflow/example_dags/plugins/decreasing_priority_weight_strategy.py for tasks to queue
[2024-10-26T21:10:18.399+0000] {logging_mixin.py:190} INFO - [2024-10-26T21:10:18.399+0000] {dagbag.py:588} INFO - Filling up the DagBag from /home/airflow/.local/lib/python3.12/site-packages/airflow/example_dags/plugins/decreasing_priority_weight_strategy.py
[2024-10-26T21:10:18.401+0000] {processor.py:927} WARNING - No viable dags retrieved from /home/airflow/.local/lib/python3.12/site-packages/airflow/example_dags/plugins/decreasing_priority_weight_strategy.py
[2024-10-26T21:10:18.415+0000] {processor.py:208} INFO - Processing /home/airflow/.local/lib/python3.12/site-packages/airflow/example_dags/plugins/decreasing_priority_weight_strategy.py took 0.025 seconds
[2024-10-26T21:10:53.118+0000] {processor.py:186} INFO - Started process (PID=27346) to work on /home/airflow/.local/lib/python3.12/site-packages/airflow/example_dags/plugins/decreasing_priority_weight_strategy.py
[2024-10-26T21:10:53.119+0000] {processor.py:914} INFO - Processing file /home/airflow/.local/lib/python3.12/site-packages/airflow/example_dags/plugins/decreasing_priority_weight_strategy.py for tasks to queue
[2024-10-26T21:10:53.123+0000] {logging_mixin.py:190} INFO - [2024-10-26T21:10:53.122+0000] {dagbag.py:588} INFO - Filling up the DagBag from /home/airflow/.local/lib/python3.12/site-packages/airflow/example_dags/plugins/decreasing_priority_weight_strategy.py
[2024-10-26T21:10:53.126+0000] {processor.py:927} WARNING - No viable dags retrieved from /home/airflow/.local/lib/python3.12/site-packages/airflow/example_dags/plugins/decreasing_priority_weight_strategy.py
[2024-10-26T21:10:53.139+0000] {processor.py:208} INFO - Processing /home/airflow/.local/lib/python3.12/site-packages/airflow/example_dags/plugins/decreasing_priority_weight_strategy.py took 0.029 seconds
[2024-10-26T21:11:27.461+0000] {processor.py:186} INFO - Started process (PID=27410) to work on /home/airflow/.local/lib/python3.12/site-packages/airflow/example_dags/plugins/decreasing_priority_weight_strategy.py
[2024-10-26T21:11:27.462+0000] {processor.py:914} INFO - Processing file /home/airflow/.local/lib/python3.12/site-packages/airflow/example_dags/plugins/decreasing_priority_weight_strategy.py for tasks to queue
[2024-10-26T21:11:27.465+0000] {logging_mixin.py:190} INFO - [2024-10-26T21:11:27.464+0000] {dagbag.py:588} INFO - Filling up the DagBag from /home/airflow/.local/lib/python3.12/site-packages/airflow/example_dags/plugins/decreasing_priority_weight_strategy.py
[2024-10-26T21:11:27.467+0000] {processor.py:927} WARNING - No viable dags retrieved from /home/airflow/.local/lib/python3.12/site-packages/airflow/example_dags/plugins/decreasing_priority_weight_strategy.py
[2024-10-26T21:11:27.481+0000] {processor.py:208} INFO - Processing /home/airflow/.local/lib/python3.12/site-packages/airflow/example_dags/plugins/decreasing_priority_weight_strategy.py took 0.027 seconds
[2024-10-26T21:11:57.698+0000] {processor.py:186} INFO - Started process (PID=27474) to work on /home/airflow/.local/lib/python3.12/site-packages/airflow/example_dags/plugins/decreasing_priority_weight_strategy.py
[2024-10-26T21:11:57.699+0000] {processor.py:914} INFO - Processing file /home/airflow/.local/lib/python3.12/site-packages/airflow/example_dags/plugins/decreasing_priority_weight_strategy.py for tasks to queue
[2024-10-26T21:11:57.701+0000] {logging_mixin.py:190} INFO - [2024-10-26T21:11:57.701+0000] {dagbag.py:588} INFO - Filling up the DagBag from /home/airflow/.local/lib/python3.12/site-packages/airflow/example_dags/plugins/decreasing_priority_weight_strategy.py
[2024-10-26T21:11:57.703+0000] {processor.py:927} WARNING - No viable dags retrieved from /home/airflow/.local/lib/python3.12/site-packages/airflow/example_dags/plugins/decreasing_priority_weight_strategy.py
[2024-10-26T21:11:57.714+0000] {processor.py:208} INFO - Processing /home/airflow/.local/lib/python3.12/site-packages/airflow/example_dags/plugins/decreasing_priority_weight_strategy.py took 0.021 seconds
[2024-10-26T21:12:29.206+0000] {processor.py:186} INFO - Started process (PID=27538) to work on /home/airflow/.local/lib/python3.12/site-packages/airflow/example_dags/plugins/decreasing_priority_weight_strategy.py
[2024-10-26T21:12:29.207+0000] {processor.py:914} INFO - Processing file /home/airflow/.local/lib/python3.12/site-packages/airflow/example_dags/plugins/decreasing_priority_weight_strategy.py for tasks to queue
[2024-10-26T21:12:29.211+0000] {logging_mixin.py:190} INFO - [2024-10-26T21:12:29.210+0000] {dagbag.py:588} INFO - Filling up the DagBag from /home/airflow/.local/lib/python3.12/site-packages/airflow/example_dags/plugins/decreasing_priority_weight_strategy.py
[2024-10-26T21:12:29.213+0000] {processor.py:927} WARNING - No viable dags retrieved from /home/airflow/.local/lib/python3.12/site-packages/airflow/example_dags/plugins/decreasing_priority_weight_strategy.py
[2024-10-26T21:12:29.228+0000] {processor.py:208} INFO - Processing /home/airflow/.local/lib/python3.12/site-packages/airflow/example_dags/plugins/decreasing_priority_weight_strategy.py took 0.029 seconds
[2024-10-26T21:13:01.066+0000] {processor.py:186} INFO - Started process (PID=27602) to work on /home/airflow/.local/lib/python3.12/site-packages/airflow/example_dags/plugins/decreasing_priority_weight_strategy.py
[2024-10-26T21:13:01.067+0000] {processor.py:914} INFO - Processing file /home/airflow/.local/lib/python3.12/site-packages/airflow/example_dags/plugins/decreasing_priority_weight_strategy.py for tasks to queue
[2024-10-26T21:13:01.069+0000] {logging_mixin.py:190} INFO - [2024-10-26T21:13:01.068+0000] {dagbag.py:588} INFO - Filling up the DagBag from /home/airflow/.local/lib/python3.12/site-packages/airflow/example_dags/plugins/decreasing_priority_weight_strategy.py
[2024-10-26T21:13:01.071+0000] {processor.py:927} WARNING - No viable dags retrieved from /home/airflow/.local/lib/python3.12/site-packages/airflow/example_dags/plugins/decreasing_priority_weight_strategy.py
[2024-10-26T21:13:01.082+0000] {processor.py:208} INFO - Processing /home/airflow/.local/lib/python3.12/site-packages/airflow/example_dags/plugins/decreasing_priority_weight_strategy.py took 0.022 seconds
[2024-10-26T21:13:33.851+0000] {processor.py:186} INFO - Started process (PID=27666) to work on /home/airflow/.local/lib/python3.12/site-packages/airflow/example_dags/plugins/decreasing_priority_weight_strategy.py
[2024-10-26T21:13:33.852+0000] {processor.py:914} INFO - Processing file /home/airflow/.local/lib/python3.12/site-packages/airflow/example_dags/plugins/decreasing_priority_weight_strategy.py for tasks to queue
[2024-10-26T21:13:33.854+0000] {logging_mixin.py:190} INFO - [2024-10-26T21:13:33.854+0000] {dagbag.py:588} INFO - Filling up the DagBag from /home/airflow/.local/lib/python3.12/site-packages/airflow/example_dags/plugins/decreasing_priority_weight_strategy.py
[2024-10-26T21:13:33.856+0000] {processor.py:927} WARNING - No viable dags retrieved from /home/airflow/.local/lib/python3.12/site-packages/airflow/example_dags/plugins/decreasing_priority_weight_strategy.py
[2024-10-26T21:13:33.870+0000] {processor.py:208} INFO - Processing /home/airflow/.local/lib/python3.12/site-packages/airflow/example_dags/plugins/decreasing_priority_weight_strategy.py took 0.024 seconds
[2024-10-26T21:14:06.489+0000] {processor.py:186} INFO - Started process (PID=27730) to work on /home/airflow/.local/lib/python3.12/site-packages/airflow/example_dags/plugins/decreasing_priority_weight_strategy.py
[2024-10-26T21:14:06.490+0000] {processor.py:914} INFO - Processing file /home/airflow/.local/lib/python3.12/site-packages/airflow/example_dags/plugins/decreasing_priority_weight_strategy.py for tasks to queue
[2024-10-26T21:14:06.492+0000] {logging_mixin.py:190} INFO - [2024-10-26T21:14:06.492+0000] {dagbag.py:588} INFO - Filling up the DagBag from /home/airflow/.local/lib/python3.12/site-packages/airflow/example_dags/plugins/decreasing_priority_weight_strategy.py
[2024-10-26T21:14:06.495+0000] {processor.py:927} WARNING - No viable dags retrieved from /home/airflow/.local/lib/python3.12/site-packages/airflow/example_dags/plugins/decreasing_priority_weight_strategy.py
[2024-10-26T21:14:06.506+0000] {processor.py:208} INFO - Processing /home/airflow/.local/lib/python3.12/site-packages/airflow/example_dags/plugins/decreasing_priority_weight_strategy.py took 0.023 seconds
[2024-10-26T21:14:39.189+0000] {processor.py:186} INFO - Started process (PID=27794) to work on /home/airflow/.local/lib/python3.12/site-packages/airflow/example_dags/plugins/decreasing_priority_weight_strategy.py
[2024-10-26T21:14:39.190+0000] {processor.py:914} INFO - Processing file /home/airflow/.local/lib/python3.12/site-packages/airflow/example_dags/plugins/decreasing_priority_weight_strategy.py for tasks to queue
[2024-10-26T21:14:39.193+0000] {logging_mixin.py:190} INFO - [2024-10-26T21:14:39.193+0000] {dagbag.py:588} INFO - Filling up the DagBag from /home/airflow/.local/lib/python3.12/site-packages/airflow/example_dags/plugins/decreasing_priority_weight_strategy.py
[2024-10-26T21:14:39.195+0000] {processor.py:927} WARNING - No viable dags retrieved from /home/airflow/.local/lib/python3.12/site-packages/airflow/example_dags/plugins/decreasing_priority_weight_strategy.py
[2024-10-26T21:14:39.208+0000] {processor.py:208} INFO - Processing /home/airflow/.local/lib/python3.12/site-packages/airflow/example_dags/plugins/decreasing_priority_weight_strategy.py took 0.025 seconds
[2024-10-26T21:15:12.550+0000] {processor.py:186} INFO - Started process (PID=27858) to work on /home/airflow/.local/lib/python3.12/site-packages/airflow/example_dags/plugins/decreasing_priority_weight_strategy.py
[2024-10-26T21:15:12.553+0000] {processor.py:914} INFO - Processing file /home/airflow/.local/lib/python3.12/site-packages/airflow/example_dags/plugins/decreasing_priority_weight_strategy.py for tasks to queue
[2024-10-26T21:15:12.557+0000] {logging_mixin.py:190} INFO - [2024-10-26T21:15:12.556+0000] {dagbag.py:588} INFO - Filling up the DagBag from /home/airflow/.local/lib/python3.12/site-packages/airflow/example_dags/plugins/decreasing_priority_weight_strategy.py
[2024-10-26T21:15:12.559+0000] {processor.py:927} WARNING - No viable dags retrieved from /home/airflow/.local/lib/python3.12/site-packages/airflow/example_dags/plugins/decreasing_priority_weight_strategy.py
[2024-10-26T21:15:12.571+0000] {processor.py:208} INFO - Processing /home/airflow/.local/lib/python3.12/site-packages/airflow/example_dags/plugins/decreasing_priority_weight_strategy.py took 0.029 seconds
[2024-10-26T21:15:45.692+0000] {processor.py:186} INFO - Started process (PID=27922) to work on /home/airflow/.local/lib/python3.12/site-packages/airflow/example_dags/plugins/decreasing_priority_weight_strategy.py
[2024-10-26T21:15:45.694+0000] {processor.py:914} INFO - Processing file /home/airflow/.local/lib/python3.12/site-packages/airflow/example_dags/plugins/decreasing_priority_weight_strategy.py for tasks to queue
[2024-10-26T21:15:45.697+0000] {logging_mixin.py:190} INFO - [2024-10-26T21:15:45.697+0000] {dagbag.py:588} INFO - Filling up the DagBag from /home/airflow/.local/lib/python3.12/site-packages/airflow/example_dags/plugins/decreasing_priority_weight_strategy.py
[2024-10-26T21:15:45.699+0000] {processor.py:927} WARNING - No viable dags retrieved from /home/airflow/.local/lib/python3.12/site-packages/airflow/example_dags/plugins/decreasing_priority_weight_strategy.py
[2024-10-26T21:15:45.714+0000] {processor.py:208} INFO - Processing /home/airflow/.local/lib/python3.12/site-packages/airflow/example_dags/plugins/decreasing_priority_weight_strategy.py took 0.029 seconds
[2024-10-26T21:16:17.819+0000] {processor.py:186} INFO - Started process (PID=27986) to work on /home/airflow/.local/lib/python3.12/site-packages/airflow/example_dags/plugins/decreasing_priority_weight_strategy.py
[2024-10-26T21:16:17.821+0000] {processor.py:914} INFO - Processing file /home/airflow/.local/lib/python3.12/site-packages/airflow/example_dags/plugins/decreasing_priority_weight_strategy.py for tasks to queue
[2024-10-26T21:16:17.828+0000] {logging_mixin.py:190} INFO - [2024-10-26T21:16:17.827+0000] {dagbag.py:588} INFO - Filling up the DagBag from /home/airflow/.local/lib/python3.12/site-packages/airflow/example_dags/plugins/decreasing_priority_weight_strategy.py
[2024-10-26T21:16:17.831+0000] {processor.py:927} WARNING - No viable dags retrieved from /home/airflow/.local/lib/python3.12/site-packages/airflow/example_dags/plugins/decreasing_priority_weight_strategy.py
[2024-10-26T21:16:17.855+0000] {processor.py:208} INFO - Processing /home/airflow/.local/lib/python3.12/site-packages/airflow/example_dags/plugins/decreasing_priority_weight_strategy.py took 0.046 seconds
[2024-10-26T21:16:50.752+0000] {processor.py:186} INFO - Started process (PID=28050) to work on /home/airflow/.local/lib/python3.12/site-packages/airflow/example_dags/plugins/decreasing_priority_weight_strategy.py
[2024-10-26T21:16:50.753+0000] {processor.py:914} INFO - Processing file /home/airflow/.local/lib/python3.12/site-packages/airflow/example_dags/plugins/decreasing_priority_weight_strategy.py for tasks to queue
[2024-10-26T21:16:50.759+0000] {logging_mixin.py:190} INFO - [2024-10-26T21:16:50.758+0000] {dagbag.py:588} INFO - Filling up the DagBag from /home/airflow/.local/lib/python3.12/site-packages/airflow/example_dags/plugins/decreasing_priority_weight_strategy.py
[2024-10-26T21:16:50.761+0000] {processor.py:927} WARNING - No viable dags retrieved from /home/airflow/.local/lib/python3.12/site-packages/airflow/example_dags/plugins/decreasing_priority_weight_strategy.py
[2024-10-26T21:16:50.774+0000] {processor.py:208} INFO - Processing /home/airflow/.local/lib/python3.12/site-packages/airflow/example_dags/plugins/decreasing_priority_weight_strategy.py took 0.029 seconds
[2024-10-26T21:17:24.092+0000] {processor.py:186} INFO - Started process (PID=28114) to work on /home/airflow/.local/lib/python3.12/site-packages/airflow/example_dags/plugins/decreasing_priority_weight_strategy.py
[2024-10-26T21:17:24.094+0000] {processor.py:914} INFO - Processing file /home/airflow/.local/lib/python3.12/site-packages/airflow/example_dags/plugins/decreasing_priority_weight_strategy.py for tasks to queue
[2024-10-26T21:17:24.097+0000] {logging_mixin.py:190} INFO - [2024-10-26T21:17:24.096+0000] {dagbag.py:588} INFO - Filling up the DagBag from /home/airflow/.local/lib/python3.12/site-packages/airflow/example_dags/plugins/decreasing_priority_weight_strategy.py
[2024-10-26T21:17:24.099+0000] {processor.py:927} WARNING - No viable dags retrieved from /home/airflow/.local/lib/python3.12/site-packages/airflow/example_dags/plugins/decreasing_priority_weight_strategy.py
[2024-10-26T21:17:24.110+0000] {processor.py:208} INFO - Processing /home/airflow/.local/lib/python3.12/site-packages/airflow/example_dags/plugins/decreasing_priority_weight_strategy.py took 0.023 seconds
[2024-10-26T21:17:55.783+0000] {processor.py:186} INFO - Started process (PID=28178) to work on /home/airflow/.local/lib/python3.12/site-packages/airflow/example_dags/plugins/decreasing_priority_weight_strategy.py
[2024-10-26T21:17:55.784+0000] {processor.py:914} INFO - Processing file /home/airflow/.local/lib/python3.12/site-packages/airflow/example_dags/plugins/decreasing_priority_weight_strategy.py for tasks to queue
[2024-10-26T21:17:55.786+0000] {logging_mixin.py:190} INFO - [2024-10-26T21:17:55.786+0000] {dagbag.py:588} INFO - Filling up the DagBag from /home/airflow/.local/lib/python3.12/site-packages/airflow/example_dags/plugins/decreasing_priority_weight_strategy.py
[2024-10-26T21:17:55.788+0000] {processor.py:927} WARNING - No viable dags retrieved from /home/airflow/.local/lib/python3.12/site-packages/airflow/example_dags/plugins/decreasing_priority_weight_strategy.py
[2024-10-26T21:17:55.799+0000] {processor.py:208} INFO - Processing /home/airflow/.local/lib/python3.12/site-packages/airflow/example_dags/plugins/decreasing_priority_weight_strategy.py took 0.021 seconds
[2024-10-26T21:18:29.729+0000] {processor.py:186} INFO - Started process (PID=28242) to work on /home/airflow/.local/lib/python3.12/site-packages/airflow/example_dags/plugins/decreasing_priority_weight_strategy.py
[2024-10-26T21:18:29.731+0000] {processor.py:914} INFO - Processing file /home/airflow/.local/lib/python3.12/site-packages/airflow/example_dags/plugins/decreasing_priority_weight_strategy.py for tasks to queue
[2024-10-26T21:18:29.734+0000] {logging_mixin.py:190} INFO - [2024-10-26T21:18:29.733+0000] {dagbag.py:588} INFO - Filling up the DagBag from /home/airflow/.local/lib/python3.12/site-packages/airflow/example_dags/plugins/decreasing_priority_weight_strategy.py
[2024-10-26T21:18:29.737+0000] {processor.py:927} WARNING - No viable dags retrieved from /home/airflow/.local/lib/python3.12/site-packages/airflow/example_dags/plugins/decreasing_priority_weight_strategy.py
[2024-10-26T21:18:29.751+0000] {processor.py:208} INFO - Processing /home/airflow/.local/lib/python3.12/site-packages/airflow/example_dags/plugins/decreasing_priority_weight_strategy.py took 0.030 seconds
[2024-10-26T21:19:01.599+0000] {processor.py:186} INFO - Started process (PID=28306) to work on /home/airflow/.local/lib/python3.12/site-packages/airflow/example_dags/plugins/decreasing_priority_weight_strategy.py
[2024-10-26T21:19:01.600+0000] {processor.py:914} INFO - Processing file /home/airflow/.local/lib/python3.12/site-packages/airflow/example_dags/plugins/decreasing_priority_weight_strategy.py for tasks to queue
[2024-10-26T21:19:01.603+0000] {logging_mixin.py:190} INFO - [2024-10-26T21:19:01.602+0000] {dagbag.py:588} INFO - Filling up the DagBag from /home/airflow/.local/lib/python3.12/site-packages/airflow/example_dags/plugins/decreasing_priority_weight_strategy.py
[2024-10-26T21:19:01.605+0000] {processor.py:927} WARNING - No viable dags retrieved from /home/airflow/.local/lib/python3.12/site-packages/airflow/example_dags/plugins/decreasing_priority_weight_strategy.py
[2024-10-26T21:19:01.617+0000] {processor.py:208} INFO - Processing /home/airflow/.local/lib/python3.12/site-packages/airflow/example_dags/plugins/decreasing_priority_weight_strategy.py took 0.023 seconds
[2024-10-26T21:19:34.190+0000] {processor.py:186} INFO - Started process (PID=28370) to work on /home/airflow/.local/lib/python3.12/site-packages/airflow/example_dags/plugins/decreasing_priority_weight_strategy.py
[2024-10-26T21:19:34.191+0000] {processor.py:914} INFO - Processing file /home/airflow/.local/lib/python3.12/site-packages/airflow/example_dags/plugins/decreasing_priority_weight_strategy.py for tasks to queue
[2024-10-26T21:19:34.194+0000] {logging_mixin.py:190} INFO - [2024-10-26T21:19:34.194+0000] {dagbag.py:588} INFO - Filling up the DagBag from /home/airflow/.local/lib/python3.12/site-packages/airflow/example_dags/plugins/decreasing_priority_weight_strategy.py
[2024-10-26T21:19:34.196+0000] {processor.py:927} WARNING - No viable dags retrieved from /home/airflow/.local/lib/python3.12/site-packages/airflow/example_dags/plugins/decreasing_priority_weight_strategy.py
[2024-10-26T21:19:34.209+0000] {processor.py:208} INFO - Processing /home/airflow/.local/lib/python3.12/site-packages/airflow/example_dags/plugins/decreasing_priority_weight_strategy.py took 0.026 seconds
[2024-10-26T21:20:07.088+0000] {processor.py:186} INFO - Started process (PID=28434) to work on /home/airflow/.local/lib/python3.12/site-packages/airflow/example_dags/plugins/decreasing_priority_weight_strategy.py
[2024-10-26T21:20:07.090+0000] {processor.py:914} INFO - Processing file /home/airflow/.local/lib/python3.12/site-packages/airflow/example_dags/plugins/decreasing_priority_weight_strategy.py for tasks to queue
[2024-10-26T21:20:07.092+0000] {logging_mixin.py:190} INFO - [2024-10-26T21:20:07.092+0000] {dagbag.py:588} INFO - Filling up the DagBag from /home/airflow/.local/lib/python3.12/site-packages/airflow/example_dags/plugins/decreasing_priority_weight_strategy.py
[2024-10-26T21:20:07.094+0000] {processor.py:927} WARNING - No viable dags retrieved from /home/airflow/.local/lib/python3.12/site-packages/airflow/example_dags/plugins/decreasing_priority_weight_strategy.py
[2024-10-26T21:20:07.105+0000] {processor.py:208} INFO - Processing /home/airflow/.local/lib/python3.12/site-packages/airflow/example_dags/plugins/decreasing_priority_weight_strategy.py took 0.025 seconds
[2024-10-26T21:20:39.665+0000] {processor.py:186} INFO - Started process (PID=28499) to work on /home/airflow/.local/lib/python3.12/site-packages/airflow/example_dags/plugins/decreasing_priority_weight_strategy.py
[2024-10-26T21:20:39.666+0000] {processor.py:914} INFO - Processing file /home/airflow/.local/lib/python3.12/site-packages/airflow/example_dags/plugins/decreasing_priority_weight_strategy.py for tasks to queue
[2024-10-26T21:20:39.668+0000] {logging_mixin.py:190} INFO - [2024-10-26T21:20:39.668+0000] {dagbag.py:588} INFO - Filling up the DagBag from /home/airflow/.local/lib/python3.12/site-packages/airflow/example_dags/plugins/decreasing_priority_weight_strategy.py
[2024-10-26T21:20:39.670+0000] {processor.py:927} WARNING - No viable dags retrieved from /home/airflow/.local/lib/python3.12/site-packages/airflow/example_dags/plugins/decreasing_priority_weight_strategy.py
[2024-10-26T21:20:39.684+0000] {processor.py:208} INFO - Processing /home/airflow/.local/lib/python3.12/site-packages/airflow/example_dags/plugins/decreasing_priority_weight_strategy.py took 0.024 seconds
[2024-10-26T21:21:12.305+0000] {processor.py:186} INFO - Started process (PID=28563) to work on /home/airflow/.local/lib/python3.12/site-packages/airflow/example_dags/plugins/decreasing_priority_weight_strategy.py
[2024-10-26T21:21:12.306+0000] {processor.py:914} INFO - Processing file /home/airflow/.local/lib/python3.12/site-packages/airflow/example_dags/plugins/decreasing_priority_weight_strategy.py for tasks to queue
[2024-10-26T21:21:12.309+0000] {logging_mixin.py:190} INFO - [2024-10-26T21:21:12.308+0000] {dagbag.py:588} INFO - Filling up the DagBag from /home/airflow/.local/lib/python3.12/site-packages/airflow/example_dags/plugins/decreasing_priority_weight_strategy.py
[2024-10-26T21:21:12.311+0000] {processor.py:927} WARNING - No viable dags retrieved from /home/airflow/.local/lib/python3.12/site-packages/airflow/example_dags/plugins/decreasing_priority_weight_strategy.py
[2024-10-26T21:21:12.323+0000] {processor.py:208} INFO - Processing /home/airflow/.local/lib/python3.12/site-packages/airflow/example_dags/plugins/decreasing_priority_weight_strategy.py took 0.024 seconds
[2024-10-26T21:21:45.393+0000] {processor.py:186} INFO - Started process (PID=28627) to work on /home/airflow/.local/lib/python3.12/site-packages/airflow/example_dags/plugins/decreasing_priority_weight_strategy.py
[2024-10-26T21:21:45.394+0000] {processor.py:914} INFO - Processing file /home/airflow/.local/lib/python3.12/site-packages/airflow/example_dags/plugins/decreasing_priority_weight_strategy.py for tasks to queue
[2024-10-26T21:21:45.397+0000] {logging_mixin.py:190} INFO - [2024-10-26T21:21:45.396+0000] {dagbag.py:588} INFO - Filling up the DagBag from /home/airflow/.local/lib/python3.12/site-packages/airflow/example_dags/plugins/decreasing_priority_weight_strategy.py
[2024-10-26T21:21:45.399+0000] {processor.py:927} WARNING - No viable dags retrieved from /home/airflow/.local/lib/python3.12/site-packages/airflow/example_dags/plugins/decreasing_priority_weight_strategy.py
[2024-10-26T21:21:45.411+0000] {processor.py:208} INFO - Processing /home/airflow/.local/lib/python3.12/site-packages/airflow/example_dags/plugins/decreasing_priority_weight_strategy.py took 0.022 seconds
[2024-10-26T21:22:18.338+0000] {processor.py:186} INFO - Started process (PID=28691) to work on /home/airflow/.local/lib/python3.12/site-packages/airflow/example_dags/plugins/decreasing_priority_weight_strategy.py
[2024-10-26T21:22:18.339+0000] {processor.py:914} INFO - Processing file /home/airflow/.local/lib/python3.12/site-packages/airflow/example_dags/plugins/decreasing_priority_weight_strategy.py for tasks to queue
[2024-10-26T21:22:18.342+0000] {logging_mixin.py:190} INFO - [2024-10-26T21:22:18.342+0000] {dagbag.py:588} INFO - Filling up the DagBag from /home/airflow/.local/lib/python3.12/site-packages/airflow/example_dags/plugins/decreasing_priority_weight_strategy.py
[2024-10-26T21:22:18.345+0000] {processor.py:927} WARNING - No viable dags retrieved from /home/airflow/.local/lib/python3.12/site-packages/airflow/example_dags/plugins/decreasing_priority_weight_strategy.py
[2024-10-26T21:22:18.356+0000] {processor.py:208} INFO - Processing /home/airflow/.local/lib/python3.12/site-packages/airflow/example_dags/plugins/decreasing_priority_weight_strategy.py took 0.026 seconds
[2024-10-26T21:22:51.113+0000] {processor.py:186} INFO - Started process (PID=28755) to work on /home/airflow/.local/lib/python3.12/site-packages/airflow/example_dags/plugins/decreasing_priority_weight_strategy.py
[2024-10-26T21:22:51.114+0000] {processor.py:914} INFO - Processing file /home/airflow/.local/lib/python3.12/site-packages/airflow/example_dags/plugins/decreasing_priority_weight_strategy.py for tasks to queue
[2024-10-26T21:22:51.117+0000] {logging_mixin.py:190} INFO - [2024-10-26T21:22:51.116+0000] {dagbag.py:588} INFO - Filling up the DagBag from /home/airflow/.local/lib/python3.12/site-packages/airflow/example_dags/plugins/decreasing_priority_weight_strategy.py
[2024-10-26T21:22:51.119+0000] {processor.py:927} WARNING - No viable dags retrieved from /home/airflow/.local/lib/python3.12/site-packages/airflow/example_dags/plugins/decreasing_priority_weight_strategy.py
[2024-10-26T21:22:51.130+0000] {processor.py:208} INFO - Processing /home/airflow/.local/lib/python3.12/site-packages/airflow/example_dags/plugins/decreasing_priority_weight_strategy.py took 0.023 seconds
[2024-10-26T21:23:23.459+0000] {processor.py:186} INFO - Started process (PID=28819) to work on /home/airflow/.local/lib/python3.12/site-packages/airflow/example_dags/plugins/decreasing_priority_weight_strategy.py
[2024-10-26T21:23:23.460+0000] {processor.py:914} INFO - Processing file /home/airflow/.local/lib/python3.12/site-packages/airflow/example_dags/plugins/decreasing_priority_weight_strategy.py for tasks to queue
[2024-10-26T21:23:23.462+0000] {logging_mixin.py:190} INFO - [2024-10-26T21:23:23.462+0000] {dagbag.py:588} INFO - Filling up the DagBag from /home/airflow/.local/lib/python3.12/site-packages/airflow/example_dags/plugins/decreasing_priority_weight_strategy.py
[2024-10-26T21:23:23.464+0000] {processor.py:927} WARNING - No viable dags retrieved from /home/airflow/.local/lib/python3.12/site-packages/airflow/example_dags/plugins/decreasing_priority_weight_strategy.py
[2024-10-26T21:23:23.478+0000] {processor.py:208} INFO - Processing /home/airflow/.local/lib/python3.12/site-packages/airflow/example_dags/plugins/decreasing_priority_weight_strategy.py took 0.025 seconds
[2024-10-26T21:23:56.015+0000] {processor.py:186} INFO - Started process (PID=28883) to work on /home/airflow/.local/lib/python3.12/site-packages/airflow/example_dags/plugins/decreasing_priority_weight_strategy.py
[2024-10-26T21:23:56.016+0000] {processor.py:914} INFO - Processing file /home/airflow/.local/lib/python3.12/site-packages/airflow/example_dags/plugins/decreasing_priority_weight_strategy.py for tasks to queue
[2024-10-26T21:23:56.019+0000] {logging_mixin.py:190} INFO - [2024-10-26T21:23:56.019+0000] {dagbag.py:588} INFO - Filling up the DagBag from /home/airflow/.local/lib/python3.12/site-packages/airflow/example_dags/plugins/decreasing_priority_weight_strategy.py
[2024-10-26T21:23:56.022+0000] {processor.py:927} WARNING - No viable dags retrieved from /home/airflow/.local/lib/python3.12/site-packages/airflow/example_dags/plugins/decreasing_priority_weight_strategy.py
[2024-10-26T21:23:56.034+0000] {processor.py:208} INFO - Processing /home/airflow/.local/lib/python3.12/site-packages/airflow/example_dags/plugins/decreasing_priority_weight_strategy.py took 0.024 seconds
[2024-10-26T21:24:28.736+0000] {processor.py:186} INFO - Started process (PID=28947) to work on /home/airflow/.local/lib/python3.12/site-packages/airflow/example_dags/plugins/decreasing_priority_weight_strategy.py
[2024-10-26T21:24:28.737+0000] {processor.py:914} INFO - Processing file /home/airflow/.local/lib/python3.12/site-packages/airflow/example_dags/plugins/decreasing_priority_weight_strategy.py for tasks to queue
[2024-10-26T21:24:28.739+0000] {logging_mixin.py:190} INFO - [2024-10-26T21:24:28.739+0000] {dagbag.py:588} INFO - Filling up the DagBag from /home/airflow/.local/lib/python3.12/site-packages/airflow/example_dags/plugins/decreasing_priority_weight_strategy.py
[2024-10-26T21:24:28.741+0000] {processor.py:927} WARNING - No viable dags retrieved from /home/airflow/.local/lib/python3.12/site-packages/airflow/example_dags/plugins/decreasing_priority_weight_strategy.py
[2024-10-26T21:24:28.753+0000] {processor.py:208} INFO - Processing /home/airflow/.local/lib/python3.12/site-packages/airflow/example_dags/plugins/decreasing_priority_weight_strategy.py took 0.022 seconds
[2024-10-26T21:25:01.355+0000] {processor.py:186} INFO - Started process (PID=29011) to work on /home/airflow/.local/lib/python3.12/site-packages/airflow/example_dags/plugins/decreasing_priority_weight_strategy.py
[2024-10-26T21:25:01.357+0000] {processor.py:914} INFO - Processing file /home/airflow/.local/lib/python3.12/site-packages/airflow/example_dags/plugins/decreasing_priority_weight_strategy.py for tasks to queue
[2024-10-26T21:25:01.359+0000] {logging_mixin.py:190} INFO - [2024-10-26T21:25:01.359+0000] {dagbag.py:588} INFO - Filling up the DagBag from /home/airflow/.local/lib/python3.12/site-packages/airflow/example_dags/plugins/decreasing_priority_weight_strategy.py
[2024-10-26T21:25:01.361+0000] {processor.py:927} WARNING - No viable dags retrieved from /home/airflow/.local/lib/python3.12/site-packages/airflow/example_dags/plugins/decreasing_priority_weight_strategy.py
[2024-10-26T21:25:01.374+0000] {processor.py:208} INFO - Processing /home/airflow/.local/lib/python3.12/site-packages/airflow/example_dags/plugins/decreasing_priority_weight_strategy.py took 0.024 seconds
[2024-10-26T21:25:33.996+0000] {processor.py:186} INFO - Started process (PID=29075) to work on /home/airflow/.local/lib/python3.12/site-packages/airflow/example_dags/plugins/decreasing_priority_weight_strategy.py
[2024-10-26T21:25:33.998+0000] {processor.py:914} INFO - Processing file /home/airflow/.local/lib/python3.12/site-packages/airflow/example_dags/plugins/decreasing_priority_weight_strategy.py for tasks to queue
[2024-10-26T21:25:34.000+0000] {logging_mixin.py:190} INFO - [2024-10-26T21:25:34.000+0000] {dagbag.py:588} INFO - Filling up the DagBag from /home/airflow/.local/lib/python3.12/site-packages/airflow/example_dags/plugins/decreasing_priority_weight_strategy.py
[2024-10-26T21:25:34.003+0000] {processor.py:927} WARNING - No viable dags retrieved from /home/airflow/.local/lib/python3.12/site-packages/airflow/example_dags/plugins/decreasing_priority_weight_strategy.py
[2024-10-26T21:25:34.016+0000] {processor.py:208} INFO - Processing /home/airflow/.local/lib/python3.12/site-packages/airflow/example_dags/plugins/decreasing_priority_weight_strategy.py took 0.024 seconds
[2024-10-26T21:26:06.709+0000] {processor.py:186} INFO - Started process (PID=29139) to work on /home/airflow/.local/lib/python3.12/site-packages/airflow/example_dags/plugins/decreasing_priority_weight_strategy.py
[2024-10-26T21:26:06.710+0000] {processor.py:914} INFO - Processing file /home/airflow/.local/lib/python3.12/site-packages/airflow/example_dags/plugins/decreasing_priority_weight_strategy.py for tasks to queue
[2024-10-26T21:26:06.712+0000] {logging_mixin.py:190} INFO - [2024-10-26T21:26:06.712+0000] {dagbag.py:588} INFO - Filling up the DagBag from /home/airflow/.local/lib/python3.12/site-packages/airflow/example_dags/plugins/decreasing_priority_weight_strategy.py
[2024-10-26T21:26:06.714+0000] {processor.py:927} WARNING - No viable dags retrieved from /home/airflow/.local/lib/python3.12/site-packages/airflow/example_dags/plugins/decreasing_priority_weight_strategy.py
[2024-10-26T21:26:06.725+0000] {processor.py:208} INFO - Processing /home/airflow/.local/lib/python3.12/site-packages/airflow/example_dags/plugins/decreasing_priority_weight_strategy.py took 0.021 seconds
[2024-10-26T21:26:39.239+0000] {processor.py:186} INFO - Started process (PID=29203) to work on /home/airflow/.local/lib/python3.12/site-packages/airflow/example_dags/plugins/decreasing_priority_weight_strategy.py
[2024-10-26T21:26:39.240+0000] {processor.py:914} INFO - Processing file /home/airflow/.local/lib/python3.12/site-packages/airflow/example_dags/plugins/decreasing_priority_weight_strategy.py for tasks to queue
[2024-10-26T21:26:39.242+0000] {logging_mixin.py:190} INFO - [2024-10-26T21:26:39.241+0000] {dagbag.py:588} INFO - Filling up the DagBag from /home/airflow/.local/lib/python3.12/site-packages/airflow/example_dags/plugins/decreasing_priority_weight_strategy.py
[2024-10-26T21:26:39.244+0000] {processor.py:927} WARNING - No viable dags retrieved from /home/airflow/.local/lib/python3.12/site-packages/airflow/example_dags/plugins/decreasing_priority_weight_strategy.py
[2024-10-26T21:26:39.256+0000] {processor.py:208} INFO - Processing /home/airflow/.local/lib/python3.12/site-packages/airflow/example_dags/plugins/decreasing_priority_weight_strategy.py took 0.022 seconds
[2024-10-26T21:27:11.678+0000] {processor.py:186} INFO - Started process (PID=29267) to work on /home/airflow/.local/lib/python3.12/site-packages/airflow/example_dags/plugins/decreasing_priority_weight_strategy.py
[2024-10-26T21:27:11.680+0000] {processor.py:914} INFO - Processing file /home/airflow/.local/lib/python3.12/site-packages/airflow/example_dags/plugins/decreasing_priority_weight_strategy.py for tasks to queue
[2024-10-26T21:27:11.683+0000] {logging_mixin.py:190} INFO - [2024-10-26T21:27:11.683+0000] {dagbag.py:588} INFO - Filling up the DagBag from /home/airflow/.local/lib/python3.12/site-packages/airflow/example_dags/plugins/decreasing_priority_weight_strategy.py
[2024-10-26T21:27:11.685+0000] {processor.py:927} WARNING - No viable dags retrieved from /home/airflow/.local/lib/python3.12/site-packages/airflow/example_dags/plugins/decreasing_priority_weight_strategy.py
[2024-10-26T21:27:11.697+0000] {processor.py:208} INFO - Processing /home/airflow/.local/lib/python3.12/site-packages/airflow/example_dags/plugins/decreasing_priority_weight_strategy.py took 0.025 seconds
[2024-10-26T21:27:45.292+0000] {processor.py:186} INFO - Started process (PID=29331) to work on /home/airflow/.local/lib/python3.12/site-packages/airflow/example_dags/plugins/decreasing_priority_weight_strategy.py
[2024-10-26T21:27:45.293+0000] {processor.py:914} INFO - Processing file /home/airflow/.local/lib/python3.12/site-packages/airflow/example_dags/plugins/decreasing_priority_weight_strategy.py for tasks to queue
[2024-10-26T21:27:45.295+0000] {logging_mixin.py:190} INFO - [2024-10-26T21:27:45.295+0000] {dagbag.py:588} INFO - Filling up the DagBag from /home/airflow/.local/lib/python3.12/site-packages/airflow/example_dags/plugins/decreasing_priority_weight_strategy.py
[2024-10-26T21:27:45.297+0000] {processor.py:927} WARNING - No viable dags retrieved from /home/airflow/.local/lib/python3.12/site-packages/airflow/example_dags/plugins/decreasing_priority_weight_strategy.py
[2024-10-26T21:27:45.310+0000] {processor.py:208} INFO - Processing /home/airflow/.local/lib/python3.12/site-packages/airflow/example_dags/plugins/decreasing_priority_weight_strategy.py took 0.026 seconds
[2024-10-26T21:28:17.760+0000] {processor.py:186} INFO - Started process (PID=29395) to work on /home/airflow/.local/lib/python3.12/site-packages/airflow/example_dags/plugins/decreasing_priority_weight_strategy.py
[2024-10-26T21:28:17.762+0000] {processor.py:914} INFO - Processing file /home/airflow/.local/lib/python3.12/site-packages/airflow/example_dags/plugins/decreasing_priority_weight_strategy.py for tasks to queue
[2024-10-26T21:28:17.764+0000] {logging_mixin.py:190} INFO - [2024-10-26T21:28:17.764+0000] {dagbag.py:588} INFO - Filling up the DagBag from /home/airflow/.local/lib/python3.12/site-packages/airflow/example_dags/plugins/decreasing_priority_weight_strategy.py
[2024-10-26T21:28:17.766+0000] {processor.py:927} WARNING - No viable dags retrieved from /home/airflow/.local/lib/python3.12/site-packages/airflow/example_dags/plugins/decreasing_priority_weight_strategy.py
[2024-10-26T21:28:17.780+0000] {processor.py:208} INFO - Processing /home/airflow/.local/lib/python3.12/site-packages/airflow/example_dags/plugins/decreasing_priority_weight_strategy.py took 0.025 seconds
[2024-10-26T21:28:50.536+0000] {processor.py:186} INFO - Started process (PID=29459) to work on /home/airflow/.local/lib/python3.12/site-packages/airflow/example_dags/plugins/decreasing_priority_weight_strategy.py
[2024-10-26T21:28:50.537+0000] {processor.py:914} INFO - Processing file /home/airflow/.local/lib/python3.12/site-packages/airflow/example_dags/plugins/decreasing_priority_weight_strategy.py for tasks to queue
[2024-10-26T21:28:50.540+0000] {logging_mixin.py:190} INFO - [2024-10-26T21:28:50.539+0000] {dagbag.py:588} INFO - Filling up the DagBag from /home/airflow/.local/lib/python3.12/site-packages/airflow/example_dags/plugins/decreasing_priority_weight_strategy.py
[2024-10-26T21:28:50.542+0000] {processor.py:927} WARNING - No viable dags retrieved from /home/airflow/.local/lib/python3.12/site-packages/airflow/example_dags/plugins/decreasing_priority_weight_strategy.py
[2024-10-26T21:28:50.557+0000] {processor.py:208} INFO - Processing /home/airflow/.local/lib/python3.12/site-packages/airflow/example_dags/plugins/decreasing_priority_weight_strategy.py took 0.027 seconds
[2024-10-26T21:29:23.357+0000] {processor.py:186} INFO - Started process (PID=29523) to work on /home/airflow/.local/lib/python3.12/site-packages/airflow/example_dags/plugins/decreasing_priority_weight_strategy.py
[2024-10-26T21:29:23.358+0000] {processor.py:914} INFO - Processing file /home/airflow/.local/lib/python3.12/site-packages/airflow/example_dags/plugins/decreasing_priority_weight_strategy.py for tasks to queue
[2024-10-26T21:29:23.361+0000] {logging_mixin.py:190} INFO - [2024-10-26T21:29:23.361+0000] {dagbag.py:588} INFO - Filling up the DagBag from /home/airflow/.local/lib/python3.12/site-packages/airflow/example_dags/plugins/decreasing_priority_weight_strategy.py
[2024-10-26T21:29:23.364+0000] {processor.py:927} WARNING - No viable dags retrieved from /home/airflow/.local/lib/python3.12/site-packages/airflow/example_dags/plugins/decreasing_priority_weight_strategy.py
[2024-10-26T21:29:23.377+0000] {processor.py:208} INFO - Processing /home/airflow/.local/lib/python3.12/site-packages/airflow/example_dags/plugins/decreasing_priority_weight_strategy.py took 0.027 seconds
[2024-10-26T21:29:56.205+0000] {processor.py:186} INFO - Started process (PID=29588) to work on /home/airflow/.local/lib/python3.12/site-packages/airflow/example_dags/plugins/decreasing_priority_weight_strategy.py
[2024-10-26T21:29:56.206+0000] {processor.py:914} INFO - Processing file /home/airflow/.local/lib/python3.12/site-packages/airflow/example_dags/plugins/decreasing_priority_weight_strategy.py for tasks to queue
[2024-10-26T21:29:56.208+0000] {logging_mixin.py:190} INFO - [2024-10-26T21:29:56.208+0000] {dagbag.py:588} INFO - Filling up the DagBag from /home/airflow/.local/lib/python3.12/site-packages/airflow/example_dags/plugins/decreasing_priority_weight_strategy.py
[2024-10-26T21:29:56.210+0000] {processor.py:927} WARNING - No viable dags retrieved from /home/airflow/.local/lib/python3.12/site-packages/airflow/example_dags/plugins/decreasing_priority_weight_strategy.py
[2024-10-26T21:29:56.222+0000] {processor.py:208} INFO - Processing /home/airflow/.local/lib/python3.12/site-packages/airflow/example_dags/plugins/decreasing_priority_weight_strategy.py took 0.022 seconds
[2024-10-26T21:30:28.935+0000] {processor.py:186} INFO - Started process (PID=29652) to work on /home/airflow/.local/lib/python3.12/site-packages/airflow/example_dags/plugins/decreasing_priority_weight_strategy.py
[2024-10-26T21:30:28.936+0000] {processor.py:914} INFO - Processing file /home/airflow/.local/lib/python3.12/site-packages/airflow/example_dags/plugins/decreasing_priority_weight_strategy.py for tasks to queue
[2024-10-26T21:30:28.938+0000] {logging_mixin.py:190} INFO - [2024-10-26T21:30:28.938+0000] {dagbag.py:588} INFO - Filling up the DagBag from /home/airflow/.local/lib/python3.12/site-packages/airflow/example_dags/plugins/decreasing_priority_weight_strategy.py
[2024-10-26T21:30:28.941+0000] {processor.py:927} WARNING - No viable dags retrieved from /home/airflow/.local/lib/python3.12/site-packages/airflow/example_dags/plugins/decreasing_priority_weight_strategy.py
[2024-10-26T21:30:28.954+0000] {processor.py:208} INFO - Processing /home/airflow/.local/lib/python3.12/site-packages/airflow/example_dags/plugins/decreasing_priority_weight_strategy.py took 0.025 seconds
[2024-10-26T21:31:01.474+0000] {processor.py:186} INFO - Started process (PID=29716) to work on /home/airflow/.local/lib/python3.12/site-packages/airflow/example_dags/plugins/decreasing_priority_weight_strategy.py
[2024-10-26T21:31:01.475+0000] {processor.py:914} INFO - Processing file /home/airflow/.local/lib/python3.12/site-packages/airflow/example_dags/plugins/decreasing_priority_weight_strategy.py for tasks to queue
[2024-10-26T21:31:01.477+0000] {logging_mixin.py:190} INFO - [2024-10-26T21:31:01.477+0000] {dagbag.py:588} INFO - Filling up the DagBag from /home/airflow/.local/lib/python3.12/site-packages/airflow/example_dags/plugins/decreasing_priority_weight_strategy.py
[2024-10-26T21:31:01.479+0000] {processor.py:927} WARNING - No viable dags retrieved from /home/airflow/.local/lib/python3.12/site-packages/airflow/example_dags/plugins/decreasing_priority_weight_strategy.py
[2024-10-26T21:31:01.491+0000] {processor.py:208} INFO - Processing /home/airflow/.local/lib/python3.12/site-packages/airflow/example_dags/plugins/decreasing_priority_weight_strategy.py took 0.023 seconds
[2024-10-26T21:31:34.058+0000] {processor.py:186} INFO - Started process (PID=29780) to work on /home/airflow/.local/lib/python3.12/site-packages/airflow/example_dags/plugins/decreasing_priority_weight_strategy.py
[2024-10-26T21:31:34.059+0000] {processor.py:914} INFO - Processing file /home/airflow/.local/lib/python3.12/site-packages/airflow/example_dags/plugins/decreasing_priority_weight_strategy.py for tasks to queue
[2024-10-26T21:31:34.061+0000] {logging_mixin.py:190} INFO - [2024-10-26T21:31:34.061+0000] {dagbag.py:588} INFO - Filling up the DagBag from /home/airflow/.local/lib/python3.12/site-packages/airflow/example_dags/plugins/decreasing_priority_weight_strategy.py
[2024-10-26T21:31:34.064+0000] {processor.py:927} WARNING - No viable dags retrieved from /home/airflow/.local/lib/python3.12/site-packages/airflow/example_dags/plugins/decreasing_priority_weight_strategy.py
[2024-10-26T21:31:34.078+0000] {processor.py:208} INFO - Processing /home/airflow/.local/lib/python3.12/site-packages/airflow/example_dags/plugins/decreasing_priority_weight_strategy.py took 0.025 seconds
[2024-10-26T21:32:06.666+0000] {processor.py:186} INFO - Started process (PID=29844) to work on /home/airflow/.local/lib/python3.12/site-packages/airflow/example_dags/plugins/decreasing_priority_weight_strategy.py
[2024-10-26T21:32:06.668+0000] {processor.py:914} INFO - Processing file /home/airflow/.local/lib/python3.12/site-packages/airflow/example_dags/plugins/decreasing_priority_weight_strategy.py for tasks to queue
[2024-10-26T21:32:06.671+0000] {logging_mixin.py:190} INFO - [2024-10-26T21:32:06.671+0000] {dagbag.py:588} INFO - Filling up the DagBag from /home/airflow/.local/lib/python3.12/site-packages/airflow/example_dags/plugins/decreasing_priority_weight_strategy.py
[2024-10-26T21:32:06.674+0000] {processor.py:927} WARNING - No viable dags retrieved from /home/airflow/.local/lib/python3.12/site-packages/airflow/example_dags/plugins/decreasing_priority_weight_strategy.py
[2024-10-26T21:32:06.686+0000] {processor.py:208} INFO - Processing /home/airflow/.local/lib/python3.12/site-packages/airflow/example_dags/plugins/decreasing_priority_weight_strategy.py took 0.025 seconds
[2024-10-26T21:32:39.272+0000] {processor.py:186} INFO - Started process (PID=29908) to work on /home/airflow/.local/lib/python3.12/site-packages/airflow/example_dags/plugins/decreasing_priority_weight_strategy.py
[2024-10-26T21:32:39.273+0000] {processor.py:914} INFO - Processing file /home/airflow/.local/lib/python3.12/site-packages/airflow/example_dags/plugins/decreasing_priority_weight_strategy.py for tasks to queue
[2024-10-26T21:32:39.276+0000] {logging_mixin.py:190} INFO - [2024-10-26T21:32:39.275+0000] {dagbag.py:588} INFO - Filling up the DagBag from /home/airflow/.local/lib/python3.12/site-packages/airflow/example_dags/plugins/decreasing_priority_weight_strategy.py
[2024-10-26T21:32:39.278+0000] {processor.py:927} WARNING - No viable dags retrieved from /home/airflow/.local/lib/python3.12/site-packages/airflow/example_dags/plugins/decreasing_priority_weight_strategy.py
[2024-10-26T21:32:39.290+0000] {processor.py:208} INFO - Processing /home/airflow/.local/lib/python3.12/site-packages/airflow/example_dags/plugins/decreasing_priority_weight_strategy.py took 0.025 seconds
[2024-10-26T21:33:11.949+0000] {processor.py:186} INFO - Started process (PID=29972) to work on /home/airflow/.local/lib/python3.12/site-packages/airflow/example_dags/plugins/decreasing_priority_weight_strategy.py
[2024-10-26T21:33:11.950+0000] {processor.py:914} INFO - Processing file /home/airflow/.local/lib/python3.12/site-packages/airflow/example_dags/plugins/decreasing_priority_weight_strategy.py for tasks to queue
[2024-10-26T21:33:11.952+0000] {logging_mixin.py:190} INFO - [2024-10-26T21:33:11.952+0000] {dagbag.py:588} INFO - Filling up the DagBag from /home/airflow/.local/lib/python3.12/site-packages/airflow/example_dags/plugins/decreasing_priority_weight_strategy.py
[2024-10-26T21:33:11.954+0000] {processor.py:927} WARNING - No viable dags retrieved from /home/airflow/.local/lib/python3.12/site-packages/airflow/example_dags/plugins/decreasing_priority_weight_strategy.py
[2024-10-26T21:33:11.967+0000] {processor.py:208} INFO - Processing /home/airflow/.local/lib/python3.12/site-packages/airflow/example_dags/plugins/decreasing_priority_weight_strategy.py took 0.024 seconds
[2024-10-26T21:33:45.429+0000] {processor.py:186} INFO - Started process (PID=30037) to work on /home/airflow/.local/lib/python3.12/site-packages/airflow/example_dags/plugins/decreasing_priority_weight_strategy.py
[2024-10-26T21:33:45.430+0000] {processor.py:914} INFO - Processing file /home/airflow/.local/lib/python3.12/site-packages/airflow/example_dags/plugins/decreasing_priority_weight_strategy.py for tasks to queue
[2024-10-26T21:33:45.433+0000] {logging_mixin.py:190} INFO - [2024-10-26T21:33:45.433+0000] {dagbag.py:588} INFO - Filling up the DagBag from /home/airflow/.local/lib/python3.12/site-packages/airflow/example_dags/plugins/decreasing_priority_weight_strategy.py
[2024-10-26T21:33:45.436+0000] {processor.py:927} WARNING - No viable dags retrieved from /home/airflow/.local/lib/python3.12/site-packages/airflow/example_dags/plugins/decreasing_priority_weight_strategy.py
[2024-10-26T21:33:45.447+0000] {processor.py:208} INFO - Processing /home/airflow/.local/lib/python3.12/site-packages/airflow/example_dags/plugins/decreasing_priority_weight_strategy.py took 0.024 seconds
[2024-10-26T21:34:17.985+0000] {processor.py:186} INFO - Started process (PID=30101) to work on /home/airflow/.local/lib/python3.12/site-packages/airflow/example_dags/plugins/decreasing_priority_weight_strategy.py
[2024-10-26T21:34:17.986+0000] {processor.py:914} INFO - Processing file /home/airflow/.local/lib/python3.12/site-packages/airflow/example_dags/plugins/decreasing_priority_weight_strategy.py for tasks to queue
[2024-10-26T21:34:17.988+0000] {logging_mixin.py:190} INFO - [2024-10-26T21:34:17.988+0000] {dagbag.py:588} INFO - Filling up the DagBag from /home/airflow/.local/lib/python3.12/site-packages/airflow/example_dags/plugins/decreasing_priority_weight_strategy.py
[2024-10-26T21:34:17.990+0000] {processor.py:927} WARNING - No viable dags retrieved from /home/airflow/.local/lib/python3.12/site-packages/airflow/example_dags/plugins/decreasing_priority_weight_strategy.py
[2024-10-26T21:34:18.001+0000] {processor.py:208} INFO - Processing /home/airflow/.local/lib/python3.12/site-packages/airflow/example_dags/plugins/decreasing_priority_weight_strategy.py took 0.022 seconds
[2024-10-26T21:34:50.645+0000] {processor.py:186} INFO - Started process (PID=30165) to work on /home/airflow/.local/lib/python3.12/site-packages/airflow/example_dags/plugins/decreasing_priority_weight_strategy.py
[2024-10-26T21:34:50.647+0000] {processor.py:914} INFO - Processing file /home/airflow/.local/lib/python3.12/site-packages/airflow/example_dags/plugins/decreasing_priority_weight_strategy.py for tasks to queue
[2024-10-26T21:34:50.649+0000] {logging_mixin.py:190} INFO - [2024-10-26T21:34:50.649+0000] {dagbag.py:588} INFO - Filling up the DagBag from /home/airflow/.local/lib/python3.12/site-packages/airflow/example_dags/plugins/decreasing_priority_weight_strategy.py
[2024-10-26T21:34:50.652+0000] {processor.py:927} WARNING - No viable dags retrieved from /home/airflow/.local/lib/python3.12/site-packages/airflow/example_dags/plugins/decreasing_priority_weight_strategy.py
[2024-10-26T21:34:50.666+0000] {processor.py:208} INFO - Processing /home/airflow/.local/lib/python3.12/site-packages/airflow/example_dags/plugins/decreasing_priority_weight_strategy.py took 0.026 seconds
[2024-10-26T21:35:23.120+0000] {processor.py:186} INFO - Started process (PID=30229) to work on /home/airflow/.local/lib/python3.12/site-packages/airflow/example_dags/plugins/decreasing_priority_weight_strategy.py
[2024-10-26T21:35:23.121+0000] {processor.py:914} INFO - Processing file /home/airflow/.local/lib/python3.12/site-packages/airflow/example_dags/plugins/decreasing_priority_weight_strategy.py for tasks to queue
[2024-10-26T21:35:23.124+0000] {logging_mixin.py:190} INFO - [2024-10-26T21:35:23.124+0000] {dagbag.py:588} INFO - Filling up the DagBag from /home/airflow/.local/lib/python3.12/site-packages/airflow/example_dags/plugins/decreasing_priority_weight_strategy.py
[2024-10-26T21:35:23.127+0000] {processor.py:927} WARNING - No viable dags retrieved from /home/airflow/.local/lib/python3.12/site-packages/airflow/example_dags/plugins/decreasing_priority_weight_strategy.py
[2024-10-26T21:35:23.139+0000] {processor.py:208} INFO - Processing /home/airflow/.local/lib/python3.12/site-packages/airflow/example_dags/plugins/decreasing_priority_weight_strategy.py took 0.026 seconds
[2024-10-26T21:35:55.768+0000] {processor.py:186} INFO - Started process (PID=30293) to work on /home/airflow/.local/lib/python3.12/site-packages/airflow/example_dags/plugins/decreasing_priority_weight_strategy.py
[2024-10-26T21:35:55.769+0000] {processor.py:914} INFO - Processing file /home/airflow/.local/lib/python3.12/site-packages/airflow/example_dags/plugins/decreasing_priority_weight_strategy.py for tasks to queue
[2024-10-26T21:35:55.772+0000] {logging_mixin.py:190} INFO - [2024-10-26T21:35:55.771+0000] {dagbag.py:588} INFO - Filling up the DagBag from /home/airflow/.local/lib/python3.12/site-packages/airflow/example_dags/plugins/decreasing_priority_weight_strategy.py
[2024-10-26T21:35:55.773+0000] {processor.py:927} WARNING - No viable dags retrieved from /home/airflow/.local/lib/python3.12/site-packages/airflow/example_dags/plugins/decreasing_priority_weight_strategy.py
[2024-10-26T21:35:55.788+0000] {processor.py:208} INFO - Processing /home/airflow/.local/lib/python3.12/site-packages/airflow/example_dags/plugins/decreasing_priority_weight_strategy.py took 0.025 seconds
[2024-10-26T21:36:28.443+0000] {processor.py:186} INFO - Started process (PID=30357) to work on /home/airflow/.local/lib/python3.12/site-packages/airflow/example_dags/plugins/decreasing_priority_weight_strategy.py
[2024-10-26T21:36:28.443+0000] {processor.py:914} INFO - Processing file /home/airflow/.local/lib/python3.12/site-packages/airflow/example_dags/plugins/decreasing_priority_weight_strategy.py for tasks to queue
[2024-10-26T21:36:28.446+0000] {logging_mixin.py:190} INFO - [2024-10-26T21:36:28.445+0000] {dagbag.py:588} INFO - Filling up the DagBag from /home/airflow/.local/lib/python3.12/site-packages/airflow/example_dags/plugins/decreasing_priority_weight_strategy.py
[2024-10-26T21:36:28.447+0000] {processor.py:927} WARNING - No viable dags retrieved from /home/airflow/.local/lib/python3.12/site-packages/airflow/example_dags/plugins/decreasing_priority_weight_strategy.py
[2024-10-26T21:36:28.459+0000] {processor.py:208} INFO - Processing /home/airflow/.local/lib/python3.12/site-packages/airflow/example_dags/plugins/decreasing_priority_weight_strategy.py took 0.021 seconds
[2024-10-26T21:37:01.224+0000] {processor.py:186} INFO - Started process (PID=30421) to work on /home/airflow/.local/lib/python3.12/site-packages/airflow/example_dags/plugins/decreasing_priority_weight_strategy.py
[2024-10-26T21:37:01.225+0000] {processor.py:914} INFO - Processing file /home/airflow/.local/lib/python3.12/site-packages/airflow/example_dags/plugins/decreasing_priority_weight_strategy.py for tasks to queue
[2024-10-26T21:37:01.227+0000] {logging_mixin.py:190} INFO - [2024-10-26T21:37:01.227+0000] {dagbag.py:588} INFO - Filling up the DagBag from /home/airflow/.local/lib/python3.12/site-packages/airflow/example_dags/plugins/decreasing_priority_weight_strategy.py
[2024-10-26T21:37:01.229+0000] {processor.py:927} WARNING - No viable dags retrieved from /home/airflow/.local/lib/python3.12/site-packages/airflow/example_dags/plugins/decreasing_priority_weight_strategy.py
[2024-10-26T21:37:01.243+0000] {processor.py:208} INFO - Processing /home/airflow/.local/lib/python3.12/site-packages/airflow/example_dags/plugins/decreasing_priority_weight_strategy.py took 0.024 seconds
[2024-10-26T21:37:33.764+0000] {processor.py:186} INFO - Started process (PID=30485) to work on /home/airflow/.local/lib/python3.12/site-packages/airflow/example_dags/plugins/decreasing_priority_weight_strategy.py
[2024-10-26T21:37:33.765+0000] {processor.py:914} INFO - Processing file /home/airflow/.local/lib/python3.12/site-packages/airflow/example_dags/plugins/decreasing_priority_weight_strategy.py for tasks to queue
[2024-10-26T21:37:33.768+0000] {logging_mixin.py:190} INFO - [2024-10-26T21:37:33.768+0000] {dagbag.py:588} INFO - Filling up the DagBag from /home/airflow/.local/lib/python3.12/site-packages/airflow/example_dags/plugins/decreasing_priority_weight_strategy.py
[2024-10-26T21:37:33.770+0000] {processor.py:927} WARNING - No viable dags retrieved from /home/airflow/.local/lib/python3.12/site-packages/airflow/example_dags/plugins/decreasing_priority_weight_strategy.py
[2024-10-26T21:37:33.782+0000] {processor.py:208} INFO - Processing /home/airflow/.local/lib/python3.12/site-packages/airflow/example_dags/plugins/decreasing_priority_weight_strategy.py took 0.023 seconds
[2024-10-26T21:38:07.483+0000] {processor.py:186} INFO - Started process (PID=30549) to work on /home/airflow/.local/lib/python3.12/site-packages/airflow/example_dags/plugins/decreasing_priority_weight_strategy.py
[2024-10-26T21:38:07.484+0000] {processor.py:914} INFO - Processing file /home/airflow/.local/lib/python3.12/site-packages/airflow/example_dags/plugins/decreasing_priority_weight_strategy.py for tasks to queue
[2024-10-26T21:38:07.486+0000] {logging_mixin.py:190} INFO - [2024-10-26T21:38:07.486+0000] {dagbag.py:588} INFO - Filling up the DagBag from /home/airflow/.local/lib/python3.12/site-packages/airflow/example_dags/plugins/decreasing_priority_weight_strategy.py
[2024-10-26T21:38:07.488+0000] {processor.py:927} WARNING - No viable dags retrieved from /home/airflow/.local/lib/python3.12/site-packages/airflow/example_dags/plugins/decreasing_priority_weight_strategy.py
[2024-10-26T21:38:07.500+0000] {processor.py:208} INFO - Processing /home/airflow/.local/lib/python3.12/site-packages/airflow/example_dags/plugins/decreasing_priority_weight_strategy.py took 0.022 seconds
[2024-10-26T21:38:40.124+0000] {processor.py:186} INFO - Started process (PID=30613) to work on /home/airflow/.local/lib/python3.12/site-packages/airflow/example_dags/plugins/decreasing_priority_weight_strategy.py
[2024-10-26T21:38:40.126+0000] {processor.py:914} INFO - Processing file /home/airflow/.local/lib/python3.12/site-packages/airflow/example_dags/plugins/decreasing_priority_weight_strategy.py for tasks to queue
[2024-10-26T21:38:40.128+0000] {logging_mixin.py:190} INFO - [2024-10-26T21:38:40.128+0000] {dagbag.py:588} INFO - Filling up the DagBag from /home/airflow/.local/lib/python3.12/site-packages/airflow/example_dags/plugins/decreasing_priority_weight_strategy.py
[2024-10-26T21:38:40.130+0000] {processor.py:927} WARNING - No viable dags retrieved from /home/airflow/.local/lib/python3.12/site-packages/airflow/example_dags/plugins/decreasing_priority_weight_strategy.py
[2024-10-26T21:38:40.141+0000] {processor.py:208} INFO - Processing /home/airflow/.local/lib/python3.12/site-packages/airflow/example_dags/plugins/decreasing_priority_weight_strategy.py took 0.023 seconds
[2024-10-26T21:39:12.581+0000] {processor.py:186} INFO - Started process (PID=30677) to work on /home/airflow/.local/lib/python3.12/site-packages/airflow/example_dags/plugins/decreasing_priority_weight_strategy.py
[2024-10-26T21:39:12.582+0000] {processor.py:914} INFO - Processing file /home/airflow/.local/lib/python3.12/site-packages/airflow/example_dags/plugins/decreasing_priority_weight_strategy.py for tasks to queue
[2024-10-26T21:39:12.585+0000] {logging_mixin.py:190} INFO - [2024-10-26T21:39:12.585+0000] {dagbag.py:588} INFO - Filling up the DagBag from /home/airflow/.local/lib/python3.12/site-packages/airflow/example_dags/plugins/decreasing_priority_weight_strategy.py
[2024-10-26T21:39:12.587+0000] {processor.py:927} WARNING - No viable dags retrieved from /home/airflow/.local/lib/python3.12/site-packages/airflow/example_dags/plugins/decreasing_priority_weight_strategy.py
[2024-10-26T21:39:12.600+0000] {processor.py:208} INFO - Processing /home/airflow/.local/lib/python3.12/site-packages/airflow/example_dags/plugins/decreasing_priority_weight_strategy.py took 0.024 seconds
[2024-10-26T21:39:45.426+0000] {processor.py:186} INFO - Started process (PID=30741) to work on /home/airflow/.local/lib/python3.12/site-packages/airflow/example_dags/plugins/decreasing_priority_weight_strategy.py
[2024-10-26T21:39:45.432+0000] {processor.py:914} INFO - Processing file /home/airflow/.local/lib/python3.12/site-packages/airflow/example_dags/plugins/decreasing_priority_weight_strategy.py for tasks to queue
[2024-10-26T21:39:45.436+0000] {logging_mixin.py:190} INFO - [2024-10-26T21:39:45.436+0000] {dagbag.py:588} INFO - Filling up the DagBag from /home/airflow/.local/lib/python3.12/site-packages/airflow/example_dags/plugins/decreasing_priority_weight_strategy.py
[2024-10-26T21:39:45.439+0000] {processor.py:927} WARNING - No viable dags retrieved from /home/airflow/.local/lib/python3.12/site-packages/airflow/example_dags/plugins/decreasing_priority_weight_strategy.py
[2024-10-26T21:39:45.465+0000] {processor.py:208} INFO - Processing /home/airflow/.local/lib/python3.12/site-packages/airflow/example_dags/plugins/decreasing_priority_weight_strategy.py took 0.046 seconds
[2024-10-26T21:40:17.975+0000] {processor.py:186} INFO - Started process (PID=30805) to work on /home/airflow/.local/lib/python3.12/site-packages/airflow/example_dags/plugins/decreasing_priority_weight_strategy.py
[2024-10-26T21:40:17.976+0000] {processor.py:914} INFO - Processing file /home/airflow/.local/lib/python3.12/site-packages/airflow/example_dags/plugins/decreasing_priority_weight_strategy.py for tasks to queue
[2024-10-26T21:40:17.979+0000] {logging_mixin.py:190} INFO - [2024-10-26T21:40:17.979+0000] {dagbag.py:588} INFO - Filling up the DagBag from /home/airflow/.local/lib/python3.12/site-packages/airflow/example_dags/plugins/decreasing_priority_weight_strategy.py
[2024-10-26T21:40:17.982+0000] {processor.py:927} WARNING - No viable dags retrieved from /home/airflow/.local/lib/python3.12/site-packages/airflow/example_dags/plugins/decreasing_priority_weight_strategy.py
[2024-10-26T21:40:17.995+0000] {processor.py:208} INFO - Processing /home/airflow/.local/lib/python3.12/site-packages/airflow/example_dags/plugins/decreasing_priority_weight_strategy.py took 0.025 seconds
[2024-10-26T21:40:50.756+0000] {processor.py:186} INFO - Started process (PID=30869) to work on /home/airflow/.local/lib/python3.12/site-packages/airflow/example_dags/plugins/decreasing_priority_weight_strategy.py
[2024-10-26T21:40:50.757+0000] {processor.py:914} INFO - Processing file /home/airflow/.local/lib/python3.12/site-packages/airflow/example_dags/plugins/decreasing_priority_weight_strategy.py for tasks to queue
[2024-10-26T21:40:50.759+0000] {logging_mixin.py:190} INFO - [2024-10-26T21:40:50.758+0000] {dagbag.py:588} INFO - Filling up the DagBag from /home/airflow/.local/lib/python3.12/site-packages/airflow/example_dags/plugins/decreasing_priority_weight_strategy.py
[2024-10-26T21:40:50.760+0000] {processor.py:927} WARNING - No viable dags retrieved from /home/airflow/.local/lib/python3.12/site-packages/airflow/example_dags/plugins/decreasing_priority_weight_strategy.py
[2024-10-26T21:40:50.772+0000] {processor.py:208} INFO - Processing /home/airflow/.local/lib/python3.12/site-packages/airflow/example_dags/plugins/decreasing_priority_weight_strategy.py took 0.022 seconds
[2024-10-26T21:41:23.303+0000] {processor.py:186} INFO - Started process (PID=30933) to work on /home/airflow/.local/lib/python3.12/site-packages/airflow/example_dags/plugins/decreasing_priority_weight_strategy.py
[2024-10-26T21:41:23.304+0000] {processor.py:914} INFO - Processing file /home/airflow/.local/lib/python3.12/site-packages/airflow/example_dags/plugins/decreasing_priority_weight_strategy.py for tasks to queue
[2024-10-26T21:41:23.306+0000] {logging_mixin.py:190} INFO - [2024-10-26T21:41:23.306+0000] {dagbag.py:588} INFO - Filling up the DagBag from /home/airflow/.local/lib/python3.12/site-packages/airflow/example_dags/plugins/decreasing_priority_weight_strategy.py
[2024-10-26T21:41:23.308+0000] {processor.py:927} WARNING - No viable dags retrieved from /home/airflow/.local/lib/python3.12/site-packages/airflow/example_dags/plugins/decreasing_priority_weight_strategy.py
[2024-10-26T21:41:23.321+0000] {processor.py:208} INFO - Processing /home/airflow/.local/lib/python3.12/site-packages/airflow/example_dags/plugins/decreasing_priority_weight_strategy.py took 0.022 seconds
[2024-10-26T21:41:55.850+0000] {processor.py:186} INFO - Started process (PID=30997) to work on /home/airflow/.local/lib/python3.12/site-packages/airflow/example_dags/plugins/decreasing_priority_weight_strategy.py
[2024-10-26T21:41:55.850+0000] {processor.py:914} INFO - Processing file /home/airflow/.local/lib/python3.12/site-packages/airflow/example_dags/plugins/decreasing_priority_weight_strategy.py for tasks to queue
[2024-10-26T21:41:55.853+0000] {logging_mixin.py:190} INFO - [2024-10-26T21:41:55.852+0000] {dagbag.py:588} INFO - Filling up the DagBag from /home/airflow/.local/lib/python3.12/site-packages/airflow/example_dags/plugins/decreasing_priority_weight_strategy.py
[2024-10-26T21:41:55.854+0000] {processor.py:927} WARNING - No viable dags retrieved from /home/airflow/.local/lib/python3.12/site-packages/airflow/example_dags/plugins/decreasing_priority_weight_strategy.py
[2024-10-26T21:41:55.865+0000] {processor.py:208} INFO - Processing /home/airflow/.local/lib/python3.12/site-packages/airflow/example_dags/plugins/decreasing_priority_weight_strategy.py took 0.020 seconds
[2024-10-26T21:42:28.479+0000] {processor.py:186} INFO - Started process (PID=31061) to work on /home/airflow/.local/lib/python3.12/site-packages/airflow/example_dags/plugins/decreasing_priority_weight_strategy.py
[2024-10-26T21:42:28.481+0000] {processor.py:914} INFO - Processing file /home/airflow/.local/lib/python3.12/site-packages/airflow/example_dags/plugins/decreasing_priority_weight_strategy.py for tasks to queue
[2024-10-26T21:42:28.484+0000] {logging_mixin.py:190} INFO - [2024-10-26T21:42:28.483+0000] {dagbag.py:588} INFO - Filling up the DagBag from /home/airflow/.local/lib/python3.12/site-packages/airflow/example_dags/plugins/decreasing_priority_weight_strategy.py
[2024-10-26T21:42:28.486+0000] {processor.py:927} WARNING - No viable dags retrieved from /home/airflow/.local/lib/python3.12/site-packages/airflow/example_dags/plugins/decreasing_priority_weight_strategy.py
[2024-10-26T21:42:28.497+0000] {processor.py:208} INFO - Processing /home/airflow/.local/lib/python3.12/site-packages/airflow/example_dags/plugins/decreasing_priority_weight_strategy.py took 0.025 seconds
[2024-10-26T21:43:01.144+0000] {processor.py:186} INFO - Started process (PID=31125) to work on /home/airflow/.local/lib/python3.12/site-packages/airflow/example_dags/plugins/decreasing_priority_weight_strategy.py
[2024-10-26T21:43:01.145+0000] {processor.py:914} INFO - Processing file /home/airflow/.local/lib/python3.12/site-packages/airflow/example_dags/plugins/decreasing_priority_weight_strategy.py for tasks to queue
[2024-10-26T21:43:01.147+0000] {logging_mixin.py:190} INFO - [2024-10-26T21:43:01.147+0000] {dagbag.py:588} INFO - Filling up the DagBag from /home/airflow/.local/lib/python3.12/site-packages/airflow/example_dags/plugins/decreasing_priority_weight_strategy.py
[2024-10-26T21:43:01.149+0000] {processor.py:927} WARNING - No viable dags retrieved from /home/airflow/.local/lib/python3.12/site-packages/airflow/example_dags/plugins/decreasing_priority_weight_strategy.py
[2024-10-26T21:43:01.164+0000] {processor.py:208} INFO - Processing /home/airflow/.local/lib/python3.12/site-packages/airflow/example_dags/plugins/decreasing_priority_weight_strategy.py took 0.027 seconds
[2024-10-26T21:43:33.793+0000] {processor.py:186} INFO - Started process (PID=31189) to work on /home/airflow/.local/lib/python3.12/site-packages/airflow/example_dags/plugins/decreasing_priority_weight_strategy.py
[2024-10-26T21:43:33.795+0000] {processor.py:914} INFO - Processing file /home/airflow/.local/lib/python3.12/site-packages/airflow/example_dags/plugins/decreasing_priority_weight_strategy.py for tasks to queue
[2024-10-26T21:43:33.797+0000] {logging_mixin.py:190} INFO - [2024-10-26T21:43:33.797+0000] {dagbag.py:588} INFO - Filling up the DagBag from /home/airflow/.local/lib/python3.12/site-packages/airflow/example_dags/plugins/decreasing_priority_weight_strategy.py
[2024-10-26T21:43:33.800+0000] {processor.py:927} WARNING - No viable dags retrieved from /home/airflow/.local/lib/python3.12/site-packages/airflow/example_dags/plugins/decreasing_priority_weight_strategy.py
[2024-10-26T21:43:33.813+0000] {processor.py:208} INFO - Processing /home/airflow/.local/lib/python3.12/site-packages/airflow/example_dags/plugins/decreasing_priority_weight_strategy.py took 0.025 seconds
[2024-10-26T21:44:07.705+0000] {processor.py:186} INFO - Started process (PID=31253) to work on /home/airflow/.local/lib/python3.12/site-packages/airflow/example_dags/plugins/decreasing_priority_weight_strategy.py
[2024-10-26T21:44:07.706+0000] {processor.py:914} INFO - Processing file /home/airflow/.local/lib/python3.12/site-packages/airflow/example_dags/plugins/decreasing_priority_weight_strategy.py for tasks to queue
[2024-10-26T21:44:07.709+0000] {logging_mixin.py:190} INFO - [2024-10-26T21:44:07.708+0000] {dagbag.py:588} INFO - Filling up the DagBag from /home/airflow/.local/lib/python3.12/site-packages/airflow/example_dags/plugins/decreasing_priority_weight_strategy.py
[2024-10-26T21:44:07.711+0000] {processor.py:927} WARNING - No viable dags retrieved from /home/airflow/.local/lib/python3.12/site-packages/airflow/example_dags/plugins/decreasing_priority_weight_strategy.py
[2024-10-26T21:44:07.725+0000] {processor.py:208} INFO - Processing /home/airflow/.local/lib/python3.12/site-packages/airflow/example_dags/plugins/decreasing_priority_weight_strategy.py took 0.027 seconds
[2024-10-26T21:44:39.999+0000] {processor.py:186} INFO - Started process (PID=31317) to work on /home/airflow/.local/lib/python3.12/site-packages/airflow/example_dags/plugins/decreasing_priority_weight_strategy.py
[2024-10-26T21:44:40.000+0000] {processor.py:914} INFO - Processing file /home/airflow/.local/lib/python3.12/site-packages/airflow/example_dags/plugins/decreasing_priority_weight_strategy.py for tasks to queue
[2024-10-26T21:44:40.002+0000] {logging_mixin.py:190} INFO - [2024-10-26T21:44:40.002+0000] {dagbag.py:588} INFO - Filling up the DagBag from /home/airflow/.local/lib/python3.12/site-packages/airflow/example_dags/plugins/decreasing_priority_weight_strategy.py
[2024-10-26T21:44:40.005+0000] {processor.py:927} WARNING - No viable dags retrieved from /home/airflow/.local/lib/python3.12/site-packages/airflow/example_dags/plugins/decreasing_priority_weight_strategy.py
[2024-10-26T21:44:40.017+0000] {processor.py:208} INFO - Processing /home/airflow/.local/lib/python3.12/site-packages/airflow/example_dags/plugins/decreasing_priority_weight_strategy.py took 0.023 seconds
[2024-10-26T21:45:12.737+0000] {processor.py:186} INFO - Started process (PID=31381) to work on /home/airflow/.local/lib/python3.12/site-packages/airflow/example_dags/plugins/decreasing_priority_weight_strategy.py
[2024-10-26T21:45:12.738+0000] {processor.py:914} INFO - Processing file /home/airflow/.local/lib/python3.12/site-packages/airflow/example_dags/plugins/decreasing_priority_weight_strategy.py for tasks to queue
[2024-10-26T21:45:12.741+0000] {logging_mixin.py:190} INFO - [2024-10-26T21:45:12.740+0000] {dagbag.py:588} INFO - Filling up the DagBag from /home/airflow/.local/lib/python3.12/site-packages/airflow/example_dags/plugins/decreasing_priority_weight_strategy.py
[2024-10-26T21:45:12.743+0000] {processor.py:927} WARNING - No viable dags retrieved from /home/airflow/.local/lib/python3.12/site-packages/airflow/example_dags/plugins/decreasing_priority_weight_strategy.py
[2024-10-26T21:45:12.757+0000] {processor.py:208} INFO - Processing /home/airflow/.local/lib/python3.12/site-packages/airflow/example_dags/plugins/decreasing_priority_weight_strategy.py took 0.026 seconds
[2024-10-26T21:45:45.484+0000] {processor.py:186} INFO - Started process (PID=31445) to work on /home/airflow/.local/lib/python3.12/site-packages/airflow/example_dags/plugins/decreasing_priority_weight_strategy.py
[2024-10-26T21:45:45.485+0000] {processor.py:914} INFO - Processing file /home/airflow/.local/lib/python3.12/site-packages/airflow/example_dags/plugins/decreasing_priority_weight_strategy.py for tasks to queue
[2024-10-26T21:45:45.488+0000] {logging_mixin.py:190} INFO - [2024-10-26T21:45:45.488+0000] {dagbag.py:588} INFO - Filling up the DagBag from /home/airflow/.local/lib/python3.12/site-packages/airflow/example_dags/plugins/decreasing_priority_weight_strategy.py
[2024-10-26T21:45:45.491+0000] {processor.py:927} WARNING - No viable dags retrieved from /home/airflow/.local/lib/python3.12/site-packages/airflow/example_dags/plugins/decreasing_priority_weight_strategy.py
[2024-10-26T21:45:45.506+0000] {processor.py:208} INFO - Processing /home/airflow/.local/lib/python3.12/site-packages/airflow/example_dags/plugins/decreasing_priority_weight_strategy.py took 0.029 seconds
[2024-10-26T21:46:18.044+0000] {processor.py:186} INFO - Started process (PID=31509) to work on /home/airflow/.local/lib/python3.12/site-packages/airflow/example_dags/plugins/decreasing_priority_weight_strategy.py
[2024-10-26T21:46:18.045+0000] {processor.py:914} INFO - Processing file /home/airflow/.local/lib/python3.12/site-packages/airflow/example_dags/plugins/decreasing_priority_weight_strategy.py for tasks to queue
[2024-10-26T21:46:18.047+0000] {logging_mixin.py:190} INFO - [2024-10-26T21:46:18.047+0000] {dagbag.py:588} INFO - Filling up the DagBag from /home/airflow/.local/lib/python3.12/site-packages/airflow/example_dags/plugins/decreasing_priority_weight_strategy.py
[2024-10-26T21:46:18.049+0000] {processor.py:927} WARNING - No viable dags retrieved from /home/airflow/.local/lib/python3.12/site-packages/airflow/example_dags/plugins/decreasing_priority_weight_strategy.py
[2024-10-26T21:46:18.063+0000] {processor.py:208} INFO - Processing /home/airflow/.local/lib/python3.12/site-packages/airflow/example_dags/plugins/decreasing_priority_weight_strategy.py took 0.025 seconds
[2024-10-26T21:46:50.561+0000] {processor.py:186} INFO - Started process (PID=31573) to work on /home/airflow/.local/lib/python3.12/site-packages/airflow/example_dags/plugins/decreasing_priority_weight_strategy.py
[2024-10-26T21:46:50.563+0000] {processor.py:914} INFO - Processing file /home/airflow/.local/lib/python3.12/site-packages/airflow/example_dags/plugins/decreasing_priority_weight_strategy.py for tasks to queue
[2024-10-26T21:46:50.565+0000] {logging_mixin.py:190} INFO - [2024-10-26T21:46:50.565+0000] {dagbag.py:588} INFO - Filling up the DagBag from /home/airflow/.local/lib/python3.12/site-packages/airflow/example_dags/plugins/decreasing_priority_weight_strategy.py
[2024-10-26T21:46:50.567+0000] {processor.py:927} WARNING - No viable dags retrieved from /home/airflow/.local/lib/python3.12/site-packages/airflow/example_dags/plugins/decreasing_priority_weight_strategy.py
[2024-10-26T21:46:50.581+0000] {processor.py:208} INFO - Processing /home/airflow/.local/lib/python3.12/site-packages/airflow/example_dags/plugins/decreasing_priority_weight_strategy.py took 0.026 seconds
[2024-10-26T21:47:23.251+0000] {processor.py:186} INFO - Started process (PID=31637) to work on /home/airflow/.local/lib/python3.12/site-packages/airflow/example_dags/plugins/decreasing_priority_weight_strategy.py
[2024-10-26T21:47:23.252+0000] {processor.py:914} INFO - Processing file /home/airflow/.local/lib/python3.12/site-packages/airflow/example_dags/plugins/decreasing_priority_weight_strategy.py for tasks to queue
[2024-10-26T21:47:23.255+0000] {logging_mixin.py:190} INFO - [2024-10-26T21:47:23.254+0000] {dagbag.py:588} INFO - Filling up the DagBag from /home/airflow/.local/lib/python3.12/site-packages/airflow/example_dags/plugins/decreasing_priority_weight_strategy.py
[2024-10-26T21:47:23.257+0000] {processor.py:927} WARNING - No viable dags retrieved from /home/airflow/.local/lib/python3.12/site-packages/airflow/example_dags/plugins/decreasing_priority_weight_strategy.py
[2024-10-26T21:47:23.269+0000] {processor.py:208} INFO - Processing /home/airflow/.local/lib/python3.12/site-packages/airflow/example_dags/plugins/decreasing_priority_weight_strategy.py took 0.024 seconds
[2024-10-26T21:47:55.715+0000] {processor.py:186} INFO - Started process (PID=31701) to work on /home/airflow/.local/lib/python3.12/site-packages/airflow/example_dags/plugins/decreasing_priority_weight_strategy.py
[2024-10-26T21:47:55.716+0000] {processor.py:914} INFO - Processing file /home/airflow/.local/lib/python3.12/site-packages/airflow/example_dags/plugins/decreasing_priority_weight_strategy.py for tasks to queue
[2024-10-26T21:47:55.718+0000] {logging_mixin.py:190} INFO - [2024-10-26T21:47:55.718+0000] {dagbag.py:588} INFO - Filling up the DagBag from /home/airflow/.local/lib/python3.12/site-packages/airflow/example_dags/plugins/decreasing_priority_weight_strategy.py
[2024-10-26T21:47:55.720+0000] {processor.py:927} WARNING - No viable dags retrieved from /home/airflow/.local/lib/python3.12/site-packages/airflow/example_dags/plugins/decreasing_priority_weight_strategy.py
[2024-10-26T21:47:55.734+0000] {processor.py:208} INFO - Processing /home/airflow/.local/lib/python3.12/site-packages/airflow/example_dags/plugins/decreasing_priority_weight_strategy.py took 0.024 seconds
[2024-10-26T21:48:29.522+0000] {processor.py:186} INFO - Started process (PID=31765) to work on /home/airflow/.local/lib/python3.12/site-packages/airflow/example_dags/plugins/decreasing_priority_weight_strategy.py
[2024-10-26T21:48:29.523+0000] {processor.py:914} INFO - Processing file /home/airflow/.local/lib/python3.12/site-packages/airflow/example_dags/plugins/decreasing_priority_weight_strategy.py for tasks to queue
[2024-10-26T21:48:29.525+0000] {logging_mixin.py:190} INFO - [2024-10-26T21:48:29.525+0000] {dagbag.py:588} INFO - Filling up the DagBag from /home/airflow/.local/lib/python3.12/site-packages/airflow/example_dags/plugins/decreasing_priority_weight_strategy.py
[2024-10-26T21:48:29.528+0000] {processor.py:927} WARNING - No viable dags retrieved from /home/airflow/.local/lib/python3.12/site-packages/airflow/example_dags/plugins/decreasing_priority_weight_strategy.py
[2024-10-26T21:48:29.539+0000] {processor.py:208} INFO - Processing /home/airflow/.local/lib/python3.12/site-packages/airflow/example_dags/plugins/decreasing_priority_weight_strategy.py took 0.024 seconds
[2024-10-26T21:49:01.389+0000] {processor.py:186} INFO - Started process (PID=31829) to work on /home/airflow/.local/lib/python3.12/site-packages/airflow/example_dags/plugins/decreasing_priority_weight_strategy.py
[2024-10-26T21:49:01.391+0000] {processor.py:914} INFO - Processing file /home/airflow/.local/lib/python3.12/site-packages/airflow/example_dags/plugins/decreasing_priority_weight_strategy.py for tasks to queue
[2024-10-26T21:49:01.394+0000] {logging_mixin.py:190} INFO - [2024-10-26T21:49:01.393+0000] {dagbag.py:588} INFO - Filling up the DagBag from /home/airflow/.local/lib/python3.12/site-packages/airflow/example_dags/plugins/decreasing_priority_weight_strategy.py
[2024-10-26T21:49:01.396+0000] {processor.py:927} WARNING - No viable dags retrieved from /home/airflow/.local/lib/python3.12/site-packages/airflow/example_dags/plugins/decreasing_priority_weight_strategy.py
[2024-10-26T21:49:01.409+0000] {processor.py:208} INFO - Processing /home/airflow/.local/lib/python3.12/site-packages/airflow/example_dags/plugins/decreasing_priority_weight_strategy.py took 0.025 seconds
[2024-10-26T21:49:33.906+0000] {processor.py:186} INFO - Started process (PID=31893) to work on /home/airflow/.local/lib/python3.12/site-packages/airflow/example_dags/plugins/decreasing_priority_weight_strategy.py
[2024-10-26T21:49:33.907+0000] {processor.py:914} INFO - Processing file /home/airflow/.local/lib/python3.12/site-packages/airflow/example_dags/plugins/decreasing_priority_weight_strategy.py for tasks to queue
[2024-10-26T21:49:33.909+0000] {logging_mixin.py:190} INFO - [2024-10-26T21:49:33.909+0000] {dagbag.py:588} INFO - Filling up the DagBag from /home/airflow/.local/lib/python3.12/site-packages/airflow/example_dags/plugins/decreasing_priority_weight_strategy.py
[2024-10-26T21:49:33.911+0000] {processor.py:927} WARNING - No viable dags retrieved from /home/airflow/.local/lib/python3.12/site-packages/airflow/example_dags/plugins/decreasing_priority_weight_strategy.py
[2024-10-26T21:49:33.924+0000] {processor.py:208} INFO - Processing /home/airflow/.local/lib/python3.12/site-packages/airflow/example_dags/plugins/decreasing_priority_weight_strategy.py took 0.023 seconds
[2024-10-26T21:50:07.784+0000] {processor.py:186} INFO - Started process (PID=31957) to work on /home/airflow/.local/lib/python3.12/site-packages/airflow/example_dags/plugins/decreasing_priority_weight_strategy.py
[2024-10-26T21:50:07.785+0000] {processor.py:914} INFO - Processing file /home/airflow/.local/lib/python3.12/site-packages/airflow/example_dags/plugins/decreasing_priority_weight_strategy.py for tasks to queue
[2024-10-26T21:50:07.787+0000] {logging_mixin.py:190} INFO - [2024-10-26T21:50:07.787+0000] {dagbag.py:588} INFO - Filling up the DagBag from /home/airflow/.local/lib/python3.12/site-packages/airflow/example_dags/plugins/decreasing_priority_weight_strategy.py
[2024-10-26T21:50:07.789+0000] {processor.py:927} WARNING - No viable dags retrieved from /home/airflow/.local/lib/python3.12/site-packages/airflow/example_dags/plugins/decreasing_priority_weight_strategy.py
[2024-10-26T21:50:07.800+0000] {processor.py:208} INFO - Processing /home/airflow/.local/lib/python3.12/site-packages/airflow/example_dags/plugins/decreasing_priority_weight_strategy.py took 0.020 seconds
[2024-10-26T21:50:39.599+0000] {processor.py:186} INFO - Started process (PID=32021) to work on /home/airflow/.local/lib/python3.12/site-packages/airflow/example_dags/plugins/decreasing_priority_weight_strategy.py
[2024-10-26T21:50:39.600+0000] {processor.py:914} INFO - Processing file /home/airflow/.local/lib/python3.12/site-packages/airflow/example_dags/plugins/decreasing_priority_weight_strategy.py for tasks to queue
[2024-10-26T21:50:39.603+0000] {logging_mixin.py:190} INFO - [2024-10-26T21:50:39.602+0000] {dagbag.py:588} INFO - Filling up the DagBag from /home/airflow/.local/lib/python3.12/site-packages/airflow/example_dags/plugins/decreasing_priority_weight_strategy.py
[2024-10-26T21:50:39.605+0000] {processor.py:927} WARNING - No viable dags retrieved from /home/airflow/.local/lib/python3.12/site-packages/airflow/example_dags/plugins/decreasing_priority_weight_strategy.py
[2024-10-26T21:50:39.620+0000] {processor.py:208} INFO - Processing /home/airflow/.local/lib/python3.12/site-packages/airflow/example_dags/plugins/decreasing_priority_weight_strategy.py took 0.027 seconds
[2024-10-26T21:51:12.296+0000] {processor.py:186} INFO - Started process (PID=32085) to work on /home/airflow/.local/lib/python3.12/site-packages/airflow/example_dags/plugins/decreasing_priority_weight_strategy.py
[2024-10-26T21:51:12.297+0000] {processor.py:914} INFO - Processing file /home/airflow/.local/lib/python3.12/site-packages/airflow/example_dags/plugins/decreasing_priority_weight_strategy.py for tasks to queue
[2024-10-26T21:51:12.299+0000] {logging_mixin.py:190} INFO - [2024-10-26T21:51:12.299+0000] {dagbag.py:588} INFO - Filling up the DagBag from /home/airflow/.local/lib/python3.12/site-packages/airflow/example_dags/plugins/decreasing_priority_weight_strategy.py
[2024-10-26T21:51:12.302+0000] {processor.py:927} WARNING - No viable dags retrieved from /home/airflow/.local/lib/python3.12/site-packages/airflow/example_dags/plugins/decreasing_priority_weight_strategy.py
[2024-10-26T21:51:12.317+0000] {processor.py:208} INFO - Processing /home/airflow/.local/lib/python3.12/site-packages/airflow/example_dags/plugins/decreasing_priority_weight_strategy.py took 0.026 seconds
[2024-10-26T21:51:45.299+0000] {processor.py:186} INFO - Started process (PID=32149) to work on /home/airflow/.local/lib/python3.12/site-packages/airflow/example_dags/plugins/decreasing_priority_weight_strategy.py
[2024-10-26T21:51:45.300+0000] {processor.py:914} INFO - Processing file /home/airflow/.local/lib/python3.12/site-packages/airflow/example_dags/plugins/decreasing_priority_weight_strategy.py for tasks to queue
[2024-10-26T21:51:45.302+0000] {logging_mixin.py:190} INFO - [2024-10-26T21:51:45.302+0000] {dagbag.py:588} INFO - Filling up the DagBag from /home/airflow/.local/lib/python3.12/site-packages/airflow/example_dags/plugins/decreasing_priority_weight_strategy.py
[2024-10-26T21:51:45.305+0000] {processor.py:927} WARNING - No viable dags retrieved from /home/airflow/.local/lib/python3.12/site-packages/airflow/example_dags/plugins/decreasing_priority_weight_strategy.py
[2024-10-26T21:51:45.318+0000] {processor.py:208} INFO - Processing /home/airflow/.local/lib/python3.12/site-packages/airflow/example_dags/plugins/decreasing_priority_weight_strategy.py took 0.025 seconds
[2024-10-26T21:52:18.236+0000] {processor.py:186} INFO - Started process (PID=32213) to work on /home/airflow/.local/lib/python3.12/site-packages/airflow/example_dags/plugins/decreasing_priority_weight_strategy.py
[2024-10-26T21:52:18.237+0000] {processor.py:914} INFO - Processing file /home/airflow/.local/lib/python3.12/site-packages/airflow/example_dags/plugins/decreasing_priority_weight_strategy.py for tasks to queue
[2024-10-26T21:52:18.239+0000] {logging_mixin.py:190} INFO - [2024-10-26T21:52:18.239+0000] {dagbag.py:588} INFO - Filling up the DagBag from /home/airflow/.local/lib/python3.12/site-packages/airflow/example_dags/plugins/decreasing_priority_weight_strategy.py
[2024-10-26T21:52:18.242+0000] {processor.py:927} WARNING - No viable dags retrieved from /home/airflow/.local/lib/python3.12/site-packages/airflow/example_dags/plugins/decreasing_priority_weight_strategy.py
[2024-10-26T21:52:18.254+0000] {processor.py:208} INFO - Processing /home/airflow/.local/lib/python3.12/site-packages/airflow/example_dags/plugins/decreasing_priority_weight_strategy.py took 0.026 seconds
[2024-10-26T21:52:51.021+0000] {processor.py:186} INFO - Started process (PID=32277) to work on /home/airflow/.local/lib/python3.12/site-packages/airflow/example_dags/plugins/decreasing_priority_weight_strategy.py
[2024-10-26T21:52:51.022+0000] {processor.py:914} INFO - Processing file /home/airflow/.local/lib/python3.12/site-packages/airflow/example_dags/plugins/decreasing_priority_weight_strategy.py for tasks to queue
[2024-10-26T21:52:51.024+0000] {logging_mixin.py:190} INFO - [2024-10-26T21:52:51.024+0000] {dagbag.py:588} INFO - Filling up the DagBag from /home/airflow/.local/lib/python3.12/site-packages/airflow/example_dags/plugins/decreasing_priority_weight_strategy.py
[2024-10-26T21:52:51.026+0000] {processor.py:927} WARNING - No viable dags retrieved from /home/airflow/.local/lib/python3.12/site-packages/airflow/example_dags/plugins/decreasing_priority_weight_strategy.py
[2024-10-26T21:52:51.036+0000] {processor.py:208} INFO - Processing /home/airflow/.local/lib/python3.12/site-packages/airflow/example_dags/plugins/decreasing_priority_weight_strategy.py took 0.020 seconds
[2024-10-26T21:53:23.738+0000] {processor.py:186} INFO - Started process (PID=32341) to work on /home/airflow/.local/lib/python3.12/site-packages/airflow/example_dags/plugins/decreasing_priority_weight_strategy.py
[2024-10-26T21:53:23.739+0000] {processor.py:914} INFO - Processing file /home/airflow/.local/lib/python3.12/site-packages/airflow/example_dags/plugins/decreasing_priority_weight_strategy.py for tasks to queue
[2024-10-26T21:53:23.742+0000] {logging_mixin.py:190} INFO - [2024-10-26T21:53:23.742+0000] {dagbag.py:588} INFO - Filling up the DagBag from /home/airflow/.local/lib/python3.12/site-packages/airflow/example_dags/plugins/decreasing_priority_weight_strategy.py
[2024-10-26T21:53:23.744+0000] {processor.py:927} WARNING - No viable dags retrieved from /home/airflow/.local/lib/python3.12/site-packages/airflow/example_dags/plugins/decreasing_priority_weight_strategy.py
[2024-10-26T21:53:23.756+0000] {processor.py:208} INFO - Processing /home/airflow/.local/lib/python3.12/site-packages/airflow/example_dags/plugins/decreasing_priority_weight_strategy.py took 0.024 seconds
[2024-10-26T21:53:56.641+0000] {processor.py:186} INFO - Started process (PID=32405) to work on /home/airflow/.local/lib/python3.12/site-packages/airflow/example_dags/plugins/decreasing_priority_weight_strategy.py
[2024-10-26T21:53:56.642+0000] {processor.py:914} INFO - Processing file /home/airflow/.local/lib/python3.12/site-packages/airflow/example_dags/plugins/decreasing_priority_weight_strategy.py for tasks to queue
[2024-10-26T21:53:56.645+0000] {logging_mixin.py:190} INFO - [2024-10-26T21:53:56.645+0000] {dagbag.py:588} INFO - Filling up the DagBag from /home/airflow/.local/lib/python3.12/site-packages/airflow/example_dags/plugins/decreasing_priority_weight_strategy.py
[2024-10-26T21:53:56.648+0000] {processor.py:927} WARNING - No viable dags retrieved from /home/airflow/.local/lib/python3.12/site-packages/airflow/example_dags/plugins/decreasing_priority_weight_strategy.py
[2024-10-26T21:53:56.660+0000] {processor.py:208} INFO - Processing /home/airflow/.local/lib/python3.12/site-packages/airflow/example_dags/plugins/decreasing_priority_weight_strategy.py took 0.024 seconds
[2024-10-26T21:54:29.686+0000] {processor.py:186} INFO - Started process (PID=32469) to work on /home/airflow/.local/lib/python3.12/site-packages/airflow/example_dags/plugins/decreasing_priority_weight_strategy.py
[2024-10-26T21:54:29.687+0000] {processor.py:914} INFO - Processing file /home/airflow/.local/lib/python3.12/site-packages/airflow/example_dags/plugins/decreasing_priority_weight_strategy.py for tasks to queue
[2024-10-26T21:54:29.689+0000] {logging_mixin.py:190} INFO - [2024-10-26T21:54:29.689+0000] {dagbag.py:588} INFO - Filling up the DagBag from /home/airflow/.local/lib/python3.12/site-packages/airflow/example_dags/plugins/decreasing_priority_weight_strategy.py
[2024-10-26T21:54:29.691+0000] {processor.py:927} WARNING - No viable dags retrieved from /home/airflow/.local/lib/python3.12/site-packages/airflow/example_dags/plugins/decreasing_priority_weight_strategy.py
[2024-10-26T21:54:29.702+0000] {processor.py:208} INFO - Processing /home/airflow/.local/lib/python3.12/site-packages/airflow/example_dags/plugins/decreasing_priority_weight_strategy.py took 0.022 seconds
[2024-10-26T21:55:01.782+0000] {processor.py:186} INFO - Started process (PID=32533) to work on /home/airflow/.local/lib/python3.12/site-packages/airflow/example_dags/plugins/decreasing_priority_weight_strategy.py
[2024-10-26T21:55:01.783+0000] {processor.py:914} INFO - Processing file /home/airflow/.local/lib/python3.12/site-packages/airflow/example_dags/plugins/decreasing_priority_weight_strategy.py for tasks to queue
[2024-10-26T21:55:01.785+0000] {logging_mixin.py:190} INFO - [2024-10-26T21:55:01.785+0000] {dagbag.py:588} INFO - Filling up the DagBag from /home/airflow/.local/lib/python3.12/site-packages/airflow/example_dags/plugins/decreasing_priority_weight_strategy.py
[2024-10-26T21:55:01.787+0000] {processor.py:927} WARNING - No viable dags retrieved from /home/airflow/.local/lib/python3.12/site-packages/airflow/example_dags/plugins/decreasing_priority_weight_strategy.py
[2024-10-26T21:55:01.798+0000] {processor.py:208} INFO - Processing /home/airflow/.local/lib/python3.12/site-packages/airflow/example_dags/plugins/decreasing_priority_weight_strategy.py took 0.021 seconds
[2024-10-26T21:55:34.934+0000] {processor.py:186} INFO - Started process (PID=32597) to work on /home/airflow/.local/lib/python3.12/site-packages/airflow/example_dags/plugins/decreasing_priority_weight_strategy.py
[2024-10-26T21:55:34.935+0000] {processor.py:914} INFO - Processing file /home/airflow/.local/lib/python3.12/site-packages/airflow/example_dags/plugins/decreasing_priority_weight_strategy.py for tasks to queue
[2024-10-26T21:55:34.937+0000] {logging_mixin.py:190} INFO - [2024-10-26T21:55:34.937+0000] {dagbag.py:588} INFO - Filling up the DagBag from /home/airflow/.local/lib/python3.12/site-packages/airflow/example_dags/plugins/decreasing_priority_weight_strategy.py
[2024-10-26T21:55:34.939+0000] {processor.py:927} WARNING - No viable dags retrieved from /home/airflow/.local/lib/python3.12/site-packages/airflow/example_dags/plugins/decreasing_priority_weight_strategy.py
[2024-10-26T21:55:34.952+0000] {processor.py:208} INFO - Processing /home/airflow/.local/lib/python3.12/site-packages/airflow/example_dags/plugins/decreasing_priority_weight_strategy.py took 0.025 seconds
[2024-10-26T21:56:07.935+0000] {processor.py:186} INFO - Started process (PID=32661) to work on /home/airflow/.local/lib/python3.12/site-packages/airflow/example_dags/plugins/decreasing_priority_weight_strategy.py
[2024-10-26T21:56:07.936+0000] {processor.py:914} INFO - Processing file /home/airflow/.local/lib/python3.12/site-packages/airflow/example_dags/plugins/decreasing_priority_weight_strategy.py for tasks to queue
[2024-10-26T21:56:07.939+0000] {logging_mixin.py:190} INFO - [2024-10-26T21:56:07.938+0000] {dagbag.py:588} INFO - Filling up the DagBag from /home/airflow/.local/lib/python3.12/site-packages/airflow/example_dags/plugins/decreasing_priority_weight_strategy.py
[2024-10-26T21:56:07.941+0000] {processor.py:927} WARNING - No viable dags retrieved from /home/airflow/.local/lib/python3.12/site-packages/airflow/example_dags/plugins/decreasing_priority_weight_strategy.py
[2024-10-26T21:56:07.953+0000] {processor.py:208} INFO - Processing /home/airflow/.local/lib/python3.12/site-packages/airflow/example_dags/plugins/decreasing_priority_weight_strategy.py took 0.023 seconds
[2024-10-26T21:56:39.780+0000] {processor.py:186} INFO - Started process (PID=32725) to work on /home/airflow/.local/lib/python3.12/site-packages/airflow/example_dags/plugins/decreasing_priority_weight_strategy.py
[2024-10-26T21:56:39.781+0000] {processor.py:914} INFO - Processing file /home/airflow/.local/lib/python3.12/site-packages/airflow/example_dags/plugins/decreasing_priority_weight_strategy.py for tasks to queue
[2024-10-26T21:56:39.784+0000] {logging_mixin.py:190} INFO - [2024-10-26T21:56:39.784+0000] {dagbag.py:588} INFO - Filling up the DagBag from /home/airflow/.local/lib/python3.12/site-packages/airflow/example_dags/plugins/decreasing_priority_weight_strategy.py
[2024-10-26T21:56:39.787+0000] {processor.py:927} WARNING - No viable dags retrieved from /home/airflow/.local/lib/python3.12/site-packages/airflow/example_dags/plugins/decreasing_priority_weight_strategy.py
[2024-10-26T21:56:39.804+0000] {processor.py:208} INFO - Processing /home/airflow/.local/lib/python3.12/site-packages/airflow/example_dags/plugins/decreasing_priority_weight_strategy.py took 0.031 seconds
[2024-10-26T21:57:12.563+0000] {processor.py:186} INFO - Started process (PID=32790) to work on /home/airflow/.local/lib/python3.12/site-packages/airflow/example_dags/plugins/decreasing_priority_weight_strategy.py
[2024-10-26T21:57:12.564+0000] {processor.py:914} INFO - Processing file /home/airflow/.local/lib/python3.12/site-packages/airflow/example_dags/plugins/decreasing_priority_weight_strategy.py for tasks to queue
[2024-10-26T21:57:12.569+0000] {logging_mixin.py:190} INFO - [2024-10-26T21:57:12.568+0000] {dagbag.py:588} INFO - Filling up the DagBag from /home/airflow/.local/lib/python3.12/site-packages/airflow/example_dags/plugins/decreasing_priority_weight_strategy.py
[2024-10-26T21:57:12.572+0000] {processor.py:927} WARNING - No viable dags retrieved from /home/airflow/.local/lib/python3.12/site-packages/airflow/example_dags/plugins/decreasing_priority_weight_strategy.py
[2024-10-26T21:57:12.585+0000] {processor.py:208} INFO - Processing /home/airflow/.local/lib/python3.12/site-packages/airflow/example_dags/plugins/decreasing_priority_weight_strategy.py took 0.029 seconds
[2024-10-26T21:57:45.659+0000] {processor.py:186} INFO - Started process (PID=32854) to work on /home/airflow/.local/lib/python3.12/site-packages/airflow/example_dags/plugins/decreasing_priority_weight_strategy.py
[2024-10-26T21:57:45.660+0000] {processor.py:914} INFO - Processing file /home/airflow/.local/lib/python3.12/site-packages/airflow/example_dags/plugins/decreasing_priority_weight_strategy.py for tasks to queue
[2024-10-26T21:57:45.662+0000] {logging_mixin.py:190} INFO - [2024-10-26T21:57:45.662+0000] {dagbag.py:588} INFO - Filling up the DagBag from /home/airflow/.local/lib/python3.12/site-packages/airflow/example_dags/plugins/decreasing_priority_weight_strategy.py
[2024-10-26T21:57:45.664+0000] {processor.py:927} WARNING - No viable dags retrieved from /home/airflow/.local/lib/python3.12/site-packages/airflow/example_dags/plugins/decreasing_priority_weight_strategy.py
[2024-10-26T21:57:45.676+0000] {processor.py:208} INFO - Processing /home/airflow/.local/lib/python3.12/site-packages/airflow/example_dags/plugins/decreasing_priority_weight_strategy.py took 0.022 seconds
[2024-10-26T21:58:18.659+0000] {processor.py:186} INFO - Started process (PID=32918) to work on /home/airflow/.local/lib/python3.12/site-packages/airflow/example_dags/plugins/decreasing_priority_weight_strategy.py
[2024-10-26T21:58:18.660+0000] {processor.py:914} INFO - Processing file /home/airflow/.local/lib/python3.12/site-packages/airflow/example_dags/plugins/decreasing_priority_weight_strategy.py for tasks to queue
[2024-10-26T21:58:18.663+0000] {logging_mixin.py:190} INFO - [2024-10-26T21:58:18.663+0000] {dagbag.py:588} INFO - Filling up the DagBag from /home/airflow/.local/lib/python3.12/site-packages/airflow/example_dags/plugins/decreasing_priority_weight_strategy.py
[2024-10-26T21:58:18.666+0000] {processor.py:927} WARNING - No viable dags retrieved from /home/airflow/.local/lib/python3.12/site-packages/airflow/example_dags/plugins/decreasing_priority_weight_strategy.py
[2024-10-26T21:58:18.681+0000] {processor.py:208} INFO - Processing /home/airflow/.local/lib/python3.12/site-packages/airflow/example_dags/plugins/decreasing_priority_weight_strategy.py took 0.030 seconds
[2024-10-26T21:58:50.484+0000] {processor.py:186} INFO - Started process (PID=32982) to work on /home/airflow/.local/lib/python3.12/site-packages/airflow/example_dags/plugins/decreasing_priority_weight_strategy.py
[2024-10-26T21:58:50.485+0000] {processor.py:914} INFO - Processing file /home/airflow/.local/lib/python3.12/site-packages/airflow/example_dags/plugins/decreasing_priority_weight_strategy.py for tasks to queue
[2024-10-26T21:58:50.487+0000] {logging_mixin.py:190} INFO - [2024-10-26T21:58:50.486+0000] {dagbag.py:588} INFO - Filling up the DagBag from /home/airflow/.local/lib/python3.12/site-packages/airflow/example_dags/plugins/decreasing_priority_weight_strategy.py
[2024-10-26T21:58:50.489+0000] {processor.py:927} WARNING - No viable dags retrieved from /home/airflow/.local/lib/python3.12/site-packages/airflow/example_dags/plugins/decreasing_priority_weight_strategy.py
[2024-10-26T21:58:50.501+0000] {processor.py:208} INFO - Processing /home/airflow/.local/lib/python3.12/site-packages/airflow/example_dags/plugins/decreasing_priority_weight_strategy.py took 0.022 seconds
[2024-10-26T21:59:23.809+0000] {processor.py:186} INFO - Started process (PID=33046) to work on /home/airflow/.local/lib/python3.12/site-packages/airflow/example_dags/plugins/decreasing_priority_weight_strategy.py
[2024-10-26T21:59:23.810+0000] {processor.py:914} INFO - Processing file /home/airflow/.local/lib/python3.12/site-packages/airflow/example_dags/plugins/decreasing_priority_weight_strategy.py for tasks to queue
[2024-10-26T21:59:23.812+0000] {logging_mixin.py:190} INFO - [2024-10-26T21:59:23.811+0000] {dagbag.py:588} INFO - Filling up the DagBag from /home/airflow/.local/lib/python3.12/site-packages/airflow/example_dags/plugins/decreasing_priority_weight_strategy.py
[2024-10-26T21:59:23.814+0000] {processor.py:927} WARNING - No viable dags retrieved from /home/airflow/.local/lib/python3.12/site-packages/airflow/example_dags/plugins/decreasing_priority_weight_strategy.py
[2024-10-26T21:59:23.825+0000] {processor.py:208} INFO - Processing /home/airflow/.local/lib/python3.12/site-packages/airflow/example_dags/plugins/decreasing_priority_weight_strategy.py took 0.021 seconds
[2024-10-26T21:59:56.789+0000] {processor.py:186} INFO - Started process (PID=33110) to work on /home/airflow/.local/lib/python3.12/site-packages/airflow/example_dags/plugins/decreasing_priority_weight_strategy.py
[2024-10-26T21:59:56.790+0000] {processor.py:914} INFO - Processing file /home/airflow/.local/lib/python3.12/site-packages/airflow/example_dags/plugins/decreasing_priority_weight_strategy.py for tasks to queue
[2024-10-26T21:59:56.793+0000] {logging_mixin.py:190} INFO - [2024-10-26T21:59:56.793+0000] {dagbag.py:588} INFO - Filling up the DagBag from /home/airflow/.local/lib/python3.12/site-packages/airflow/example_dags/plugins/decreasing_priority_weight_strategy.py
[2024-10-26T21:59:56.796+0000] {processor.py:927} WARNING - No viable dags retrieved from /home/airflow/.local/lib/python3.12/site-packages/airflow/example_dags/plugins/decreasing_priority_weight_strategy.py
[2024-10-26T21:59:56.810+0000] {processor.py:208} INFO - Processing /home/airflow/.local/lib/python3.12/site-packages/airflow/example_dags/plugins/decreasing_priority_weight_strategy.py took 0.025 seconds
[2024-10-26T22:00:29.669+0000] {processor.py:186} INFO - Started process (PID=33174) to work on /home/airflow/.local/lib/python3.12/site-packages/airflow/example_dags/plugins/decreasing_priority_weight_strategy.py
[2024-10-26T22:00:29.670+0000] {processor.py:914} INFO - Processing file /home/airflow/.local/lib/python3.12/site-packages/airflow/example_dags/plugins/decreasing_priority_weight_strategy.py for tasks to queue
[2024-10-26T22:00:29.673+0000] {logging_mixin.py:190} INFO - [2024-10-26T22:00:29.673+0000] {dagbag.py:588} INFO - Filling up the DagBag from /home/airflow/.local/lib/python3.12/site-packages/airflow/example_dags/plugins/decreasing_priority_weight_strategy.py
[2024-10-26T22:00:29.675+0000] {processor.py:927} WARNING - No viable dags retrieved from /home/airflow/.local/lib/python3.12/site-packages/airflow/example_dags/plugins/decreasing_priority_weight_strategy.py
[2024-10-26T22:00:29.689+0000] {processor.py:208} INFO - Processing /home/airflow/.local/lib/python3.12/site-packages/airflow/example_dags/plugins/decreasing_priority_weight_strategy.py took 0.025 seconds
[2024-10-26T22:01:01.807+0000] {processor.py:186} INFO - Started process (PID=33238) to work on /home/airflow/.local/lib/python3.12/site-packages/airflow/example_dags/plugins/decreasing_priority_weight_strategy.py
[2024-10-26T22:01:01.808+0000] {processor.py:914} INFO - Processing file /home/airflow/.local/lib/python3.12/site-packages/airflow/example_dags/plugins/decreasing_priority_weight_strategy.py for tasks to queue
[2024-10-26T22:01:01.810+0000] {logging_mixin.py:190} INFO - [2024-10-26T22:01:01.810+0000] {dagbag.py:588} INFO - Filling up the DagBag from /home/airflow/.local/lib/python3.12/site-packages/airflow/example_dags/plugins/decreasing_priority_weight_strategy.py
[2024-10-26T22:01:01.812+0000] {processor.py:927} WARNING - No viable dags retrieved from /home/airflow/.local/lib/python3.12/site-packages/airflow/example_dags/plugins/decreasing_priority_weight_strategy.py
[2024-10-26T22:01:01.824+0000] {processor.py:208} INFO - Processing /home/airflow/.local/lib/python3.12/site-packages/airflow/example_dags/plugins/decreasing_priority_weight_strategy.py took 0.022 seconds
[2024-10-26T22:01:34.589+0000] {processor.py:186} INFO - Started process (PID=33302) to work on /home/airflow/.local/lib/python3.12/site-packages/airflow/example_dags/plugins/decreasing_priority_weight_strategy.py
[2024-10-26T22:01:34.590+0000] {processor.py:914} INFO - Processing file /home/airflow/.local/lib/python3.12/site-packages/airflow/example_dags/plugins/decreasing_priority_weight_strategy.py for tasks to queue
[2024-10-26T22:01:34.593+0000] {logging_mixin.py:190} INFO - [2024-10-26T22:01:34.592+0000] {dagbag.py:588} INFO - Filling up the DagBag from /home/airflow/.local/lib/python3.12/site-packages/airflow/example_dags/plugins/decreasing_priority_weight_strategy.py
[2024-10-26T22:01:34.595+0000] {processor.py:927} WARNING - No viable dags retrieved from /home/airflow/.local/lib/python3.12/site-packages/airflow/example_dags/plugins/decreasing_priority_weight_strategy.py
[2024-10-26T22:01:34.607+0000] {processor.py:208} INFO - Processing /home/airflow/.local/lib/python3.12/site-packages/airflow/example_dags/plugins/decreasing_priority_weight_strategy.py took 0.023 seconds
[2024-10-26T22:02:07.644+0000] {processor.py:186} INFO - Started process (PID=33366) to work on /home/airflow/.local/lib/python3.12/site-packages/airflow/example_dags/plugins/decreasing_priority_weight_strategy.py
[2024-10-26T22:02:07.645+0000] {processor.py:914} INFO - Processing file /home/airflow/.local/lib/python3.12/site-packages/airflow/example_dags/plugins/decreasing_priority_weight_strategy.py for tasks to queue
[2024-10-26T22:02:07.647+0000] {logging_mixin.py:190} INFO - [2024-10-26T22:02:07.647+0000] {dagbag.py:588} INFO - Filling up the DagBag from /home/airflow/.local/lib/python3.12/site-packages/airflow/example_dags/plugins/decreasing_priority_weight_strategy.py
[2024-10-26T22:02:07.649+0000] {processor.py:927} WARNING - No viable dags retrieved from /home/airflow/.local/lib/python3.12/site-packages/airflow/example_dags/plugins/decreasing_priority_weight_strategy.py
[2024-10-26T22:02:07.659+0000] {processor.py:208} INFO - Processing /home/airflow/.local/lib/python3.12/site-packages/airflow/example_dags/plugins/decreasing_priority_weight_strategy.py took 0.020 seconds
[2024-10-26T22:02:40.579+0000] {processor.py:186} INFO - Started process (PID=33430) to work on /home/airflow/.local/lib/python3.12/site-packages/airflow/example_dags/plugins/decreasing_priority_weight_strategy.py
[2024-10-26T22:02:40.580+0000] {processor.py:914} INFO - Processing file /home/airflow/.local/lib/python3.12/site-packages/airflow/example_dags/plugins/decreasing_priority_weight_strategy.py for tasks to queue
[2024-10-26T22:02:40.583+0000] {logging_mixin.py:190} INFO - [2024-10-26T22:02:40.582+0000] {dagbag.py:588} INFO - Filling up the DagBag from /home/airflow/.local/lib/python3.12/site-packages/airflow/example_dags/plugins/decreasing_priority_weight_strategy.py
[2024-10-26T22:02:40.585+0000] {processor.py:927} WARNING - No viable dags retrieved from /home/airflow/.local/lib/python3.12/site-packages/airflow/example_dags/plugins/decreasing_priority_weight_strategy.py
[2024-10-26T22:02:40.597+0000] {processor.py:208} INFO - Processing /home/airflow/.local/lib/python3.12/site-packages/airflow/example_dags/plugins/decreasing_priority_weight_strategy.py took 0.023 seconds
[2024-10-26T22:03:14.391+0000] {processor.py:186} INFO - Started process (PID=33494) to work on /home/airflow/.local/lib/python3.12/site-packages/airflow/example_dags/plugins/decreasing_priority_weight_strategy.py
[2024-10-26T22:03:14.392+0000] {processor.py:914} INFO - Processing file /home/airflow/.local/lib/python3.12/site-packages/airflow/example_dags/plugins/decreasing_priority_weight_strategy.py for tasks to queue
[2024-10-26T22:03:14.394+0000] {logging_mixin.py:190} INFO - [2024-10-26T22:03:14.394+0000] {dagbag.py:588} INFO - Filling up the DagBag from /home/airflow/.local/lib/python3.12/site-packages/airflow/example_dags/plugins/decreasing_priority_weight_strategy.py
[2024-10-26T22:03:14.396+0000] {processor.py:927} WARNING - No viable dags retrieved from /home/airflow/.local/lib/python3.12/site-packages/airflow/example_dags/plugins/decreasing_priority_weight_strategy.py
[2024-10-26T22:03:14.407+0000] {processor.py:208} INFO - Processing /home/airflow/.local/lib/python3.12/site-packages/airflow/example_dags/plugins/decreasing_priority_weight_strategy.py took 0.021 seconds
[2024-10-26T22:03:48.562+0000] {processor.py:186} INFO - Started process (PID=33558) to work on /home/airflow/.local/lib/python3.12/site-packages/airflow/example_dags/plugins/decreasing_priority_weight_strategy.py
[2024-10-26T22:03:48.563+0000] {processor.py:914} INFO - Processing file /home/airflow/.local/lib/python3.12/site-packages/airflow/example_dags/plugins/decreasing_priority_weight_strategy.py for tasks to queue
[2024-10-26T22:03:48.565+0000] {logging_mixin.py:190} INFO - [2024-10-26T22:03:48.565+0000] {dagbag.py:588} INFO - Filling up the DagBag from /home/airflow/.local/lib/python3.12/site-packages/airflow/example_dags/plugins/decreasing_priority_weight_strategy.py
[2024-10-26T22:03:48.567+0000] {processor.py:927} WARNING - No viable dags retrieved from /home/airflow/.local/lib/python3.12/site-packages/airflow/example_dags/plugins/decreasing_priority_weight_strategy.py
[2024-10-26T22:03:48.580+0000] {processor.py:208} INFO - Processing /home/airflow/.local/lib/python3.12/site-packages/airflow/example_dags/plugins/decreasing_priority_weight_strategy.py took 0.022 seconds
[2024-10-26T22:04:20.197+0000] {processor.py:186} INFO - Started process (PID=33622) to work on /home/airflow/.local/lib/python3.12/site-packages/airflow/example_dags/plugins/decreasing_priority_weight_strategy.py
[2024-10-26T22:04:20.198+0000] {processor.py:914} INFO - Processing file /home/airflow/.local/lib/python3.12/site-packages/airflow/example_dags/plugins/decreasing_priority_weight_strategy.py for tasks to queue
[2024-10-26T22:04:20.201+0000] {logging_mixin.py:190} INFO - [2024-10-26T22:04:20.200+0000] {dagbag.py:588} INFO - Filling up the DagBag from /home/airflow/.local/lib/python3.12/site-packages/airflow/example_dags/plugins/decreasing_priority_weight_strategy.py
[2024-10-26T22:04:20.203+0000] {processor.py:927} WARNING - No viable dags retrieved from /home/airflow/.local/lib/python3.12/site-packages/airflow/example_dags/plugins/decreasing_priority_weight_strategy.py
[2024-10-26T22:04:20.215+0000] {processor.py:208} INFO - Processing /home/airflow/.local/lib/python3.12/site-packages/airflow/example_dags/plugins/decreasing_priority_weight_strategy.py took 0.023 seconds
[2024-10-26T22:04:51.999+0000] {processor.py:186} INFO - Started process (PID=33686) to work on /home/airflow/.local/lib/python3.12/site-packages/airflow/example_dags/plugins/decreasing_priority_weight_strategy.py
[2024-10-26T22:04:52.000+0000] {processor.py:914} INFO - Processing file /home/airflow/.local/lib/python3.12/site-packages/airflow/example_dags/plugins/decreasing_priority_weight_strategy.py for tasks to queue
[2024-10-26T22:04:52.003+0000] {logging_mixin.py:190} INFO - [2024-10-26T22:04:52.003+0000] {dagbag.py:588} INFO - Filling up the DagBag from /home/airflow/.local/lib/python3.12/site-packages/airflow/example_dags/plugins/decreasing_priority_weight_strategy.py
[2024-10-26T22:04:52.005+0000] {processor.py:927} WARNING - No viable dags retrieved from /home/airflow/.local/lib/python3.12/site-packages/airflow/example_dags/plugins/decreasing_priority_weight_strategy.py
[2024-10-26T22:04:52.018+0000] {processor.py:208} INFO - Processing /home/airflow/.local/lib/python3.12/site-packages/airflow/example_dags/plugins/decreasing_priority_weight_strategy.py took 0.024 seconds
[2024-10-26T22:05:25.114+0000] {processor.py:186} INFO - Started process (PID=33750) to work on /home/airflow/.local/lib/python3.12/site-packages/airflow/example_dags/plugins/decreasing_priority_weight_strategy.py
[2024-10-26T22:05:25.115+0000] {processor.py:914} INFO - Processing file /home/airflow/.local/lib/python3.12/site-packages/airflow/example_dags/plugins/decreasing_priority_weight_strategy.py for tasks to queue
[2024-10-26T22:05:25.117+0000] {logging_mixin.py:190} INFO - [2024-10-26T22:05:25.117+0000] {dagbag.py:588} INFO - Filling up the DagBag from /home/airflow/.local/lib/python3.12/site-packages/airflow/example_dags/plugins/decreasing_priority_weight_strategy.py
[2024-10-26T22:05:25.119+0000] {processor.py:927} WARNING - No viable dags retrieved from /home/airflow/.local/lib/python3.12/site-packages/airflow/example_dags/plugins/decreasing_priority_weight_strategy.py
[2024-10-26T22:05:25.132+0000] {processor.py:208} INFO - Processing /home/airflow/.local/lib/python3.12/site-packages/airflow/example_dags/plugins/decreasing_priority_weight_strategy.py took 0.023 seconds
[2024-10-26T22:05:58.112+0000] {processor.py:186} INFO - Started process (PID=33814) to work on /home/airflow/.local/lib/python3.12/site-packages/airflow/example_dags/plugins/decreasing_priority_weight_strategy.py
[2024-10-26T22:05:58.113+0000] {processor.py:914} INFO - Processing file /home/airflow/.local/lib/python3.12/site-packages/airflow/example_dags/plugins/decreasing_priority_weight_strategy.py for tasks to queue
[2024-10-26T22:05:58.116+0000] {logging_mixin.py:190} INFO - [2024-10-26T22:05:58.116+0000] {dagbag.py:588} INFO - Filling up the DagBag from /home/airflow/.local/lib/python3.12/site-packages/airflow/example_dags/plugins/decreasing_priority_weight_strategy.py
[2024-10-26T22:05:58.120+0000] {processor.py:927} WARNING - No viable dags retrieved from /home/airflow/.local/lib/python3.12/site-packages/airflow/example_dags/plugins/decreasing_priority_weight_strategy.py
[2024-10-26T22:05:58.138+0000] {processor.py:208} INFO - Processing /home/airflow/.local/lib/python3.12/site-packages/airflow/example_dags/plugins/decreasing_priority_weight_strategy.py took 0.032 seconds
[2024-10-26T22:06:28.835+0000] {processor.py:186} INFO - Started process (PID=33878) to work on /home/airflow/.local/lib/python3.12/site-packages/airflow/example_dags/plugins/decreasing_priority_weight_strategy.py
[2024-10-26T22:06:28.836+0000] {processor.py:914} INFO - Processing file /home/airflow/.local/lib/python3.12/site-packages/airflow/example_dags/plugins/decreasing_priority_weight_strategy.py for tasks to queue
[2024-10-26T22:06:28.839+0000] {logging_mixin.py:190} INFO - [2024-10-26T22:06:28.838+0000] {dagbag.py:588} INFO - Filling up the DagBag from /home/airflow/.local/lib/python3.12/site-packages/airflow/example_dags/plugins/decreasing_priority_weight_strategy.py
[2024-10-26T22:06:28.841+0000] {processor.py:927} WARNING - No viable dags retrieved from /home/airflow/.local/lib/python3.12/site-packages/airflow/example_dags/plugins/decreasing_priority_weight_strategy.py
[2024-10-26T22:06:28.854+0000] {processor.py:208} INFO - Processing /home/airflow/.local/lib/python3.12/site-packages/airflow/example_dags/plugins/decreasing_priority_weight_strategy.py took 0.024 seconds
[2024-10-26T22:07:01.457+0000] {processor.py:186} INFO - Started process (PID=33943) to work on /home/airflow/.local/lib/python3.12/site-packages/airflow/example_dags/plugins/decreasing_priority_weight_strategy.py
[2024-10-26T22:07:01.458+0000] {processor.py:914} INFO - Processing file /home/airflow/.local/lib/python3.12/site-packages/airflow/example_dags/plugins/decreasing_priority_weight_strategy.py for tasks to queue
[2024-10-26T22:07:01.461+0000] {logging_mixin.py:190} INFO - [2024-10-26T22:07:01.461+0000] {dagbag.py:588} INFO - Filling up the DagBag from /home/airflow/.local/lib/python3.12/site-packages/airflow/example_dags/plugins/decreasing_priority_weight_strategy.py
[2024-10-26T22:07:01.463+0000] {processor.py:927} WARNING - No viable dags retrieved from /home/airflow/.local/lib/python3.12/site-packages/airflow/example_dags/plugins/decreasing_priority_weight_strategy.py
[2024-10-26T22:07:01.475+0000] {processor.py:208} INFO - Processing /home/airflow/.local/lib/python3.12/site-packages/airflow/example_dags/plugins/decreasing_priority_weight_strategy.py took 0.023 seconds
[2024-10-26T22:07:34.221+0000] {processor.py:186} INFO - Started process (PID=34007) to work on /home/airflow/.local/lib/python3.12/site-packages/airflow/example_dags/plugins/decreasing_priority_weight_strategy.py
[2024-10-26T22:07:34.222+0000] {processor.py:914} INFO - Processing file /home/airflow/.local/lib/python3.12/site-packages/airflow/example_dags/plugins/decreasing_priority_weight_strategy.py for tasks to queue
[2024-10-26T22:07:34.224+0000] {logging_mixin.py:190} INFO - [2024-10-26T22:07:34.224+0000] {dagbag.py:588} INFO - Filling up the DagBag from /home/airflow/.local/lib/python3.12/site-packages/airflow/example_dags/plugins/decreasing_priority_weight_strategy.py
[2024-10-26T22:07:34.226+0000] {processor.py:927} WARNING - No viable dags retrieved from /home/airflow/.local/lib/python3.12/site-packages/airflow/example_dags/plugins/decreasing_priority_weight_strategy.py
[2024-10-26T22:07:34.238+0000] {processor.py:208} INFO - Processing /home/airflow/.local/lib/python3.12/site-packages/airflow/example_dags/plugins/decreasing_priority_weight_strategy.py took 0.022 seconds
[2024-10-26T22:08:07.570+0000] {processor.py:186} INFO - Started process (PID=34071) to work on /home/airflow/.local/lib/python3.12/site-packages/airflow/example_dags/plugins/decreasing_priority_weight_strategy.py
[2024-10-26T22:08:07.572+0000] {processor.py:914} INFO - Processing file /home/airflow/.local/lib/python3.12/site-packages/airflow/example_dags/plugins/decreasing_priority_weight_strategy.py for tasks to queue
[2024-10-26T22:08:07.574+0000] {logging_mixin.py:190} INFO - [2024-10-26T22:08:07.574+0000] {dagbag.py:588} INFO - Filling up the DagBag from /home/airflow/.local/lib/python3.12/site-packages/airflow/example_dags/plugins/decreasing_priority_weight_strategy.py
[2024-10-26T22:08:07.578+0000] {processor.py:927} WARNING - No viable dags retrieved from /home/airflow/.local/lib/python3.12/site-packages/airflow/example_dags/plugins/decreasing_priority_weight_strategy.py
[2024-10-26T22:08:07.593+0000] {processor.py:208} INFO - Processing /home/airflow/.local/lib/python3.12/site-packages/airflow/example_dags/plugins/decreasing_priority_weight_strategy.py took 0.029 seconds
[2024-10-26T22:08:40.376+0000] {processor.py:186} INFO - Started process (PID=34135) to work on /home/airflow/.local/lib/python3.12/site-packages/airflow/example_dags/plugins/decreasing_priority_weight_strategy.py
[2024-10-26T22:08:40.378+0000] {processor.py:914} INFO - Processing file /home/airflow/.local/lib/python3.12/site-packages/airflow/example_dags/plugins/decreasing_priority_weight_strategy.py for tasks to queue
[2024-10-26T22:08:40.383+0000] {logging_mixin.py:190} INFO - [2024-10-26T22:08:40.383+0000] {dagbag.py:588} INFO - Filling up the DagBag from /home/airflow/.local/lib/python3.12/site-packages/airflow/example_dags/plugins/decreasing_priority_weight_strategy.py
[2024-10-26T22:08:40.386+0000] {processor.py:927} WARNING - No viable dags retrieved from /home/airflow/.local/lib/python3.12/site-packages/airflow/example_dags/plugins/decreasing_priority_weight_strategy.py
[2024-10-26T22:08:40.406+0000] {processor.py:208} INFO - Processing /home/airflow/.local/lib/python3.12/site-packages/airflow/example_dags/plugins/decreasing_priority_weight_strategy.py took 0.037 seconds
[2024-10-26T22:09:13.198+0000] {processor.py:186} INFO - Started process (PID=34199) to work on /home/airflow/.local/lib/python3.12/site-packages/airflow/example_dags/plugins/decreasing_priority_weight_strategy.py
[2024-10-26T22:09:13.200+0000] {processor.py:914} INFO - Processing file /home/airflow/.local/lib/python3.12/site-packages/airflow/example_dags/plugins/decreasing_priority_weight_strategy.py for tasks to queue
[2024-10-26T22:09:13.202+0000] {logging_mixin.py:190} INFO - [2024-10-26T22:09:13.202+0000] {dagbag.py:588} INFO - Filling up the DagBag from /home/airflow/.local/lib/python3.12/site-packages/airflow/example_dags/plugins/decreasing_priority_weight_strategy.py
[2024-10-26T22:09:13.205+0000] {processor.py:927} WARNING - No viable dags retrieved from /home/airflow/.local/lib/python3.12/site-packages/airflow/example_dags/plugins/decreasing_priority_weight_strategy.py
[2024-10-26T22:09:13.218+0000] {processor.py:208} INFO - Processing /home/airflow/.local/lib/python3.12/site-packages/airflow/example_dags/plugins/decreasing_priority_weight_strategy.py took 0.026 seconds
[2024-10-26T22:09:45.899+0000] {processor.py:186} INFO - Started process (PID=34263) to work on /home/airflow/.local/lib/python3.12/site-packages/airflow/example_dags/plugins/decreasing_priority_weight_strategy.py
[2024-10-26T22:09:45.900+0000] {processor.py:914} INFO - Processing file /home/airflow/.local/lib/python3.12/site-packages/airflow/example_dags/plugins/decreasing_priority_weight_strategy.py for tasks to queue
[2024-10-26T22:09:45.902+0000] {logging_mixin.py:190} INFO - [2024-10-26T22:09:45.902+0000] {dagbag.py:588} INFO - Filling up the DagBag from /home/airflow/.local/lib/python3.12/site-packages/airflow/example_dags/plugins/decreasing_priority_weight_strategy.py
[2024-10-26T22:09:45.904+0000] {processor.py:927} WARNING - No viable dags retrieved from /home/airflow/.local/lib/python3.12/site-packages/airflow/example_dags/plugins/decreasing_priority_weight_strategy.py
[2024-10-26T22:09:45.916+0000] {processor.py:208} INFO - Processing /home/airflow/.local/lib/python3.12/site-packages/airflow/example_dags/plugins/decreasing_priority_weight_strategy.py took 0.021 seconds
[2024-10-26T22:10:18.685+0000] {processor.py:186} INFO - Started process (PID=34327) to work on /home/airflow/.local/lib/python3.12/site-packages/airflow/example_dags/plugins/decreasing_priority_weight_strategy.py
[2024-10-26T22:10:18.686+0000] {processor.py:914} INFO - Processing file /home/airflow/.local/lib/python3.12/site-packages/airflow/example_dags/plugins/decreasing_priority_weight_strategy.py for tasks to queue
[2024-10-26T22:10:18.689+0000] {logging_mixin.py:190} INFO - [2024-10-26T22:10:18.688+0000] {dagbag.py:588} INFO - Filling up the DagBag from /home/airflow/.local/lib/python3.12/site-packages/airflow/example_dags/plugins/decreasing_priority_weight_strategy.py
[2024-10-26T22:10:18.690+0000] {processor.py:927} WARNING - No viable dags retrieved from /home/airflow/.local/lib/python3.12/site-packages/airflow/example_dags/plugins/decreasing_priority_weight_strategy.py
[2024-10-26T22:10:18.702+0000] {processor.py:208} INFO - Processing /home/airflow/.local/lib/python3.12/site-packages/airflow/example_dags/plugins/decreasing_priority_weight_strategy.py took 0.022 seconds
[2024-10-26T22:10:51.403+0000] {processor.py:186} INFO - Started process (PID=34391) to work on /home/airflow/.local/lib/python3.12/site-packages/airflow/example_dags/plugins/decreasing_priority_weight_strategy.py
[2024-10-26T22:10:51.404+0000] {processor.py:914} INFO - Processing file /home/airflow/.local/lib/python3.12/site-packages/airflow/example_dags/plugins/decreasing_priority_weight_strategy.py for tasks to queue
[2024-10-26T22:10:51.407+0000] {logging_mixin.py:190} INFO - [2024-10-26T22:10:51.406+0000] {dagbag.py:588} INFO - Filling up the DagBag from /home/airflow/.local/lib/python3.12/site-packages/airflow/example_dags/plugins/decreasing_priority_weight_strategy.py
[2024-10-26T22:10:51.409+0000] {processor.py:927} WARNING - No viable dags retrieved from /home/airflow/.local/lib/python3.12/site-packages/airflow/example_dags/plugins/decreasing_priority_weight_strategy.py
[2024-10-26T22:10:51.420+0000] {processor.py:208} INFO - Processing /home/airflow/.local/lib/python3.12/site-packages/airflow/example_dags/plugins/decreasing_priority_weight_strategy.py took 0.022 seconds
[2024-10-26T22:11:24.204+0000] {processor.py:186} INFO - Started process (PID=34455) to work on /home/airflow/.local/lib/python3.12/site-packages/airflow/example_dags/plugins/decreasing_priority_weight_strategy.py
[2024-10-26T22:11:24.205+0000] {processor.py:914} INFO - Processing file /home/airflow/.local/lib/python3.12/site-packages/airflow/example_dags/plugins/decreasing_priority_weight_strategy.py for tasks to queue
[2024-10-26T22:11:24.209+0000] {logging_mixin.py:190} INFO - [2024-10-26T22:11:24.208+0000] {dagbag.py:588} INFO - Filling up the DagBag from /home/airflow/.local/lib/python3.12/site-packages/airflow/example_dags/plugins/decreasing_priority_weight_strategy.py
[2024-10-26T22:11:24.211+0000] {processor.py:927} WARNING - No viable dags retrieved from /home/airflow/.local/lib/python3.12/site-packages/airflow/example_dags/plugins/decreasing_priority_weight_strategy.py
[2024-10-26T22:11:24.225+0000] {processor.py:208} INFO - Processing /home/airflow/.local/lib/python3.12/site-packages/airflow/example_dags/plugins/decreasing_priority_weight_strategy.py took 0.027 seconds
[2024-10-26T22:11:57.504+0000] {processor.py:186} INFO - Started process (PID=34518) to work on /home/airflow/.local/lib/python3.12/site-packages/airflow/example_dags/plugins/decreasing_priority_weight_strategy.py
[2024-10-26T22:11:57.506+0000] {processor.py:914} INFO - Processing file /home/airflow/.local/lib/python3.12/site-packages/airflow/example_dags/plugins/decreasing_priority_weight_strategy.py for tasks to queue
[2024-10-26T22:11:57.508+0000] {logging_mixin.py:190} INFO - [2024-10-26T22:11:57.508+0000] {dagbag.py:588} INFO - Filling up the DagBag from /home/airflow/.local/lib/python3.12/site-packages/airflow/example_dags/plugins/decreasing_priority_weight_strategy.py
[2024-10-26T22:11:57.511+0000] {processor.py:927} WARNING - No viable dags retrieved from /home/airflow/.local/lib/python3.12/site-packages/airflow/example_dags/plugins/decreasing_priority_weight_strategy.py
[2024-10-26T22:11:57.522+0000] {processor.py:208} INFO - Processing /home/airflow/.local/lib/python3.12/site-packages/airflow/example_dags/plugins/decreasing_priority_weight_strategy.py took 0.024 seconds
[2024-10-26T22:12:29.712+0000] {processor.py:186} INFO - Started process (PID=34582) to work on /home/airflow/.local/lib/python3.12/site-packages/airflow/example_dags/plugins/decreasing_priority_weight_strategy.py
[2024-10-26T22:12:29.714+0000] {processor.py:914} INFO - Processing file /home/airflow/.local/lib/python3.12/site-packages/airflow/example_dags/plugins/decreasing_priority_weight_strategy.py for tasks to queue
[2024-10-26T22:12:29.717+0000] {logging_mixin.py:190} INFO - [2024-10-26T22:12:29.717+0000] {dagbag.py:588} INFO - Filling up the DagBag from /home/airflow/.local/lib/python3.12/site-packages/airflow/example_dags/plugins/decreasing_priority_weight_strategy.py
[2024-10-26T22:12:29.719+0000] {processor.py:927} WARNING - No viable dags retrieved from /home/airflow/.local/lib/python3.12/site-packages/airflow/example_dags/plugins/decreasing_priority_weight_strategy.py
[2024-10-26T22:12:29.734+0000] {processor.py:208} INFO - Processing /home/airflow/.local/lib/python3.12/site-packages/airflow/example_dags/plugins/decreasing_priority_weight_strategy.py took 0.029 seconds
[2024-10-26T22:13:02.008+0000] {processor.py:186} INFO - Started process (PID=34646) to work on /home/airflow/.local/lib/python3.12/site-packages/airflow/example_dags/plugins/decreasing_priority_weight_strategy.py
[2024-10-26T22:13:02.010+0000] {processor.py:914} INFO - Processing file /home/airflow/.local/lib/python3.12/site-packages/airflow/example_dags/plugins/decreasing_priority_weight_strategy.py for tasks to queue
[2024-10-26T22:13:02.012+0000] {logging_mixin.py:190} INFO - [2024-10-26T22:13:02.012+0000] {dagbag.py:588} INFO - Filling up the DagBag from /home/airflow/.local/lib/python3.12/site-packages/airflow/example_dags/plugins/decreasing_priority_weight_strategy.py
[2024-10-26T22:13:02.014+0000] {processor.py:927} WARNING - No viable dags retrieved from /home/airflow/.local/lib/python3.12/site-packages/airflow/example_dags/plugins/decreasing_priority_weight_strategy.py
[2024-10-26T22:13:02.029+0000] {processor.py:208} INFO - Processing /home/airflow/.local/lib/python3.12/site-packages/airflow/example_dags/plugins/decreasing_priority_weight_strategy.py took 0.029 seconds
[2024-10-26T22:13:35.743+0000] {processor.py:186} INFO - Started process (PID=34710) to work on /home/airflow/.local/lib/python3.12/site-packages/airflow/example_dags/plugins/decreasing_priority_weight_strategy.py
[2024-10-26T22:13:35.744+0000] {processor.py:914} INFO - Processing file /home/airflow/.local/lib/python3.12/site-packages/airflow/example_dags/plugins/decreasing_priority_weight_strategy.py for tasks to queue
[2024-10-26T22:13:35.747+0000] {logging_mixin.py:190} INFO - [2024-10-26T22:13:35.747+0000] {dagbag.py:588} INFO - Filling up the DagBag from /home/airflow/.local/lib/python3.12/site-packages/airflow/example_dags/plugins/decreasing_priority_weight_strategy.py
[2024-10-26T22:13:35.750+0000] {processor.py:927} WARNING - No viable dags retrieved from /home/airflow/.local/lib/python3.12/site-packages/airflow/example_dags/plugins/decreasing_priority_weight_strategy.py
[2024-10-26T22:13:35.764+0000] {processor.py:208} INFO - Processing /home/airflow/.local/lib/python3.12/site-packages/airflow/example_dags/plugins/decreasing_priority_weight_strategy.py took 0.028 seconds
[2024-10-26T22:14:07.568+0000] {processor.py:186} INFO - Started process (PID=34775) to work on /home/airflow/.local/lib/python3.12/site-packages/airflow/example_dags/plugins/decreasing_priority_weight_strategy.py
[2024-10-26T22:14:07.569+0000] {processor.py:914} INFO - Processing file /home/airflow/.local/lib/python3.12/site-packages/airflow/example_dags/plugins/decreasing_priority_weight_strategy.py for tasks to queue
[2024-10-26T22:14:07.572+0000] {logging_mixin.py:190} INFO - [2024-10-26T22:14:07.572+0000] {dagbag.py:588} INFO - Filling up the DagBag from /home/airflow/.local/lib/python3.12/site-packages/airflow/example_dags/plugins/decreasing_priority_weight_strategy.py
[2024-10-26T22:14:07.574+0000] {processor.py:927} WARNING - No viable dags retrieved from /home/airflow/.local/lib/python3.12/site-packages/airflow/example_dags/plugins/decreasing_priority_weight_strategy.py
[2024-10-26T22:14:07.588+0000] {processor.py:208} INFO - Processing /home/airflow/.local/lib/python3.12/site-packages/airflow/example_dags/plugins/decreasing_priority_weight_strategy.py took 0.025 seconds
[2024-10-26T22:14:40.190+0000] {processor.py:186} INFO - Started process (PID=34840) to work on /home/airflow/.local/lib/python3.12/site-packages/airflow/example_dags/plugins/decreasing_priority_weight_strategy.py
[2024-10-26T22:14:40.191+0000] {processor.py:914} INFO - Processing file /home/airflow/.local/lib/python3.12/site-packages/airflow/example_dags/plugins/decreasing_priority_weight_strategy.py for tasks to queue
[2024-10-26T22:14:40.193+0000] {logging_mixin.py:190} INFO - [2024-10-26T22:14:40.193+0000] {dagbag.py:588} INFO - Filling up the DagBag from /home/airflow/.local/lib/python3.12/site-packages/airflow/example_dags/plugins/decreasing_priority_weight_strategy.py
[2024-10-26T22:14:40.195+0000] {processor.py:927} WARNING - No viable dags retrieved from /home/airflow/.local/lib/python3.12/site-packages/airflow/example_dags/plugins/decreasing_priority_weight_strategy.py
[2024-10-26T22:14:40.209+0000] {processor.py:208} INFO - Processing /home/airflow/.local/lib/python3.12/site-packages/airflow/example_dags/plugins/decreasing_priority_weight_strategy.py took 0.025 seconds
[2024-10-26T22:15:13.174+0000] {processor.py:186} INFO - Started process (PID=34904) to work on /home/airflow/.local/lib/python3.12/site-packages/airflow/example_dags/plugins/decreasing_priority_weight_strategy.py
[2024-10-26T22:15:13.175+0000] {processor.py:914} INFO - Processing file /home/airflow/.local/lib/python3.12/site-packages/airflow/example_dags/plugins/decreasing_priority_weight_strategy.py for tasks to queue
[2024-10-26T22:15:13.178+0000] {logging_mixin.py:190} INFO - [2024-10-26T22:15:13.177+0000] {dagbag.py:588} INFO - Filling up the DagBag from /home/airflow/.local/lib/python3.12/site-packages/airflow/example_dags/plugins/decreasing_priority_weight_strategy.py
[2024-10-26T22:15:13.180+0000] {processor.py:927} WARNING - No viable dags retrieved from /home/airflow/.local/lib/python3.12/site-packages/airflow/example_dags/plugins/decreasing_priority_weight_strategy.py
[2024-10-26T22:15:13.192+0000] {processor.py:208} INFO - Processing /home/airflow/.local/lib/python3.12/site-packages/airflow/example_dags/plugins/decreasing_priority_weight_strategy.py took 0.024 seconds
[2024-10-26T22:15:45.743+0000] {processor.py:186} INFO - Started process (PID=34968) to work on /home/airflow/.local/lib/python3.12/site-packages/airflow/example_dags/plugins/decreasing_priority_weight_strategy.py
[2024-10-26T22:15:45.744+0000] {processor.py:914} INFO - Processing file /home/airflow/.local/lib/python3.12/site-packages/airflow/example_dags/plugins/decreasing_priority_weight_strategy.py for tasks to queue
[2024-10-26T22:15:45.746+0000] {logging_mixin.py:190} INFO - [2024-10-26T22:15:45.746+0000] {dagbag.py:588} INFO - Filling up the DagBag from /home/airflow/.local/lib/python3.12/site-packages/airflow/example_dags/plugins/decreasing_priority_weight_strategy.py
[2024-10-26T22:15:45.748+0000] {processor.py:927} WARNING - No viable dags retrieved from /home/airflow/.local/lib/python3.12/site-packages/airflow/example_dags/plugins/decreasing_priority_weight_strategy.py
[2024-10-26T22:15:45.759+0000] {processor.py:208} INFO - Processing /home/airflow/.local/lib/python3.12/site-packages/airflow/example_dags/plugins/decreasing_priority_weight_strategy.py took 0.021 seconds
[2024-10-26T22:16:18.648+0000] {processor.py:186} INFO - Started process (PID=35032) to work on /home/airflow/.local/lib/python3.12/site-packages/airflow/example_dags/plugins/decreasing_priority_weight_strategy.py
[2024-10-26T22:16:18.649+0000] {processor.py:914} INFO - Processing file /home/airflow/.local/lib/python3.12/site-packages/airflow/example_dags/plugins/decreasing_priority_weight_strategy.py for tasks to queue
[2024-10-26T22:16:18.651+0000] {logging_mixin.py:190} INFO - [2024-10-26T22:16:18.650+0000] {dagbag.py:588} INFO - Filling up the DagBag from /home/airflow/.local/lib/python3.12/site-packages/airflow/example_dags/plugins/decreasing_priority_weight_strategy.py
[2024-10-26T22:16:18.653+0000] {processor.py:927} WARNING - No viable dags retrieved from /home/airflow/.local/lib/python3.12/site-packages/airflow/example_dags/plugins/decreasing_priority_weight_strategy.py
[2024-10-26T22:16:18.663+0000] {processor.py:208} INFO - Processing /home/airflow/.local/lib/python3.12/site-packages/airflow/example_dags/plugins/decreasing_priority_weight_strategy.py took 0.021 seconds
[2024-10-26T22:16:51.532+0000] {processor.py:186} INFO - Started process (PID=35096) to work on /home/airflow/.local/lib/python3.12/site-packages/airflow/example_dags/plugins/decreasing_priority_weight_strategy.py
[2024-10-26T22:16:51.533+0000] {processor.py:914} INFO - Processing file /home/airflow/.local/lib/python3.12/site-packages/airflow/example_dags/plugins/decreasing_priority_weight_strategy.py for tasks to queue
[2024-10-26T22:16:51.536+0000] {logging_mixin.py:190} INFO - [2024-10-26T22:16:51.535+0000] {dagbag.py:588} INFO - Filling up the DagBag from /home/airflow/.local/lib/python3.12/site-packages/airflow/example_dags/plugins/decreasing_priority_weight_strategy.py
[2024-10-26T22:16:51.538+0000] {processor.py:927} WARNING - No viable dags retrieved from /home/airflow/.local/lib/python3.12/site-packages/airflow/example_dags/plugins/decreasing_priority_weight_strategy.py
[2024-10-26T22:16:51.551+0000] {processor.py:208} INFO - Processing /home/airflow/.local/lib/python3.12/site-packages/airflow/example_dags/plugins/decreasing_priority_weight_strategy.py took 0.025 seconds
[2024-10-26T22:17:24.422+0000] {processor.py:186} INFO - Started process (PID=35160) to work on /home/airflow/.local/lib/python3.12/site-packages/airflow/example_dags/plugins/decreasing_priority_weight_strategy.py
[2024-10-26T22:17:24.423+0000] {processor.py:914} INFO - Processing file /home/airflow/.local/lib/python3.12/site-packages/airflow/example_dags/plugins/decreasing_priority_weight_strategy.py for tasks to queue
[2024-10-26T22:17:24.425+0000] {logging_mixin.py:190} INFO - [2024-10-26T22:17:24.425+0000] {dagbag.py:588} INFO - Filling up the DagBag from /home/airflow/.local/lib/python3.12/site-packages/airflow/example_dags/plugins/decreasing_priority_weight_strategy.py
[2024-10-26T22:17:24.427+0000] {processor.py:927} WARNING - No viable dags retrieved from /home/airflow/.local/lib/python3.12/site-packages/airflow/example_dags/plugins/decreasing_priority_weight_strategy.py
[2024-10-26T22:17:24.438+0000] {processor.py:208} INFO - Processing /home/airflow/.local/lib/python3.12/site-packages/airflow/example_dags/plugins/decreasing_priority_weight_strategy.py took 0.022 seconds
[2024-10-26T22:17:56.211+0000] {processor.py:186} INFO - Started process (PID=35224) to work on /home/airflow/.local/lib/python3.12/site-packages/airflow/example_dags/plugins/decreasing_priority_weight_strategy.py
[2024-10-26T22:17:56.212+0000] {processor.py:914} INFO - Processing file /home/airflow/.local/lib/python3.12/site-packages/airflow/example_dags/plugins/decreasing_priority_weight_strategy.py for tasks to queue
[2024-10-26T22:17:56.214+0000] {logging_mixin.py:190} INFO - [2024-10-26T22:17:56.214+0000] {dagbag.py:588} INFO - Filling up the DagBag from /home/airflow/.local/lib/python3.12/site-packages/airflow/example_dags/plugins/decreasing_priority_weight_strategy.py
[2024-10-26T22:17:56.216+0000] {processor.py:927} WARNING - No viable dags retrieved from /home/airflow/.local/lib/python3.12/site-packages/airflow/example_dags/plugins/decreasing_priority_weight_strategy.py
[2024-10-26T22:17:56.226+0000] {processor.py:208} INFO - Processing /home/airflow/.local/lib/python3.12/site-packages/airflow/example_dags/plugins/decreasing_priority_weight_strategy.py took 0.021 seconds
[2024-10-26T22:18:29.105+0000] {processor.py:186} INFO - Started process (PID=35288) to work on /home/airflow/.local/lib/python3.12/site-packages/airflow/example_dags/plugins/decreasing_priority_weight_strategy.py
[2024-10-26T22:18:29.106+0000] {processor.py:914} INFO - Processing file /home/airflow/.local/lib/python3.12/site-packages/airflow/example_dags/plugins/decreasing_priority_weight_strategy.py for tasks to queue
[2024-10-26T22:18:29.108+0000] {logging_mixin.py:190} INFO - [2024-10-26T22:18:29.108+0000] {dagbag.py:588} INFO - Filling up the DagBag from /home/airflow/.local/lib/python3.12/site-packages/airflow/example_dags/plugins/decreasing_priority_weight_strategy.py
[2024-10-26T22:18:29.110+0000] {processor.py:927} WARNING - No viable dags retrieved from /home/airflow/.local/lib/python3.12/site-packages/airflow/example_dags/plugins/decreasing_priority_weight_strategy.py
[2024-10-26T22:18:29.120+0000] {processor.py:208} INFO - Processing /home/airflow/.local/lib/python3.12/site-packages/airflow/example_dags/plugins/decreasing_priority_weight_strategy.py took 0.021 seconds
[2024-10-26T22:19:02.051+0000] {processor.py:186} INFO - Started process (PID=35352) to work on /home/airflow/.local/lib/python3.12/site-packages/airflow/example_dags/plugins/decreasing_priority_weight_strategy.py
[2024-10-26T22:19:02.052+0000] {processor.py:914} INFO - Processing file /home/airflow/.local/lib/python3.12/site-packages/airflow/example_dags/plugins/decreasing_priority_weight_strategy.py for tasks to queue
[2024-10-26T22:19:02.054+0000] {logging_mixin.py:190} INFO - [2024-10-26T22:19:02.054+0000] {dagbag.py:588} INFO - Filling up the DagBag from /home/airflow/.local/lib/python3.12/site-packages/airflow/example_dags/plugins/decreasing_priority_weight_strategy.py
[2024-10-26T22:19:02.056+0000] {processor.py:927} WARNING - No viable dags retrieved from /home/airflow/.local/lib/python3.12/site-packages/airflow/example_dags/plugins/decreasing_priority_weight_strategy.py
[2024-10-26T22:19:02.067+0000] {processor.py:208} INFO - Processing /home/airflow/.local/lib/python3.12/site-packages/airflow/example_dags/plugins/decreasing_priority_weight_strategy.py took 0.021 seconds
[2024-10-26T22:19:34.921+0000] {processor.py:186} INFO - Started process (PID=35416) to work on /home/airflow/.local/lib/python3.12/site-packages/airflow/example_dags/plugins/decreasing_priority_weight_strategy.py
[2024-10-26T22:19:34.922+0000] {processor.py:914} INFO - Processing file /home/airflow/.local/lib/python3.12/site-packages/airflow/example_dags/plugins/decreasing_priority_weight_strategy.py for tasks to queue
[2024-10-26T22:19:34.924+0000] {logging_mixin.py:190} INFO - [2024-10-26T22:19:34.924+0000] {dagbag.py:588} INFO - Filling up the DagBag from /home/airflow/.local/lib/python3.12/site-packages/airflow/example_dags/plugins/decreasing_priority_weight_strategy.py
[2024-10-26T22:19:34.928+0000] {processor.py:927} WARNING - No viable dags retrieved from /home/airflow/.local/lib/python3.12/site-packages/airflow/example_dags/plugins/decreasing_priority_weight_strategy.py
[2024-10-26T22:19:34.939+0000] {processor.py:208} INFO - Processing /home/airflow/.local/lib/python3.12/site-packages/airflow/example_dags/plugins/decreasing_priority_weight_strategy.py took 0.024 seconds
[2024-10-26T22:20:08.064+0000] {processor.py:186} INFO - Started process (PID=35480) to work on /home/airflow/.local/lib/python3.12/site-packages/airflow/example_dags/plugins/decreasing_priority_weight_strategy.py
[2024-10-26T22:20:08.065+0000] {processor.py:914} INFO - Processing file /home/airflow/.local/lib/python3.12/site-packages/airflow/example_dags/plugins/decreasing_priority_weight_strategy.py for tasks to queue
[2024-10-26T22:20:08.067+0000] {logging_mixin.py:190} INFO - [2024-10-26T22:20:08.067+0000] {dagbag.py:588} INFO - Filling up the DagBag from /home/airflow/.local/lib/python3.12/site-packages/airflow/example_dags/plugins/decreasing_priority_weight_strategy.py
[2024-10-26T22:20:08.069+0000] {processor.py:927} WARNING - No viable dags retrieved from /home/airflow/.local/lib/python3.12/site-packages/airflow/example_dags/plugins/decreasing_priority_weight_strategy.py
[2024-10-26T22:20:08.082+0000] {processor.py:208} INFO - Processing /home/airflow/.local/lib/python3.12/site-packages/airflow/example_dags/plugins/decreasing_priority_weight_strategy.py took 0.023 seconds
[2024-10-26T22:20:39.877+0000] {processor.py:186} INFO - Started process (PID=35544) to work on /home/airflow/.local/lib/python3.12/site-packages/airflow/example_dags/plugins/decreasing_priority_weight_strategy.py
[2024-10-26T22:20:39.878+0000] {processor.py:914} INFO - Processing file /home/airflow/.local/lib/python3.12/site-packages/airflow/example_dags/plugins/decreasing_priority_weight_strategy.py for tasks to queue
[2024-10-26T22:20:39.881+0000] {logging_mixin.py:190} INFO - [2024-10-26T22:20:39.880+0000] {dagbag.py:588} INFO - Filling up the DagBag from /home/airflow/.local/lib/python3.12/site-packages/airflow/example_dags/plugins/decreasing_priority_weight_strategy.py
[2024-10-26T22:20:39.883+0000] {processor.py:927} WARNING - No viable dags retrieved from /home/airflow/.local/lib/python3.12/site-packages/airflow/example_dags/plugins/decreasing_priority_weight_strategy.py
[2024-10-26T22:20:39.896+0000] {processor.py:208} INFO - Processing /home/airflow/.local/lib/python3.12/site-packages/airflow/example_dags/plugins/decreasing_priority_weight_strategy.py took 0.026 seconds
[2024-10-26T22:21:12.544+0000] {processor.py:186} INFO - Started process (PID=35608) to work on /home/airflow/.local/lib/python3.12/site-packages/airflow/example_dags/plugins/decreasing_priority_weight_strategy.py
[2024-10-26T22:21:12.545+0000] {processor.py:914} INFO - Processing file /home/airflow/.local/lib/python3.12/site-packages/airflow/example_dags/plugins/decreasing_priority_weight_strategy.py for tasks to queue
[2024-10-26T22:21:12.547+0000] {logging_mixin.py:190} INFO - [2024-10-26T22:21:12.547+0000] {dagbag.py:588} INFO - Filling up the DagBag from /home/airflow/.local/lib/python3.12/site-packages/airflow/example_dags/plugins/decreasing_priority_weight_strategy.py
[2024-10-26T22:21:12.549+0000] {processor.py:927} WARNING - No viable dags retrieved from /home/airflow/.local/lib/python3.12/site-packages/airflow/example_dags/plugins/decreasing_priority_weight_strategy.py
[2024-10-26T22:21:12.561+0000] {processor.py:208} INFO - Processing /home/airflow/.local/lib/python3.12/site-packages/airflow/example_dags/plugins/decreasing_priority_weight_strategy.py took 0.023 seconds
[2024-10-26T22:21:45.254+0000] {processor.py:186} INFO - Started process (PID=35672) to work on /home/airflow/.local/lib/python3.12/site-packages/airflow/example_dags/plugins/decreasing_priority_weight_strategy.py
[2024-10-26T22:21:45.255+0000] {processor.py:914} INFO - Processing file /home/airflow/.local/lib/python3.12/site-packages/airflow/example_dags/plugins/decreasing_priority_weight_strategy.py for tasks to queue
[2024-10-26T22:21:45.258+0000] {logging_mixin.py:190} INFO - [2024-10-26T22:21:45.258+0000] {dagbag.py:588} INFO - Filling up the DagBag from /home/airflow/.local/lib/python3.12/site-packages/airflow/example_dags/plugins/decreasing_priority_weight_strategy.py
[2024-10-26T22:21:45.260+0000] {processor.py:927} WARNING - No viable dags retrieved from /home/airflow/.local/lib/python3.12/site-packages/airflow/example_dags/plugins/decreasing_priority_weight_strategy.py
[2024-10-26T22:21:45.273+0000] {processor.py:208} INFO - Processing /home/airflow/.local/lib/python3.12/site-packages/airflow/example_dags/plugins/decreasing_priority_weight_strategy.py took 0.024 seconds
[2024-10-26T22:22:17.963+0000] {processor.py:186} INFO - Started process (PID=35736) to work on /home/airflow/.local/lib/python3.12/site-packages/airflow/example_dags/plugins/decreasing_priority_weight_strategy.py
[2024-10-26T22:22:17.964+0000] {processor.py:914} INFO - Processing file /home/airflow/.local/lib/python3.12/site-packages/airflow/example_dags/plugins/decreasing_priority_weight_strategy.py for tasks to queue
[2024-10-26T22:22:17.967+0000] {logging_mixin.py:190} INFO - [2024-10-26T22:22:17.967+0000] {dagbag.py:588} INFO - Filling up the DagBag from /home/airflow/.local/lib/python3.12/site-packages/airflow/example_dags/plugins/decreasing_priority_weight_strategy.py
[2024-10-26T22:22:17.969+0000] {processor.py:927} WARNING - No viable dags retrieved from /home/airflow/.local/lib/python3.12/site-packages/airflow/example_dags/plugins/decreasing_priority_weight_strategy.py
[2024-10-26T22:22:17.984+0000] {processor.py:208} INFO - Processing /home/airflow/.local/lib/python3.12/site-packages/airflow/example_dags/plugins/decreasing_priority_weight_strategy.py took 0.027 seconds
[2024-10-26T22:22:50.491+0000] {processor.py:186} INFO - Started process (PID=35800) to work on /home/airflow/.local/lib/python3.12/site-packages/airflow/example_dags/plugins/decreasing_priority_weight_strategy.py
[2024-10-26T22:22:50.492+0000] {processor.py:914} INFO - Processing file /home/airflow/.local/lib/python3.12/site-packages/airflow/example_dags/plugins/decreasing_priority_weight_strategy.py for tasks to queue
[2024-10-26T22:22:50.495+0000] {logging_mixin.py:190} INFO - [2024-10-26T22:22:50.494+0000] {dagbag.py:588} INFO - Filling up the DagBag from /home/airflow/.local/lib/python3.12/site-packages/airflow/example_dags/plugins/decreasing_priority_weight_strategy.py
[2024-10-26T22:22:50.497+0000] {processor.py:927} WARNING - No viable dags retrieved from /home/airflow/.local/lib/python3.12/site-packages/airflow/example_dags/plugins/decreasing_priority_weight_strategy.py
[2024-10-26T22:22:50.510+0000] {processor.py:208} INFO - Processing /home/airflow/.local/lib/python3.12/site-packages/airflow/example_dags/plugins/decreasing_priority_weight_strategy.py took 0.024 seconds
[2024-10-26T22:23:24.393+0000] {processor.py:186} INFO - Started process (PID=35864) to work on /home/airflow/.local/lib/python3.12/site-packages/airflow/example_dags/plugins/decreasing_priority_weight_strategy.py
[2024-10-26T22:23:24.394+0000] {processor.py:914} INFO - Processing file /home/airflow/.local/lib/python3.12/site-packages/airflow/example_dags/plugins/decreasing_priority_weight_strategy.py for tasks to queue
[2024-10-26T22:23:24.397+0000] {logging_mixin.py:190} INFO - [2024-10-26T22:23:24.396+0000] {dagbag.py:588} INFO - Filling up the DagBag from /home/airflow/.local/lib/python3.12/site-packages/airflow/example_dags/plugins/decreasing_priority_weight_strategy.py
[2024-10-26T22:23:24.399+0000] {processor.py:927} WARNING - No viable dags retrieved from /home/airflow/.local/lib/python3.12/site-packages/airflow/example_dags/plugins/decreasing_priority_weight_strategy.py
[2024-10-26T22:23:24.411+0000] {processor.py:208} INFO - Processing /home/airflow/.local/lib/python3.12/site-packages/airflow/example_dags/plugins/decreasing_priority_weight_strategy.py took 0.024 seconds
[2024-10-26T22:23:55.909+0000] {processor.py:186} INFO - Started process (PID=35928) to work on /home/airflow/.local/lib/python3.12/site-packages/airflow/example_dags/plugins/decreasing_priority_weight_strategy.py
[2024-10-26T22:23:55.910+0000] {processor.py:914} INFO - Processing file /home/airflow/.local/lib/python3.12/site-packages/airflow/example_dags/plugins/decreasing_priority_weight_strategy.py for tasks to queue
[2024-10-26T22:23:55.913+0000] {logging_mixin.py:190} INFO - [2024-10-26T22:23:55.912+0000] {dagbag.py:588} INFO - Filling up the DagBag from /home/airflow/.local/lib/python3.12/site-packages/airflow/example_dags/plugins/decreasing_priority_weight_strategy.py
[2024-10-26T22:23:55.915+0000] {processor.py:927} WARNING - No viable dags retrieved from /home/airflow/.local/lib/python3.12/site-packages/airflow/example_dags/plugins/decreasing_priority_weight_strategy.py
[2024-10-26T22:23:55.926+0000] {processor.py:208} INFO - Processing /home/airflow/.local/lib/python3.12/site-packages/airflow/example_dags/plugins/decreasing_priority_weight_strategy.py took 0.023 seconds
[2024-10-26T22:24:29.324+0000] {processor.py:186} INFO - Started process (PID=35992) to work on /home/airflow/.local/lib/python3.12/site-packages/airflow/example_dags/plugins/decreasing_priority_weight_strategy.py
[2024-10-26T22:24:29.325+0000] {processor.py:914} INFO - Processing file /home/airflow/.local/lib/python3.12/site-packages/airflow/example_dags/plugins/decreasing_priority_weight_strategy.py for tasks to queue
[2024-10-26T22:24:29.327+0000] {logging_mixin.py:190} INFO - [2024-10-26T22:24:29.327+0000] {dagbag.py:588} INFO - Filling up the DagBag from /home/airflow/.local/lib/python3.12/site-packages/airflow/example_dags/plugins/decreasing_priority_weight_strategy.py
[2024-10-26T22:24:29.330+0000] {processor.py:927} WARNING - No viable dags retrieved from /home/airflow/.local/lib/python3.12/site-packages/airflow/example_dags/plugins/decreasing_priority_weight_strategy.py
[2024-10-26T22:24:29.344+0000] {processor.py:208} INFO - Processing /home/airflow/.local/lib/python3.12/site-packages/airflow/example_dags/plugins/decreasing_priority_weight_strategy.py took 0.025 seconds
[2024-10-26T22:25:01.910+0000] {processor.py:186} INFO - Started process (PID=36056) to work on /home/airflow/.local/lib/python3.12/site-packages/airflow/example_dags/plugins/decreasing_priority_weight_strategy.py
[2024-10-26T22:25:01.911+0000] {processor.py:914} INFO - Processing file /home/airflow/.local/lib/python3.12/site-packages/airflow/example_dags/plugins/decreasing_priority_weight_strategy.py for tasks to queue
[2024-10-26T22:25:01.914+0000] {logging_mixin.py:190} INFO - [2024-10-26T22:25:01.914+0000] {dagbag.py:588} INFO - Filling up the DagBag from /home/airflow/.local/lib/python3.12/site-packages/airflow/example_dags/plugins/decreasing_priority_weight_strategy.py
[2024-10-26T22:25:01.916+0000] {processor.py:927} WARNING - No viable dags retrieved from /home/airflow/.local/lib/python3.12/site-packages/airflow/example_dags/plugins/decreasing_priority_weight_strategy.py
[2024-10-26T22:25:01.928+0000] {processor.py:208} INFO - Processing /home/airflow/.local/lib/python3.12/site-packages/airflow/example_dags/plugins/decreasing_priority_weight_strategy.py took 0.023 seconds
[2024-10-26T22:25:34.671+0000] {processor.py:186} INFO - Started process (PID=36120) to work on /home/airflow/.local/lib/python3.12/site-packages/airflow/example_dags/plugins/decreasing_priority_weight_strategy.py
[2024-10-26T22:25:34.672+0000] {processor.py:914} INFO - Processing file /home/airflow/.local/lib/python3.12/site-packages/airflow/example_dags/plugins/decreasing_priority_weight_strategy.py for tasks to queue
[2024-10-26T22:25:34.674+0000] {logging_mixin.py:190} INFO - [2024-10-26T22:25:34.674+0000] {dagbag.py:588} INFO - Filling up the DagBag from /home/airflow/.local/lib/python3.12/site-packages/airflow/example_dags/plugins/decreasing_priority_weight_strategy.py
[2024-10-26T22:25:34.676+0000] {processor.py:927} WARNING - No viable dags retrieved from /home/airflow/.local/lib/python3.12/site-packages/airflow/example_dags/plugins/decreasing_priority_weight_strategy.py
[2024-10-26T22:25:34.687+0000] {processor.py:208} INFO - Processing /home/airflow/.local/lib/python3.12/site-packages/airflow/example_dags/plugins/decreasing_priority_weight_strategy.py took 0.021 seconds
[2024-10-26T22:26:07.507+0000] {processor.py:186} INFO - Started process (PID=36184) to work on /home/airflow/.local/lib/python3.12/site-packages/airflow/example_dags/plugins/decreasing_priority_weight_strategy.py
[2024-10-26T22:26:07.508+0000] {processor.py:914} INFO - Processing file /home/airflow/.local/lib/python3.12/site-packages/airflow/example_dags/plugins/decreasing_priority_weight_strategy.py for tasks to queue
[2024-10-26T22:26:07.511+0000] {logging_mixin.py:190} INFO - [2024-10-26T22:26:07.511+0000] {dagbag.py:588} INFO - Filling up the DagBag from /home/airflow/.local/lib/python3.12/site-packages/airflow/example_dags/plugins/decreasing_priority_weight_strategy.py
[2024-10-26T22:26:07.515+0000] {processor.py:927} WARNING - No viable dags retrieved from /home/airflow/.local/lib/python3.12/site-packages/airflow/example_dags/plugins/decreasing_priority_weight_strategy.py
[2024-10-26T22:26:07.527+0000] {processor.py:208} INFO - Processing /home/airflow/.local/lib/python3.12/site-packages/airflow/example_dags/plugins/decreasing_priority_weight_strategy.py took 0.028 seconds
[2024-10-26T22:26:40.103+0000] {processor.py:186} INFO - Started process (PID=36248) to work on /home/airflow/.local/lib/python3.12/site-packages/airflow/example_dags/plugins/decreasing_priority_weight_strategy.py
[2024-10-26T22:26:40.104+0000] {processor.py:914} INFO - Processing file /home/airflow/.local/lib/python3.12/site-packages/airflow/example_dags/plugins/decreasing_priority_weight_strategy.py for tasks to queue
[2024-10-26T22:26:40.106+0000] {logging_mixin.py:190} INFO - [2024-10-26T22:26:40.106+0000] {dagbag.py:588} INFO - Filling up the DagBag from /home/airflow/.local/lib/python3.12/site-packages/airflow/example_dags/plugins/decreasing_priority_weight_strategy.py
[2024-10-26T22:26:40.108+0000] {processor.py:927} WARNING - No viable dags retrieved from /home/airflow/.local/lib/python3.12/site-packages/airflow/example_dags/plugins/decreasing_priority_weight_strategy.py
[2024-10-26T22:26:40.120+0000] {processor.py:208} INFO - Processing /home/airflow/.local/lib/python3.12/site-packages/airflow/example_dags/plugins/decreasing_priority_weight_strategy.py took 0.022 seconds
[2024-10-26T22:27:12.818+0000] {processor.py:186} INFO - Started process (PID=36312) to work on /home/airflow/.local/lib/python3.12/site-packages/airflow/example_dags/plugins/decreasing_priority_weight_strategy.py
[2024-10-26T22:27:12.819+0000] {processor.py:914} INFO - Processing file /home/airflow/.local/lib/python3.12/site-packages/airflow/example_dags/plugins/decreasing_priority_weight_strategy.py for tasks to queue
[2024-10-26T22:27:12.821+0000] {logging_mixin.py:190} INFO - [2024-10-26T22:27:12.821+0000] {dagbag.py:588} INFO - Filling up the DagBag from /home/airflow/.local/lib/python3.12/site-packages/airflow/example_dags/plugins/decreasing_priority_weight_strategy.py
[2024-10-26T22:27:12.823+0000] {processor.py:927} WARNING - No viable dags retrieved from /home/airflow/.local/lib/python3.12/site-packages/airflow/example_dags/plugins/decreasing_priority_weight_strategy.py
[2024-10-26T22:27:12.835+0000] {processor.py:208} INFO - Processing /home/airflow/.local/lib/python3.12/site-packages/airflow/example_dags/plugins/decreasing_priority_weight_strategy.py took 0.023 seconds
[2024-10-26T22:27:45.341+0000] {processor.py:186} INFO - Started process (PID=36376) to work on /home/airflow/.local/lib/python3.12/site-packages/airflow/example_dags/plugins/decreasing_priority_weight_strategy.py
[2024-10-26T22:27:45.341+0000] {processor.py:914} INFO - Processing file /home/airflow/.local/lib/python3.12/site-packages/airflow/example_dags/plugins/decreasing_priority_weight_strategy.py for tasks to queue
[2024-10-26T22:27:45.344+0000] {logging_mixin.py:190} INFO - [2024-10-26T22:27:45.344+0000] {dagbag.py:588} INFO - Filling up the DagBag from /home/airflow/.local/lib/python3.12/site-packages/airflow/example_dags/plugins/decreasing_priority_weight_strategy.py
[2024-10-26T22:27:45.346+0000] {processor.py:927} WARNING - No viable dags retrieved from /home/airflow/.local/lib/python3.12/site-packages/airflow/example_dags/plugins/decreasing_priority_weight_strategy.py
[2024-10-26T22:27:45.359+0000] {processor.py:208} INFO - Processing /home/airflow/.local/lib/python3.12/site-packages/airflow/example_dags/plugins/decreasing_priority_weight_strategy.py took 0.024 seconds
[2024-10-26T22:28:17.830+0000] {processor.py:186} INFO - Started process (PID=36440) to work on /home/airflow/.local/lib/python3.12/site-packages/airflow/example_dags/plugins/decreasing_priority_weight_strategy.py
[2024-10-26T22:28:17.831+0000] {processor.py:914} INFO - Processing file /home/airflow/.local/lib/python3.12/site-packages/airflow/example_dags/plugins/decreasing_priority_weight_strategy.py for tasks to queue
[2024-10-26T22:28:17.834+0000] {logging_mixin.py:190} INFO - [2024-10-26T22:28:17.833+0000] {dagbag.py:588} INFO - Filling up the DagBag from /home/airflow/.local/lib/python3.12/site-packages/airflow/example_dags/plugins/decreasing_priority_weight_strategy.py
[2024-10-26T22:28:17.836+0000] {processor.py:927} WARNING - No viable dags retrieved from /home/airflow/.local/lib/python3.12/site-packages/airflow/example_dags/plugins/decreasing_priority_weight_strategy.py
[2024-10-26T22:28:17.849+0000] {processor.py:208} INFO - Processing /home/airflow/.local/lib/python3.12/site-packages/airflow/example_dags/plugins/decreasing_priority_weight_strategy.py took 0.026 seconds
[2024-10-26T22:28:51.470+0000] {processor.py:186} INFO - Started process (PID=36504) to work on /home/airflow/.local/lib/python3.12/site-packages/airflow/example_dags/plugins/decreasing_priority_weight_strategy.py
[2024-10-26T22:28:51.472+0000] {processor.py:914} INFO - Processing file /home/airflow/.local/lib/python3.12/site-packages/airflow/example_dags/plugins/decreasing_priority_weight_strategy.py for tasks to queue
[2024-10-26T22:28:51.475+0000] {logging_mixin.py:190} INFO - [2024-10-26T22:28:51.475+0000] {dagbag.py:588} INFO - Filling up the DagBag from /home/airflow/.local/lib/python3.12/site-packages/airflow/example_dags/plugins/decreasing_priority_weight_strategy.py
[2024-10-26T22:28:51.478+0000] {processor.py:927} WARNING - No viable dags retrieved from /home/airflow/.local/lib/python3.12/site-packages/airflow/example_dags/plugins/decreasing_priority_weight_strategy.py
[2024-10-26T22:28:51.492+0000] {processor.py:208} INFO - Processing /home/airflow/.local/lib/python3.12/site-packages/airflow/example_dags/plugins/decreasing_priority_weight_strategy.py took 0.030 seconds
[2024-10-26T22:29:24.227+0000] {processor.py:186} INFO - Started process (PID=36568) to work on /home/airflow/.local/lib/python3.12/site-packages/airflow/example_dags/plugins/decreasing_priority_weight_strategy.py
[2024-10-26T22:29:24.228+0000] {processor.py:914} INFO - Processing file /home/airflow/.local/lib/python3.12/site-packages/airflow/example_dags/plugins/decreasing_priority_weight_strategy.py for tasks to queue
[2024-10-26T22:29:24.233+0000] {logging_mixin.py:190} INFO - [2024-10-26T22:29:24.232+0000] {dagbag.py:588} INFO - Filling up the DagBag from /home/airflow/.local/lib/python3.12/site-packages/airflow/example_dags/plugins/decreasing_priority_weight_strategy.py
[2024-10-26T22:29:24.236+0000] {processor.py:927} WARNING - No viable dags retrieved from /home/airflow/.local/lib/python3.12/site-packages/airflow/example_dags/plugins/decreasing_priority_weight_strategy.py
[2024-10-26T22:29:24.251+0000] {processor.py:208} INFO - Processing /home/airflow/.local/lib/python3.12/site-packages/airflow/example_dags/plugins/decreasing_priority_weight_strategy.py took 0.030 seconds
[2024-10-26T22:29:57.301+0000] {processor.py:186} INFO - Started process (PID=36632) to work on /home/airflow/.local/lib/python3.12/site-packages/airflow/example_dags/plugins/decreasing_priority_weight_strategy.py
[2024-10-26T22:29:57.302+0000] {processor.py:914} INFO - Processing file /home/airflow/.local/lib/python3.12/site-packages/airflow/example_dags/plugins/decreasing_priority_weight_strategy.py for tasks to queue
[2024-10-26T22:29:57.305+0000] {logging_mixin.py:190} INFO - [2024-10-26T22:29:57.305+0000] {dagbag.py:588} INFO - Filling up the DagBag from /home/airflow/.local/lib/python3.12/site-packages/airflow/example_dags/plugins/decreasing_priority_weight_strategy.py
[2024-10-26T22:29:57.308+0000] {processor.py:927} WARNING - No viable dags retrieved from /home/airflow/.local/lib/python3.12/site-packages/airflow/example_dags/plugins/decreasing_priority_weight_strategy.py
[2024-10-26T22:29:57.322+0000] {processor.py:208} INFO - Processing /home/airflow/.local/lib/python3.12/site-packages/airflow/example_dags/plugins/decreasing_priority_weight_strategy.py took 0.028 seconds
[2024-10-26T22:30:28.899+0000] {processor.py:186} INFO - Started process (PID=36696) to work on /home/airflow/.local/lib/python3.12/site-packages/airflow/example_dags/plugins/decreasing_priority_weight_strategy.py
[2024-10-26T22:30:28.900+0000] {processor.py:914} INFO - Processing file /home/airflow/.local/lib/python3.12/site-packages/airflow/example_dags/plugins/decreasing_priority_weight_strategy.py for tasks to queue
[2024-10-26T22:30:28.904+0000] {logging_mixin.py:190} INFO - [2024-10-26T22:30:28.903+0000] {dagbag.py:588} INFO - Filling up the DagBag from /home/airflow/.local/lib/python3.12/site-packages/airflow/example_dags/plugins/decreasing_priority_weight_strategy.py
[2024-10-26T22:30:28.906+0000] {processor.py:927} WARNING - No viable dags retrieved from /home/airflow/.local/lib/python3.12/site-packages/airflow/example_dags/plugins/decreasing_priority_weight_strategy.py
[2024-10-26T22:30:28.918+0000] {processor.py:208} INFO - Processing /home/airflow/.local/lib/python3.12/site-packages/airflow/example_dags/plugins/decreasing_priority_weight_strategy.py took 0.026 seconds
[2024-10-26T22:31:01.438+0000] {processor.py:186} INFO - Started process (PID=36760) to work on /home/airflow/.local/lib/python3.12/site-packages/airflow/example_dags/plugins/decreasing_priority_weight_strategy.py
[2024-10-26T22:31:01.439+0000] {processor.py:914} INFO - Processing file /home/airflow/.local/lib/python3.12/site-packages/airflow/example_dags/plugins/decreasing_priority_weight_strategy.py for tasks to queue
[2024-10-26T22:31:01.441+0000] {logging_mixin.py:190} INFO - [2024-10-26T22:31:01.441+0000] {dagbag.py:588} INFO - Filling up the DagBag from /home/airflow/.local/lib/python3.12/site-packages/airflow/example_dags/plugins/decreasing_priority_weight_strategy.py
[2024-10-26T22:31:01.444+0000] {processor.py:927} WARNING - No viable dags retrieved from /home/airflow/.local/lib/python3.12/site-packages/airflow/example_dags/plugins/decreasing_priority_weight_strategy.py
[2024-10-26T22:31:01.458+0000] {processor.py:208} INFO - Processing /home/airflow/.local/lib/python3.12/site-packages/airflow/example_dags/plugins/decreasing_priority_weight_strategy.py took 0.027 seconds
[2024-10-26T22:31:35.164+0000] {processor.py:186} INFO - Started process (PID=36824) to work on /home/airflow/.local/lib/python3.12/site-packages/airflow/example_dags/plugins/decreasing_priority_weight_strategy.py
[2024-10-26T22:31:35.165+0000] {processor.py:914} INFO - Processing file /home/airflow/.local/lib/python3.12/site-packages/airflow/example_dags/plugins/decreasing_priority_weight_strategy.py for tasks to queue
[2024-10-26T22:31:35.167+0000] {logging_mixin.py:190} INFO - [2024-10-26T22:31:35.167+0000] {dagbag.py:588} INFO - Filling up the DagBag from /home/airflow/.local/lib/python3.12/site-packages/airflow/example_dags/plugins/decreasing_priority_weight_strategy.py
[2024-10-26T22:31:35.169+0000] {processor.py:927} WARNING - No viable dags retrieved from /home/airflow/.local/lib/python3.12/site-packages/airflow/example_dags/plugins/decreasing_priority_weight_strategy.py
[2024-10-26T22:31:35.180+0000] {processor.py:208} INFO - Processing /home/airflow/.local/lib/python3.12/site-packages/airflow/example_dags/plugins/decreasing_priority_weight_strategy.py took 0.020 seconds
[2024-10-26T22:32:08.043+0000] {processor.py:186} INFO - Started process (PID=36888) to work on /home/airflow/.local/lib/python3.12/site-packages/airflow/example_dags/plugins/decreasing_priority_weight_strategy.py
[2024-10-26T22:32:08.044+0000] {processor.py:914} INFO - Processing file /home/airflow/.local/lib/python3.12/site-packages/airflow/example_dags/plugins/decreasing_priority_weight_strategy.py for tasks to queue
[2024-10-26T22:32:08.046+0000] {logging_mixin.py:190} INFO - [2024-10-26T22:32:08.046+0000] {dagbag.py:588} INFO - Filling up the DagBag from /home/airflow/.local/lib/python3.12/site-packages/airflow/example_dags/plugins/decreasing_priority_weight_strategy.py
[2024-10-26T22:32:08.048+0000] {processor.py:927} WARNING - No viable dags retrieved from /home/airflow/.local/lib/python3.12/site-packages/airflow/example_dags/plugins/decreasing_priority_weight_strategy.py
[2024-10-26T22:32:08.060+0000] {processor.py:208} INFO - Processing /home/airflow/.local/lib/python3.12/site-packages/airflow/example_dags/plugins/decreasing_priority_weight_strategy.py took 0.022 seconds
[2024-10-26T22:32:40.943+0000] {processor.py:186} INFO - Started process (PID=36952) to work on /home/airflow/.local/lib/python3.12/site-packages/airflow/example_dags/plugins/decreasing_priority_weight_strategy.py
[2024-10-26T22:32:40.945+0000] {processor.py:914} INFO - Processing file /home/airflow/.local/lib/python3.12/site-packages/airflow/example_dags/plugins/decreasing_priority_weight_strategy.py for tasks to queue
[2024-10-26T22:32:40.947+0000] {logging_mixin.py:190} INFO - [2024-10-26T22:32:40.947+0000] {dagbag.py:588} INFO - Filling up the DagBag from /home/airflow/.local/lib/python3.12/site-packages/airflow/example_dags/plugins/decreasing_priority_weight_strategy.py
[2024-10-26T22:32:40.949+0000] {processor.py:927} WARNING - No viable dags retrieved from /home/airflow/.local/lib/python3.12/site-packages/airflow/example_dags/plugins/decreasing_priority_weight_strategy.py
[2024-10-26T22:32:40.962+0000] {processor.py:208} INFO - Processing /home/airflow/.local/lib/python3.12/site-packages/airflow/example_dags/plugins/decreasing_priority_weight_strategy.py took 0.024 seconds
[2024-10-26T22:33:12.601+0000] {processor.py:186} INFO - Started process (PID=37016) to work on /home/airflow/.local/lib/python3.12/site-packages/airflow/example_dags/plugins/decreasing_priority_weight_strategy.py
[2024-10-26T22:33:12.602+0000] {processor.py:914} INFO - Processing file /home/airflow/.local/lib/python3.12/site-packages/airflow/example_dags/plugins/decreasing_priority_weight_strategy.py for tasks to queue
[2024-10-26T22:33:12.604+0000] {logging_mixin.py:190} INFO - [2024-10-26T22:33:12.604+0000] {dagbag.py:588} INFO - Filling up the DagBag from /home/airflow/.local/lib/python3.12/site-packages/airflow/example_dags/plugins/decreasing_priority_weight_strategy.py
[2024-10-26T22:33:12.606+0000] {processor.py:927} WARNING - No viable dags retrieved from /home/airflow/.local/lib/python3.12/site-packages/airflow/example_dags/plugins/decreasing_priority_weight_strategy.py
[2024-10-26T22:33:12.618+0000] {processor.py:208} INFO - Processing /home/airflow/.local/lib/python3.12/site-packages/airflow/example_dags/plugins/decreasing_priority_weight_strategy.py took 0.024 seconds
[2024-10-26T22:33:45.269+0000] {processor.py:186} INFO - Started process (PID=37080) to work on /home/airflow/.local/lib/python3.12/site-packages/airflow/example_dags/plugins/decreasing_priority_weight_strategy.py
[2024-10-26T22:33:45.270+0000] {processor.py:914} INFO - Processing file /home/airflow/.local/lib/python3.12/site-packages/airflow/example_dags/plugins/decreasing_priority_weight_strategy.py for tasks to queue
[2024-10-26T22:33:45.273+0000] {logging_mixin.py:190} INFO - [2024-10-26T22:33:45.272+0000] {dagbag.py:588} INFO - Filling up the DagBag from /home/airflow/.local/lib/python3.12/site-packages/airflow/example_dags/plugins/decreasing_priority_weight_strategy.py
[2024-10-26T22:33:45.276+0000] {processor.py:927} WARNING - No viable dags retrieved from /home/airflow/.local/lib/python3.12/site-packages/airflow/example_dags/plugins/decreasing_priority_weight_strategy.py
[2024-10-26T22:33:45.291+0000] {processor.py:208} INFO - Processing /home/airflow/.local/lib/python3.12/site-packages/airflow/example_dags/plugins/decreasing_priority_weight_strategy.py took 0.028 seconds
[2024-10-26T22:34:17.845+0000] {processor.py:186} INFO - Started process (PID=37144) to work on /home/airflow/.local/lib/python3.12/site-packages/airflow/example_dags/plugins/decreasing_priority_weight_strategy.py
[2024-10-26T22:34:17.846+0000] {processor.py:914} INFO - Processing file /home/airflow/.local/lib/python3.12/site-packages/airflow/example_dags/plugins/decreasing_priority_weight_strategy.py for tasks to queue
[2024-10-26T22:34:17.848+0000] {logging_mixin.py:190} INFO - [2024-10-26T22:34:17.848+0000] {dagbag.py:588} INFO - Filling up the DagBag from /home/airflow/.local/lib/python3.12/site-packages/airflow/example_dags/plugins/decreasing_priority_weight_strategy.py
[2024-10-26T22:34:17.850+0000] {processor.py:927} WARNING - No viable dags retrieved from /home/airflow/.local/lib/python3.12/site-packages/airflow/example_dags/plugins/decreasing_priority_weight_strategy.py
[2024-10-26T22:34:17.863+0000] {processor.py:208} INFO - Processing /home/airflow/.local/lib/python3.12/site-packages/airflow/example_dags/plugins/decreasing_priority_weight_strategy.py took 0.023 seconds
[2024-10-26T22:34:51.385+0000] {processor.py:186} INFO - Started process (PID=37208) to work on /home/airflow/.local/lib/python3.12/site-packages/airflow/example_dags/plugins/decreasing_priority_weight_strategy.py
[2024-10-26T22:34:51.386+0000] {processor.py:914} INFO - Processing file /home/airflow/.local/lib/python3.12/site-packages/airflow/example_dags/plugins/decreasing_priority_weight_strategy.py for tasks to queue
[2024-10-26T22:34:51.389+0000] {logging_mixin.py:190} INFO - [2024-10-26T22:34:51.389+0000] {dagbag.py:588} INFO - Filling up the DagBag from /home/airflow/.local/lib/python3.12/site-packages/airflow/example_dags/plugins/decreasing_priority_weight_strategy.py
[2024-10-26T22:34:51.392+0000] {processor.py:927} WARNING - No viable dags retrieved from /home/airflow/.local/lib/python3.12/site-packages/airflow/example_dags/plugins/decreasing_priority_weight_strategy.py
[2024-10-26T22:34:51.406+0000] {processor.py:208} INFO - Processing /home/airflow/.local/lib/python3.12/site-packages/airflow/example_dags/plugins/decreasing_priority_weight_strategy.py took 0.026 seconds
[2024-10-26T22:35:24.095+0000] {processor.py:186} INFO - Started process (PID=37272) to work on /home/airflow/.local/lib/python3.12/site-packages/airflow/example_dags/plugins/decreasing_priority_weight_strategy.py
[2024-10-26T22:35:24.096+0000] {processor.py:914} INFO - Processing file /home/airflow/.local/lib/python3.12/site-packages/airflow/example_dags/plugins/decreasing_priority_weight_strategy.py for tasks to queue
[2024-10-26T22:35:24.100+0000] {logging_mixin.py:190} INFO - [2024-10-26T22:35:24.099+0000] {dagbag.py:588} INFO - Filling up the DagBag from /home/airflow/.local/lib/python3.12/site-packages/airflow/example_dags/plugins/decreasing_priority_weight_strategy.py
[2024-10-26T22:35:24.102+0000] {processor.py:927} WARNING - No viable dags retrieved from /home/airflow/.local/lib/python3.12/site-packages/airflow/example_dags/plugins/decreasing_priority_weight_strategy.py
[2024-10-26T22:35:24.115+0000] {processor.py:208} INFO - Processing /home/airflow/.local/lib/python3.12/site-packages/airflow/example_dags/plugins/decreasing_priority_weight_strategy.py took 0.027 seconds
[2024-10-26T22:35:56.937+0000] {processor.py:186} INFO - Started process (PID=37336) to work on /home/airflow/.local/lib/python3.12/site-packages/airflow/example_dags/plugins/decreasing_priority_weight_strategy.py
[2024-10-26T22:35:56.938+0000] {processor.py:914} INFO - Processing file /home/airflow/.local/lib/python3.12/site-packages/airflow/example_dags/plugins/decreasing_priority_weight_strategy.py for tasks to queue
[2024-10-26T22:35:56.940+0000] {logging_mixin.py:190} INFO - [2024-10-26T22:35:56.940+0000] {dagbag.py:588} INFO - Filling up the DagBag from /home/airflow/.local/lib/python3.12/site-packages/airflow/example_dags/plugins/decreasing_priority_weight_strategy.py
[2024-10-26T22:35:56.942+0000] {processor.py:927} WARNING - No viable dags retrieved from /home/airflow/.local/lib/python3.12/site-packages/airflow/example_dags/plugins/decreasing_priority_weight_strategy.py
[2024-10-26T22:35:56.955+0000] {processor.py:208} INFO - Processing /home/airflow/.local/lib/python3.12/site-packages/airflow/example_dags/plugins/decreasing_priority_weight_strategy.py took 0.025 seconds
[2024-10-26T22:36:30.284+0000] {processor.py:186} INFO - Started process (PID=37400) to work on /home/airflow/.local/lib/python3.12/site-packages/airflow/example_dags/plugins/decreasing_priority_weight_strategy.py
[2024-10-26T22:36:30.284+0000] {processor.py:914} INFO - Processing file /home/airflow/.local/lib/python3.12/site-packages/airflow/example_dags/plugins/decreasing_priority_weight_strategy.py for tasks to queue
[2024-10-26T22:36:30.286+0000] {logging_mixin.py:190} INFO - [2024-10-26T22:36:30.286+0000] {dagbag.py:588} INFO - Filling up the DagBag from /home/airflow/.local/lib/python3.12/site-packages/airflow/example_dags/plugins/decreasing_priority_weight_strategy.py
[2024-10-26T22:36:30.288+0000] {processor.py:927} WARNING - No viable dags retrieved from /home/airflow/.local/lib/python3.12/site-packages/airflow/example_dags/plugins/decreasing_priority_weight_strategy.py
[2024-10-26T22:36:30.299+0000] {processor.py:208} INFO - Processing /home/airflow/.local/lib/python3.12/site-packages/airflow/example_dags/plugins/decreasing_priority_weight_strategy.py took 0.021 seconds
[2024-10-26T22:37:02.019+0000] {processor.py:186} INFO - Started process (PID=37464) to work on /home/airflow/.local/lib/python3.12/site-packages/airflow/example_dags/plugins/decreasing_priority_weight_strategy.py
[2024-10-26T22:37:02.020+0000] {processor.py:914} INFO - Processing file /home/airflow/.local/lib/python3.12/site-packages/airflow/example_dags/plugins/decreasing_priority_weight_strategy.py for tasks to queue
[2024-10-26T22:37:02.023+0000] {logging_mixin.py:190} INFO - [2024-10-26T22:37:02.023+0000] {dagbag.py:588} INFO - Filling up the DagBag from /home/airflow/.local/lib/python3.12/site-packages/airflow/example_dags/plugins/decreasing_priority_weight_strategy.py
[2024-10-26T22:37:02.026+0000] {processor.py:927} WARNING - No viable dags retrieved from /home/airflow/.local/lib/python3.12/site-packages/airflow/example_dags/plugins/decreasing_priority_weight_strategy.py
[2024-10-26T22:37:02.047+0000] {processor.py:208} INFO - Processing /home/airflow/.local/lib/python3.12/site-packages/airflow/example_dags/plugins/decreasing_priority_weight_strategy.py took 0.036 seconds
[2024-10-26T22:37:34.706+0000] {processor.py:186} INFO - Started process (PID=37528) to work on /home/airflow/.local/lib/python3.12/site-packages/airflow/example_dags/plugins/decreasing_priority_weight_strategy.py
[2024-10-26T22:37:34.707+0000] {processor.py:914} INFO - Processing file /home/airflow/.local/lib/python3.12/site-packages/airflow/example_dags/plugins/decreasing_priority_weight_strategy.py for tasks to queue
[2024-10-26T22:37:34.710+0000] {logging_mixin.py:190} INFO - [2024-10-26T22:37:34.710+0000] {dagbag.py:588} INFO - Filling up the DagBag from /home/airflow/.local/lib/python3.12/site-packages/airflow/example_dags/plugins/decreasing_priority_weight_strategy.py
[2024-10-26T22:37:34.713+0000] {processor.py:927} WARNING - No viable dags retrieved from /home/airflow/.local/lib/python3.12/site-packages/airflow/example_dags/plugins/decreasing_priority_weight_strategy.py
[2024-10-26T22:37:34.729+0000] {processor.py:208} INFO - Processing /home/airflow/.local/lib/python3.12/site-packages/airflow/example_dags/plugins/decreasing_priority_weight_strategy.py took 0.030 seconds
[2024-10-26T22:38:07.598+0000] {processor.py:186} INFO - Started process (PID=37592) to work on /home/airflow/.local/lib/python3.12/site-packages/airflow/example_dags/plugins/decreasing_priority_weight_strategy.py
[2024-10-26T22:38:07.599+0000] {processor.py:914} INFO - Processing file /home/airflow/.local/lib/python3.12/site-packages/airflow/example_dags/plugins/decreasing_priority_weight_strategy.py for tasks to queue
[2024-10-26T22:38:07.601+0000] {logging_mixin.py:190} INFO - [2024-10-26T22:38:07.601+0000] {dagbag.py:588} INFO - Filling up the DagBag from /home/airflow/.local/lib/python3.12/site-packages/airflow/example_dags/plugins/decreasing_priority_weight_strategy.py
[2024-10-26T22:38:07.604+0000] {processor.py:927} WARNING - No viable dags retrieved from /home/airflow/.local/lib/python3.12/site-packages/airflow/example_dags/plugins/decreasing_priority_weight_strategy.py
[2024-10-26T22:38:07.616+0000] {processor.py:208} INFO - Processing /home/airflow/.local/lib/python3.12/site-packages/airflow/example_dags/plugins/decreasing_priority_weight_strategy.py took 0.023 seconds
[2024-10-26T22:38:40.281+0000] {processor.py:186} INFO - Started process (PID=37656) to work on /home/airflow/.local/lib/python3.12/site-packages/airflow/example_dags/plugins/decreasing_priority_weight_strategy.py
[2024-10-26T22:38:40.282+0000] {processor.py:914} INFO - Processing file /home/airflow/.local/lib/python3.12/site-packages/airflow/example_dags/plugins/decreasing_priority_weight_strategy.py for tasks to queue
[2024-10-26T22:38:40.284+0000] {logging_mixin.py:190} INFO - [2024-10-26T22:38:40.284+0000] {dagbag.py:588} INFO - Filling up the DagBag from /home/airflow/.local/lib/python3.12/site-packages/airflow/example_dags/plugins/decreasing_priority_weight_strategy.py
[2024-10-26T22:38:40.286+0000] {processor.py:927} WARNING - No viable dags retrieved from /home/airflow/.local/lib/python3.12/site-packages/airflow/example_dags/plugins/decreasing_priority_weight_strategy.py
[2024-10-26T22:38:40.298+0000] {processor.py:208} INFO - Processing /home/airflow/.local/lib/python3.12/site-packages/airflow/example_dags/plugins/decreasing_priority_weight_strategy.py took 0.022 seconds
[2024-10-26T22:39:12.949+0000] {processor.py:186} INFO - Started process (PID=37720) to work on /home/airflow/.local/lib/python3.12/site-packages/airflow/example_dags/plugins/decreasing_priority_weight_strategy.py
[2024-10-26T22:39:12.950+0000] {processor.py:914} INFO - Processing file /home/airflow/.local/lib/python3.12/site-packages/airflow/example_dags/plugins/decreasing_priority_weight_strategy.py for tasks to queue
[2024-10-26T22:39:12.953+0000] {logging_mixin.py:190} INFO - [2024-10-26T22:39:12.952+0000] {dagbag.py:588} INFO - Filling up the DagBag from /home/airflow/.local/lib/python3.12/site-packages/airflow/example_dags/plugins/decreasing_priority_weight_strategy.py
[2024-10-26T22:39:12.955+0000] {processor.py:927} WARNING - No viable dags retrieved from /home/airflow/.local/lib/python3.12/site-packages/airflow/example_dags/plugins/decreasing_priority_weight_strategy.py
[2024-10-26T22:39:12.969+0000] {processor.py:208} INFO - Processing /home/airflow/.local/lib/python3.12/site-packages/airflow/example_dags/plugins/decreasing_priority_weight_strategy.py took 0.026 seconds
[2024-10-26T22:39:45.718+0000] {processor.py:186} INFO - Started process (PID=37784) to work on /home/airflow/.local/lib/python3.12/site-packages/airflow/example_dags/plugins/decreasing_priority_weight_strategy.py
[2024-10-26T22:39:45.720+0000] {processor.py:914} INFO - Processing file /home/airflow/.local/lib/python3.12/site-packages/airflow/example_dags/plugins/decreasing_priority_weight_strategy.py for tasks to queue
[2024-10-26T22:39:45.723+0000] {logging_mixin.py:190} INFO - [2024-10-26T22:39:45.723+0000] {dagbag.py:588} INFO - Filling up the DagBag from /home/airflow/.local/lib/python3.12/site-packages/airflow/example_dags/plugins/decreasing_priority_weight_strategy.py
[2024-10-26T22:39:45.725+0000] {processor.py:927} WARNING - No viable dags retrieved from /home/airflow/.local/lib/python3.12/site-packages/airflow/example_dags/plugins/decreasing_priority_weight_strategy.py
[2024-10-26T22:39:45.737+0000] {processor.py:208} INFO - Processing /home/airflow/.local/lib/python3.12/site-packages/airflow/example_dags/plugins/decreasing_priority_weight_strategy.py took 0.024 seconds
[2024-10-26T22:40:18.541+0000] {processor.py:186} INFO - Started process (PID=37848) to work on /home/airflow/.local/lib/python3.12/site-packages/airflow/example_dags/plugins/decreasing_priority_weight_strategy.py
[2024-10-26T22:40:18.542+0000] {processor.py:914} INFO - Processing file /home/airflow/.local/lib/python3.12/site-packages/airflow/example_dags/plugins/decreasing_priority_weight_strategy.py for tasks to queue
[2024-10-26T22:40:18.544+0000] {logging_mixin.py:190} INFO - [2024-10-26T22:40:18.543+0000] {dagbag.py:588} INFO - Filling up the DagBag from /home/airflow/.local/lib/python3.12/site-packages/airflow/example_dags/plugins/decreasing_priority_weight_strategy.py
[2024-10-26T22:40:18.545+0000] {processor.py:927} WARNING - No viable dags retrieved from /home/airflow/.local/lib/python3.12/site-packages/airflow/example_dags/plugins/decreasing_priority_weight_strategy.py
[2024-10-26T22:40:18.556+0000] {processor.py:208} INFO - Processing /home/airflow/.local/lib/python3.12/site-packages/airflow/example_dags/plugins/decreasing_priority_weight_strategy.py took 0.021 seconds
[2024-10-26T22:40:50.997+0000] {processor.py:186} INFO - Started process (PID=37912) to work on /home/airflow/.local/lib/python3.12/site-packages/airflow/example_dags/plugins/decreasing_priority_weight_strategy.py
[2024-10-26T22:40:50.998+0000] {processor.py:914} INFO - Processing file /home/airflow/.local/lib/python3.12/site-packages/airflow/example_dags/plugins/decreasing_priority_weight_strategy.py for tasks to queue
[2024-10-26T22:40:51.000+0000] {logging_mixin.py:190} INFO - [2024-10-26T22:40:51.000+0000] {dagbag.py:588} INFO - Filling up the DagBag from /home/airflow/.local/lib/python3.12/site-packages/airflow/example_dags/plugins/decreasing_priority_weight_strategy.py
[2024-10-26T22:40:51.002+0000] {processor.py:927} WARNING - No viable dags retrieved from /home/airflow/.local/lib/python3.12/site-packages/airflow/example_dags/plugins/decreasing_priority_weight_strategy.py
[2024-10-26T22:40:51.014+0000] {processor.py:208} INFO - Processing /home/airflow/.local/lib/python3.12/site-packages/airflow/example_dags/plugins/decreasing_priority_weight_strategy.py took 0.022 seconds
[2024-10-26T22:41:23.671+0000] {processor.py:186} INFO - Started process (PID=37976) to work on /home/airflow/.local/lib/python3.12/site-packages/airflow/example_dags/plugins/decreasing_priority_weight_strategy.py
[2024-10-26T22:41:23.672+0000] {processor.py:914} INFO - Processing file /home/airflow/.local/lib/python3.12/site-packages/airflow/example_dags/plugins/decreasing_priority_weight_strategy.py for tasks to queue
[2024-10-26T22:41:23.675+0000] {logging_mixin.py:190} INFO - [2024-10-26T22:41:23.674+0000] {dagbag.py:588} INFO - Filling up the DagBag from /home/airflow/.local/lib/python3.12/site-packages/airflow/example_dags/plugins/decreasing_priority_weight_strategy.py
[2024-10-26T22:41:23.677+0000] {processor.py:927} WARNING - No viable dags retrieved from /home/airflow/.local/lib/python3.12/site-packages/airflow/example_dags/plugins/decreasing_priority_weight_strategy.py
[2024-10-26T22:41:23.689+0000] {processor.py:208} INFO - Processing /home/airflow/.local/lib/python3.12/site-packages/airflow/example_dags/plugins/decreasing_priority_weight_strategy.py took 0.025 seconds
[2024-10-26T22:41:56.473+0000] {processor.py:186} INFO - Started process (PID=38040) to work on /home/airflow/.local/lib/python3.12/site-packages/airflow/example_dags/plugins/decreasing_priority_weight_strategy.py
[2024-10-26T22:41:56.475+0000] {processor.py:914} INFO - Processing file /home/airflow/.local/lib/python3.12/site-packages/airflow/example_dags/plugins/decreasing_priority_weight_strategy.py for tasks to queue
[2024-10-26T22:41:56.477+0000] {logging_mixin.py:190} INFO - [2024-10-26T22:41:56.476+0000] {dagbag.py:588} INFO - Filling up the DagBag from /home/airflow/.local/lib/python3.12/site-packages/airflow/example_dags/plugins/decreasing_priority_weight_strategy.py
[2024-10-26T22:41:56.479+0000] {processor.py:927} WARNING - No viable dags retrieved from /home/airflow/.local/lib/python3.12/site-packages/airflow/example_dags/plugins/decreasing_priority_weight_strategy.py
[2024-10-26T22:41:56.491+0000] {processor.py:208} INFO - Processing /home/airflow/.local/lib/python3.12/site-packages/airflow/example_dags/plugins/decreasing_priority_weight_strategy.py took 0.023 seconds
[2024-10-26T22:42:29.216+0000] {processor.py:186} INFO - Started process (PID=38104) to work on /home/airflow/.local/lib/python3.12/site-packages/airflow/example_dags/plugins/decreasing_priority_weight_strategy.py
[2024-10-26T22:42:29.217+0000] {processor.py:914} INFO - Processing file /home/airflow/.local/lib/python3.12/site-packages/airflow/example_dags/plugins/decreasing_priority_weight_strategy.py for tasks to queue
[2024-10-26T22:42:29.219+0000] {logging_mixin.py:190} INFO - [2024-10-26T22:42:29.219+0000] {dagbag.py:588} INFO - Filling up the DagBag from /home/airflow/.local/lib/python3.12/site-packages/airflow/example_dags/plugins/decreasing_priority_weight_strategy.py
[2024-10-26T22:42:29.221+0000] {processor.py:927} WARNING - No viable dags retrieved from /home/airflow/.local/lib/python3.12/site-packages/airflow/example_dags/plugins/decreasing_priority_weight_strategy.py
[2024-10-26T22:42:29.233+0000] {processor.py:208} INFO - Processing /home/airflow/.local/lib/python3.12/site-packages/airflow/example_dags/plugins/decreasing_priority_weight_strategy.py took 0.023 seconds
[2024-10-26T22:43:02.404+0000] {processor.py:186} INFO - Started process (PID=38168) to work on /home/airflow/.local/lib/python3.12/site-packages/airflow/example_dags/plugins/decreasing_priority_weight_strategy.py
[2024-10-26T22:43:02.405+0000] {processor.py:914} INFO - Processing file /home/airflow/.local/lib/python3.12/site-packages/airflow/example_dags/plugins/decreasing_priority_weight_strategy.py for tasks to queue
[2024-10-26T22:43:02.407+0000] {logging_mixin.py:190} INFO - [2024-10-26T22:43:02.407+0000] {dagbag.py:588} INFO - Filling up the DagBag from /home/airflow/.local/lib/python3.12/site-packages/airflow/example_dags/plugins/decreasing_priority_weight_strategy.py
[2024-10-26T22:43:02.409+0000] {processor.py:927} WARNING - No viable dags retrieved from /home/airflow/.local/lib/python3.12/site-packages/airflow/example_dags/plugins/decreasing_priority_weight_strategy.py
[2024-10-26T22:43:02.421+0000] {processor.py:208} INFO - Processing /home/airflow/.local/lib/python3.12/site-packages/airflow/example_dags/plugins/decreasing_priority_weight_strategy.py took 0.023 seconds
[2024-10-26T22:43:34.894+0000] {processor.py:186} INFO - Started process (PID=38232) to work on /home/airflow/.local/lib/python3.12/site-packages/airflow/example_dags/plugins/decreasing_priority_weight_strategy.py
[2024-10-26T22:43:34.895+0000] {processor.py:914} INFO - Processing file /home/airflow/.local/lib/python3.12/site-packages/airflow/example_dags/plugins/decreasing_priority_weight_strategy.py for tasks to queue
[2024-10-26T22:43:34.899+0000] {logging_mixin.py:190} INFO - [2024-10-26T22:43:34.898+0000] {dagbag.py:588} INFO - Filling up the DagBag from /home/airflow/.local/lib/python3.12/site-packages/airflow/example_dags/plugins/decreasing_priority_weight_strategy.py
[2024-10-26T22:43:34.902+0000] {processor.py:927} WARNING - No viable dags retrieved from /home/airflow/.local/lib/python3.12/site-packages/airflow/example_dags/plugins/decreasing_priority_weight_strategy.py
[2024-10-26T22:43:34.918+0000] {processor.py:208} INFO - Processing /home/airflow/.local/lib/python3.12/site-packages/airflow/example_dags/plugins/decreasing_priority_weight_strategy.py took 0.032 seconds
[2024-10-26T22:44:07.926+0000] {processor.py:186} INFO - Started process (PID=38296) to work on /home/airflow/.local/lib/python3.12/site-packages/airflow/example_dags/plugins/decreasing_priority_weight_strategy.py
[2024-10-26T22:44:07.927+0000] {processor.py:914} INFO - Processing file /home/airflow/.local/lib/python3.12/site-packages/airflow/example_dags/plugins/decreasing_priority_weight_strategy.py for tasks to queue
[2024-10-26T22:44:07.930+0000] {logging_mixin.py:190} INFO - [2024-10-26T22:44:07.929+0000] {dagbag.py:588} INFO - Filling up the DagBag from /home/airflow/.local/lib/python3.12/site-packages/airflow/example_dags/plugins/decreasing_priority_weight_strategy.py
[2024-10-26T22:44:07.932+0000] {processor.py:927} WARNING - No viable dags retrieved from /home/airflow/.local/lib/python3.12/site-packages/airflow/example_dags/plugins/decreasing_priority_weight_strategy.py
[2024-10-26T22:44:07.948+0000] {processor.py:208} INFO - Processing /home/airflow/.local/lib/python3.12/site-packages/airflow/example_dags/plugins/decreasing_priority_weight_strategy.py took 0.030 seconds
[2024-10-26T22:44:41.372+0000] {processor.py:186} INFO - Started process (PID=38361) to work on /home/airflow/.local/lib/python3.12/site-packages/airflow/example_dags/plugins/decreasing_priority_weight_strategy.py
[2024-10-26T22:44:41.374+0000] {processor.py:914} INFO - Processing file /home/airflow/.local/lib/python3.12/site-packages/airflow/example_dags/plugins/decreasing_priority_weight_strategy.py for tasks to queue
[2024-10-26T22:44:41.376+0000] {logging_mixin.py:190} INFO - [2024-10-26T22:44:41.376+0000] {dagbag.py:588} INFO - Filling up the DagBag from /home/airflow/.local/lib/python3.12/site-packages/airflow/example_dags/plugins/decreasing_priority_weight_strategy.py
[2024-10-26T22:44:41.379+0000] {processor.py:927} WARNING - No viable dags retrieved from /home/airflow/.local/lib/python3.12/site-packages/airflow/example_dags/plugins/decreasing_priority_weight_strategy.py
[2024-10-26T22:44:41.392+0000] {processor.py:208} INFO - Processing /home/airflow/.local/lib/python3.12/site-packages/airflow/example_dags/plugins/decreasing_priority_weight_strategy.py took 0.027 seconds
[2024-10-26T22:45:13.642+0000] {processor.py:186} INFO - Started process (PID=38425) to work on /home/airflow/.local/lib/python3.12/site-packages/airflow/example_dags/plugins/decreasing_priority_weight_strategy.py
[2024-10-26T22:45:13.644+0000] {processor.py:914} INFO - Processing file /home/airflow/.local/lib/python3.12/site-packages/airflow/example_dags/plugins/decreasing_priority_weight_strategy.py for tasks to queue
[2024-10-26T22:45:13.646+0000] {logging_mixin.py:190} INFO - [2024-10-26T22:45:13.646+0000] {dagbag.py:588} INFO - Filling up the DagBag from /home/airflow/.local/lib/python3.12/site-packages/airflow/example_dags/plugins/decreasing_priority_weight_strategy.py
[2024-10-26T22:45:13.649+0000] {processor.py:927} WARNING - No viable dags retrieved from /home/airflow/.local/lib/python3.12/site-packages/airflow/example_dags/plugins/decreasing_priority_weight_strategy.py
[2024-10-26T22:45:13.661+0000] {processor.py:208} INFO - Processing /home/airflow/.local/lib/python3.12/site-packages/airflow/example_dags/plugins/decreasing_priority_weight_strategy.py took 0.026 seconds
[2024-10-26T22:45:50.565+0000] {processor.py:186} INFO - Started process (PID=38490) to work on /home/airflow/.local/lib/python3.12/site-packages/airflow/example_dags/plugins/decreasing_priority_weight_strategy.py
[2024-10-26T22:45:50.567+0000] {processor.py:914} INFO - Processing file /home/airflow/.local/lib/python3.12/site-packages/airflow/example_dags/plugins/decreasing_priority_weight_strategy.py for tasks to queue
[2024-10-26T22:45:50.584+0000] {logging_mixin.py:190} INFO - [2024-10-26T22:45:50.583+0000] {dagbag.py:588} INFO - Filling up the DagBag from /home/airflow/.local/lib/python3.12/site-packages/airflow/example_dags/plugins/decreasing_priority_weight_strategy.py
[2024-10-26T22:45:50.586+0000] {processor.py:927} WARNING - No viable dags retrieved from /home/airflow/.local/lib/python3.12/site-packages/airflow/example_dags/plugins/decreasing_priority_weight_strategy.py
[2024-10-26T22:45:50.605+0000] {processor.py:208} INFO - Processing /home/airflow/.local/lib/python3.12/site-packages/airflow/example_dags/plugins/decreasing_priority_weight_strategy.py took 0.051 seconds
[2024-10-26T22:46:22.722+0000] {processor.py:186} INFO - Started process (PID=38554) to work on /home/airflow/.local/lib/python3.12/site-packages/airflow/example_dags/plugins/decreasing_priority_weight_strategy.py
[2024-10-26T22:46:22.724+0000] {processor.py:914} INFO - Processing file /home/airflow/.local/lib/python3.12/site-packages/airflow/example_dags/plugins/decreasing_priority_weight_strategy.py for tasks to queue
[2024-10-26T22:46:22.727+0000] {logging_mixin.py:190} INFO - [2024-10-26T22:46:22.727+0000] {dagbag.py:588} INFO - Filling up the DagBag from /home/airflow/.local/lib/python3.12/site-packages/airflow/example_dags/plugins/decreasing_priority_weight_strategy.py
[2024-10-26T22:46:22.731+0000] {processor.py:927} WARNING - No viable dags retrieved from /home/airflow/.local/lib/python3.12/site-packages/airflow/example_dags/plugins/decreasing_priority_weight_strategy.py
[2024-10-26T22:46:22.747+0000] {processor.py:208} INFO - Processing /home/airflow/.local/lib/python3.12/site-packages/airflow/example_dags/plugins/decreasing_priority_weight_strategy.py took 0.033 seconds
[2024-10-26T22:46:55.863+0000] {processor.py:186} INFO - Started process (PID=38618) to work on /home/airflow/.local/lib/python3.12/site-packages/airflow/example_dags/plugins/decreasing_priority_weight_strategy.py
[2024-10-26T22:46:55.864+0000] {processor.py:914} INFO - Processing file /home/airflow/.local/lib/python3.12/site-packages/airflow/example_dags/plugins/decreasing_priority_weight_strategy.py for tasks to queue
[2024-10-26T22:46:55.867+0000] {logging_mixin.py:190} INFO - [2024-10-26T22:46:55.866+0000] {dagbag.py:588} INFO - Filling up the DagBag from /home/airflow/.local/lib/python3.12/site-packages/airflow/example_dags/plugins/decreasing_priority_weight_strategy.py
[2024-10-26T22:46:55.869+0000] {processor.py:927} WARNING - No viable dags retrieved from /home/airflow/.local/lib/python3.12/site-packages/airflow/example_dags/plugins/decreasing_priority_weight_strategy.py
[2024-10-26T22:46:55.886+0000] {processor.py:208} INFO - Processing /home/airflow/.local/lib/python3.12/site-packages/airflow/example_dags/plugins/decreasing_priority_weight_strategy.py took 0.028 seconds
[2024-10-26T22:47:30.264+0000] {processor.py:186} INFO - Started process (PID=38683) to work on /home/airflow/.local/lib/python3.12/site-packages/airflow/example_dags/plugins/decreasing_priority_weight_strategy.py
[2024-10-26T22:47:30.265+0000] {processor.py:914} INFO - Processing file /home/airflow/.local/lib/python3.12/site-packages/airflow/example_dags/plugins/decreasing_priority_weight_strategy.py for tasks to queue
[2024-10-26T22:47:30.269+0000] {logging_mixin.py:190} INFO - [2024-10-26T22:47:30.268+0000] {dagbag.py:588} INFO - Filling up the DagBag from /home/airflow/.local/lib/python3.12/site-packages/airflow/example_dags/plugins/decreasing_priority_weight_strategy.py
[2024-10-26T22:47:30.273+0000] {processor.py:927} WARNING - No viable dags retrieved from /home/airflow/.local/lib/python3.12/site-packages/airflow/example_dags/plugins/decreasing_priority_weight_strategy.py
[2024-10-26T22:47:30.290+0000] {processor.py:208} INFO - Processing /home/airflow/.local/lib/python3.12/site-packages/airflow/example_dags/plugins/decreasing_priority_weight_strategy.py took 0.035 seconds
[2024-10-26T22:48:05.516+0000] {processor.py:186} INFO - Started process (PID=38747) to work on /home/airflow/.local/lib/python3.12/site-packages/airflow/example_dags/plugins/decreasing_priority_weight_strategy.py
[2024-10-26T22:48:05.518+0000] {processor.py:914} INFO - Processing file /home/airflow/.local/lib/python3.12/site-packages/airflow/example_dags/plugins/decreasing_priority_weight_strategy.py for tasks to queue
[2024-10-26T22:48:05.522+0000] {logging_mixin.py:190} INFO - [2024-10-26T22:48:05.521+0000] {dagbag.py:588} INFO - Filling up the DagBag from /home/airflow/.local/lib/python3.12/site-packages/airflow/example_dags/plugins/decreasing_priority_weight_strategy.py
[2024-10-26T22:48:05.526+0000] {processor.py:927} WARNING - No viable dags retrieved from /home/airflow/.local/lib/python3.12/site-packages/airflow/example_dags/plugins/decreasing_priority_weight_strategy.py
[2024-10-26T22:48:05.545+0000] {processor.py:208} INFO - Processing /home/airflow/.local/lib/python3.12/site-packages/airflow/example_dags/plugins/decreasing_priority_weight_strategy.py took 0.036 seconds
[2024-10-26T22:48:39.194+0000] {processor.py:186} INFO - Started process (PID=38811) to work on /home/airflow/.local/lib/python3.12/site-packages/airflow/example_dags/plugins/decreasing_priority_weight_strategy.py
[2024-10-26T22:48:39.279+0000] {processor.py:914} INFO - Processing file /home/airflow/.local/lib/python3.12/site-packages/airflow/example_dags/plugins/decreasing_priority_weight_strategy.py for tasks to queue
[2024-10-26T22:48:39.283+0000] {logging_mixin.py:190} INFO - [2024-10-26T22:48:39.283+0000] {dagbag.py:588} INFO - Filling up the DagBag from /home/airflow/.local/lib/python3.12/site-packages/airflow/example_dags/plugins/decreasing_priority_weight_strategy.py
[2024-10-26T22:48:39.287+0000] {processor.py:927} WARNING - No viable dags retrieved from /home/airflow/.local/lib/python3.12/site-packages/airflow/example_dags/plugins/decreasing_priority_weight_strategy.py
[2024-10-26T22:48:39.330+0000] {processor.py:208} INFO - Processing /home/airflow/.local/lib/python3.12/site-packages/airflow/example_dags/plugins/decreasing_priority_weight_strategy.py took 0.154 seconds
[2024-10-26T22:49:14.751+0000] {processor.py:186} INFO - Started process (PID=38875) to work on /home/airflow/.local/lib/python3.12/site-packages/airflow/example_dags/plugins/decreasing_priority_weight_strategy.py
[2024-10-26T22:49:14.757+0000] {processor.py:914} INFO - Processing file /home/airflow/.local/lib/python3.12/site-packages/airflow/example_dags/plugins/decreasing_priority_weight_strategy.py for tasks to queue
[2024-10-26T22:49:14.760+0000] {logging_mixin.py:190} INFO - [2024-10-26T22:49:14.760+0000] {dagbag.py:588} INFO - Filling up the DagBag from /home/airflow/.local/lib/python3.12/site-packages/airflow/example_dags/plugins/decreasing_priority_weight_strategy.py
[2024-10-26T22:49:14.763+0000] {processor.py:927} WARNING - No viable dags retrieved from /home/airflow/.local/lib/python3.12/site-packages/airflow/example_dags/plugins/decreasing_priority_weight_strategy.py
[2024-10-26T22:49:14.810+0000] {processor.py:208} INFO - Processing /home/airflow/.local/lib/python3.12/site-packages/airflow/example_dags/plugins/decreasing_priority_weight_strategy.py took 0.076 seconds
[2024-10-26T22:49:50.282+0000] {processor.py:186} INFO - Started process (PID=38940) to work on /home/airflow/.local/lib/python3.12/site-packages/airflow/example_dags/plugins/decreasing_priority_weight_strategy.py
[2024-10-26T22:49:50.284+0000] {processor.py:914} INFO - Processing file /home/airflow/.local/lib/python3.12/site-packages/airflow/example_dags/plugins/decreasing_priority_weight_strategy.py for tasks to queue
[2024-10-26T22:49:50.302+0000] {logging_mixin.py:190} INFO - [2024-10-26T22:49:50.302+0000] {dagbag.py:588} INFO - Filling up the DagBag from /home/airflow/.local/lib/python3.12/site-packages/airflow/example_dags/plugins/decreasing_priority_weight_strategy.py
[2024-10-26T22:49:50.311+0000] {processor.py:927} WARNING - No viable dags retrieved from /home/airflow/.local/lib/python3.12/site-packages/airflow/example_dags/plugins/decreasing_priority_weight_strategy.py
[2024-10-26T22:49:50.335+0000] {processor.py:208} INFO - Processing /home/airflow/.local/lib/python3.12/site-packages/airflow/example_dags/plugins/decreasing_priority_weight_strategy.py took 0.067 seconds
[2024-10-26T22:50:21.121+0000] {processor.py:186} INFO - Started process (PID=39004) to work on /home/airflow/.local/lib/python3.12/site-packages/airflow/example_dags/plugins/decreasing_priority_weight_strategy.py
[2024-10-26T22:50:21.614+0000] {processor.py:914} INFO - Processing file /home/airflow/.local/lib/python3.12/site-packages/airflow/example_dags/plugins/decreasing_priority_weight_strategy.py for tasks to queue
[2024-10-26T22:50:21.621+0000] {logging_mixin.py:190} INFO - [2024-10-26T22:50:21.620+0000] {dagbag.py:588} INFO - Filling up the DagBag from /home/airflow/.local/lib/python3.12/site-packages/airflow/example_dags/plugins/decreasing_priority_weight_strategy.py
[2024-10-26T22:50:21.624+0000] {processor.py:927} WARNING - No viable dags retrieved from /home/airflow/.local/lib/python3.12/site-packages/airflow/example_dags/plugins/decreasing_priority_weight_strategy.py
[2024-10-26T22:50:21.652+0000] {processor.py:208} INFO - Processing /home/airflow/.local/lib/python3.12/site-packages/airflow/example_dags/plugins/decreasing_priority_weight_strategy.py took 0.550 seconds
[2024-10-26T22:50:55.768+0000] {processor.py:186} INFO - Started process (PID=39068) to work on /home/airflow/.local/lib/python3.12/site-packages/airflow/example_dags/plugins/decreasing_priority_weight_strategy.py
[2024-10-26T22:50:55.946+0000] {processor.py:914} INFO - Processing file /home/airflow/.local/lib/python3.12/site-packages/airflow/example_dags/plugins/decreasing_priority_weight_strategy.py for tasks to queue
[2024-10-26T22:50:56.005+0000] {logging_mixin.py:190} INFO - [2024-10-26T22:50:56.005+0000] {dagbag.py:588} INFO - Filling up the DagBag from /home/airflow/.local/lib/python3.12/site-packages/airflow/example_dags/plugins/decreasing_priority_weight_strategy.py
[2024-10-26T22:50:56.026+0000] {processor.py:927} WARNING - No viable dags retrieved from /home/airflow/.local/lib/python3.12/site-packages/airflow/example_dags/plugins/decreasing_priority_weight_strategy.py
[2024-10-26T22:50:56.057+0000] {processor.py:208} INFO - Processing /home/airflow/.local/lib/python3.12/site-packages/airflow/example_dags/plugins/decreasing_priority_weight_strategy.py took 0.301 seconds
[2024-10-26T22:51:28.198+0000] {processor.py:186} INFO - Started process (PID=39133) to work on /home/airflow/.local/lib/python3.12/site-packages/airflow/example_dags/plugins/decreasing_priority_weight_strategy.py
[2024-10-26T22:51:28.203+0000] {processor.py:914} INFO - Processing file /home/airflow/.local/lib/python3.12/site-packages/airflow/example_dags/plugins/decreasing_priority_weight_strategy.py for tasks to queue
[2024-10-26T22:51:28.207+0000] {logging_mixin.py:190} INFO - [2024-10-26T22:51:28.207+0000] {dagbag.py:588} INFO - Filling up the DagBag from /home/airflow/.local/lib/python3.12/site-packages/airflow/example_dags/plugins/decreasing_priority_weight_strategy.py
[2024-10-26T22:51:28.211+0000] {processor.py:927} WARNING - No viable dags retrieved from /home/airflow/.local/lib/python3.12/site-packages/airflow/example_dags/plugins/decreasing_priority_weight_strategy.py
[2024-10-26T22:51:28.238+0000] {processor.py:208} INFO - Processing /home/airflow/.local/lib/python3.12/site-packages/airflow/example_dags/plugins/decreasing_priority_weight_strategy.py took 0.053 seconds
[2024-10-26T22:52:02.791+0000] {processor.py:186} INFO - Started process (PID=39197) to work on /home/airflow/.local/lib/python3.12/site-packages/airflow/example_dags/plugins/decreasing_priority_weight_strategy.py
[2024-10-26T22:52:02.794+0000] {processor.py:914} INFO - Processing file /home/airflow/.local/lib/python3.12/site-packages/airflow/example_dags/plugins/decreasing_priority_weight_strategy.py for tasks to queue
[2024-10-26T22:52:02.825+0000] {logging_mixin.py:190} INFO - [2024-10-26T22:52:02.825+0000] {dagbag.py:588} INFO - Filling up the DagBag from /home/airflow/.local/lib/python3.12/site-packages/airflow/example_dags/plugins/decreasing_priority_weight_strategy.py
[2024-10-26T22:52:02.850+0000] {processor.py:927} WARNING - No viable dags retrieved from /home/airflow/.local/lib/python3.12/site-packages/airflow/example_dags/plugins/decreasing_priority_weight_strategy.py
[2024-10-26T22:52:02.904+0000] {processor.py:208} INFO - Processing /home/airflow/.local/lib/python3.12/site-packages/airflow/example_dags/plugins/decreasing_priority_weight_strategy.py took 0.136 seconds
[2024-10-26T22:52:33.016+0000] {processor.py:186} INFO - Started process (PID=39261) to work on /home/airflow/.local/lib/python3.12/site-packages/airflow/example_dags/plugins/decreasing_priority_weight_strategy.py
[2024-10-26T22:52:33.017+0000] {processor.py:914} INFO - Processing file /home/airflow/.local/lib/python3.12/site-packages/airflow/example_dags/plugins/decreasing_priority_weight_strategy.py for tasks to queue
[2024-10-26T22:52:33.020+0000] {logging_mixin.py:190} INFO - [2024-10-26T22:52:33.019+0000] {dagbag.py:588} INFO - Filling up the DagBag from /home/airflow/.local/lib/python3.12/site-packages/airflow/example_dags/plugins/decreasing_priority_weight_strategy.py
[2024-10-26T22:52:33.023+0000] {processor.py:927} WARNING - No viable dags retrieved from /home/airflow/.local/lib/python3.12/site-packages/airflow/example_dags/plugins/decreasing_priority_weight_strategy.py
[2024-10-26T22:52:33.038+0000] {processor.py:208} INFO - Processing /home/airflow/.local/lib/python3.12/site-packages/airflow/example_dags/plugins/decreasing_priority_weight_strategy.py took 0.030 seconds
[2024-10-26T22:53:03.809+0000] {processor.py:186} INFO - Started process (PID=39325) to work on /home/airflow/.local/lib/python3.12/site-packages/airflow/example_dags/plugins/decreasing_priority_weight_strategy.py
[2024-10-26T22:53:03.810+0000] {processor.py:914} INFO - Processing file /home/airflow/.local/lib/python3.12/site-packages/airflow/example_dags/plugins/decreasing_priority_weight_strategy.py for tasks to queue
[2024-10-26T22:53:03.812+0000] {logging_mixin.py:190} INFO - [2024-10-26T22:53:03.812+0000] {dagbag.py:588} INFO - Filling up the DagBag from /home/airflow/.local/lib/python3.12/site-packages/airflow/example_dags/plugins/decreasing_priority_weight_strategy.py
[2024-10-26T22:53:03.815+0000] {processor.py:927} WARNING - No viable dags retrieved from /home/airflow/.local/lib/python3.12/site-packages/airflow/example_dags/plugins/decreasing_priority_weight_strategy.py
[2024-10-26T22:53:03.827+0000] {processor.py:208} INFO - Processing /home/airflow/.local/lib/python3.12/site-packages/airflow/example_dags/plugins/decreasing_priority_weight_strategy.py took 0.026 seconds
[2024-10-26T22:53:34.760+0000] {processor.py:186} INFO - Started process (PID=39390) to work on /home/airflow/.local/lib/python3.12/site-packages/airflow/example_dags/plugins/decreasing_priority_weight_strategy.py
[2024-10-26T22:53:34.761+0000] {processor.py:914} INFO - Processing file /home/airflow/.local/lib/python3.12/site-packages/airflow/example_dags/plugins/decreasing_priority_weight_strategy.py for tasks to queue
[2024-10-26T22:53:34.764+0000] {logging_mixin.py:190} INFO - [2024-10-26T22:53:34.763+0000] {dagbag.py:588} INFO - Filling up the DagBag from /home/airflow/.local/lib/python3.12/site-packages/airflow/example_dags/plugins/decreasing_priority_weight_strategy.py
[2024-10-26T22:53:34.766+0000] {processor.py:927} WARNING - No viable dags retrieved from /home/airflow/.local/lib/python3.12/site-packages/airflow/example_dags/plugins/decreasing_priority_weight_strategy.py
[2024-10-26T22:53:34.781+0000] {processor.py:208} INFO - Processing /home/airflow/.local/lib/python3.12/site-packages/airflow/example_dags/plugins/decreasing_priority_weight_strategy.py took 0.027 seconds
[2024-10-26T22:54:05.378+0000] {processor.py:186} INFO - Started process (PID=39454) to work on /home/airflow/.local/lib/python3.12/site-packages/airflow/example_dags/plugins/decreasing_priority_weight_strategy.py
[2024-10-26T22:54:05.379+0000] {processor.py:914} INFO - Processing file /home/airflow/.local/lib/python3.12/site-packages/airflow/example_dags/plugins/decreasing_priority_weight_strategy.py for tasks to queue
[2024-10-26T22:54:05.382+0000] {logging_mixin.py:190} INFO - [2024-10-26T22:54:05.381+0000] {dagbag.py:588} INFO - Filling up the DagBag from /home/airflow/.local/lib/python3.12/site-packages/airflow/example_dags/plugins/decreasing_priority_weight_strategy.py
[2024-10-26T22:54:05.384+0000] {processor.py:927} WARNING - No viable dags retrieved from /home/airflow/.local/lib/python3.12/site-packages/airflow/example_dags/plugins/decreasing_priority_weight_strategy.py
[2024-10-26T22:54:05.395+0000] {processor.py:208} INFO - Processing /home/airflow/.local/lib/python3.12/site-packages/airflow/example_dags/plugins/decreasing_priority_weight_strategy.py took 0.023 seconds
[2024-10-26T22:54:35.463+0000] {processor.py:186} INFO - Started process (PID=39517) to work on /home/airflow/.local/lib/python3.12/site-packages/airflow/example_dags/plugins/decreasing_priority_weight_strategy.py
[2024-10-26T22:54:35.464+0000] {processor.py:914} INFO - Processing file /home/airflow/.local/lib/python3.12/site-packages/airflow/example_dags/plugins/decreasing_priority_weight_strategy.py for tasks to queue
[2024-10-26T22:54:35.466+0000] {logging_mixin.py:190} INFO - [2024-10-26T22:54:35.466+0000] {dagbag.py:588} INFO - Filling up the DagBag from /home/airflow/.local/lib/python3.12/site-packages/airflow/example_dags/plugins/decreasing_priority_weight_strategy.py
[2024-10-26T22:54:35.468+0000] {processor.py:927} WARNING - No viable dags retrieved from /home/airflow/.local/lib/python3.12/site-packages/airflow/example_dags/plugins/decreasing_priority_weight_strategy.py
[2024-10-26T22:54:35.482+0000] {processor.py:208} INFO - Processing /home/airflow/.local/lib/python3.12/site-packages/airflow/example_dags/plugins/decreasing_priority_weight_strategy.py took 0.025 seconds
[2024-10-26T22:55:05.876+0000] {processor.py:186} INFO - Started process (PID=39581) to work on /home/airflow/.local/lib/python3.12/site-packages/airflow/example_dags/plugins/decreasing_priority_weight_strategy.py
[2024-10-26T22:55:05.877+0000] {processor.py:914} INFO - Processing file /home/airflow/.local/lib/python3.12/site-packages/airflow/example_dags/plugins/decreasing_priority_weight_strategy.py for tasks to queue
[2024-10-26T22:55:05.880+0000] {logging_mixin.py:190} INFO - [2024-10-26T22:55:05.879+0000] {dagbag.py:588} INFO - Filling up the DagBag from /home/airflow/.local/lib/python3.12/site-packages/airflow/example_dags/plugins/decreasing_priority_weight_strategy.py
[2024-10-26T22:55:05.882+0000] {processor.py:927} WARNING - No viable dags retrieved from /home/airflow/.local/lib/python3.12/site-packages/airflow/example_dags/plugins/decreasing_priority_weight_strategy.py
[2024-10-26T22:55:05.894+0000] {processor.py:208} INFO - Processing /home/airflow/.local/lib/python3.12/site-packages/airflow/example_dags/plugins/decreasing_priority_weight_strategy.py took 0.024 seconds
[2024-10-26T22:55:36.331+0000] {processor.py:186} INFO - Started process (PID=39645) to work on /home/airflow/.local/lib/python3.12/site-packages/airflow/example_dags/plugins/decreasing_priority_weight_strategy.py
[2024-10-26T22:55:36.333+0000] {processor.py:914} INFO - Processing file /home/airflow/.local/lib/python3.12/site-packages/airflow/example_dags/plugins/decreasing_priority_weight_strategy.py for tasks to queue
[2024-10-26T22:55:36.336+0000] {logging_mixin.py:190} INFO - [2024-10-26T22:55:36.335+0000] {dagbag.py:588} INFO - Filling up the DagBag from /home/airflow/.local/lib/python3.12/site-packages/airflow/example_dags/plugins/decreasing_priority_weight_strategy.py
[2024-10-26T22:55:36.338+0000] {processor.py:927} WARNING - No viable dags retrieved from /home/airflow/.local/lib/python3.12/site-packages/airflow/example_dags/plugins/decreasing_priority_weight_strategy.py
[2024-10-26T22:55:36.351+0000] {processor.py:208} INFO - Processing /home/airflow/.local/lib/python3.12/site-packages/airflow/example_dags/plugins/decreasing_priority_weight_strategy.py took 0.026 seconds
[2024-10-26T22:56:08.407+0000] {processor.py:186} INFO - Started process (PID=39709) to work on /home/airflow/.local/lib/python3.12/site-packages/airflow/example_dags/plugins/decreasing_priority_weight_strategy.py
[2024-10-26T22:56:08.408+0000] {processor.py:914} INFO - Processing file /home/airflow/.local/lib/python3.12/site-packages/airflow/example_dags/plugins/decreasing_priority_weight_strategy.py for tasks to queue
[2024-10-26T22:56:08.410+0000] {logging_mixin.py:190} INFO - [2024-10-26T22:56:08.410+0000] {dagbag.py:588} INFO - Filling up the DagBag from /home/airflow/.local/lib/python3.12/site-packages/airflow/example_dags/plugins/decreasing_priority_weight_strategy.py
[2024-10-26T22:56:08.412+0000] {processor.py:927} WARNING - No viable dags retrieved from /home/airflow/.local/lib/python3.12/site-packages/airflow/example_dags/plugins/decreasing_priority_weight_strategy.py
[2024-10-26T22:56:08.424+0000] {processor.py:208} INFO - Processing /home/airflow/.local/lib/python3.12/site-packages/airflow/example_dags/plugins/decreasing_priority_weight_strategy.py took 0.023 seconds
[2024-10-26T22:56:43.034+0000] {processor.py:186} INFO - Started process (PID=39774) to work on /home/airflow/.local/lib/python3.12/site-packages/airflow/example_dags/plugins/decreasing_priority_weight_strategy.py
[2024-10-26T22:56:43.035+0000] {processor.py:914} INFO - Processing file /home/airflow/.local/lib/python3.12/site-packages/airflow/example_dags/plugins/decreasing_priority_weight_strategy.py for tasks to queue
[2024-10-26T22:56:43.037+0000] {logging_mixin.py:190} INFO - [2024-10-26T22:56:43.037+0000] {dagbag.py:588} INFO - Filling up the DagBag from /home/airflow/.local/lib/python3.12/site-packages/airflow/example_dags/plugins/decreasing_priority_weight_strategy.py
[2024-10-26T22:56:43.039+0000] {processor.py:927} WARNING - No viable dags retrieved from /home/airflow/.local/lib/python3.12/site-packages/airflow/example_dags/plugins/decreasing_priority_weight_strategy.py
[2024-10-26T22:56:43.051+0000] {processor.py:208} INFO - Processing /home/airflow/.local/lib/python3.12/site-packages/airflow/example_dags/plugins/decreasing_priority_weight_strategy.py took 0.022 seconds
[2024-10-26T22:57:17.071+0000] {processor.py:186} INFO - Started process (PID=39838) to work on /home/airflow/.local/lib/python3.12/site-packages/airflow/example_dags/plugins/decreasing_priority_weight_strategy.py
[2024-10-26T22:57:17.072+0000] {processor.py:914} INFO - Processing file /home/airflow/.local/lib/python3.12/site-packages/airflow/example_dags/plugins/decreasing_priority_weight_strategy.py for tasks to queue
[2024-10-26T22:57:17.075+0000] {logging_mixin.py:190} INFO - [2024-10-26T22:57:17.074+0000] {dagbag.py:588} INFO - Filling up the DagBag from /home/airflow/.local/lib/python3.12/site-packages/airflow/example_dags/plugins/decreasing_priority_weight_strategy.py
[2024-10-26T22:57:17.077+0000] {processor.py:927} WARNING - No viable dags retrieved from /home/airflow/.local/lib/python3.12/site-packages/airflow/example_dags/plugins/decreasing_priority_weight_strategy.py
[2024-10-26T22:57:17.087+0000] {processor.py:208} INFO - Processing /home/airflow/.local/lib/python3.12/site-packages/airflow/example_dags/plugins/decreasing_priority_weight_strategy.py took 0.023 seconds
[2024-10-26T22:57:49.518+0000] {processor.py:186} INFO - Started process (PID=39902) to work on /home/airflow/.local/lib/python3.12/site-packages/airflow/example_dags/plugins/decreasing_priority_weight_strategy.py
[2024-10-26T22:57:49.519+0000] {processor.py:914} INFO - Processing file /home/airflow/.local/lib/python3.12/site-packages/airflow/example_dags/plugins/decreasing_priority_weight_strategy.py for tasks to queue
[2024-10-26T22:57:49.522+0000] {logging_mixin.py:190} INFO - [2024-10-26T22:57:49.521+0000] {dagbag.py:588} INFO - Filling up the DagBag from /home/airflow/.local/lib/python3.12/site-packages/airflow/example_dags/plugins/decreasing_priority_weight_strategy.py
[2024-10-26T22:57:49.525+0000] {processor.py:927} WARNING - No viable dags retrieved from /home/airflow/.local/lib/python3.12/site-packages/airflow/example_dags/plugins/decreasing_priority_weight_strategy.py
[2024-10-26T22:57:49.537+0000] {processor.py:208} INFO - Processing /home/airflow/.local/lib/python3.12/site-packages/airflow/example_dags/plugins/decreasing_priority_weight_strategy.py took 0.024 seconds
[2024-10-26T22:58:19.643+0000] {processor.py:186} INFO - Started process (PID=39966) to work on /home/airflow/.local/lib/python3.12/site-packages/airflow/example_dags/plugins/decreasing_priority_weight_strategy.py
[2024-10-26T22:58:19.644+0000] {processor.py:914} INFO - Processing file /home/airflow/.local/lib/python3.12/site-packages/airflow/example_dags/plugins/decreasing_priority_weight_strategy.py for tasks to queue
[2024-10-26T22:58:19.646+0000] {logging_mixin.py:190} INFO - [2024-10-26T22:58:19.646+0000] {dagbag.py:588} INFO - Filling up the DagBag from /home/airflow/.local/lib/python3.12/site-packages/airflow/example_dags/plugins/decreasing_priority_weight_strategy.py
[2024-10-26T22:58:19.648+0000] {processor.py:927} WARNING - No viable dags retrieved from /home/airflow/.local/lib/python3.12/site-packages/airflow/example_dags/plugins/decreasing_priority_weight_strategy.py
[2024-10-26T22:58:19.660+0000] {processor.py:208} INFO - Processing /home/airflow/.local/lib/python3.12/site-packages/airflow/example_dags/plugins/decreasing_priority_weight_strategy.py took 0.023 seconds
[2024-10-26T22:58:52.497+0000] {processor.py:186} INFO - Started process (PID=40030) to work on /home/airflow/.local/lib/python3.12/site-packages/airflow/example_dags/plugins/decreasing_priority_weight_strategy.py
[2024-10-26T22:58:52.498+0000] {processor.py:914} INFO - Processing file /home/airflow/.local/lib/python3.12/site-packages/airflow/example_dags/plugins/decreasing_priority_weight_strategy.py for tasks to queue
[2024-10-26T22:58:52.501+0000] {logging_mixin.py:190} INFO - [2024-10-26T22:58:52.501+0000] {dagbag.py:588} INFO - Filling up the DagBag from /home/airflow/.local/lib/python3.12/site-packages/airflow/example_dags/plugins/decreasing_priority_weight_strategy.py
[2024-10-26T22:58:52.503+0000] {processor.py:927} WARNING - No viable dags retrieved from /home/airflow/.local/lib/python3.12/site-packages/airflow/example_dags/plugins/decreasing_priority_weight_strategy.py
[2024-10-26T22:58:52.516+0000] {processor.py:208} INFO - Processing /home/airflow/.local/lib/python3.12/site-packages/airflow/example_dags/plugins/decreasing_priority_weight_strategy.py took 0.024 seconds
[2024-10-26T22:59:25.513+0000] {processor.py:186} INFO - Started process (PID=40094) to work on /home/airflow/.local/lib/python3.12/site-packages/airflow/example_dags/plugins/decreasing_priority_weight_strategy.py
[2024-10-26T22:59:25.514+0000] {processor.py:914} INFO - Processing file /home/airflow/.local/lib/python3.12/site-packages/airflow/example_dags/plugins/decreasing_priority_weight_strategy.py for tasks to queue
[2024-10-26T22:59:25.517+0000] {logging_mixin.py:190} INFO - [2024-10-26T22:59:25.517+0000] {dagbag.py:588} INFO - Filling up the DagBag from /home/airflow/.local/lib/python3.12/site-packages/airflow/example_dags/plugins/decreasing_priority_weight_strategy.py
[2024-10-26T22:59:25.520+0000] {processor.py:927} WARNING - No viable dags retrieved from /home/airflow/.local/lib/python3.12/site-packages/airflow/example_dags/plugins/decreasing_priority_weight_strategy.py
[2024-10-26T22:59:25.532+0000] {processor.py:208} INFO - Processing /home/airflow/.local/lib/python3.12/site-packages/airflow/example_dags/plugins/decreasing_priority_weight_strategy.py took 0.027 seconds
[2024-10-26T22:59:57.634+0000] {processor.py:186} INFO - Started process (PID=40158) to work on /home/airflow/.local/lib/python3.12/site-packages/airflow/example_dags/plugins/decreasing_priority_weight_strategy.py
[2024-10-26T22:59:57.635+0000] {processor.py:914} INFO - Processing file /home/airflow/.local/lib/python3.12/site-packages/airflow/example_dags/plugins/decreasing_priority_weight_strategy.py for tasks to queue
[2024-10-26T22:59:57.638+0000] {logging_mixin.py:190} INFO - [2024-10-26T22:59:57.638+0000] {dagbag.py:588} INFO - Filling up the DagBag from /home/airflow/.local/lib/python3.12/site-packages/airflow/example_dags/plugins/decreasing_priority_weight_strategy.py
[2024-10-26T22:59:57.640+0000] {processor.py:927} WARNING - No viable dags retrieved from /home/airflow/.local/lib/python3.12/site-packages/airflow/example_dags/plugins/decreasing_priority_weight_strategy.py
[2024-10-26T22:59:57.657+0000] {processor.py:208} INFO - Processing /home/airflow/.local/lib/python3.12/site-packages/airflow/example_dags/plugins/decreasing_priority_weight_strategy.py took 0.029 seconds
[2024-10-26T23:00:30.498+0000] {processor.py:186} INFO - Started process (PID=40222) to work on /home/airflow/.local/lib/python3.12/site-packages/airflow/example_dags/plugins/decreasing_priority_weight_strategy.py
[2024-10-26T23:00:30.500+0000] {processor.py:914} INFO - Processing file /home/airflow/.local/lib/python3.12/site-packages/airflow/example_dags/plugins/decreasing_priority_weight_strategy.py for tasks to queue
[2024-10-26T23:00:30.503+0000] {logging_mixin.py:190} INFO - [2024-10-26T23:00:30.502+0000] {dagbag.py:588} INFO - Filling up the DagBag from /home/airflow/.local/lib/python3.12/site-packages/airflow/example_dags/plugins/decreasing_priority_weight_strategy.py
[2024-10-26T23:00:30.505+0000] {processor.py:927} WARNING - No viable dags retrieved from /home/airflow/.local/lib/python3.12/site-packages/airflow/example_dags/plugins/decreasing_priority_weight_strategy.py
[2024-10-26T23:00:30.519+0000] {processor.py:208} INFO - Processing /home/airflow/.local/lib/python3.12/site-packages/airflow/example_dags/plugins/decreasing_priority_weight_strategy.py took 0.028 seconds
[2024-10-26T23:01:03.645+0000] {processor.py:186} INFO - Started process (PID=40286) to work on /home/airflow/.local/lib/python3.12/site-packages/airflow/example_dags/plugins/decreasing_priority_weight_strategy.py
[2024-10-26T23:01:03.646+0000] {processor.py:914} INFO - Processing file /home/airflow/.local/lib/python3.12/site-packages/airflow/example_dags/plugins/decreasing_priority_weight_strategy.py for tasks to queue
[2024-10-26T23:01:03.650+0000] {logging_mixin.py:190} INFO - [2024-10-26T23:01:03.649+0000] {dagbag.py:588} INFO - Filling up the DagBag from /home/airflow/.local/lib/python3.12/site-packages/airflow/example_dags/plugins/decreasing_priority_weight_strategy.py
[2024-10-26T23:01:03.653+0000] {processor.py:927} WARNING - No viable dags retrieved from /home/airflow/.local/lib/python3.12/site-packages/airflow/example_dags/plugins/decreasing_priority_weight_strategy.py
[2024-10-26T23:01:03.667+0000] {processor.py:208} INFO - Processing /home/airflow/.local/lib/python3.12/site-packages/airflow/example_dags/plugins/decreasing_priority_weight_strategy.py took 0.030 seconds
[2024-10-26T23:01:35.955+0000] {processor.py:186} INFO - Started process (PID=40350) to work on /home/airflow/.local/lib/python3.12/site-packages/airflow/example_dags/plugins/decreasing_priority_weight_strategy.py
[2024-10-26T23:01:35.957+0000] {processor.py:914} INFO - Processing file /home/airflow/.local/lib/python3.12/site-packages/airflow/example_dags/plugins/decreasing_priority_weight_strategy.py for tasks to queue
[2024-10-26T23:01:35.959+0000] {logging_mixin.py:190} INFO - [2024-10-26T23:01:35.958+0000] {dagbag.py:588} INFO - Filling up the DagBag from /home/airflow/.local/lib/python3.12/site-packages/airflow/example_dags/plugins/decreasing_priority_weight_strategy.py
[2024-10-26T23:01:35.961+0000] {processor.py:927} WARNING - No viable dags retrieved from /home/airflow/.local/lib/python3.12/site-packages/airflow/example_dags/plugins/decreasing_priority_weight_strategy.py
[2024-10-26T23:01:35.972+0000] {processor.py:208} INFO - Processing /home/airflow/.local/lib/python3.12/site-packages/airflow/example_dags/plugins/decreasing_priority_weight_strategy.py took 0.022 seconds
[2024-10-26T23:02:08.602+0000] {processor.py:186} INFO - Started process (PID=40414) to work on /home/airflow/.local/lib/python3.12/site-packages/airflow/example_dags/plugins/decreasing_priority_weight_strategy.py
[2024-10-26T23:02:08.603+0000] {processor.py:914} INFO - Processing file /home/airflow/.local/lib/python3.12/site-packages/airflow/example_dags/plugins/decreasing_priority_weight_strategy.py for tasks to queue
[2024-10-26T23:02:08.605+0000] {logging_mixin.py:190} INFO - [2024-10-26T23:02:08.605+0000] {dagbag.py:588} INFO - Filling up the DagBag from /home/airflow/.local/lib/python3.12/site-packages/airflow/example_dags/plugins/decreasing_priority_weight_strategy.py
[2024-10-26T23:02:08.608+0000] {processor.py:927} WARNING - No viable dags retrieved from /home/airflow/.local/lib/python3.12/site-packages/airflow/example_dags/plugins/decreasing_priority_weight_strategy.py
[2024-10-26T23:02:08.620+0000] {processor.py:208} INFO - Processing /home/airflow/.local/lib/python3.12/site-packages/airflow/example_dags/plugins/decreasing_priority_weight_strategy.py took 0.025 seconds
[2024-10-26T23:02:41.705+0000] {processor.py:186} INFO - Started process (PID=40478) to work on /home/airflow/.local/lib/python3.12/site-packages/airflow/example_dags/plugins/decreasing_priority_weight_strategy.py
[2024-10-26T23:02:41.706+0000] {processor.py:914} INFO - Processing file /home/airflow/.local/lib/python3.12/site-packages/airflow/example_dags/plugins/decreasing_priority_weight_strategy.py for tasks to queue
[2024-10-26T23:02:41.709+0000] {logging_mixin.py:190} INFO - [2024-10-26T23:02:41.708+0000] {dagbag.py:588} INFO - Filling up the DagBag from /home/airflow/.local/lib/python3.12/site-packages/airflow/example_dags/plugins/decreasing_priority_weight_strategy.py
[2024-10-26T23:02:41.711+0000] {processor.py:927} WARNING - No viable dags retrieved from /home/airflow/.local/lib/python3.12/site-packages/airflow/example_dags/plugins/decreasing_priority_weight_strategy.py
[2024-10-26T23:02:41.725+0000] {processor.py:208} INFO - Processing /home/airflow/.local/lib/python3.12/site-packages/airflow/example_dags/plugins/decreasing_priority_weight_strategy.py took 0.029 seconds
[2024-10-26T23:03:13.570+0000] {processor.py:186} INFO - Started process (PID=40542) to work on /home/airflow/.local/lib/python3.12/site-packages/airflow/example_dags/plugins/decreasing_priority_weight_strategy.py
[2024-10-26T23:03:13.571+0000] {processor.py:914} INFO - Processing file /home/airflow/.local/lib/python3.12/site-packages/airflow/example_dags/plugins/decreasing_priority_weight_strategy.py for tasks to queue
[2024-10-26T23:03:13.574+0000] {logging_mixin.py:190} INFO - [2024-10-26T23:03:13.573+0000] {dagbag.py:588} INFO - Filling up the DagBag from /home/airflow/.local/lib/python3.12/site-packages/airflow/example_dags/plugins/decreasing_priority_weight_strategy.py
[2024-10-26T23:03:13.576+0000] {processor.py:927} WARNING - No viable dags retrieved from /home/airflow/.local/lib/python3.12/site-packages/airflow/example_dags/plugins/decreasing_priority_weight_strategy.py
[2024-10-26T23:03:13.587+0000] {processor.py:208} INFO - Processing /home/airflow/.local/lib/python3.12/site-packages/airflow/example_dags/plugins/decreasing_priority_weight_strategy.py took 0.022 seconds
[2024-10-26T23:03:46.576+0000] {processor.py:186} INFO - Started process (PID=40606) to work on /home/airflow/.local/lib/python3.12/site-packages/airflow/example_dags/plugins/decreasing_priority_weight_strategy.py
[2024-10-26T23:03:46.577+0000] {processor.py:914} INFO - Processing file /home/airflow/.local/lib/python3.12/site-packages/airflow/example_dags/plugins/decreasing_priority_weight_strategy.py for tasks to queue
[2024-10-26T23:03:46.579+0000] {logging_mixin.py:190} INFO - [2024-10-26T23:03:46.579+0000] {dagbag.py:588} INFO - Filling up the DagBag from /home/airflow/.local/lib/python3.12/site-packages/airflow/example_dags/plugins/decreasing_priority_weight_strategy.py
[2024-10-26T23:03:46.582+0000] {processor.py:927} WARNING - No viable dags retrieved from /home/airflow/.local/lib/python3.12/site-packages/airflow/example_dags/plugins/decreasing_priority_weight_strategy.py
[2024-10-26T23:03:46.598+0000] {processor.py:208} INFO - Processing /home/airflow/.local/lib/python3.12/site-packages/airflow/example_dags/plugins/decreasing_priority_weight_strategy.py took 0.028 seconds
[2024-10-26T23:04:19.504+0000] {processor.py:186} INFO - Started process (PID=40670) to work on /home/airflow/.local/lib/python3.12/site-packages/airflow/example_dags/plugins/decreasing_priority_weight_strategy.py
[2024-10-26T23:04:19.505+0000] {processor.py:914} INFO - Processing file /home/airflow/.local/lib/python3.12/site-packages/airflow/example_dags/plugins/decreasing_priority_weight_strategy.py for tasks to queue
[2024-10-26T23:04:19.508+0000] {logging_mixin.py:190} INFO - [2024-10-26T23:04:19.507+0000] {dagbag.py:588} INFO - Filling up the DagBag from /home/airflow/.local/lib/python3.12/site-packages/airflow/example_dags/plugins/decreasing_priority_weight_strategy.py
[2024-10-26T23:04:19.510+0000] {processor.py:927} WARNING - No viable dags retrieved from /home/airflow/.local/lib/python3.12/site-packages/airflow/example_dags/plugins/decreasing_priority_weight_strategy.py
[2024-10-26T23:04:19.525+0000] {processor.py:208} INFO - Processing /home/airflow/.local/lib/python3.12/site-packages/airflow/example_dags/plugins/decreasing_priority_weight_strategy.py took 0.027 seconds
[2024-10-26T23:04:52.346+0000] {processor.py:186} INFO - Started process (PID=40735) to work on /home/airflow/.local/lib/python3.12/site-packages/airflow/example_dags/plugins/decreasing_priority_weight_strategy.py
[2024-10-26T23:04:52.347+0000] {processor.py:914} INFO - Processing file /home/airflow/.local/lib/python3.12/site-packages/airflow/example_dags/plugins/decreasing_priority_weight_strategy.py for tasks to queue
[2024-10-26T23:04:52.350+0000] {logging_mixin.py:190} INFO - [2024-10-26T23:04:52.349+0000] {dagbag.py:588} INFO - Filling up the DagBag from /home/airflow/.local/lib/python3.12/site-packages/airflow/example_dags/plugins/decreasing_priority_weight_strategy.py
[2024-10-26T23:04:52.352+0000] {processor.py:927} WARNING - No viable dags retrieved from /home/airflow/.local/lib/python3.12/site-packages/airflow/example_dags/plugins/decreasing_priority_weight_strategy.py
[2024-10-26T23:04:52.366+0000] {processor.py:208} INFO - Processing /home/airflow/.local/lib/python3.12/site-packages/airflow/example_dags/plugins/decreasing_priority_weight_strategy.py took 0.025 seconds
[2024-10-26T23:05:25.149+0000] {processor.py:186} INFO - Started process (PID=40799) to work on /home/airflow/.local/lib/python3.12/site-packages/airflow/example_dags/plugins/decreasing_priority_weight_strategy.py
[2024-10-26T23:05:25.151+0000] {processor.py:914} INFO - Processing file /home/airflow/.local/lib/python3.12/site-packages/airflow/example_dags/plugins/decreasing_priority_weight_strategy.py for tasks to queue
[2024-10-26T23:05:25.154+0000] {logging_mixin.py:190} INFO - [2024-10-26T23:05:25.153+0000] {dagbag.py:588} INFO - Filling up the DagBag from /home/airflow/.local/lib/python3.12/site-packages/airflow/example_dags/plugins/decreasing_priority_weight_strategy.py
[2024-10-26T23:05:25.158+0000] {processor.py:927} WARNING - No viable dags retrieved from /home/airflow/.local/lib/python3.12/site-packages/airflow/example_dags/plugins/decreasing_priority_weight_strategy.py
[2024-10-26T23:05:25.177+0000] {processor.py:208} INFO - Processing /home/airflow/.local/lib/python3.12/site-packages/airflow/example_dags/plugins/decreasing_priority_weight_strategy.py took 0.038 seconds
[2024-10-26T23:05:58.160+0000] {processor.py:186} INFO - Started process (PID=40864) to work on /home/airflow/.local/lib/python3.12/site-packages/airflow/example_dags/plugins/decreasing_priority_weight_strategy.py
[2024-10-26T23:05:58.161+0000] {processor.py:914} INFO - Processing file /home/airflow/.local/lib/python3.12/site-packages/airflow/example_dags/plugins/decreasing_priority_weight_strategy.py for tasks to queue
[2024-10-26T23:05:58.163+0000] {logging_mixin.py:190} INFO - [2024-10-26T23:05:58.163+0000] {dagbag.py:588} INFO - Filling up the DagBag from /home/airflow/.local/lib/python3.12/site-packages/airflow/example_dags/plugins/decreasing_priority_weight_strategy.py
[2024-10-26T23:05:58.165+0000] {processor.py:927} WARNING - No viable dags retrieved from /home/airflow/.local/lib/python3.12/site-packages/airflow/example_dags/plugins/decreasing_priority_weight_strategy.py
[2024-10-26T23:05:58.177+0000] {processor.py:208} INFO - Processing /home/airflow/.local/lib/python3.12/site-packages/airflow/example_dags/plugins/decreasing_priority_weight_strategy.py took 0.023 seconds
[2024-10-26T23:06:30.074+0000] {processor.py:186} INFO - Started process (PID=40928) to work on /home/airflow/.local/lib/python3.12/site-packages/airflow/example_dags/plugins/decreasing_priority_weight_strategy.py
[2024-10-26T23:06:30.075+0000] {processor.py:914} INFO - Processing file /home/airflow/.local/lib/python3.12/site-packages/airflow/example_dags/plugins/decreasing_priority_weight_strategy.py for tasks to queue
[2024-10-26T23:06:30.078+0000] {logging_mixin.py:190} INFO - [2024-10-26T23:06:30.077+0000] {dagbag.py:588} INFO - Filling up the DagBag from /home/airflow/.local/lib/python3.12/site-packages/airflow/example_dags/plugins/decreasing_priority_weight_strategy.py
[2024-10-26T23:06:30.079+0000] {processor.py:927} WARNING - No viable dags retrieved from /home/airflow/.local/lib/python3.12/site-packages/airflow/example_dags/plugins/decreasing_priority_weight_strategy.py
[2024-10-26T23:06:30.091+0000] {processor.py:208} INFO - Processing /home/airflow/.local/lib/python3.12/site-packages/airflow/example_dags/plugins/decreasing_priority_weight_strategy.py took 0.022 seconds
[2024-10-26T23:07:03.428+0000] {processor.py:186} INFO - Started process (PID=40992) to work on /home/airflow/.local/lib/python3.12/site-packages/airflow/example_dags/plugins/decreasing_priority_weight_strategy.py
[2024-10-26T23:07:03.429+0000] {processor.py:914} INFO - Processing file /home/airflow/.local/lib/python3.12/site-packages/airflow/example_dags/plugins/decreasing_priority_weight_strategy.py for tasks to queue
[2024-10-26T23:07:03.431+0000] {logging_mixin.py:190} INFO - [2024-10-26T23:07:03.431+0000] {dagbag.py:588} INFO - Filling up the DagBag from /home/airflow/.local/lib/python3.12/site-packages/airflow/example_dags/plugins/decreasing_priority_weight_strategy.py
[2024-10-26T23:07:03.434+0000] {processor.py:927} WARNING - No viable dags retrieved from /home/airflow/.local/lib/python3.12/site-packages/airflow/example_dags/plugins/decreasing_priority_weight_strategy.py
[2024-10-26T23:07:03.450+0000] {processor.py:208} INFO - Processing /home/airflow/.local/lib/python3.12/site-packages/airflow/example_dags/plugins/decreasing_priority_weight_strategy.py took 0.032 seconds
[2024-10-26T23:07:35.293+0000] {processor.py:186} INFO - Started process (PID=41056) to work on /home/airflow/.local/lib/python3.12/site-packages/airflow/example_dags/plugins/decreasing_priority_weight_strategy.py
[2024-10-26T23:07:35.295+0000] {processor.py:914} INFO - Processing file /home/airflow/.local/lib/python3.12/site-packages/airflow/example_dags/plugins/decreasing_priority_weight_strategy.py for tasks to queue
[2024-10-26T23:07:35.299+0000] {logging_mixin.py:190} INFO - [2024-10-26T23:07:35.298+0000] {dagbag.py:588} INFO - Filling up the DagBag from /home/airflow/.local/lib/python3.12/site-packages/airflow/example_dags/plugins/decreasing_priority_weight_strategy.py
[2024-10-26T23:07:35.303+0000] {processor.py:927} WARNING - No viable dags retrieved from /home/airflow/.local/lib/python3.12/site-packages/airflow/example_dags/plugins/decreasing_priority_weight_strategy.py
[2024-10-26T23:07:35.324+0000] {processor.py:208} INFO - Processing /home/airflow/.local/lib/python3.12/site-packages/airflow/example_dags/plugins/decreasing_priority_weight_strategy.py took 0.038 seconds
[2024-10-26T23:08:08.095+0000] {processor.py:186} INFO - Started process (PID=41120) to work on /home/airflow/.local/lib/python3.12/site-packages/airflow/example_dags/plugins/decreasing_priority_weight_strategy.py
[2024-10-26T23:08:08.096+0000] {processor.py:914} INFO - Processing file /home/airflow/.local/lib/python3.12/site-packages/airflow/example_dags/plugins/decreasing_priority_weight_strategy.py for tasks to queue
[2024-10-26T23:08:08.099+0000] {logging_mixin.py:190} INFO - [2024-10-26T23:08:08.099+0000] {dagbag.py:588} INFO - Filling up the DagBag from /home/airflow/.local/lib/python3.12/site-packages/airflow/example_dags/plugins/decreasing_priority_weight_strategy.py
[2024-10-26T23:08:08.101+0000] {processor.py:927} WARNING - No viable dags retrieved from /home/airflow/.local/lib/python3.12/site-packages/airflow/example_dags/plugins/decreasing_priority_weight_strategy.py
[2024-10-26T23:08:08.112+0000] {processor.py:208} INFO - Processing /home/airflow/.local/lib/python3.12/site-packages/airflow/example_dags/plugins/decreasing_priority_weight_strategy.py took 0.023 seconds
[2024-10-26T23:08:40.718+0000] {processor.py:186} INFO - Started process (PID=41184) to work on /home/airflow/.local/lib/python3.12/site-packages/airflow/example_dags/plugins/decreasing_priority_weight_strategy.py
[2024-10-26T23:08:40.719+0000] {processor.py:914} INFO - Processing file /home/airflow/.local/lib/python3.12/site-packages/airflow/example_dags/plugins/decreasing_priority_weight_strategy.py for tasks to queue
[2024-10-26T23:08:40.723+0000] {logging_mixin.py:190} INFO - [2024-10-26T23:08:40.722+0000] {dagbag.py:588} INFO - Filling up the DagBag from /home/airflow/.local/lib/python3.12/site-packages/airflow/example_dags/plugins/decreasing_priority_weight_strategy.py
[2024-10-26T23:08:40.726+0000] {processor.py:927} WARNING - No viable dags retrieved from /home/airflow/.local/lib/python3.12/site-packages/airflow/example_dags/plugins/decreasing_priority_weight_strategy.py
[2024-10-26T23:08:40.741+0000] {processor.py:208} INFO - Processing /home/airflow/.local/lib/python3.12/site-packages/airflow/example_dags/plugins/decreasing_priority_weight_strategy.py took 0.030 seconds
[2024-10-26T23:09:13.580+0000] {processor.py:186} INFO - Started process (PID=41248) to work on /home/airflow/.local/lib/python3.12/site-packages/airflow/example_dags/plugins/decreasing_priority_weight_strategy.py
[2024-10-26T23:09:13.581+0000] {processor.py:914} INFO - Processing file /home/airflow/.local/lib/python3.12/site-packages/airflow/example_dags/plugins/decreasing_priority_weight_strategy.py for tasks to queue
[2024-10-26T23:09:13.584+0000] {logging_mixin.py:190} INFO - [2024-10-26T23:09:13.584+0000] {dagbag.py:588} INFO - Filling up the DagBag from /home/airflow/.local/lib/python3.12/site-packages/airflow/example_dags/plugins/decreasing_priority_weight_strategy.py
[2024-10-26T23:09:13.586+0000] {processor.py:927} WARNING - No viable dags retrieved from /home/airflow/.local/lib/python3.12/site-packages/airflow/example_dags/plugins/decreasing_priority_weight_strategy.py
[2024-10-26T23:09:13.601+0000] {processor.py:208} INFO - Processing /home/airflow/.local/lib/python3.12/site-packages/airflow/example_dags/plugins/decreasing_priority_weight_strategy.py took 0.029 seconds
[2024-10-26T23:09:46.534+0000] {processor.py:186} INFO - Started process (PID=41312) to work on /home/airflow/.local/lib/python3.12/site-packages/airflow/example_dags/plugins/decreasing_priority_weight_strategy.py
[2024-10-26T23:09:46.535+0000] {processor.py:914} INFO - Processing file /home/airflow/.local/lib/python3.12/site-packages/airflow/example_dags/plugins/decreasing_priority_weight_strategy.py for tasks to queue
[2024-10-26T23:09:46.539+0000] {logging_mixin.py:190} INFO - [2024-10-26T23:09:46.539+0000] {dagbag.py:588} INFO - Filling up the DagBag from /home/airflow/.local/lib/python3.12/site-packages/airflow/example_dags/plugins/decreasing_priority_weight_strategy.py
[2024-10-26T23:09:46.541+0000] {processor.py:927} WARNING - No viable dags retrieved from /home/airflow/.local/lib/python3.12/site-packages/airflow/example_dags/plugins/decreasing_priority_weight_strategy.py
[2024-10-26T23:09:46.554+0000] {processor.py:208} INFO - Processing /home/airflow/.local/lib/python3.12/site-packages/airflow/example_dags/plugins/decreasing_priority_weight_strategy.py took 0.027 seconds
[2024-10-26T23:10:19.814+0000] {processor.py:186} INFO - Started process (PID=41376) to work on /home/airflow/.local/lib/python3.12/site-packages/airflow/example_dags/plugins/decreasing_priority_weight_strategy.py
[2024-10-26T23:10:19.815+0000] {processor.py:914} INFO - Processing file /home/airflow/.local/lib/python3.12/site-packages/airflow/example_dags/plugins/decreasing_priority_weight_strategy.py for tasks to queue
[2024-10-26T23:10:19.818+0000] {logging_mixin.py:190} INFO - [2024-10-26T23:10:19.817+0000] {dagbag.py:588} INFO - Filling up the DagBag from /home/airflow/.local/lib/python3.12/site-packages/airflow/example_dags/plugins/decreasing_priority_weight_strategy.py
[2024-10-26T23:10:19.820+0000] {processor.py:927} WARNING - No viable dags retrieved from /home/airflow/.local/lib/python3.12/site-packages/airflow/example_dags/plugins/decreasing_priority_weight_strategy.py
[2024-10-26T23:10:19.845+0000] {processor.py:208} INFO - Processing /home/airflow/.local/lib/python3.12/site-packages/airflow/example_dags/plugins/decreasing_priority_weight_strategy.py took 0.037 seconds
[2024-10-26T23:10:51.959+0000] {processor.py:186} INFO - Started process (PID=41440) to work on /home/airflow/.local/lib/python3.12/site-packages/airflow/example_dags/plugins/decreasing_priority_weight_strategy.py
[2024-10-26T23:10:51.960+0000] {processor.py:914} INFO - Processing file /home/airflow/.local/lib/python3.12/site-packages/airflow/example_dags/plugins/decreasing_priority_weight_strategy.py for tasks to queue
[2024-10-26T23:10:51.963+0000] {logging_mixin.py:190} INFO - [2024-10-26T23:10:51.962+0000] {dagbag.py:588} INFO - Filling up the DagBag from /home/airflow/.local/lib/python3.12/site-packages/airflow/example_dags/plugins/decreasing_priority_weight_strategy.py
[2024-10-26T23:10:51.969+0000] {processor.py:927} WARNING - No viable dags retrieved from /home/airflow/.local/lib/python3.12/site-packages/airflow/example_dags/plugins/decreasing_priority_weight_strategy.py
[2024-10-26T23:10:51.985+0000] {processor.py:208} INFO - Processing /home/airflow/.local/lib/python3.12/site-packages/airflow/example_dags/plugins/decreasing_priority_weight_strategy.py took 0.035 seconds
[2024-10-26T23:11:25.409+0000] {processor.py:186} INFO - Started process (PID=41504) to work on /home/airflow/.local/lib/python3.12/site-packages/airflow/example_dags/plugins/decreasing_priority_weight_strategy.py
[2024-10-26T23:11:25.410+0000] {processor.py:914} INFO - Processing file /home/airflow/.local/lib/python3.12/site-packages/airflow/example_dags/plugins/decreasing_priority_weight_strategy.py for tasks to queue
[2024-10-26T23:11:25.414+0000] {logging_mixin.py:190} INFO - [2024-10-26T23:11:25.413+0000] {dagbag.py:588} INFO - Filling up the DagBag from /home/airflow/.local/lib/python3.12/site-packages/airflow/example_dags/plugins/decreasing_priority_weight_strategy.py
[2024-10-26T23:11:25.417+0000] {processor.py:927} WARNING - No viable dags retrieved from /home/airflow/.local/lib/python3.12/site-packages/airflow/example_dags/plugins/decreasing_priority_weight_strategy.py
[2024-10-26T23:11:25.431+0000] {processor.py:208} INFO - Processing /home/airflow/.local/lib/python3.12/site-packages/airflow/example_dags/plugins/decreasing_priority_weight_strategy.py took 0.029 seconds
[2024-10-26T23:11:58.263+0000] {processor.py:186} INFO - Started process (PID=41568) to work on /home/airflow/.local/lib/python3.12/site-packages/airflow/example_dags/plugins/decreasing_priority_weight_strategy.py
[2024-10-26T23:11:58.264+0000] {processor.py:914} INFO - Processing file /home/airflow/.local/lib/python3.12/site-packages/airflow/example_dags/plugins/decreasing_priority_weight_strategy.py for tasks to queue
[2024-10-26T23:11:58.267+0000] {logging_mixin.py:190} INFO - [2024-10-26T23:11:58.267+0000] {dagbag.py:588} INFO - Filling up the DagBag from /home/airflow/.local/lib/python3.12/site-packages/airflow/example_dags/plugins/decreasing_priority_weight_strategy.py
[2024-10-26T23:11:58.269+0000] {processor.py:927} WARNING - No viable dags retrieved from /home/airflow/.local/lib/python3.12/site-packages/airflow/example_dags/plugins/decreasing_priority_weight_strategy.py
[2024-10-26T23:11:58.286+0000] {processor.py:208} INFO - Processing /home/airflow/.local/lib/python3.12/site-packages/airflow/example_dags/plugins/decreasing_priority_weight_strategy.py took 0.030 seconds
[2024-10-26T23:12:31.162+0000] {processor.py:186} INFO - Started process (PID=41632) to work on /home/airflow/.local/lib/python3.12/site-packages/airflow/example_dags/plugins/decreasing_priority_weight_strategy.py
[2024-10-26T23:12:31.163+0000] {processor.py:914} INFO - Processing file /home/airflow/.local/lib/python3.12/site-packages/airflow/example_dags/plugins/decreasing_priority_weight_strategy.py for tasks to queue
[2024-10-26T23:12:31.167+0000] {logging_mixin.py:190} INFO - [2024-10-26T23:12:31.167+0000] {dagbag.py:588} INFO - Filling up the DagBag from /home/airflow/.local/lib/python3.12/site-packages/airflow/example_dags/plugins/decreasing_priority_weight_strategy.py
[2024-10-26T23:12:31.171+0000] {processor.py:927} WARNING - No viable dags retrieved from /home/airflow/.local/lib/python3.12/site-packages/airflow/example_dags/plugins/decreasing_priority_weight_strategy.py
[2024-10-26T23:12:31.189+0000] {processor.py:208} INFO - Processing /home/airflow/.local/lib/python3.12/site-packages/airflow/example_dags/plugins/decreasing_priority_weight_strategy.py took 0.033 seconds
[2024-10-26T23:13:05.004+0000] {processor.py:186} INFO - Started process (PID=41696) to work on /home/airflow/.local/lib/python3.12/site-packages/airflow/example_dags/plugins/decreasing_priority_weight_strategy.py
[2024-10-26T23:13:05.005+0000] {processor.py:914} INFO - Processing file /home/airflow/.local/lib/python3.12/site-packages/airflow/example_dags/plugins/decreasing_priority_weight_strategy.py for tasks to queue
[2024-10-26T23:13:05.009+0000] {logging_mixin.py:190} INFO - [2024-10-26T23:13:05.009+0000] {dagbag.py:588} INFO - Filling up the DagBag from /home/airflow/.local/lib/python3.12/site-packages/airflow/example_dags/plugins/decreasing_priority_weight_strategy.py
[2024-10-26T23:13:05.013+0000] {processor.py:927} WARNING - No viable dags retrieved from /home/airflow/.local/lib/python3.12/site-packages/airflow/example_dags/plugins/decreasing_priority_weight_strategy.py
[2024-10-26T23:13:05.031+0000] {processor.py:208} INFO - Processing /home/airflow/.local/lib/python3.12/site-packages/airflow/example_dags/plugins/decreasing_priority_weight_strategy.py took 0.034 seconds
[2024-10-26T23:13:37.001+0000] {processor.py:186} INFO - Started process (PID=41760) to work on /home/airflow/.local/lib/python3.12/site-packages/airflow/example_dags/plugins/decreasing_priority_weight_strategy.py
[2024-10-26T23:13:37.002+0000] {processor.py:914} INFO - Processing file /home/airflow/.local/lib/python3.12/site-packages/airflow/example_dags/plugins/decreasing_priority_weight_strategy.py for tasks to queue
[2024-10-26T23:13:37.007+0000] {logging_mixin.py:190} INFO - [2024-10-26T23:13:37.006+0000] {dagbag.py:588} INFO - Filling up the DagBag from /home/airflow/.local/lib/python3.12/site-packages/airflow/example_dags/plugins/decreasing_priority_weight_strategy.py
[2024-10-26T23:13:37.010+0000] {processor.py:927} WARNING - No viable dags retrieved from /home/airflow/.local/lib/python3.12/site-packages/airflow/example_dags/plugins/decreasing_priority_weight_strategy.py
[2024-10-26T23:13:37.026+0000] {processor.py:208} INFO - Processing /home/airflow/.local/lib/python3.12/site-packages/airflow/example_dags/plugins/decreasing_priority_weight_strategy.py took 0.032 seconds
[2024-10-26T23:14:09.438+0000] {processor.py:186} INFO - Started process (PID=41824) to work on /home/airflow/.local/lib/python3.12/site-packages/airflow/example_dags/plugins/decreasing_priority_weight_strategy.py
[2024-10-26T23:14:09.440+0000] {processor.py:914} INFO - Processing file /home/airflow/.local/lib/python3.12/site-packages/airflow/example_dags/plugins/decreasing_priority_weight_strategy.py for tasks to queue
[2024-10-26T23:14:09.443+0000] {logging_mixin.py:190} INFO - [2024-10-26T23:14:09.443+0000] {dagbag.py:588} INFO - Filling up the DagBag from /home/airflow/.local/lib/python3.12/site-packages/airflow/example_dags/plugins/decreasing_priority_weight_strategy.py
[2024-10-26T23:14:09.447+0000] {processor.py:927} WARNING - No viable dags retrieved from /home/airflow/.local/lib/python3.12/site-packages/airflow/example_dags/plugins/decreasing_priority_weight_strategy.py
[2024-10-26T23:14:09.461+0000] {processor.py:208} INFO - Processing /home/airflow/.local/lib/python3.12/site-packages/airflow/example_dags/plugins/decreasing_priority_weight_strategy.py took 0.034 seconds
[2024-10-26T23:14:43.447+0000] {processor.py:186} INFO - Started process (PID=41888) to work on /home/airflow/.local/lib/python3.12/site-packages/airflow/example_dags/plugins/decreasing_priority_weight_strategy.py
[2024-10-26T23:14:43.448+0000] {processor.py:914} INFO - Processing file /home/airflow/.local/lib/python3.12/site-packages/airflow/example_dags/plugins/decreasing_priority_weight_strategy.py for tasks to queue
[2024-10-26T23:14:43.451+0000] {logging_mixin.py:190} INFO - [2024-10-26T23:14:43.450+0000] {dagbag.py:588} INFO - Filling up the DagBag from /home/airflow/.local/lib/python3.12/site-packages/airflow/example_dags/plugins/decreasing_priority_weight_strategy.py
[2024-10-26T23:14:43.454+0000] {processor.py:927} WARNING - No viable dags retrieved from /home/airflow/.local/lib/python3.12/site-packages/airflow/example_dags/plugins/decreasing_priority_weight_strategy.py
[2024-10-26T23:14:43.474+0000] {processor.py:208} INFO - Processing /home/airflow/.local/lib/python3.12/site-packages/airflow/example_dags/plugins/decreasing_priority_weight_strategy.py took 0.037 seconds
[2024-10-26T23:15:14.783+0000] {processor.py:186} INFO - Started process (PID=41952) to work on /home/airflow/.local/lib/python3.12/site-packages/airflow/example_dags/plugins/decreasing_priority_weight_strategy.py
[2024-10-26T23:15:14.784+0000] {processor.py:914} INFO - Processing file /home/airflow/.local/lib/python3.12/site-packages/airflow/example_dags/plugins/decreasing_priority_weight_strategy.py for tasks to queue
[2024-10-26T23:15:14.786+0000] {logging_mixin.py:190} INFO - [2024-10-26T23:15:14.786+0000] {dagbag.py:588} INFO - Filling up the DagBag from /home/airflow/.local/lib/python3.12/site-packages/airflow/example_dags/plugins/decreasing_priority_weight_strategy.py
[2024-10-26T23:15:14.788+0000] {processor.py:927} WARNING - No viable dags retrieved from /home/airflow/.local/lib/python3.12/site-packages/airflow/example_dags/plugins/decreasing_priority_weight_strategy.py
[2024-10-26T23:15:14.804+0000] {processor.py:208} INFO - Processing /home/airflow/.local/lib/python3.12/site-packages/airflow/example_dags/plugins/decreasing_priority_weight_strategy.py took 0.028 seconds
[2024-10-26T23:15:48.121+0000] {processor.py:186} INFO - Started process (PID=42016) to work on /home/airflow/.local/lib/python3.12/site-packages/airflow/example_dags/plugins/decreasing_priority_weight_strategy.py
[2024-10-26T23:15:48.122+0000] {processor.py:914} INFO - Processing file /home/airflow/.local/lib/python3.12/site-packages/airflow/example_dags/plugins/decreasing_priority_weight_strategy.py for tasks to queue
[2024-10-26T23:15:48.125+0000] {logging_mixin.py:190} INFO - [2024-10-26T23:15:48.124+0000] {dagbag.py:588} INFO - Filling up the DagBag from /home/airflow/.local/lib/python3.12/site-packages/airflow/example_dags/plugins/decreasing_priority_weight_strategy.py
[2024-10-26T23:15:48.128+0000] {processor.py:927} WARNING - No viable dags retrieved from /home/airflow/.local/lib/python3.12/site-packages/airflow/example_dags/plugins/decreasing_priority_weight_strategy.py
[2024-10-26T23:15:48.143+0000] {processor.py:208} INFO - Processing /home/airflow/.local/lib/python3.12/site-packages/airflow/example_dags/plugins/decreasing_priority_weight_strategy.py took 0.029 seconds
[2024-10-26T23:16:21.231+0000] {processor.py:186} INFO - Started process (PID=42079) to work on /home/airflow/.local/lib/python3.12/site-packages/airflow/example_dags/plugins/decreasing_priority_weight_strategy.py
[2024-10-26T23:16:21.232+0000] {processor.py:914} INFO - Processing file /home/airflow/.local/lib/python3.12/site-packages/airflow/example_dags/plugins/decreasing_priority_weight_strategy.py for tasks to queue
[2024-10-26T23:16:21.235+0000] {logging_mixin.py:190} INFO - [2024-10-26T23:16:21.234+0000] {dagbag.py:588} INFO - Filling up the DagBag from /home/airflow/.local/lib/python3.12/site-packages/airflow/example_dags/plugins/decreasing_priority_weight_strategy.py
[2024-10-26T23:16:21.237+0000] {processor.py:927} WARNING - No viable dags retrieved from /home/airflow/.local/lib/python3.12/site-packages/airflow/example_dags/plugins/decreasing_priority_weight_strategy.py
[2024-10-26T23:16:21.258+0000] {processor.py:208} INFO - Processing /home/airflow/.local/lib/python3.12/site-packages/airflow/example_dags/plugins/decreasing_priority_weight_strategy.py took 0.037 seconds
[2024-10-26T23:16:57.167+0000] {processor.py:186} INFO - Started process (PID=42143) to work on /home/airflow/.local/lib/python3.12/site-packages/airflow/example_dags/plugins/decreasing_priority_weight_strategy.py
[2024-10-26T23:16:57.170+0000] {processor.py:914} INFO - Processing file /home/airflow/.local/lib/python3.12/site-packages/airflow/example_dags/plugins/decreasing_priority_weight_strategy.py for tasks to queue
[2024-10-26T23:16:57.173+0000] {logging_mixin.py:190} INFO - [2024-10-26T23:16:57.173+0000] {dagbag.py:588} INFO - Filling up the DagBag from /home/airflow/.local/lib/python3.12/site-packages/airflow/example_dags/plugins/decreasing_priority_weight_strategy.py
[2024-10-26T23:16:57.176+0000] {processor.py:927} WARNING - No viable dags retrieved from /home/airflow/.local/lib/python3.12/site-packages/airflow/example_dags/plugins/decreasing_priority_weight_strategy.py
[2024-10-26T23:16:57.195+0000] {processor.py:208} INFO - Processing /home/airflow/.local/lib/python3.12/site-packages/airflow/example_dags/plugins/decreasing_priority_weight_strategy.py took 0.035 seconds
[2024-10-26T23:17:28.540+0000] {processor.py:186} INFO - Started process (PID=42207) to work on /home/airflow/.local/lib/python3.12/site-packages/airflow/example_dags/plugins/decreasing_priority_weight_strategy.py
[2024-10-26T23:17:28.547+0000] {processor.py:914} INFO - Processing file /home/airflow/.local/lib/python3.12/site-packages/airflow/example_dags/plugins/decreasing_priority_weight_strategy.py for tasks to queue
[2024-10-26T23:17:28.555+0000] {logging_mixin.py:190} INFO - [2024-10-26T23:17:28.554+0000] {dagbag.py:588} INFO - Filling up the DagBag from /home/airflow/.local/lib/python3.12/site-packages/airflow/example_dags/plugins/decreasing_priority_weight_strategy.py
[2024-10-26T23:17:28.581+0000] {processor.py:927} WARNING - No viable dags retrieved from /home/airflow/.local/lib/python3.12/site-packages/airflow/example_dags/plugins/decreasing_priority_weight_strategy.py
[2024-10-26T23:17:28.606+0000] {processor.py:208} INFO - Processing /home/airflow/.local/lib/python3.12/site-packages/airflow/example_dags/plugins/decreasing_priority_weight_strategy.py took 0.086 seconds
[2024-10-26T23:17:59.574+0000] {processor.py:186} INFO - Started process (PID=42271) to work on /home/airflow/.local/lib/python3.12/site-packages/airflow/example_dags/plugins/decreasing_priority_weight_strategy.py
[2024-10-26T23:17:59.575+0000] {processor.py:914} INFO - Processing file /home/airflow/.local/lib/python3.12/site-packages/airflow/example_dags/plugins/decreasing_priority_weight_strategy.py for tasks to queue
[2024-10-26T23:17:59.578+0000] {logging_mixin.py:190} INFO - [2024-10-26T23:17:59.578+0000] {dagbag.py:588} INFO - Filling up the DagBag from /home/airflow/.local/lib/python3.12/site-packages/airflow/example_dags/plugins/decreasing_priority_weight_strategy.py
[2024-10-26T23:17:59.581+0000] {processor.py:927} WARNING - No viable dags retrieved from /home/airflow/.local/lib/python3.12/site-packages/airflow/example_dags/plugins/decreasing_priority_weight_strategy.py
[2024-10-26T23:17:59.596+0000] {processor.py:208} INFO - Processing /home/airflow/.local/lib/python3.12/site-packages/airflow/example_dags/plugins/decreasing_priority_weight_strategy.py took 0.031 seconds
[2024-10-26T23:18:32.772+0000] {processor.py:186} INFO - Started process (PID=42335) to work on /home/airflow/.local/lib/python3.12/site-packages/airflow/example_dags/plugins/decreasing_priority_weight_strategy.py
[2024-10-26T23:18:32.773+0000] {processor.py:914} INFO - Processing file /home/airflow/.local/lib/python3.12/site-packages/airflow/example_dags/plugins/decreasing_priority_weight_strategy.py for tasks to queue
[2024-10-26T23:18:32.776+0000] {logging_mixin.py:190} INFO - [2024-10-26T23:18:32.776+0000] {dagbag.py:588} INFO - Filling up the DagBag from /home/airflow/.local/lib/python3.12/site-packages/airflow/example_dags/plugins/decreasing_priority_weight_strategy.py
[2024-10-26T23:18:32.779+0000] {processor.py:927} WARNING - No viable dags retrieved from /home/airflow/.local/lib/python3.12/site-packages/airflow/example_dags/plugins/decreasing_priority_weight_strategy.py
[2024-10-26T23:18:32.797+0000] {processor.py:208} INFO - Processing /home/airflow/.local/lib/python3.12/site-packages/airflow/example_dags/plugins/decreasing_priority_weight_strategy.py took 0.033 seconds
[2024-10-26T23:19:04.585+0000] {processor.py:186} INFO - Started process (PID=42399) to work on /home/airflow/.local/lib/python3.12/site-packages/airflow/example_dags/plugins/decreasing_priority_weight_strategy.py
[2024-10-26T23:19:04.586+0000] {processor.py:914} INFO - Processing file /home/airflow/.local/lib/python3.12/site-packages/airflow/example_dags/plugins/decreasing_priority_weight_strategy.py for tasks to queue
[2024-10-26T23:19:04.589+0000] {logging_mixin.py:190} INFO - [2024-10-26T23:19:04.588+0000] {dagbag.py:588} INFO - Filling up the DagBag from /home/airflow/.local/lib/python3.12/site-packages/airflow/example_dags/plugins/decreasing_priority_weight_strategy.py
[2024-10-26T23:19:04.591+0000] {processor.py:927} WARNING - No viable dags retrieved from /home/airflow/.local/lib/python3.12/site-packages/airflow/example_dags/plugins/decreasing_priority_weight_strategy.py
[2024-10-26T23:19:04.607+0000] {processor.py:208} INFO - Processing /home/airflow/.local/lib/python3.12/site-packages/airflow/example_dags/plugins/decreasing_priority_weight_strategy.py took 0.030 seconds
[2024-10-26T23:19:38.644+0000] {processor.py:186} INFO - Started process (PID=42463) to work on /home/airflow/.local/lib/python3.12/site-packages/airflow/example_dags/plugins/decreasing_priority_weight_strategy.py
[2024-10-26T23:19:38.645+0000] {processor.py:914} INFO - Processing file /home/airflow/.local/lib/python3.12/site-packages/airflow/example_dags/plugins/decreasing_priority_weight_strategy.py for tasks to queue
[2024-10-26T23:19:38.649+0000] {logging_mixin.py:190} INFO - [2024-10-26T23:19:38.649+0000] {dagbag.py:588} INFO - Filling up the DagBag from /home/airflow/.local/lib/python3.12/site-packages/airflow/example_dags/plugins/decreasing_priority_weight_strategy.py
[2024-10-26T23:19:38.652+0000] {processor.py:927} WARNING - No viable dags retrieved from /home/airflow/.local/lib/python3.12/site-packages/airflow/example_dags/plugins/decreasing_priority_weight_strategy.py
[2024-10-26T23:19:38.667+0000] {processor.py:208} INFO - Processing /home/airflow/.local/lib/python3.12/site-packages/airflow/example_dags/plugins/decreasing_priority_weight_strategy.py took 0.029 seconds
[2024-10-26T23:20:10.594+0000] {processor.py:186} INFO - Started process (PID=42527) to work on /home/airflow/.local/lib/python3.12/site-packages/airflow/example_dags/plugins/decreasing_priority_weight_strategy.py
[2024-10-26T23:20:10.595+0000] {processor.py:914} INFO - Processing file /home/airflow/.local/lib/python3.12/site-packages/airflow/example_dags/plugins/decreasing_priority_weight_strategy.py for tasks to queue
[2024-10-26T23:20:10.600+0000] {logging_mixin.py:190} INFO - [2024-10-26T23:20:10.600+0000] {dagbag.py:588} INFO - Filling up the DagBag from /home/airflow/.local/lib/python3.12/site-packages/airflow/example_dags/plugins/decreasing_priority_weight_strategy.py
[2024-10-26T23:20:10.603+0000] {processor.py:927} WARNING - No viable dags retrieved from /home/airflow/.local/lib/python3.12/site-packages/airflow/example_dags/plugins/decreasing_priority_weight_strategy.py
[2024-10-26T23:20:10.619+0000] {processor.py:208} INFO - Processing /home/airflow/.local/lib/python3.12/site-packages/airflow/example_dags/plugins/decreasing_priority_weight_strategy.py took 0.032 seconds
[2024-10-26T23:20:42.687+0000] {processor.py:186} INFO - Started process (PID=42591) to work on /home/airflow/.local/lib/python3.12/site-packages/airflow/example_dags/plugins/decreasing_priority_weight_strategy.py
[2024-10-26T23:20:42.689+0000] {processor.py:914} INFO - Processing file /home/airflow/.local/lib/python3.12/site-packages/airflow/example_dags/plugins/decreasing_priority_weight_strategy.py for tasks to queue
[2024-10-26T23:20:42.692+0000] {logging_mixin.py:190} INFO - [2024-10-26T23:20:42.691+0000] {dagbag.py:588} INFO - Filling up the DagBag from /home/airflow/.local/lib/python3.12/site-packages/airflow/example_dags/plugins/decreasing_priority_weight_strategy.py
[2024-10-26T23:20:42.695+0000] {processor.py:927} WARNING - No viable dags retrieved from /home/airflow/.local/lib/python3.12/site-packages/airflow/example_dags/plugins/decreasing_priority_weight_strategy.py
[2024-10-26T23:20:42.713+0000] {processor.py:208} INFO - Processing /home/airflow/.local/lib/python3.12/site-packages/airflow/example_dags/plugins/decreasing_priority_weight_strategy.py took 0.035 seconds
[2024-10-26T23:21:16.872+0000] {processor.py:186} INFO - Started process (PID=42655) to work on /home/airflow/.local/lib/python3.12/site-packages/airflow/example_dags/plugins/decreasing_priority_weight_strategy.py
[2024-10-26T23:21:16.873+0000] {processor.py:914} INFO - Processing file /home/airflow/.local/lib/python3.12/site-packages/airflow/example_dags/plugins/decreasing_priority_weight_strategy.py for tasks to queue
[2024-10-26T23:21:16.877+0000] {logging_mixin.py:190} INFO - [2024-10-26T23:21:16.876+0000] {dagbag.py:588} INFO - Filling up the DagBag from /home/airflow/.local/lib/python3.12/site-packages/airflow/example_dags/plugins/decreasing_priority_weight_strategy.py
[2024-10-26T23:21:16.880+0000] {processor.py:927} WARNING - No viable dags retrieved from /home/airflow/.local/lib/python3.12/site-packages/airflow/example_dags/plugins/decreasing_priority_weight_strategy.py
[2024-10-26T23:21:16.896+0000] {processor.py:208} INFO - Processing /home/airflow/.local/lib/python3.12/site-packages/airflow/example_dags/plugins/decreasing_priority_weight_strategy.py took 0.033 seconds
[2024-10-26T23:21:47.762+0000] {processor.py:186} INFO - Started process (PID=42719) to work on /home/airflow/.local/lib/python3.12/site-packages/airflow/example_dags/plugins/decreasing_priority_weight_strategy.py
[2024-10-26T23:21:47.764+0000] {processor.py:914} INFO - Processing file /home/airflow/.local/lib/python3.12/site-packages/airflow/example_dags/plugins/decreasing_priority_weight_strategy.py for tasks to queue
[2024-10-26T23:21:47.767+0000] {logging_mixin.py:190} INFO - [2024-10-26T23:21:47.767+0000] {dagbag.py:588} INFO - Filling up the DagBag from /home/airflow/.local/lib/python3.12/site-packages/airflow/example_dags/plugins/decreasing_priority_weight_strategy.py
[2024-10-26T23:21:47.770+0000] {processor.py:927} WARNING - No viable dags retrieved from /home/airflow/.local/lib/python3.12/site-packages/airflow/example_dags/plugins/decreasing_priority_weight_strategy.py
[2024-10-26T23:21:47.784+0000] {processor.py:208} INFO - Processing /home/airflow/.local/lib/python3.12/site-packages/airflow/example_dags/plugins/decreasing_priority_weight_strategy.py took 0.030 seconds
[2024-10-26T23:22:22.149+0000] {processor.py:186} INFO - Started process (PID=42783) to work on /home/airflow/.local/lib/python3.12/site-packages/airflow/example_dags/plugins/decreasing_priority_weight_strategy.py
[2024-10-26T23:22:22.151+0000] {processor.py:914} INFO - Processing file /home/airflow/.local/lib/python3.12/site-packages/airflow/example_dags/plugins/decreasing_priority_weight_strategy.py for tasks to queue
[2024-10-26T23:22:22.156+0000] {logging_mixin.py:190} INFO - [2024-10-26T23:22:22.156+0000] {dagbag.py:588} INFO - Filling up the DagBag from /home/airflow/.local/lib/python3.12/site-packages/airflow/example_dags/plugins/decreasing_priority_weight_strategy.py
[2024-10-26T23:22:22.159+0000] {processor.py:927} WARNING - No viable dags retrieved from /home/airflow/.local/lib/python3.12/site-packages/airflow/example_dags/plugins/decreasing_priority_weight_strategy.py
[2024-10-26T23:22:22.181+0000] {processor.py:208} INFO - Processing /home/airflow/.local/lib/python3.12/site-packages/airflow/example_dags/plugins/decreasing_priority_weight_strategy.py took 0.044 seconds
[2024-10-26T23:22:53.183+0000] {processor.py:186} INFO - Started process (PID=42847) to work on /home/airflow/.local/lib/python3.12/site-packages/airflow/example_dags/plugins/decreasing_priority_weight_strategy.py
[2024-10-26T23:22:53.185+0000] {processor.py:914} INFO - Processing file /home/airflow/.local/lib/python3.12/site-packages/airflow/example_dags/plugins/decreasing_priority_weight_strategy.py for tasks to queue
[2024-10-26T23:22:53.188+0000] {logging_mixin.py:190} INFO - [2024-10-26T23:22:53.187+0000] {dagbag.py:588} INFO - Filling up the DagBag from /home/airflow/.local/lib/python3.12/site-packages/airflow/example_dags/plugins/decreasing_priority_weight_strategy.py
[2024-10-26T23:22:53.190+0000] {processor.py:927} WARNING - No viable dags retrieved from /home/airflow/.local/lib/python3.12/site-packages/airflow/example_dags/plugins/decreasing_priority_weight_strategy.py
[2024-10-26T23:22:53.205+0000] {processor.py:208} INFO - Processing /home/airflow/.local/lib/python3.12/site-packages/airflow/example_dags/plugins/decreasing_priority_weight_strategy.py took 0.028 seconds
[2024-10-26T23:23:24.788+0000] {processor.py:186} INFO - Started process (PID=42911) to work on /home/airflow/.local/lib/python3.12/site-packages/airflow/example_dags/plugins/decreasing_priority_weight_strategy.py
[2024-10-26T23:23:24.789+0000] {processor.py:914} INFO - Processing file /home/airflow/.local/lib/python3.12/site-packages/airflow/example_dags/plugins/decreasing_priority_weight_strategy.py for tasks to queue
[2024-10-26T23:23:24.791+0000] {logging_mixin.py:190} INFO - [2024-10-26T23:23:24.790+0000] {dagbag.py:588} INFO - Filling up the DagBag from /home/airflow/.local/lib/python3.12/site-packages/airflow/example_dags/plugins/decreasing_priority_weight_strategy.py
[2024-10-26T23:23:24.793+0000] {processor.py:927} WARNING - No viable dags retrieved from /home/airflow/.local/lib/python3.12/site-packages/airflow/example_dags/plugins/decreasing_priority_weight_strategy.py
[2024-10-26T23:23:24.804+0000] {processor.py:208} INFO - Processing /home/airflow/.local/lib/python3.12/site-packages/airflow/example_dags/plugins/decreasing_priority_weight_strategy.py took 0.022 seconds
[2024-10-26T23:23:57.564+0000] {processor.py:186} INFO - Started process (PID=42975) to work on /home/airflow/.local/lib/python3.12/site-packages/airflow/example_dags/plugins/decreasing_priority_weight_strategy.py
[2024-10-26T23:23:57.565+0000] {processor.py:914} INFO - Processing file /home/airflow/.local/lib/python3.12/site-packages/airflow/example_dags/plugins/decreasing_priority_weight_strategy.py for tasks to queue
[2024-10-26T23:23:57.568+0000] {logging_mixin.py:190} INFO - [2024-10-26T23:23:57.567+0000] {dagbag.py:588} INFO - Filling up the DagBag from /home/airflow/.local/lib/python3.12/site-packages/airflow/example_dags/plugins/decreasing_priority_weight_strategy.py
[2024-10-26T23:23:57.570+0000] {processor.py:927} WARNING - No viable dags retrieved from /home/airflow/.local/lib/python3.12/site-packages/airflow/example_dags/plugins/decreasing_priority_weight_strategy.py
[2024-10-26T23:23:57.584+0000] {processor.py:208} INFO - Processing /home/airflow/.local/lib/python3.12/site-packages/airflow/example_dags/plugins/decreasing_priority_weight_strategy.py took 0.025 seconds
[2024-10-26T23:24:30.196+0000] {processor.py:186} INFO - Started process (PID=43039) to work on /home/airflow/.local/lib/python3.12/site-packages/airflow/example_dags/plugins/decreasing_priority_weight_strategy.py
[2024-10-26T23:24:30.197+0000] {processor.py:914} INFO - Processing file /home/airflow/.local/lib/python3.12/site-packages/airflow/example_dags/plugins/decreasing_priority_weight_strategy.py for tasks to queue
[2024-10-26T23:24:30.199+0000] {logging_mixin.py:190} INFO - [2024-10-26T23:24:30.199+0000] {dagbag.py:588} INFO - Filling up the DagBag from /home/airflow/.local/lib/python3.12/site-packages/airflow/example_dags/plugins/decreasing_priority_weight_strategy.py
[2024-10-26T23:24:30.201+0000] {processor.py:927} WARNING - No viable dags retrieved from /home/airflow/.local/lib/python3.12/site-packages/airflow/example_dags/plugins/decreasing_priority_weight_strategy.py
[2024-10-26T23:24:30.213+0000] {processor.py:208} INFO - Processing /home/airflow/.local/lib/python3.12/site-packages/airflow/example_dags/plugins/decreasing_priority_weight_strategy.py took 0.023 seconds
[2024-10-26T23:25:03.048+0000] {processor.py:186} INFO - Started process (PID=43103) to work on /home/airflow/.local/lib/python3.12/site-packages/airflow/example_dags/plugins/decreasing_priority_weight_strategy.py
[2024-10-26T23:25:03.049+0000] {processor.py:914} INFO - Processing file /home/airflow/.local/lib/python3.12/site-packages/airflow/example_dags/plugins/decreasing_priority_weight_strategy.py for tasks to queue
[2024-10-26T23:25:03.051+0000] {logging_mixin.py:190} INFO - [2024-10-26T23:25:03.051+0000] {dagbag.py:588} INFO - Filling up the DagBag from /home/airflow/.local/lib/python3.12/site-packages/airflow/example_dags/plugins/decreasing_priority_weight_strategy.py
[2024-10-26T23:25:03.053+0000] {processor.py:927} WARNING - No viable dags retrieved from /home/airflow/.local/lib/python3.12/site-packages/airflow/example_dags/plugins/decreasing_priority_weight_strategy.py
[2024-10-26T23:25:03.067+0000] {processor.py:208} INFO - Processing /home/airflow/.local/lib/python3.12/site-packages/airflow/example_dags/plugins/decreasing_priority_weight_strategy.py took 0.027 seconds
[2024-10-26T23:25:35.772+0000] {processor.py:186} INFO - Started process (PID=43167) to work on /home/airflow/.local/lib/python3.12/site-packages/airflow/example_dags/plugins/decreasing_priority_weight_strategy.py
[2024-10-26T23:25:35.773+0000] {processor.py:914} INFO - Processing file /home/airflow/.local/lib/python3.12/site-packages/airflow/example_dags/plugins/decreasing_priority_weight_strategy.py for tasks to queue
[2024-10-26T23:25:35.776+0000] {logging_mixin.py:190} INFO - [2024-10-26T23:25:35.776+0000] {dagbag.py:588} INFO - Filling up the DagBag from /home/airflow/.local/lib/python3.12/site-packages/airflow/example_dags/plugins/decreasing_priority_weight_strategy.py
[2024-10-26T23:25:35.778+0000] {processor.py:927} WARNING - No viable dags retrieved from /home/airflow/.local/lib/python3.12/site-packages/airflow/example_dags/plugins/decreasing_priority_weight_strategy.py
[2024-10-26T23:25:35.792+0000] {processor.py:208} INFO - Processing /home/airflow/.local/lib/python3.12/site-packages/airflow/example_dags/plugins/decreasing_priority_weight_strategy.py took 0.025 seconds
[2024-10-26T23:26:08.577+0000] {processor.py:186} INFO - Started process (PID=43231) to work on /home/airflow/.local/lib/python3.12/site-packages/airflow/example_dags/plugins/decreasing_priority_weight_strategy.py
[2024-10-26T23:26:08.578+0000] {processor.py:914} INFO - Processing file /home/airflow/.local/lib/python3.12/site-packages/airflow/example_dags/plugins/decreasing_priority_weight_strategy.py for tasks to queue
[2024-10-26T23:26:08.581+0000] {logging_mixin.py:190} INFO - [2024-10-26T23:26:08.580+0000] {dagbag.py:588} INFO - Filling up the DagBag from /home/airflow/.local/lib/python3.12/site-packages/airflow/example_dags/plugins/decreasing_priority_weight_strategy.py
[2024-10-26T23:26:08.583+0000] {processor.py:927} WARNING - No viable dags retrieved from /home/airflow/.local/lib/python3.12/site-packages/airflow/example_dags/plugins/decreasing_priority_weight_strategy.py
[2024-10-26T23:26:08.596+0000] {processor.py:208} INFO - Processing /home/airflow/.local/lib/python3.12/site-packages/airflow/example_dags/plugins/decreasing_priority_weight_strategy.py took 0.025 seconds
[2024-10-26T23:26:41.218+0000] {processor.py:186} INFO - Started process (PID=43295) to work on /home/airflow/.local/lib/python3.12/site-packages/airflow/example_dags/plugins/decreasing_priority_weight_strategy.py
[2024-10-26T23:26:41.219+0000] {processor.py:914} INFO - Processing file /home/airflow/.local/lib/python3.12/site-packages/airflow/example_dags/plugins/decreasing_priority_weight_strategy.py for tasks to queue
[2024-10-26T23:26:41.221+0000] {logging_mixin.py:190} INFO - [2024-10-26T23:26:41.221+0000] {dagbag.py:588} INFO - Filling up the DagBag from /home/airflow/.local/lib/python3.12/site-packages/airflow/example_dags/plugins/decreasing_priority_weight_strategy.py
[2024-10-26T23:26:41.223+0000] {processor.py:927} WARNING - No viable dags retrieved from /home/airflow/.local/lib/python3.12/site-packages/airflow/example_dags/plugins/decreasing_priority_weight_strategy.py
[2024-10-26T23:26:41.239+0000] {processor.py:208} INFO - Processing /home/airflow/.local/lib/python3.12/site-packages/airflow/example_dags/plugins/decreasing_priority_weight_strategy.py took 0.026 seconds
[2024-10-26T23:27:13.772+0000] {processor.py:186} INFO - Started process (PID=43359) to work on /home/airflow/.local/lib/python3.12/site-packages/airflow/example_dags/plugins/decreasing_priority_weight_strategy.py
[2024-10-26T23:27:13.773+0000] {processor.py:914} INFO - Processing file /home/airflow/.local/lib/python3.12/site-packages/airflow/example_dags/plugins/decreasing_priority_weight_strategy.py for tasks to queue
[2024-10-26T23:27:13.775+0000] {logging_mixin.py:190} INFO - [2024-10-26T23:27:13.774+0000] {dagbag.py:588} INFO - Filling up the DagBag from /home/airflow/.local/lib/python3.12/site-packages/airflow/example_dags/plugins/decreasing_priority_weight_strategy.py
[2024-10-26T23:27:13.777+0000] {processor.py:927} WARNING - No viable dags retrieved from /home/airflow/.local/lib/python3.12/site-packages/airflow/example_dags/plugins/decreasing_priority_weight_strategy.py
[2024-10-26T23:27:13.788+0000] {processor.py:208} INFO - Processing /home/airflow/.local/lib/python3.12/site-packages/airflow/example_dags/plugins/decreasing_priority_weight_strategy.py took 0.024 seconds
[2024-10-26T23:27:47.608+0000] {processor.py:186} INFO - Started process (PID=43423) to work on /home/airflow/.local/lib/python3.12/site-packages/airflow/example_dags/plugins/decreasing_priority_weight_strategy.py
[2024-10-26T23:27:47.609+0000] {processor.py:914} INFO - Processing file /home/airflow/.local/lib/python3.12/site-packages/airflow/example_dags/plugins/decreasing_priority_weight_strategy.py for tasks to queue
[2024-10-26T23:27:47.612+0000] {logging_mixin.py:190} INFO - [2024-10-26T23:27:47.611+0000] {dagbag.py:588} INFO - Filling up the DagBag from /home/airflow/.local/lib/python3.12/site-packages/airflow/example_dags/plugins/decreasing_priority_weight_strategy.py
[2024-10-26T23:27:47.614+0000] {processor.py:927} WARNING - No viable dags retrieved from /home/airflow/.local/lib/python3.12/site-packages/airflow/example_dags/plugins/decreasing_priority_weight_strategy.py
[2024-10-26T23:27:47.629+0000] {processor.py:208} INFO - Processing /home/airflow/.local/lib/python3.12/site-packages/airflow/example_dags/plugins/decreasing_priority_weight_strategy.py took 0.029 seconds
[2024-10-26T23:28:19.581+0000] {processor.py:186} INFO - Started process (PID=43487) to work on /home/airflow/.local/lib/python3.12/site-packages/airflow/example_dags/plugins/decreasing_priority_weight_strategy.py
[2024-10-26T23:28:19.583+0000] {processor.py:914} INFO - Processing file /home/airflow/.local/lib/python3.12/site-packages/airflow/example_dags/plugins/decreasing_priority_weight_strategy.py for tasks to queue
[2024-10-26T23:28:19.585+0000] {logging_mixin.py:190} INFO - [2024-10-26T23:28:19.585+0000] {dagbag.py:588} INFO - Filling up the DagBag from /home/airflow/.local/lib/python3.12/site-packages/airflow/example_dags/plugins/decreasing_priority_weight_strategy.py
[2024-10-26T23:28:19.588+0000] {processor.py:927} WARNING - No viable dags retrieved from /home/airflow/.local/lib/python3.12/site-packages/airflow/example_dags/plugins/decreasing_priority_weight_strategy.py
[2024-10-26T23:28:19.599+0000] {processor.py:208} INFO - Processing /home/airflow/.local/lib/python3.12/site-packages/airflow/example_dags/plugins/decreasing_priority_weight_strategy.py took 0.023 seconds
[2024-10-26T23:28:52.336+0000] {processor.py:186} INFO - Started process (PID=43551) to work on /home/airflow/.local/lib/python3.12/site-packages/airflow/example_dags/plugins/decreasing_priority_weight_strategy.py
[2024-10-26T23:28:52.337+0000] {processor.py:914} INFO - Processing file /home/airflow/.local/lib/python3.12/site-packages/airflow/example_dags/plugins/decreasing_priority_weight_strategy.py for tasks to queue
[2024-10-26T23:28:52.343+0000] {logging_mixin.py:190} INFO - [2024-10-26T23:28:52.342+0000] {dagbag.py:588} INFO - Filling up the DagBag from /home/airflow/.local/lib/python3.12/site-packages/airflow/example_dags/plugins/decreasing_priority_weight_strategy.py
[2024-10-26T23:28:52.346+0000] {processor.py:927} WARNING - No viable dags retrieved from /home/airflow/.local/lib/python3.12/site-packages/airflow/example_dags/plugins/decreasing_priority_weight_strategy.py
[2024-10-26T23:28:52.362+0000] {processor.py:208} INFO - Processing /home/airflow/.local/lib/python3.12/site-packages/airflow/example_dags/plugins/decreasing_priority_weight_strategy.py took 0.034 seconds
[2024-10-26T23:29:25.463+0000] {processor.py:186} INFO - Started process (PID=43615) to work on /home/airflow/.local/lib/python3.12/site-packages/airflow/example_dags/plugins/decreasing_priority_weight_strategy.py
[2024-10-26T23:29:25.465+0000] {processor.py:914} INFO - Processing file /home/airflow/.local/lib/python3.12/site-packages/airflow/example_dags/plugins/decreasing_priority_weight_strategy.py for tasks to queue
[2024-10-26T23:29:25.469+0000] {logging_mixin.py:190} INFO - [2024-10-26T23:29:25.468+0000] {dagbag.py:588} INFO - Filling up the DagBag from /home/airflow/.local/lib/python3.12/site-packages/airflow/example_dags/plugins/decreasing_priority_weight_strategy.py
[2024-10-26T23:29:25.471+0000] {processor.py:927} WARNING - No viable dags retrieved from /home/airflow/.local/lib/python3.12/site-packages/airflow/example_dags/plugins/decreasing_priority_weight_strategy.py
[2024-10-26T23:29:25.485+0000] {processor.py:208} INFO - Processing /home/airflow/.local/lib/python3.12/site-packages/airflow/example_dags/plugins/decreasing_priority_weight_strategy.py took 0.029 seconds
[2024-10-26T23:29:58.152+0000] {processor.py:186} INFO - Started process (PID=43679) to work on /home/airflow/.local/lib/python3.12/site-packages/airflow/example_dags/plugins/decreasing_priority_weight_strategy.py
[2024-10-26T23:29:58.154+0000] {processor.py:914} INFO - Processing file /home/airflow/.local/lib/python3.12/site-packages/airflow/example_dags/plugins/decreasing_priority_weight_strategy.py for tasks to queue
[2024-10-26T23:29:58.157+0000] {logging_mixin.py:190} INFO - [2024-10-26T23:29:58.156+0000] {dagbag.py:588} INFO - Filling up the DagBag from /home/airflow/.local/lib/python3.12/site-packages/airflow/example_dags/plugins/decreasing_priority_weight_strategy.py
[2024-10-26T23:29:58.159+0000] {processor.py:927} WARNING - No viable dags retrieved from /home/airflow/.local/lib/python3.12/site-packages/airflow/example_dags/plugins/decreasing_priority_weight_strategy.py
[2024-10-26T23:29:58.171+0000] {processor.py:208} INFO - Processing /home/airflow/.local/lib/python3.12/site-packages/airflow/example_dags/plugins/decreasing_priority_weight_strategy.py took 0.024 seconds
[2024-10-26T23:30:31.023+0000] {processor.py:186} INFO - Started process (PID=43743) to work on /home/airflow/.local/lib/python3.12/site-packages/airflow/example_dags/plugins/decreasing_priority_weight_strategy.py
[2024-10-26T23:30:31.024+0000] {processor.py:914} INFO - Processing file /home/airflow/.local/lib/python3.12/site-packages/airflow/example_dags/plugins/decreasing_priority_weight_strategy.py for tasks to queue
[2024-10-26T23:30:31.027+0000] {logging_mixin.py:190} INFO - [2024-10-26T23:30:31.026+0000] {dagbag.py:588} INFO - Filling up the DagBag from /home/airflow/.local/lib/python3.12/site-packages/airflow/example_dags/plugins/decreasing_priority_weight_strategy.py
[2024-10-26T23:30:31.029+0000] {processor.py:927} WARNING - No viable dags retrieved from /home/airflow/.local/lib/python3.12/site-packages/airflow/example_dags/plugins/decreasing_priority_weight_strategy.py
[2024-10-26T23:30:31.044+0000] {processor.py:208} INFO - Processing /home/airflow/.local/lib/python3.12/site-packages/airflow/example_dags/plugins/decreasing_priority_weight_strategy.py took 0.027 seconds
[2024-10-26T23:31:03.483+0000] {processor.py:186} INFO - Started process (PID=43807) to work on /home/airflow/.local/lib/python3.12/site-packages/airflow/example_dags/plugins/decreasing_priority_weight_strategy.py
[2024-10-26T23:31:03.484+0000] {processor.py:914} INFO - Processing file /home/airflow/.local/lib/python3.12/site-packages/airflow/example_dags/plugins/decreasing_priority_weight_strategy.py for tasks to queue
[2024-10-26T23:31:03.487+0000] {logging_mixin.py:190} INFO - [2024-10-26T23:31:03.486+0000] {dagbag.py:588} INFO - Filling up the DagBag from /home/airflow/.local/lib/python3.12/site-packages/airflow/example_dags/plugins/decreasing_priority_weight_strategy.py
[2024-10-26T23:31:03.489+0000] {processor.py:927} WARNING - No viable dags retrieved from /home/airflow/.local/lib/python3.12/site-packages/airflow/example_dags/plugins/decreasing_priority_weight_strategy.py
[2024-10-26T23:31:03.501+0000] {processor.py:208} INFO - Processing /home/airflow/.local/lib/python3.12/site-packages/airflow/example_dags/plugins/decreasing_priority_weight_strategy.py took 0.023 seconds
[2024-10-26T23:31:35.362+0000] {processor.py:186} INFO - Started process (PID=43871) to work on /home/airflow/.local/lib/python3.12/site-packages/airflow/example_dags/plugins/decreasing_priority_weight_strategy.py
[2024-10-26T23:31:35.363+0000] {processor.py:914} INFO - Processing file /home/airflow/.local/lib/python3.12/site-packages/airflow/example_dags/plugins/decreasing_priority_weight_strategy.py for tasks to queue
[2024-10-26T23:31:35.367+0000] {logging_mixin.py:190} INFO - [2024-10-26T23:31:35.366+0000] {dagbag.py:588} INFO - Filling up the DagBag from /home/airflow/.local/lib/python3.12/site-packages/airflow/example_dags/plugins/decreasing_priority_weight_strategy.py
[2024-10-26T23:31:35.369+0000] {processor.py:927} WARNING - No viable dags retrieved from /home/airflow/.local/lib/python3.12/site-packages/airflow/example_dags/plugins/decreasing_priority_weight_strategy.py
[2024-10-26T23:31:35.385+0000] {processor.py:208} INFO - Processing /home/airflow/.local/lib/python3.12/site-packages/airflow/example_dags/plugins/decreasing_priority_weight_strategy.py took 0.030 seconds
[2024-10-26T23:32:08.184+0000] {processor.py:186} INFO - Started process (PID=43935) to work on /home/airflow/.local/lib/python3.12/site-packages/airflow/example_dags/plugins/decreasing_priority_weight_strategy.py
[2024-10-26T23:32:08.185+0000] {processor.py:914} INFO - Processing file /home/airflow/.local/lib/python3.12/site-packages/airflow/example_dags/plugins/decreasing_priority_weight_strategy.py for tasks to queue
[2024-10-26T23:32:08.188+0000] {logging_mixin.py:190} INFO - [2024-10-26T23:32:08.187+0000] {dagbag.py:588} INFO - Filling up the DagBag from /home/airflow/.local/lib/python3.12/site-packages/airflow/example_dags/plugins/decreasing_priority_weight_strategy.py
[2024-10-26T23:32:08.191+0000] {processor.py:927} WARNING - No viable dags retrieved from /home/airflow/.local/lib/python3.12/site-packages/airflow/example_dags/plugins/decreasing_priority_weight_strategy.py
[2024-10-26T23:32:08.205+0000] {processor.py:208} INFO - Processing /home/airflow/.local/lib/python3.12/site-packages/airflow/example_dags/plugins/decreasing_priority_weight_strategy.py took 0.027 seconds
[2024-10-26T23:32:40.969+0000] {processor.py:186} INFO - Started process (PID=43999) to work on /home/airflow/.local/lib/python3.12/site-packages/airflow/example_dags/plugins/decreasing_priority_weight_strategy.py
[2024-10-26T23:32:40.970+0000] {processor.py:914} INFO - Processing file /home/airflow/.local/lib/python3.12/site-packages/airflow/example_dags/plugins/decreasing_priority_weight_strategy.py for tasks to queue
[2024-10-26T23:32:40.973+0000] {logging_mixin.py:190} INFO - [2024-10-26T23:32:40.973+0000] {dagbag.py:588} INFO - Filling up the DagBag from /home/airflow/.local/lib/python3.12/site-packages/airflow/example_dags/plugins/decreasing_priority_weight_strategy.py
[2024-10-26T23:32:40.975+0000] {processor.py:927} WARNING - No viable dags retrieved from /home/airflow/.local/lib/python3.12/site-packages/airflow/example_dags/plugins/decreasing_priority_weight_strategy.py
[2024-10-26T23:32:40.987+0000] {processor.py:208} INFO - Processing /home/airflow/.local/lib/python3.12/site-packages/airflow/example_dags/plugins/decreasing_priority_weight_strategy.py took 0.024 seconds
[2024-10-26T23:33:14.295+0000] {processor.py:186} INFO - Started process (PID=44063) to work on /home/airflow/.local/lib/python3.12/site-packages/airflow/example_dags/plugins/decreasing_priority_weight_strategy.py
[2024-10-26T23:33:14.296+0000] {processor.py:914} INFO - Processing file /home/airflow/.local/lib/python3.12/site-packages/airflow/example_dags/plugins/decreasing_priority_weight_strategy.py for tasks to queue
[2024-10-26T23:33:14.299+0000] {logging_mixin.py:190} INFO - [2024-10-26T23:33:14.298+0000] {dagbag.py:588} INFO - Filling up the DagBag from /home/airflow/.local/lib/python3.12/site-packages/airflow/example_dags/plugins/decreasing_priority_weight_strategy.py
[2024-10-26T23:33:14.301+0000] {processor.py:927} WARNING - No viable dags retrieved from /home/airflow/.local/lib/python3.12/site-packages/airflow/example_dags/plugins/decreasing_priority_weight_strategy.py
[2024-10-26T23:33:14.314+0000] {processor.py:208} INFO - Processing /home/airflow/.local/lib/python3.12/site-packages/airflow/example_dags/plugins/decreasing_priority_weight_strategy.py took 0.027 seconds
[2024-10-26T23:33:46.958+0000] {processor.py:186} INFO - Started process (PID=44127) to work on /home/airflow/.local/lib/python3.12/site-packages/airflow/example_dags/plugins/decreasing_priority_weight_strategy.py
[2024-10-26T23:33:46.959+0000] {processor.py:914} INFO - Processing file /home/airflow/.local/lib/python3.12/site-packages/airflow/example_dags/plugins/decreasing_priority_weight_strategy.py for tasks to queue
[2024-10-26T23:33:46.964+0000] {logging_mixin.py:190} INFO - [2024-10-26T23:33:46.964+0000] {dagbag.py:588} INFO - Filling up the DagBag from /home/airflow/.local/lib/python3.12/site-packages/airflow/example_dags/plugins/decreasing_priority_weight_strategy.py
[2024-10-26T23:33:46.967+0000] {processor.py:927} WARNING - No viable dags retrieved from /home/airflow/.local/lib/python3.12/site-packages/airflow/example_dags/plugins/decreasing_priority_weight_strategy.py
[2024-10-26T23:33:46.979+0000] {processor.py:208} INFO - Processing /home/airflow/.local/lib/python3.12/site-packages/airflow/example_dags/plugins/decreasing_priority_weight_strategy.py took 0.030 seconds
[2024-10-26T23:34:19.801+0000] {processor.py:186} INFO - Started process (PID=44191) to work on /home/airflow/.local/lib/python3.12/site-packages/airflow/example_dags/plugins/decreasing_priority_weight_strategy.py
[2024-10-26T23:34:19.802+0000] {processor.py:914} INFO - Processing file /home/airflow/.local/lib/python3.12/site-packages/airflow/example_dags/plugins/decreasing_priority_weight_strategy.py for tasks to queue
[2024-10-26T23:34:19.804+0000] {logging_mixin.py:190} INFO - [2024-10-26T23:34:19.804+0000] {dagbag.py:588} INFO - Filling up the DagBag from /home/airflow/.local/lib/python3.12/site-packages/airflow/example_dags/plugins/decreasing_priority_weight_strategy.py
[2024-10-26T23:34:19.806+0000] {processor.py:927} WARNING - No viable dags retrieved from /home/airflow/.local/lib/python3.12/site-packages/airflow/example_dags/plugins/decreasing_priority_weight_strategy.py
[2024-10-26T23:34:19.821+0000] {processor.py:208} INFO - Processing /home/airflow/.local/lib/python3.12/site-packages/airflow/example_dags/plugins/decreasing_priority_weight_strategy.py took 0.026 seconds
[2024-10-26T23:34:53.355+0000] {processor.py:186} INFO - Started process (PID=44255) to work on /home/airflow/.local/lib/python3.12/site-packages/airflow/example_dags/plugins/decreasing_priority_weight_strategy.py
[2024-10-26T23:34:53.356+0000] {processor.py:914} INFO - Processing file /home/airflow/.local/lib/python3.12/site-packages/airflow/example_dags/plugins/decreasing_priority_weight_strategy.py for tasks to queue
[2024-10-26T23:34:53.359+0000] {logging_mixin.py:190} INFO - [2024-10-26T23:34:53.359+0000] {dagbag.py:588} INFO - Filling up the DagBag from /home/airflow/.local/lib/python3.12/site-packages/airflow/example_dags/plugins/decreasing_priority_weight_strategy.py
[2024-10-26T23:34:53.363+0000] {processor.py:927} WARNING - No viable dags retrieved from /home/airflow/.local/lib/python3.12/site-packages/airflow/example_dags/plugins/decreasing_priority_weight_strategy.py
[2024-10-26T23:34:53.375+0000] {processor.py:208} INFO - Processing /home/airflow/.local/lib/python3.12/site-packages/airflow/example_dags/plugins/decreasing_priority_weight_strategy.py took 0.030 seconds
[2024-10-26T23:35:25.169+0000] {processor.py:186} INFO - Started process (PID=44319) to work on /home/airflow/.local/lib/python3.12/site-packages/airflow/example_dags/plugins/decreasing_priority_weight_strategy.py
[2024-10-26T23:35:25.170+0000] {processor.py:914} INFO - Processing file /home/airflow/.local/lib/python3.12/site-packages/airflow/example_dags/plugins/decreasing_priority_weight_strategy.py for tasks to queue
[2024-10-26T23:35:25.172+0000] {logging_mixin.py:190} INFO - [2024-10-26T23:35:25.172+0000] {dagbag.py:588} INFO - Filling up the DagBag from /home/airflow/.local/lib/python3.12/site-packages/airflow/example_dags/plugins/decreasing_priority_weight_strategy.py
[2024-10-26T23:35:25.174+0000] {processor.py:927} WARNING - No viable dags retrieved from /home/airflow/.local/lib/python3.12/site-packages/airflow/example_dags/plugins/decreasing_priority_weight_strategy.py
[2024-10-26T23:35:25.199+0000] {processor.py:208} INFO - Processing /home/airflow/.local/lib/python3.12/site-packages/airflow/example_dags/plugins/decreasing_priority_weight_strategy.py took 0.037 seconds
[2024-10-26T23:35:58.655+0000] {processor.py:186} INFO - Started process (PID=44383) to work on /home/airflow/.local/lib/python3.12/site-packages/airflow/example_dags/plugins/decreasing_priority_weight_strategy.py
[2024-10-26T23:35:58.656+0000] {processor.py:914} INFO - Processing file /home/airflow/.local/lib/python3.12/site-packages/airflow/example_dags/plugins/decreasing_priority_weight_strategy.py for tasks to queue
[2024-10-26T23:35:58.659+0000] {logging_mixin.py:190} INFO - [2024-10-26T23:35:58.658+0000] {dagbag.py:588} INFO - Filling up the DagBag from /home/airflow/.local/lib/python3.12/site-packages/airflow/example_dags/plugins/decreasing_priority_weight_strategy.py
[2024-10-26T23:35:58.661+0000] {processor.py:927} WARNING - No viable dags retrieved from /home/airflow/.local/lib/python3.12/site-packages/airflow/example_dags/plugins/decreasing_priority_weight_strategy.py
[2024-10-26T23:35:58.673+0000] {processor.py:208} INFO - Processing /home/airflow/.local/lib/python3.12/site-packages/airflow/example_dags/plugins/decreasing_priority_weight_strategy.py took 0.023 seconds
[2024-10-26T23:36:30.862+0000] {processor.py:186} INFO - Started process (PID=44447) to work on /home/airflow/.local/lib/python3.12/site-packages/airflow/example_dags/plugins/decreasing_priority_weight_strategy.py
[2024-10-26T23:36:30.863+0000] {processor.py:914} INFO - Processing file /home/airflow/.local/lib/python3.12/site-packages/airflow/example_dags/plugins/decreasing_priority_weight_strategy.py for tasks to queue
[2024-10-26T23:36:30.866+0000] {logging_mixin.py:190} INFO - [2024-10-26T23:36:30.866+0000] {dagbag.py:588} INFO - Filling up the DagBag from /home/airflow/.local/lib/python3.12/site-packages/airflow/example_dags/plugins/decreasing_priority_weight_strategy.py
[2024-10-26T23:36:30.868+0000] {processor.py:927} WARNING - No viable dags retrieved from /home/airflow/.local/lib/python3.12/site-packages/airflow/example_dags/plugins/decreasing_priority_weight_strategy.py
[2024-10-26T23:36:30.883+0000] {processor.py:208} INFO - Processing /home/airflow/.local/lib/python3.12/site-packages/airflow/example_dags/plugins/decreasing_priority_weight_strategy.py took 0.028 seconds
[2024-10-26T23:37:03.934+0000] {processor.py:186} INFO - Started process (PID=44511) to work on /home/airflow/.local/lib/python3.12/site-packages/airflow/example_dags/plugins/decreasing_priority_weight_strategy.py
[2024-10-26T23:37:03.935+0000] {processor.py:914} INFO - Processing file /home/airflow/.local/lib/python3.12/site-packages/airflow/example_dags/plugins/decreasing_priority_weight_strategy.py for tasks to queue
[2024-10-26T23:37:03.937+0000] {logging_mixin.py:190} INFO - [2024-10-26T23:37:03.937+0000] {dagbag.py:588} INFO - Filling up the DagBag from /home/airflow/.local/lib/python3.12/site-packages/airflow/example_dags/plugins/decreasing_priority_weight_strategy.py
[2024-10-26T23:37:03.940+0000] {processor.py:927} WARNING - No viable dags retrieved from /home/airflow/.local/lib/python3.12/site-packages/airflow/example_dags/plugins/decreasing_priority_weight_strategy.py
[2024-10-26T23:37:03.953+0000] {processor.py:208} INFO - Processing /home/airflow/.local/lib/python3.12/site-packages/airflow/example_dags/plugins/decreasing_priority_weight_strategy.py took 0.025 seconds
[2024-10-26T23:37:36.551+0000] {processor.py:186} INFO - Started process (PID=44575) to work on /home/airflow/.local/lib/python3.12/site-packages/airflow/example_dags/plugins/decreasing_priority_weight_strategy.py
[2024-10-26T23:37:36.552+0000] {processor.py:914} INFO - Processing file /home/airflow/.local/lib/python3.12/site-packages/airflow/example_dags/plugins/decreasing_priority_weight_strategy.py for tasks to queue
[2024-10-26T23:37:36.554+0000] {logging_mixin.py:190} INFO - [2024-10-26T23:37:36.554+0000] {dagbag.py:588} INFO - Filling up the DagBag from /home/airflow/.local/lib/python3.12/site-packages/airflow/example_dags/plugins/decreasing_priority_weight_strategy.py
[2024-10-26T23:37:36.556+0000] {processor.py:927} WARNING - No viable dags retrieved from /home/airflow/.local/lib/python3.12/site-packages/airflow/example_dags/plugins/decreasing_priority_weight_strategy.py
[2024-10-26T23:37:36.567+0000] {processor.py:208} INFO - Processing /home/airflow/.local/lib/python3.12/site-packages/airflow/example_dags/plugins/decreasing_priority_weight_strategy.py took 0.021 seconds
[2024-10-26T23:38:08.852+0000] {processor.py:186} INFO - Started process (PID=44639) to work on /home/airflow/.local/lib/python3.12/site-packages/airflow/example_dags/plugins/decreasing_priority_weight_strategy.py
[2024-10-26T23:38:08.853+0000] {processor.py:914} INFO - Processing file /home/airflow/.local/lib/python3.12/site-packages/airflow/example_dags/plugins/decreasing_priority_weight_strategy.py for tasks to queue
[2024-10-26T23:38:08.855+0000] {logging_mixin.py:190} INFO - [2024-10-26T23:38:08.855+0000] {dagbag.py:588} INFO - Filling up the DagBag from /home/airflow/.local/lib/python3.12/site-packages/airflow/example_dags/plugins/decreasing_priority_weight_strategy.py
[2024-10-26T23:38:08.857+0000] {processor.py:927} WARNING - No viable dags retrieved from /home/airflow/.local/lib/python3.12/site-packages/airflow/example_dags/plugins/decreasing_priority_weight_strategy.py
[2024-10-26T23:38:08.869+0000] {processor.py:208} INFO - Processing /home/airflow/.local/lib/python3.12/site-packages/airflow/example_dags/plugins/decreasing_priority_weight_strategy.py took 0.023 seconds
[2024-10-26T23:38:41.997+0000] {processor.py:186} INFO - Started process (PID=44703) to work on /home/airflow/.local/lib/python3.12/site-packages/airflow/example_dags/plugins/decreasing_priority_weight_strategy.py
[2024-10-26T23:38:41.999+0000] {processor.py:914} INFO - Processing file /home/airflow/.local/lib/python3.12/site-packages/airflow/example_dags/plugins/decreasing_priority_weight_strategy.py for tasks to queue
[2024-10-26T23:38:42.001+0000] {logging_mixin.py:190} INFO - [2024-10-26T23:38:42.001+0000] {dagbag.py:588} INFO - Filling up the DagBag from /home/airflow/.local/lib/python3.12/site-packages/airflow/example_dags/plugins/decreasing_priority_weight_strategy.py
[2024-10-26T23:38:42.004+0000] {processor.py:927} WARNING - No viable dags retrieved from /home/airflow/.local/lib/python3.12/site-packages/airflow/example_dags/plugins/decreasing_priority_weight_strategy.py
[2024-10-26T23:38:42.018+0000] {processor.py:208} INFO - Processing /home/airflow/.local/lib/python3.12/site-packages/airflow/example_dags/plugins/decreasing_priority_weight_strategy.py took 0.027 seconds
[2024-10-26T23:39:14.645+0000] {processor.py:186} INFO - Started process (PID=44767) to work on /home/airflow/.local/lib/python3.12/site-packages/airflow/example_dags/plugins/decreasing_priority_weight_strategy.py
[2024-10-26T23:39:14.646+0000] {processor.py:914} INFO - Processing file /home/airflow/.local/lib/python3.12/site-packages/airflow/example_dags/plugins/decreasing_priority_weight_strategy.py for tasks to queue
[2024-10-26T23:39:14.649+0000] {logging_mixin.py:190} INFO - [2024-10-26T23:39:14.648+0000] {dagbag.py:588} INFO - Filling up the DagBag from /home/airflow/.local/lib/python3.12/site-packages/airflow/example_dags/plugins/decreasing_priority_weight_strategy.py
[2024-10-26T23:39:14.652+0000] {processor.py:927} WARNING - No viable dags retrieved from /home/airflow/.local/lib/python3.12/site-packages/airflow/example_dags/plugins/decreasing_priority_weight_strategy.py
[2024-10-26T23:39:14.664+0000] {processor.py:208} INFO - Processing /home/airflow/.local/lib/python3.12/site-packages/airflow/example_dags/plugins/decreasing_priority_weight_strategy.py took 0.024 seconds
[2024-10-26T23:39:49.054+0000] {processor.py:186} INFO - Started process (PID=44831) to work on /home/airflow/.local/lib/python3.12/site-packages/airflow/example_dags/plugins/decreasing_priority_weight_strategy.py
[2024-10-26T23:39:49.056+0000] {processor.py:914} INFO - Processing file /home/airflow/.local/lib/python3.12/site-packages/airflow/example_dags/plugins/decreasing_priority_weight_strategy.py for tasks to queue
[2024-10-26T23:39:49.061+0000] {logging_mixin.py:190} INFO - [2024-10-26T23:39:49.060+0000] {dagbag.py:588} INFO - Filling up the DagBag from /home/airflow/.local/lib/python3.12/site-packages/airflow/example_dags/plugins/decreasing_priority_weight_strategy.py
[2024-10-26T23:39:49.063+0000] {processor.py:927} WARNING - No viable dags retrieved from /home/airflow/.local/lib/python3.12/site-packages/airflow/example_dags/plugins/decreasing_priority_weight_strategy.py
[2024-10-26T23:39:49.091+0000] {processor.py:208} INFO - Processing /home/airflow/.local/lib/python3.12/site-packages/airflow/example_dags/plugins/decreasing_priority_weight_strategy.py took 0.064 seconds
[2024-10-26T23:40:20.877+0000] {processor.py:186} INFO - Started process (PID=44895) to work on /home/airflow/.local/lib/python3.12/site-packages/airflow/example_dags/plugins/decreasing_priority_weight_strategy.py
[2024-10-26T23:40:20.878+0000] {processor.py:914} INFO - Processing file /home/airflow/.local/lib/python3.12/site-packages/airflow/example_dags/plugins/decreasing_priority_weight_strategy.py for tasks to queue
[2024-10-26T23:40:20.881+0000] {logging_mixin.py:190} INFO - [2024-10-26T23:40:20.881+0000] {dagbag.py:588} INFO - Filling up the DagBag from /home/airflow/.local/lib/python3.12/site-packages/airflow/example_dags/plugins/decreasing_priority_weight_strategy.py
[2024-10-26T23:40:20.883+0000] {processor.py:927} WARNING - No viable dags retrieved from /home/airflow/.local/lib/python3.12/site-packages/airflow/example_dags/plugins/decreasing_priority_weight_strategy.py
[2024-10-26T23:40:20.895+0000] {processor.py:208} INFO - Processing /home/airflow/.local/lib/python3.12/site-packages/airflow/example_dags/plugins/decreasing_priority_weight_strategy.py took 0.023 seconds
[2024-10-26T23:40:53.193+0000] {processor.py:186} INFO - Started process (PID=44959) to work on /home/airflow/.local/lib/python3.12/site-packages/airflow/example_dags/plugins/decreasing_priority_weight_strategy.py
[2024-10-26T23:40:53.194+0000] {processor.py:914} INFO - Processing file /home/airflow/.local/lib/python3.12/site-packages/airflow/example_dags/plugins/decreasing_priority_weight_strategy.py for tasks to queue
[2024-10-26T23:40:53.196+0000] {logging_mixin.py:190} INFO - [2024-10-26T23:40:53.196+0000] {dagbag.py:588} INFO - Filling up the DagBag from /home/airflow/.local/lib/python3.12/site-packages/airflow/example_dags/plugins/decreasing_priority_weight_strategy.py
[2024-10-26T23:40:53.198+0000] {processor.py:927} WARNING - No viable dags retrieved from /home/airflow/.local/lib/python3.12/site-packages/airflow/example_dags/plugins/decreasing_priority_weight_strategy.py
[2024-10-26T23:40:53.210+0000] {processor.py:208} INFO - Processing /home/airflow/.local/lib/python3.12/site-packages/airflow/example_dags/plugins/decreasing_priority_weight_strategy.py took 0.024 seconds
[2024-10-26T23:41:25.821+0000] {processor.py:186} INFO - Started process (PID=45023) to work on /home/airflow/.local/lib/python3.12/site-packages/airflow/example_dags/plugins/decreasing_priority_weight_strategy.py
[2024-10-26T23:41:25.822+0000] {processor.py:914} INFO - Processing file /home/airflow/.local/lib/python3.12/site-packages/airflow/example_dags/plugins/decreasing_priority_weight_strategy.py for tasks to queue
[2024-10-26T23:41:25.825+0000] {logging_mixin.py:190} INFO - [2024-10-26T23:41:25.825+0000] {dagbag.py:588} INFO - Filling up the DagBag from /home/airflow/.local/lib/python3.12/site-packages/airflow/example_dags/plugins/decreasing_priority_weight_strategy.py
[2024-10-26T23:41:25.827+0000] {processor.py:927} WARNING - No viable dags retrieved from /home/airflow/.local/lib/python3.12/site-packages/airflow/example_dags/plugins/decreasing_priority_weight_strategy.py
[2024-10-26T23:41:25.842+0000] {processor.py:208} INFO - Processing /home/airflow/.local/lib/python3.12/site-packages/airflow/example_dags/plugins/decreasing_priority_weight_strategy.py took 0.027 seconds
[2024-10-26T23:41:58.286+0000] {processor.py:186} INFO - Started process (PID=45087) to work on /home/airflow/.local/lib/python3.12/site-packages/airflow/example_dags/plugins/decreasing_priority_weight_strategy.py
[2024-10-26T23:41:58.287+0000] {processor.py:914} INFO - Processing file /home/airflow/.local/lib/python3.12/site-packages/airflow/example_dags/plugins/decreasing_priority_weight_strategy.py for tasks to queue
[2024-10-26T23:41:58.289+0000] {logging_mixin.py:190} INFO - [2024-10-26T23:41:58.289+0000] {dagbag.py:588} INFO - Filling up the DagBag from /home/airflow/.local/lib/python3.12/site-packages/airflow/example_dags/plugins/decreasing_priority_weight_strategy.py
[2024-10-26T23:41:58.291+0000] {processor.py:927} WARNING - No viable dags retrieved from /home/airflow/.local/lib/python3.12/site-packages/airflow/example_dags/plugins/decreasing_priority_weight_strategy.py
[2024-10-26T23:41:58.308+0000] {processor.py:208} INFO - Processing /home/airflow/.local/lib/python3.12/site-packages/airflow/example_dags/plugins/decreasing_priority_weight_strategy.py took 0.030 seconds
[2024-10-26T23:42:31.445+0000] {processor.py:186} INFO - Started process (PID=45151) to work on /home/airflow/.local/lib/python3.12/site-packages/airflow/example_dags/plugins/decreasing_priority_weight_strategy.py
[2024-10-26T23:42:31.446+0000] {processor.py:914} INFO - Processing file /home/airflow/.local/lib/python3.12/site-packages/airflow/example_dags/plugins/decreasing_priority_weight_strategy.py for tasks to queue
[2024-10-26T23:42:31.449+0000] {logging_mixin.py:190} INFO - [2024-10-26T23:42:31.449+0000] {dagbag.py:588} INFO - Filling up the DagBag from /home/airflow/.local/lib/python3.12/site-packages/airflow/example_dags/plugins/decreasing_priority_weight_strategy.py
[2024-10-26T23:42:31.452+0000] {processor.py:927} WARNING - No viable dags retrieved from /home/airflow/.local/lib/python3.12/site-packages/airflow/example_dags/plugins/decreasing_priority_weight_strategy.py
[2024-10-26T23:42:31.467+0000] {processor.py:208} INFO - Processing /home/airflow/.local/lib/python3.12/site-packages/airflow/example_dags/plugins/decreasing_priority_weight_strategy.py took 0.031 seconds
[2024-10-26T23:43:04.067+0000] {processor.py:186} INFO - Started process (PID=45215) to work on /home/airflow/.local/lib/python3.12/site-packages/airflow/example_dags/plugins/decreasing_priority_weight_strategy.py
[2024-10-26T23:43:04.068+0000] {processor.py:914} INFO - Processing file /home/airflow/.local/lib/python3.12/site-packages/airflow/example_dags/plugins/decreasing_priority_weight_strategy.py for tasks to queue
[2024-10-26T23:43:04.071+0000] {logging_mixin.py:190} INFO - [2024-10-26T23:43:04.071+0000] {dagbag.py:588} INFO - Filling up the DagBag from /home/airflow/.local/lib/python3.12/site-packages/airflow/example_dags/plugins/decreasing_priority_weight_strategy.py
[2024-10-26T23:43:04.073+0000] {processor.py:927} WARNING - No viable dags retrieved from /home/airflow/.local/lib/python3.12/site-packages/airflow/example_dags/plugins/decreasing_priority_weight_strategy.py
[2024-10-26T23:43:04.088+0000] {processor.py:208} INFO - Processing /home/airflow/.local/lib/python3.12/site-packages/airflow/example_dags/plugins/decreasing_priority_weight_strategy.py took 0.028 seconds
[2024-10-26T23:43:36.569+0000] {processor.py:186} INFO - Started process (PID=45279) to work on /home/airflow/.local/lib/python3.12/site-packages/airflow/example_dags/plugins/decreasing_priority_weight_strategy.py
[2024-10-26T23:43:36.570+0000] {processor.py:914} INFO - Processing file /home/airflow/.local/lib/python3.12/site-packages/airflow/example_dags/plugins/decreasing_priority_weight_strategy.py for tasks to queue
[2024-10-26T23:43:36.573+0000] {logging_mixin.py:190} INFO - [2024-10-26T23:43:36.572+0000] {dagbag.py:588} INFO - Filling up the DagBag from /home/airflow/.local/lib/python3.12/site-packages/airflow/example_dags/plugins/decreasing_priority_weight_strategy.py
[2024-10-26T23:43:36.574+0000] {processor.py:927} WARNING - No viable dags retrieved from /home/airflow/.local/lib/python3.12/site-packages/airflow/example_dags/plugins/decreasing_priority_weight_strategy.py
[2024-10-26T23:43:36.588+0000] {processor.py:208} INFO - Processing /home/airflow/.local/lib/python3.12/site-packages/airflow/example_dags/plugins/decreasing_priority_weight_strategy.py took 0.024 seconds
[2024-10-26T23:44:08.940+0000] {processor.py:186} INFO - Started process (PID=45343) to work on /home/airflow/.local/lib/python3.12/site-packages/airflow/example_dags/plugins/decreasing_priority_weight_strategy.py
[2024-10-26T23:44:08.940+0000] {processor.py:914} INFO - Processing file /home/airflow/.local/lib/python3.12/site-packages/airflow/example_dags/plugins/decreasing_priority_weight_strategy.py for tasks to queue
[2024-10-26T23:44:08.943+0000] {logging_mixin.py:190} INFO - [2024-10-26T23:44:08.943+0000] {dagbag.py:588} INFO - Filling up the DagBag from /home/airflow/.local/lib/python3.12/site-packages/airflow/example_dags/plugins/decreasing_priority_weight_strategy.py
[2024-10-26T23:44:08.945+0000] {processor.py:927} WARNING - No viable dags retrieved from /home/airflow/.local/lib/python3.12/site-packages/airflow/example_dags/plugins/decreasing_priority_weight_strategy.py
[2024-10-26T23:44:08.956+0000] {processor.py:208} INFO - Processing /home/airflow/.local/lib/python3.12/site-packages/airflow/example_dags/plugins/decreasing_priority_weight_strategy.py took 0.022 seconds
[2024-10-26T23:44:42.518+0000] {processor.py:186} INFO - Started process (PID=45407) to work on /home/airflow/.local/lib/python3.12/site-packages/airflow/example_dags/plugins/decreasing_priority_weight_strategy.py
[2024-10-26T23:44:42.520+0000] {processor.py:914} INFO - Processing file /home/airflow/.local/lib/python3.12/site-packages/airflow/example_dags/plugins/decreasing_priority_weight_strategy.py for tasks to queue
[2024-10-26T23:44:42.523+0000] {logging_mixin.py:190} INFO - [2024-10-26T23:44:42.522+0000] {dagbag.py:588} INFO - Filling up the DagBag from /home/airflow/.local/lib/python3.12/site-packages/airflow/example_dags/plugins/decreasing_priority_weight_strategy.py
[2024-10-26T23:44:42.525+0000] {processor.py:927} WARNING - No viable dags retrieved from /home/airflow/.local/lib/python3.12/site-packages/airflow/example_dags/plugins/decreasing_priority_weight_strategy.py
[2024-10-26T23:44:42.538+0000] {processor.py:208} INFO - Processing /home/airflow/.local/lib/python3.12/site-packages/airflow/example_dags/plugins/decreasing_priority_weight_strategy.py took 0.026 seconds
[2024-10-26T23:45:15.866+0000] {processor.py:186} INFO - Started process (PID=45471) to work on /home/airflow/.local/lib/python3.12/site-packages/airflow/example_dags/plugins/decreasing_priority_weight_strategy.py
[2024-10-26T23:45:15.867+0000] {processor.py:914} INFO - Processing file /home/airflow/.local/lib/python3.12/site-packages/airflow/example_dags/plugins/decreasing_priority_weight_strategy.py for tasks to queue
[2024-10-26T23:45:15.870+0000] {logging_mixin.py:190} INFO - [2024-10-26T23:45:15.870+0000] {dagbag.py:588} INFO - Filling up the DagBag from /home/airflow/.local/lib/python3.12/site-packages/airflow/example_dags/plugins/decreasing_priority_weight_strategy.py
[2024-10-26T23:45:15.873+0000] {processor.py:927} WARNING - No viable dags retrieved from /home/airflow/.local/lib/python3.12/site-packages/airflow/example_dags/plugins/decreasing_priority_weight_strategy.py
[2024-10-26T23:45:15.890+0000] {processor.py:208} INFO - Processing /home/airflow/.local/lib/python3.12/site-packages/airflow/example_dags/plugins/decreasing_priority_weight_strategy.py took 0.030 seconds
[2024-10-26T23:45:47.499+0000] {processor.py:186} INFO - Started process (PID=45535) to work on /home/airflow/.local/lib/python3.12/site-packages/airflow/example_dags/plugins/decreasing_priority_weight_strategy.py
[2024-10-26T23:45:47.501+0000] {processor.py:914} INFO - Processing file /home/airflow/.local/lib/python3.12/site-packages/airflow/example_dags/plugins/decreasing_priority_weight_strategy.py for tasks to queue
[2024-10-26T23:45:47.505+0000] {logging_mixin.py:190} INFO - [2024-10-26T23:45:47.505+0000] {dagbag.py:588} INFO - Filling up the DagBag from /home/airflow/.local/lib/python3.12/site-packages/airflow/example_dags/plugins/decreasing_priority_weight_strategy.py
[2024-10-26T23:45:47.509+0000] {processor.py:927} WARNING - No viable dags retrieved from /home/airflow/.local/lib/python3.12/site-packages/airflow/example_dags/plugins/decreasing_priority_weight_strategy.py
[2024-10-26T23:45:47.529+0000] {processor.py:208} INFO - Processing /home/airflow/.local/lib/python3.12/site-packages/airflow/example_dags/plugins/decreasing_priority_weight_strategy.py took 0.038 seconds
[2024-10-26T23:46:19.519+0000] {processor.py:186} INFO - Started process (PID=45599) to work on /home/airflow/.local/lib/python3.12/site-packages/airflow/example_dags/plugins/decreasing_priority_weight_strategy.py
[2024-10-26T23:46:19.520+0000] {processor.py:914} INFO - Processing file /home/airflow/.local/lib/python3.12/site-packages/airflow/example_dags/plugins/decreasing_priority_weight_strategy.py for tasks to queue
[2024-10-26T23:46:19.523+0000] {logging_mixin.py:190} INFO - [2024-10-26T23:46:19.523+0000] {dagbag.py:588} INFO - Filling up the DagBag from /home/airflow/.local/lib/python3.12/site-packages/airflow/example_dags/plugins/decreasing_priority_weight_strategy.py
[2024-10-26T23:46:19.525+0000] {processor.py:927} WARNING - No viable dags retrieved from /home/airflow/.local/lib/python3.12/site-packages/airflow/example_dags/plugins/decreasing_priority_weight_strategy.py
[2024-10-26T23:46:19.536+0000] {processor.py:208} INFO - Processing /home/airflow/.local/lib/python3.12/site-packages/airflow/example_dags/plugins/decreasing_priority_weight_strategy.py took 0.024 seconds
[2024-10-26T23:46:55.494+0000] {processor.py:186} INFO - Started process (PID=45663) to work on /home/airflow/.local/lib/python3.12/site-packages/airflow/example_dags/plugins/decreasing_priority_weight_strategy.py
[2024-10-26T23:46:55.495+0000] {processor.py:914} INFO - Processing file /home/airflow/.local/lib/python3.12/site-packages/airflow/example_dags/plugins/decreasing_priority_weight_strategy.py for tasks to queue
[2024-10-26T23:46:55.498+0000] {logging_mixin.py:190} INFO - [2024-10-26T23:46:55.497+0000] {dagbag.py:588} INFO - Filling up the DagBag from /home/airflow/.local/lib/python3.12/site-packages/airflow/example_dags/plugins/decreasing_priority_weight_strategy.py
[2024-10-26T23:46:55.505+0000] {processor.py:927} WARNING - No viable dags retrieved from /home/airflow/.local/lib/python3.12/site-packages/airflow/example_dags/plugins/decreasing_priority_weight_strategy.py
[2024-10-26T23:46:55.522+0000] {processor.py:208} INFO - Processing /home/airflow/.local/lib/python3.12/site-packages/airflow/example_dags/plugins/decreasing_priority_weight_strategy.py took 0.040 seconds
[2024-10-26T23:47:26.513+0000] {processor.py:186} INFO - Started process (PID=45727) to work on /home/airflow/.local/lib/python3.12/site-packages/airflow/example_dags/plugins/decreasing_priority_weight_strategy.py
[2024-10-26T23:47:26.515+0000] {processor.py:914} INFO - Processing file /home/airflow/.local/lib/python3.12/site-packages/airflow/example_dags/plugins/decreasing_priority_weight_strategy.py for tasks to queue
[2024-10-26T23:47:26.517+0000] {logging_mixin.py:190} INFO - [2024-10-26T23:47:26.517+0000] {dagbag.py:588} INFO - Filling up the DagBag from /home/airflow/.local/lib/python3.12/site-packages/airflow/example_dags/plugins/decreasing_priority_weight_strategy.py
[2024-10-26T23:47:26.519+0000] {processor.py:927} WARNING - No viable dags retrieved from /home/airflow/.local/lib/python3.12/site-packages/airflow/example_dags/plugins/decreasing_priority_weight_strategy.py
[2024-10-26T23:47:26.534+0000] {processor.py:208} INFO - Processing /home/airflow/.local/lib/python3.12/site-packages/airflow/example_dags/plugins/decreasing_priority_weight_strategy.py took 0.028 seconds
[2024-10-26T23:47:57.745+0000] {processor.py:186} INFO - Started process (PID=45791) to work on /home/airflow/.local/lib/python3.12/site-packages/airflow/example_dags/plugins/decreasing_priority_weight_strategy.py
[2024-10-26T23:47:57.745+0000] {processor.py:914} INFO - Processing file /home/airflow/.local/lib/python3.12/site-packages/airflow/example_dags/plugins/decreasing_priority_weight_strategy.py for tasks to queue
[2024-10-26T23:47:57.749+0000] {logging_mixin.py:190} INFO - [2024-10-26T23:47:57.748+0000] {dagbag.py:588} INFO - Filling up the DagBag from /home/airflow/.local/lib/python3.12/site-packages/airflow/example_dags/plugins/decreasing_priority_weight_strategy.py
[2024-10-26T23:47:57.751+0000] {processor.py:927} WARNING - No viable dags retrieved from /home/airflow/.local/lib/python3.12/site-packages/airflow/example_dags/plugins/decreasing_priority_weight_strategy.py
[2024-10-26T23:47:57.763+0000] {processor.py:208} INFO - Processing /home/airflow/.local/lib/python3.12/site-packages/airflow/example_dags/plugins/decreasing_priority_weight_strategy.py took 0.023 seconds
[2024-10-26T23:48:32.293+0000] {processor.py:186} INFO - Started process (PID=45855) to work on /home/airflow/.local/lib/python3.12/site-packages/airflow/example_dags/plugins/decreasing_priority_weight_strategy.py
[2024-10-26T23:48:32.296+0000] {processor.py:914} INFO - Processing file /home/airflow/.local/lib/python3.12/site-packages/airflow/example_dags/plugins/decreasing_priority_weight_strategy.py for tasks to queue
[2024-10-26T23:48:32.305+0000] {logging_mixin.py:190} INFO - [2024-10-26T23:48:32.304+0000] {dagbag.py:588} INFO - Filling up the DagBag from /home/airflow/.local/lib/python3.12/site-packages/airflow/example_dags/plugins/decreasing_priority_weight_strategy.py
[2024-10-26T23:48:32.312+0000] {processor.py:927} WARNING - No viable dags retrieved from /home/airflow/.local/lib/python3.12/site-packages/airflow/example_dags/plugins/decreasing_priority_weight_strategy.py
[2024-10-26T23:48:32.336+0000] {processor.py:208} INFO - Processing /home/airflow/.local/lib/python3.12/site-packages/airflow/example_dags/plugins/decreasing_priority_weight_strategy.py took 0.052 seconds
[2024-10-26T23:49:04.174+0000] {processor.py:186} INFO - Started process (PID=45919) to work on /home/airflow/.local/lib/python3.12/site-packages/airflow/example_dags/plugins/decreasing_priority_weight_strategy.py
[2024-10-26T23:49:04.175+0000] {processor.py:914} INFO - Processing file /home/airflow/.local/lib/python3.12/site-packages/airflow/example_dags/plugins/decreasing_priority_weight_strategy.py for tasks to queue
[2024-10-26T23:49:04.177+0000] {logging_mixin.py:190} INFO - [2024-10-26T23:49:04.177+0000] {dagbag.py:588} INFO - Filling up the DagBag from /home/airflow/.local/lib/python3.12/site-packages/airflow/example_dags/plugins/decreasing_priority_weight_strategy.py
[2024-10-26T23:49:04.179+0000] {processor.py:927} WARNING - No viable dags retrieved from /home/airflow/.local/lib/python3.12/site-packages/airflow/example_dags/plugins/decreasing_priority_weight_strategy.py
[2024-10-26T23:49:04.193+0000] {processor.py:208} INFO - Processing /home/airflow/.local/lib/python3.12/site-packages/airflow/example_dags/plugins/decreasing_priority_weight_strategy.py took 0.028 seconds
[2024-10-26T23:49:39.025+0000] {processor.py:186} INFO - Started process (PID=45983) to work on /home/airflow/.local/lib/python3.12/site-packages/airflow/example_dags/plugins/decreasing_priority_weight_strategy.py
[2024-10-26T23:49:39.026+0000] {processor.py:914} INFO - Processing file /home/airflow/.local/lib/python3.12/site-packages/airflow/example_dags/plugins/decreasing_priority_weight_strategy.py for tasks to queue
[2024-10-26T23:49:39.029+0000] {logging_mixin.py:190} INFO - [2024-10-26T23:49:39.029+0000] {dagbag.py:588} INFO - Filling up the DagBag from /home/airflow/.local/lib/python3.12/site-packages/airflow/example_dags/plugins/decreasing_priority_weight_strategy.py
[2024-10-26T23:49:39.031+0000] {processor.py:927} WARNING - No viable dags retrieved from /home/airflow/.local/lib/python3.12/site-packages/airflow/example_dags/plugins/decreasing_priority_weight_strategy.py
[2024-10-26T23:49:39.048+0000] {processor.py:208} INFO - Processing /home/airflow/.local/lib/python3.12/site-packages/airflow/example_dags/plugins/decreasing_priority_weight_strategy.py took 0.035 seconds
[2024-10-26T23:50:13.914+0000] {processor.py:186} INFO - Started process (PID=46047) to work on /home/airflow/.local/lib/python3.12/site-packages/airflow/example_dags/plugins/decreasing_priority_weight_strategy.py
[2024-10-26T23:50:13.915+0000] {processor.py:914} INFO - Processing file /home/airflow/.local/lib/python3.12/site-packages/airflow/example_dags/plugins/decreasing_priority_weight_strategy.py for tasks to queue
[2024-10-26T23:50:13.917+0000] {logging_mixin.py:190} INFO - [2024-10-26T23:50:13.917+0000] {dagbag.py:588} INFO - Filling up the DagBag from /home/airflow/.local/lib/python3.12/site-packages/airflow/example_dags/plugins/decreasing_priority_weight_strategy.py
[2024-10-26T23:50:13.920+0000] {processor.py:927} WARNING - No viable dags retrieved from /home/airflow/.local/lib/python3.12/site-packages/airflow/example_dags/plugins/decreasing_priority_weight_strategy.py
[2024-10-26T23:50:13.935+0000] {processor.py:208} INFO - Processing /home/airflow/.local/lib/python3.12/site-packages/airflow/example_dags/plugins/decreasing_priority_weight_strategy.py took 0.027 seconds
[2024-10-26T23:50:47.075+0000] {processor.py:186} INFO - Started process (PID=46111) to work on /home/airflow/.local/lib/python3.12/site-packages/airflow/example_dags/plugins/decreasing_priority_weight_strategy.py
[2024-10-26T23:50:47.076+0000] {processor.py:914} INFO - Processing file /home/airflow/.local/lib/python3.12/site-packages/airflow/example_dags/plugins/decreasing_priority_weight_strategy.py for tasks to queue
[2024-10-26T23:50:47.080+0000] {logging_mixin.py:190} INFO - [2024-10-26T23:50:47.079+0000] {dagbag.py:588} INFO - Filling up the DagBag from /home/airflow/.local/lib/python3.12/site-packages/airflow/example_dags/plugins/decreasing_priority_weight_strategy.py
[2024-10-26T23:50:47.085+0000] {processor.py:927} WARNING - No viable dags retrieved from /home/airflow/.local/lib/python3.12/site-packages/airflow/example_dags/plugins/decreasing_priority_weight_strategy.py
[2024-10-26T23:50:47.105+0000] {processor.py:208} INFO - Processing /home/airflow/.local/lib/python3.12/site-packages/airflow/example_dags/plugins/decreasing_priority_weight_strategy.py took 0.042 seconds
[2024-10-26T23:51:18.078+0000] {processor.py:186} INFO - Started process (PID=46175) to work on /home/airflow/.local/lib/python3.12/site-packages/airflow/example_dags/plugins/decreasing_priority_weight_strategy.py
[2024-10-26T23:51:18.079+0000] {processor.py:914} INFO - Processing file /home/airflow/.local/lib/python3.12/site-packages/airflow/example_dags/plugins/decreasing_priority_weight_strategy.py for tasks to queue
[2024-10-26T23:51:18.081+0000] {logging_mixin.py:190} INFO - [2024-10-26T23:51:18.080+0000] {dagbag.py:588} INFO - Filling up the DagBag from /home/airflow/.local/lib/python3.12/site-packages/airflow/example_dags/plugins/decreasing_priority_weight_strategy.py
[2024-10-26T23:51:18.083+0000] {processor.py:927} WARNING - No viable dags retrieved from /home/airflow/.local/lib/python3.12/site-packages/airflow/example_dags/plugins/decreasing_priority_weight_strategy.py
[2024-10-26T23:51:18.098+0000] {processor.py:208} INFO - Processing /home/airflow/.local/lib/python3.12/site-packages/airflow/example_dags/plugins/decreasing_priority_weight_strategy.py took 0.028 seconds
[2024-10-26T23:51:50.233+0000] {processor.py:186} INFO - Started process (PID=46239) to work on /home/airflow/.local/lib/python3.12/site-packages/airflow/example_dags/plugins/decreasing_priority_weight_strategy.py
[2024-10-26T23:51:50.234+0000] {processor.py:914} INFO - Processing file /home/airflow/.local/lib/python3.12/site-packages/airflow/example_dags/plugins/decreasing_priority_weight_strategy.py for tasks to queue
[2024-10-26T23:51:50.237+0000] {logging_mixin.py:190} INFO - [2024-10-26T23:51:50.237+0000] {dagbag.py:588} INFO - Filling up the DagBag from /home/airflow/.local/lib/python3.12/site-packages/airflow/example_dags/plugins/decreasing_priority_weight_strategy.py
[2024-10-26T23:51:50.240+0000] {processor.py:927} WARNING - No viable dags retrieved from /home/airflow/.local/lib/python3.12/site-packages/airflow/example_dags/plugins/decreasing_priority_weight_strategy.py
[2024-10-26T23:51:50.255+0000] {processor.py:208} INFO - Processing /home/airflow/.local/lib/python3.12/site-packages/airflow/example_dags/plugins/decreasing_priority_weight_strategy.py took 0.027 seconds
[2024-10-26T23:52:21.064+0000] {processor.py:186} INFO - Started process (PID=46303) to work on /home/airflow/.local/lib/python3.12/site-packages/airflow/example_dags/plugins/decreasing_priority_weight_strategy.py
[2024-10-26T23:52:21.066+0000] {processor.py:914} INFO - Processing file /home/airflow/.local/lib/python3.12/site-packages/airflow/example_dags/plugins/decreasing_priority_weight_strategy.py for tasks to queue
[2024-10-26T23:52:21.069+0000] {logging_mixin.py:190} INFO - [2024-10-26T23:52:21.068+0000] {dagbag.py:588} INFO - Filling up the DagBag from /home/airflow/.local/lib/python3.12/site-packages/airflow/example_dags/plugins/decreasing_priority_weight_strategy.py
[2024-10-26T23:52:21.073+0000] {processor.py:927} WARNING - No viable dags retrieved from /home/airflow/.local/lib/python3.12/site-packages/airflow/example_dags/plugins/decreasing_priority_weight_strategy.py
[2024-10-26T23:52:21.089+0000] {processor.py:208} INFO - Processing /home/airflow/.local/lib/python3.12/site-packages/airflow/example_dags/plugins/decreasing_priority_weight_strategy.py took 0.031 seconds
[2024-10-26T23:52:53.319+0000] {processor.py:186} INFO - Started process (PID=46368) to work on /home/airflow/.local/lib/python3.12/site-packages/airflow/example_dags/plugins/decreasing_priority_weight_strategy.py
[2024-10-26T23:52:53.320+0000] {processor.py:914} INFO - Processing file /home/airflow/.local/lib/python3.12/site-packages/airflow/example_dags/plugins/decreasing_priority_weight_strategy.py for tasks to queue
[2024-10-26T23:52:53.323+0000] {logging_mixin.py:190} INFO - [2024-10-26T23:52:53.323+0000] {dagbag.py:588} INFO - Filling up the DagBag from /home/airflow/.local/lib/python3.12/site-packages/airflow/example_dags/plugins/decreasing_priority_weight_strategy.py
[2024-10-26T23:52:53.328+0000] {processor.py:927} WARNING - No viable dags retrieved from /home/airflow/.local/lib/python3.12/site-packages/airflow/example_dags/plugins/decreasing_priority_weight_strategy.py
[2024-10-26T23:52:53.343+0000] {processor.py:208} INFO - Processing /home/airflow/.local/lib/python3.12/site-packages/airflow/example_dags/plugins/decreasing_priority_weight_strategy.py took 0.030 seconds
[2024-10-26T23:53:25.707+0000] {processor.py:186} INFO - Started process (PID=46432) to work on /home/airflow/.local/lib/python3.12/site-packages/airflow/example_dags/plugins/decreasing_priority_weight_strategy.py
[2024-10-26T23:53:25.708+0000] {processor.py:914} INFO - Processing file /home/airflow/.local/lib/python3.12/site-packages/airflow/example_dags/plugins/decreasing_priority_weight_strategy.py for tasks to queue
[2024-10-26T23:53:25.710+0000] {logging_mixin.py:190} INFO - [2024-10-26T23:53:25.710+0000] {dagbag.py:588} INFO - Filling up the DagBag from /home/airflow/.local/lib/python3.12/site-packages/airflow/example_dags/plugins/decreasing_priority_weight_strategy.py
[2024-10-26T23:53:25.712+0000] {processor.py:927} WARNING - No viable dags retrieved from /home/airflow/.local/lib/python3.12/site-packages/airflow/example_dags/plugins/decreasing_priority_weight_strategy.py
[2024-10-26T23:53:25.725+0000] {processor.py:208} INFO - Processing /home/airflow/.local/lib/python3.12/site-packages/airflow/example_dags/plugins/decreasing_priority_weight_strategy.py took 0.030 seconds
[2024-10-26T23:53:57.829+0000] {processor.py:186} INFO - Started process (PID=46496) to work on /home/airflow/.local/lib/python3.12/site-packages/airflow/example_dags/plugins/decreasing_priority_weight_strategy.py
[2024-10-26T23:53:57.830+0000] {processor.py:914} INFO - Processing file /home/airflow/.local/lib/python3.12/site-packages/airflow/example_dags/plugins/decreasing_priority_weight_strategy.py for tasks to queue
[2024-10-26T23:53:57.835+0000] {logging_mixin.py:190} INFO - [2024-10-26T23:53:57.833+0000] {dagbag.py:588} INFO - Filling up the DagBag from /home/airflow/.local/lib/python3.12/site-packages/airflow/example_dags/plugins/decreasing_priority_weight_strategy.py
[2024-10-26T23:53:57.841+0000] {processor.py:927} WARNING - No viable dags retrieved from /home/airflow/.local/lib/python3.12/site-packages/airflow/example_dags/plugins/decreasing_priority_weight_strategy.py
[2024-10-26T23:53:57.860+0000] {processor.py:208} INFO - Processing /home/airflow/.local/lib/python3.12/site-packages/airflow/example_dags/plugins/decreasing_priority_weight_strategy.py took 0.041 seconds
[2024-10-26T23:54:31.576+0000] {processor.py:186} INFO - Started process (PID=46560) to work on /home/airflow/.local/lib/python3.12/site-packages/airflow/example_dags/plugins/decreasing_priority_weight_strategy.py
[2024-10-26T23:54:31.578+0000] {processor.py:914} INFO - Processing file /home/airflow/.local/lib/python3.12/site-packages/airflow/example_dags/plugins/decreasing_priority_weight_strategy.py for tasks to queue
[2024-10-26T23:54:31.581+0000] {logging_mixin.py:190} INFO - [2024-10-26T23:54:31.581+0000] {dagbag.py:588} INFO - Filling up the DagBag from /home/airflow/.local/lib/python3.12/site-packages/airflow/example_dags/plugins/decreasing_priority_weight_strategy.py
[2024-10-26T23:54:31.583+0000] {processor.py:927} WARNING - No viable dags retrieved from /home/airflow/.local/lib/python3.12/site-packages/airflow/example_dags/plugins/decreasing_priority_weight_strategy.py
[2024-10-26T23:54:31.596+0000] {processor.py:208} INFO - Processing /home/airflow/.local/lib/python3.12/site-packages/airflow/example_dags/plugins/decreasing_priority_weight_strategy.py took 0.025 seconds
[2024-10-26T23:55:04.004+0000] {processor.py:186} INFO - Started process (PID=46624) to work on /home/airflow/.local/lib/python3.12/site-packages/airflow/example_dags/plugins/decreasing_priority_weight_strategy.py
[2024-10-26T23:55:04.006+0000] {processor.py:914} INFO - Processing file /home/airflow/.local/lib/python3.12/site-packages/airflow/example_dags/plugins/decreasing_priority_weight_strategy.py for tasks to queue
[2024-10-26T23:55:04.009+0000] {logging_mixin.py:190} INFO - [2024-10-26T23:55:04.008+0000] {dagbag.py:588} INFO - Filling up the DagBag from /home/airflow/.local/lib/python3.12/site-packages/airflow/example_dags/plugins/decreasing_priority_weight_strategy.py
[2024-10-26T23:55:04.011+0000] {processor.py:927} WARNING - No viable dags retrieved from /home/airflow/.local/lib/python3.12/site-packages/airflow/example_dags/plugins/decreasing_priority_weight_strategy.py
[2024-10-26T23:55:04.024+0000] {processor.py:208} INFO - Processing /home/airflow/.local/lib/python3.12/site-packages/airflow/example_dags/plugins/decreasing_priority_weight_strategy.py took 0.026 seconds
[2024-10-26T23:55:36.964+0000] {processor.py:186} INFO - Started process (PID=46688) to work on /home/airflow/.local/lib/python3.12/site-packages/airflow/example_dags/plugins/decreasing_priority_weight_strategy.py
[2024-10-26T23:55:36.966+0000] {processor.py:914} INFO - Processing file /home/airflow/.local/lib/python3.12/site-packages/airflow/example_dags/plugins/decreasing_priority_weight_strategy.py for tasks to queue
[2024-10-26T23:55:36.969+0000] {logging_mixin.py:190} INFO - [2024-10-26T23:55:36.969+0000] {dagbag.py:588} INFO - Filling up the DagBag from /home/airflow/.local/lib/python3.12/site-packages/airflow/example_dags/plugins/decreasing_priority_weight_strategy.py
[2024-10-26T23:55:36.971+0000] {processor.py:927} WARNING - No viable dags retrieved from /home/airflow/.local/lib/python3.12/site-packages/airflow/example_dags/plugins/decreasing_priority_weight_strategy.py
[2024-10-26T23:55:36.988+0000] {processor.py:208} INFO - Processing /home/airflow/.local/lib/python3.12/site-packages/airflow/example_dags/plugins/decreasing_priority_weight_strategy.py took 0.031 seconds
[2024-10-26T23:56:09.406+0000] {processor.py:186} INFO - Started process (PID=46752) to work on /home/airflow/.local/lib/python3.12/site-packages/airflow/example_dags/plugins/decreasing_priority_weight_strategy.py
[2024-10-26T23:56:09.407+0000] {processor.py:914} INFO - Processing file /home/airflow/.local/lib/python3.12/site-packages/airflow/example_dags/plugins/decreasing_priority_weight_strategy.py for tasks to queue
[2024-10-26T23:56:09.411+0000] {logging_mixin.py:190} INFO - [2024-10-26T23:56:09.410+0000] {dagbag.py:588} INFO - Filling up the DagBag from /home/airflow/.local/lib/python3.12/site-packages/airflow/example_dags/plugins/decreasing_priority_weight_strategy.py
[2024-10-26T23:56:09.413+0000] {processor.py:927} WARNING - No viable dags retrieved from /home/airflow/.local/lib/python3.12/site-packages/airflow/example_dags/plugins/decreasing_priority_weight_strategy.py
[2024-10-26T23:56:09.428+0000] {processor.py:208} INFO - Processing /home/airflow/.local/lib/python3.12/site-packages/airflow/example_dags/plugins/decreasing_priority_weight_strategy.py took 0.031 seconds
[2024-10-26T23:56:42.682+0000] {processor.py:186} INFO - Started process (PID=46816) to work on /home/airflow/.local/lib/python3.12/site-packages/airflow/example_dags/plugins/decreasing_priority_weight_strategy.py
[2024-10-26T23:56:42.684+0000] {processor.py:914} INFO - Processing file /home/airflow/.local/lib/python3.12/site-packages/airflow/example_dags/plugins/decreasing_priority_weight_strategy.py for tasks to queue
[2024-10-26T23:56:42.687+0000] {logging_mixin.py:190} INFO - [2024-10-26T23:56:42.687+0000] {dagbag.py:588} INFO - Filling up the DagBag from /home/airflow/.local/lib/python3.12/site-packages/airflow/example_dags/plugins/decreasing_priority_weight_strategy.py
[2024-10-26T23:56:42.690+0000] {processor.py:927} WARNING - No viable dags retrieved from /home/airflow/.local/lib/python3.12/site-packages/airflow/example_dags/plugins/decreasing_priority_weight_strategy.py
[2024-10-26T23:56:42.711+0000] {processor.py:208} INFO - Processing /home/airflow/.local/lib/python3.12/site-packages/airflow/example_dags/plugins/decreasing_priority_weight_strategy.py took 0.038 seconds
[2024-10-26T23:57:15.127+0000] {processor.py:186} INFO - Started process (PID=46880) to work on /home/airflow/.local/lib/python3.12/site-packages/airflow/example_dags/plugins/decreasing_priority_weight_strategy.py
[2024-10-26T23:57:15.128+0000] {processor.py:914} INFO - Processing file /home/airflow/.local/lib/python3.12/site-packages/airflow/example_dags/plugins/decreasing_priority_weight_strategy.py for tasks to queue
[2024-10-26T23:57:15.131+0000] {logging_mixin.py:190} INFO - [2024-10-26T23:57:15.130+0000] {dagbag.py:588} INFO - Filling up the DagBag from /home/airflow/.local/lib/python3.12/site-packages/airflow/example_dags/plugins/decreasing_priority_weight_strategy.py
[2024-10-26T23:57:15.133+0000] {processor.py:927} WARNING - No viable dags retrieved from /home/airflow/.local/lib/python3.12/site-packages/airflow/example_dags/plugins/decreasing_priority_weight_strategy.py
[2024-10-26T23:57:15.150+0000] {processor.py:208} INFO - Processing /home/airflow/.local/lib/python3.12/site-packages/airflow/example_dags/plugins/decreasing_priority_weight_strategy.py took 0.031 seconds
[2024-10-26T23:57:47.811+0000] {processor.py:186} INFO - Started process (PID=46944) to work on /home/airflow/.local/lib/python3.12/site-packages/airflow/example_dags/plugins/decreasing_priority_weight_strategy.py
[2024-10-26T23:57:47.812+0000] {processor.py:914} INFO - Processing file /home/airflow/.local/lib/python3.12/site-packages/airflow/example_dags/plugins/decreasing_priority_weight_strategy.py for tasks to queue
[2024-10-26T23:57:47.818+0000] {logging_mixin.py:190} INFO - [2024-10-26T23:57:47.815+0000] {dagbag.py:588} INFO - Filling up the DagBag from /home/airflow/.local/lib/python3.12/site-packages/airflow/example_dags/plugins/decreasing_priority_weight_strategy.py
[2024-10-26T23:57:47.821+0000] {processor.py:927} WARNING - No viable dags retrieved from /home/airflow/.local/lib/python3.12/site-packages/airflow/example_dags/plugins/decreasing_priority_weight_strategy.py
[2024-10-26T23:57:47.836+0000] {processor.py:208} INFO - Processing /home/airflow/.local/lib/python3.12/site-packages/airflow/example_dags/plugins/decreasing_priority_weight_strategy.py took 0.034 seconds
[2024-10-26T23:58:20.439+0000] {processor.py:186} INFO - Started process (PID=47008) to work on /home/airflow/.local/lib/python3.12/site-packages/airflow/example_dags/plugins/decreasing_priority_weight_strategy.py
[2024-10-26T23:58:20.440+0000] {processor.py:914} INFO - Processing file /home/airflow/.local/lib/python3.12/site-packages/airflow/example_dags/plugins/decreasing_priority_weight_strategy.py for tasks to queue
[2024-10-26T23:58:20.443+0000] {logging_mixin.py:190} INFO - [2024-10-26T23:58:20.443+0000] {dagbag.py:588} INFO - Filling up the DagBag from /home/airflow/.local/lib/python3.12/site-packages/airflow/example_dags/plugins/decreasing_priority_weight_strategy.py
[2024-10-26T23:58:20.447+0000] {processor.py:927} WARNING - No viable dags retrieved from /home/airflow/.local/lib/python3.12/site-packages/airflow/example_dags/plugins/decreasing_priority_weight_strategy.py
[2024-10-26T23:58:20.459+0000] {processor.py:208} INFO - Processing /home/airflow/.local/lib/python3.12/site-packages/airflow/example_dags/plugins/decreasing_priority_weight_strategy.py took 0.025 seconds
[2024-10-26T23:58:52.732+0000] {processor.py:186} INFO - Started process (PID=47073) to work on /home/airflow/.local/lib/python3.12/site-packages/airflow/example_dags/plugins/decreasing_priority_weight_strategy.py
[2024-10-26T23:58:52.733+0000] {processor.py:914} INFO - Processing file /home/airflow/.local/lib/python3.12/site-packages/airflow/example_dags/plugins/decreasing_priority_weight_strategy.py for tasks to queue
[2024-10-26T23:58:52.736+0000] {logging_mixin.py:190} INFO - [2024-10-26T23:58:52.736+0000] {dagbag.py:588} INFO - Filling up the DagBag from /home/airflow/.local/lib/python3.12/site-packages/airflow/example_dags/plugins/decreasing_priority_weight_strategy.py
[2024-10-26T23:58:52.739+0000] {processor.py:927} WARNING - No viable dags retrieved from /home/airflow/.local/lib/python3.12/site-packages/airflow/example_dags/plugins/decreasing_priority_weight_strategy.py
[2024-10-26T23:58:52.751+0000] {processor.py:208} INFO - Processing /home/airflow/.local/lib/python3.12/site-packages/airflow/example_dags/plugins/decreasing_priority_weight_strategy.py took 0.029 seconds
[2024-10-26T23:59:26.035+0000] {processor.py:186} INFO - Started process (PID=47137) to work on /home/airflow/.local/lib/python3.12/site-packages/airflow/example_dags/plugins/decreasing_priority_weight_strategy.py
[2024-10-26T23:59:26.036+0000] {processor.py:914} INFO - Processing file /home/airflow/.local/lib/python3.12/site-packages/airflow/example_dags/plugins/decreasing_priority_weight_strategy.py for tasks to queue
[2024-10-26T23:59:26.039+0000] {logging_mixin.py:190} INFO - [2024-10-26T23:59:26.038+0000] {dagbag.py:588} INFO - Filling up the DagBag from /home/airflow/.local/lib/python3.12/site-packages/airflow/example_dags/plugins/decreasing_priority_weight_strategy.py
[2024-10-26T23:59:26.041+0000] {processor.py:927} WARNING - No viable dags retrieved from /home/airflow/.local/lib/python3.12/site-packages/airflow/example_dags/plugins/decreasing_priority_weight_strategy.py
[2024-10-26T23:59:26.056+0000] {processor.py:208} INFO - Processing /home/airflow/.local/lib/python3.12/site-packages/airflow/example_dags/plugins/decreasing_priority_weight_strategy.py took 0.027 seconds
[2024-10-26T23:59:58.416+0000] {processor.py:186} INFO - Started process (PID=47201) to work on /home/airflow/.local/lib/python3.12/site-packages/airflow/example_dags/plugins/decreasing_priority_weight_strategy.py
[2024-10-26T23:59:58.417+0000] {processor.py:914} INFO - Processing file /home/airflow/.local/lib/python3.12/site-packages/airflow/example_dags/plugins/decreasing_priority_weight_strategy.py for tasks to queue
[2024-10-26T23:59:58.424+0000] {logging_mixin.py:190} INFO - [2024-10-26T23:59:58.424+0000] {dagbag.py:588} INFO - Filling up the DagBag from /home/airflow/.local/lib/python3.12/site-packages/airflow/example_dags/plugins/decreasing_priority_weight_strategy.py
[2024-10-26T23:59:58.427+0000] {processor.py:927} WARNING - No viable dags retrieved from /home/airflow/.local/lib/python3.12/site-packages/airflow/example_dags/plugins/decreasing_priority_weight_strategy.py
[2024-10-26T23:59:58.442+0000] {processor.py:208} INFO - Processing /home/airflow/.local/lib/python3.12/site-packages/airflow/example_dags/plugins/decreasing_priority_weight_strategy.py took 0.033 seconds
