[2024-10-26T17:19:20.522+0000] {processor.py:186} INFO - Started process (PID=76) to work on /home/airflow/.local/lib/python3.12/site-packages/airflow/example_dags/example_params_trigger_ui.py
[2024-10-26T17:19:20.525+0000] {processor.py:914} INFO - Processing file /home/airflow/.local/lib/python3.12/site-packages/airflow/example_dags/example_params_trigger_ui.py for tasks to queue
[2024-10-26T17:19:20.529+0000] {logging_mixin.py:190} INFO - [2024-10-26T17:19:20.529+0000] {dagbag.py:588} INFO - Filling up the DagBag from /home/airflow/.local/lib/python3.12/site-packages/airflow/example_dags/example_params_trigger_ui.py
[2024-10-26T17:19:20.552+0000] {processor.py:925} INFO - DAG(s) 'example_params_trigger_ui' retrieved from /home/airflow/.local/lib/python3.12/site-packages/airflow/example_dags/example_params_trigger_ui.py
[2024-10-26T17:19:20.617+0000] {logging_mixin.py:190} INFO - [2024-10-26T17:19:20.616+0000] {dag.py:3239} INFO - Sync 1 DAGs
[2024-10-26T17:19:20.636+0000] {logging_mixin.py:190} INFO - [2024-10-26T17:19:20.635+0000] {dag.py:4180} INFO - Setting next_dagrun for example_params_trigger_ui to None, run_after=None
[2024-10-26T17:19:20.664+0000] {processor.py:208} INFO - Processing /home/airflow/.local/lib/python3.12/site-packages/airflow/example_dags/example_params_trigger_ui.py took 0.151 seconds
[2024-10-26T17:19:51.673+0000] {processor.py:186} INFO - Started process (PID=141) to work on /home/airflow/.local/lib/python3.12/site-packages/airflow/example_dags/example_params_trigger_ui.py
[2024-10-26T17:19:51.675+0000] {processor.py:914} INFO - Processing file /home/airflow/.local/lib/python3.12/site-packages/airflow/example_dags/example_params_trigger_ui.py for tasks to queue
[2024-10-26T17:19:51.677+0000] {logging_mixin.py:190} INFO - [2024-10-26T17:19:51.677+0000] {dagbag.py:588} INFO - Filling up the DagBag from /home/airflow/.local/lib/python3.12/site-packages/airflow/example_dags/example_params_trigger_ui.py
[2024-10-26T17:19:51.691+0000] {processor.py:925} INFO - DAG(s) 'example_params_trigger_ui' retrieved from /home/airflow/.local/lib/python3.12/site-packages/airflow/example_dags/example_params_trigger_ui.py
[2024-10-26T17:19:51.747+0000] {logging_mixin.py:190} INFO - [2024-10-26T17:19:51.747+0000] {dag.py:3239} INFO - Sync 1 DAGs
[2024-10-26T17:19:51.801+0000] {logging_mixin.py:190} INFO - [2024-10-26T17:19:51.801+0000] {dag.py:4180} INFO - Setting next_dagrun for example_params_trigger_ui to None, run_after=None
[2024-10-26T17:19:51.861+0000] {processor.py:208} INFO - Processing /home/airflow/.local/lib/python3.12/site-packages/airflow/example_dags/example_params_trigger_ui.py took 0.194 seconds
[2024-10-26T17:20:24.099+0000] {processor.py:186} INFO - Started process (PID=206) to work on /home/airflow/.local/lib/python3.12/site-packages/airflow/example_dags/example_params_trigger_ui.py
[2024-10-26T17:20:24.101+0000] {processor.py:914} INFO - Processing file /home/airflow/.local/lib/python3.12/site-packages/airflow/example_dags/example_params_trigger_ui.py for tasks to queue
[2024-10-26T17:20:24.107+0000] {logging_mixin.py:190} INFO - [2024-10-26T17:20:24.107+0000] {dagbag.py:588} INFO - Filling up the DagBag from /home/airflow/.local/lib/python3.12/site-packages/airflow/example_dags/example_params_trigger_ui.py
[2024-10-26T17:20:24.121+0000] {processor.py:925} INFO - DAG(s) 'example_params_trigger_ui' retrieved from /home/airflow/.local/lib/python3.12/site-packages/airflow/example_dags/example_params_trigger_ui.py
[2024-10-26T17:20:24.184+0000] {logging_mixin.py:190} INFO - [2024-10-26T17:20:24.184+0000] {dag.py:3239} INFO - Sync 1 DAGs
[2024-10-26T17:20:24.209+0000] {logging_mixin.py:190} INFO - [2024-10-26T17:20:24.208+0000] {dag.py:4180} INFO - Setting next_dagrun for example_params_trigger_ui to None, run_after=None
[2024-10-26T17:20:24.229+0000] {processor.py:208} INFO - Processing /home/airflow/.local/lib/python3.12/site-packages/airflow/example_dags/example_params_trigger_ui.py took 0.138 seconds
[2024-10-26T17:20:54.494+0000] {processor.py:186} INFO - Started process (PID=270) to work on /home/airflow/.local/lib/python3.12/site-packages/airflow/example_dags/example_params_trigger_ui.py
[2024-10-26T17:20:54.495+0000] {processor.py:914} INFO - Processing file /home/airflow/.local/lib/python3.12/site-packages/airflow/example_dags/example_params_trigger_ui.py for tasks to queue
[2024-10-26T17:20:54.497+0000] {logging_mixin.py:190} INFO - [2024-10-26T17:20:54.497+0000] {dagbag.py:588} INFO - Filling up the DagBag from /home/airflow/.local/lib/python3.12/site-packages/airflow/example_dags/example_params_trigger_ui.py
[2024-10-26T17:20:54.508+0000] {processor.py:925} INFO - DAG(s) 'example_params_trigger_ui' retrieved from /home/airflow/.local/lib/python3.12/site-packages/airflow/example_dags/example_params_trigger_ui.py
[2024-10-26T17:20:54.547+0000] {logging_mixin.py:190} INFO - [2024-10-26T17:20:54.547+0000] {dag.py:3239} INFO - Sync 1 DAGs
[2024-10-26T17:20:54.562+0000] {logging_mixin.py:190} INFO - [2024-10-26T17:20:54.561+0000] {dag.py:4180} INFO - Setting next_dagrun for example_params_trigger_ui to None, run_after=None
[2024-10-26T17:20:54.582+0000] {processor.py:208} INFO - Processing /home/airflow/.local/lib/python3.12/site-packages/airflow/example_dags/example_params_trigger_ui.py took 0.093 seconds
[2024-10-26T17:21:25.602+0000] {processor.py:186} INFO - Started process (PID=334) to work on /home/airflow/.local/lib/python3.12/site-packages/airflow/example_dags/example_params_trigger_ui.py
[2024-10-26T17:21:25.603+0000] {processor.py:914} INFO - Processing file /home/airflow/.local/lib/python3.12/site-packages/airflow/example_dags/example_params_trigger_ui.py for tasks to queue
[2024-10-26T17:21:25.606+0000] {logging_mixin.py:190} INFO - [2024-10-26T17:21:25.606+0000] {dagbag.py:588} INFO - Filling up the DagBag from /home/airflow/.local/lib/python3.12/site-packages/airflow/example_dags/example_params_trigger_ui.py
[2024-10-26T17:21:25.618+0000] {processor.py:925} INFO - DAG(s) 'example_params_trigger_ui' retrieved from /home/airflow/.local/lib/python3.12/site-packages/airflow/example_dags/example_params_trigger_ui.py
[2024-10-26T17:21:25.656+0000] {logging_mixin.py:190} INFO - [2024-10-26T17:21:25.655+0000] {dag.py:3239} INFO - Sync 1 DAGs
[2024-10-26T17:21:25.668+0000] {logging_mixin.py:190} INFO - [2024-10-26T17:21:25.668+0000] {dag.py:4180} INFO - Setting next_dagrun for example_params_trigger_ui to None, run_after=None
[2024-10-26T17:21:25.697+0000] {processor.py:208} INFO - Processing /home/airflow/.local/lib/python3.12/site-packages/airflow/example_dags/example_params_trigger_ui.py took 0.100 seconds
[2024-10-26T17:21:56.623+0000] {processor.py:186} INFO - Started process (PID=398) to work on /home/airflow/.local/lib/python3.12/site-packages/airflow/example_dags/example_params_trigger_ui.py
[2024-10-26T17:21:56.624+0000] {processor.py:914} INFO - Processing file /home/airflow/.local/lib/python3.12/site-packages/airflow/example_dags/example_params_trigger_ui.py for tasks to queue
[2024-10-26T17:21:56.627+0000] {logging_mixin.py:190} INFO - [2024-10-26T17:21:56.626+0000] {dagbag.py:588} INFO - Filling up the DagBag from /home/airflow/.local/lib/python3.12/site-packages/airflow/example_dags/example_params_trigger_ui.py
[2024-10-26T17:21:56.636+0000] {processor.py:925} INFO - DAG(s) 'example_params_trigger_ui' retrieved from /home/airflow/.local/lib/python3.12/site-packages/airflow/example_dags/example_params_trigger_ui.py
[2024-10-26T17:21:56.677+0000] {logging_mixin.py:190} INFO - [2024-10-26T17:21:56.677+0000] {dag.py:3239} INFO - Sync 1 DAGs
[2024-10-26T17:21:56.690+0000] {logging_mixin.py:190} INFO - [2024-10-26T17:21:56.690+0000] {dag.py:4180} INFO - Setting next_dagrun for example_params_trigger_ui to None, run_after=None
[2024-10-26T17:21:56.715+0000] {processor.py:208} INFO - Processing /home/airflow/.local/lib/python3.12/site-packages/airflow/example_dags/example_params_trigger_ui.py took 0.097 seconds
[2024-10-26T17:22:27.417+0000] {processor.py:186} INFO - Started process (PID=462) to work on /home/airflow/.local/lib/python3.12/site-packages/airflow/example_dags/example_params_trigger_ui.py
[2024-10-26T17:22:27.418+0000] {processor.py:914} INFO - Processing file /home/airflow/.local/lib/python3.12/site-packages/airflow/example_dags/example_params_trigger_ui.py for tasks to queue
[2024-10-26T17:22:27.420+0000] {logging_mixin.py:190} INFO - [2024-10-26T17:22:27.420+0000] {dagbag.py:588} INFO - Filling up the DagBag from /home/airflow/.local/lib/python3.12/site-packages/airflow/example_dags/example_params_trigger_ui.py
[2024-10-26T17:22:27.431+0000] {processor.py:925} INFO - DAG(s) 'example_params_trigger_ui' retrieved from /home/airflow/.local/lib/python3.12/site-packages/airflow/example_dags/example_params_trigger_ui.py
[2024-10-26T17:22:27.470+0000] {logging_mixin.py:190} INFO - [2024-10-26T17:22:27.470+0000] {dag.py:3239} INFO - Sync 1 DAGs
[2024-10-26T17:22:27.483+0000] {logging_mixin.py:190} INFO - [2024-10-26T17:22:27.482+0000] {dag.py:4180} INFO - Setting next_dagrun for example_params_trigger_ui to None, run_after=None
[2024-10-26T17:22:27.502+0000] {processor.py:208} INFO - Processing /home/airflow/.local/lib/python3.12/site-packages/airflow/example_dags/example_params_trigger_ui.py took 0.091 seconds
[2024-10-26T17:22:57.732+0000] {processor.py:186} INFO - Started process (PID=526) to work on /home/airflow/.local/lib/python3.12/site-packages/airflow/example_dags/example_params_trigger_ui.py
[2024-10-26T17:22:57.733+0000] {processor.py:914} INFO - Processing file /home/airflow/.local/lib/python3.12/site-packages/airflow/example_dags/example_params_trigger_ui.py for tasks to queue
[2024-10-26T17:22:57.735+0000] {logging_mixin.py:190} INFO - [2024-10-26T17:22:57.735+0000] {dagbag.py:588} INFO - Filling up the DagBag from /home/airflow/.local/lib/python3.12/site-packages/airflow/example_dags/example_params_trigger_ui.py
[2024-10-26T17:22:57.747+0000] {processor.py:925} INFO - DAG(s) 'example_params_trigger_ui' retrieved from /home/airflow/.local/lib/python3.12/site-packages/airflow/example_dags/example_params_trigger_ui.py
[2024-10-26T17:22:57.793+0000] {logging_mixin.py:190} INFO - [2024-10-26T17:22:57.793+0000] {dag.py:3239} INFO - Sync 1 DAGs
[2024-10-26T17:22:57.809+0000] {logging_mixin.py:190} INFO - [2024-10-26T17:22:57.809+0000] {dag.py:4180} INFO - Setting next_dagrun for example_params_trigger_ui to None, run_after=None
[2024-10-26T17:22:57.829+0000] {processor.py:208} INFO - Processing /home/airflow/.local/lib/python3.12/site-packages/airflow/example_dags/example_params_trigger_ui.py took 0.104 seconds
[2024-10-26T17:23:28.280+0000] {processor.py:186} INFO - Started process (PID=591) to work on /home/airflow/.local/lib/python3.12/site-packages/airflow/example_dags/example_params_trigger_ui.py
[2024-10-26T17:23:28.281+0000] {processor.py:914} INFO - Processing file /home/airflow/.local/lib/python3.12/site-packages/airflow/example_dags/example_params_trigger_ui.py for tasks to queue
[2024-10-26T17:23:28.284+0000] {logging_mixin.py:190} INFO - [2024-10-26T17:23:28.284+0000] {dagbag.py:588} INFO - Filling up the DagBag from /home/airflow/.local/lib/python3.12/site-packages/airflow/example_dags/example_params_trigger_ui.py
[2024-10-26T17:23:28.295+0000] {processor.py:925} INFO - DAG(s) 'example_params_trigger_ui' retrieved from /home/airflow/.local/lib/python3.12/site-packages/airflow/example_dags/example_params_trigger_ui.py
[2024-10-26T17:23:28.336+0000] {logging_mixin.py:190} INFO - [2024-10-26T17:23:28.336+0000] {dag.py:3239} INFO - Sync 1 DAGs
[2024-10-26T17:23:28.350+0000] {logging_mixin.py:190} INFO - [2024-10-26T17:23:28.350+0000] {dag.py:4180} INFO - Setting next_dagrun for example_params_trigger_ui to None, run_after=None
[2024-10-26T17:23:28.371+0000] {processor.py:208} INFO - Processing /home/airflow/.local/lib/python3.12/site-packages/airflow/example_dags/example_params_trigger_ui.py took 0.096 seconds
[2024-10-26T17:23:58.689+0000] {processor.py:186} INFO - Started process (PID=655) to work on /home/airflow/.local/lib/python3.12/site-packages/airflow/example_dags/example_params_trigger_ui.py
[2024-10-26T17:23:58.690+0000] {processor.py:914} INFO - Processing file /home/airflow/.local/lib/python3.12/site-packages/airflow/example_dags/example_params_trigger_ui.py for tasks to queue
[2024-10-26T17:23:58.693+0000] {logging_mixin.py:190} INFO - [2024-10-26T17:23:58.692+0000] {dagbag.py:588} INFO - Filling up the DagBag from /home/airflow/.local/lib/python3.12/site-packages/airflow/example_dags/example_params_trigger_ui.py
[2024-10-26T17:23:58.707+0000] {processor.py:925} INFO - DAG(s) 'example_params_trigger_ui' retrieved from /home/airflow/.local/lib/python3.12/site-packages/airflow/example_dags/example_params_trigger_ui.py
[2024-10-26T17:23:58.753+0000] {logging_mixin.py:190} INFO - [2024-10-26T17:23:58.752+0000] {dag.py:3239} INFO - Sync 1 DAGs
[2024-10-26T17:23:58.768+0000] {logging_mixin.py:190} INFO - [2024-10-26T17:23:58.768+0000] {dag.py:4180} INFO - Setting next_dagrun for example_params_trigger_ui to None, run_after=None
[2024-10-26T17:23:58.789+0000] {processor.py:208} INFO - Processing /home/airflow/.local/lib/python3.12/site-packages/airflow/example_dags/example_params_trigger_ui.py took 0.107 seconds
[2024-10-26T17:24:29.398+0000] {processor.py:186} INFO - Started process (PID=719) to work on /home/airflow/.local/lib/python3.12/site-packages/airflow/example_dags/example_params_trigger_ui.py
[2024-10-26T17:24:29.400+0000] {processor.py:914} INFO - Processing file /home/airflow/.local/lib/python3.12/site-packages/airflow/example_dags/example_params_trigger_ui.py for tasks to queue
[2024-10-26T17:24:29.403+0000] {logging_mixin.py:190} INFO - [2024-10-26T17:24:29.403+0000] {dagbag.py:588} INFO - Filling up the DagBag from /home/airflow/.local/lib/python3.12/site-packages/airflow/example_dags/example_params_trigger_ui.py
[2024-10-26T17:24:29.418+0000] {processor.py:925} INFO - DAG(s) 'example_params_trigger_ui' retrieved from /home/airflow/.local/lib/python3.12/site-packages/airflow/example_dags/example_params_trigger_ui.py
[2024-10-26T17:24:29.473+0000] {logging_mixin.py:190} INFO - [2024-10-26T17:24:29.473+0000] {dag.py:3239} INFO - Sync 1 DAGs
[2024-10-26T17:24:29.492+0000] {logging_mixin.py:190} INFO - [2024-10-26T17:24:29.491+0000] {dag.py:4180} INFO - Setting next_dagrun for example_params_trigger_ui to None, run_after=None
[2024-10-26T17:24:29.517+0000] {processor.py:208} INFO - Processing /home/airflow/.local/lib/python3.12/site-packages/airflow/example_dags/example_params_trigger_ui.py took 0.125 seconds
[2024-10-26T17:25:00.090+0000] {processor.py:186} INFO - Started process (PID=777) to work on /home/airflow/.local/lib/python3.12/site-packages/airflow/example_dags/example_params_trigger_ui.py
[2024-10-26T17:25:00.092+0000] {processor.py:914} INFO - Processing file /home/airflow/.local/lib/python3.12/site-packages/airflow/example_dags/example_params_trigger_ui.py for tasks to queue
[2024-10-26T17:25:00.095+0000] {logging_mixin.py:190} INFO - [2024-10-26T17:25:00.094+0000] {dagbag.py:588} INFO - Filling up the DagBag from /home/airflow/.local/lib/python3.12/site-packages/airflow/example_dags/example_params_trigger_ui.py
[2024-10-26T17:25:00.108+0000] {processor.py:925} INFO - DAG(s) 'example_params_trigger_ui' retrieved from /home/airflow/.local/lib/python3.12/site-packages/airflow/example_dags/example_params_trigger_ui.py
[2024-10-26T17:25:00.150+0000] {logging_mixin.py:190} INFO - [2024-10-26T17:25:00.150+0000] {dag.py:3239} INFO - Sync 1 DAGs
[2024-10-26T17:25:00.166+0000] {logging_mixin.py:190} INFO - [2024-10-26T17:25:00.166+0000] {dag.py:4180} INFO - Setting next_dagrun for example_params_trigger_ui to None, run_after=None
[2024-10-26T17:25:00.189+0000] {processor.py:208} INFO - Processing /home/airflow/.local/lib/python3.12/site-packages/airflow/example_dags/example_params_trigger_ui.py took 0.108 seconds
[2024-10-26T17:25:30.981+0000] {processor.py:186} INFO - Started process (PID=841) to work on /home/airflow/.local/lib/python3.12/site-packages/airflow/example_dags/example_params_trigger_ui.py
[2024-10-26T17:25:30.982+0000] {processor.py:914} INFO - Processing file /home/airflow/.local/lib/python3.12/site-packages/airflow/example_dags/example_params_trigger_ui.py for tasks to queue
[2024-10-26T17:25:30.985+0000] {logging_mixin.py:190} INFO - [2024-10-26T17:25:30.985+0000] {dagbag.py:588} INFO - Filling up the DagBag from /home/airflow/.local/lib/python3.12/site-packages/airflow/example_dags/example_params_trigger_ui.py
[2024-10-26T17:25:30.998+0000] {processor.py:925} INFO - DAG(s) 'example_params_trigger_ui' retrieved from /home/airflow/.local/lib/python3.12/site-packages/airflow/example_dags/example_params_trigger_ui.py
[2024-10-26T17:25:31.048+0000] {logging_mixin.py:190} INFO - [2024-10-26T17:25:31.047+0000] {dag.py:3239} INFO - Sync 1 DAGs
[2024-10-26T17:25:31.065+0000] {logging_mixin.py:190} INFO - [2024-10-26T17:25:31.065+0000] {dag.py:4180} INFO - Setting next_dagrun for example_params_trigger_ui to None, run_after=None
[2024-10-26T17:25:31.090+0000] {processor.py:208} INFO - Processing /home/airflow/.local/lib/python3.12/site-packages/airflow/example_dags/example_params_trigger_ui.py took 0.116 seconds
[2024-10-26T17:26:03.678+0000] {processor.py:186} INFO - Started process (PID=905) to work on /home/airflow/.local/lib/python3.12/site-packages/airflow/example_dags/example_params_trigger_ui.py
[2024-10-26T17:26:03.680+0000] {processor.py:914} INFO - Processing file /home/airflow/.local/lib/python3.12/site-packages/airflow/example_dags/example_params_trigger_ui.py for tasks to queue
[2024-10-26T17:26:03.684+0000] {logging_mixin.py:190} INFO - [2024-10-26T17:26:03.684+0000] {dagbag.py:588} INFO - Filling up the DagBag from /home/airflow/.local/lib/python3.12/site-packages/airflow/example_dags/example_params_trigger_ui.py
[2024-10-26T17:26:03.705+0000] {processor.py:925} INFO - DAG(s) 'example_params_trigger_ui' retrieved from /home/airflow/.local/lib/python3.12/site-packages/airflow/example_dags/example_params_trigger_ui.py
[2024-10-26T17:26:03.774+0000] {logging_mixin.py:190} INFO - [2024-10-26T17:26:03.773+0000] {dag.py:3239} INFO - Sync 1 DAGs
[2024-10-26T17:26:03.799+0000] {logging_mixin.py:190} INFO - [2024-10-26T17:26:03.799+0000] {dag.py:4180} INFO - Setting next_dagrun for example_params_trigger_ui to None, run_after=None
[2024-10-26T17:26:03.829+0000] {processor.py:208} INFO - Processing /home/airflow/.local/lib/python3.12/site-packages/airflow/example_dags/example_params_trigger_ui.py took 0.159 seconds
[2024-10-26T17:26:35.972+0000] {processor.py:186} INFO - Started process (PID=970) to work on /home/airflow/.local/lib/python3.12/site-packages/airflow/example_dags/example_params_trigger_ui.py
[2024-10-26T17:26:35.974+0000] {processor.py:914} INFO - Processing file /home/airflow/.local/lib/python3.12/site-packages/airflow/example_dags/example_params_trigger_ui.py for tasks to queue
[2024-10-26T17:26:35.977+0000] {logging_mixin.py:190} INFO - [2024-10-26T17:26:35.977+0000] {dagbag.py:588} INFO - Filling up the DagBag from /home/airflow/.local/lib/python3.12/site-packages/airflow/example_dags/example_params_trigger_ui.py
[2024-10-26T17:26:36.005+0000] {processor.py:925} INFO - DAG(s) 'example_params_trigger_ui' retrieved from /home/airflow/.local/lib/python3.12/site-packages/airflow/example_dags/example_params_trigger_ui.py
[2024-10-26T17:26:36.063+0000] {logging_mixin.py:190} INFO - [2024-10-26T17:26:36.063+0000] {dag.py:3239} INFO - Sync 1 DAGs
[2024-10-26T17:26:36.083+0000] {logging_mixin.py:190} INFO - [2024-10-26T17:26:36.082+0000] {dag.py:4180} INFO - Setting next_dagrun for example_params_trigger_ui to None, run_after=None
[2024-10-26T17:26:36.121+0000] {processor.py:208} INFO - Processing /home/airflow/.local/lib/python3.12/site-packages/airflow/example_dags/example_params_trigger_ui.py took 0.158 seconds
[2024-10-26T17:27:08.852+0000] {processor.py:186} INFO - Started process (PID=1034) to work on /home/airflow/.local/lib/python3.12/site-packages/airflow/example_dags/example_params_trigger_ui.py
[2024-10-26T17:27:08.853+0000] {processor.py:914} INFO - Processing file /home/airflow/.local/lib/python3.12/site-packages/airflow/example_dags/example_params_trigger_ui.py for tasks to queue
[2024-10-26T17:27:08.856+0000] {logging_mixin.py:190} INFO - [2024-10-26T17:27:08.856+0000] {dagbag.py:588} INFO - Filling up the DagBag from /home/airflow/.local/lib/python3.12/site-packages/airflow/example_dags/example_params_trigger_ui.py
[2024-10-26T17:27:08.874+0000] {processor.py:925} INFO - DAG(s) 'example_params_trigger_ui' retrieved from /home/airflow/.local/lib/python3.12/site-packages/airflow/example_dags/example_params_trigger_ui.py
[2024-10-26T17:27:08.930+0000] {logging_mixin.py:190} INFO - [2024-10-26T17:27:08.930+0000] {dag.py:3239} INFO - Sync 1 DAGs
[2024-10-26T17:27:08.950+0000] {logging_mixin.py:190} INFO - [2024-10-26T17:27:08.950+0000] {dag.py:4180} INFO - Setting next_dagrun for example_params_trigger_ui to None, run_after=None
[2024-10-26T17:27:08.977+0000] {processor.py:208} INFO - Processing /home/airflow/.local/lib/python3.12/site-packages/airflow/example_dags/example_params_trigger_ui.py took 0.133 seconds
[2024-10-26T17:27:41.389+0000] {processor.py:186} INFO - Started process (PID=1098) to work on /home/airflow/.local/lib/python3.12/site-packages/airflow/example_dags/example_params_trigger_ui.py
[2024-10-26T17:27:41.391+0000] {processor.py:914} INFO - Processing file /home/airflow/.local/lib/python3.12/site-packages/airflow/example_dags/example_params_trigger_ui.py for tasks to queue
[2024-10-26T17:27:41.394+0000] {logging_mixin.py:190} INFO - [2024-10-26T17:27:41.394+0000] {dagbag.py:588} INFO - Filling up the DagBag from /home/airflow/.local/lib/python3.12/site-packages/airflow/example_dags/example_params_trigger_ui.py
[2024-10-26T17:27:41.412+0000] {processor.py:925} INFO - DAG(s) 'example_params_trigger_ui' retrieved from /home/airflow/.local/lib/python3.12/site-packages/airflow/example_dags/example_params_trigger_ui.py
[2024-10-26T17:27:41.466+0000] {logging_mixin.py:190} INFO - [2024-10-26T17:27:41.465+0000] {dag.py:3239} INFO - Sync 1 DAGs
[2024-10-26T17:27:41.484+0000] {logging_mixin.py:190} INFO - [2024-10-26T17:27:41.483+0000] {dag.py:4180} INFO - Setting next_dagrun for example_params_trigger_ui to None, run_after=None
[2024-10-26T17:27:41.509+0000] {processor.py:208} INFO - Processing /home/airflow/.local/lib/python3.12/site-packages/airflow/example_dags/example_params_trigger_ui.py took 0.128 seconds
[2024-10-26T17:28:13.981+0000] {processor.py:186} INFO - Started process (PID=1162) to work on /home/airflow/.local/lib/python3.12/site-packages/airflow/example_dags/example_params_trigger_ui.py
[2024-10-26T17:28:13.982+0000] {processor.py:914} INFO - Processing file /home/airflow/.local/lib/python3.12/site-packages/airflow/example_dags/example_params_trigger_ui.py for tasks to queue
[2024-10-26T17:28:13.985+0000] {logging_mixin.py:190} INFO - [2024-10-26T17:28:13.985+0000] {dagbag.py:588} INFO - Filling up the DagBag from /home/airflow/.local/lib/python3.12/site-packages/airflow/example_dags/example_params_trigger_ui.py
[2024-10-26T17:28:14.001+0000] {processor.py:925} INFO - DAG(s) 'example_params_trigger_ui' retrieved from /home/airflow/.local/lib/python3.12/site-packages/airflow/example_dags/example_params_trigger_ui.py
[2024-10-26T17:28:14.055+0000] {logging_mixin.py:190} INFO - [2024-10-26T17:28:14.055+0000] {dag.py:3239} INFO - Sync 1 DAGs
[2024-10-26T17:28:14.073+0000] {logging_mixin.py:190} INFO - [2024-10-26T17:28:14.072+0000] {dag.py:4180} INFO - Setting next_dagrun for example_params_trigger_ui to None, run_after=None
[2024-10-26T17:28:14.099+0000] {processor.py:208} INFO - Processing /home/airflow/.local/lib/python3.12/site-packages/airflow/example_dags/example_params_trigger_ui.py took 0.124 seconds
[2024-10-26T17:28:46.422+0000] {processor.py:186} INFO - Started process (PID=1227) to work on /home/airflow/.local/lib/python3.12/site-packages/airflow/example_dags/example_params_trigger_ui.py
[2024-10-26T17:28:46.423+0000] {processor.py:914} INFO - Processing file /home/airflow/.local/lib/python3.12/site-packages/airflow/example_dags/example_params_trigger_ui.py for tasks to queue
[2024-10-26T17:28:46.426+0000] {logging_mixin.py:190} INFO - [2024-10-26T17:28:46.426+0000] {dagbag.py:588} INFO - Filling up the DagBag from /home/airflow/.local/lib/python3.12/site-packages/airflow/example_dags/example_params_trigger_ui.py
[2024-10-26T17:28:46.445+0000] {processor.py:925} INFO - DAG(s) 'example_params_trigger_ui' retrieved from /home/airflow/.local/lib/python3.12/site-packages/airflow/example_dags/example_params_trigger_ui.py
[2024-10-26T17:28:46.495+0000] {logging_mixin.py:190} INFO - [2024-10-26T17:28:46.495+0000] {dag.py:3239} INFO - Sync 1 DAGs
[2024-10-26T17:28:46.514+0000] {logging_mixin.py:190} INFO - [2024-10-26T17:28:46.514+0000] {dag.py:4180} INFO - Setting next_dagrun for example_params_trigger_ui to None, run_after=None
[2024-10-26T17:28:46.537+0000] {processor.py:208} INFO - Processing /home/airflow/.local/lib/python3.12/site-packages/airflow/example_dags/example_params_trigger_ui.py took 0.121 seconds
[2024-10-26T17:29:19.505+0000] {processor.py:186} INFO - Started process (PID=1291) to work on /home/airflow/.local/lib/python3.12/site-packages/airflow/example_dags/example_params_trigger_ui.py
[2024-10-26T17:29:19.507+0000] {processor.py:914} INFO - Processing file /home/airflow/.local/lib/python3.12/site-packages/airflow/example_dags/example_params_trigger_ui.py for tasks to queue
[2024-10-26T17:29:19.510+0000] {logging_mixin.py:190} INFO - [2024-10-26T17:29:19.509+0000] {dagbag.py:588} INFO - Filling up the DagBag from /home/airflow/.local/lib/python3.12/site-packages/airflow/example_dags/example_params_trigger_ui.py
[2024-10-26T17:29:19.523+0000] {processor.py:925} INFO - DAG(s) 'example_params_trigger_ui' retrieved from /home/airflow/.local/lib/python3.12/site-packages/airflow/example_dags/example_params_trigger_ui.py
[2024-10-26T17:29:19.575+0000] {logging_mixin.py:190} INFO - [2024-10-26T17:29:19.575+0000] {dag.py:3239} INFO - Sync 1 DAGs
[2024-10-26T17:29:19.592+0000] {logging_mixin.py:190} INFO - [2024-10-26T17:29:19.592+0000] {dag.py:4180} INFO - Setting next_dagrun for example_params_trigger_ui to None, run_after=None
[2024-10-26T17:29:19.618+0000] {processor.py:208} INFO - Processing /home/airflow/.local/lib/python3.12/site-packages/airflow/example_dags/example_params_trigger_ui.py took 0.122 seconds
[2024-10-26T17:29:52.209+0000] {processor.py:186} INFO - Started process (PID=1355) to work on /home/airflow/.local/lib/python3.12/site-packages/airflow/example_dags/example_params_trigger_ui.py
[2024-10-26T17:29:52.210+0000] {processor.py:914} INFO - Processing file /home/airflow/.local/lib/python3.12/site-packages/airflow/example_dags/example_params_trigger_ui.py for tasks to queue
[2024-10-26T17:29:52.213+0000] {logging_mixin.py:190} INFO - [2024-10-26T17:29:52.213+0000] {dagbag.py:588} INFO - Filling up the DagBag from /home/airflow/.local/lib/python3.12/site-packages/airflow/example_dags/example_params_trigger_ui.py
[2024-10-26T17:29:52.229+0000] {processor.py:925} INFO - DAG(s) 'example_params_trigger_ui' retrieved from /home/airflow/.local/lib/python3.12/site-packages/airflow/example_dags/example_params_trigger_ui.py
[2024-10-26T17:29:52.299+0000] {logging_mixin.py:190} INFO - [2024-10-26T17:29:52.298+0000] {dag.py:3239} INFO - Sync 1 DAGs
[2024-10-26T17:29:52.316+0000] {logging_mixin.py:190} INFO - [2024-10-26T17:29:52.316+0000] {dag.py:4180} INFO - Setting next_dagrun for example_params_trigger_ui to None, run_after=None
[2024-10-26T17:29:52.339+0000] {processor.py:208} INFO - Processing /home/airflow/.local/lib/python3.12/site-packages/airflow/example_dags/example_params_trigger_ui.py took 0.137 seconds
[2024-10-26T17:30:25.220+0000] {processor.py:186} INFO - Started process (PID=1419) to work on /home/airflow/.local/lib/python3.12/site-packages/airflow/example_dags/example_params_trigger_ui.py
[2024-10-26T17:30:25.221+0000] {processor.py:914} INFO - Processing file /home/airflow/.local/lib/python3.12/site-packages/airflow/example_dags/example_params_trigger_ui.py for tasks to queue
[2024-10-26T17:30:25.224+0000] {logging_mixin.py:190} INFO - [2024-10-26T17:30:25.224+0000] {dagbag.py:588} INFO - Filling up the DagBag from /home/airflow/.local/lib/python3.12/site-packages/airflow/example_dags/example_params_trigger_ui.py
[2024-10-26T17:30:25.238+0000] {processor.py:925} INFO - DAG(s) 'example_params_trigger_ui' retrieved from /home/airflow/.local/lib/python3.12/site-packages/airflow/example_dags/example_params_trigger_ui.py
[2024-10-26T17:30:25.287+0000] {logging_mixin.py:190} INFO - [2024-10-26T17:30:25.287+0000] {dag.py:3239} INFO - Sync 1 DAGs
[2024-10-26T17:30:25.308+0000] {logging_mixin.py:190} INFO - [2024-10-26T17:30:25.308+0000] {dag.py:4180} INFO - Setting next_dagrun for example_params_trigger_ui to None, run_after=None
[2024-10-26T17:30:25.335+0000] {processor.py:208} INFO - Processing /home/airflow/.local/lib/python3.12/site-packages/airflow/example_dags/example_params_trigger_ui.py took 0.122 seconds
[2024-10-26T17:30:58.022+0000] {processor.py:186} INFO - Started process (PID=1483) to work on /home/airflow/.local/lib/python3.12/site-packages/airflow/example_dags/example_params_trigger_ui.py
[2024-10-26T17:30:58.024+0000] {processor.py:914} INFO - Processing file /home/airflow/.local/lib/python3.12/site-packages/airflow/example_dags/example_params_trigger_ui.py for tasks to queue
[2024-10-26T17:30:58.027+0000] {logging_mixin.py:190} INFO - [2024-10-26T17:30:58.027+0000] {dagbag.py:588} INFO - Filling up the DagBag from /home/airflow/.local/lib/python3.12/site-packages/airflow/example_dags/example_params_trigger_ui.py
[2024-10-26T17:30:58.044+0000] {processor.py:925} INFO - DAG(s) 'example_params_trigger_ui' retrieved from /home/airflow/.local/lib/python3.12/site-packages/airflow/example_dags/example_params_trigger_ui.py
[2024-10-26T17:30:58.095+0000] {logging_mixin.py:190} INFO - [2024-10-26T17:30:58.094+0000] {dag.py:3239} INFO - Sync 1 DAGs
[2024-10-26T17:30:58.118+0000] {logging_mixin.py:190} INFO - [2024-10-26T17:30:58.117+0000] {dag.py:4180} INFO - Setting next_dagrun for example_params_trigger_ui to None, run_after=None
[2024-10-26T17:30:58.162+0000] {processor.py:208} INFO - Processing /home/airflow/.local/lib/python3.12/site-packages/airflow/example_dags/example_params_trigger_ui.py took 0.149 seconds
[2024-10-26T17:31:30.461+0000] {processor.py:186} INFO - Started process (PID=1547) to work on /home/airflow/.local/lib/python3.12/site-packages/airflow/example_dags/example_params_trigger_ui.py
[2024-10-26T17:31:30.462+0000] {processor.py:914} INFO - Processing file /home/airflow/.local/lib/python3.12/site-packages/airflow/example_dags/example_params_trigger_ui.py for tasks to queue
[2024-10-26T17:31:30.465+0000] {logging_mixin.py:190} INFO - [2024-10-26T17:31:30.464+0000] {dagbag.py:588} INFO - Filling up the DagBag from /home/airflow/.local/lib/python3.12/site-packages/airflow/example_dags/example_params_trigger_ui.py
[2024-10-26T17:31:30.480+0000] {processor.py:925} INFO - DAG(s) 'example_params_trigger_ui' retrieved from /home/airflow/.local/lib/python3.12/site-packages/airflow/example_dags/example_params_trigger_ui.py
[2024-10-26T17:31:30.525+0000] {logging_mixin.py:190} INFO - [2024-10-26T17:31:30.525+0000] {dag.py:3239} INFO - Sync 1 DAGs
[2024-10-26T17:31:30.543+0000] {logging_mixin.py:190} INFO - [2024-10-26T17:31:30.543+0000] {dag.py:4180} INFO - Setting next_dagrun for example_params_trigger_ui to None, run_after=None
[2024-10-26T17:31:30.569+0000] {processor.py:208} INFO - Processing /home/airflow/.local/lib/python3.12/site-packages/airflow/example_dags/example_params_trigger_ui.py took 0.114 seconds
[2024-10-26T17:32:02.439+0000] {processor.py:186} INFO - Started process (PID=1611) to work on /home/airflow/.local/lib/python3.12/site-packages/airflow/example_dags/example_params_trigger_ui.py
[2024-10-26T17:32:02.440+0000] {processor.py:914} INFO - Processing file /home/airflow/.local/lib/python3.12/site-packages/airflow/example_dags/example_params_trigger_ui.py for tasks to queue
[2024-10-26T17:32:02.443+0000] {logging_mixin.py:190} INFO - [2024-10-26T17:32:02.443+0000] {dagbag.py:588} INFO - Filling up the DagBag from /home/airflow/.local/lib/python3.12/site-packages/airflow/example_dags/example_params_trigger_ui.py
[2024-10-26T17:32:02.457+0000] {processor.py:925} INFO - DAG(s) 'example_params_trigger_ui' retrieved from /home/airflow/.local/lib/python3.12/site-packages/airflow/example_dags/example_params_trigger_ui.py
[2024-10-26T17:32:02.527+0000] {logging_mixin.py:190} INFO - [2024-10-26T17:32:02.527+0000] {dag.py:3239} INFO - Sync 1 DAGs
[2024-10-26T17:32:02.549+0000] {logging_mixin.py:190} INFO - [2024-10-26T17:32:02.549+0000] {dag.py:4180} INFO - Setting next_dagrun for example_params_trigger_ui to None, run_after=None
[2024-10-26T17:32:02.573+0000] {processor.py:208} INFO - Processing /home/airflow/.local/lib/python3.12/site-packages/airflow/example_dags/example_params_trigger_ui.py took 0.141 seconds
[2024-10-26T17:32:35.051+0000] {processor.py:186} INFO - Started process (PID=1675) to work on /home/airflow/.local/lib/python3.12/site-packages/airflow/example_dags/example_params_trigger_ui.py
[2024-10-26T17:32:35.052+0000] {processor.py:914} INFO - Processing file /home/airflow/.local/lib/python3.12/site-packages/airflow/example_dags/example_params_trigger_ui.py for tasks to queue
[2024-10-26T17:32:35.056+0000] {logging_mixin.py:190} INFO - [2024-10-26T17:32:35.056+0000] {dagbag.py:588} INFO - Filling up the DagBag from /home/airflow/.local/lib/python3.12/site-packages/airflow/example_dags/example_params_trigger_ui.py
[2024-10-26T17:32:35.072+0000] {processor.py:925} INFO - DAG(s) 'example_params_trigger_ui' retrieved from /home/airflow/.local/lib/python3.12/site-packages/airflow/example_dags/example_params_trigger_ui.py
[2024-10-26T17:32:35.129+0000] {logging_mixin.py:190} INFO - [2024-10-26T17:32:35.128+0000] {dag.py:3239} INFO - Sync 1 DAGs
[2024-10-26T17:32:35.151+0000] {logging_mixin.py:190} INFO - [2024-10-26T17:32:35.151+0000] {dag.py:4180} INFO - Setting next_dagrun for example_params_trigger_ui to None, run_after=None
[2024-10-26T17:32:35.174+0000] {processor.py:208} INFO - Processing /home/airflow/.local/lib/python3.12/site-packages/airflow/example_dags/example_params_trigger_ui.py took 0.130 seconds
[2024-10-26T17:33:08.562+0000] {processor.py:186} INFO - Started process (PID=1739) to work on /home/airflow/.local/lib/python3.12/site-packages/airflow/example_dags/example_params_trigger_ui.py
[2024-10-26T17:33:08.563+0000] {processor.py:914} INFO - Processing file /home/airflow/.local/lib/python3.12/site-packages/airflow/example_dags/example_params_trigger_ui.py for tasks to queue
[2024-10-26T17:33:08.571+0000] {logging_mixin.py:190} INFO - [2024-10-26T17:33:08.566+0000] {dagbag.py:588} INFO - Filling up the DagBag from /home/airflow/.local/lib/python3.12/site-packages/airflow/example_dags/example_params_trigger_ui.py
[2024-10-26T17:33:08.593+0000] {processor.py:925} INFO - DAG(s) 'example_params_trigger_ui' retrieved from /home/airflow/.local/lib/python3.12/site-packages/airflow/example_dags/example_params_trigger_ui.py
[2024-10-26T17:33:08.649+0000] {logging_mixin.py:190} INFO - [2024-10-26T17:33:08.649+0000] {dag.py:3239} INFO - Sync 1 DAGs
[2024-10-26T17:33:08.668+0000] {logging_mixin.py:190} INFO - [2024-10-26T17:33:08.667+0000] {dag.py:4180} INFO - Setting next_dagrun for example_params_trigger_ui to None, run_after=None
[2024-10-26T17:33:08.692+0000] {processor.py:208} INFO - Processing /home/airflow/.local/lib/python3.12/site-packages/airflow/example_dags/example_params_trigger_ui.py took 0.139 seconds
[2024-10-26T17:33:40.815+0000] {processor.py:186} INFO - Started process (PID=1803) to work on /home/airflow/.local/lib/python3.12/site-packages/airflow/example_dags/example_params_trigger_ui.py
[2024-10-26T17:33:40.817+0000] {processor.py:914} INFO - Processing file /home/airflow/.local/lib/python3.12/site-packages/airflow/example_dags/example_params_trigger_ui.py for tasks to queue
[2024-10-26T17:33:40.821+0000] {logging_mixin.py:190} INFO - [2024-10-26T17:33:40.820+0000] {dagbag.py:588} INFO - Filling up the DagBag from /home/airflow/.local/lib/python3.12/site-packages/airflow/example_dags/example_params_trigger_ui.py
[2024-10-26T17:33:40.837+0000] {processor.py:925} INFO - DAG(s) 'example_params_trigger_ui' retrieved from /home/airflow/.local/lib/python3.12/site-packages/airflow/example_dags/example_params_trigger_ui.py
[2024-10-26T17:33:40.907+0000] {logging_mixin.py:190} INFO - [2024-10-26T17:33:40.907+0000] {dag.py:3239} INFO - Sync 1 DAGs
[2024-10-26T17:33:40.928+0000] {logging_mixin.py:190} INFO - [2024-10-26T17:33:40.927+0000] {dag.py:4180} INFO - Setting next_dagrun for example_params_trigger_ui to None, run_after=None
[2024-10-26T17:33:40.956+0000] {processor.py:208} INFO - Processing /home/airflow/.local/lib/python3.12/site-packages/airflow/example_dags/example_params_trigger_ui.py took 0.148 seconds
[2024-10-26T17:34:13.617+0000] {processor.py:186} INFO - Started process (PID=1867) to work on /home/airflow/.local/lib/python3.12/site-packages/airflow/example_dags/example_params_trigger_ui.py
[2024-10-26T17:34:13.619+0000] {processor.py:914} INFO - Processing file /home/airflow/.local/lib/python3.12/site-packages/airflow/example_dags/example_params_trigger_ui.py for tasks to queue
[2024-10-26T17:34:13.621+0000] {logging_mixin.py:190} INFO - [2024-10-26T17:34:13.621+0000] {dagbag.py:588} INFO - Filling up the DagBag from /home/airflow/.local/lib/python3.12/site-packages/airflow/example_dags/example_params_trigger_ui.py
[2024-10-26T17:34:13.635+0000] {processor.py:925} INFO - DAG(s) 'example_params_trigger_ui' retrieved from /home/airflow/.local/lib/python3.12/site-packages/airflow/example_dags/example_params_trigger_ui.py
[2024-10-26T17:34:13.695+0000] {logging_mixin.py:190} INFO - [2024-10-26T17:34:13.695+0000] {dag.py:3239} INFO - Sync 1 DAGs
[2024-10-26T17:34:13.713+0000] {logging_mixin.py:190} INFO - [2024-10-26T17:34:13.712+0000] {dag.py:4180} INFO - Setting next_dagrun for example_params_trigger_ui to None, run_after=None
[2024-10-26T17:34:13.741+0000] {processor.py:208} INFO - Processing /home/airflow/.local/lib/python3.12/site-packages/airflow/example_dags/example_params_trigger_ui.py took 0.130 seconds
[2024-10-26T17:34:46.144+0000] {processor.py:186} INFO - Started process (PID=1931) to work on /home/airflow/.local/lib/python3.12/site-packages/airflow/example_dags/example_params_trigger_ui.py
[2024-10-26T17:34:46.145+0000] {processor.py:914} INFO - Processing file /home/airflow/.local/lib/python3.12/site-packages/airflow/example_dags/example_params_trigger_ui.py for tasks to queue
[2024-10-26T17:34:46.148+0000] {logging_mixin.py:190} INFO - [2024-10-26T17:34:46.148+0000] {dagbag.py:588} INFO - Filling up the DagBag from /home/airflow/.local/lib/python3.12/site-packages/airflow/example_dags/example_params_trigger_ui.py
[2024-10-26T17:34:46.164+0000] {processor.py:925} INFO - DAG(s) 'example_params_trigger_ui' retrieved from /home/airflow/.local/lib/python3.12/site-packages/airflow/example_dags/example_params_trigger_ui.py
[2024-10-26T17:34:46.228+0000] {logging_mixin.py:190} INFO - [2024-10-26T17:34:46.228+0000] {dag.py:3239} INFO - Sync 1 DAGs
[2024-10-26T17:34:46.254+0000] {logging_mixin.py:190} INFO - [2024-10-26T17:34:46.254+0000] {dag.py:4180} INFO - Setting next_dagrun for example_params_trigger_ui to None, run_after=None
[2024-10-26T17:34:46.283+0000] {processor.py:208} INFO - Processing /home/airflow/.local/lib/python3.12/site-packages/airflow/example_dags/example_params_trigger_ui.py took 0.148 seconds
[2024-10-26T17:35:19.945+0000] {processor.py:186} INFO - Started process (PID=1995) to work on /home/airflow/.local/lib/python3.12/site-packages/airflow/example_dags/example_params_trigger_ui.py
[2024-10-26T17:35:19.947+0000] {processor.py:914} INFO - Processing file /home/airflow/.local/lib/python3.12/site-packages/airflow/example_dags/example_params_trigger_ui.py for tasks to queue
[2024-10-26T17:35:19.951+0000] {logging_mixin.py:190} INFO - [2024-10-26T17:35:19.950+0000] {dagbag.py:588} INFO - Filling up the DagBag from /home/airflow/.local/lib/python3.12/site-packages/airflow/example_dags/example_params_trigger_ui.py
[2024-10-26T17:35:19.967+0000] {processor.py:925} INFO - DAG(s) 'example_params_trigger_ui' retrieved from /home/airflow/.local/lib/python3.12/site-packages/airflow/example_dags/example_params_trigger_ui.py
[2024-10-26T17:35:20.037+0000] {logging_mixin.py:190} INFO - [2024-10-26T17:35:20.036+0000] {dag.py:3239} INFO - Sync 1 DAGs
[2024-10-26T17:35:20.065+0000] {logging_mixin.py:190} INFO - [2024-10-26T17:35:20.064+0000] {dag.py:4180} INFO - Setting next_dagrun for example_params_trigger_ui to None, run_after=None
[2024-10-26T17:35:20.098+0000] {processor.py:208} INFO - Processing /home/airflow/.local/lib/python3.12/site-packages/airflow/example_dags/example_params_trigger_ui.py took 0.162 seconds
[2024-10-26T17:35:52.840+0000] {processor.py:186} INFO - Started process (PID=2060) to work on /home/airflow/.local/lib/python3.12/site-packages/airflow/example_dags/example_params_trigger_ui.py
[2024-10-26T17:35:52.841+0000] {processor.py:914} INFO - Processing file /home/airflow/.local/lib/python3.12/site-packages/airflow/example_dags/example_params_trigger_ui.py for tasks to queue
[2024-10-26T17:35:52.844+0000] {logging_mixin.py:190} INFO - [2024-10-26T17:35:52.844+0000] {dagbag.py:588} INFO - Filling up the DagBag from /home/airflow/.local/lib/python3.12/site-packages/airflow/example_dags/example_params_trigger_ui.py
[2024-10-26T17:35:52.856+0000] {processor.py:925} INFO - DAG(s) 'example_params_trigger_ui' retrieved from /home/airflow/.local/lib/python3.12/site-packages/airflow/example_dags/example_params_trigger_ui.py
[2024-10-26T17:35:52.908+0000] {logging_mixin.py:190} INFO - [2024-10-26T17:35:52.908+0000] {dag.py:3239} INFO - Sync 1 DAGs
[2024-10-26T17:35:52.927+0000] {logging_mixin.py:190} INFO - [2024-10-26T17:35:52.927+0000] {dag.py:4180} INFO - Setting next_dagrun for example_params_trigger_ui to None, run_after=None
[2024-10-26T17:35:52.954+0000] {processor.py:208} INFO - Processing /home/airflow/.local/lib/python3.12/site-packages/airflow/example_dags/example_params_trigger_ui.py took 0.119 seconds
[2024-10-26T17:36:25.651+0000] {processor.py:186} INFO - Started process (PID=2124) to work on /home/airflow/.local/lib/python3.12/site-packages/airflow/example_dags/example_params_trigger_ui.py
[2024-10-26T17:36:25.653+0000] {processor.py:914} INFO - Processing file /home/airflow/.local/lib/python3.12/site-packages/airflow/example_dags/example_params_trigger_ui.py for tasks to queue
[2024-10-26T17:36:25.655+0000] {logging_mixin.py:190} INFO - [2024-10-26T17:36:25.655+0000] {dagbag.py:588} INFO - Filling up the DagBag from /home/airflow/.local/lib/python3.12/site-packages/airflow/example_dags/example_params_trigger_ui.py
[2024-10-26T17:36:25.670+0000] {processor.py:925} INFO - DAG(s) 'example_params_trigger_ui' retrieved from /home/airflow/.local/lib/python3.12/site-packages/airflow/example_dags/example_params_trigger_ui.py
[2024-10-26T17:36:25.719+0000] {logging_mixin.py:190} INFO - [2024-10-26T17:36:25.719+0000] {dag.py:3239} INFO - Sync 1 DAGs
[2024-10-26T17:36:25.738+0000] {logging_mixin.py:190} INFO - [2024-10-26T17:36:25.738+0000] {dag.py:4180} INFO - Setting next_dagrun for example_params_trigger_ui to None, run_after=None
[2024-10-26T17:36:25.761+0000] {processor.py:208} INFO - Processing /home/airflow/.local/lib/python3.12/site-packages/airflow/example_dags/example_params_trigger_ui.py took 0.118 seconds
[2024-10-26T17:36:57.229+0000] {processor.py:186} INFO - Started process (PID=2188) to work on /home/airflow/.local/lib/python3.12/site-packages/airflow/example_dags/example_params_trigger_ui.py
[2024-10-26T17:36:57.230+0000] {processor.py:914} INFO - Processing file /home/airflow/.local/lib/python3.12/site-packages/airflow/example_dags/example_params_trigger_ui.py for tasks to queue
[2024-10-26T17:36:57.233+0000] {logging_mixin.py:190} INFO - [2024-10-26T17:36:57.233+0000] {dagbag.py:588} INFO - Filling up the DagBag from /home/airflow/.local/lib/python3.12/site-packages/airflow/example_dags/example_params_trigger_ui.py
[2024-10-26T17:36:57.247+0000] {processor.py:925} INFO - DAG(s) 'example_params_trigger_ui' retrieved from /home/airflow/.local/lib/python3.12/site-packages/airflow/example_dags/example_params_trigger_ui.py
[2024-10-26T17:36:57.301+0000] {logging_mixin.py:190} INFO - [2024-10-26T17:36:57.300+0000] {dag.py:3239} INFO - Sync 1 DAGs
[2024-10-26T17:36:57.319+0000] {logging_mixin.py:190} INFO - [2024-10-26T17:36:57.319+0000] {dag.py:4180} INFO - Setting next_dagrun for example_params_trigger_ui to None, run_after=None
[2024-10-26T17:36:57.345+0000] {processor.py:208} INFO - Processing /home/airflow/.local/lib/python3.12/site-packages/airflow/example_dags/example_params_trigger_ui.py took 0.124 seconds
[2024-10-26T17:37:29.975+0000] {processor.py:186} INFO - Started process (PID=2252) to work on /home/airflow/.local/lib/python3.12/site-packages/airflow/example_dags/example_params_trigger_ui.py
[2024-10-26T17:37:29.977+0000] {processor.py:914} INFO - Processing file /home/airflow/.local/lib/python3.12/site-packages/airflow/example_dags/example_params_trigger_ui.py for tasks to queue
[2024-10-26T17:37:29.980+0000] {logging_mixin.py:190} INFO - [2024-10-26T17:37:29.980+0000] {dagbag.py:588} INFO - Filling up the DagBag from /home/airflow/.local/lib/python3.12/site-packages/airflow/example_dags/example_params_trigger_ui.py
[2024-10-26T17:37:30.000+0000] {processor.py:925} INFO - DAG(s) 'example_params_trigger_ui' retrieved from /home/airflow/.local/lib/python3.12/site-packages/airflow/example_dags/example_params_trigger_ui.py
[2024-10-26T17:37:30.084+0000] {logging_mixin.py:190} INFO - [2024-10-26T17:37:30.084+0000] {dag.py:3239} INFO - Sync 1 DAGs
[2024-10-26T17:37:30.105+0000] {logging_mixin.py:190} INFO - [2024-10-26T17:37:30.105+0000] {dag.py:4180} INFO - Setting next_dagrun for example_params_trigger_ui to None, run_after=None
[2024-10-26T17:37:30.137+0000] {processor.py:208} INFO - Processing /home/airflow/.local/lib/python3.12/site-packages/airflow/example_dags/example_params_trigger_ui.py took 0.169 seconds
[2024-10-26T17:38:02.595+0000] {processor.py:186} INFO - Started process (PID=2316) to work on /home/airflow/.local/lib/python3.12/site-packages/airflow/example_dags/example_params_trigger_ui.py
[2024-10-26T17:38:02.597+0000] {processor.py:914} INFO - Processing file /home/airflow/.local/lib/python3.12/site-packages/airflow/example_dags/example_params_trigger_ui.py for tasks to queue
[2024-10-26T17:38:02.601+0000] {logging_mixin.py:190} INFO - [2024-10-26T17:38:02.600+0000] {dagbag.py:588} INFO - Filling up the DagBag from /home/airflow/.local/lib/python3.12/site-packages/airflow/example_dags/example_params_trigger_ui.py
[2024-10-26T17:38:02.613+0000] {processor.py:925} INFO - DAG(s) 'example_params_trigger_ui' retrieved from /home/airflow/.local/lib/python3.12/site-packages/airflow/example_dags/example_params_trigger_ui.py
[2024-10-26T17:38:02.674+0000] {logging_mixin.py:190} INFO - [2024-10-26T17:38:02.673+0000] {dag.py:3239} INFO - Sync 1 DAGs
[2024-10-26T17:38:02.697+0000] {logging_mixin.py:190} INFO - [2024-10-26T17:38:02.697+0000] {dag.py:4180} INFO - Setting next_dagrun for example_params_trigger_ui to None, run_after=None
[2024-10-26T17:38:02.718+0000] {processor.py:208} INFO - Processing /home/airflow/.local/lib/python3.12/site-packages/airflow/example_dags/example_params_trigger_ui.py took 0.130 seconds
[2024-10-26T17:38:35.892+0000] {processor.py:186} INFO - Started process (PID=2380) to work on /home/airflow/.local/lib/python3.12/site-packages/airflow/example_dags/example_params_trigger_ui.py
[2024-10-26T17:38:35.893+0000] {processor.py:914} INFO - Processing file /home/airflow/.local/lib/python3.12/site-packages/airflow/example_dags/example_params_trigger_ui.py for tasks to queue
[2024-10-26T17:38:35.897+0000] {logging_mixin.py:190} INFO - [2024-10-26T17:38:35.896+0000] {dagbag.py:588} INFO - Filling up the DagBag from /home/airflow/.local/lib/python3.12/site-packages/airflow/example_dags/example_params_trigger_ui.py
[2024-10-26T17:38:35.909+0000] {processor.py:925} INFO - DAG(s) 'example_params_trigger_ui' retrieved from /home/airflow/.local/lib/python3.12/site-packages/airflow/example_dags/example_params_trigger_ui.py
[2024-10-26T17:38:35.959+0000] {logging_mixin.py:190} INFO - [2024-10-26T17:38:35.958+0000] {dag.py:3239} INFO - Sync 1 DAGs
[2024-10-26T17:38:35.975+0000] {logging_mixin.py:190} INFO - [2024-10-26T17:38:35.975+0000] {dag.py:4180} INFO - Setting next_dagrun for example_params_trigger_ui to None, run_after=None
[2024-10-26T17:38:36.002+0000] {processor.py:208} INFO - Processing /home/airflow/.local/lib/python3.12/site-packages/airflow/example_dags/example_params_trigger_ui.py took 0.116 seconds
[2024-10-26T17:39:08.820+0000] {processor.py:186} INFO - Started process (PID=2444) to work on /home/airflow/.local/lib/python3.12/site-packages/airflow/example_dags/example_params_trigger_ui.py
[2024-10-26T17:39:08.821+0000] {processor.py:914} INFO - Processing file /home/airflow/.local/lib/python3.12/site-packages/airflow/example_dags/example_params_trigger_ui.py for tasks to queue
[2024-10-26T17:39:08.825+0000] {logging_mixin.py:190} INFO - [2024-10-26T17:39:08.824+0000] {dagbag.py:588} INFO - Filling up the DagBag from /home/airflow/.local/lib/python3.12/site-packages/airflow/example_dags/example_params_trigger_ui.py
[2024-10-26T17:39:08.842+0000] {processor.py:925} INFO - DAG(s) 'example_params_trigger_ui' retrieved from /home/airflow/.local/lib/python3.12/site-packages/airflow/example_dags/example_params_trigger_ui.py
[2024-10-26T17:39:08.890+0000] {logging_mixin.py:190} INFO - [2024-10-26T17:39:08.889+0000] {dag.py:3239} INFO - Sync 1 DAGs
[2024-10-26T17:39:08.910+0000] {logging_mixin.py:190} INFO - [2024-10-26T17:39:08.909+0000] {dag.py:4180} INFO - Setting next_dagrun for example_params_trigger_ui to None, run_after=None
[2024-10-26T17:39:08.941+0000] {processor.py:208} INFO - Processing /home/airflow/.local/lib/python3.12/site-packages/airflow/example_dags/example_params_trigger_ui.py took 0.128 seconds
[2024-10-26T17:39:41.593+0000] {processor.py:186} INFO - Started process (PID=2508) to work on /home/airflow/.local/lib/python3.12/site-packages/airflow/example_dags/example_params_trigger_ui.py
[2024-10-26T17:39:41.594+0000] {processor.py:914} INFO - Processing file /home/airflow/.local/lib/python3.12/site-packages/airflow/example_dags/example_params_trigger_ui.py for tasks to queue
[2024-10-26T17:39:41.597+0000] {logging_mixin.py:190} INFO - [2024-10-26T17:39:41.597+0000] {dagbag.py:588} INFO - Filling up the DagBag from /home/airflow/.local/lib/python3.12/site-packages/airflow/example_dags/example_params_trigger_ui.py
[2024-10-26T17:39:41.611+0000] {processor.py:925} INFO - DAG(s) 'example_params_trigger_ui' retrieved from /home/airflow/.local/lib/python3.12/site-packages/airflow/example_dags/example_params_trigger_ui.py
[2024-10-26T17:39:41.682+0000] {logging_mixin.py:190} INFO - [2024-10-26T17:39:41.682+0000] {dag.py:3239} INFO - Sync 1 DAGs
[2024-10-26T17:39:41.711+0000] {logging_mixin.py:190} INFO - [2024-10-26T17:39:41.710+0000] {dag.py:4180} INFO - Setting next_dagrun for example_params_trigger_ui to None, run_after=None
[2024-10-26T17:39:41.742+0000] {processor.py:208} INFO - Processing /home/airflow/.local/lib/python3.12/site-packages/airflow/example_dags/example_params_trigger_ui.py took 0.155 seconds
[2024-10-26T17:40:13.615+0000] {processor.py:186} INFO - Started process (PID=2572) to work on /home/airflow/.local/lib/python3.12/site-packages/airflow/example_dags/example_params_trigger_ui.py
[2024-10-26T17:40:13.616+0000] {processor.py:914} INFO - Processing file /home/airflow/.local/lib/python3.12/site-packages/airflow/example_dags/example_params_trigger_ui.py for tasks to queue
[2024-10-26T17:40:13.620+0000] {logging_mixin.py:190} INFO - [2024-10-26T17:40:13.619+0000] {dagbag.py:588} INFO - Filling up the DagBag from /home/airflow/.local/lib/python3.12/site-packages/airflow/example_dags/example_params_trigger_ui.py
[2024-10-26T17:40:13.634+0000] {processor.py:925} INFO - DAG(s) 'example_params_trigger_ui' retrieved from /home/airflow/.local/lib/python3.12/site-packages/airflow/example_dags/example_params_trigger_ui.py
[2024-10-26T17:40:13.689+0000] {logging_mixin.py:190} INFO - [2024-10-26T17:40:13.689+0000] {dag.py:3239} INFO - Sync 1 DAGs
[2024-10-26T17:40:13.708+0000] {logging_mixin.py:190} INFO - [2024-10-26T17:40:13.708+0000] {dag.py:4180} INFO - Setting next_dagrun for example_params_trigger_ui to None, run_after=None
[2024-10-26T17:40:13.736+0000] {processor.py:208} INFO - Processing /home/airflow/.local/lib/python3.12/site-packages/airflow/example_dags/example_params_trigger_ui.py took 0.128 seconds
[2024-10-26T17:40:46.431+0000] {processor.py:186} INFO - Started process (PID=2636) to work on /home/airflow/.local/lib/python3.12/site-packages/airflow/example_dags/example_params_trigger_ui.py
[2024-10-26T17:40:46.433+0000] {processor.py:914} INFO - Processing file /home/airflow/.local/lib/python3.12/site-packages/airflow/example_dags/example_params_trigger_ui.py for tasks to queue
[2024-10-26T17:40:46.437+0000] {logging_mixin.py:190} INFO - [2024-10-26T17:40:46.436+0000] {dagbag.py:588} INFO - Filling up the DagBag from /home/airflow/.local/lib/python3.12/site-packages/airflow/example_dags/example_params_trigger_ui.py
[2024-10-26T17:40:46.453+0000] {processor.py:925} INFO - DAG(s) 'example_params_trigger_ui' retrieved from /home/airflow/.local/lib/python3.12/site-packages/airflow/example_dags/example_params_trigger_ui.py
[2024-10-26T17:40:46.510+0000] {logging_mixin.py:190} INFO - [2024-10-26T17:40:46.510+0000] {dag.py:3239} INFO - Sync 1 DAGs
[2024-10-26T17:40:46.531+0000] {logging_mixin.py:190} INFO - [2024-10-26T17:40:46.531+0000] {dag.py:4180} INFO - Setting next_dagrun for example_params_trigger_ui to None, run_after=None
[2024-10-26T17:40:46.562+0000] {processor.py:208} INFO - Processing /home/airflow/.local/lib/python3.12/site-packages/airflow/example_dags/example_params_trigger_ui.py took 0.140 seconds
[2024-10-26T17:41:19.207+0000] {processor.py:186} INFO - Started process (PID=2700) to work on /home/airflow/.local/lib/python3.12/site-packages/airflow/example_dags/example_params_trigger_ui.py
[2024-10-26T17:41:19.208+0000] {processor.py:914} INFO - Processing file /home/airflow/.local/lib/python3.12/site-packages/airflow/example_dags/example_params_trigger_ui.py for tasks to queue
[2024-10-26T17:41:19.211+0000] {logging_mixin.py:190} INFO - [2024-10-26T17:41:19.210+0000] {dagbag.py:588} INFO - Filling up the DagBag from /home/airflow/.local/lib/python3.12/site-packages/airflow/example_dags/example_params_trigger_ui.py
[2024-10-26T17:41:19.223+0000] {processor.py:925} INFO - DAG(s) 'example_params_trigger_ui' retrieved from /home/airflow/.local/lib/python3.12/site-packages/airflow/example_dags/example_params_trigger_ui.py
[2024-10-26T17:41:19.270+0000] {logging_mixin.py:190} INFO - [2024-10-26T17:41:19.270+0000] {dag.py:3239} INFO - Sync 1 DAGs
[2024-10-26T17:41:19.289+0000] {logging_mixin.py:190} INFO - [2024-10-26T17:41:19.289+0000] {dag.py:4180} INFO - Setting next_dagrun for example_params_trigger_ui to None, run_after=None
[2024-10-26T17:41:19.317+0000] {processor.py:208} INFO - Processing /home/airflow/.local/lib/python3.12/site-packages/airflow/example_dags/example_params_trigger_ui.py took 0.116 seconds
[2024-10-26T17:41:52.309+0000] {processor.py:186} INFO - Started process (PID=2764) to work on /home/airflow/.local/lib/python3.12/site-packages/airflow/example_dags/example_params_trigger_ui.py
[2024-10-26T17:41:52.310+0000] {processor.py:914} INFO - Processing file /home/airflow/.local/lib/python3.12/site-packages/airflow/example_dags/example_params_trigger_ui.py for tasks to queue
[2024-10-26T17:41:52.314+0000] {logging_mixin.py:190} INFO - [2024-10-26T17:41:52.313+0000] {dagbag.py:588} INFO - Filling up the DagBag from /home/airflow/.local/lib/python3.12/site-packages/airflow/example_dags/example_params_trigger_ui.py
[2024-10-26T17:41:52.329+0000] {processor.py:925} INFO - DAG(s) 'example_params_trigger_ui' retrieved from /home/airflow/.local/lib/python3.12/site-packages/airflow/example_dags/example_params_trigger_ui.py
[2024-10-26T17:41:52.386+0000] {logging_mixin.py:190} INFO - [2024-10-26T17:41:52.386+0000] {dag.py:3239} INFO - Sync 1 DAGs
[2024-10-26T17:41:52.408+0000] {logging_mixin.py:190} INFO - [2024-10-26T17:41:52.407+0000] {dag.py:4180} INFO - Setting next_dagrun for example_params_trigger_ui to None, run_after=None
[2024-10-26T17:41:52.433+0000] {processor.py:208} INFO - Processing /home/airflow/.local/lib/python3.12/site-packages/airflow/example_dags/example_params_trigger_ui.py took 0.134 seconds
[2024-10-26T17:42:25.119+0000] {processor.py:186} INFO - Started process (PID=2828) to work on /home/airflow/.local/lib/python3.12/site-packages/airflow/example_dags/example_params_trigger_ui.py
[2024-10-26T17:42:25.121+0000] {processor.py:914} INFO - Processing file /home/airflow/.local/lib/python3.12/site-packages/airflow/example_dags/example_params_trigger_ui.py for tasks to queue
[2024-10-26T17:42:25.124+0000] {logging_mixin.py:190} INFO - [2024-10-26T17:42:25.123+0000] {dagbag.py:588} INFO - Filling up the DagBag from /home/airflow/.local/lib/python3.12/site-packages/airflow/example_dags/example_params_trigger_ui.py
[2024-10-26T17:42:25.135+0000] {processor.py:925} INFO - DAG(s) 'example_params_trigger_ui' retrieved from /home/airflow/.local/lib/python3.12/site-packages/airflow/example_dags/example_params_trigger_ui.py
[2024-10-26T17:42:25.186+0000] {logging_mixin.py:190} INFO - [2024-10-26T17:42:25.186+0000] {dag.py:3239} INFO - Sync 1 DAGs
[2024-10-26T17:42:25.203+0000] {logging_mixin.py:190} INFO - [2024-10-26T17:42:25.203+0000] {dag.py:4180} INFO - Setting next_dagrun for example_params_trigger_ui to None, run_after=None
[2024-10-26T17:42:25.223+0000] {processor.py:208} INFO - Processing /home/airflow/.local/lib/python3.12/site-packages/airflow/example_dags/example_params_trigger_ui.py took 0.110 seconds
[2024-10-26T17:42:57.514+0000] {processor.py:186} INFO - Started process (PID=2892) to work on /home/airflow/.local/lib/python3.12/site-packages/airflow/example_dags/example_params_trigger_ui.py
[2024-10-26T17:42:57.515+0000] {processor.py:914} INFO - Processing file /home/airflow/.local/lib/python3.12/site-packages/airflow/example_dags/example_params_trigger_ui.py for tasks to queue
[2024-10-26T17:42:57.518+0000] {logging_mixin.py:190} INFO - [2024-10-26T17:42:57.517+0000] {dagbag.py:588} INFO - Filling up the DagBag from /home/airflow/.local/lib/python3.12/site-packages/airflow/example_dags/example_params_trigger_ui.py
[2024-10-26T17:42:57.532+0000] {processor.py:925} INFO - DAG(s) 'example_params_trigger_ui' retrieved from /home/airflow/.local/lib/python3.12/site-packages/airflow/example_dags/example_params_trigger_ui.py
[2024-10-26T17:42:57.581+0000] {logging_mixin.py:190} INFO - [2024-10-26T17:42:57.580+0000] {dag.py:3239} INFO - Sync 1 DAGs
[2024-10-26T17:42:57.599+0000] {logging_mixin.py:190} INFO - [2024-10-26T17:42:57.599+0000] {dag.py:4180} INFO - Setting next_dagrun for example_params_trigger_ui to None, run_after=None
[2024-10-26T17:42:57.623+0000] {processor.py:208} INFO - Processing /home/airflow/.local/lib/python3.12/site-packages/airflow/example_dags/example_params_trigger_ui.py took 0.117 seconds
[2024-10-26T17:43:30.739+0000] {processor.py:186} INFO - Started process (PID=2956) to work on /home/airflow/.local/lib/python3.12/site-packages/airflow/example_dags/example_params_trigger_ui.py
[2024-10-26T17:43:30.741+0000] {processor.py:914} INFO - Processing file /home/airflow/.local/lib/python3.12/site-packages/airflow/example_dags/example_params_trigger_ui.py for tasks to queue
[2024-10-26T17:43:30.744+0000] {logging_mixin.py:190} INFO - [2024-10-26T17:43:30.744+0000] {dagbag.py:588} INFO - Filling up the DagBag from /home/airflow/.local/lib/python3.12/site-packages/airflow/example_dags/example_params_trigger_ui.py
[2024-10-26T17:43:30.757+0000] {processor.py:925} INFO - DAG(s) 'example_params_trigger_ui' retrieved from /home/airflow/.local/lib/python3.12/site-packages/airflow/example_dags/example_params_trigger_ui.py
[2024-10-26T17:43:30.812+0000] {logging_mixin.py:190} INFO - [2024-10-26T17:43:30.812+0000] {dag.py:3239} INFO - Sync 1 DAGs
[2024-10-26T17:43:31.042+0000] {logging_mixin.py:190} INFO - [2024-10-26T17:43:31.042+0000] {dag.py:4180} INFO - Setting next_dagrun for example_params_trigger_ui to None, run_after=None
[2024-10-26T17:43:31.068+0000] {processor.py:208} INFO - Processing /home/airflow/.local/lib/python3.12/site-packages/airflow/example_dags/example_params_trigger_ui.py took 0.336 seconds
[2024-10-26T17:44:03.906+0000] {processor.py:186} INFO - Started process (PID=3020) to work on /home/airflow/.local/lib/python3.12/site-packages/airflow/example_dags/example_params_trigger_ui.py
[2024-10-26T17:44:03.908+0000] {processor.py:914} INFO - Processing file /home/airflow/.local/lib/python3.12/site-packages/airflow/example_dags/example_params_trigger_ui.py for tasks to queue
[2024-10-26T17:44:03.911+0000] {logging_mixin.py:190} INFO - [2024-10-26T17:44:03.911+0000] {dagbag.py:588} INFO - Filling up the DagBag from /home/airflow/.local/lib/python3.12/site-packages/airflow/example_dags/example_params_trigger_ui.py
[2024-10-26T17:44:03.924+0000] {processor.py:925} INFO - DAG(s) 'example_params_trigger_ui' retrieved from /home/airflow/.local/lib/python3.12/site-packages/airflow/example_dags/example_params_trigger_ui.py
[2024-10-26T17:44:03.971+0000] {logging_mixin.py:190} INFO - [2024-10-26T17:44:03.971+0000] {dag.py:3239} INFO - Sync 1 DAGs
[2024-10-26T17:44:04.176+0000] {logging_mixin.py:190} INFO - [2024-10-26T17:44:04.176+0000] {dag.py:4180} INFO - Setting next_dagrun for example_params_trigger_ui to None, run_after=None
[2024-10-26T17:44:04.201+0000] {processor.py:208} INFO - Processing /home/airflow/.local/lib/python3.12/site-packages/airflow/example_dags/example_params_trigger_ui.py took 0.301 seconds
[2024-10-26T17:44:36.370+0000] {processor.py:186} INFO - Started process (PID=3085) to work on /home/airflow/.local/lib/python3.12/site-packages/airflow/example_dags/example_params_trigger_ui.py
[2024-10-26T17:44:36.372+0000] {processor.py:914} INFO - Processing file /home/airflow/.local/lib/python3.12/site-packages/airflow/example_dags/example_params_trigger_ui.py for tasks to queue
[2024-10-26T17:44:36.376+0000] {logging_mixin.py:190} INFO - [2024-10-26T17:44:36.376+0000] {dagbag.py:588} INFO - Filling up the DagBag from /home/airflow/.local/lib/python3.12/site-packages/airflow/example_dags/example_params_trigger_ui.py
[2024-10-26T17:44:36.388+0000] {processor.py:925} INFO - DAG(s) 'example_params_trigger_ui' retrieved from /home/airflow/.local/lib/python3.12/site-packages/airflow/example_dags/example_params_trigger_ui.py
[2024-10-26T17:44:36.444+0000] {logging_mixin.py:190} INFO - [2024-10-26T17:44:36.444+0000] {dag.py:3239} INFO - Sync 1 DAGs
[2024-10-26T17:44:36.673+0000] {logging_mixin.py:190} INFO - [2024-10-26T17:44:36.673+0000] {dag.py:4180} INFO - Setting next_dagrun for example_params_trigger_ui to None, run_after=None
[2024-10-26T17:44:36.702+0000] {processor.py:208} INFO - Processing /home/airflow/.local/lib/python3.12/site-packages/airflow/example_dags/example_params_trigger_ui.py took 0.338 seconds
[2024-10-26T17:45:08.911+0000] {processor.py:186} INFO - Started process (PID=3149) to work on /home/airflow/.local/lib/python3.12/site-packages/airflow/example_dags/example_params_trigger_ui.py
[2024-10-26T17:45:08.912+0000] {processor.py:914} INFO - Processing file /home/airflow/.local/lib/python3.12/site-packages/airflow/example_dags/example_params_trigger_ui.py for tasks to queue
[2024-10-26T17:45:08.916+0000] {logging_mixin.py:190} INFO - [2024-10-26T17:45:08.915+0000] {dagbag.py:588} INFO - Filling up the DagBag from /home/airflow/.local/lib/python3.12/site-packages/airflow/example_dags/example_params_trigger_ui.py
[2024-10-26T17:45:08.931+0000] {processor.py:925} INFO - DAG(s) 'example_params_trigger_ui' retrieved from /home/airflow/.local/lib/python3.12/site-packages/airflow/example_dags/example_params_trigger_ui.py
[2024-10-26T17:45:08.985+0000] {logging_mixin.py:190} INFO - [2024-10-26T17:45:08.985+0000] {dag.py:3239} INFO - Sync 1 DAGs
[2024-10-26T17:45:09.005+0000] {logging_mixin.py:190} INFO - [2024-10-26T17:45:09.004+0000] {dag.py:4180} INFO - Setting next_dagrun for example_params_trigger_ui to None, run_after=None
[2024-10-26T17:45:09.031+0000] {processor.py:208} INFO - Processing /home/airflow/.local/lib/python3.12/site-packages/airflow/example_dags/example_params_trigger_ui.py took 0.127 seconds
[2024-10-26T17:45:41.645+0000] {processor.py:186} INFO - Started process (PID=3213) to work on /home/airflow/.local/lib/python3.12/site-packages/airflow/example_dags/example_params_trigger_ui.py
[2024-10-26T17:45:41.647+0000] {processor.py:914} INFO - Processing file /home/airflow/.local/lib/python3.12/site-packages/airflow/example_dags/example_params_trigger_ui.py for tasks to queue
[2024-10-26T17:45:41.650+0000] {logging_mixin.py:190} INFO - [2024-10-26T17:45:41.650+0000] {dagbag.py:588} INFO - Filling up the DagBag from /home/airflow/.local/lib/python3.12/site-packages/airflow/example_dags/example_params_trigger_ui.py
[2024-10-26T17:45:41.663+0000] {processor.py:925} INFO - DAG(s) 'example_params_trigger_ui' retrieved from /home/airflow/.local/lib/python3.12/site-packages/airflow/example_dags/example_params_trigger_ui.py
[2024-10-26T17:45:41.713+0000] {logging_mixin.py:190} INFO - [2024-10-26T17:45:41.713+0000] {dag.py:3239} INFO - Sync 1 DAGs
[2024-10-26T17:45:41.730+0000] {logging_mixin.py:190} INFO - [2024-10-26T17:45:41.730+0000] {dag.py:4180} INFO - Setting next_dagrun for example_params_trigger_ui to None, run_after=None
[2024-10-26T17:45:41.758+0000] {processor.py:208} INFO - Processing /home/airflow/.local/lib/python3.12/site-packages/airflow/example_dags/example_params_trigger_ui.py took 0.121 seconds
[2024-10-26T17:46:13.902+0000] {processor.py:186} INFO - Started process (PID=3277) to work on /home/airflow/.local/lib/python3.12/site-packages/airflow/example_dags/example_params_trigger_ui.py
[2024-10-26T17:46:13.904+0000] {processor.py:914} INFO - Processing file /home/airflow/.local/lib/python3.12/site-packages/airflow/example_dags/example_params_trigger_ui.py for tasks to queue
[2024-10-26T17:46:13.907+0000] {logging_mixin.py:190} INFO - [2024-10-26T17:46:13.906+0000] {dagbag.py:588} INFO - Filling up the DagBag from /home/airflow/.local/lib/python3.12/site-packages/airflow/example_dags/example_params_trigger_ui.py
[2024-10-26T17:46:13.922+0000] {processor.py:925} INFO - DAG(s) 'example_params_trigger_ui' retrieved from /home/airflow/.local/lib/python3.12/site-packages/airflow/example_dags/example_params_trigger_ui.py
[2024-10-26T17:46:13.968+0000] {logging_mixin.py:190} INFO - [2024-10-26T17:46:13.967+0000] {dag.py:3239} INFO - Sync 1 DAGs
[2024-10-26T17:46:13.983+0000] {logging_mixin.py:190} INFO - [2024-10-26T17:46:13.983+0000] {dag.py:4180} INFO - Setting next_dagrun for example_params_trigger_ui to None, run_after=None
[2024-10-26T17:46:14.008+0000] {processor.py:208} INFO - Processing /home/airflow/.local/lib/python3.12/site-packages/airflow/example_dags/example_params_trigger_ui.py took 0.112 seconds
[2024-10-26T17:46:46.290+0000] {processor.py:186} INFO - Started process (PID=3341) to work on /home/airflow/.local/lib/python3.12/site-packages/airflow/example_dags/example_params_trigger_ui.py
[2024-10-26T17:46:46.291+0000] {processor.py:914} INFO - Processing file /home/airflow/.local/lib/python3.12/site-packages/airflow/example_dags/example_params_trigger_ui.py for tasks to queue
[2024-10-26T17:46:46.295+0000] {logging_mixin.py:190} INFO - [2024-10-26T17:46:46.294+0000] {dagbag.py:588} INFO - Filling up the DagBag from /home/airflow/.local/lib/python3.12/site-packages/airflow/example_dags/example_params_trigger_ui.py
[2024-10-26T17:46:46.308+0000] {processor.py:925} INFO - DAG(s) 'example_params_trigger_ui' retrieved from /home/airflow/.local/lib/python3.12/site-packages/airflow/example_dags/example_params_trigger_ui.py
[2024-10-26T17:46:46.364+0000] {logging_mixin.py:190} INFO - [2024-10-26T17:46:46.364+0000] {dag.py:3239} INFO - Sync 1 DAGs
[2024-10-26T17:46:46.384+0000] {logging_mixin.py:190} INFO - [2024-10-26T17:46:46.383+0000] {dag.py:4180} INFO - Setting next_dagrun for example_params_trigger_ui to None, run_after=None
[2024-10-26T17:46:46.405+0000] {processor.py:208} INFO - Processing /home/airflow/.local/lib/python3.12/site-packages/airflow/example_dags/example_params_trigger_ui.py took 0.123 seconds
[2024-10-26T17:47:19.001+0000] {processor.py:186} INFO - Started process (PID=3405) to work on /home/airflow/.local/lib/python3.12/site-packages/airflow/example_dags/example_params_trigger_ui.py
[2024-10-26T17:47:19.003+0000] {processor.py:914} INFO - Processing file /home/airflow/.local/lib/python3.12/site-packages/airflow/example_dags/example_params_trigger_ui.py for tasks to queue
[2024-10-26T17:47:19.006+0000] {logging_mixin.py:190} INFO - [2024-10-26T17:47:19.006+0000] {dagbag.py:588} INFO - Filling up the DagBag from /home/airflow/.local/lib/python3.12/site-packages/airflow/example_dags/example_params_trigger_ui.py
[2024-10-26T17:47:19.020+0000] {processor.py:925} INFO - DAG(s) 'example_params_trigger_ui' retrieved from /home/airflow/.local/lib/python3.12/site-packages/airflow/example_dags/example_params_trigger_ui.py
[2024-10-26T17:47:19.076+0000] {logging_mixin.py:190} INFO - [2024-10-26T17:47:19.075+0000] {dag.py:3239} INFO - Sync 1 DAGs
[2024-10-26T17:47:19.093+0000] {logging_mixin.py:190} INFO - [2024-10-26T17:47:19.093+0000] {dag.py:4180} INFO - Setting next_dagrun for example_params_trigger_ui to None, run_after=None
[2024-10-26T17:47:19.119+0000] {processor.py:208} INFO - Processing /home/airflow/.local/lib/python3.12/site-packages/airflow/example_dags/example_params_trigger_ui.py took 0.125 seconds
[2024-10-26T17:47:51.911+0000] {processor.py:186} INFO - Started process (PID=3469) to work on /home/airflow/.local/lib/python3.12/site-packages/airflow/example_dags/example_params_trigger_ui.py
[2024-10-26T17:47:51.913+0000] {processor.py:914} INFO - Processing file /home/airflow/.local/lib/python3.12/site-packages/airflow/example_dags/example_params_trigger_ui.py for tasks to queue
[2024-10-26T17:47:51.916+0000] {logging_mixin.py:190} INFO - [2024-10-26T17:47:51.915+0000] {dagbag.py:588} INFO - Filling up the DagBag from /home/airflow/.local/lib/python3.12/site-packages/airflow/example_dags/example_params_trigger_ui.py
[2024-10-26T17:47:51.931+0000] {processor.py:925} INFO - DAG(s) 'example_params_trigger_ui' retrieved from /home/airflow/.local/lib/python3.12/site-packages/airflow/example_dags/example_params_trigger_ui.py
[2024-10-26T17:47:51.976+0000] {logging_mixin.py:190} INFO - [2024-10-26T17:47:51.976+0000] {dag.py:3239} INFO - Sync 1 DAGs
[2024-10-26T17:47:51.994+0000] {logging_mixin.py:190} INFO - [2024-10-26T17:47:51.994+0000] {dag.py:4180} INFO - Setting next_dagrun for example_params_trigger_ui to None, run_after=None
[2024-10-26T17:47:52.017+0000] {processor.py:208} INFO - Processing /home/airflow/.local/lib/python3.12/site-packages/airflow/example_dags/example_params_trigger_ui.py took 0.113 seconds
[2024-10-26T17:48:25.093+0000] {processor.py:186} INFO - Started process (PID=3533) to work on /home/airflow/.local/lib/python3.12/site-packages/airflow/example_dags/example_params_trigger_ui.py
[2024-10-26T17:48:25.095+0000] {processor.py:914} INFO - Processing file /home/airflow/.local/lib/python3.12/site-packages/airflow/example_dags/example_params_trigger_ui.py for tasks to queue
[2024-10-26T17:48:25.100+0000] {logging_mixin.py:190} INFO - [2024-10-26T17:48:25.099+0000] {dagbag.py:588} INFO - Filling up the DagBag from /home/airflow/.local/lib/python3.12/site-packages/airflow/example_dags/example_params_trigger_ui.py
[2024-10-26T17:48:25.114+0000] {processor.py:925} INFO - DAG(s) 'example_params_trigger_ui' retrieved from /home/airflow/.local/lib/python3.12/site-packages/airflow/example_dags/example_params_trigger_ui.py
[2024-10-26T17:48:25.185+0000] {logging_mixin.py:190} INFO - [2024-10-26T17:48:25.185+0000] {dag.py:3239} INFO - Sync 1 DAGs
[2024-10-26T17:48:25.205+0000] {logging_mixin.py:190} INFO - [2024-10-26T17:48:25.205+0000] {dag.py:4180} INFO - Setting next_dagrun for example_params_trigger_ui to None, run_after=None
[2024-10-26T17:48:25.239+0000] {processor.py:208} INFO - Processing /home/airflow/.local/lib/python3.12/site-packages/airflow/example_dags/example_params_trigger_ui.py took 0.153 seconds
[2024-10-26T17:48:57.062+0000] {processor.py:186} INFO - Started process (PID=3597) to work on /home/airflow/.local/lib/python3.12/site-packages/airflow/example_dags/example_params_trigger_ui.py
[2024-10-26T17:48:57.063+0000] {processor.py:914} INFO - Processing file /home/airflow/.local/lib/python3.12/site-packages/airflow/example_dags/example_params_trigger_ui.py for tasks to queue
[2024-10-26T17:48:57.066+0000] {logging_mixin.py:190} INFO - [2024-10-26T17:48:57.066+0000] {dagbag.py:588} INFO - Filling up the DagBag from /home/airflow/.local/lib/python3.12/site-packages/airflow/example_dags/example_params_trigger_ui.py
[2024-10-26T17:48:57.082+0000] {processor.py:925} INFO - DAG(s) 'example_params_trigger_ui' retrieved from /home/airflow/.local/lib/python3.12/site-packages/airflow/example_dags/example_params_trigger_ui.py
[2024-10-26T17:48:57.155+0000] {logging_mixin.py:190} INFO - [2024-10-26T17:48:57.155+0000] {dag.py:3239} INFO - Sync 1 DAGs
[2024-10-26T17:48:57.187+0000] {logging_mixin.py:190} INFO - [2024-10-26T17:48:57.187+0000] {dag.py:4180} INFO - Setting next_dagrun for example_params_trigger_ui to None, run_after=None
[2024-10-26T17:48:57.220+0000] {processor.py:208} INFO - Processing /home/airflow/.local/lib/python3.12/site-packages/airflow/example_dags/example_params_trigger_ui.py took 0.165 seconds
[2024-10-26T17:49:30.829+0000] {processor.py:186} INFO - Started process (PID=3661) to work on /home/airflow/.local/lib/python3.12/site-packages/airflow/example_dags/example_params_trigger_ui.py
[2024-10-26T17:49:30.831+0000] {processor.py:914} INFO - Processing file /home/airflow/.local/lib/python3.12/site-packages/airflow/example_dags/example_params_trigger_ui.py for tasks to queue
[2024-10-26T17:49:30.834+0000] {logging_mixin.py:190} INFO - [2024-10-26T17:49:30.833+0000] {dagbag.py:588} INFO - Filling up the DagBag from /home/airflow/.local/lib/python3.12/site-packages/airflow/example_dags/example_params_trigger_ui.py
[2024-10-26T17:49:30.850+0000] {processor.py:925} INFO - DAG(s) 'example_params_trigger_ui' retrieved from /home/airflow/.local/lib/python3.12/site-packages/airflow/example_dags/example_params_trigger_ui.py
[2024-10-26T17:49:30.912+0000] {logging_mixin.py:190} INFO - [2024-10-26T17:49:30.911+0000] {dag.py:3239} INFO - Sync 1 DAGs
[2024-10-26T17:49:30.935+0000] {logging_mixin.py:190} INFO - [2024-10-26T17:49:30.935+0000] {dag.py:4180} INFO - Setting next_dagrun for example_params_trigger_ui to None, run_after=None
[2024-10-26T17:49:30.964+0000] {processor.py:208} INFO - Processing /home/airflow/.local/lib/python3.12/site-packages/airflow/example_dags/example_params_trigger_ui.py took 0.145 seconds
[2024-10-26T17:50:03.056+0000] {processor.py:186} INFO - Started process (PID=3725) to work on /home/airflow/.local/lib/python3.12/site-packages/airflow/example_dags/example_params_trigger_ui.py
[2024-10-26T17:50:03.057+0000] {processor.py:914} INFO - Processing file /home/airflow/.local/lib/python3.12/site-packages/airflow/example_dags/example_params_trigger_ui.py for tasks to queue
[2024-10-26T17:50:03.060+0000] {logging_mixin.py:190} INFO - [2024-10-26T17:50:03.060+0000] {dagbag.py:588} INFO - Filling up the DagBag from /home/airflow/.local/lib/python3.12/site-packages/airflow/example_dags/example_params_trigger_ui.py
[2024-10-26T17:50:03.074+0000] {processor.py:925} INFO - DAG(s) 'example_params_trigger_ui' retrieved from /home/airflow/.local/lib/python3.12/site-packages/airflow/example_dags/example_params_trigger_ui.py
[2024-10-26T17:50:03.124+0000] {logging_mixin.py:190} INFO - [2024-10-26T17:50:03.124+0000] {dag.py:3239} INFO - Sync 1 DAGs
[2024-10-26T17:50:03.143+0000] {logging_mixin.py:190} INFO - [2024-10-26T17:50:03.143+0000] {dag.py:4180} INFO - Setting next_dagrun for example_params_trigger_ui to None, run_after=None
[2024-10-26T17:50:03.164+0000] {processor.py:208} INFO - Processing /home/airflow/.local/lib/python3.12/site-packages/airflow/example_dags/example_params_trigger_ui.py took 0.114 seconds
[2024-10-26T17:50:35.969+0000] {processor.py:186} INFO - Started process (PID=3789) to work on /home/airflow/.local/lib/python3.12/site-packages/airflow/example_dags/example_params_trigger_ui.py
[2024-10-26T17:50:35.970+0000] {processor.py:914} INFO - Processing file /home/airflow/.local/lib/python3.12/site-packages/airflow/example_dags/example_params_trigger_ui.py for tasks to queue
[2024-10-26T17:50:35.974+0000] {logging_mixin.py:190} INFO - [2024-10-26T17:50:35.974+0000] {dagbag.py:588} INFO - Filling up the DagBag from /home/airflow/.local/lib/python3.12/site-packages/airflow/example_dags/example_params_trigger_ui.py
[2024-10-26T17:50:35.989+0000] {processor.py:925} INFO - DAG(s) 'example_params_trigger_ui' retrieved from /home/airflow/.local/lib/python3.12/site-packages/airflow/example_dags/example_params_trigger_ui.py
[2024-10-26T17:50:36.045+0000] {logging_mixin.py:190} INFO - [2024-10-26T17:50:36.045+0000] {dag.py:3239} INFO - Sync 1 DAGs
[2024-10-26T17:50:36.065+0000] {logging_mixin.py:190} INFO - [2024-10-26T17:50:36.065+0000] {dag.py:4180} INFO - Setting next_dagrun for example_params_trigger_ui to None, run_after=None
[2024-10-26T17:50:36.091+0000] {processor.py:208} INFO - Processing /home/airflow/.local/lib/python3.12/site-packages/airflow/example_dags/example_params_trigger_ui.py took 0.129 seconds
[2024-10-26T17:51:08.538+0000] {processor.py:186} INFO - Started process (PID=3853) to work on /home/airflow/.local/lib/python3.12/site-packages/airflow/example_dags/example_params_trigger_ui.py
[2024-10-26T17:51:08.539+0000] {processor.py:914} INFO - Processing file /home/airflow/.local/lib/python3.12/site-packages/airflow/example_dags/example_params_trigger_ui.py for tasks to queue
[2024-10-26T17:51:08.542+0000] {logging_mixin.py:190} INFO - [2024-10-26T17:51:08.541+0000] {dagbag.py:588} INFO - Filling up the DagBag from /home/airflow/.local/lib/python3.12/site-packages/airflow/example_dags/example_params_trigger_ui.py
[2024-10-26T17:51:08.556+0000] {processor.py:925} INFO - DAG(s) 'example_params_trigger_ui' retrieved from /home/airflow/.local/lib/python3.12/site-packages/airflow/example_dags/example_params_trigger_ui.py
[2024-10-26T17:51:08.610+0000] {logging_mixin.py:190} INFO - [2024-10-26T17:51:08.610+0000] {dag.py:3239} INFO - Sync 1 DAGs
[2024-10-26T17:51:08.632+0000] {logging_mixin.py:190} INFO - [2024-10-26T17:51:08.632+0000] {dag.py:4180} INFO - Setting next_dagrun for example_params_trigger_ui to None, run_after=None
[2024-10-26T17:51:08.654+0000] {processor.py:208} INFO - Processing /home/airflow/.local/lib/python3.12/site-packages/airflow/example_dags/example_params_trigger_ui.py took 0.124 seconds
[2024-10-26T17:51:40.983+0000] {processor.py:186} INFO - Started process (PID=3917) to work on /home/airflow/.local/lib/python3.12/site-packages/airflow/example_dags/example_params_trigger_ui.py
[2024-10-26T17:51:40.984+0000] {processor.py:914} INFO - Processing file /home/airflow/.local/lib/python3.12/site-packages/airflow/example_dags/example_params_trigger_ui.py for tasks to queue
[2024-10-26T17:51:40.988+0000] {logging_mixin.py:190} INFO - [2024-10-26T17:51:40.987+0000] {dagbag.py:588} INFO - Filling up the DagBag from /home/airflow/.local/lib/python3.12/site-packages/airflow/example_dags/example_params_trigger_ui.py
[2024-10-26T17:51:41.002+0000] {processor.py:925} INFO - DAG(s) 'example_params_trigger_ui' retrieved from /home/airflow/.local/lib/python3.12/site-packages/airflow/example_dags/example_params_trigger_ui.py
[2024-10-26T17:51:41.055+0000] {logging_mixin.py:190} INFO - [2024-10-26T17:51:41.055+0000] {dag.py:3239} INFO - Sync 1 DAGs
[2024-10-26T17:51:41.081+0000] {logging_mixin.py:190} INFO - [2024-10-26T17:51:41.081+0000] {dag.py:4180} INFO - Setting next_dagrun for example_params_trigger_ui to None, run_after=None
[2024-10-26T17:51:41.105+0000] {processor.py:208} INFO - Processing /home/airflow/.local/lib/python3.12/site-packages/airflow/example_dags/example_params_trigger_ui.py took 0.129 seconds
[2024-10-26T17:52:13.994+0000] {processor.py:186} INFO - Started process (PID=3981) to work on /home/airflow/.local/lib/python3.12/site-packages/airflow/example_dags/example_params_trigger_ui.py
[2024-10-26T17:52:13.995+0000] {processor.py:914} INFO - Processing file /home/airflow/.local/lib/python3.12/site-packages/airflow/example_dags/example_params_trigger_ui.py for tasks to queue
[2024-10-26T17:52:13.998+0000] {logging_mixin.py:190} INFO - [2024-10-26T17:52:13.998+0000] {dagbag.py:588} INFO - Filling up the DagBag from /home/airflow/.local/lib/python3.12/site-packages/airflow/example_dags/example_params_trigger_ui.py
[2024-10-26T17:52:14.013+0000] {processor.py:925} INFO - DAG(s) 'example_params_trigger_ui' retrieved from /home/airflow/.local/lib/python3.12/site-packages/airflow/example_dags/example_params_trigger_ui.py
[2024-10-26T17:52:14.073+0000] {logging_mixin.py:190} INFO - [2024-10-26T17:52:14.073+0000] {dag.py:3239} INFO - Sync 1 DAGs
[2024-10-26T17:52:14.090+0000] {logging_mixin.py:190} INFO - [2024-10-26T17:52:14.090+0000] {dag.py:4180} INFO - Setting next_dagrun for example_params_trigger_ui to None, run_after=None
[2024-10-26T17:52:14.114+0000] {processor.py:208} INFO - Processing /home/airflow/.local/lib/python3.12/site-packages/airflow/example_dags/example_params_trigger_ui.py took 0.127 seconds
[2024-10-26T17:52:46.245+0000] {processor.py:186} INFO - Started process (PID=4046) to work on /home/airflow/.local/lib/python3.12/site-packages/airflow/example_dags/example_params_trigger_ui.py
[2024-10-26T17:52:46.246+0000] {processor.py:914} INFO - Processing file /home/airflow/.local/lib/python3.12/site-packages/airflow/example_dags/example_params_trigger_ui.py for tasks to queue
[2024-10-26T17:52:46.250+0000] {logging_mixin.py:190} INFO - [2024-10-26T17:52:46.249+0000] {dagbag.py:588} INFO - Filling up the DagBag from /home/airflow/.local/lib/python3.12/site-packages/airflow/example_dags/example_params_trigger_ui.py
[2024-10-26T17:52:46.262+0000] {processor.py:925} INFO - DAG(s) 'example_params_trigger_ui' retrieved from /home/airflow/.local/lib/python3.12/site-packages/airflow/example_dags/example_params_trigger_ui.py
[2024-10-26T17:52:46.315+0000] {logging_mixin.py:190} INFO - [2024-10-26T17:52:46.315+0000] {dag.py:3239} INFO - Sync 1 DAGs
[2024-10-26T17:52:46.331+0000] {logging_mixin.py:190} INFO - [2024-10-26T17:52:46.330+0000] {dag.py:4180} INFO - Setting next_dagrun for example_params_trigger_ui to None, run_after=None
[2024-10-26T17:52:46.354+0000] {processor.py:208} INFO - Processing /home/airflow/.local/lib/python3.12/site-packages/airflow/example_dags/example_params_trigger_ui.py took 0.117 seconds
[2024-10-26T17:53:19.266+0000] {processor.py:186} INFO - Started process (PID=4110) to work on /home/airflow/.local/lib/python3.12/site-packages/airflow/example_dags/example_params_trigger_ui.py
[2024-10-26T17:53:19.267+0000] {processor.py:914} INFO - Processing file /home/airflow/.local/lib/python3.12/site-packages/airflow/example_dags/example_params_trigger_ui.py for tasks to queue
[2024-10-26T17:53:19.271+0000] {logging_mixin.py:190} INFO - [2024-10-26T17:53:19.271+0000] {dagbag.py:588} INFO - Filling up the DagBag from /home/airflow/.local/lib/python3.12/site-packages/airflow/example_dags/example_params_trigger_ui.py
[2024-10-26T17:53:19.283+0000] {processor.py:925} INFO - DAG(s) 'example_params_trigger_ui' retrieved from /home/airflow/.local/lib/python3.12/site-packages/airflow/example_dags/example_params_trigger_ui.py
[2024-10-26T17:53:19.330+0000] {logging_mixin.py:190} INFO - [2024-10-26T17:53:19.330+0000] {dag.py:3239} INFO - Sync 1 DAGs
[2024-10-26T17:53:19.349+0000] {logging_mixin.py:190} INFO - [2024-10-26T17:53:19.349+0000] {dag.py:4180} INFO - Setting next_dagrun for example_params_trigger_ui to None, run_after=None
[2024-10-26T17:53:19.373+0000] {processor.py:208} INFO - Processing /home/airflow/.local/lib/python3.12/site-packages/airflow/example_dags/example_params_trigger_ui.py took 0.114 seconds
[2024-10-26T17:53:52.366+0000] {processor.py:186} INFO - Started process (PID=4174) to work on /home/airflow/.local/lib/python3.12/site-packages/airflow/example_dags/example_params_trigger_ui.py
[2024-10-26T17:53:52.368+0000] {processor.py:914} INFO - Processing file /home/airflow/.local/lib/python3.12/site-packages/airflow/example_dags/example_params_trigger_ui.py for tasks to queue
[2024-10-26T17:53:52.371+0000] {logging_mixin.py:190} INFO - [2024-10-26T17:53:52.370+0000] {dagbag.py:588} INFO - Filling up the DagBag from /home/airflow/.local/lib/python3.12/site-packages/airflow/example_dags/example_params_trigger_ui.py
[2024-10-26T17:53:52.392+0000] {processor.py:925} INFO - DAG(s) 'example_params_trigger_ui' retrieved from /home/airflow/.local/lib/python3.12/site-packages/airflow/example_dags/example_params_trigger_ui.py
[2024-10-26T17:53:52.493+0000] {logging_mixin.py:190} INFO - [2024-10-26T17:53:52.493+0000] {dag.py:3239} INFO - Sync 1 DAGs
[2024-10-26T17:53:52.522+0000] {logging_mixin.py:190} INFO - [2024-10-26T17:53:52.522+0000] {dag.py:4180} INFO - Setting next_dagrun for example_params_trigger_ui to None, run_after=None
[2024-10-26T17:53:52.553+0000] {processor.py:208} INFO - Processing /home/airflow/.local/lib/python3.12/site-packages/airflow/example_dags/example_params_trigger_ui.py took 0.196 seconds
[2024-10-26T17:54:25.771+0000] {processor.py:186} INFO - Started process (PID=4238) to work on /home/airflow/.local/lib/python3.12/site-packages/airflow/example_dags/example_params_trigger_ui.py
[2024-10-26T17:54:25.773+0000] {processor.py:914} INFO - Processing file /home/airflow/.local/lib/python3.12/site-packages/airflow/example_dags/example_params_trigger_ui.py for tasks to queue
[2024-10-26T17:54:25.776+0000] {logging_mixin.py:190} INFO - [2024-10-26T17:54:25.776+0000] {dagbag.py:588} INFO - Filling up the DagBag from /home/airflow/.local/lib/python3.12/site-packages/airflow/example_dags/example_params_trigger_ui.py
[2024-10-26T17:54:25.789+0000] {processor.py:925} INFO - DAG(s) 'example_params_trigger_ui' retrieved from /home/airflow/.local/lib/python3.12/site-packages/airflow/example_dags/example_params_trigger_ui.py
[2024-10-26T17:54:25.840+0000] {logging_mixin.py:190} INFO - [2024-10-26T17:54:25.840+0000] {dag.py:3239} INFO - Sync 1 DAGs
[2024-10-26T17:54:25.858+0000] {logging_mixin.py:190} INFO - [2024-10-26T17:54:25.858+0000] {dag.py:4180} INFO - Setting next_dagrun for example_params_trigger_ui to None, run_after=None
[2024-10-26T17:54:25.881+0000] {processor.py:208} INFO - Processing /home/airflow/.local/lib/python3.12/site-packages/airflow/example_dags/example_params_trigger_ui.py took 0.117 seconds
[2024-10-26T17:54:57.409+0000] {processor.py:186} INFO - Started process (PID=4302) to work on /home/airflow/.local/lib/python3.12/site-packages/airflow/example_dags/example_params_trigger_ui.py
[2024-10-26T17:54:57.410+0000] {processor.py:914} INFO - Processing file /home/airflow/.local/lib/python3.12/site-packages/airflow/example_dags/example_params_trigger_ui.py for tasks to queue
[2024-10-26T17:54:57.414+0000] {logging_mixin.py:190} INFO - [2024-10-26T17:54:57.414+0000] {dagbag.py:588} INFO - Filling up the DagBag from /home/airflow/.local/lib/python3.12/site-packages/airflow/example_dags/example_params_trigger_ui.py
[2024-10-26T17:54:57.434+0000] {processor.py:925} INFO - DAG(s) 'example_params_trigger_ui' retrieved from /home/airflow/.local/lib/python3.12/site-packages/airflow/example_dags/example_params_trigger_ui.py
[2024-10-26T17:54:57.514+0000] {logging_mixin.py:190} INFO - [2024-10-26T17:54:57.513+0000] {dag.py:3239} INFO - Sync 1 DAGs
[2024-10-26T17:54:57.535+0000] {logging_mixin.py:190} INFO - [2024-10-26T17:54:57.535+0000] {dag.py:4180} INFO - Setting next_dagrun for example_params_trigger_ui to None, run_after=None
[2024-10-26T17:54:57.565+0000] {processor.py:208} INFO - Processing /home/airflow/.local/lib/python3.12/site-packages/airflow/example_dags/example_params_trigger_ui.py took 0.166 seconds
[2024-10-26T17:55:30.179+0000] {processor.py:186} INFO - Started process (PID=4366) to work on /home/airflow/.local/lib/python3.12/site-packages/airflow/example_dags/example_params_trigger_ui.py
[2024-10-26T17:55:30.180+0000] {processor.py:914} INFO - Processing file /home/airflow/.local/lib/python3.12/site-packages/airflow/example_dags/example_params_trigger_ui.py for tasks to queue
[2024-10-26T17:55:30.182+0000] {logging_mixin.py:190} INFO - [2024-10-26T17:55:30.182+0000] {dagbag.py:588} INFO - Filling up the DagBag from /home/airflow/.local/lib/python3.12/site-packages/airflow/example_dags/example_params_trigger_ui.py
[2024-10-26T17:55:30.192+0000] {processor.py:925} INFO - DAG(s) 'example_params_trigger_ui' retrieved from /home/airflow/.local/lib/python3.12/site-packages/airflow/example_dags/example_params_trigger_ui.py
[2024-10-26T17:55:30.233+0000] {logging_mixin.py:190} INFO - [2024-10-26T17:55:30.233+0000] {dag.py:3239} INFO - Sync 1 DAGs
[2024-10-26T17:55:30.250+0000] {logging_mixin.py:190} INFO - [2024-10-26T17:55:30.250+0000] {dag.py:4180} INFO - Setting next_dagrun for example_params_trigger_ui to None, run_after=None
[2024-10-26T17:55:30.274+0000] {processor.py:208} INFO - Processing /home/airflow/.local/lib/python3.12/site-packages/airflow/example_dags/example_params_trigger_ui.py took 0.100 seconds
[2024-10-26T17:56:03.205+0000] {processor.py:186} INFO - Started process (PID=4430) to work on /home/airflow/.local/lib/python3.12/site-packages/airflow/example_dags/example_params_trigger_ui.py
[2024-10-26T17:56:03.206+0000] {processor.py:914} INFO - Processing file /home/airflow/.local/lib/python3.12/site-packages/airflow/example_dags/example_params_trigger_ui.py for tasks to queue
[2024-10-26T17:56:03.208+0000] {logging_mixin.py:190} INFO - [2024-10-26T17:56:03.208+0000] {dagbag.py:588} INFO - Filling up the DagBag from /home/airflow/.local/lib/python3.12/site-packages/airflow/example_dags/example_params_trigger_ui.py
[2024-10-26T17:56:03.218+0000] {processor.py:925} INFO - DAG(s) 'example_params_trigger_ui' retrieved from /home/airflow/.local/lib/python3.12/site-packages/airflow/example_dags/example_params_trigger_ui.py
[2024-10-26T17:56:03.268+0000] {logging_mixin.py:190} INFO - [2024-10-26T17:56:03.268+0000] {dag.py:3239} INFO - Sync 1 DAGs
[2024-10-26T17:56:03.283+0000] {logging_mixin.py:190} INFO - [2024-10-26T17:56:03.283+0000] {dag.py:4180} INFO - Setting next_dagrun for example_params_trigger_ui to None, run_after=None
[2024-10-26T17:56:03.306+0000] {processor.py:208} INFO - Processing /home/airflow/.local/lib/python3.12/site-packages/airflow/example_dags/example_params_trigger_ui.py took 0.108 seconds
[2024-10-26T17:56:35.029+0000] {processor.py:186} INFO - Started process (PID=4494) to work on /home/airflow/.local/lib/python3.12/site-packages/airflow/example_dags/example_params_trigger_ui.py
[2024-10-26T17:56:35.030+0000] {processor.py:914} INFO - Processing file /home/airflow/.local/lib/python3.12/site-packages/airflow/example_dags/example_params_trigger_ui.py for tasks to queue
[2024-10-26T17:56:35.033+0000] {logging_mixin.py:190} INFO - [2024-10-26T17:56:35.032+0000] {dagbag.py:588} INFO - Filling up the DagBag from /home/airflow/.local/lib/python3.12/site-packages/airflow/example_dags/example_params_trigger_ui.py
[2024-10-26T17:56:35.044+0000] {processor.py:925} INFO - DAG(s) 'example_params_trigger_ui' retrieved from /home/airflow/.local/lib/python3.12/site-packages/airflow/example_dags/example_params_trigger_ui.py
[2024-10-26T17:56:35.086+0000] {logging_mixin.py:190} INFO - [2024-10-26T17:56:35.086+0000] {dag.py:3239} INFO - Sync 1 DAGs
[2024-10-26T17:56:35.100+0000] {logging_mixin.py:190} INFO - [2024-10-26T17:56:35.100+0000] {dag.py:4180} INFO - Setting next_dagrun for example_params_trigger_ui to None, run_after=None
[2024-10-26T17:56:35.120+0000] {processor.py:208} INFO - Processing /home/airflow/.local/lib/python3.12/site-packages/airflow/example_dags/example_params_trigger_ui.py took 0.096 seconds
[2024-10-26T17:57:07.810+0000] {processor.py:186} INFO - Started process (PID=4558) to work on /home/airflow/.local/lib/python3.12/site-packages/airflow/example_dags/example_params_trigger_ui.py
[2024-10-26T17:57:07.812+0000] {processor.py:914} INFO - Processing file /home/airflow/.local/lib/python3.12/site-packages/airflow/example_dags/example_params_trigger_ui.py for tasks to queue
[2024-10-26T17:57:07.815+0000] {logging_mixin.py:190} INFO - [2024-10-26T17:57:07.815+0000] {dagbag.py:588} INFO - Filling up the DagBag from /home/airflow/.local/lib/python3.12/site-packages/airflow/example_dags/example_params_trigger_ui.py
[2024-10-26T17:57:07.835+0000] {processor.py:925} INFO - DAG(s) 'example_params_trigger_ui' retrieved from /home/airflow/.local/lib/python3.12/site-packages/airflow/example_dags/example_params_trigger_ui.py
[2024-10-26T17:57:07.909+0000] {logging_mixin.py:190} INFO - [2024-10-26T17:57:07.908+0000] {dag.py:3239} INFO - Sync 1 DAGs
[2024-10-26T17:57:07.935+0000] {logging_mixin.py:190} INFO - [2024-10-26T17:57:07.935+0000] {dag.py:4180} INFO - Setting next_dagrun for example_params_trigger_ui to None, run_after=None
[2024-10-26T17:57:07.962+0000] {processor.py:208} INFO - Processing /home/airflow/.local/lib/python3.12/site-packages/airflow/example_dags/example_params_trigger_ui.py took 0.162 seconds
[2024-10-26T17:57:40.840+0000] {processor.py:186} INFO - Started process (PID=4622) to work on /home/airflow/.local/lib/python3.12/site-packages/airflow/example_dags/example_params_trigger_ui.py
[2024-10-26T17:57:40.841+0000] {processor.py:914} INFO - Processing file /home/airflow/.local/lib/python3.12/site-packages/airflow/example_dags/example_params_trigger_ui.py for tasks to queue
[2024-10-26T17:57:40.844+0000] {logging_mixin.py:190} INFO - [2024-10-26T17:57:40.843+0000] {dagbag.py:588} INFO - Filling up the DagBag from /home/airflow/.local/lib/python3.12/site-packages/airflow/example_dags/example_params_trigger_ui.py
[2024-10-26T17:57:40.854+0000] {processor.py:925} INFO - DAG(s) 'example_params_trigger_ui' retrieved from /home/airflow/.local/lib/python3.12/site-packages/airflow/example_dags/example_params_trigger_ui.py
[2024-10-26T17:57:40.895+0000] {logging_mixin.py:190} INFO - [2024-10-26T17:57:40.895+0000] {dag.py:3239} INFO - Sync 1 DAGs
[2024-10-26T17:57:40.908+0000] {logging_mixin.py:190} INFO - [2024-10-26T17:57:40.908+0000] {dag.py:4180} INFO - Setting next_dagrun for example_params_trigger_ui to None, run_after=None
[2024-10-26T17:57:40.936+0000] {processor.py:208} INFO - Processing /home/airflow/.local/lib/python3.12/site-packages/airflow/example_dags/example_params_trigger_ui.py took 0.102 seconds
[2024-10-26T17:58:13.775+0000] {processor.py:186} INFO - Started process (PID=4686) to work on /home/airflow/.local/lib/python3.12/site-packages/airflow/example_dags/example_params_trigger_ui.py
[2024-10-26T17:58:13.777+0000] {processor.py:914} INFO - Processing file /home/airflow/.local/lib/python3.12/site-packages/airflow/example_dags/example_params_trigger_ui.py for tasks to queue
[2024-10-26T17:58:13.779+0000] {logging_mixin.py:190} INFO - [2024-10-26T17:58:13.779+0000] {dagbag.py:588} INFO - Filling up the DagBag from /home/airflow/.local/lib/python3.12/site-packages/airflow/example_dags/example_params_trigger_ui.py
[2024-10-26T17:58:13.789+0000] {processor.py:925} INFO - DAG(s) 'example_params_trigger_ui' retrieved from /home/airflow/.local/lib/python3.12/site-packages/airflow/example_dags/example_params_trigger_ui.py
[2024-10-26T17:58:13.828+0000] {logging_mixin.py:190} INFO - [2024-10-26T17:58:13.828+0000] {dag.py:3239} INFO - Sync 1 DAGs
[2024-10-26T17:58:13.842+0000] {logging_mixin.py:190} INFO - [2024-10-26T17:58:13.841+0000] {dag.py:4180} INFO - Setting next_dagrun for example_params_trigger_ui to None, run_after=None
[2024-10-26T17:58:13.861+0000] {processor.py:208} INFO - Processing /home/airflow/.local/lib/python3.12/site-packages/airflow/example_dags/example_params_trigger_ui.py took 0.091 seconds
[2024-10-26T17:58:46.563+0000] {processor.py:186} INFO - Started process (PID=4750) to work on /home/airflow/.local/lib/python3.12/site-packages/airflow/example_dags/example_params_trigger_ui.py
[2024-10-26T17:58:46.564+0000] {processor.py:914} INFO - Processing file /home/airflow/.local/lib/python3.12/site-packages/airflow/example_dags/example_params_trigger_ui.py for tasks to queue
[2024-10-26T17:58:46.567+0000] {logging_mixin.py:190} INFO - [2024-10-26T17:58:46.567+0000] {dagbag.py:588} INFO - Filling up the DagBag from /home/airflow/.local/lib/python3.12/site-packages/airflow/example_dags/example_params_trigger_ui.py
[2024-10-26T17:58:46.585+0000] {processor.py:925} INFO - DAG(s) 'example_params_trigger_ui' retrieved from /home/airflow/.local/lib/python3.12/site-packages/airflow/example_dags/example_params_trigger_ui.py
[2024-10-26T17:58:46.642+0000] {logging_mixin.py:190} INFO - [2024-10-26T17:58:46.641+0000] {dag.py:3239} INFO - Sync 1 DAGs
[2024-10-26T17:58:46.654+0000] {logging_mixin.py:190} INFO - [2024-10-26T17:58:46.654+0000] {dag.py:4180} INFO - Setting next_dagrun for example_params_trigger_ui to None, run_after=None
[2024-10-26T17:58:46.675+0000] {processor.py:208} INFO - Processing /home/airflow/.local/lib/python3.12/site-packages/airflow/example_dags/example_params_trigger_ui.py took 0.118 seconds
[2024-10-26T17:59:19.383+0000] {processor.py:186} INFO - Started process (PID=4814) to work on /home/airflow/.local/lib/python3.12/site-packages/airflow/example_dags/example_params_trigger_ui.py
[2024-10-26T17:59:19.385+0000] {processor.py:914} INFO - Processing file /home/airflow/.local/lib/python3.12/site-packages/airflow/example_dags/example_params_trigger_ui.py for tasks to queue
[2024-10-26T17:59:19.387+0000] {logging_mixin.py:190} INFO - [2024-10-26T17:59:19.387+0000] {dagbag.py:588} INFO - Filling up the DagBag from /home/airflow/.local/lib/python3.12/site-packages/airflow/example_dags/example_params_trigger_ui.py
[2024-10-26T17:59:19.399+0000] {processor.py:925} INFO - DAG(s) 'example_params_trigger_ui' retrieved from /home/airflow/.local/lib/python3.12/site-packages/airflow/example_dags/example_params_trigger_ui.py
[2024-10-26T17:59:19.439+0000] {logging_mixin.py:190} INFO - [2024-10-26T17:59:19.438+0000] {dag.py:3239} INFO - Sync 1 DAGs
[2024-10-26T17:59:19.453+0000] {logging_mixin.py:190} INFO - [2024-10-26T17:59:19.453+0000] {dag.py:4180} INFO - Setting next_dagrun for example_params_trigger_ui to None, run_after=None
[2024-10-26T17:59:19.471+0000] {processor.py:208} INFO - Processing /home/airflow/.local/lib/python3.12/site-packages/airflow/example_dags/example_params_trigger_ui.py took 0.093 seconds
[2024-10-26T17:59:52.339+0000] {processor.py:186} INFO - Started process (PID=4878) to work on /home/airflow/.local/lib/python3.12/site-packages/airflow/example_dags/example_params_trigger_ui.py
[2024-10-26T17:59:52.339+0000] {processor.py:914} INFO - Processing file /home/airflow/.local/lib/python3.12/site-packages/airflow/example_dags/example_params_trigger_ui.py for tasks to queue
[2024-10-26T17:59:52.341+0000] {logging_mixin.py:190} INFO - [2024-10-26T17:59:52.341+0000] {dagbag.py:588} INFO - Filling up the DagBag from /home/airflow/.local/lib/python3.12/site-packages/airflow/example_dags/example_params_trigger_ui.py
[2024-10-26T17:59:52.352+0000] {processor.py:925} INFO - DAG(s) 'example_params_trigger_ui' retrieved from /home/airflow/.local/lib/python3.12/site-packages/airflow/example_dags/example_params_trigger_ui.py
[2024-10-26T17:59:52.392+0000] {logging_mixin.py:190} INFO - [2024-10-26T17:59:52.392+0000] {dag.py:3239} INFO - Sync 1 DAGs
[2024-10-26T17:59:52.406+0000] {logging_mixin.py:190} INFO - [2024-10-26T17:59:52.405+0000] {dag.py:4180} INFO - Setting next_dagrun for example_params_trigger_ui to None, run_after=None
[2024-10-26T17:59:52.424+0000] {processor.py:208} INFO - Processing /home/airflow/.local/lib/python3.12/site-packages/airflow/example_dags/example_params_trigger_ui.py took 0.091 seconds
[2024-10-26T18:00:24.805+0000] {processor.py:186} INFO - Started process (PID=4942) to work on /home/airflow/.local/lib/python3.12/site-packages/airflow/example_dags/example_params_trigger_ui.py
[2024-10-26T18:00:24.806+0000] {processor.py:914} INFO - Processing file /home/airflow/.local/lib/python3.12/site-packages/airflow/example_dags/example_params_trigger_ui.py for tasks to queue
[2024-10-26T18:00:24.811+0000] {logging_mixin.py:190} INFO - [2024-10-26T18:00:24.811+0000] {dagbag.py:588} INFO - Filling up the DagBag from /home/airflow/.local/lib/python3.12/site-packages/airflow/example_dags/example_params_trigger_ui.py
[2024-10-26T18:00:24.826+0000] {processor.py:925} INFO - DAG(s) 'example_params_trigger_ui' retrieved from /home/airflow/.local/lib/python3.12/site-packages/airflow/example_dags/example_params_trigger_ui.py
[2024-10-26T18:00:24.867+0000] {logging_mixin.py:190} INFO - [2024-10-26T18:00:24.867+0000] {dag.py:3239} INFO - Sync 1 DAGs
[2024-10-26T18:00:24.882+0000] {logging_mixin.py:190} INFO - [2024-10-26T18:00:24.882+0000] {dag.py:4180} INFO - Setting next_dagrun for example_params_trigger_ui to None, run_after=None
[2024-10-26T18:00:24.903+0000] {processor.py:208} INFO - Processing /home/airflow/.local/lib/python3.12/site-packages/airflow/example_dags/example_params_trigger_ui.py took 0.104 seconds
[2024-10-26T18:00:57.776+0000] {processor.py:186} INFO - Started process (PID=5006) to work on /home/airflow/.local/lib/python3.12/site-packages/airflow/example_dags/example_params_trigger_ui.py
[2024-10-26T18:00:57.780+0000] {processor.py:914} INFO - Processing file /home/airflow/.local/lib/python3.12/site-packages/airflow/example_dags/example_params_trigger_ui.py for tasks to queue
[2024-10-26T18:00:57.784+0000] {logging_mixin.py:190} INFO - [2024-10-26T18:00:57.783+0000] {dagbag.py:588} INFO - Filling up the DagBag from /home/airflow/.local/lib/python3.12/site-packages/airflow/example_dags/example_params_trigger_ui.py
[2024-10-26T18:00:57.802+0000] {processor.py:925} INFO - DAG(s) 'example_params_trigger_ui' retrieved from /home/airflow/.local/lib/python3.12/site-packages/airflow/example_dags/example_params_trigger_ui.py
[2024-10-26T18:00:57.871+0000] {logging_mixin.py:190} INFO - [2024-10-26T18:00:57.870+0000] {dag.py:3239} INFO - Sync 1 DAGs
[2024-10-26T18:00:57.891+0000] {logging_mixin.py:190} INFO - [2024-10-26T18:00:57.891+0000] {dag.py:4180} INFO - Setting next_dagrun for example_params_trigger_ui to None, run_after=None
[2024-10-26T18:00:57.920+0000] {processor.py:208} INFO - Processing /home/airflow/.local/lib/python3.12/site-packages/airflow/example_dags/example_params_trigger_ui.py took 0.152 seconds
[2024-10-26T18:01:29.940+0000] {processor.py:186} INFO - Started process (PID=5070) to work on /home/airflow/.local/lib/python3.12/site-packages/airflow/example_dags/example_params_trigger_ui.py
[2024-10-26T18:01:29.941+0000] {processor.py:914} INFO - Processing file /home/airflow/.local/lib/python3.12/site-packages/airflow/example_dags/example_params_trigger_ui.py for tasks to queue
[2024-10-26T18:01:29.943+0000] {logging_mixin.py:190} INFO - [2024-10-26T18:01:29.942+0000] {dagbag.py:588} INFO - Filling up the DagBag from /home/airflow/.local/lib/python3.12/site-packages/airflow/example_dags/example_params_trigger_ui.py
[2024-10-26T18:01:29.953+0000] {processor.py:925} INFO - DAG(s) 'example_params_trigger_ui' retrieved from /home/airflow/.local/lib/python3.12/site-packages/airflow/example_dags/example_params_trigger_ui.py
[2024-10-26T18:01:29.998+0000] {logging_mixin.py:190} INFO - [2024-10-26T18:01:29.997+0000] {dag.py:3239} INFO - Sync 1 DAGs
[2024-10-26T18:01:30.012+0000] {logging_mixin.py:190} INFO - [2024-10-26T18:01:30.012+0000] {dag.py:4180} INFO - Setting next_dagrun for example_params_trigger_ui to None, run_after=None
[2024-10-26T18:01:30.033+0000] {processor.py:208} INFO - Processing /home/airflow/.local/lib/python3.12/site-packages/airflow/example_dags/example_params_trigger_ui.py took 0.098 seconds
[2024-10-26T18:02:03.059+0000] {processor.py:186} INFO - Started process (PID=5135) to work on /home/airflow/.local/lib/python3.12/site-packages/airflow/example_dags/example_params_trigger_ui.py
[2024-10-26T18:02:03.061+0000] {processor.py:914} INFO - Processing file /home/airflow/.local/lib/python3.12/site-packages/airflow/example_dags/example_params_trigger_ui.py for tasks to queue
[2024-10-26T18:02:03.063+0000] {logging_mixin.py:190} INFO - [2024-10-26T18:02:03.063+0000] {dagbag.py:588} INFO - Filling up the DagBag from /home/airflow/.local/lib/python3.12/site-packages/airflow/example_dags/example_params_trigger_ui.py
[2024-10-26T18:02:03.076+0000] {processor.py:925} INFO - DAG(s) 'example_params_trigger_ui' retrieved from /home/airflow/.local/lib/python3.12/site-packages/airflow/example_dags/example_params_trigger_ui.py
[2024-10-26T18:02:03.126+0000] {logging_mixin.py:190} INFO - [2024-10-26T18:02:03.126+0000] {dag.py:3239} INFO - Sync 1 DAGs
[2024-10-26T18:02:03.139+0000] {logging_mixin.py:190} INFO - [2024-10-26T18:02:03.139+0000] {dag.py:4180} INFO - Setting next_dagrun for example_params_trigger_ui to None, run_after=None
[2024-10-26T18:02:03.158+0000] {processor.py:208} INFO - Processing /home/airflow/.local/lib/python3.12/site-packages/airflow/example_dags/example_params_trigger_ui.py took 0.106 seconds
[2024-10-26T18:02:35.043+0000] {processor.py:186} INFO - Started process (PID=5199) to work on /home/airflow/.local/lib/python3.12/site-packages/airflow/example_dags/example_params_trigger_ui.py
[2024-10-26T18:02:35.044+0000] {processor.py:914} INFO - Processing file /home/airflow/.local/lib/python3.12/site-packages/airflow/example_dags/example_params_trigger_ui.py for tasks to queue
[2024-10-26T18:02:35.046+0000] {logging_mixin.py:190} INFO - [2024-10-26T18:02:35.046+0000] {dagbag.py:588} INFO - Filling up the DagBag from /home/airflow/.local/lib/python3.12/site-packages/airflow/example_dags/example_params_trigger_ui.py
[2024-10-26T18:02:35.057+0000] {processor.py:925} INFO - DAG(s) 'example_params_trigger_ui' retrieved from /home/airflow/.local/lib/python3.12/site-packages/airflow/example_dags/example_params_trigger_ui.py
[2024-10-26T18:02:35.101+0000] {logging_mixin.py:190} INFO - [2024-10-26T18:02:35.101+0000] {dag.py:3239} INFO - Sync 1 DAGs
[2024-10-26T18:02:35.115+0000] {logging_mixin.py:190} INFO - [2024-10-26T18:02:35.114+0000] {dag.py:4180} INFO - Setting next_dagrun for example_params_trigger_ui to None, run_after=None
[2024-10-26T18:02:35.141+0000] {processor.py:208} INFO - Processing /home/airflow/.local/lib/python3.12/site-packages/airflow/example_dags/example_params_trigger_ui.py took 0.104 seconds
[2024-10-26T18:03:08.483+0000] {processor.py:186} INFO - Started process (PID=5263) to work on /home/airflow/.local/lib/python3.12/site-packages/airflow/example_dags/example_params_trigger_ui.py
[2024-10-26T18:03:08.484+0000] {processor.py:914} INFO - Processing file /home/airflow/.local/lib/python3.12/site-packages/airflow/example_dags/example_params_trigger_ui.py for tasks to queue
[2024-10-26T18:03:08.487+0000] {logging_mixin.py:190} INFO - [2024-10-26T18:03:08.487+0000] {dagbag.py:588} INFO - Filling up the DagBag from /home/airflow/.local/lib/python3.12/site-packages/airflow/example_dags/example_params_trigger_ui.py
[2024-10-26T18:03:08.516+0000] {processor.py:925} INFO - DAG(s) 'example_params_trigger_ui' retrieved from /home/airflow/.local/lib/python3.12/site-packages/airflow/example_dags/example_params_trigger_ui.py
[2024-10-26T18:03:08.594+0000] {logging_mixin.py:190} INFO - [2024-10-26T18:03:08.593+0000] {dag.py:3239} INFO - Sync 1 DAGs
[2024-10-26T18:03:08.619+0000] {logging_mixin.py:190} INFO - [2024-10-26T18:03:08.618+0000] {dag.py:4180} INFO - Setting next_dagrun for example_params_trigger_ui to None, run_after=None
[2024-10-26T18:03:08.691+0000] {processor.py:208} INFO - Processing /home/airflow/.local/lib/python3.12/site-packages/airflow/example_dags/example_params_trigger_ui.py took 0.217 seconds
[2024-10-26T18:03:40.636+0000] {processor.py:186} INFO - Started process (PID=5327) to work on /home/airflow/.local/lib/python3.12/site-packages/airflow/example_dags/example_params_trigger_ui.py
[2024-10-26T18:03:40.637+0000] {processor.py:914} INFO - Processing file /home/airflow/.local/lib/python3.12/site-packages/airflow/example_dags/example_params_trigger_ui.py for tasks to queue
[2024-10-26T18:03:40.640+0000] {logging_mixin.py:190} INFO - [2024-10-26T18:03:40.640+0000] {dagbag.py:588} INFO - Filling up the DagBag from /home/airflow/.local/lib/python3.12/site-packages/airflow/example_dags/example_params_trigger_ui.py
[2024-10-26T18:03:40.654+0000] {processor.py:925} INFO - DAG(s) 'example_params_trigger_ui' retrieved from /home/airflow/.local/lib/python3.12/site-packages/airflow/example_dags/example_params_trigger_ui.py
[2024-10-26T18:03:40.705+0000] {logging_mixin.py:190} INFO - [2024-10-26T18:03:40.705+0000] {dag.py:3239} INFO - Sync 1 DAGs
[2024-10-26T18:03:40.722+0000] {logging_mixin.py:190} INFO - [2024-10-26T18:03:40.721+0000] {dag.py:4180} INFO - Setting next_dagrun for example_params_trigger_ui to None, run_after=None
[2024-10-26T18:03:40.742+0000] {processor.py:208} INFO - Processing /home/airflow/.local/lib/python3.12/site-packages/airflow/example_dags/example_params_trigger_ui.py took 0.113 seconds
[2024-10-26T18:04:13.348+0000] {processor.py:186} INFO - Started process (PID=5391) to work on /home/airflow/.local/lib/python3.12/site-packages/airflow/example_dags/example_params_trigger_ui.py
[2024-10-26T18:04:13.349+0000] {processor.py:914} INFO - Processing file /home/airflow/.local/lib/python3.12/site-packages/airflow/example_dags/example_params_trigger_ui.py for tasks to queue
[2024-10-26T18:04:13.351+0000] {logging_mixin.py:190} INFO - [2024-10-26T18:04:13.351+0000] {dagbag.py:588} INFO - Filling up the DagBag from /home/airflow/.local/lib/python3.12/site-packages/airflow/example_dags/example_params_trigger_ui.py
[2024-10-26T18:04:13.363+0000] {processor.py:925} INFO - DAG(s) 'example_params_trigger_ui' retrieved from /home/airflow/.local/lib/python3.12/site-packages/airflow/example_dags/example_params_trigger_ui.py
[2024-10-26T18:04:13.408+0000] {logging_mixin.py:190} INFO - [2024-10-26T18:04:13.407+0000] {dag.py:3239} INFO - Sync 1 DAGs
[2024-10-26T18:04:13.422+0000] {logging_mixin.py:190} INFO - [2024-10-26T18:04:13.422+0000] {dag.py:4180} INFO - Setting next_dagrun for example_params_trigger_ui to None, run_after=None
[2024-10-26T18:04:13.447+0000] {processor.py:208} INFO - Processing /home/airflow/.local/lib/python3.12/site-packages/airflow/example_dags/example_params_trigger_ui.py took 0.105 seconds
[2024-10-26T18:04:45.892+0000] {processor.py:186} INFO - Started process (PID=5455) to work on /home/airflow/.local/lib/python3.12/site-packages/airflow/example_dags/example_params_trigger_ui.py
[2024-10-26T18:04:45.893+0000] {processor.py:914} INFO - Processing file /home/airflow/.local/lib/python3.12/site-packages/airflow/example_dags/example_params_trigger_ui.py for tasks to queue
[2024-10-26T18:04:45.895+0000] {logging_mixin.py:190} INFO - [2024-10-26T18:04:45.895+0000] {dagbag.py:588} INFO - Filling up the DagBag from /home/airflow/.local/lib/python3.12/site-packages/airflow/example_dags/example_params_trigger_ui.py
[2024-10-26T18:04:45.905+0000] {processor.py:925} INFO - DAG(s) 'example_params_trigger_ui' retrieved from /home/airflow/.local/lib/python3.12/site-packages/airflow/example_dags/example_params_trigger_ui.py
[2024-10-26T18:04:45.947+0000] {logging_mixin.py:190} INFO - [2024-10-26T18:04:45.947+0000] {dag.py:3239} INFO - Sync 1 DAGs
[2024-10-26T18:04:45.960+0000] {logging_mixin.py:190} INFO - [2024-10-26T18:04:45.960+0000] {dag.py:4180} INFO - Setting next_dagrun for example_params_trigger_ui to None, run_after=None
[2024-10-26T18:04:45.979+0000] {processor.py:208} INFO - Processing /home/airflow/.local/lib/python3.12/site-packages/airflow/example_dags/example_params_trigger_ui.py took 0.093 seconds
[2024-10-26T18:05:18.952+0000] {processor.py:186} INFO - Started process (PID=5519) to work on /home/airflow/.local/lib/python3.12/site-packages/airflow/example_dags/example_params_trigger_ui.py
[2024-10-26T18:05:18.953+0000] {processor.py:914} INFO - Processing file /home/airflow/.local/lib/python3.12/site-packages/airflow/example_dags/example_params_trigger_ui.py for tasks to queue
[2024-10-26T18:05:18.956+0000] {logging_mixin.py:190} INFO - [2024-10-26T18:05:18.955+0000] {dagbag.py:588} INFO - Filling up the DagBag from /home/airflow/.local/lib/python3.12/site-packages/airflow/example_dags/example_params_trigger_ui.py
[2024-10-26T18:05:18.966+0000] {processor.py:925} INFO - DAG(s) 'example_params_trigger_ui' retrieved from /home/airflow/.local/lib/python3.12/site-packages/airflow/example_dags/example_params_trigger_ui.py
[2024-10-26T18:05:19.010+0000] {logging_mixin.py:190} INFO - [2024-10-26T18:05:19.010+0000] {dag.py:3239} INFO - Sync 1 DAGs
[2024-10-26T18:05:19.028+0000] {logging_mixin.py:190} INFO - [2024-10-26T18:05:19.027+0000] {dag.py:4180} INFO - Setting next_dagrun for example_params_trigger_ui to None, run_after=None
[2024-10-26T18:05:19.046+0000] {processor.py:208} INFO - Processing /home/airflow/.local/lib/python3.12/site-packages/airflow/example_dags/example_params_trigger_ui.py took 0.099 seconds
[2024-10-26T18:05:51.972+0000] {processor.py:186} INFO - Started process (PID=5583) to work on /home/airflow/.local/lib/python3.12/site-packages/airflow/example_dags/example_params_trigger_ui.py
[2024-10-26T18:05:51.973+0000] {processor.py:914} INFO - Processing file /home/airflow/.local/lib/python3.12/site-packages/airflow/example_dags/example_params_trigger_ui.py for tasks to queue
[2024-10-26T18:05:51.975+0000] {logging_mixin.py:190} INFO - [2024-10-26T18:05:51.975+0000] {dagbag.py:588} INFO - Filling up the DagBag from /home/airflow/.local/lib/python3.12/site-packages/airflow/example_dags/example_params_trigger_ui.py
[2024-10-26T18:05:51.988+0000] {processor.py:925} INFO - DAG(s) 'example_params_trigger_ui' retrieved from /home/airflow/.local/lib/python3.12/site-packages/airflow/example_dags/example_params_trigger_ui.py
[2024-10-26T18:05:52.028+0000] {logging_mixin.py:190} INFO - [2024-10-26T18:05:52.028+0000] {dag.py:3239} INFO - Sync 1 DAGs
[2024-10-26T18:05:52.043+0000] {logging_mixin.py:190} INFO - [2024-10-26T18:05:52.043+0000] {dag.py:4180} INFO - Setting next_dagrun for example_params_trigger_ui to None, run_after=None
[2024-10-26T18:05:52.063+0000] {processor.py:208} INFO - Processing /home/airflow/.local/lib/python3.12/site-packages/airflow/example_dags/example_params_trigger_ui.py took 0.100 seconds
[2024-10-26T18:06:25.548+0000] {processor.py:186} INFO - Started process (PID=5647) to work on /home/airflow/.local/lib/python3.12/site-packages/airflow/example_dags/example_params_trigger_ui.py
[2024-10-26T18:06:25.549+0000] {processor.py:914} INFO - Processing file /home/airflow/.local/lib/python3.12/site-packages/airflow/example_dags/example_params_trigger_ui.py for tasks to queue
[2024-10-26T18:06:25.552+0000] {logging_mixin.py:190} INFO - [2024-10-26T18:06:25.552+0000] {dagbag.py:588} INFO - Filling up the DagBag from /home/airflow/.local/lib/python3.12/site-packages/airflow/example_dags/example_params_trigger_ui.py
[2024-10-26T18:06:25.563+0000] {processor.py:925} INFO - DAG(s) 'example_params_trigger_ui' retrieved from /home/airflow/.local/lib/python3.12/site-packages/airflow/example_dags/example_params_trigger_ui.py
[2024-10-26T18:06:25.615+0000] {logging_mixin.py:190} INFO - [2024-10-26T18:06:25.615+0000] {dag.py:3239} INFO - Sync 1 DAGs
[2024-10-26T18:06:25.634+0000] {logging_mixin.py:190} INFO - [2024-10-26T18:06:25.634+0000] {dag.py:4180} INFO - Setting next_dagrun for example_params_trigger_ui to None, run_after=None
[2024-10-26T18:06:25.654+0000] {processor.py:208} INFO - Processing /home/airflow/.local/lib/python3.12/site-packages/airflow/example_dags/example_params_trigger_ui.py took 0.112 seconds
[2024-10-26T18:06:57.765+0000] {processor.py:186} INFO - Started process (PID=5711) to work on /home/airflow/.local/lib/python3.12/site-packages/airflow/example_dags/example_params_trigger_ui.py
[2024-10-26T18:06:57.766+0000] {processor.py:914} INFO - Processing file /home/airflow/.local/lib/python3.12/site-packages/airflow/example_dags/example_params_trigger_ui.py for tasks to queue
[2024-10-26T18:06:57.769+0000] {logging_mixin.py:190} INFO - [2024-10-26T18:06:57.768+0000] {dagbag.py:588} INFO - Filling up the DagBag from /home/airflow/.local/lib/python3.12/site-packages/airflow/example_dags/example_params_trigger_ui.py
[2024-10-26T18:06:57.787+0000] {processor.py:925} INFO - DAG(s) 'example_params_trigger_ui' retrieved from /home/airflow/.local/lib/python3.12/site-packages/airflow/example_dags/example_params_trigger_ui.py
[2024-10-26T18:06:57.851+0000] {logging_mixin.py:190} INFO - [2024-10-26T18:06:57.851+0000] {dag.py:3239} INFO - Sync 1 DAGs
[2024-10-26T18:06:57.868+0000] {logging_mixin.py:190} INFO - [2024-10-26T18:06:57.867+0000] {dag.py:4180} INFO - Setting next_dagrun for example_params_trigger_ui to None, run_after=None
[2024-10-26T18:06:57.895+0000] {processor.py:208} INFO - Processing /home/airflow/.local/lib/python3.12/site-packages/airflow/example_dags/example_params_trigger_ui.py took 0.139 seconds
[2024-10-26T18:07:30.269+0000] {processor.py:186} INFO - Started process (PID=5775) to work on /home/airflow/.local/lib/python3.12/site-packages/airflow/example_dags/example_params_trigger_ui.py
[2024-10-26T18:07:30.270+0000] {processor.py:914} INFO - Processing file /home/airflow/.local/lib/python3.12/site-packages/airflow/example_dags/example_params_trigger_ui.py for tasks to queue
[2024-10-26T18:07:30.272+0000] {logging_mixin.py:190} INFO - [2024-10-26T18:07:30.272+0000] {dagbag.py:588} INFO - Filling up the DagBag from /home/airflow/.local/lib/python3.12/site-packages/airflow/example_dags/example_params_trigger_ui.py
[2024-10-26T18:07:30.283+0000] {processor.py:925} INFO - DAG(s) 'example_params_trigger_ui' retrieved from /home/airflow/.local/lib/python3.12/site-packages/airflow/example_dags/example_params_trigger_ui.py
[2024-10-26T18:07:30.323+0000] {logging_mixin.py:190} INFO - [2024-10-26T18:07:30.323+0000] {dag.py:3239} INFO - Sync 1 DAGs
[2024-10-26T18:07:30.336+0000] {logging_mixin.py:190} INFO - [2024-10-26T18:07:30.336+0000] {dag.py:4180} INFO - Setting next_dagrun for example_params_trigger_ui to None, run_after=None
[2024-10-26T18:07:30.354+0000] {processor.py:208} INFO - Processing /home/airflow/.local/lib/python3.12/site-packages/airflow/example_dags/example_params_trigger_ui.py took 0.091 seconds
[2024-10-26T18:08:03.285+0000] {processor.py:186} INFO - Started process (PID=5839) to work on /home/airflow/.local/lib/python3.12/site-packages/airflow/example_dags/example_params_trigger_ui.py
[2024-10-26T18:08:03.286+0000] {processor.py:914} INFO - Processing file /home/airflow/.local/lib/python3.12/site-packages/airflow/example_dags/example_params_trigger_ui.py for tasks to queue
[2024-10-26T18:08:03.289+0000] {logging_mixin.py:190} INFO - [2024-10-26T18:08:03.289+0000] {dagbag.py:588} INFO - Filling up the DagBag from /home/airflow/.local/lib/python3.12/site-packages/airflow/example_dags/example_params_trigger_ui.py
[2024-10-26T18:08:03.305+0000] {processor.py:925} INFO - DAG(s) 'example_params_trigger_ui' retrieved from /home/airflow/.local/lib/python3.12/site-packages/airflow/example_dags/example_params_trigger_ui.py
[2024-10-26T18:08:03.357+0000] {logging_mixin.py:190} INFO - [2024-10-26T18:08:03.356+0000] {dag.py:3239} INFO - Sync 1 DAGs
[2024-10-26T18:08:03.374+0000] {logging_mixin.py:190} INFO - [2024-10-26T18:08:03.374+0000] {dag.py:4180} INFO - Setting next_dagrun for example_params_trigger_ui to None, run_after=None
[2024-10-26T18:08:03.399+0000] {processor.py:208} INFO - Processing /home/airflow/.local/lib/python3.12/site-packages/airflow/example_dags/example_params_trigger_ui.py took 0.121 seconds
[2024-10-26T18:08:35.713+0000] {processor.py:186} INFO - Started process (PID=5903) to work on /home/airflow/.local/lib/python3.12/site-packages/airflow/example_dags/example_params_trigger_ui.py
[2024-10-26T18:08:35.716+0000] {processor.py:914} INFO - Processing file /home/airflow/.local/lib/python3.12/site-packages/airflow/example_dags/example_params_trigger_ui.py for tasks to queue
[2024-10-26T18:08:35.719+0000] {logging_mixin.py:190} INFO - [2024-10-26T18:08:35.719+0000] {dagbag.py:588} INFO - Filling up the DagBag from /home/airflow/.local/lib/python3.12/site-packages/airflow/example_dags/example_params_trigger_ui.py
[2024-10-26T18:08:35.738+0000] {processor.py:925} INFO - DAG(s) 'example_params_trigger_ui' retrieved from /home/airflow/.local/lib/python3.12/site-packages/airflow/example_dags/example_params_trigger_ui.py
[2024-10-26T18:08:35.796+0000] {logging_mixin.py:190} INFO - [2024-10-26T18:08:35.795+0000] {dag.py:3239} INFO - Sync 1 DAGs
[2024-10-26T18:08:35.810+0000] {logging_mixin.py:190} INFO - [2024-10-26T18:08:35.810+0000] {dag.py:4180} INFO - Setting next_dagrun for example_params_trigger_ui to None, run_after=None
[2024-10-26T18:08:35.831+0000] {processor.py:208} INFO - Processing /home/airflow/.local/lib/python3.12/site-packages/airflow/example_dags/example_params_trigger_ui.py took 0.125 seconds
[2024-10-26T18:09:08.745+0000] {processor.py:186} INFO - Started process (PID=5967) to work on /home/airflow/.local/lib/python3.12/site-packages/airflow/example_dags/example_params_trigger_ui.py
[2024-10-26T18:09:08.747+0000] {processor.py:914} INFO - Processing file /home/airflow/.local/lib/python3.12/site-packages/airflow/example_dags/example_params_trigger_ui.py for tasks to queue
[2024-10-26T18:09:08.750+0000] {logging_mixin.py:190} INFO - [2024-10-26T18:09:08.749+0000] {dagbag.py:588} INFO - Filling up the DagBag from /home/airflow/.local/lib/python3.12/site-packages/airflow/example_dags/example_params_trigger_ui.py
[2024-10-26T18:09:08.763+0000] {processor.py:925} INFO - DAG(s) 'example_params_trigger_ui' retrieved from /home/airflow/.local/lib/python3.12/site-packages/airflow/example_dags/example_params_trigger_ui.py
[2024-10-26T18:09:08.810+0000] {logging_mixin.py:190} INFO - [2024-10-26T18:09:08.809+0000] {dag.py:3239} INFO - Sync 1 DAGs
[2024-10-26T18:09:08.826+0000] {logging_mixin.py:190} INFO - [2024-10-26T18:09:08.825+0000] {dag.py:4180} INFO - Setting next_dagrun for example_params_trigger_ui to None, run_after=None
[2024-10-26T18:09:08.850+0000] {processor.py:208} INFO - Processing /home/airflow/.local/lib/python3.12/site-packages/airflow/example_dags/example_params_trigger_ui.py took 0.112 seconds
[2024-10-26T18:09:40.975+0000] {processor.py:186} INFO - Started process (PID=6031) to work on /home/airflow/.local/lib/python3.12/site-packages/airflow/example_dags/example_params_trigger_ui.py
[2024-10-26T18:09:40.976+0000] {processor.py:914} INFO - Processing file /home/airflow/.local/lib/python3.12/site-packages/airflow/example_dags/example_params_trigger_ui.py for tasks to queue
[2024-10-26T18:09:40.979+0000] {logging_mixin.py:190} INFO - [2024-10-26T18:09:40.979+0000] {dagbag.py:588} INFO - Filling up the DagBag from /home/airflow/.local/lib/python3.12/site-packages/airflow/example_dags/example_params_trigger_ui.py
[2024-10-26T18:09:40.989+0000] {processor.py:925} INFO - DAG(s) 'example_params_trigger_ui' retrieved from /home/airflow/.local/lib/python3.12/site-packages/airflow/example_dags/example_params_trigger_ui.py
[2024-10-26T18:09:41.033+0000] {logging_mixin.py:190} INFO - [2024-10-26T18:09:41.032+0000] {dag.py:3239} INFO - Sync 1 DAGs
[2024-10-26T18:09:41.046+0000] {logging_mixin.py:190} INFO - [2024-10-26T18:09:41.046+0000] {dag.py:4180} INFO - Setting next_dagrun for example_params_trigger_ui to None, run_after=None
[2024-10-26T18:09:41.070+0000] {processor.py:208} INFO - Processing /home/airflow/.local/lib/python3.12/site-packages/airflow/example_dags/example_params_trigger_ui.py took 0.102 seconds
[2024-10-26T18:10:13.234+0000] {processor.py:186} INFO - Started process (PID=6095) to work on /home/airflow/.local/lib/python3.12/site-packages/airflow/example_dags/example_params_trigger_ui.py
[2024-10-26T18:10:13.235+0000] {processor.py:914} INFO - Processing file /home/airflow/.local/lib/python3.12/site-packages/airflow/example_dags/example_params_trigger_ui.py for tasks to queue
[2024-10-26T18:10:13.237+0000] {logging_mixin.py:190} INFO - [2024-10-26T18:10:13.237+0000] {dagbag.py:588} INFO - Filling up the DagBag from /home/airflow/.local/lib/python3.12/site-packages/airflow/example_dags/example_params_trigger_ui.py
[2024-10-26T18:10:13.247+0000] {processor.py:925} INFO - DAG(s) 'example_params_trigger_ui' retrieved from /home/airflow/.local/lib/python3.12/site-packages/airflow/example_dags/example_params_trigger_ui.py
[2024-10-26T18:10:13.292+0000] {logging_mixin.py:190} INFO - [2024-10-26T18:10:13.291+0000] {dag.py:3239} INFO - Sync 1 DAGs
[2024-10-26T18:10:13.306+0000] {logging_mixin.py:190} INFO - [2024-10-26T18:10:13.305+0000] {dag.py:4180} INFO - Setting next_dagrun for example_params_trigger_ui to None, run_after=None
[2024-10-26T18:10:13.325+0000] {processor.py:208} INFO - Processing /home/airflow/.local/lib/python3.12/site-packages/airflow/example_dags/example_params_trigger_ui.py took 0.096 seconds
[2024-10-26T18:10:45.905+0000] {processor.py:186} INFO - Started process (PID=6159) to work on /home/airflow/.local/lib/python3.12/site-packages/airflow/example_dags/example_params_trigger_ui.py
[2024-10-26T18:10:45.906+0000] {processor.py:914} INFO - Processing file /home/airflow/.local/lib/python3.12/site-packages/airflow/example_dags/example_params_trigger_ui.py for tasks to queue
[2024-10-26T18:10:45.908+0000] {logging_mixin.py:190} INFO - [2024-10-26T18:10:45.908+0000] {dagbag.py:588} INFO - Filling up the DagBag from /home/airflow/.local/lib/python3.12/site-packages/airflow/example_dags/example_params_trigger_ui.py
[2024-10-26T18:10:45.920+0000] {processor.py:925} INFO - DAG(s) 'example_params_trigger_ui' retrieved from /home/airflow/.local/lib/python3.12/site-packages/airflow/example_dags/example_params_trigger_ui.py
[2024-10-26T18:10:45.967+0000] {logging_mixin.py:190} INFO - [2024-10-26T18:10:45.967+0000] {dag.py:3239} INFO - Sync 1 DAGs
[2024-10-26T18:10:45.982+0000] {logging_mixin.py:190} INFO - [2024-10-26T18:10:45.981+0000] {dag.py:4180} INFO - Setting next_dagrun for example_params_trigger_ui to None, run_after=None
[2024-10-26T18:10:46.002+0000] {processor.py:208} INFO - Processing /home/airflow/.local/lib/python3.12/site-packages/airflow/example_dags/example_params_trigger_ui.py took 0.104 seconds
[2024-10-26T18:11:18.862+0000] {processor.py:186} INFO - Started process (PID=6223) to work on /home/airflow/.local/lib/python3.12/site-packages/airflow/example_dags/example_params_trigger_ui.py
[2024-10-26T18:11:18.863+0000] {processor.py:914} INFO - Processing file /home/airflow/.local/lib/python3.12/site-packages/airflow/example_dags/example_params_trigger_ui.py for tasks to queue
[2024-10-26T18:11:18.865+0000] {logging_mixin.py:190} INFO - [2024-10-26T18:11:18.865+0000] {dagbag.py:588} INFO - Filling up the DagBag from /home/airflow/.local/lib/python3.12/site-packages/airflow/example_dags/example_params_trigger_ui.py
[2024-10-26T18:11:18.876+0000] {processor.py:925} INFO - DAG(s) 'example_params_trigger_ui' retrieved from /home/airflow/.local/lib/python3.12/site-packages/airflow/example_dags/example_params_trigger_ui.py
[2024-10-26T18:11:18.916+0000] {logging_mixin.py:190} INFO - [2024-10-26T18:11:18.916+0000] {dag.py:3239} INFO - Sync 1 DAGs
[2024-10-26T18:11:18.929+0000] {logging_mixin.py:190} INFO - [2024-10-26T18:11:18.929+0000] {dag.py:4180} INFO - Setting next_dagrun for example_params_trigger_ui to None, run_after=None
[2024-10-26T18:11:18.948+0000] {processor.py:208} INFO - Processing /home/airflow/.local/lib/python3.12/site-packages/airflow/example_dags/example_params_trigger_ui.py took 0.092 seconds
[2024-10-26T18:11:52.206+0000] {processor.py:186} INFO - Started process (PID=6287) to work on /home/airflow/.local/lib/python3.12/site-packages/airflow/example_dags/example_params_trigger_ui.py
[2024-10-26T18:11:52.207+0000] {processor.py:914} INFO - Processing file /home/airflow/.local/lib/python3.12/site-packages/airflow/example_dags/example_params_trigger_ui.py for tasks to queue
[2024-10-26T18:11:52.210+0000] {logging_mixin.py:190} INFO - [2024-10-26T18:11:52.209+0000] {dagbag.py:588} INFO - Filling up the DagBag from /home/airflow/.local/lib/python3.12/site-packages/airflow/example_dags/example_params_trigger_ui.py
[2024-10-26T18:11:52.224+0000] {processor.py:925} INFO - DAG(s) 'example_params_trigger_ui' retrieved from /home/airflow/.local/lib/python3.12/site-packages/airflow/example_dags/example_params_trigger_ui.py
[2024-10-26T18:11:52.273+0000] {logging_mixin.py:190} INFO - [2024-10-26T18:11:52.272+0000] {dag.py:3239} INFO - Sync 1 DAGs
[2024-10-26T18:11:52.289+0000] {logging_mixin.py:190} INFO - [2024-10-26T18:11:52.288+0000] {dag.py:4180} INFO - Setting next_dagrun for example_params_trigger_ui to None, run_after=None
[2024-10-26T18:11:52.314+0000] {processor.py:208} INFO - Processing /home/airflow/.local/lib/python3.12/site-packages/airflow/example_dags/example_params_trigger_ui.py took 0.115 seconds
[2024-10-26T18:12:24.043+0000] {processor.py:186} INFO - Started process (PID=6351) to work on /home/airflow/.local/lib/python3.12/site-packages/airflow/example_dags/example_params_trigger_ui.py
[2024-10-26T18:12:24.044+0000] {processor.py:914} INFO - Processing file /home/airflow/.local/lib/python3.12/site-packages/airflow/example_dags/example_params_trigger_ui.py for tasks to queue
[2024-10-26T18:12:24.046+0000] {logging_mixin.py:190} INFO - [2024-10-26T18:12:24.046+0000] {dagbag.py:588} INFO - Filling up the DagBag from /home/airflow/.local/lib/python3.12/site-packages/airflow/example_dags/example_params_trigger_ui.py
[2024-10-26T18:12:24.057+0000] {processor.py:925} INFO - DAG(s) 'example_params_trigger_ui' retrieved from /home/airflow/.local/lib/python3.12/site-packages/airflow/example_dags/example_params_trigger_ui.py
[2024-10-26T18:12:24.098+0000] {logging_mixin.py:190} INFO - [2024-10-26T18:12:24.097+0000] {dag.py:3239} INFO - Sync 1 DAGs
[2024-10-26T18:12:24.110+0000] {logging_mixin.py:190} INFO - [2024-10-26T18:12:24.110+0000] {dag.py:4180} INFO - Setting next_dagrun for example_params_trigger_ui to None, run_after=None
[2024-10-26T18:12:24.128+0000] {processor.py:208} INFO - Processing /home/airflow/.local/lib/python3.12/site-packages/airflow/example_dags/example_params_trigger_ui.py took 0.091 seconds
[2024-10-26T18:12:57.097+0000] {processor.py:186} INFO - Started process (PID=6415) to work on /home/airflow/.local/lib/python3.12/site-packages/airflow/example_dags/example_params_trigger_ui.py
[2024-10-26T18:12:57.098+0000] {processor.py:914} INFO - Processing file /home/airflow/.local/lib/python3.12/site-packages/airflow/example_dags/example_params_trigger_ui.py for tasks to queue
[2024-10-26T18:12:57.101+0000] {logging_mixin.py:190} INFO - [2024-10-26T18:12:57.101+0000] {dagbag.py:588} INFO - Filling up the DagBag from /home/airflow/.local/lib/python3.12/site-packages/airflow/example_dags/example_params_trigger_ui.py
[2024-10-26T18:12:57.113+0000] {processor.py:925} INFO - DAG(s) 'example_params_trigger_ui' retrieved from /home/airflow/.local/lib/python3.12/site-packages/airflow/example_dags/example_params_trigger_ui.py
[2024-10-26T18:12:57.155+0000] {logging_mixin.py:190} INFO - [2024-10-26T18:12:57.155+0000] {dag.py:3239} INFO - Sync 1 DAGs
[2024-10-26T18:12:57.168+0000] {logging_mixin.py:190} INFO - [2024-10-26T18:12:57.168+0000] {dag.py:4180} INFO - Setting next_dagrun for example_params_trigger_ui to None, run_after=None
[2024-10-26T18:12:57.190+0000] {processor.py:208} INFO - Processing /home/airflow/.local/lib/python3.12/site-packages/airflow/example_dags/example_params_trigger_ui.py took 0.100 seconds
[2024-10-26T18:13:30.102+0000] {processor.py:186} INFO - Started process (PID=6479) to work on /home/airflow/.local/lib/python3.12/site-packages/airflow/example_dags/example_params_trigger_ui.py
[2024-10-26T18:13:30.104+0000] {processor.py:914} INFO - Processing file /home/airflow/.local/lib/python3.12/site-packages/airflow/example_dags/example_params_trigger_ui.py for tasks to queue
[2024-10-26T18:13:30.106+0000] {logging_mixin.py:190} INFO - [2024-10-26T18:13:30.106+0000] {dagbag.py:588} INFO - Filling up the DagBag from /home/airflow/.local/lib/python3.12/site-packages/airflow/example_dags/example_params_trigger_ui.py
[2024-10-26T18:13:30.118+0000] {processor.py:925} INFO - DAG(s) 'example_params_trigger_ui' retrieved from /home/airflow/.local/lib/python3.12/site-packages/airflow/example_dags/example_params_trigger_ui.py
[2024-10-26T18:13:30.168+0000] {logging_mixin.py:190} INFO - [2024-10-26T18:13:30.168+0000] {dag.py:3239} INFO - Sync 1 DAGs
[2024-10-26T18:13:30.185+0000] {logging_mixin.py:190} INFO - [2024-10-26T18:13:30.185+0000] {dag.py:4180} INFO - Setting next_dagrun for example_params_trigger_ui to None, run_after=None
[2024-10-26T18:13:30.205+0000] {processor.py:208} INFO - Processing /home/airflow/.local/lib/python3.12/site-packages/airflow/example_dags/example_params_trigger_ui.py took 0.110 seconds
[2024-10-26T18:14:03.258+0000] {processor.py:186} INFO - Started process (PID=6543) to work on /home/airflow/.local/lib/python3.12/site-packages/airflow/example_dags/example_params_trigger_ui.py
[2024-10-26T18:14:03.259+0000] {processor.py:914} INFO - Processing file /home/airflow/.local/lib/python3.12/site-packages/airflow/example_dags/example_params_trigger_ui.py for tasks to queue
[2024-10-26T18:14:03.261+0000] {logging_mixin.py:190} INFO - [2024-10-26T18:14:03.261+0000] {dagbag.py:588} INFO - Filling up the DagBag from /home/airflow/.local/lib/python3.12/site-packages/airflow/example_dags/example_params_trigger_ui.py
[2024-10-26T18:14:03.274+0000] {processor.py:925} INFO - DAG(s) 'example_params_trigger_ui' retrieved from /home/airflow/.local/lib/python3.12/site-packages/airflow/example_dags/example_params_trigger_ui.py
[2024-10-26T18:14:03.319+0000] {logging_mixin.py:190} INFO - [2024-10-26T18:14:03.319+0000] {dag.py:3239} INFO - Sync 1 DAGs
[2024-10-26T18:14:03.332+0000] {logging_mixin.py:190} INFO - [2024-10-26T18:14:03.332+0000] {dag.py:4180} INFO - Setting next_dagrun for example_params_trigger_ui to None, run_after=None
[2024-10-26T18:14:03.352+0000] {processor.py:208} INFO - Processing /home/airflow/.local/lib/python3.12/site-packages/airflow/example_dags/example_params_trigger_ui.py took 0.100 seconds
[2024-10-26T18:14:35.053+0000] {processor.py:186} INFO - Started process (PID=6607) to work on /home/airflow/.local/lib/python3.12/site-packages/airflow/example_dags/example_params_trigger_ui.py
[2024-10-26T18:14:35.054+0000] {processor.py:914} INFO - Processing file /home/airflow/.local/lib/python3.12/site-packages/airflow/example_dags/example_params_trigger_ui.py for tasks to queue
[2024-10-26T18:14:35.057+0000] {logging_mixin.py:190} INFO - [2024-10-26T18:14:35.056+0000] {dagbag.py:588} INFO - Filling up the DagBag from /home/airflow/.local/lib/python3.12/site-packages/airflow/example_dags/example_params_trigger_ui.py
[2024-10-26T18:14:35.067+0000] {processor.py:925} INFO - DAG(s) 'example_params_trigger_ui' retrieved from /home/airflow/.local/lib/python3.12/site-packages/airflow/example_dags/example_params_trigger_ui.py
[2024-10-26T18:14:35.107+0000] {logging_mixin.py:190} INFO - [2024-10-26T18:14:35.106+0000] {dag.py:3239} INFO - Sync 1 DAGs
[2024-10-26T18:14:35.121+0000] {logging_mixin.py:190} INFO - [2024-10-26T18:14:35.120+0000] {dag.py:4180} INFO - Setting next_dagrun for example_params_trigger_ui to None, run_after=None
[2024-10-26T18:14:35.144+0000] {processor.py:208} INFO - Processing /home/airflow/.local/lib/python3.12/site-packages/airflow/example_dags/example_params_trigger_ui.py took 0.096 seconds
[2024-10-26T18:15:07.887+0000] {processor.py:186} INFO - Started process (PID=6671) to work on /home/airflow/.local/lib/python3.12/site-packages/airflow/example_dags/example_params_trigger_ui.py
[2024-10-26T18:15:07.888+0000] {processor.py:914} INFO - Processing file /home/airflow/.local/lib/python3.12/site-packages/airflow/example_dags/example_params_trigger_ui.py for tasks to queue
[2024-10-26T18:15:07.890+0000] {logging_mixin.py:190} INFO - [2024-10-26T18:15:07.890+0000] {dagbag.py:588} INFO - Filling up the DagBag from /home/airflow/.local/lib/python3.12/site-packages/airflow/example_dags/example_params_trigger_ui.py
[2024-10-26T18:15:07.901+0000] {processor.py:925} INFO - DAG(s) 'example_params_trigger_ui' retrieved from /home/airflow/.local/lib/python3.12/site-packages/airflow/example_dags/example_params_trigger_ui.py
[2024-10-26T18:15:07.940+0000] {logging_mixin.py:190} INFO - [2024-10-26T18:15:07.940+0000] {dag.py:3239} INFO - Sync 1 DAGs
[2024-10-26T18:15:07.954+0000] {logging_mixin.py:190} INFO - [2024-10-26T18:15:07.953+0000] {dag.py:4180} INFO - Setting next_dagrun for example_params_trigger_ui to None, run_after=None
[2024-10-26T18:15:07.974+0000] {processor.py:208} INFO - Processing /home/airflow/.local/lib/python3.12/site-packages/airflow/example_dags/example_params_trigger_ui.py took 0.093 seconds
[2024-10-26T18:15:40.570+0000] {processor.py:186} INFO - Started process (PID=6735) to work on /home/airflow/.local/lib/python3.12/site-packages/airflow/example_dags/example_params_trigger_ui.py
[2024-10-26T18:15:40.571+0000] {processor.py:914} INFO - Processing file /home/airflow/.local/lib/python3.12/site-packages/airflow/example_dags/example_params_trigger_ui.py for tasks to queue
[2024-10-26T18:15:40.574+0000] {logging_mixin.py:190} INFO - [2024-10-26T18:15:40.574+0000] {dagbag.py:588} INFO - Filling up the DagBag from /home/airflow/.local/lib/python3.12/site-packages/airflow/example_dags/example_params_trigger_ui.py
[2024-10-26T18:15:40.588+0000] {processor.py:925} INFO - DAG(s) 'example_params_trigger_ui' retrieved from /home/airflow/.local/lib/python3.12/site-packages/airflow/example_dags/example_params_trigger_ui.py
[2024-10-26T18:15:40.664+0000] {logging_mixin.py:190} INFO - [2024-10-26T18:15:40.664+0000] {dag.py:3239} INFO - Sync 1 DAGs
[2024-10-26T18:15:40.685+0000] {logging_mixin.py:190} INFO - [2024-10-26T18:15:40.685+0000] {dag.py:4180} INFO - Setting next_dagrun for example_params_trigger_ui to None, run_after=None
[2024-10-26T18:15:40.712+0000] {processor.py:208} INFO - Processing /home/airflow/.local/lib/python3.12/site-packages/airflow/example_dags/example_params_trigger_ui.py took 0.148 seconds
[2024-10-26T18:16:13.469+0000] {processor.py:186} INFO - Started process (PID=6799) to work on /home/airflow/.local/lib/python3.12/site-packages/airflow/example_dags/example_params_trigger_ui.py
[2024-10-26T18:16:13.470+0000] {processor.py:914} INFO - Processing file /home/airflow/.local/lib/python3.12/site-packages/airflow/example_dags/example_params_trigger_ui.py for tasks to queue
[2024-10-26T18:16:13.474+0000] {logging_mixin.py:190} INFO - [2024-10-26T18:16:13.473+0000] {dagbag.py:588} INFO - Filling up the DagBag from /home/airflow/.local/lib/python3.12/site-packages/airflow/example_dags/example_params_trigger_ui.py
[2024-10-26T18:16:13.486+0000] {processor.py:925} INFO - DAG(s) 'example_params_trigger_ui' retrieved from /home/airflow/.local/lib/python3.12/site-packages/airflow/example_dags/example_params_trigger_ui.py
[2024-10-26T18:16:13.536+0000] {logging_mixin.py:190} INFO - [2024-10-26T18:16:13.535+0000] {dag.py:3239} INFO - Sync 1 DAGs
[2024-10-26T18:16:13.577+0000] {logging_mixin.py:190} INFO - [2024-10-26T18:16:13.576+0000] {dag.py:4180} INFO - Setting next_dagrun for example_params_trigger_ui to None, run_after=None
[2024-10-26T18:16:13.597+0000] {processor.py:208} INFO - Processing /home/airflow/.local/lib/python3.12/site-packages/airflow/example_dags/example_params_trigger_ui.py took 0.135 seconds
[2024-10-26T18:16:46.334+0000] {processor.py:186} INFO - Started process (PID=6863) to work on /home/airflow/.local/lib/python3.12/site-packages/airflow/example_dags/example_params_trigger_ui.py
[2024-10-26T18:16:46.366+0000] {processor.py:914} INFO - Processing file /home/airflow/.local/lib/python3.12/site-packages/airflow/example_dags/example_params_trigger_ui.py for tasks to queue
[2024-10-26T18:16:46.373+0000] {logging_mixin.py:190} INFO - [2024-10-26T18:16:46.373+0000] {dagbag.py:588} INFO - Filling up the DagBag from /home/airflow/.local/lib/python3.12/site-packages/airflow/example_dags/example_params_trigger_ui.py
[2024-10-26T18:16:46.391+0000] {processor.py:925} INFO - DAG(s) 'example_params_trigger_ui' retrieved from /home/airflow/.local/lib/python3.12/site-packages/airflow/example_dags/example_params_trigger_ui.py
[2024-10-26T18:16:46.437+0000] {logging_mixin.py:190} INFO - [2024-10-26T18:16:46.437+0000] {dag.py:3239} INFO - Sync 1 DAGs
[2024-10-26T18:16:46.450+0000] {logging_mixin.py:190} INFO - [2024-10-26T18:16:46.449+0000] {dag.py:4180} INFO - Setting next_dagrun for example_params_trigger_ui to None, run_after=None
[2024-10-26T18:16:46.467+0000] {processor.py:208} INFO - Processing /home/airflow/.local/lib/python3.12/site-packages/airflow/example_dags/example_params_trigger_ui.py took 0.141 seconds
[2024-10-26T18:17:19.359+0000] {processor.py:186} INFO - Started process (PID=6927) to work on /home/airflow/.local/lib/python3.12/site-packages/airflow/example_dags/example_params_trigger_ui.py
[2024-10-26T18:17:19.360+0000] {processor.py:914} INFO - Processing file /home/airflow/.local/lib/python3.12/site-packages/airflow/example_dags/example_params_trigger_ui.py for tasks to queue
[2024-10-26T18:17:19.363+0000] {logging_mixin.py:190} INFO - [2024-10-26T18:17:19.363+0000] {dagbag.py:588} INFO - Filling up the DagBag from /home/airflow/.local/lib/python3.12/site-packages/airflow/example_dags/example_params_trigger_ui.py
[2024-10-26T18:17:19.375+0000] {processor.py:925} INFO - DAG(s) 'example_params_trigger_ui' retrieved from /home/airflow/.local/lib/python3.12/site-packages/airflow/example_dags/example_params_trigger_ui.py
[2024-10-26T18:17:19.418+0000] {logging_mixin.py:190} INFO - [2024-10-26T18:17:19.418+0000] {dag.py:3239} INFO - Sync 1 DAGs
[2024-10-26T18:17:19.432+0000] {logging_mixin.py:190} INFO - [2024-10-26T18:17:19.432+0000] {dag.py:4180} INFO - Setting next_dagrun for example_params_trigger_ui to None, run_after=None
[2024-10-26T18:17:19.451+0000] {processor.py:208} INFO - Processing /home/airflow/.local/lib/python3.12/site-packages/airflow/example_dags/example_params_trigger_ui.py took 0.097 seconds
[2024-10-26T18:17:51.582+0000] {processor.py:186} INFO - Started process (PID=6991) to work on /home/airflow/.local/lib/python3.12/site-packages/airflow/example_dags/example_params_trigger_ui.py
[2024-10-26T18:17:51.583+0000] {processor.py:914} INFO - Processing file /home/airflow/.local/lib/python3.12/site-packages/airflow/example_dags/example_params_trigger_ui.py for tasks to queue
[2024-10-26T18:17:51.586+0000] {logging_mixin.py:190} INFO - [2024-10-26T18:17:51.586+0000] {dagbag.py:588} INFO - Filling up the DagBag from /home/airflow/.local/lib/python3.12/site-packages/airflow/example_dags/example_params_trigger_ui.py
[2024-10-26T18:17:51.602+0000] {processor.py:925} INFO - DAG(s) 'example_params_trigger_ui' retrieved from /home/airflow/.local/lib/python3.12/site-packages/airflow/example_dags/example_params_trigger_ui.py
[2024-10-26T18:17:51.660+0000] {logging_mixin.py:190} INFO - [2024-10-26T18:17:51.660+0000] {dag.py:3239} INFO - Sync 1 DAGs
[2024-10-26T18:17:51.678+0000] {logging_mixin.py:190} INFO - [2024-10-26T18:17:51.678+0000] {dag.py:4180} INFO - Setting next_dagrun for example_params_trigger_ui to None, run_after=None
[2024-10-26T18:17:51.704+0000] {processor.py:208} INFO - Processing /home/airflow/.local/lib/python3.12/site-packages/airflow/example_dags/example_params_trigger_ui.py took 0.127 seconds
[2024-10-26T18:18:24.561+0000] {processor.py:186} INFO - Started process (PID=7055) to work on /home/airflow/.local/lib/python3.12/site-packages/airflow/example_dags/example_params_trigger_ui.py
[2024-10-26T18:18:24.562+0000] {processor.py:914} INFO - Processing file /home/airflow/.local/lib/python3.12/site-packages/airflow/example_dags/example_params_trigger_ui.py for tasks to queue
[2024-10-26T18:18:24.565+0000] {logging_mixin.py:190} INFO - [2024-10-26T18:18:24.564+0000] {dagbag.py:588} INFO - Filling up the DagBag from /home/airflow/.local/lib/python3.12/site-packages/airflow/example_dags/example_params_trigger_ui.py
[2024-10-26T18:18:24.576+0000] {processor.py:925} INFO - DAG(s) 'example_params_trigger_ui' retrieved from /home/airflow/.local/lib/python3.12/site-packages/airflow/example_dags/example_params_trigger_ui.py
[2024-10-26T18:18:24.614+0000] {logging_mixin.py:190} INFO - [2024-10-26T18:18:24.613+0000] {dag.py:3239} INFO - Sync 1 DAGs
[2024-10-26T18:18:24.628+0000] {logging_mixin.py:190} INFO - [2024-10-26T18:18:24.627+0000] {dag.py:4180} INFO - Setting next_dagrun for example_params_trigger_ui to None, run_after=None
[2024-10-26T18:18:24.650+0000] {processor.py:208} INFO - Processing /home/airflow/.local/lib/python3.12/site-packages/airflow/example_dags/example_params_trigger_ui.py took 0.096 seconds
[2024-10-26T18:18:57.243+0000] {processor.py:186} INFO - Started process (PID=7119) to work on /home/airflow/.local/lib/python3.12/site-packages/airflow/example_dags/example_params_trigger_ui.py
[2024-10-26T18:18:57.244+0000] {processor.py:914} INFO - Processing file /home/airflow/.local/lib/python3.12/site-packages/airflow/example_dags/example_params_trigger_ui.py for tasks to queue
[2024-10-26T18:18:57.246+0000] {logging_mixin.py:190} INFO - [2024-10-26T18:18:57.246+0000] {dagbag.py:588} INFO - Filling up the DagBag from /home/airflow/.local/lib/python3.12/site-packages/airflow/example_dags/example_params_trigger_ui.py
[2024-10-26T18:18:57.258+0000] {processor.py:925} INFO - DAG(s) 'example_params_trigger_ui' retrieved from /home/airflow/.local/lib/python3.12/site-packages/airflow/example_dags/example_params_trigger_ui.py
[2024-10-26T18:18:57.299+0000] {logging_mixin.py:190} INFO - [2024-10-26T18:18:57.299+0000] {dag.py:3239} INFO - Sync 1 DAGs
[2024-10-26T18:18:57.315+0000] {logging_mixin.py:190} INFO - [2024-10-26T18:18:57.315+0000] {dag.py:4180} INFO - Setting next_dagrun for example_params_trigger_ui to None, run_after=None
[2024-10-26T18:18:57.337+0000] {processor.py:208} INFO - Processing /home/airflow/.local/lib/python3.12/site-packages/airflow/example_dags/example_params_trigger_ui.py took 0.100 seconds
[2024-10-26T18:19:30.126+0000] {processor.py:186} INFO - Started process (PID=7183) to work on /home/airflow/.local/lib/python3.12/site-packages/airflow/example_dags/example_params_trigger_ui.py
[2024-10-26T18:19:30.127+0000] {processor.py:914} INFO - Processing file /home/airflow/.local/lib/python3.12/site-packages/airflow/example_dags/example_params_trigger_ui.py for tasks to queue
[2024-10-26T18:19:30.130+0000] {logging_mixin.py:190} INFO - [2024-10-26T18:19:30.130+0000] {dagbag.py:588} INFO - Filling up the DagBag from /home/airflow/.local/lib/python3.12/site-packages/airflow/example_dags/example_params_trigger_ui.py
[2024-10-26T18:19:30.141+0000] {processor.py:925} INFO - DAG(s) 'example_params_trigger_ui' retrieved from /home/airflow/.local/lib/python3.12/site-packages/airflow/example_dags/example_params_trigger_ui.py
[2024-10-26T18:19:30.187+0000] {logging_mixin.py:190} INFO - [2024-10-26T18:19:30.187+0000] {dag.py:3239} INFO - Sync 1 DAGs
[2024-10-26T18:19:30.201+0000] {logging_mixin.py:190} INFO - [2024-10-26T18:19:30.201+0000] {dag.py:4180} INFO - Setting next_dagrun for example_params_trigger_ui to None, run_after=None
[2024-10-26T18:19:30.225+0000] {processor.py:208} INFO - Processing /home/airflow/.local/lib/python3.12/site-packages/airflow/example_dags/example_params_trigger_ui.py took 0.104 seconds
[2024-10-26T18:20:02.935+0000] {processor.py:186} INFO - Started process (PID=7247) to work on /home/airflow/.local/lib/python3.12/site-packages/airflow/example_dags/example_params_trigger_ui.py
[2024-10-26T18:20:02.936+0000] {processor.py:914} INFO - Processing file /home/airflow/.local/lib/python3.12/site-packages/airflow/example_dags/example_params_trigger_ui.py for tasks to queue
[2024-10-26T18:20:02.939+0000] {logging_mixin.py:190} INFO - [2024-10-26T18:20:02.938+0000] {dagbag.py:588} INFO - Filling up the DagBag from /home/airflow/.local/lib/python3.12/site-packages/airflow/example_dags/example_params_trigger_ui.py
[2024-10-26T18:20:02.950+0000] {processor.py:925} INFO - DAG(s) 'example_params_trigger_ui' retrieved from /home/airflow/.local/lib/python3.12/site-packages/airflow/example_dags/example_params_trigger_ui.py
[2024-10-26T18:20:02.993+0000] {logging_mixin.py:190} INFO - [2024-10-26T18:20:02.993+0000] {dag.py:3239} INFO - Sync 1 DAGs
[2024-10-26T18:20:03.008+0000] {logging_mixin.py:190} INFO - [2024-10-26T18:20:03.007+0000] {dag.py:4180} INFO - Setting next_dagrun for example_params_trigger_ui to None, run_after=None
[2024-10-26T18:20:03.029+0000] {processor.py:208} INFO - Processing /home/airflow/.local/lib/python3.12/site-packages/airflow/example_dags/example_params_trigger_ui.py took 0.099 seconds
[2024-10-26T18:20:35.654+0000] {processor.py:186} INFO - Started process (PID=7311) to work on /home/airflow/.local/lib/python3.12/site-packages/airflow/example_dags/example_params_trigger_ui.py
[2024-10-26T18:20:35.655+0000] {processor.py:914} INFO - Processing file /home/airflow/.local/lib/python3.12/site-packages/airflow/example_dags/example_params_trigger_ui.py for tasks to queue
[2024-10-26T18:20:35.657+0000] {logging_mixin.py:190} INFO - [2024-10-26T18:20:35.657+0000] {dagbag.py:588} INFO - Filling up the DagBag from /home/airflow/.local/lib/python3.12/site-packages/airflow/example_dags/example_params_trigger_ui.py
[2024-10-26T18:20:35.668+0000] {processor.py:925} INFO - DAG(s) 'example_params_trigger_ui' retrieved from /home/airflow/.local/lib/python3.12/site-packages/airflow/example_dags/example_params_trigger_ui.py
[2024-10-26T18:20:35.708+0000] {logging_mixin.py:190} INFO - [2024-10-26T18:20:35.707+0000] {dag.py:3239} INFO - Sync 1 DAGs
[2024-10-26T18:20:35.721+0000] {logging_mixin.py:190} INFO - [2024-10-26T18:20:35.721+0000] {dag.py:4180} INFO - Setting next_dagrun for example_params_trigger_ui to None, run_after=None
[2024-10-26T18:20:35.743+0000] {processor.py:208} INFO - Processing /home/airflow/.local/lib/python3.12/site-packages/airflow/example_dags/example_params_trigger_ui.py took 0.095 seconds
[2024-10-26T18:21:08.318+0000] {processor.py:186} INFO - Started process (PID=7375) to work on /home/airflow/.local/lib/python3.12/site-packages/airflow/example_dags/example_params_trigger_ui.py
[2024-10-26T18:21:08.319+0000] {processor.py:914} INFO - Processing file /home/airflow/.local/lib/python3.12/site-packages/airflow/example_dags/example_params_trigger_ui.py for tasks to queue
[2024-10-26T18:21:08.321+0000] {logging_mixin.py:190} INFO - [2024-10-26T18:21:08.321+0000] {dagbag.py:588} INFO - Filling up the DagBag from /home/airflow/.local/lib/python3.12/site-packages/airflow/example_dags/example_params_trigger_ui.py
[2024-10-26T18:21:08.332+0000] {processor.py:925} INFO - DAG(s) 'example_params_trigger_ui' retrieved from /home/airflow/.local/lib/python3.12/site-packages/airflow/example_dags/example_params_trigger_ui.py
[2024-10-26T18:21:08.379+0000] {logging_mixin.py:190} INFO - [2024-10-26T18:21:08.378+0000] {dag.py:3239} INFO - Sync 1 DAGs
[2024-10-26T18:21:08.392+0000] {logging_mixin.py:190} INFO - [2024-10-26T18:21:08.392+0000] {dag.py:4180} INFO - Setting next_dagrun for example_params_trigger_ui to None, run_after=None
[2024-10-26T18:21:08.414+0000] {processor.py:208} INFO - Processing /home/airflow/.local/lib/python3.12/site-packages/airflow/example_dags/example_params_trigger_ui.py took 0.103 seconds
[2024-10-26T18:21:41.163+0000] {processor.py:186} INFO - Started process (PID=7439) to work on /home/airflow/.local/lib/python3.12/site-packages/airflow/example_dags/example_params_trigger_ui.py
[2024-10-26T18:21:41.165+0000] {processor.py:914} INFO - Processing file /home/airflow/.local/lib/python3.12/site-packages/airflow/example_dags/example_params_trigger_ui.py for tasks to queue
[2024-10-26T18:21:41.167+0000] {logging_mixin.py:190} INFO - [2024-10-26T18:21:41.167+0000] {dagbag.py:588} INFO - Filling up the DagBag from /home/airflow/.local/lib/python3.12/site-packages/airflow/example_dags/example_params_trigger_ui.py
[2024-10-26T18:21:41.177+0000] {processor.py:925} INFO - DAG(s) 'example_params_trigger_ui' retrieved from /home/airflow/.local/lib/python3.12/site-packages/airflow/example_dags/example_params_trigger_ui.py
[2024-10-26T18:21:41.219+0000] {logging_mixin.py:190} INFO - [2024-10-26T18:21:41.218+0000] {dag.py:3239} INFO - Sync 1 DAGs
[2024-10-26T18:21:41.234+0000] {logging_mixin.py:190} INFO - [2024-10-26T18:21:41.234+0000] {dag.py:4180} INFO - Setting next_dagrun for example_params_trigger_ui to None, run_after=None
[2024-10-26T18:21:41.254+0000] {processor.py:208} INFO - Processing /home/airflow/.local/lib/python3.12/site-packages/airflow/example_dags/example_params_trigger_ui.py took 0.096 seconds
[2024-10-26T18:22:14.368+0000] {processor.py:186} INFO - Started process (PID=7503) to work on /home/airflow/.local/lib/python3.12/site-packages/airflow/example_dags/example_params_trigger_ui.py
[2024-10-26T18:22:14.369+0000] {processor.py:914} INFO - Processing file /home/airflow/.local/lib/python3.12/site-packages/airflow/example_dags/example_params_trigger_ui.py for tasks to queue
[2024-10-26T18:22:14.373+0000] {logging_mixin.py:190} INFO - [2024-10-26T18:22:14.372+0000] {dagbag.py:588} INFO - Filling up the DagBag from /home/airflow/.local/lib/python3.12/site-packages/airflow/example_dags/example_params_trigger_ui.py
[2024-10-26T18:22:14.386+0000] {processor.py:925} INFO - DAG(s) 'example_params_trigger_ui' retrieved from /home/airflow/.local/lib/python3.12/site-packages/airflow/example_dags/example_params_trigger_ui.py
[2024-10-26T18:22:14.427+0000] {logging_mixin.py:190} INFO - [2024-10-26T18:22:14.426+0000] {dag.py:3239} INFO - Sync 1 DAGs
[2024-10-26T18:22:14.440+0000] {logging_mixin.py:190} INFO - [2024-10-26T18:22:14.439+0000] {dag.py:4180} INFO - Setting next_dagrun for example_params_trigger_ui to None, run_after=None
[2024-10-26T18:22:14.459+0000] {processor.py:208} INFO - Processing /home/airflow/.local/lib/python3.12/site-packages/airflow/example_dags/example_params_trigger_ui.py took 0.096 seconds
[2024-10-26T18:22:46.461+0000] {processor.py:186} INFO - Started process (PID=7567) to work on /home/airflow/.local/lib/python3.12/site-packages/airflow/example_dags/example_params_trigger_ui.py
[2024-10-26T18:22:46.463+0000] {processor.py:914} INFO - Processing file /home/airflow/.local/lib/python3.12/site-packages/airflow/example_dags/example_params_trigger_ui.py for tasks to queue
[2024-10-26T18:22:46.465+0000] {logging_mixin.py:190} INFO - [2024-10-26T18:22:46.465+0000] {dagbag.py:588} INFO - Filling up the DagBag from /home/airflow/.local/lib/python3.12/site-packages/airflow/example_dags/example_params_trigger_ui.py
[2024-10-26T18:22:46.482+0000] {processor.py:925} INFO - DAG(s) 'example_params_trigger_ui' retrieved from /home/airflow/.local/lib/python3.12/site-packages/airflow/example_dags/example_params_trigger_ui.py
[2024-10-26T18:22:46.522+0000] {logging_mixin.py:190} INFO - [2024-10-26T18:22:46.522+0000] {dag.py:3239} INFO - Sync 1 DAGs
[2024-10-26T18:22:46.536+0000] {logging_mixin.py:190} INFO - [2024-10-26T18:22:46.536+0000] {dag.py:4180} INFO - Setting next_dagrun for example_params_trigger_ui to None, run_after=None
[2024-10-26T18:22:46.557+0000] {processor.py:208} INFO - Processing /home/airflow/.local/lib/python3.12/site-packages/airflow/example_dags/example_params_trigger_ui.py took 0.101 seconds
[2024-10-26T18:23:19.420+0000] {processor.py:186} INFO - Started process (PID=7631) to work on /home/airflow/.local/lib/python3.12/site-packages/airflow/example_dags/example_params_trigger_ui.py
[2024-10-26T18:23:19.427+0000] {processor.py:914} INFO - Processing file /home/airflow/.local/lib/python3.12/site-packages/airflow/example_dags/example_params_trigger_ui.py for tasks to queue
[2024-10-26T18:23:19.432+0000] {logging_mixin.py:190} INFO - [2024-10-26T18:23:19.431+0000] {dagbag.py:588} INFO - Filling up the DagBag from /home/airflow/.local/lib/python3.12/site-packages/airflow/example_dags/example_params_trigger_ui.py
[2024-10-26T18:23:19.451+0000] {processor.py:925} INFO - DAG(s) 'example_params_trigger_ui' retrieved from /home/airflow/.local/lib/python3.12/site-packages/airflow/example_dags/example_params_trigger_ui.py
[2024-10-26T18:23:19.508+0000] {logging_mixin.py:190} INFO - [2024-10-26T18:23:19.507+0000] {dag.py:3239} INFO - Sync 1 DAGs
[2024-10-26T18:23:19.520+0000] {logging_mixin.py:190} INFO - [2024-10-26T18:23:19.519+0000] {dag.py:4180} INFO - Setting next_dagrun for example_params_trigger_ui to None, run_after=None
[2024-10-26T18:23:19.538+0000] {processor.py:208} INFO - Processing /home/airflow/.local/lib/python3.12/site-packages/airflow/example_dags/example_params_trigger_ui.py took 0.126 seconds
[2024-10-26T18:23:52.385+0000] {processor.py:186} INFO - Started process (PID=7695) to work on /home/airflow/.local/lib/python3.12/site-packages/airflow/example_dags/example_params_trigger_ui.py
[2024-10-26T18:23:52.386+0000] {processor.py:914} INFO - Processing file /home/airflow/.local/lib/python3.12/site-packages/airflow/example_dags/example_params_trigger_ui.py for tasks to queue
[2024-10-26T18:23:52.389+0000] {logging_mixin.py:190} INFO - [2024-10-26T18:23:52.389+0000] {dagbag.py:588} INFO - Filling up the DagBag from /home/airflow/.local/lib/python3.12/site-packages/airflow/example_dags/example_params_trigger_ui.py
[2024-10-26T18:23:52.399+0000] {processor.py:925} INFO - DAG(s) 'example_params_trigger_ui' retrieved from /home/airflow/.local/lib/python3.12/site-packages/airflow/example_dags/example_params_trigger_ui.py
[2024-10-26T18:23:52.442+0000] {logging_mixin.py:190} INFO - [2024-10-26T18:23:52.441+0000] {dag.py:3239} INFO - Sync 1 DAGs
[2024-10-26T18:23:52.459+0000] {logging_mixin.py:190} INFO - [2024-10-26T18:23:52.459+0000] {dag.py:4180} INFO - Setting next_dagrun for example_params_trigger_ui to None, run_after=None
[2024-10-26T18:23:52.479+0000] {processor.py:208} INFO - Processing /home/airflow/.local/lib/python3.12/site-packages/airflow/example_dags/example_params_trigger_ui.py took 0.099 seconds
[2024-10-26T18:24:24.404+0000] {processor.py:186} INFO - Started process (PID=7759) to work on /home/airflow/.local/lib/python3.12/site-packages/airflow/example_dags/example_params_trigger_ui.py
[2024-10-26T18:24:24.406+0000] {processor.py:914} INFO - Processing file /home/airflow/.local/lib/python3.12/site-packages/airflow/example_dags/example_params_trigger_ui.py for tasks to queue
[2024-10-26T18:24:24.410+0000] {logging_mixin.py:190} INFO - [2024-10-26T18:24:24.409+0000] {dagbag.py:588} INFO - Filling up the DagBag from /home/airflow/.local/lib/python3.12/site-packages/airflow/example_dags/example_params_trigger_ui.py
[2024-10-26T18:24:24.429+0000] {processor.py:925} INFO - DAG(s) 'example_params_trigger_ui' retrieved from /home/airflow/.local/lib/python3.12/site-packages/airflow/example_dags/example_params_trigger_ui.py
[2024-10-26T18:24:24.490+0000] {logging_mixin.py:190} INFO - [2024-10-26T18:24:24.489+0000] {dag.py:3239} INFO - Sync 1 DAGs
[2024-10-26T18:24:24.512+0000] {logging_mixin.py:190} INFO - [2024-10-26T18:24:24.511+0000] {dag.py:4180} INFO - Setting next_dagrun for example_params_trigger_ui to None, run_after=None
[2024-10-26T18:24:24.541+0000] {processor.py:208} INFO - Processing /home/airflow/.local/lib/python3.12/site-packages/airflow/example_dags/example_params_trigger_ui.py took 0.146 seconds
[2024-10-26T18:24:57.383+0000] {processor.py:186} INFO - Started process (PID=7823) to work on /home/airflow/.local/lib/python3.12/site-packages/airflow/example_dags/example_params_trigger_ui.py
[2024-10-26T18:24:57.384+0000] {processor.py:914} INFO - Processing file /home/airflow/.local/lib/python3.12/site-packages/airflow/example_dags/example_params_trigger_ui.py for tasks to queue
[2024-10-26T18:24:57.387+0000] {logging_mixin.py:190} INFO - [2024-10-26T18:24:57.387+0000] {dagbag.py:588} INFO - Filling up the DagBag from /home/airflow/.local/lib/python3.12/site-packages/airflow/example_dags/example_params_trigger_ui.py
[2024-10-26T18:24:57.398+0000] {processor.py:925} INFO - DAG(s) 'example_params_trigger_ui' retrieved from /home/airflow/.local/lib/python3.12/site-packages/airflow/example_dags/example_params_trigger_ui.py
[2024-10-26T18:24:57.436+0000] {logging_mixin.py:190} INFO - [2024-10-26T18:24:57.436+0000] {dag.py:3239} INFO - Sync 1 DAGs
[2024-10-26T18:24:57.449+0000] {logging_mixin.py:190} INFO - [2024-10-26T18:24:57.449+0000] {dag.py:4180} INFO - Setting next_dagrun for example_params_trigger_ui to None, run_after=None
[2024-10-26T18:24:57.469+0000] {processor.py:208} INFO - Processing /home/airflow/.local/lib/python3.12/site-packages/airflow/example_dags/example_params_trigger_ui.py took 0.092 seconds
[2024-10-26T18:25:30.350+0000] {processor.py:186} INFO - Started process (PID=7887) to work on /home/airflow/.local/lib/python3.12/site-packages/airflow/example_dags/example_params_trigger_ui.py
[2024-10-26T18:25:30.351+0000] {processor.py:914} INFO - Processing file /home/airflow/.local/lib/python3.12/site-packages/airflow/example_dags/example_params_trigger_ui.py for tasks to queue
[2024-10-26T18:25:30.354+0000] {logging_mixin.py:190} INFO - [2024-10-26T18:25:30.353+0000] {dagbag.py:588} INFO - Filling up the DagBag from /home/airflow/.local/lib/python3.12/site-packages/airflow/example_dags/example_params_trigger_ui.py
[2024-10-26T18:25:30.364+0000] {processor.py:925} INFO - DAG(s) 'example_params_trigger_ui' retrieved from /home/airflow/.local/lib/python3.12/site-packages/airflow/example_dags/example_params_trigger_ui.py
[2024-10-26T18:25:30.403+0000] {logging_mixin.py:190} INFO - [2024-10-26T18:25:30.403+0000] {dag.py:3239} INFO - Sync 1 DAGs
[2024-10-26T18:25:30.417+0000] {logging_mixin.py:190} INFO - [2024-10-26T18:25:30.416+0000] {dag.py:4180} INFO - Setting next_dagrun for example_params_trigger_ui to None, run_after=None
[2024-10-26T18:25:30.438+0000] {processor.py:208} INFO - Processing /home/airflow/.local/lib/python3.12/site-packages/airflow/example_dags/example_params_trigger_ui.py took 0.093 seconds
[2024-10-26T18:26:02.502+0000] {processor.py:186} INFO - Started process (PID=7951) to work on /home/airflow/.local/lib/python3.12/site-packages/airflow/example_dags/example_params_trigger_ui.py
[2024-10-26T18:26:02.503+0000] {processor.py:914} INFO - Processing file /home/airflow/.local/lib/python3.12/site-packages/airflow/example_dags/example_params_trigger_ui.py for tasks to queue
[2024-10-26T18:26:02.506+0000] {logging_mixin.py:190} INFO - [2024-10-26T18:26:02.506+0000] {dagbag.py:588} INFO - Filling up the DagBag from /home/airflow/.local/lib/python3.12/site-packages/airflow/example_dags/example_params_trigger_ui.py
[2024-10-26T18:26:02.518+0000] {processor.py:925} INFO - DAG(s) 'example_params_trigger_ui' retrieved from /home/airflow/.local/lib/python3.12/site-packages/airflow/example_dags/example_params_trigger_ui.py
[2024-10-26T18:26:02.553+0000] {logging_mixin.py:190} INFO - [2024-10-26T18:26:02.553+0000] {dag.py:3239} INFO - Sync 1 DAGs
[2024-10-26T18:26:02.566+0000] {logging_mixin.py:190} INFO - [2024-10-26T18:26:02.565+0000] {dag.py:4180} INFO - Setting next_dagrun for example_params_trigger_ui to None, run_after=None
[2024-10-26T18:26:02.587+0000] {processor.py:208} INFO - Processing /home/airflow/.local/lib/python3.12/site-packages/airflow/example_dags/example_params_trigger_ui.py took 0.090 seconds
[2024-10-26T18:26:35.673+0000] {processor.py:186} INFO - Started process (PID=8015) to work on /home/airflow/.local/lib/python3.12/site-packages/airflow/example_dags/example_params_trigger_ui.py
[2024-10-26T18:26:35.674+0000] {processor.py:914} INFO - Processing file /home/airflow/.local/lib/python3.12/site-packages/airflow/example_dags/example_params_trigger_ui.py for tasks to queue
[2024-10-26T18:26:35.677+0000] {logging_mixin.py:190} INFO - [2024-10-26T18:26:35.676+0000] {dagbag.py:588} INFO - Filling up the DagBag from /home/airflow/.local/lib/python3.12/site-packages/airflow/example_dags/example_params_trigger_ui.py
[2024-10-26T18:26:35.687+0000] {processor.py:925} INFO - DAG(s) 'example_params_trigger_ui' retrieved from /home/airflow/.local/lib/python3.12/site-packages/airflow/example_dags/example_params_trigger_ui.py
[2024-10-26T18:26:35.733+0000] {logging_mixin.py:190} INFO - [2024-10-26T18:26:35.733+0000] {dag.py:3239} INFO - Sync 1 DAGs
[2024-10-26T18:26:35.747+0000] {logging_mixin.py:190} INFO - [2024-10-26T18:26:35.747+0000] {dag.py:4180} INFO - Setting next_dagrun for example_params_trigger_ui to None, run_after=None
[2024-10-26T18:26:35.766+0000] {processor.py:208} INFO - Processing /home/airflow/.local/lib/python3.12/site-packages/airflow/example_dags/example_params_trigger_ui.py took 0.100 seconds
[2024-10-26T18:27:08.115+0000] {processor.py:186} INFO - Started process (PID=8079) to work on /home/airflow/.local/lib/python3.12/site-packages/airflow/example_dags/example_params_trigger_ui.py
[2024-10-26T18:27:08.116+0000] {processor.py:914} INFO - Processing file /home/airflow/.local/lib/python3.12/site-packages/airflow/example_dags/example_params_trigger_ui.py for tasks to queue
[2024-10-26T18:27:08.119+0000] {logging_mixin.py:190} INFO - [2024-10-26T18:27:08.118+0000] {dagbag.py:588} INFO - Filling up the DagBag from /home/airflow/.local/lib/python3.12/site-packages/airflow/example_dags/example_params_trigger_ui.py
[2024-10-26T18:27:08.130+0000] {processor.py:925} INFO - DAG(s) 'example_params_trigger_ui' retrieved from /home/airflow/.local/lib/python3.12/site-packages/airflow/example_dags/example_params_trigger_ui.py
[2024-10-26T18:27:08.169+0000] {logging_mixin.py:190} INFO - [2024-10-26T18:27:08.169+0000] {dag.py:3239} INFO - Sync 1 DAGs
[2024-10-26T18:27:08.183+0000] {logging_mixin.py:190} INFO - [2024-10-26T18:27:08.183+0000] {dag.py:4180} INFO - Setting next_dagrun for example_params_trigger_ui to None, run_after=None
[2024-10-26T18:27:08.202+0000] {processor.py:208} INFO - Processing /home/airflow/.local/lib/python3.12/site-packages/airflow/example_dags/example_params_trigger_ui.py took 0.092 seconds
[2024-10-26T18:27:41.067+0000] {processor.py:186} INFO - Started process (PID=8143) to work on /home/airflow/.local/lib/python3.12/site-packages/airflow/example_dags/example_params_trigger_ui.py
[2024-10-26T18:27:41.068+0000] {processor.py:914} INFO - Processing file /home/airflow/.local/lib/python3.12/site-packages/airflow/example_dags/example_params_trigger_ui.py for tasks to queue
[2024-10-26T18:27:41.070+0000] {logging_mixin.py:190} INFO - [2024-10-26T18:27:41.070+0000] {dagbag.py:588} INFO - Filling up the DagBag from /home/airflow/.local/lib/python3.12/site-packages/airflow/example_dags/example_params_trigger_ui.py
[2024-10-26T18:27:41.080+0000] {processor.py:925} INFO - DAG(s) 'example_params_trigger_ui' retrieved from /home/airflow/.local/lib/python3.12/site-packages/airflow/example_dags/example_params_trigger_ui.py
[2024-10-26T18:27:41.119+0000] {logging_mixin.py:190} INFO - [2024-10-26T18:27:41.118+0000] {dag.py:3239} INFO - Sync 1 DAGs
[2024-10-26T18:27:41.134+0000] {logging_mixin.py:190} INFO - [2024-10-26T18:27:41.134+0000] {dag.py:4180} INFO - Setting next_dagrun for example_params_trigger_ui to None, run_after=None
[2024-10-26T18:27:41.153+0000] {processor.py:208} INFO - Processing /home/airflow/.local/lib/python3.12/site-packages/airflow/example_dags/example_params_trigger_ui.py took 0.092 seconds
[2024-10-26T18:28:14.402+0000] {processor.py:186} INFO - Started process (PID=8207) to work on /home/airflow/.local/lib/python3.12/site-packages/airflow/example_dags/example_params_trigger_ui.py
[2024-10-26T18:28:14.403+0000] {processor.py:914} INFO - Processing file /home/airflow/.local/lib/python3.12/site-packages/airflow/example_dags/example_params_trigger_ui.py for tasks to queue
[2024-10-26T18:28:14.405+0000] {logging_mixin.py:190} INFO - [2024-10-26T18:28:14.404+0000] {dagbag.py:588} INFO - Filling up the DagBag from /home/airflow/.local/lib/python3.12/site-packages/airflow/example_dags/example_params_trigger_ui.py
[2024-10-26T18:28:14.415+0000] {processor.py:925} INFO - DAG(s) 'example_params_trigger_ui' retrieved from /home/airflow/.local/lib/python3.12/site-packages/airflow/example_dags/example_params_trigger_ui.py
[2024-10-26T18:28:14.454+0000] {logging_mixin.py:190} INFO - [2024-10-26T18:28:14.454+0000] {dag.py:3239} INFO - Sync 1 DAGs
[2024-10-26T18:28:14.469+0000] {logging_mixin.py:190} INFO - [2024-10-26T18:28:14.468+0000] {dag.py:4180} INFO - Setting next_dagrun for example_params_trigger_ui to None, run_after=None
[2024-10-26T18:28:14.488+0000] {processor.py:208} INFO - Processing /home/airflow/.local/lib/python3.12/site-packages/airflow/example_dags/example_params_trigger_ui.py took 0.092 seconds
[2024-10-26T18:28:46.328+0000] {processor.py:186} INFO - Started process (PID=8271) to work on /home/airflow/.local/lib/python3.12/site-packages/airflow/example_dags/example_params_trigger_ui.py
[2024-10-26T18:28:46.329+0000] {processor.py:914} INFO - Processing file /home/airflow/.local/lib/python3.12/site-packages/airflow/example_dags/example_params_trigger_ui.py for tasks to queue
[2024-10-26T18:28:46.332+0000] {logging_mixin.py:190} INFO - [2024-10-26T18:28:46.331+0000] {dagbag.py:588} INFO - Filling up the DagBag from /home/airflow/.local/lib/python3.12/site-packages/airflow/example_dags/example_params_trigger_ui.py
[2024-10-26T18:28:46.352+0000] {processor.py:925} INFO - DAG(s) 'example_params_trigger_ui' retrieved from /home/airflow/.local/lib/python3.12/site-packages/airflow/example_dags/example_params_trigger_ui.py
[2024-10-26T18:28:46.395+0000] {logging_mixin.py:190} INFO - [2024-10-26T18:28:46.395+0000] {dag.py:3239} INFO - Sync 1 DAGs
[2024-10-26T18:28:46.411+0000] {logging_mixin.py:190} INFO - [2024-10-26T18:28:46.410+0000] {dag.py:4180} INFO - Setting next_dagrun for example_params_trigger_ui to None, run_after=None
[2024-10-26T18:28:46.431+0000] {processor.py:208} INFO - Processing /home/airflow/.local/lib/python3.12/site-packages/airflow/example_dags/example_params_trigger_ui.py took 0.115 seconds
[2024-10-26T18:29:20.081+0000] {processor.py:186} INFO - Started process (PID=8335) to work on /home/airflow/.local/lib/python3.12/site-packages/airflow/example_dags/example_params_trigger_ui.py
[2024-10-26T18:29:20.083+0000] {processor.py:914} INFO - Processing file /home/airflow/.local/lib/python3.12/site-packages/airflow/example_dags/example_params_trigger_ui.py for tasks to queue
[2024-10-26T18:29:20.091+0000] {logging_mixin.py:190} INFO - [2024-10-26T18:29:20.090+0000] {dagbag.py:588} INFO - Filling up the DagBag from /home/airflow/.local/lib/python3.12/site-packages/airflow/example_dags/example_params_trigger_ui.py
[2024-10-26T18:29:20.122+0000] {processor.py:925} INFO - DAG(s) 'example_params_trigger_ui' retrieved from /home/airflow/.local/lib/python3.12/site-packages/airflow/example_dags/example_params_trigger_ui.py
[2024-10-26T18:29:20.176+0000] {logging_mixin.py:190} INFO - [2024-10-26T18:29:20.175+0000] {dag.py:3239} INFO - Sync 1 DAGs
[2024-10-26T18:29:20.197+0000] {logging_mixin.py:190} INFO - [2024-10-26T18:29:20.197+0000] {dag.py:4180} INFO - Setting next_dagrun for example_params_trigger_ui to None, run_after=None
[2024-10-26T18:29:20.235+0000] {processor.py:208} INFO - Processing /home/airflow/.local/lib/python3.12/site-packages/airflow/example_dags/example_params_trigger_ui.py took 0.162 seconds
[2024-10-26T18:29:51.614+0000] {processor.py:186} INFO - Started process (PID=8399) to work on /home/airflow/.local/lib/python3.12/site-packages/airflow/example_dags/example_params_trigger_ui.py
[2024-10-26T18:29:51.617+0000] {processor.py:914} INFO - Processing file /home/airflow/.local/lib/python3.12/site-packages/airflow/example_dags/example_params_trigger_ui.py for tasks to queue
[2024-10-26T18:29:51.620+0000] {logging_mixin.py:190} INFO - [2024-10-26T18:29:51.620+0000] {dagbag.py:588} INFO - Filling up the DagBag from /home/airflow/.local/lib/python3.12/site-packages/airflow/example_dags/example_params_trigger_ui.py
[2024-10-26T18:29:51.631+0000] {processor.py:925} INFO - DAG(s) 'example_params_trigger_ui' retrieved from /home/airflow/.local/lib/python3.12/site-packages/airflow/example_dags/example_params_trigger_ui.py
[2024-10-26T18:29:51.673+0000] {logging_mixin.py:190} INFO - [2024-10-26T18:29:51.673+0000] {dag.py:3239} INFO - Sync 1 DAGs
[2024-10-26T18:29:51.687+0000] {logging_mixin.py:190} INFO - [2024-10-26T18:29:51.687+0000] {dag.py:4180} INFO - Setting next_dagrun for example_params_trigger_ui to None, run_after=None
[2024-10-26T18:29:51.706+0000] {processor.py:208} INFO - Processing /home/airflow/.local/lib/python3.12/site-packages/airflow/example_dags/example_params_trigger_ui.py took 0.098 seconds
[2024-10-26T18:30:24.608+0000] {processor.py:186} INFO - Started process (PID=8463) to work on /home/airflow/.local/lib/python3.12/site-packages/airflow/example_dags/example_params_trigger_ui.py
[2024-10-26T18:30:24.609+0000] {processor.py:914} INFO - Processing file /home/airflow/.local/lib/python3.12/site-packages/airflow/example_dags/example_params_trigger_ui.py for tasks to queue
[2024-10-26T18:30:24.612+0000] {logging_mixin.py:190} INFO - [2024-10-26T18:30:24.612+0000] {dagbag.py:588} INFO - Filling up the DagBag from /home/airflow/.local/lib/python3.12/site-packages/airflow/example_dags/example_params_trigger_ui.py
[2024-10-26T18:30:24.627+0000] {processor.py:925} INFO - DAG(s) 'example_params_trigger_ui' retrieved from /home/airflow/.local/lib/python3.12/site-packages/airflow/example_dags/example_params_trigger_ui.py
[2024-10-26T18:30:24.672+0000] {logging_mixin.py:190} INFO - [2024-10-26T18:30:24.672+0000] {dag.py:3239} INFO - Sync 1 DAGs
[2024-10-26T18:30:24.685+0000] {logging_mixin.py:190} INFO - [2024-10-26T18:30:24.684+0000] {dag.py:4180} INFO - Setting next_dagrun for example_params_trigger_ui to None, run_after=None
[2024-10-26T18:30:24.701+0000] {processor.py:208} INFO - Processing /home/airflow/.local/lib/python3.12/site-packages/airflow/example_dags/example_params_trigger_ui.py took 0.101 seconds
[2024-10-26T18:30:57.429+0000] {processor.py:186} INFO - Started process (PID=8527) to work on /home/airflow/.local/lib/python3.12/site-packages/airflow/example_dags/example_params_trigger_ui.py
[2024-10-26T18:30:57.430+0000] {processor.py:914} INFO - Processing file /home/airflow/.local/lib/python3.12/site-packages/airflow/example_dags/example_params_trigger_ui.py for tasks to queue
[2024-10-26T18:30:57.433+0000] {logging_mixin.py:190} INFO - [2024-10-26T18:30:57.432+0000] {dagbag.py:588} INFO - Filling up the DagBag from /home/airflow/.local/lib/python3.12/site-packages/airflow/example_dags/example_params_trigger_ui.py
[2024-10-26T18:30:57.445+0000] {processor.py:925} INFO - DAG(s) 'example_params_trigger_ui' retrieved from /home/airflow/.local/lib/python3.12/site-packages/airflow/example_dags/example_params_trigger_ui.py
[2024-10-26T18:30:57.483+0000] {logging_mixin.py:190} INFO - [2024-10-26T18:30:57.482+0000] {dag.py:3239} INFO - Sync 1 DAGs
[2024-10-26T18:30:57.495+0000] {logging_mixin.py:190} INFO - [2024-10-26T18:30:57.494+0000] {dag.py:4180} INFO - Setting next_dagrun for example_params_trigger_ui to None, run_after=None
[2024-10-26T18:30:57.513+0000] {processor.py:208} INFO - Processing /home/airflow/.local/lib/python3.12/site-packages/airflow/example_dags/example_params_trigger_ui.py took 0.092 seconds
[2024-10-26T18:31:30.674+0000] {processor.py:186} INFO - Started process (PID=8591) to work on /home/airflow/.local/lib/python3.12/site-packages/airflow/example_dags/example_params_trigger_ui.py
[2024-10-26T18:31:30.675+0000] {processor.py:914} INFO - Processing file /home/airflow/.local/lib/python3.12/site-packages/airflow/example_dags/example_params_trigger_ui.py for tasks to queue
[2024-10-26T18:31:30.678+0000] {logging_mixin.py:190} INFO - [2024-10-26T18:31:30.677+0000] {dagbag.py:588} INFO - Filling up the DagBag from /home/airflow/.local/lib/python3.12/site-packages/airflow/example_dags/example_params_trigger_ui.py
[2024-10-26T18:31:30.691+0000] {processor.py:925} INFO - DAG(s) 'example_params_trigger_ui' retrieved from /home/airflow/.local/lib/python3.12/site-packages/airflow/example_dags/example_params_trigger_ui.py
[2024-10-26T18:31:30.740+0000] {logging_mixin.py:190} INFO - [2024-10-26T18:31:30.740+0000] {dag.py:3239} INFO - Sync 1 DAGs
[2024-10-26T18:31:30.752+0000] {logging_mixin.py:190} INFO - [2024-10-26T18:31:30.752+0000] {dag.py:4180} INFO - Setting next_dagrun for example_params_trigger_ui to None, run_after=None
[2024-10-26T18:31:30.768+0000] {processor.py:208} INFO - Processing /home/airflow/.local/lib/python3.12/site-packages/airflow/example_dags/example_params_trigger_ui.py took 0.099 seconds
[2024-10-26T18:32:02.878+0000] {processor.py:186} INFO - Started process (PID=8655) to work on /home/airflow/.local/lib/python3.12/site-packages/airflow/example_dags/example_params_trigger_ui.py
[2024-10-26T18:32:02.879+0000] {processor.py:914} INFO - Processing file /home/airflow/.local/lib/python3.12/site-packages/airflow/example_dags/example_params_trigger_ui.py for tasks to queue
[2024-10-26T18:32:02.881+0000] {logging_mixin.py:190} INFO - [2024-10-26T18:32:02.881+0000] {dagbag.py:588} INFO - Filling up the DagBag from /home/airflow/.local/lib/python3.12/site-packages/airflow/example_dags/example_params_trigger_ui.py
[2024-10-26T18:32:02.891+0000] {processor.py:925} INFO - DAG(s) 'example_params_trigger_ui' retrieved from /home/airflow/.local/lib/python3.12/site-packages/airflow/example_dags/example_params_trigger_ui.py
[2024-10-26T18:32:02.929+0000] {logging_mixin.py:190} INFO - [2024-10-26T18:32:02.929+0000] {dag.py:3239} INFO - Sync 1 DAGs
[2024-10-26T18:32:02.942+0000] {logging_mixin.py:190} INFO - [2024-10-26T18:32:02.941+0000] {dag.py:4180} INFO - Setting next_dagrun for example_params_trigger_ui to None, run_after=None
[2024-10-26T18:32:02.962+0000] {processor.py:208} INFO - Processing /home/airflow/.local/lib/python3.12/site-packages/airflow/example_dags/example_params_trigger_ui.py took 0.089 seconds
[2024-10-26T18:32:35.745+0000] {processor.py:186} INFO - Started process (PID=8719) to work on /home/airflow/.local/lib/python3.12/site-packages/airflow/example_dags/example_params_trigger_ui.py
[2024-10-26T18:32:35.746+0000] {processor.py:914} INFO - Processing file /home/airflow/.local/lib/python3.12/site-packages/airflow/example_dags/example_params_trigger_ui.py for tasks to queue
[2024-10-26T18:32:35.748+0000] {logging_mixin.py:190} INFO - [2024-10-26T18:32:35.748+0000] {dagbag.py:588} INFO - Filling up the DagBag from /home/airflow/.local/lib/python3.12/site-packages/airflow/example_dags/example_params_trigger_ui.py
[2024-10-26T18:32:35.757+0000] {processor.py:925} INFO - DAG(s) 'example_params_trigger_ui' retrieved from /home/airflow/.local/lib/python3.12/site-packages/airflow/example_dags/example_params_trigger_ui.py
[2024-10-26T18:32:35.795+0000] {logging_mixin.py:190} INFO - [2024-10-26T18:32:35.795+0000] {dag.py:3239} INFO - Sync 1 DAGs
[2024-10-26T18:32:35.809+0000] {logging_mixin.py:190} INFO - [2024-10-26T18:32:35.808+0000] {dag.py:4180} INFO - Setting next_dagrun for example_params_trigger_ui to None, run_after=None
[2024-10-26T18:32:35.829+0000] {processor.py:208} INFO - Processing /home/airflow/.local/lib/python3.12/site-packages/airflow/example_dags/example_params_trigger_ui.py took 0.089 seconds
[2024-10-26T18:33:08.511+0000] {processor.py:186} INFO - Started process (PID=8783) to work on /home/airflow/.local/lib/python3.12/site-packages/airflow/example_dags/example_params_trigger_ui.py
[2024-10-26T18:33:08.512+0000] {processor.py:914} INFO - Processing file /home/airflow/.local/lib/python3.12/site-packages/airflow/example_dags/example_params_trigger_ui.py for tasks to queue
[2024-10-26T18:33:08.515+0000] {logging_mixin.py:190} INFO - [2024-10-26T18:33:08.515+0000] {dagbag.py:588} INFO - Filling up the DagBag from /home/airflow/.local/lib/python3.12/site-packages/airflow/example_dags/example_params_trigger_ui.py
[2024-10-26T18:33:08.527+0000] {processor.py:925} INFO - DAG(s) 'example_params_trigger_ui' retrieved from /home/airflow/.local/lib/python3.12/site-packages/airflow/example_dags/example_params_trigger_ui.py
[2024-10-26T18:33:08.571+0000] {logging_mixin.py:190} INFO - [2024-10-26T18:33:08.571+0000] {dag.py:3239} INFO - Sync 1 DAGs
[2024-10-26T18:33:08.583+0000] {logging_mixin.py:190} INFO - [2024-10-26T18:33:08.583+0000] {dag.py:4180} INFO - Setting next_dagrun for example_params_trigger_ui to None, run_after=None
[2024-10-26T18:33:08.600+0000] {processor.py:208} INFO - Processing /home/airflow/.local/lib/python3.12/site-packages/airflow/example_dags/example_params_trigger_ui.py took 0.094 seconds
[2024-10-26T18:33:42.448+0000] {processor.py:186} INFO - Started process (PID=8847) to work on /home/airflow/.local/lib/python3.12/site-packages/airflow/example_dags/example_params_trigger_ui.py
[2024-10-26T18:33:42.449+0000] {processor.py:914} INFO - Processing file /home/airflow/.local/lib/python3.12/site-packages/airflow/example_dags/example_params_trigger_ui.py for tasks to queue
[2024-10-26T18:33:42.451+0000] {logging_mixin.py:190} INFO - [2024-10-26T18:33:42.451+0000] {dagbag.py:588} INFO - Filling up the DagBag from /home/airflow/.local/lib/python3.12/site-packages/airflow/example_dags/example_params_trigger_ui.py
[2024-10-26T18:33:42.461+0000] {processor.py:925} INFO - DAG(s) 'example_params_trigger_ui' retrieved from /home/airflow/.local/lib/python3.12/site-packages/airflow/example_dags/example_params_trigger_ui.py
[2024-10-26T18:33:42.500+0000] {logging_mixin.py:190} INFO - [2024-10-26T18:33:42.500+0000] {dag.py:3239} INFO - Sync 1 DAGs
[2024-10-26T18:33:42.516+0000] {logging_mixin.py:190} INFO - [2024-10-26T18:33:42.515+0000] {dag.py:4180} INFO - Setting next_dagrun for example_params_trigger_ui to None, run_after=None
[2024-10-26T18:33:42.534+0000] {processor.py:208} INFO - Processing /home/airflow/.local/lib/python3.12/site-packages/airflow/example_dags/example_params_trigger_ui.py took 0.092 seconds
[2024-10-26T18:34:14.645+0000] {processor.py:186} INFO - Started process (PID=8911) to work on /home/airflow/.local/lib/python3.12/site-packages/airflow/example_dags/example_params_trigger_ui.py
[2024-10-26T18:34:14.646+0000] {processor.py:914} INFO - Processing file /home/airflow/.local/lib/python3.12/site-packages/airflow/example_dags/example_params_trigger_ui.py for tasks to queue
[2024-10-26T18:34:14.649+0000] {logging_mixin.py:190} INFO - [2024-10-26T18:34:14.648+0000] {dagbag.py:588} INFO - Filling up the DagBag from /home/airflow/.local/lib/python3.12/site-packages/airflow/example_dags/example_params_trigger_ui.py
[2024-10-26T18:34:14.661+0000] {processor.py:925} INFO - DAG(s) 'example_params_trigger_ui' retrieved from /home/airflow/.local/lib/python3.12/site-packages/airflow/example_dags/example_params_trigger_ui.py
[2024-10-26T18:34:14.709+0000] {logging_mixin.py:190} INFO - [2024-10-26T18:34:14.709+0000] {dag.py:3239} INFO - Sync 1 DAGs
[2024-10-26T18:34:14.868+0000] {logging_mixin.py:190} INFO - [2024-10-26T18:34:14.868+0000] {dag.py:4180} INFO - Setting next_dagrun for example_params_trigger_ui to None, run_after=None
[2024-10-26T18:34:14.883+0000] {processor.py:208} INFO - Processing /home/airflow/.local/lib/python3.12/site-packages/airflow/example_dags/example_params_trigger_ui.py took 0.244 seconds
[2024-10-26T18:34:47.348+0000] {processor.py:186} INFO - Started process (PID=8975) to work on /home/airflow/.local/lib/python3.12/site-packages/airflow/example_dags/example_params_trigger_ui.py
[2024-10-26T18:34:47.349+0000] {processor.py:914} INFO - Processing file /home/airflow/.local/lib/python3.12/site-packages/airflow/example_dags/example_params_trigger_ui.py for tasks to queue
[2024-10-26T18:34:47.351+0000] {logging_mixin.py:190} INFO - [2024-10-26T18:34:47.351+0000] {dagbag.py:588} INFO - Filling up the DagBag from /home/airflow/.local/lib/python3.12/site-packages/airflow/example_dags/example_params_trigger_ui.py
[2024-10-26T18:34:47.361+0000] {processor.py:925} INFO - DAG(s) 'example_params_trigger_ui' retrieved from /home/airflow/.local/lib/python3.12/site-packages/airflow/example_dags/example_params_trigger_ui.py
[2024-10-26T18:34:47.397+0000] {logging_mixin.py:190} INFO - [2024-10-26T18:34:47.397+0000] {dag.py:3239} INFO - Sync 1 DAGs
[2024-10-26T18:34:47.541+0000] {logging_mixin.py:190} INFO - [2024-10-26T18:34:47.541+0000] {dag.py:4180} INFO - Setting next_dagrun for example_params_trigger_ui to None, run_after=None
[2024-10-26T18:34:47.560+0000] {processor.py:208} INFO - Processing /home/airflow/.local/lib/python3.12/site-packages/airflow/example_dags/example_params_trigger_ui.py took 0.218 seconds
[2024-10-26T18:35:18.966+0000] {processor.py:186} INFO - Started process (PID=9039) to work on /home/airflow/.local/lib/python3.12/site-packages/airflow/example_dags/example_params_trigger_ui.py
[2024-10-26T18:35:18.967+0000] {processor.py:914} INFO - Processing file /home/airflow/.local/lib/python3.12/site-packages/airflow/example_dags/example_params_trigger_ui.py for tasks to queue
[2024-10-26T18:35:18.969+0000] {logging_mixin.py:190} INFO - [2024-10-26T18:35:18.969+0000] {dagbag.py:588} INFO - Filling up the DagBag from /home/airflow/.local/lib/python3.12/site-packages/airflow/example_dags/example_params_trigger_ui.py
[2024-10-26T18:35:18.980+0000] {processor.py:925} INFO - DAG(s) 'example_params_trigger_ui' retrieved from /home/airflow/.local/lib/python3.12/site-packages/airflow/example_dags/example_params_trigger_ui.py
[2024-10-26T18:35:19.019+0000] {logging_mixin.py:190} INFO - [2024-10-26T18:35:19.019+0000] {dag.py:3239} INFO - Sync 1 DAGs
[2024-10-26T18:35:19.032+0000] {logging_mixin.py:190} INFO - [2024-10-26T18:35:19.032+0000] {dag.py:4180} INFO - Setting next_dagrun for example_params_trigger_ui to None, run_after=None
[2024-10-26T18:35:19.206+0000] {processor.py:208} INFO - Processing /home/airflow/.local/lib/python3.12/site-packages/airflow/example_dags/example_params_trigger_ui.py took 0.246 seconds
[2024-10-26T18:35:52.268+0000] {processor.py:186} INFO - Started process (PID=9103) to work on /home/airflow/.local/lib/python3.12/site-packages/airflow/example_dags/example_params_trigger_ui.py
[2024-10-26T18:35:52.269+0000] {processor.py:914} INFO - Processing file /home/airflow/.local/lib/python3.12/site-packages/airflow/example_dags/example_params_trigger_ui.py for tasks to queue
[2024-10-26T18:35:52.277+0000] {logging_mixin.py:190} INFO - [2024-10-26T18:35:52.276+0000] {dagbag.py:588} INFO - Filling up the DagBag from /home/airflow/.local/lib/python3.12/site-packages/airflow/example_dags/example_params_trigger_ui.py
[2024-10-26T18:35:52.317+0000] {processor.py:925} INFO - DAG(s) 'example_params_trigger_ui' retrieved from /home/airflow/.local/lib/python3.12/site-packages/airflow/example_dags/example_params_trigger_ui.py
[2024-10-26T18:35:52.487+0000] {logging_mixin.py:190} INFO - [2024-10-26T18:35:52.487+0000] {dag.py:3239} INFO - Sync 1 DAGs
[2024-10-26T18:35:52.522+0000] {logging_mixin.py:190} INFO - [2024-10-26T18:35:52.521+0000] {dag.py:4180} INFO - Setting next_dagrun for example_params_trigger_ui to None, run_after=None
[2024-10-26T18:35:52.551+0000] {processor.py:208} INFO - Processing /home/airflow/.local/lib/python3.12/site-packages/airflow/example_dags/example_params_trigger_ui.py took 0.301 seconds
[2024-10-26T18:36:25.075+0000] {processor.py:186} INFO - Started process (PID=9167) to work on /home/airflow/.local/lib/python3.12/site-packages/airflow/example_dags/example_params_trigger_ui.py
[2024-10-26T18:36:25.076+0000] {processor.py:914} INFO - Processing file /home/airflow/.local/lib/python3.12/site-packages/airflow/example_dags/example_params_trigger_ui.py for tasks to queue
[2024-10-26T18:36:25.079+0000] {logging_mixin.py:190} INFO - [2024-10-26T18:36:25.079+0000] {dagbag.py:588} INFO - Filling up the DagBag from /home/airflow/.local/lib/python3.12/site-packages/airflow/example_dags/example_params_trigger_ui.py
[2024-10-26T18:36:25.090+0000] {processor.py:925} INFO - DAG(s) 'example_params_trigger_ui' retrieved from /home/airflow/.local/lib/python3.12/site-packages/airflow/example_dags/example_params_trigger_ui.py
[2024-10-26T18:36:25.135+0000] {logging_mixin.py:190} INFO - [2024-10-26T18:36:25.135+0000] {dag.py:3239} INFO - Sync 1 DAGs
[2024-10-26T18:36:25.149+0000] {logging_mixin.py:190} INFO - [2024-10-26T18:36:25.149+0000] {dag.py:4180} INFO - Setting next_dagrun for example_params_trigger_ui to None, run_after=None
[2024-10-26T18:36:25.172+0000] {processor.py:208} INFO - Processing /home/airflow/.local/lib/python3.12/site-packages/airflow/example_dags/example_params_trigger_ui.py took 0.103 seconds
[2024-10-26T18:36:57.295+0000] {processor.py:186} INFO - Started process (PID=9231) to work on /home/airflow/.local/lib/python3.12/site-packages/airflow/example_dags/example_params_trigger_ui.py
[2024-10-26T18:36:57.296+0000] {processor.py:914} INFO - Processing file /home/airflow/.local/lib/python3.12/site-packages/airflow/example_dags/example_params_trigger_ui.py for tasks to queue
[2024-10-26T18:36:57.299+0000] {logging_mixin.py:190} INFO - [2024-10-26T18:36:57.299+0000] {dagbag.py:588} INFO - Filling up the DagBag from /home/airflow/.local/lib/python3.12/site-packages/airflow/example_dags/example_params_trigger_ui.py
[2024-10-26T18:36:57.309+0000] {processor.py:925} INFO - DAG(s) 'example_params_trigger_ui' retrieved from /home/airflow/.local/lib/python3.12/site-packages/airflow/example_dags/example_params_trigger_ui.py
[2024-10-26T18:36:57.348+0000] {logging_mixin.py:190} INFO - [2024-10-26T18:36:57.347+0000] {dag.py:3239} INFO - Sync 1 DAGs
[2024-10-26T18:36:57.360+0000] {logging_mixin.py:190} INFO - [2024-10-26T18:36:57.360+0000] {dag.py:4180} INFO - Setting next_dagrun for example_params_trigger_ui to None, run_after=None
[2024-10-26T18:36:57.379+0000] {processor.py:208} INFO - Processing /home/airflow/.local/lib/python3.12/site-packages/airflow/example_dags/example_params_trigger_ui.py took 0.089 seconds
[2024-10-26T18:37:30.058+0000] {processor.py:186} INFO - Started process (PID=9295) to work on /home/airflow/.local/lib/python3.12/site-packages/airflow/example_dags/example_params_trigger_ui.py
[2024-10-26T18:37:30.059+0000] {processor.py:914} INFO - Processing file /home/airflow/.local/lib/python3.12/site-packages/airflow/example_dags/example_params_trigger_ui.py for tasks to queue
[2024-10-26T18:37:30.061+0000] {logging_mixin.py:190} INFO - [2024-10-26T18:37:30.061+0000] {dagbag.py:588} INFO - Filling up the DagBag from /home/airflow/.local/lib/python3.12/site-packages/airflow/example_dags/example_params_trigger_ui.py
[2024-10-26T18:37:30.073+0000] {processor.py:925} INFO - DAG(s) 'example_params_trigger_ui' retrieved from /home/airflow/.local/lib/python3.12/site-packages/airflow/example_dags/example_params_trigger_ui.py
[2024-10-26T18:37:30.111+0000] {logging_mixin.py:190} INFO - [2024-10-26T18:37:30.111+0000] {dag.py:3239} INFO - Sync 1 DAGs
[2024-10-26T18:37:30.124+0000] {logging_mixin.py:190} INFO - [2024-10-26T18:37:30.124+0000] {dag.py:4180} INFO - Setting next_dagrun for example_params_trigger_ui to None, run_after=None
[2024-10-26T18:37:30.143+0000] {processor.py:208} INFO - Processing /home/airflow/.local/lib/python3.12/site-packages/airflow/example_dags/example_params_trigger_ui.py took 0.091 seconds
[2024-10-26T18:38:02.841+0000] {processor.py:186} INFO - Started process (PID=9359) to work on /home/airflow/.local/lib/python3.12/site-packages/airflow/example_dags/example_params_trigger_ui.py
[2024-10-26T18:38:02.842+0000] {processor.py:914} INFO - Processing file /home/airflow/.local/lib/python3.12/site-packages/airflow/example_dags/example_params_trigger_ui.py for tasks to queue
[2024-10-26T18:38:02.844+0000] {logging_mixin.py:190} INFO - [2024-10-26T18:38:02.844+0000] {dagbag.py:588} INFO - Filling up the DagBag from /home/airflow/.local/lib/python3.12/site-packages/airflow/example_dags/example_params_trigger_ui.py
[2024-10-26T18:38:02.854+0000] {processor.py:925} INFO - DAG(s) 'example_params_trigger_ui' retrieved from /home/airflow/.local/lib/python3.12/site-packages/airflow/example_dags/example_params_trigger_ui.py
[2024-10-26T18:38:02.890+0000] {logging_mixin.py:190} INFO - [2024-10-26T18:38:02.890+0000] {dag.py:3239} INFO - Sync 1 DAGs
[2024-10-26T18:38:02.902+0000] {logging_mixin.py:190} INFO - [2024-10-26T18:38:02.902+0000] {dag.py:4180} INFO - Setting next_dagrun for example_params_trigger_ui to None, run_after=None
[2024-10-26T18:38:02.923+0000] {processor.py:208} INFO - Processing /home/airflow/.local/lib/python3.12/site-packages/airflow/example_dags/example_params_trigger_ui.py took 0.088 seconds
[2024-10-26T18:38:35.745+0000] {processor.py:186} INFO - Started process (PID=9423) to work on /home/airflow/.local/lib/python3.12/site-packages/airflow/example_dags/example_params_trigger_ui.py
[2024-10-26T18:38:35.746+0000] {processor.py:914} INFO - Processing file /home/airflow/.local/lib/python3.12/site-packages/airflow/example_dags/example_params_trigger_ui.py for tasks to queue
[2024-10-26T18:38:35.749+0000] {logging_mixin.py:190} INFO - [2024-10-26T18:38:35.748+0000] {dagbag.py:588} INFO - Filling up the DagBag from /home/airflow/.local/lib/python3.12/site-packages/airflow/example_dags/example_params_trigger_ui.py
[2024-10-26T18:38:35.761+0000] {processor.py:925} INFO - DAG(s) 'example_params_trigger_ui' retrieved from /home/airflow/.local/lib/python3.12/site-packages/airflow/example_dags/example_params_trigger_ui.py
[2024-10-26T18:38:35.805+0000] {logging_mixin.py:190} INFO - [2024-10-26T18:38:35.805+0000] {dag.py:3239} INFO - Sync 1 DAGs
[2024-10-26T18:38:35.819+0000] {logging_mixin.py:190} INFO - [2024-10-26T18:38:35.819+0000] {dag.py:4180} INFO - Setting next_dagrun for example_params_trigger_ui to None, run_after=None
[2024-10-26T18:38:35.838+0000] {processor.py:208} INFO - Processing /home/airflow/.local/lib/python3.12/site-packages/airflow/example_dags/example_params_trigger_ui.py took 0.100 seconds
[2024-10-26T18:39:08.568+0000] {processor.py:186} INFO - Started process (PID=9487) to work on /home/airflow/.local/lib/python3.12/site-packages/airflow/example_dags/example_params_trigger_ui.py
[2024-10-26T18:39:08.569+0000] {processor.py:914} INFO - Processing file /home/airflow/.local/lib/python3.12/site-packages/airflow/example_dags/example_params_trigger_ui.py for tasks to queue
[2024-10-26T18:39:08.572+0000] {logging_mixin.py:190} INFO - [2024-10-26T18:39:08.571+0000] {dagbag.py:588} INFO - Filling up the DagBag from /home/airflow/.local/lib/python3.12/site-packages/airflow/example_dags/example_params_trigger_ui.py
[2024-10-26T18:39:08.586+0000] {processor.py:925} INFO - DAG(s) 'example_params_trigger_ui' retrieved from /home/airflow/.local/lib/python3.12/site-packages/airflow/example_dags/example_params_trigger_ui.py
[2024-10-26T18:39:08.660+0000] {logging_mixin.py:190} INFO - [2024-10-26T18:39:08.659+0000] {dag.py:3239} INFO - Sync 1 DAGs
[2024-10-26T18:39:08.681+0000] {logging_mixin.py:190} INFO - [2024-10-26T18:39:08.681+0000] {dag.py:4180} INFO - Setting next_dagrun for example_params_trigger_ui to None, run_after=None
[2024-10-26T18:39:08.698+0000] {processor.py:208} INFO - Processing /home/airflow/.local/lib/python3.12/site-packages/airflow/example_dags/example_params_trigger_ui.py took 0.138 seconds
[2024-10-26T18:39:41.721+0000] {processor.py:186} INFO - Started process (PID=9551) to work on /home/airflow/.local/lib/python3.12/site-packages/airflow/example_dags/example_params_trigger_ui.py
[2024-10-26T18:39:41.723+0000] {processor.py:914} INFO - Processing file /home/airflow/.local/lib/python3.12/site-packages/airflow/example_dags/example_params_trigger_ui.py for tasks to queue
[2024-10-26T18:39:41.725+0000] {logging_mixin.py:190} INFO - [2024-10-26T18:39:41.725+0000] {dagbag.py:588} INFO - Filling up the DagBag from /home/airflow/.local/lib/python3.12/site-packages/airflow/example_dags/example_params_trigger_ui.py
[2024-10-26T18:39:41.737+0000] {processor.py:925} INFO - DAG(s) 'example_params_trigger_ui' retrieved from /home/airflow/.local/lib/python3.12/site-packages/airflow/example_dags/example_params_trigger_ui.py
[2024-10-26T18:39:41.777+0000] {logging_mixin.py:190} INFO - [2024-10-26T18:39:41.777+0000] {dag.py:3239} INFO - Sync 1 DAGs
[2024-10-26T18:39:41.790+0000] {logging_mixin.py:190} INFO - [2024-10-26T18:39:41.790+0000] {dag.py:4180} INFO - Setting next_dagrun for example_params_trigger_ui to None, run_after=None
[2024-10-26T18:39:41.811+0000] {processor.py:208} INFO - Processing /home/airflow/.local/lib/python3.12/site-packages/airflow/example_dags/example_params_trigger_ui.py took 0.095 seconds
[2024-10-26T18:40:13.422+0000] {processor.py:186} INFO - Started process (PID=9615) to work on /home/airflow/.local/lib/python3.12/site-packages/airflow/example_dags/example_params_trigger_ui.py
[2024-10-26T18:40:13.423+0000] {processor.py:914} INFO - Processing file /home/airflow/.local/lib/python3.12/site-packages/airflow/example_dags/example_params_trigger_ui.py for tasks to queue
[2024-10-26T18:40:13.425+0000] {logging_mixin.py:190} INFO - [2024-10-26T18:40:13.425+0000] {dagbag.py:588} INFO - Filling up the DagBag from /home/airflow/.local/lib/python3.12/site-packages/airflow/example_dags/example_params_trigger_ui.py
[2024-10-26T18:40:13.436+0000] {processor.py:925} INFO - DAG(s) 'example_params_trigger_ui' retrieved from /home/airflow/.local/lib/python3.12/site-packages/airflow/example_dags/example_params_trigger_ui.py
[2024-10-26T18:40:13.473+0000] {logging_mixin.py:190} INFO - [2024-10-26T18:40:13.473+0000] {dag.py:3239} INFO - Sync 1 DAGs
[2024-10-26T18:40:13.486+0000] {logging_mixin.py:190} INFO - [2024-10-26T18:40:13.485+0000] {dag.py:4180} INFO - Setting next_dagrun for example_params_trigger_ui to None, run_after=None
[2024-10-26T18:40:13.504+0000] {processor.py:208} INFO - Processing /home/airflow/.local/lib/python3.12/site-packages/airflow/example_dags/example_params_trigger_ui.py took 0.087 seconds
[2024-10-26T18:40:46.968+0000] {processor.py:186} INFO - Started process (PID=9679) to work on /home/airflow/.local/lib/python3.12/site-packages/airflow/example_dags/example_params_trigger_ui.py
[2024-10-26T18:40:46.969+0000] {processor.py:914} INFO - Processing file /home/airflow/.local/lib/python3.12/site-packages/airflow/example_dags/example_params_trigger_ui.py for tasks to queue
[2024-10-26T18:40:46.972+0000] {logging_mixin.py:190} INFO - [2024-10-26T18:40:46.971+0000] {dagbag.py:588} INFO - Filling up the DagBag from /home/airflow/.local/lib/python3.12/site-packages/airflow/example_dags/example_params_trigger_ui.py
[2024-10-26T18:40:46.982+0000] {processor.py:925} INFO - DAG(s) 'example_params_trigger_ui' retrieved from /home/airflow/.local/lib/python3.12/site-packages/airflow/example_dags/example_params_trigger_ui.py
[2024-10-26T18:40:47.023+0000] {logging_mixin.py:190} INFO - [2024-10-26T18:40:47.022+0000] {dag.py:3239} INFO - Sync 1 DAGs
[2024-10-26T18:40:47.036+0000] {logging_mixin.py:190} INFO - [2024-10-26T18:40:47.036+0000] {dag.py:4180} INFO - Setting next_dagrun for example_params_trigger_ui to None, run_after=None
[2024-10-26T18:40:47.056+0000] {processor.py:208} INFO - Processing /home/airflow/.local/lib/python3.12/site-packages/airflow/example_dags/example_params_trigger_ui.py took 0.093 seconds
[2024-10-26T18:41:19.765+0000] {processor.py:186} INFO - Started process (PID=9743) to work on /home/airflow/.local/lib/python3.12/site-packages/airflow/example_dags/example_params_trigger_ui.py
[2024-10-26T18:41:19.766+0000] {processor.py:914} INFO - Processing file /home/airflow/.local/lib/python3.12/site-packages/airflow/example_dags/example_params_trigger_ui.py for tasks to queue
[2024-10-26T18:41:19.770+0000] {logging_mixin.py:190} INFO - [2024-10-26T18:41:19.769+0000] {dagbag.py:588} INFO - Filling up the DagBag from /home/airflow/.local/lib/python3.12/site-packages/airflow/example_dags/example_params_trigger_ui.py
[2024-10-26T18:41:19.786+0000] {processor.py:925} INFO - DAG(s) 'example_params_trigger_ui' retrieved from /home/airflow/.local/lib/python3.12/site-packages/airflow/example_dags/example_params_trigger_ui.py
[2024-10-26T18:41:19.850+0000] {logging_mixin.py:190} INFO - [2024-10-26T18:41:19.849+0000] {dag.py:3239} INFO - Sync 1 DAGs
[2024-10-26T18:41:19.869+0000] {logging_mixin.py:190} INFO - [2024-10-26T18:41:19.868+0000] {dag.py:4180} INFO - Setting next_dagrun for example_params_trigger_ui to None, run_after=None
[2024-10-26T18:41:19.893+0000] {processor.py:208} INFO - Processing /home/airflow/.local/lib/python3.12/site-packages/airflow/example_dags/example_params_trigger_ui.py took 0.137 seconds
[2024-10-26T18:41:51.492+0000] {processor.py:186} INFO - Started process (PID=9807) to work on /home/airflow/.local/lib/python3.12/site-packages/airflow/example_dags/example_params_trigger_ui.py
[2024-10-26T18:41:51.493+0000] {processor.py:914} INFO - Processing file /home/airflow/.local/lib/python3.12/site-packages/airflow/example_dags/example_params_trigger_ui.py for tasks to queue
[2024-10-26T18:41:51.496+0000] {logging_mixin.py:190} INFO - [2024-10-26T18:41:51.496+0000] {dagbag.py:588} INFO - Filling up the DagBag from /home/airflow/.local/lib/python3.12/site-packages/airflow/example_dags/example_params_trigger_ui.py
[2024-10-26T18:41:51.508+0000] {processor.py:925} INFO - DAG(s) 'example_params_trigger_ui' retrieved from /home/airflow/.local/lib/python3.12/site-packages/airflow/example_dags/example_params_trigger_ui.py
[2024-10-26T18:41:51.559+0000] {logging_mixin.py:190} INFO - [2024-10-26T18:41:51.558+0000] {dag.py:3239} INFO - Sync 1 DAGs
[2024-10-26T18:41:51.575+0000] {logging_mixin.py:190} INFO - [2024-10-26T18:41:51.575+0000] {dag.py:4180} INFO - Setting next_dagrun for example_params_trigger_ui to None, run_after=None
[2024-10-26T18:41:51.596+0000] {processor.py:208} INFO - Processing /home/airflow/.local/lib/python3.12/site-packages/airflow/example_dags/example_params_trigger_ui.py took 0.110 seconds
[2024-10-26T18:42:24.396+0000] {processor.py:186} INFO - Started process (PID=9871) to work on /home/airflow/.local/lib/python3.12/site-packages/airflow/example_dags/example_params_trigger_ui.py
[2024-10-26T18:42:24.397+0000] {processor.py:914} INFO - Processing file /home/airflow/.local/lib/python3.12/site-packages/airflow/example_dags/example_params_trigger_ui.py for tasks to queue
[2024-10-26T18:42:24.399+0000] {logging_mixin.py:190} INFO - [2024-10-26T18:42:24.399+0000] {dagbag.py:588} INFO - Filling up the DagBag from /home/airflow/.local/lib/python3.12/site-packages/airflow/example_dags/example_params_trigger_ui.py
[2024-10-26T18:42:24.413+0000] {processor.py:925} INFO - DAG(s) 'example_params_trigger_ui' retrieved from /home/airflow/.local/lib/python3.12/site-packages/airflow/example_dags/example_params_trigger_ui.py
[2024-10-26T18:42:24.460+0000] {logging_mixin.py:190} INFO - [2024-10-26T18:42:24.459+0000] {dag.py:3239} INFO - Sync 1 DAGs
[2024-10-26T18:42:24.473+0000] {logging_mixin.py:190} INFO - [2024-10-26T18:42:24.473+0000] {dag.py:4180} INFO - Setting next_dagrun for example_params_trigger_ui to None, run_after=None
[2024-10-26T18:42:24.495+0000] {processor.py:208} INFO - Processing /home/airflow/.local/lib/python3.12/site-packages/airflow/example_dags/example_params_trigger_ui.py took 0.105 seconds
[2024-10-26T18:42:57.297+0000] {processor.py:186} INFO - Started process (PID=9935) to work on /home/airflow/.local/lib/python3.12/site-packages/airflow/example_dags/example_params_trigger_ui.py
[2024-10-26T18:42:57.298+0000] {processor.py:914} INFO - Processing file /home/airflow/.local/lib/python3.12/site-packages/airflow/example_dags/example_params_trigger_ui.py for tasks to queue
[2024-10-26T18:42:57.300+0000] {logging_mixin.py:190} INFO - [2024-10-26T18:42:57.300+0000] {dagbag.py:588} INFO - Filling up the DagBag from /home/airflow/.local/lib/python3.12/site-packages/airflow/example_dags/example_params_trigger_ui.py
[2024-10-26T18:42:57.315+0000] {processor.py:925} INFO - DAG(s) 'example_params_trigger_ui' retrieved from /home/airflow/.local/lib/python3.12/site-packages/airflow/example_dags/example_params_trigger_ui.py
[2024-10-26T18:42:57.355+0000] {logging_mixin.py:190} INFO - [2024-10-26T18:42:57.355+0000] {dag.py:3239} INFO - Sync 1 DAGs
[2024-10-26T18:42:57.368+0000] {logging_mixin.py:190} INFO - [2024-10-26T18:42:57.367+0000] {dag.py:4180} INFO - Setting next_dagrun for example_params_trigger_ui to None, run_after=None
[2024-10-26T18:42:57.389+0000] {processor.py:208} INFO - Processing /home/airflow/.local/lib/python3.12/site-packages/airflow/example_dags/example_params_trigger_ui.py took 0.098 seconds
[2024-10-26T18:43:30.741+0000] {processor.py:186} INFO - Started process (PID=9999) to work on /home/airflow/.local/lib/python3.12/site-packages/airflow/example_dags/example_params_trigger_ui.py
[2024-10-26T18:43:30.742+0000] {processor.py:914} INFO - Processing file /home/airflow/.local/lib/python3.12/site-packages/airflow/example_dags/example_params_trigger_ui.py for tasks to queue
[2024-10-26T18:43:30.744+0000] {logging_mixin.py:190} INFO - [2024-10-26T18:43:30.744+0000] {dagbag.py:588} INFO - Filling up the DagBag from /home/airflow/.local/lib/python3.12/site-packages/airflow/example_dags/example_params_trigger_ui.py
[2024-10-26T18:43:30.754+0000] {processor.py:925} INFO - DAG(s) 'example_params_trigger_ui' retrieved from /home/airflow/.local/lib/python3.12/site-packages/airflow/example_dags/example_params_trigger_ui.py
[2024-10-26T18:43:30.797+0000] {logging_mixin.py:190} INFO - [2024-10-26T18:43:30.796+0000] {dag.py:3239} INFO - Sync 1 DAGs
[2024-10-26T18:43:30.810+0000] {logging_mixin.py:190} INFO - [2024-10-26T18:43:30.809+0000] {dag.py:4180} INFO - Setting next_dagrun for example_params_trigger_ui to None, run_after=None
[2024-10-26T18:43:30.829+0000] {processor.py:208} INFO - Processing /home/airflow/.local/lib/python3.12/site-packages/airflow/example_dags/example_params_trigger_ui.py took 0.094 seconds
[2024-10-26T18:44:02.667+0000] {processor.py:186} INFO - Started process (PID=10063) to work on /home/airflow/.local/lib/python3.12/site-packages/airflow/example_dags/example_params_trigger_ui.py
[2024-10-26T18:44:02.668+0000] {processor.py:914} INFO - Processing file /home/airflow/.local/lib/python3.12/site-packages/airflow/example_dags/example_params_trigger_ui.py for tasks to queue
[2024-10-26T18:44:02.671+0000] {logging_mixin.py:190} INFO - [2024-10-26T18:44:02.670+0000] {dagbag.py:588} INFO - Filling up the DagBag from /home/airflow/.local/lib/python3.12/site-packages/airflow/example_dags/example_params_trigger_ui.py
[2024-10-26T18:44:02.682+0000] {processor.py:925} INFO - DAG(s) 'example_params_trigger_ui' retrieved from /home/airflow/.local/lib/python3.12/site-packages/airflow/example_dags/example_params_trigger_ui.py
[2024-10-26T18:44:02.728+0000] {logging_mixin.py:190} INFO - [2024-10-26T18:44:02.728+0000] {dag.py:3239} INFO - Sync 1 DAGs
[2024-10-26T18:44:02.741+0000] {logging_mixin.py:190} INFO - [2024-10-26T18:44:02.741+0000] {dag.py:4180} INFO - Setting next_dagrun for example_params_trigger_ui to None, run_after=None
[2024-10-26T18:44:02.762+0000] {processor.py:208} INFO - Processing /home/airflow/.local/lib/python3.12/site-packages/airflow/example_dags/example_params_trigger_ui.py took 0.101 seconds
[2024-10-26T18:44:35.492+0000] {processor.py:186} INFO - Started process (PID=10127) to work on /home/airflow/.local/lib/python3.12/site-packages/airflow/example_dags/example_params_trigger_ui.py
[2024-10-26T18:44:35.493+0000] {processor.py:914} INFO - Processing file /home/airflow/.local/lib/python3.12/site-packages/airflow/example_dags/example_params_trigger_ui.py for tasks to queue
[2024-10-26T18:44:35.495+0000] {logging_mixin.py:190} INFO - [2024-10-26T18:44:35.495+0000] {dagbag.py:588} INFO - Filling up the DagBag from /home/airflow/.local/lib/python3.12/site-packages/airflow/example_dags/example_params_trigger_ui.py
[2024-10-26T18:44:35.506+0000] {processor.py:925} INFO - DAG(s) 'example_params_trigger_ui' retrieved from /home/airflow/.local/lib/python3.12/site-packages/airflow/example_dags/example_params_trigger_ui.py
[2024-10-26T18:44:35.585+0000] {logging_mixin.py:190} INFO - [2024-10-26T18:44:35.585+0000] {dag.py:3239} INFO - Sync 1 DAGs
[2024-10-26T18:44:35.601+0000] {logging_mixin.py:190} INFO - [2024-10-26T18:44:35.601+0000] {dag.py:4180} INFO - Setting next_dagrun for example_params_trigger_ui to None, run_after=None
[2024-10-26T18:44:35.629+0000] {processor.py:208} INFO - Processing /home/airflow/.local/lib/python3.12/site-packages/airflow/example_dags/example_params_trigger_ui.py took 0.142 seconds
[2024-10-26T18:45:08.569+0000] {processor.py:186} INFO - Started process (PID=10191) to work on /home/airflow/.local/lib/python3.12/site-packages/airflow/example_dags/example_params_trigger_ui.py
[2024-10-26T18:45:08.570+0000] {processor.py:914} INFO - Processing file /home/airflow/.local/lib/python3.12/site-packages/airflow/example_dags/example_params_trigger_ui.py for tasks to queue
[2024-10-26T18:45:08.572+0000] {logging_mixin.py:190} INFO - [2024-10-26T18:45:08.572+0000] {dagbag.py:588} INFO - Filling up the DagBag from /home/airflow/.local/lib/python3.12/site-packages/airflow/example_dags/example_params_trigger_ui.py
[2024-10-26T18:45:08.582+0000] {processor.py:925} INFO - DAG(s) 'example_params_trigger_ui' retrieved from /home/airflow/.local/lib/python3.12/site-packages/airflow/example_dags/example_params_trigger_ui.py
[2024-10-26T18:45:08.626+0000] {logging_mixin.py:190} INFO - [2024-10-26T18:45:08.626+0000] {dag.py:3239} INFO - Sync 1 DAGs
[2024-10-26T18:45:08.641+0000] {logging_mixin.py:190} INFO - [2024-10-26T18:45:08.640+0000] {dag.py:4180} INFO - Setting next_dagrun for example_params_trigger_ui to None, run_after=None
[2024-10-26T18:45:08.663+0000] {processor.py:208} INFO - Processing /home/airflow/.local/lib/python3.12/site-packages/airflow/example_dags/example_params_trigger_ui.py took 0.099 seconds
[2024-10-26T18:45:41.540+0000] {processor.py:186} INFO - Started process (PID=10255) to work on /home/airflow/.local/lib/python3.12/site-packages/airflow/example_dags/example_params_trigger_ui.py
[2024-10-26T18:45:41.541+0000] {processor.py:914} INFO - Processing file /home/airflow/.local/lib/python3.12/site-packages/airflow/example_dags/example_params_trigger_ui.py for tasks to queue
[2024-10-26T18:45:41.544+0000] {logging_mixin.py:190} INFO - [2024-10-26T18:45:41.543+0000] {dagbag.py:588} INFO - Filling up the DagBag from /home/airflow/.local/lib/python3.12/site-packages/airflow/example_dags/example_params_trigger_ui.py
[2024-10-26T18:45:41.554+0000] {processor.py:925} INFO - DAG(s) 'example_params_trigger_ui' retrieved from /home/airflow/.local/lib/python3.12/site-packages/airflow/example_dags/example_params_trigger_ui.py
[2024-10-26T18:45:41.596+0000] {logging_mixin.py:190} INFO - [2024-10-26T18:45:41.595+0000] {dag.py:3239} INFO - Sync 1 DAGs
[2024-10-26T18:45:41.608+0000] {logging_mixin.py:190} INFO - [2024-10-26T18:45:41.608+0000] {dag.py:4180} INFO - Setting next_dagrun for example_params_trigger_ui to None, run_after=None
[2024-10-26T18:45:41.627+0000] {processor.py:208} INFO - Processing /home/airflow/.local/lib/python3.12/site-packages/airflow/example_dags/example_params_trigger_ui.py took 0.093 seconds
[2024-10-26T18:46:14.294+0000] {processor.py:186} INFO - Started process (PID=10319) to work on /home/airflow/.local/lib/python3.12/site-packages/airflow/example_dags/example_params_trigger_ui.py
[2024-10-26T18:46:14.295+0000] {processor.py:914} INFO - Processing file /home/airflow/.local/lib/python3.12/site-packages/airflow/example_dags/example_params_trigger_ui.py for tasks to queue
[2024-10-26T18:46:14.297+0000] {logging_mixin.py:190} INFO - [2024-10-26T18:46:14.296+0000] {dagbag.py:588} INFO - Filling up the DagBag from /home/airflow/.local/lib/python3.12/site-packages/airflow/example_dags/example_params_trigger_ui.py
[2024-10-26T18:46:14.306+0000] {processor.py:925} INFO - DAG(s) 'example_params_trigger_ui' retrieved from /home/airflow/.local/lib/python3.12/site-packages/airflow/example_dags/example_params_trigger_ui.py
[2024-10-26T18:46:14.345+0000] {logging_mixin.py:190} INFO - [2024-10-26T18:46:14.345+0000] {dag.py:3239} INFO - Sync 1 DAGs
[2024-10-26T18:46:14.358+0000] {logging_mixin.py:190} INFO - [2024-10-26T18:46:14.357+0000] {dag.py:4180} INFO - Setting next_dagrun for example_params_trigger_ui to None, run_after=None
[2024-10-26T18:46:14.379+0000] {processor.py:208} INFO - Processing /home/airflow/.local/lib/python3.12/site-packages/airflow/example_dags/example_params_trigger_ui.py took 0.090 seconds
[2024-10-26T18:46:46.933+0000] {processor.py:186} INFO - Started process (PID=10383) to work on /home/airflow/.local/lib/python3.12/site-packages/airflow/example_dags/example_params_trigger_ui.py
[2024-10-26T18:46:46.935+0000] {processor.py:914} INFO - Processing file /home/airflow/.local/lib/python3.12/site-packages/airflow/example_dags/example_params_trigger_ui.py for tasks to queue
[2024-10-26T18:46:46.937+0000] {logging_mixin.py:190} INFO - [2024-10-26T18:46:46.937+0000] {dagbag.py:588} INFO - Filling up the DagBag from /home/airflow/.local/lib/python3.12/site-packages/airflow/example_dags/example_params_trigger_ui.py
[2024-10-26T18:46:46.947+0000] {processor.py:925} INFO - DAG(s) 'example_params_trigger_ui' retrieved from /home/airflow/.local/lib/python3.12/site-packages/airflow/example_dags/example_params_trigger_ui.py
[2024-10-26T18:46:46.984+0000] {logging_mixin.py:190} INFO - [2024-10-26T18:46:46.984+0000] {dag.py:3239} INFO - Sync 1 DAGs
[2024-10-26T18:46:46.996+0000] {logging_mixin.py:190} INFO - [2024-10-26T18:46:46.996+0000] {dag.py:4180} INFO - Setting next_dagrun for example_params_trigger_ui to None, run_after=None
[2024-10-26T18:46:47.015+0000] {processor.py:208} INFO - Processing /home/airflow/.local/lib/python3.12/site-packages/airflow/example_dags/example_params_trigger_ui.py took 0.086 seconds
[2024-10-26T18:47:19.396+0000] {processor.py:186} INFO - Started process (PID=10448) to work on /home/airflow/.local/lib/python3.12/site-packages/airflow/example_dags/example_params_trigger_ui.py
[2024-10-26T18:47:19.397+0000] {processor.py:914} INFO - Processing file /home/airflow/.local/lib/python3.12/site-packages/airflow/example_dags/example_params_trigger_ui.py for tasks to queue
[2024-10-26T18:47:19.399+0000] {logging_mixin.py:190} INFO - [2024-10-26T18:47:19.399+0000] {dagbag.py:588} INFO - Filling up the DagBag from /home/airflow/.local/lib/python3.12/site-packages/airflow/example_dags/example_params_trigger_ui.py
[2024-10-26T18:47:19.409+0000] {processor.py:925} INFO - DAG(s) 'example_params_trigger_ui' retrieved from /home/airflow/.local/lib/python3.12/site-packages/airflow/example_dags/example_params_trigger_ui.py
[2024-10-26T18:47:19.448+0000] {logging_mixin.py:190} INFO - [2024-10-26T18:47:19.448+0000] {dag.py:3239} INFO - Sync 1 DAGs
[2024-10-26T18:47:19.460+0000] {logging_mixin.py:190} INFO - [2024-10-26T18:47:19.460+0000] {dag.py:4180} INFO - Setting next_dagrun for example_params_trigger_ui to None, run_after=None
[2024-10-26T18:47:19.478+0000] {processor.py:208} INFO - Processing /home/airflow/.local/lib/python3.12/site-packages/airflow/example_dags/example_params_trigger_ui.py took 0.087 seconds
[2024-10-26T18:47:51.881+0000] {processor.py:186} INFO - Started process (PID=10512) to work on /home/airflow/.local/lib/python3.12/site-packages/airflow/example_dags/example_params_trigger_ui.py
[2024-10-26T18:47:51.883+0000] {processor.py:914} INFO - Processing file /home/airflow/.local/lib/python3.12/site-packages/airflow/example_dags/example_params_trigger_ui.py for tasks to queue
[2024-10-26T18:47:51.885+0000] {logging_mixin.py:190} INFO - [2024-10-26T18:47:51.885+0000] {dagbag.py:588} INFO - Filling up the DagBag from /home/airflow/.local/lib/python3.12/site-packages/airflow/example_dags/example_params_trigger_ui.py
[2024-10-26T18:47:51.896+0000] {processor.py:925} INFO - DAG(s) 'example_params_trigger_ui' retrieved from /home/airflow/.local/lib/python3.12/site-packages/airflow/example_dags/example_params_trigger_ui.py
[2024-10-26T18:47:51.935+0000] {logging_mixin.py:190} INFO - [2024-10-26T18:47:51.935+0000] {dag.py:3239} INFO - Sync 1 DAGs
[2024-10-26T18:47:51.948+0000] {logging_mixin.py:190} INFO - [2024-10-26T18:47:51.948+0000] {dag.py:4180} INFO - Setting next_dagrun for example_params_trigger_ui to None, run_after=None
[2024-10-26T18:47:51.967+0000] {processor.py:208} INFO - Processing /home/airflow/.local/lib/python3.12/site-packages/airflow/example_dags/example_params_trigger_ui.py took 0.091 seconds
[2024-10-26T18:48:24.480+0000] {processor.py:186} INFO - Started process (PID=10577) to work on /home/airflow/.local/lib/python3.12/site-packages/airflow/example_dags/example_params_trigger_ui.py
[2024-10-26T18:48:24.481+0000] {processor.py:914} INFO - Processing file /home/airflow/.local/lib/python3.12/site-packages/airflow/example_dags/example_params_trigger_ui.py for tasks to queue
[2024-10-26T18:48:24.483+0000] {logging_mixin.py:190} INFO - [2024-10-26T18:48:24.483+0000] {dagbag.py:588} INFO - Filling up the DagBag from /home/airflow/.local/lib/python3.12/site-packages/airflow/example_dags/example_params_trigger_ui.py
[2024-10-26T18:48:24.493+0000] {processor.py:925} INFO - DAG(s) 'example_params_trigger_ui' retrieved from /home/airflow/.local/lib/python3.12/site-packages/airflow/example_dags/example_params_trigger_ui.py
[2024-10-26T18:48:24.541+0000] {logging_mixin.py:190} INFO - [2024-10-26T18:48:24.540+0000] {dag.py:3239} INFO - Sync 1 DAGs
[2024-10-26T18:48:24.555+0000] {logging_mixin.py:190} INFO - [2024-10-26T18:48:24.554+0000] {dag.py:4180} INFO - Setting next_dagrun for example_params_trigger_ui to None, run_after=None
[2024-10-26T18:48:24.575+0000] {processor.py:208} INFO - Processing /home/airflow/.local/lib/python3.12/site-packages/airflow/example_dags/example_params_trigger_ui.py took 0.101 seconds
[2024-10-26T18:48:57.132+0000] {processor.py:186} INFO - Started process (PID=10641) to work on /home/airflow/.local/lib/python3.12/site-packages/airflow/example_dags/example_params_trigger_ui.py
[2024-10-26T18:48:57.133+0000] {processor.py:914} INFO - Processing file /home/airflow/.local/lib/python3.12/site-packages/airflow/example_dags/example_params_trigger_ui.py for tasks to queue
[2024-10-26T18:48:57.135+0000] {logging_mixin.py:190} INFO - [2024-10-26T18:48:57.135+0000] {dagbag.py:588} INFO - Filling up the DagBag from /home/airflow/.local/lib/python3.12/site-packages/airflow/example_dags/example_params_trigger_ui.py
[2024-10-26T18:48:57.146+0000] {processor.py:925} INFO - DAG(s) 'example_params_trigger_ui' retrieved from /home/airflow/.local/lib/python3.12/site-packages/airflow/example_dags/example_params_trigger_ui.py
[2024-10-26T18:48:57.184+0000] {logging_mixin.py:190} INFO - [2024-10-26T18:48:57.184+0000] {dag.py:3239} INFO - Sync 1 DAGs
[2024-10-26T18:48:57.197+0000] {logging_mixin.py:190} INFO - [2024-10-26T18:48:57.196+0000] {dag.py:4180} INFO - Setting next_dagrun for example_params_trigger_ui to None, run_after=None
[2024-10-26T18:48:57.217+0000] {processor.py:208} INFO - Processing /home/airflow/.local/lib/python3.12/site-packages/airflow/example_dags/example_params_trigger_ui.py took 0.090 seconds
[2024-10-26T18:49:29.902+0000] {processor.py:186} INFO - Started process (PID=10705) to work on /home/airflow/.local/lib/python3.12/site-packages/airflow/example_dags/example_params_trigger_ui.py
[2024-10-26T18:49:29.903+0000] {processor.py:914} INFO - Processing file /home/airflow/.local/lib/python3.12/site-packages/airflow/example_dags/example_params_trigger_ui.py for tasks to queue
[2024-10-26T18:49:29.905+0000] {logging_mixin.py:190} INFO - [2024-10-26T18:49:29.904+0000] {dagbag.py:588} INFO - Filling up the DagBag from /home/airflow/.local/lib/python3.12/site-packages/airflow/example_dags/example_params_trigger_ui.py
[2024-10-26T18:49:29.914+0000] {processor.py:925} INFO - DAG(s) 'example_params_trigger_ui' retrieved from /home/airflow/.local/lib/python3.12/site-packages/airflow/example_dags/example_params_trigger_ui.py
[2024-10-26T18:49:29.953+0000] {logging_mixin.py:190} INFO - [2024-10-26T18:49:29.953+0000] {dag.py:3239} INFO - Sync 1 DAGs
[2024-10-26T18:49:29.965+0000] {logging_mixin.py:190} INFO - [2024-10-26T18:49:29.965+0000] {dag.py:4180} INFO - Setting next_dagrun for example_params_trigger_ui to None, run_after=None
[2024-10-26T18:49:29.982+0000] {processor.py:208} INFO - Processing /home/airflow/.local/lib/python3.12/site-packages/airflow/example_dags/example_params_trigger_ui.py took 0.086 seconds
[2024-10-26T18:50:02.642+0000] {processor.py:186} INFO - Started process (PID=10769) to work on /home/airflow/.local/lib/python3.12/site-packages/airflow/example_dags/example_params_trigger_ui.py
[2024-10-26T18:50:02.643+0000] {processor.py:914} INFO - Processing file /home/airflow/.local/lib/python3.12/site-packages/airflow/example_dags/example_params_trigger_ui.py for tasks to queue
[2024-10-26T18:50:02.647+0000] {logging_mixin.py:190} INFO - [2024-10-26T18:50:02.646+0000] {dagbag.py:588} INFO - Filling up the DagBag from /home/airflow/.local/lib/python3.12/site-packages/airflow/example_dags/example_params_trigger_ui.py
[2024-10-26T18:50:02.661+0000] {processor.py:925} INFO - DAG(s) 'example_params_trigger_ui' retrieved from /home/airflow/.local/lib/python3.12/site-packages/airflow/example_dags/example_params_trigger_ui.py
[2024-10-26T18:50:02.713+0000] {logging_mixin.py:190} INFO - [2024-10-26T18:50:02.713+0000] {dag.py:3239} INFO - Sync 1 DAGs
[2024-10-26T18:50:02.727+0000] {logging_mixin.py:190} INFO - [2024-10-26T18:50:02.727+0000] {dag.py:4180} INFO - Setting next_dagrun for example_params_trigger_ui to None, run_after=None
[2024-10-26T18:50:02.766+0000] {processor.py:208} INFO - Processing /home/airflow/.local/lib/python3.12/site-packages/airflow/example_dags/example_params_trigger_ui.py took 0.130 seconds
[2024-10-26T18:50:36.247+0000] {processor.py:186} INFO - Started process (PID=10833) to work on /home/airflow/.local/lib/python3.12/site-packages/airflow/example_dags/example_params_trigger_ui.py
[2024-10-26T18:50:36.248+0000] {processor.py:914} INFO - Processing file /home/airflow/.local/lib/python3.12/site-packages/airflow/example_dags/example_params_trigger_ui.py for tasks to queue
[2024-10-26T18:50:36.250+0000] {logging_mixin.py:190} INFO - [2024-10-26T18:50:36.249+0000] {dagbag.py:588} INFO - Filling up the DagBag from /home/airflow/.local/lib/python3.12/site-packages/airflow/example_dags/example_params_trigger_ui.py
[2024-10-26T18:50:36.263+0000] {processor.py:925} INFO - DAG(s) 'example_params_trigger_ui' retrieved from /home/airflow/.local/lib/python3.12/site-packages/airflow/example_dags/example_params_trigger_ui.py
[2024-10-26T18:50:36.308+0000] {logging_mixin.py:190} INFO - [2024-10-26T18:50:36.307+0000] {dag.py:3239} INFO - Sync 1 DAGs
[2024-10-26T18:50:36.325+0000] {logging_mixin.py:190} INFO - [2024-10-26T18:50:36.325+0000] {dag.py:4180} INFO - Setting next_dagrun for example_params_trigger_ui to None, run_after=None
[2024-10-26T18:50:36.347+0000] {processor.py:208} INFO - Processing /home/airflow/.local/lib/python3.12/site-packages/airflow/example_dags/example_params_trigger_ui.py took 0.106 seconds
[2024-10-26T18:51:08.480+0000] {processor.py:186} INFO - Started process (PID=10897) to work on /home/airflow/.local/lib/python3.12/site-packages/airflow/example_dags/example_params_trigger_ui.py
[2024-10-26T18:51:08.481+0000] {processor.py:914} INFO - Processing file /home/airflow/.local/lib/python3.12/site-packages/airflow/example_dags/example_params_trigger_ui.py for tasks to queue
[2024-10-26T18:51:08.485+0000] {logging_mixin.py:190} INFO - [2024-10-26T18:51:08.484+0000] {dagbag.py:588} INFO - Filling up the DagBag from /home/airflow/.local/lib/python3.12/site-packages/airflow/example_dags/example_params_trigger_ui.py
[2024-10-26T18:51:08.496+0000] {processor.py:925} INFO - DAG(s) 'example_params_trigger_ui' retrieved from /home/airflow/.local/lib/python3.12/site-packages/airflow/example_dags/example_params_trigger_ui.py
[2024-10-26T18:51:08.532+0000] {logging_mixin.py:190} INFO - [2024-10-26T18:51:08.531+0000] {dag.py:3239} INFO - Sync 1 DAGs
[2024-10-26T18:51:08.544+0000] {logging_mixin.py:190} INFO - [2024-10-26T18:51:08.543+0000] {dag.py:4180} INFO - Setting next_dagrun for example_params_trigger_ui to None, run_after=None
[2024-10-26T18:51:08.562+0000] {processor.py:208} INFO - Processing /home/airflow/.local/lib/python3.12/site-packages/airflow/example_dags/example_params_trigger_ui.py took 0.089 seconds
[2024-10-26T18:51:41.413+0000] {processor.py:186} INFO - Started process (PID=10961) to work on /home/airflow/.local/lib/python3.12/site-packages/airflow/example_dags/example_params_trigger_ui.py
[2024-10-26T18:51:41.414+0000] {processor.py:914} INFO - Processing file /home/airflow/.local/lib/python3.12/site-packages/airflow/example_dags/example_params_trigger_ui.py for tasks to queue
[2024-10-26T18:51:41.416+0000] {logging_mixin.py:190} INFO - [2024-10-26T18:51:41.416+0000] {dagbag.py:588} INFO - Filling up the DagBag from /home/airflow/.local/lib/python3.12/site-packages/airflow/example_dags/example_params_trigger_ui.py
[2024-10-26T18:51:41.426+0000] {processor.py:925} INFO - DAG(s) 'example_params_trigger_ui' retrieved from /home/airflow/.local/lib/python3.12/site-packages/airflow/example_dags/example_params_trigger_ui.py
[2024-10-26T18:51:41.465+0000] {logging_mixin.py:190} INFO - [2024-10-26T18:51:41.465+0000] {dag.py:3239} INFO - Sync 1 DAGs
[2024-10-26T18:51:41.478+0000] {logging_mixin.py:190} INFO - [2024-10-26T18:51:41.478+0000] {dag.py:4180} INFO - Setting next_dagrun for example_params_trigger_ui to None, run_after=None
[2024-10-26T18:51:41.499+0000] {processor.py:208} INFO - Processing /home/airflow/.local/lib/python3.12/site-packages/airflow/example_dags/example_params_trigger_ui.py took 0.091 seconds
[2024-10-26T18:52:14.188+0000] {processor.py:186} INFO - Started process (PID=11025) to work on /home/airflow/.local/lib/python3.12/site-packages/airflow/example_dags/example_params_trigger_ui.py
[2024-10-26T18:52:14.189+0000] {processor.py:914} INFO - Processing file /home/airflow/.local/lib/python3.12/site-packages/airflow/example_dags/example_params_trigger_ui.py for tasks to queue
[2024-10-26T18:52:14.191+0000] {logging_mixin.py:190} INFO - [2024-10-26T18:52:14.190+0000] {dagbag.py:588} INFO - Filling up the DagBag from /home/airflow/.local/lib/python3.12/site-packages/airflow/example_dags/example_params_trigger_ui.py
[2024-10-26T18:52:14.201+0000] {processor.py:925} INFO - DAG(s) 'example_params_trigger_ui' retrieved from /home/airflow/.local/lib/python3.12/site-packages/airflow/example_dags/example_params_trigger_ui.py
[2024-10-26T18:52:14.245+0000] {logging_mixin.py:190} INFO - [2024-10-26T18:52:14.245+0000] {dag.py:3239} INFO - Sync 1 DAGs
[2024-10-26T18:52:14.257+0000] {logging_mixin.py:190} INFO - [2024-10-26T18:52:14.257+0000] {dag.py:4180} INFO - Setting next_dagrun for example_params_trigger_ui to None, run_after=None
[2024-10-26T18:52:14.275+0000] {processor.py:208} INFO - Processing /home/airflow/.local/lib/python3.12/site-packages/airflow/example_dags/example_params_trigger_ui.py took 0.093 seconds
[2024-10-26T18:52:46.890+0000] {processor.py:186} INFO - Started process (PID=11089) to work on /home/airflow/.local/lib/python3.12/site-packages/airflow/example_dags/example_params_trigger_ui.py
[2024-10-26T18:52:46.891+0000] {processor.py:914} INFO - Processing file /home/airflow/.local/lib/python3.12/site-packages/airflow/example_dags/example_params_trigger_ui.py for tasks to queue
[2024-10-26T18:52:46.893+0000] {logging_mixin.py:190} INFO - [2024-10-26T18:52:46.893+0000] {dagbag.py:588} INFO - Filling up the DagBag from /home/airflow/.local/lib/python3.12/site-packages/airflow/example_dags/example_params_trigger_ui.py
[2024-10-26T18:52:46.903+0000] {processor.py:925} INFO - DAG(s) 'example_params_trigger_ui' retrieved from /home/airflow/.local/lib/python3.12/site-packages/airflow/example_dags/example_params_trigger_ui.py
[2024-10-26T18:52:46.943+0000] {logging_mixin.py:190} INFO - [2024-10-26T18:52:46.943+0000] {dag.py:3239} INFO - Sync 1 DAGs
[2024-10-26T18:52:46.955+0000] {logging_mixin.py:190} INFO - [2024-10-26T18:52:46.955+0000] {dag.py:4180} INFO - Setting next_dagrun for example_params_trigger_ui to None, run_after=None
[2024-10-26T18:52:46.973+0000] {processor.py:208} INFO - Processing /home/airflow/.local/lib/python3.12/site-packages/airflow/example_dags/example_params_trigger_ui.py took 0.089 seconds
[2024-10-26T18:53:19.482+0000] {processor.py:186} INFO - Started process (PID=11153) to work on /home/airflow/.local/lib/python3.12/site-packages/airflow/example_dags/example_params_trigger_ui.py
[2024-10-26T18:53:19.484+0000] {processor.py:914} INFO - Processing file /home/airflow/.local/lib/python3.12/site-packages/airflow/example_dags/example_params_trigger_ui.py for tasks to queue
[2024-10-26T18:53:19.486+0000] {logging_mixin.py:190} INFO - [2024-10-26T18:53:19.486+0000] {dagbag.py:588} INFO - Filling up the DagBag from /home/airflow/.local/lib/python3.12/site-packages/airflow/example_dags/example_params_trigger_ui.py
[2024-10-26T18:53:19.496+0000] {processor.py:925} INFO - DAG(s) 'example_params_trigger_ui' retrieved from /home/airflow/.local/lib/python3.12/site-packages/airflow/example_dags/example_params_trigger_ui.py
[2024-10-26T18:53:19.535+0000] {logging_mixin.py:190} INFO - [2024-10-26T18:53:19.535+0000] {dag.py:3239} INFO - Sync 1 DAGs
[2024-10-26T18:53:19.548+0000] {logging_mixin.py:190} INFO - [2024-10-26T18:53:19.548+0000] {dag.py:4180} INFO - Setting next_dagrun for example_params_trigger_ui to None, run_after=None
[2024-10-26T18:53:19.568+0000] {processor.py:208} INFO - Processing /home/airflow/.local/lib/python3.12/site-packages/airflow/example_dags/example_params_trigger_ui.py took 0.090 seconds
[2024-10-26T18:53:52.353+0000] {processor.py:186} INFO - Started process (PID=11217) to work on /home/airflow/.local/lib/python3.12/site-packages/airflow/example_dags/example_params_trigger_ui.py
[2024-10-26T18:53:52.354+0000] {processor.py:914} INFO - Processing file /home/airflow/.local/lib/python3.12/site-packages/airflow/example_dags/example_params_trigger_ui.py for tasks to queue
[2024-10-26T18:53:52.356+0000] {logging_mixin.py:190} INFO - [2024-10-26T18:53:52.356+0000] {dagbag.py:588} INFO - Filling up the DagBag from /home/airflow/.local/lib/python3.12/site-packages/airflow/example_dags/example_params_trigger_ui.py
[2024-10-26T18:53:52.366+0000] {processor.py:925} INFO - DAG(s) 'example_params_trigger_ui' retrieved from /home/airflow/.local/lib/python3.12/site-packages/airflow/example_dags/example_params_trigger_ui.py
[2024-10-26T18:53:52.404+0000] {logging_mixin.py:190} INFO - [2024-10-26T18:53:52.403+0000] {dag.py:3239} INFO - Sync 1 DAGs
[2024-10-26T18:53:52.417+0000] {logging_mixin.py:190} INFO - [2024-10-26T18:53:52.417+0000] {dag.py:4180} INFO - Setting next_dagrun for example_params_trigger_ui to None, run_after=None
[2024-10-26T18:53:52.437+0000] {processor.py:208} INFO - Processing /home/airflow/.local/lib/python3.12/site-packages/airflow/example_dags/example_params_trigger_ui.py took 0.089 seconds
[2024-10-26T18:54:25.175+0000] {processor.py:186} INFO - Started process (PID=11281) to work on /home/airflow/.local/lib/python3.12/site-packages/airflow/example_dags/example_params_trigger_ui.py
[2024-10-26T18:54:25.176+0000] {processor.py:914} INFO - Processing file /home/airflow/.local/lib/python3.12/site-packages/airflow/example_dags/example_params_trigger_ui.py for tasks to queue
[2024-10-26T18:54:25.178+0000] {logging_mixin.py:190} INFO - [2024-10-26T18:54:25.178+0000] {dagbag.py:588} INFO - Filling up the DagBag from /home/airflow/.local/lib/python3.12/site-packages/airflow/example_dags/example_params_trigger_ui.py
[2024-10-26T18:54:25.188+0000] {processor.py:925} INFO - DAG(s) 'example_params_trigger_ui' retrieved from /home/airflow/.local/lib/python3.12/site-packages/airflow/example_dags/example_params_trigger_ui.py
[2024-10-26T18:54:25.230+0000] {logging_mixin.py:190} INFO - [2024-10-26T18:54:25.230+0000] {dag.py:3239} INFO - Sync 1 DAGs
[2024-10-26T18:54:25.244+0000] {logging_mixin.py:190} INFO - [2024-10-26T18:54:25.244+0000] {dag.py:4180} INFO - Setting next_dagrun for example_params_trigger_ui to None, run_after=None
[2024-10-26T18:54:25.261+0000] {processor.py:208} INFO - Processing /home/airflow/.local/lib/python3.12/site-packages/airflow/example_dags/example_params_trigger_ui.py took 0.091 seconds
[2024-10-26T18:54:57.820+0000] {processor.py:186} INFO - Started process (PID=11345) to work on /home/airflow/.local/lib/python3.12/site-packages/airflow/example_dags/example_params_trigger_ui.py
[2024-10-26T18:54:57.821+0000] {processor.py:914} INFO - Processing file /home/airflow/.local/lib/python3.12/site-packages/airflow/example_dags/example_params_trigger_ui.py for tasks to queue
[2024-10-26T18:54:57.823+0000] {logging_mixin.py:190} INFO - [2024-10-26T18:54:57.823+0000] {dagbag.py:588} INFO - Filling up the DagBag from /home/airflow/.local/lib/python3.12/site-packages/airflow/example_dags/example_params_trigger_ui.py
[2024-10-26T18:54:57.834+0000] {processor.py:925} INFO - DAG(s) 'example_params_trigger_ui' retrieved from /home/airflow/.local/lib/python3.12/site-packages/airflow/example_dags/example_params_trigger_ui.py
[2024-10-26T18:54:57.873+0000] {logging_mixin.py:190} INFO - [2024-10-26T18:54:57.873+0000] {dag.py:3239} INFO - Sync 1 DAGs
[2024-10-26T18:54:57.885+0000] {logging_mixin.py:190} INFO - [2024-10-26T18:54:57.885+0000] {dag.py:4180} INFO - Setting next_dagrun for example_params_trigger_ui to None, run_after=None
[2024-10-26T18:54:57.903+0000] {processor.py:208} INFO - Processing /home/airflow/.local/lib/python3.12/site-packages/airflow/example_dags/example_params_trigger_ui.py took 0.088 seconds
[2024-10-26T18:55:30.652+0000] {processor.py:186} INFO - Started process (PID=11409) to work on /home/airflow/.local/lib/python3.12/site-packages/airflow/example_dags/example_params_trigger_ui.py
[2024-10-26T18:55:30.653+0000] {processor.py:914} INFO - Processing file /home/airflow/.local/lib/python3.12/site-packages/airflow/example_dags/example_params_trigger_ui.py for tasks to queue
[2024-10-26T18:55:30.656+0000] {logging_mixin.py:190} INFO - [2024-10-26T18:55:30.656+0000] {dagbag.py:588} INFO - Filling up the DagBag from /home/airflow/.local/lib/python3.12/site-packages/airflow/example_dags/example_params_trigger_ui.py
[2024-10-26T18:55:30.672+0000] {processor.py:925} INFO - DAG(s) 'example_params_trigger_ui' retrieved from /home/airflow/.local/lib/python3.12/site-packages/airflow/example_dags/example_params_trigger_ui.py
[2024-10-26T18:55:30.731+0000] {logging_mixin.py:190} INFO - [2024-10-26T18:55:30.731+0000] {dag.py:3239} INFO - Sync 1 DAGs
[2024-10-26T18:55:30.747+0000] {logging_mixin.py:190} INFO - [2024-10-26T18:55:30.747+0000] {dag.py:4180} INFO - Setting next_dagrun for example_params_trigger_ui to None, run_after=None
[2024-10-26T18:55:30.768+0000] {processor.py:208} INFO - Processing /home/airflow/.local/lib/python3.12/site-packages/airflow/example_dags/example_params_trigger_ui.py took 0.123 seconds
[2024-10-26T18:56:03.348+0000] {processor.py:186} INFO - Started process (PID=11474) to work on /home/airflow/.local/lib/python3.12/site-packages/airflow/example_dags/example_params_trigger_ui.py
[2024-10-26T18:56:03.349+0000] {processor.py:914} INFO - Processing file /home/airflow/.local/lib/python3.12/site-packages/airflow/example_dags/example_params_trigger_ui.py for tasks to queue
[2024-10-26T18:56:03.351+0000] {logging_mixin.py:190} INFO - [2024-10-26T18:56:03.350+0000] {dagbag.py:588} INFO - Filling up the DagBag from /home/airflow/.local/lib/python3.12/site-packages/airflow/example_dags/example_params_trigger_ui.py
[2024-10-26T18:56:03.360+0000] {processor.py:925} INFO - DAG(s) 'example_params_trigger_ui' retrieved from /home/airflow/.local/lib/python3.12/site-packages/airflow/example_dags/example_params_trigger_ui.py
[2024-10-26T18:56:03.406+0000] {logging_mixin.py:190} INFO - [2024-10-26T18:56:03.406+0000] {dag.py:3239} INFO - Sync 1 DAGs
[2024-10-26T18:56:03.420+0000] {logging_mixin.py:190} INFO - [2024-10-26T18:56:03.420+0000] {dag.py:4180} INFO - Setting next_dagrun for example_params_trigger_ui to None, run_after=None
[2024-10-26T18:56:03.441+0000] {processor.py:208} INFO - Processing /home/airflow/.local/lib/python3.12/site-packages/airflow/example_dags/example_params_trigger_ui.py took 0.098 seconds
[2024-10-26T18:56:35.927+0000] {processor.py:186} INFO - Started process (PID=11538) to work on /home/airflow/.local/lib/python3.12/site-packages/airflow/example_dags/example_params_trigger_ui.py
[2024-10-26T18:56:35.929+0000] {processor.py:914} INFO - Processing file /home/airflow/.local/lib/python3.12/site-packages/airflow/example_dags/example_params_trigger_ui.py for tasks to queue
[2024-10-26T18:56:35.931+0000] {logging_mixin.py:190} INFO - [2024-10-26T18:56:35.931+0000] {dagbag.py:588} INFO - Filling up the DagBag from /home/airflow/.local/lib/python3.12/site-packages/airflow/example_dags/example_params_trigger_ui.py
[2024-10-26T18:56:35.941+0000] {processor.py:925} INFO - DAG(s) 'example_params_trigger_ui' retrieved from /home/airflow/.local/lib/python3.12/site-packages/airflow/example_dags/example_params_trigger_ui.py
[2024-10-26T18:56:35.985+0000] {logging_mixin.py:190} INFO - [2024-10-26T18:56:35.985+0000] {dag.py:3239} INFO - Sync 1 DAGs
[2024-10-26T18:56:36.002+0000] {logging_mixin.py:190} INFO - [2024-10-26T18:56:36.001+0000] {dag.py:4180} INFO - Setting next_dagrun for example_params_trigger_ui to None, run_after=None
[2024-10-26T18:56:36.021+0000] {processor.py:208} INFO - Processing /home/airflow/.local/lib/python3.12/site-packages/airflow/example_dags/example_params_trigger_ui.py took 0.099 seconds
[2024-10-26T18:57:08.907+0000] {processor.py:186} INFO - Started process (PID=11602) to work on /home/airflow/.local/lib/python3.12/site-packages/airflow/example_dags/example_params_trigger_ui.py
[2024-10-26T18:57:08.908+0000] {processor.py:914} INFO - Processing file /home/airflow/.local/lib/python3.12/site-packages/airflow/example_dags/example_params_trigger_ui.py for tasks to queue
[2024-10-26T18:57:08.911+0000] {logging_mixin.py:190} INFO - [2024-10-26T18:57:08.910+0000] {dagbag.py:588} INFO - Filling up the DagBag from /home/airflow/.local/lib/python3.12/site-packages/airflow/example_dags/example_params_trigger_ui.py
[2024-10-26T18:57:08.922+0000] {processor.py:925} INFO - DAG(s) 'example_params_trigger_ui' retrieved from /home/airflow/.local/lib/python3.12/site-packages/airflow/example_dags/example_params_trigger_ui.py
[2024-10-26T18:57:08.968+0000] {logging_mixin.py:190} INFO - [2024-10-26T18:57:08.968+0000] {dag.py:3239} INFO - Sync 1 DAGs
[2024-10-26T18:57:08.980+0000] {logging_mixin.py:190} INFO - [2024-10-26T18:57:08.980+0000] {dag.py:4180} INFO - Setting next_dagrun for example_params_trigger_ui to None, run_after=None
[2024-10-26T18:57:08.997+0000] {processor.py:208} INFO - Processing /home/airflow/.local/lib/python3.12/site-packages/airflow/example_dags/example_params_trigger_ui.py took 0.096 seconds
[2024-10-26T18:57:41.603+0000] {processor.py:186} INFO - Started process (PID=11666) to work on /home/airflow/.local/lib/python3.12/site-packages/airflow/example_dags/example_params_trigger_ui.py
[2024-10-26T18:57:41.604+0000] {processor.py:914} INFO - Processing file /home/airflow/.local/lib/python3.12/site-packages/airflow/example_dags/example_params_trigger_ui.py for tasks to queue
[2024-10-26T18:57:41.607+0000] {logging_mixin.py:190} INFO - [2024-10-26T18:57:41.607+0000] {dagbag.py:588} INFO - Filling up the DagBag from /home/airflow/.local/lib/python3.12/site-packages/airflow/example_dags/example_params_trigger_ui.py
[2024-10-26T18:57:41.617+0000] {processor.py:925} INFO - DAG(s) 'example_params_trigger_ui' retrieved from /home/airflow/.local/lib/python3.12/site-packages/airflow/example_dags/example_params_trigger_ui.py
[2024-10-26T18:57:41.654+0000] {logging_mixin.py:190} INFO - [2024-10-26T18:57:41.654+0000] {dag.py:3239} INFO - Sync 1 DAGs
[2024-10-26T18:57:41.666+0000] {logging_mixin.py:190} INFO - [2024-10-26T18:57:41.666+0000] {dag.py:4180} INFO - Setting next_dagrun for example_params_trigger_ui to None, run_after=None
[2024-10-26T18:57:41.687+0000] {processor.py:208} INFO - Processing /home/airflow/.local/lib/python3.12/site-packages/airflow/example_dags/example_params_trigger_ui.py took 0.090 seconds
[2024-10-26T18:58:14.197+0000] {processor.py:186} INFO - Started process (PID=11730) to work on /home/airflow/.local/lib/python3.12/site-packages/airflow/example_dags/example_params_trigger_ui.py
[2024-10-26T18:58:14.198+0000] {processor.py:914} INFO - Processing file /home/airflow/.local/lib/python3.12/site-packages/airflow/example_dags/example_params_trigger_ui.py for tasks to queue
[2024-10-26T18:58:14.200+0000] {logging_mixin.py:190} INFO - [2024-10-26T18:58:14.200+0000] {dagbag.py:588} INFO - Filling up the DagBag from /home/airflow/.local/lib/python3.12/site-packages/airflow/example_dags/example_params_trigger_ui.py
[2024-10-26T18:58:14.210+0000] {processor.py:925} INFO - DAG(s) 'example_params_trigger_ui' retrieved from /home/airflow/.local/lib/python3.12/site-packages/airflow/example_dags/example_params_trigger_ui.py
[2024-10-26T18:58:14.251+0000] {logging_mixin.py:190} INFO - [2024-10-26T18:58:14.251+0000] {dag.py:3239} INFO - Sync 1 DAGs
[2024-10-26T18:58:14.266+0000] {logging_mixin.py:190} INFO - [2024-10-26T18:58:14.265+0000] {dag.py:4180} INFO - Setting next_dagrun for example_params_trigger_ui to None, run_after=None
[2024-10-26T18:58:14.283+0000] {processor.py:208} INFO - Processing /home/airflow/.local/lib/python3.12/site-packages/airflow/example_dags/example_params_trigger_ui.py took 0.091 seconds
[2024-10-26T18:58:46.798+0000] {processor.py:186} INFO - Started process (PID=11794) to work on /home/airflow/.local/lib/python3.12/site-packages/airflow/example_dags/example_params_trigger_ui.py
[2024-10-26T18:58:46.799+0000] {processor.py:914} INFO - Processing file /home/airflow/.local/lib/python3.12/site-packages/airflow/example_dags/example_params_trigger_ui.py for tasks to queue
[2024-10-26T18:58:46.801+0000] {logging_mixin.py:190} INFO - [2024-10-26T18:58:46.801+0000] {dagbag.py:588} INFO - Filling up the DagBag from /home/airflow/.local/lib/python3.12/site-packages/airflow/example_dags/example_params_trigger_ui.py
[2024-10-26T18:58:46.811+0000] {processor.py:925} INFO - DAG(s) 'example_params_trigger_ui' retrieved from /home/airflow/.local/lib/python3.12/site-packages/airflow/example_dags/example_params_trigger_ui.py
[2024-10-26T18:58:46.848+0000] {logging_mixin.py:190} INFO - [2024-10-26T18:58:46.848+0000] {dag.py:3239} INFO - Sync 1 DAGs
[2024-10-26T18:58:46.861+0000] {logging_mixin.py:190} INFO - [2024-10-26T18:58:46.861+0000] {dag.py:4180} INFO - Setting next_dagrun for example_params_trigger_ui to None, run_after=None
[2024-10-26T18:58:46.881+0000] {processor.py:208} INFO - Processing /home/airflow/.local/lib/python3.12/site-packages/airflow/example_dags/example_params_trigger_ui.py took 0.089 seconds
[2024-10-26T18:59:19.607+0000] {processor.py:186} INFO - Started process (PID=11858) to work on /home/airflow/.local/lib/python3.12/site-packages/airflow/example_dags/example_params_trigger_ui.py
[2024-10-26T18:59:19.609+0000] {processor.py:914} INFO - Processing file /home/airflow/.local/lib/python3.12/site-packages/airflow/example_dags/example_params_trigger_ui.py for tasks to queue
[2024-10-26T18:59:19.611+0000] {logging_mixin.py:190} INFO - [2024-10-26T18:59:19.611+0000] {dagbag.py:588} INFO - Filling up the DagBag from /home/airflow/.local/lib/python3.12/site-packages/airflow/example_dags/example_params_trigger_ui.py
[2024-10-26T18:59:19.622+0000] {processor.py:925} INFO - DAG(s) 'example_params_trigger_ui' retrieved from /home/airflow/.local/lib/python3.12/site-packages/airflow/example_dags/example_params_trigger_ui.py
[2024-10-26T18:59:19.660+0000] {logging_mixin.py:190} INFO - [2024-10-26T18:59:19.660+0000] {dag.py:3239} INFO - Sync 1 DAGs
[2024-10-26T18:59:19.673+0000] {logging_mixin.py:190} INFO - [2024-10-26T18:59:19.673+0000] {dag.py:4180} INFO - Setting next_dagrun for example_params_trigger_ui to None, run_after=None
[2024-10-26T18:59:19.693+0000] {processor.py:208} INFO - Processing /home/airflow/.local/lib/python3.12/site-packages/airflow/example_dags/example_params_trigger_ui.py took 0.091 seconds
[2024-10-26T18:59:52.369+0000] {processor.py:186} INFO - Started process (PID=11922) to work on /home/airflow/.local/lib/python3.12/site-packages/airflow/example_dags/example_params_trigger_ui.py
[2024-10-26T18:59:52.370+0000] {processor.py:914} INFO - Processing file /home/airflow/.local/lib/python3.12/site-packages/airflow/example_dags/example_params_trigger_ui.py for tasks to queue
[2024-10-26T18:59:52.373+0000] {logging_mixin.py:190} INFO - [2024-10-26T18:59:52.373+0000] {dagbag.py:588} INFO - Filling up the DagBag from /home/airflow/.local/lib/python3.12/site-packages/airflow/example_dags/example_params_trigger_ui.py
[2024-10-26T18:59:52.383+0000] {processor.py:925} INFO - DAG(s) 'example_params_trigger_ui' retrieved from /home/airflow/.local/lib/python3.12/site-packages/airflow/example_dags/example_params_trigger_ui.py
[2024-10-26T18:59:52.428+0000] {logging_mixin.py:190} INFO - [2024-10-26T18:59:52.428+0000] {dag.py:3239} INFO - Sync 1 DAGs
[2024-10-26T18:59:52.442+0000] {logging_mixin.py:190} INFO - [2024-10-26T18:59:52.442+0000] {dag.py:4180} INFO - Setting next_dagrun for example_params_trigger_ui to None, run_after=None
[2024-10-26T18:59:52.460+0000] {processor.py:208} INFO - Processing /home/airflow/.local/lib/python3.12/site-packages/airflow/example_dags/example_params_trigger_ui.py took 0.097 seconds
[2024-10-26T19:00:24.889+0000] {processor.py:186} INFO - Started process (PID=11986) to work on /home/airflow/.local/lib/python3.12/site-packages/airflow/example_dags/example_params_trigger_ui.py
[2024-10-26T19:00:24.890+0000] {processor.py:914} INFO - Processing file /home/airflow/.local/lib/python3.12/site-packages/airflow/example_dags/example_params_trigger_ui.py for tasks to queue
[2024-10-26T19:00:24.894+0000] {logging_mixin.py:190} INFO - [2024-10-26T19:00:24.893+0000] {dagbag.py:588} INFO - Filling up the DagBag from /home/airflow/.local/lib/python3.12/site-packages/airflow/example_dags/example_params_trigger_ui.py
[2024-10-26T19:00:24.908+0000] {processor.py:925} INFO - DAG(s) 'example_params_trigger_ui' retrieved from /home/airflow/.local/lib/python3.12/site-packages/airflow/example_dags/example_params_trigger_ui.py
[2024-10-26T19:00:24.957+0000] {logging_mixin.py:190} INFO - [2024-10-26T19:00:24.957+0000] {dag.py:3239} INFO - Sync 1 DAGs
[2024-10-26T19:00:24.971+0000] {logging_mixin.py:190} INFO - [2024-10-26T19:00:24.970+0000] {dag.py:4180} INFO - Setting next_dagrun for example_params_trigger_ui to None, run_after=None
[2024-10-26T19:00:24.988+0000] {processor.py:208} INFO - Processing /home/airflow/.local/lib/python3.12/site-packages/airflow/example_dags/example_params_trigger_ui.py took 0.106 seconds
[2024-10-26T19:00:57.363+0000] {processor.py:186} INFO - Started process (PID=12050) to work on /home/airflow/.local/lib/python3.12/site-packages/airflow/example_dags/example_params_trigger_ui.py
[2024-10-26T19:00:57.364+0000] {processor.py:914} INFO - Processing file /home/airflow/.local/lib/python3.12/site-packages/airflow/example_dags/example_params_trigger_ui.py for tasks to queue
[2024-10-26T19:00:57.367+0000] {logging_mixin.py:190} INFO - [2024-10-26T19:00:57.366+0000] {dagbag.py:588} INFO - Filling up the DagBag from /home/airflow/.local/lib/python3.12/site-packages/airflow/example_dags/example_params_trigger_ui.py
[2024-10-26T19:00:57.378+0000] {processor.py:925} INFO - DAG(s) 'example_params_trigger_ui' retrieved from /home/airflow/.local/lib/python3.12/site-packages/airflow/example_dags/example_params_trigger_ui.py
[2024-10-26T19:00:57.416+0000] {logging_mixin.py:190} INFO - [2024-10-26T19:00:57.416+0000] {dag.py:3239} INFO - Sync 1 DAGs
[2024-10-26T19:00:57.429+0000] {logging_mixin.py:190} INFO - [2024-10-26T19:00:57.428+0000] {dag.py:4180} INFO - Setting next_dagrun for example_params_trigger_ui to None, run_after=None
[2024-10-26T19:00:57.447+0000] {processor.py:208} INFO - Processing /home/airflow/.local/lib/python3.12/site-packages/airflow/example_dags/example_params_trigger_ui.py took 0.090 seconds
[2024-10-26T19:01:30.022+0000] {processor.py:186} INFO - Started process (PID=12114) to work on /home/airflow/.local/lib/python3.12/site-packages/airflow/example_dags/example_params_trigger_ui.py
[2024-10-26T19:01:30.024+0000] {processor.py:914} INFO - Processing file /home/airflow/.local/lib/python3.12/site-packages/airflow/example_dags/example_params_trigger_ui.py for tasks to queue
[2024-10-26T19:01:30.026+0000] {logging_mixin.py:190} INFO - [2024-10-26T19:01:30.026+0000] {dagbag.py:588} INFO - Filling up the DagBag from /home/airflow/.local/lib/python3.12/site-packages/airflow/example_dags/example_params_trigger_ui.py
[2024-10-26T19:01:30.035+0000] {processor.py:925} INFO - DAG(s) 'example_params_trigger_ui' retrieved from /home/airflow/.local/lib/python3.12/site-packages/airflow/example_dags/example_params_trigger_ui.py
[2024-10-26T19:01:30.073+0000] {logging_mixin.py:190} INFO - [2024-10-26T19:01:30.072+0000] {dag.py:3239} INFO - Sync 1 DAGs
[2024-10-26T19:01:30.086+0000] {logging_mixin.py:190} INFO - [2024-10-26T19:01:30.085+0000] {dag.py:4180} INFO - Setting next_dagrun for example_params_trigger_ui to None, run_after=None
[2024-10-26T19:01:30.107+0000] {processor.py:208} INFO - Processing /home/airflow/.local/lib/python3.12/site-packages/airflow/example_dags/example_params_trigger_ui.py took 0.089 seconds
[2024-10-26T19:02:02.589+0000] {processor.py:186} INFO - Started process (PID=12178) to work on /home/airflow/.local/lib/python3.12/site-packages/airflow/example_dags/example_params_trigger_ui.py
[2024-10-26T19:02:02.590+0000] {processor.py:914} INFO - Processing file /home/airflow/.local/lib/python3.12/site-packages/airflow/example_dags/example_params_trigger_ui.py for tasks to queue
[2024-10-26T19:02:02.593+0000] {logging_mixin.py:190} INFO - [2024-10-26T19:02:02.593+0000] {dagbag.py:588} INFO - Filling up the DagBag from /home/airflow/.local/lib/python3.12/site-packages/airflow/example_dags/example_params_trigger_ui.py
[2024-10-26T19:02:02.603+0000] {processor.py:925} INFO - DAG(s) 'example_params_trigger_ui' retrieved from /home/airflow/.local/lib/python3.12/site-packages/airflow/example_dags/example_params_trigger_ui.py
[2024-10-26T19:02:02.641+0000] {logging_mixin.py:190} INFO - [2024-10-26T19:02:02.641+0000] {dag.py:3239} INFO - Sync 1 DAGs
[2024-10-26T19:02:02.653+0000] {logging_mixin.py:190} INFO - [2024-10-26T19:02:02.653+0000] {dag.py:4180} INFO - Setting next_dagrun for example_params_trigger_ui to None, run_after=None
[2024-10-26T19:02:02.673+0000] {processor.py:208} INFO - Processing /home/airflow/.local/lib/python3.12/site-packages/airflow/example_dags/example_params_trigger_ui.py took 0.089 seconds
[2024-10-26T19:02:36.236+0000] {processor.py:186} INFO - Started process (PID=12242) to work on /home/airflow/.local/lib/python3.12/site-packages/airflow/example_dags/example_params_trigger_ui.py
[2024-10-26T19:02:36.237+0000] {processor.py:914} INFO - Processing file /home/airflow/.local/lib/python3.12/site-packages/airflow/example_dags/example_params_trigger_ui.py for tasks to queue
[2024-10-26T19:02:36.240+0000] {logging_mixin.py:190} INFO - [2024-10-26T19:02:36.239+0000] {dagbag.py:588} INFO - Filling up the DagBag from /home/airflow/.local/lib/python3.12/site-packages/airflow/example_dags/example_params_trigger_ui.py
[2024-10-26T19:02:36.250+0000] {processor.py:925} INFO - DAG(s) 'example_params_trigger_ui' retrieved from /home/airflow/.local/lib/python3.12/site-packages/airflow/example_dags/example_params_trigger_ui.py
[2024-10-26T19:02:36.291+0000] {logging_mixin.py:190} INFO - [2024-10-26T19:02:36.290+0000] {dag.py:3239} INFO - Sync 1 DAGs
[2024-10-26T19:02:36.309+0000] {logging_mixin.py:190} INFO - [2024-10-26T19:02:36.309+0000] {dag.py:4180} INFO - Setting next_dagrun for example_params_trigger_ui to None, run_after=None
[2024-10-26T19:02:36.333+0000] {processor.py:208} INFO - Processing /home/airflow/.local/lib/python3.12/site-packages/airflow/example_dags/example_params_trigger_ui.py took 0.103 seconds
[2024-10-26T19:03:08.876+0000] {processor.py:186} INFO - Started process (PID=12306) to work on /home/airflow/.local/lib/python3.12/site-packages/airflow/example_dags/example_params_trigger_ui.py
[2024-10-26T19:03:08.877+0000] {processor.py:914} INFO - Processing file /home/airflow/.local/lib/python3.12/site-packages/airflow/example_dags/example_params_trigger_ui.py for tasks to queue
[2024-10-26T19:03:08.880+0000] {logging_mixin.py:190} INFO - [2024-10-26T19:03:08.879+0000] {dagbag.py:588} INFO - Filling up the DagBag from /home/airflow/.local/lib/python3.12/site-packages/airflow/example_dags/example_params_trigger_ui.py
[2024-10-26T19:03:08.891+0000] {processor.py:925} INFO - DAG(s) 'example_params_trigger_ui' retrieved from /home/airflow/.local/lib/python3.12/site-packages/airflow/example_dags/example_params_trigger_ui.py
[2024-10-26T19:03:08.927+0000] {logging_mixin.py:190} INFO - [2024-10-26T19:03:08.927+0000] {dag.py:3239} INFO - Sync 1 DAGs
[2024-10-26T19:03:08.939+0000] {logging_mixin.py:190} INFO - [2024-10-26T19:03:08.938+0000] {dag.py:4180} INFO - Setting next_dagrun for example_params_trigger_ui to None, run_after=None
[2024-10-26T19:03:08.957+0000] {processor.py:208} INFO - Processing /home/airflow/.local/lib/python3.12/site-packages/airflow/example_dags/example_params_trigger_ui.py took 0.086 seconds
[2024-10-26T19:03:41.596+0000] {processor.py:186} INFO - Started process (PID=12370) to work on /home/airflow/.local/lib/python3.12/site-packages/airflow/example_dags/example_params_trigger_ui.py
[2024-10-26T19:03:41.598+0000] {processor.py:914} INFO - Processing file /home/airflow/.local/lib/python3.12/site-packages/airflow/example_dags/example_params_trigger_ui.py for tasks to queue
[2024-10-26T19:03:41.600+0000] {logging_mixin.py:190} INFO - [2024-10-26T19:03:41.600+0000] {dagbag.py:588} INFO - Filling up the DagBag from /home/airflow/.local/lib/python3.12/site-packages/airflow/example_dags/example_params_trigger_ui.py
[2024-10-26T19:03:41.612+0000] {processor.py:925} INFO - DAG(s) 'example_params_trigger_ui' retrieved from /home/airflow/.local/lib/python3.12/site-packages/airflow/example_dags/example_params_trigger_ui.py
[2024-10-26T19:03:41.654+0000] {logging_mixin.py:190} INFO - [2024-10-26T19:03:41.653+0000] {dag.py:3239} INFO - Sync 1 DAGs
[2024-10-26T19:03:41.668+0000] {logging_mixin.py:190} INFO - [2024-10-26T19:03:41.668+0000] {dag.py:4180} INFO - Setting next_dagrun for example_params_trigger_ui to None, run_after=None
[2024-10-26T19:03:41.689+0000] {processor.py:208} INFO - Processing /home/airflow/.local/lib/python3.12/site-packages/airflow/example_dags/example_params_trigger_ui.py took 0.098 seconds
[2024-10-26T19:04:14.342+0000] {processor.py:186} INFO - Started process (PID=12434) to work on /home/airflow/.local/lib/python3.12/site-packages/airflow/example_dags/example_params_trigger_ui.py
[2024-10-26T19:04:14.343+0000] {processor.py:914} INFO - Processing file /home/airflow/.local/lib/python3.12/site-packages/airflow/example_dags/example_params_trigger_ui.py for tasks to queue
[2024-10-26T19:04:14.346+0000] {logging_mixin.py:190} INFO - [2024-10-26T19:04:14.345+0000] {dagbag.py:588} INFO - Filling up the DagBag from /home/airflow/.local/lib/python3.12/site-packages/airflow/example_dags/example_params_trigger_ui.py
[2024-10-26T19:04:14.355+0000] {processor.py:925} INFO - DAG(s) 'example_params_trigger_ui' retrieved from /home/airflow/.local/lib/python3.12/site-packages/airflow/example_dags/example_params_trigger_ui.py
[2024-10-26T19:04:14.394+0000] {logging_mixin.py:190} INFO - [2024-10-26T19:04:14.393+0000] {dag.py:3239} INFO - Sync 1 DAGs
[2024-10-26T19:04:14.407+0000] {logging_mixin.py:190} INFO - [2024-10-26T19:04:14.407+0000] {dag.py:4180} INFO - Setting next_dagrun for example_params_trigger_ui to None, run_after=None
[2024-10-26T19:04:14.427+0000] {processor.py:208} INFO - Processing /home/airflow/.local/lib/python3.12/site-packages/airflow/example_dags/example_params_trigger_ui.py took 0.089 seconds
[2024-10-26T19:04:46.331+0000] {processor.py:186} INFO - Started process (PID=12498) to work on /home/airflow/.local/lib/python3.12/site-packages/airflow/example_dags/example_params_trigger_ui.py
[2024-10-26T19:04:46.332+0000] {processor.py:914} INFO - Processing file /home/airflow/.local/lib/python3.12/site-packages/airflow/example_dags/example_params_trigger_ui.py for tasks to queue
[2024-10-26T19:04:46.334+0000] {logging_mixin.py:190} INFO - [2024-10-26T19:04:46.334+0000] {dagbag.py:588} INFO - Filling up the DagBag from /home/airflow/.local/lib/python3.12/site-packages/airflow/example_dags/example_params_trigger_ui.py
[2024-10-26T19:04:46.344+0000] {processor.py:925} INFO - DAG(s) 'example_params_trigger_ui' retrieved from /home/airflow/.local/lib/python3.12/site-packages/airflow/example_dags/example_params_trigger_ui.py
[2024-10-26T19:04:46.381+0000] {logging_mixin.py:190} INFO - [2024-10-26T19:04:46.381+0000] {dag.py:3239} INFO - Sync 1 DAGs
[2024-10-26T19:04:46.396+0000] {logging_mixin.py:190} INFO - [2024-10-26T19:04:46.395+0000] {dag.py:4180} INFO - Setting next_dagrun for example_params_trigger_ui to None, run_after=None
[2024-10-26T19:04:46.415+0000] {processor.py:208} INFO - Processing /home/airflow/.local/lib/python3.12/site-packages/airflow/example_dags/example_params_trigger_ui.py took 0.089 seconds
[2024-10-26T19:05:19.942+0000] {processor.py:186} INFO - Started process (PID=12562) to work on /home/airflow/.local/lib/python3.12/site-packages/airflow/example_dags/example_params_trigger_ui.py
[2024-10-26T19:05:19.943+0000] {processor.py:914} INFO - Processing file /home/airflow/.local/lib/python3.12/site-packages/airflow/example_dags/example_params_trigger_ui.py for tasks to queue
[2024-10-26T19:05:19.945+0000] {logging_mixin.py:190} INFO - [2024-10-26T19:05:19.945+0000] {dagbag.py:588} INFO - Filling up the DagBag from /home/airflow/.local/lib/python3.12/site-packages/airflow/example_dags/example_params_trigger_ui.py
[2024-10-26T19:05:19.956+0000] {processor.py:925} INFO - DAG(s) 'example_params_trigger_ui' retrieved from /home/airflow/.local/lib/python3.12/site-packages/airflow/example_dags/example_params_trigger_ui.py
[2024-10-26T19:05:19.994+0000] {logging_mixin.py:190} INFO - [2024-10-26T19:05:19.994+0000] {dag.py:3239} INFO - Sync 1 DAGs
[2024-10-26T19:05:20.007+0000] {logging_mixin.py:190} INFO - [2024-10-26T19:05:20.006+0000] {dag.py:4180} INFO - Setting next_dagrun for example_params_trigger_ui to None, run_after=None
[2024-10-26T19:05:20.026+0000] {processor.py:208} INFO - Processing /home/airflow/.local/lib/python3.12/site-packages/airflow/example_dags/example_params_trigger_ui.py took 0.090 seconds
[2024-10-26T19:05:52.744+0000] {processor.py:186} INFO - Started process (PID=12626) to work on /home/airflow/.local/lib/python3.12/site-packages/airflow/example_dags/example_params_trigger_ui.py
[2024-10-26T19:05:52.745+0000] {processor.py:914} INFO - Processing file /home/airflow/.local/lib/python3.12/site-packages/airflow/example_dags/example_params_trigger_ui.py for tasks to queue
[2024-10-26T19:05:52.748+0000] {logging_mixin.py:190} INFO - [2024-10-26T19:05:52.747+0000] {dagbag.py:588} INFO - Filling up the DagBag from /home/airflow/.local/lib/python3.12/site-packages/airflow/example_dags/example_params_trigger_ui.py
[2024-10-26T19:05:52.758+0000] {processor.py:925} INFO - DAG(s) 'example_params_trigger_ui' retrieved from /home/airflow/.local/lib/python3.12/site-packages/airflow/example_dags/example_params_trigger_ui.py
[2024-10-26T19:05:52.797+0000] {logging_mixin.py:190} INFO - [2024-10-26T19:05:52.797+0000] {dag.py:3239} INFO - Sync 1 DAGs
[2024-10-26T19:05:52.811+0000] {logging_mixin.py:190} INFO - [2024-10-26T19:05:52.810+0000] {dag.py:4180} INFO - Setting next_dagrun for example_params_trigger_ui to None, run_after=None
[2024-10-26T19:05:52.830+0000] {processor.py:208} INFO - Processing /home/airflow/.local/lib/python3.12/site-packages/airflow/example_dags/example_params_trigger_ui.py took 0.092 seconds
[2024-10-26T19:06:25.265+0000] {processor.py:186} INFO - Started process (PID=12690) to work on /home/airflow/.local/lib/python3.12/site-packages/airflow/example_dags/example_params_trigger_ui.py
[2024-10-26T19:06:25.266+0000] {processor.py:914} INFO - Processing file /home/airflow/.local/lib/python3.12/site-packages/airflow/example_dags/example_params_trigger_ui.py for tasks to queue
[2024-10-26T19:06:25.268+0000] {logging_mixin.py:190} INFO - [2024-10-26T19:06:25.268+0000] {dagbag.py:588} INFO - Filling up the DagBag from /home/airflow/.local/lib/python3.12/site-packages/airflow/example_dags/example_params_trigger_ui.py
[2024-10-26T19:06:25.280+0000] {processor.py:925} INFO - DAG(s) 'example_params_trigger_ui' retrieved from /home/airflow/.local/lib/python3.12/site-packages/airflow/example_dags/example_params_trigger_ui.py
[2024-10-26T19:06:25.317+0000] {logging_mixin.py:190} INFO - [2024-10-26T19:06:25.316+0000] {dag.py:3239} INFO - Sync 1 DAGs
[2024-10-26T19:06:25.329+0000] {logging_mixin.py:190} INFO - [2024-10-26T19:06:25.329+0000] {dag.py:4180} INFO - Setting next_dagrun for example_params_trigger_ui to None, run_after=None
[2024-10-26T19:06:25.350+0000] {processor.py:208} INFO - Processing /home/airflow/.local/lib/python3.12/site-packages/airflow/example_dags/example_params_trigger_ui.py took 0.090 seconds
[2024-10-26T19:06:57.762+0000] {processor.py:186} INFO - Started process (PID=12754) to work on /home/airflow/.local/lib/python3.12/site-packages/airflow/example_dags/example_params_trigger_ui.py
[2024-10-26T19:06:57.763+0000] {processor.py:914} INFO - Processing file /home/airflow/.local/lib/python3.12/site-packages/airflow/example_dags/example_params_trigger_ui.py for tasks to queue
[2024-10-26T19:06:57.765+0000] {logging_mixin.py:190} INFO - [2024-10-26T19:06:57.765+0000] {dagbag.py:588} INFO - Filling up the DagBag from /home/airflow/.local/lib/python3.12/site-packages/airflow/example_dags/example_params_trigger_ui.py
[2024-10-26T19:06:57.774+0000] {processor.py:925} INFO - DAG(s) 'example_params_trigger_ui' retrieved from /home/airflow/.local/lib/python3.12/site-packages/airflow/example_dags/example_params_trigger_ui.py
[2024-10-26T19:06:57.811+0000] {logging_mixin.py:190} INFO - [2024-10-26T19:06:57.811+0000] {dag.py:3239} INFO - Sync 1 DAGs
[2024-10-26T19:06:57.825+0000] {logging_mixin.py:190} INFO - [2024-10-26T19:06:57.824+0000] {dag.py:4180} INFO - Setting next_dagrun for example_params_trigger_ui to None, run_after=None
[2024-10-26T19:06:57.845+0000] {processor.py:208} INFO - Processing /home/airflow/.local/lib/python3.12/site-packages/airflow/example_dags/example_params_trigger_ui.py took 0.088 seconds
[2024-10-26T19:07:30.313+0000] {processor.py:186} INFO - Started process (PID=12818) to work on /home/airflow/.local/lib/python3.12/site-packages/airflow/example_dags/example_params_trigger_ui.py
[2024-10-26T19:07:30.314+0000] {processor.py:914} INFO - Processing file /home/airflow/.local/lib/python3.12/site-packages/airflow/example_dags/example_params_trigger_ui.py for tasks to queue
[2024-10-26T19:07:30.316+0000] {logging_mixin.py:190} INFO - [2024-10-26T19:07:30.316+0000] {dagbag.py:588} INFO - Filling up the DagBag from /home/airflow/.local/lib/python3.12/site-packages/airflow/example_dags/example_params_trigger_ui.py
[2024-10-26T19:07:30.325+0000] {processor.py:925} INFO - DAG(s) 'example_params_trigger_ui' retrieved from /home/airflow/.local/lib/python3.12/site-packages/airflow/example_dags/example_params_trigger_ui.py
[2024-10-26T19:07:30.366+0000] {logging_mixin.py:190} INFO - [2024-10-26T19:07:30.365+0000] {dag.py:3239} INFO - Sync 1 DAGs
[2024-10-26T19:07:30.378+0000] {logging_mixin.py:190} INFO - [2024-10-26T19:07:30.378+0000] {dag.py:4180} INFO - Setting next_dagrun for example_params_trigger_ui to None, run_after=None
[2024-10-26T19:07:30.398+0000] {processor.py:208} INFO - Processing /home/airflow/.local/lib/python3.12/site-packages/airflow/example_dags/example_params_trigger_ui.py took 0.091 seconds
[2024-10-26T19:08:03.076+0000] {processor.py:186} INFO - Started process (PID=12882) to work on /home/airflow/.local/lib/python3.12/site-packages/airflow/example_dags/example_params_trigger_ui.py
[2024-10-26T19:08:03.077+0000] {processor.py:914} INFO - Processing file /home/airflow/.local/lib/python3.12/site-packages/airflow/example_dags/example_params_trigger_ui.py for tasks to queue
[2024-10-26T19:08:03.079+0000] {logging_mixin.py:190} INFO - [2024-10-26T19:08:03.079+0000] {dagbag.py:588} INFO - Filling up the DagBag from /home/airflow/.local/lib/python3.12/site-packages/airflow/example_dags/example_params_trigger_ui.py
[2024-10-26T19:08:03.090+0000] {processor.py:925} INFO - DAG(s) 'example_params_trigger_ui' retrieved from /home/airflow/.local/lib/python3.12/site-packages/airflow/example_dags/example_params_trigger_ui.py
[2024-10-26T19:08:03.128+0000] {logging_mixin.py:190} INFO - [2024-10-26T19:08:03.128+0000] {dag.py:3239} INFO - Sync 1 DAGs
[2024-10-26T19:08:03.140+0000] {logging_mixin.py:190} INFO - [2024-10-26T19:08:03.140+0000] {dag.py:4180} INFO - Setting next_dagrun for example_params_trigger_ui to None, run_after=None
[2024-10-26T19:08:03.160+0000] {processor.py:208} INFO - Processing /home/airflow/.local/lib/python3.12/site-packages/airflow/example_dags/example_params_trigger_ui.py took 0.090 seconds
[2024-10-26T19:08:35.707+0000] {processor.py:186} INFO - Started process (PID=12946) to work on /home/airflow/.local/lib/python3.12/site-packages/airflow/example_dags/example_params_trigger_ui.py
[2024-10-26T19:08:35.708+0000] {processor.py:914} INFO - Processing file /home/airflow/.local/lib/python3.12/site-packages/airflow/example_dags/example_params_trigger_ui.py for tasks to queue
[2024-10-26T19:08:35.710+0000] {logging_mixin.py:190} INFO - [2024-10-26T19:08:35.710+0000] {dagbag.py:588} INFO - Filling up the DagBag from /home/airflow/.local/lib/python3.12/site-packages/airflow/example_dags/example_params_trigger_ui.py
[2024-10-26T19:08:35.720+0000] {processor.py:925} INFO - DAG(s) 'example_params_trigger_ui' retrieved from /home/airflow/.local/lib/python3.12/site-packages/airflow/example_dags/example_params_trigger_ui.py
[2024-10-26T19:08:35.762+0000] {logging_mixin.py:190} INFO - [2024-10-26T19:08:35.761+0000] {dag.py:3239} INFO - Sync 1 DAGs
[2024-10-26T19:08:35.774+0000] {logging_mixin.py:190} INFO - [2024-10-26T19:08:35.774+0000] {dag.py:4180} INFO - Setting next_dagrun for example_params_trigger_ui to None, run_after=None
[2024-10-26T19:08:35.795+0000] {processor.py:208} INFO - Processing /home/airflow/.local/lib/python3.12/site-packages/airflow/example_dags/example_params_trigger_ui.py took 0.093 seconds
[2024-10-26T19:09:08.361+0000] {processor.py:186} INFO - Started process (PID=13010) to work on /home/airflow/.local/lib/python3.12/site-packages/airflow/example_dags/example_params_trigger_ui.py
[2024-10-26T19:09:08.362+0000] {processor.py:914} INFO - Processing file /home/airflow/.local/lib/python3.12/site-packages/airflow/example_dags/example_params_trigger_ui.py for tasks to queue
[2024-10-26T19:09:08.365+0000] {logging_mixin.py:190} INFO - [2024-10-26T19:09:08.364+0000] {dagbag.py:588} INFO - Filling up the DagBag from /home/airflow/.local/lib/python3.12/site-packages/airflow/example_dags/example_params_trigger_ui.py
[2024-10-26T19:09:08.375+0000] {processor.py:925} INFO - DAG(s) 'example_params_trigger_ui' retrieved from /home/airflow/.local/lib/python3.12/site-packages/airflow/example_dags/example_params_trigger_ui.py
[2024-10-26T19:09:08.413+0000] {logging_mixin.py:190} INFO - [2024-10-26T19:09:08.412+0000] {dag.py:3239} INFO - Sync 1 DAGs
[2024-10-26T19:09:08.425+0000] {logging_mixin.py:190} INFO - [2024-10-26T19:09:08.425+0000] {dag.py:4180} INFO - Setting next_dagrun for example_params_trigger_ui to None, run_after=None
[2024-10-26T19:09:08.446+0000] {processor.py:208} INFO - Processing /home/airflow/.local/lib/python3.12/site-packages/airflow/example_dags/example_params_trigger_ui.py took 0.090 seconds
[2024-10-26T19:09:41.188+0000] {processor.py:186} INFO - Started process (PID=13074) to work on /home/airflow/.local/lib/python3.12/site-packages/airflow/example_dags/example_params_trigger_ui.py
[2024-10-26T19:09:41.190+0000] {processor.py:914} INFO - Processing file /home/airflow/.local/lib/python3.12/site-packages/airflow/example_dags/example_params_trigger_ui.py for tasks to queue
[2024-10-26T19:09:41.192+0000] {logging_mixin.py:190} INFO - [2024-10-26T19:09:41.192+0000] {dagbag.py:588} INFO - Filling up the DagBag from /home/airflow/.local/lib/python3.12/site-packages/airflow/example_dags/example_params_trigger_ui.py
[2024-10-26T19:09:41.203+0000] {processor.py:925} INFO - DAG(s) 'example_params_trigger_ui' retrieved from /home/airflow/.local/lib/python3.12/site-packages/airflow/example_dags/example_params_trigger_ui.py
[2024-10-26T19:09:41.238+0000] {logging_mixin.py:190} INFO - [2024-10-26T19:09:41.238+0000] {dag.py:3239} INFO - Sync 1 DAGs
[2024-10-26T19:09:41.250+0000] {logging_mixin.py:190} INFO - [2024-10-26T19:09:41.250+0000] {dag.py:4180} INFO - Setting next_dagrun for example_params_trigger_ui to None, run_after=None
[2024-10-26T19:09:41.271+0000] {processor.py:208} INFO - Processing /home/airflow/.local/lib/python3.12/site-packages/airflow/example_dags/example_params_trigger_ui.py took 0.087 seconds
[2024-10-26T19:10:14.010+0000] {processor.py:186} INFO - Started process (PID=13138) to work on /home/airflow/.local/lib/python3.12/site-packages/airflow/example_dags/example_params_trigger_ui.py
[2024-10-26T19:10:14.011+0000] {processor.py:914} INFO - Processing file /home/airflow/.local/lib/python3.12/site-packages/airflow/example_dags/example_params_trigger_ui.py for tasks to queue
[2024-10-26T19:10:14.013+0000] {logging_mixin.py:190} INFO - [2024-10-26T19:10:14.013+0000] {dagbag.py:588} INFO - Filling up the DagBag from /home/airflow/.local/lib/python3.12/site-packages/airflow/example_dags/example_params_trigger_ui.py
[2024-10-26T19:10:14.022+0000] {processor.py:925} INFO - DAG(s) 'example_params_trigger_ui' retrieved from /home/airflow/.local/lib/python3.12/site-packages/airflow/example_dags/example_params_trigger_ui.py
[2024-10-26T19:10:14.059+0000] {logging_mixin.py:190} INFO - [2024-10-26T19:10:14.058+0000] {dag.py:3239} INFO - Sync 1 DAGs
[2024-10-26T19:10:14.072+0000] {logging_mixin.py:190} INFO - [2024-10-26T19:10:14.071+0000] {dag.py:4180} INFO - Setting next_dagrun for example_params_trigger_ui to None, run_after=None
[2024-10-26T19:10:14.092+0000] {processor.py:208} INFO - Processing /home/airflow/.local/lib/python3.12/site-packages/airflow/example_dags/example_params_trigger_ui.py took 0.088 seconds
[2024-10-26T19:10:46.563+0000] {processor.py:186} INFO - Started process (PID=13202) to work on /home/airflow/.local/lib/python3.12/site-packages/airflow/example_dags/example_params_trigger_ui.py
[2024-10-26T19:10:46.564+0000] {processor.py:914} INFO - Processing file /home/airflow/.local/lib/python3.12/site-packages/airflow/example_dags/example_params_trigger_ui.py for tasks to queue
[2024-10-26T19:10:46.567+0000] {logging_mixin.py:190} INFO - [2024-10-26T19:10:46.567+0000] {dagbag.py:588} INFO - Filling up the DagBag from /home/airflow/.local/lib/python3.12/site-packages/airflow/example_dags/example_params_trigger_ui.py
[2024-10-26T19:10:46.577+0000] {processor.py:925} INFO - DAG(s) 'example_params_trigger_ui' retrieved from /home/airflow/.local/lib/python3.12/site-packages/airflow/example_dags/example_params_trigger_ui.py
[2024-10-26T19:10:46.614+0000] {logging_mixin.py:190} INFO - [2024-10-26T19:10:46.614+0000] {dag.py:3239} INFO - Sync 1 DAGs
[2024-10-26T19:10:46.627+0000] {logging_mixin.py:190} INFO - [2024-10-26T19:10:46.627+0000] {dag.py:4180} INFO - Setting next_dagrun for example_params_trigger_ui to None, run_after=None
[2024-10-26T19:10:46.647+0000] {processor.py:208} INFO - Processing /home/airflow/.local/lib/python3.12/site-packages/airflow/example_dags/example_params_trigger_ui.py took 0.089 seconds
[2024-10-26T19:11:19.163+0000] {processor.py:186} INFO - Started process (PID=13266) to work on /home/airflow/.local/lib/python3.12/site-packages/airflow/example_dags/example_params_trigger_ui.py
[2024-10-26T19:11:19.164+0000] {processor.py:914} INFO - Processing file /home/airflow/.local/lib/python3.12/site-packages/airflow/example_dags/example_params_trigger_ui.py for tasks to queue
[2024-10-26T19:11:19.167+0000] {logging_mixin.py:190} INFO - [2024-10-26T19:11:19.166+0000] {dagbag.py:588} INFO - Filling up the DagBag from /home/airflow/.local/lib/python3.12/site-packages/airflow/example_dags/example_params_trigger_ui.py
[2024-10-26T19:11:19.180+0000] {processor.py:925} INFO - DAG(s) 'example_params_trigger_ui' retrieved from /home/airflow/.local/lib/python3.12/site-packages/airflow/example_dags/example_params_trigger_ui.py
[2024-10-26T19:11:19.222+0000] {logging_mixin.py:190} INFO - [2024-10-26T19:11:19.221+0000] {dag.py:3239} INFO - Sync 1 DAGs
[2024-10-26T19:11:19.237+0000] {logging_mixin.py:190} INFO - [2024-10-26T19:11:19.236+0000] {dag.py:4180} INFO - Setting next_dagrun for example_params_trigger_ui to None, run_after=None
[2024-10-26T19:11:19.256+0000] {processor.py:208} INFO - Processing /home/airflow/.local/lib/python3.12/site-packages/airflow/example_dags/example_params_trigger_ui.py took 0.099 seconds
[2024-10-26T19:11:51.788+0000] {processor.py:186} INFO - Started process (PID=13330) to work on /home/airflow/.local/lib/python3.12/site-packages/airflow/example_dags/example_params_trigger_ui.py
[2024-10-26T19:11:51.789+0000] {processor.py:914} INFO - Processing file /home/airflow/.local/lib/python3.12/site-packages/airflow/example_dags/example_params_trigger_ui.py for tasks to queue
[2024-10-26T19:11:51.793+0000] {logging_mixin.py:190} INFO - [2024-10-26T19:11:51.792+0000] {dagbag.py:588} INFO - Filling up the DagBag from /home/airflow/.local/lib/python3.12/site-packages/airflow/example_dags/example_params_trigger_ui.py
[2024-10-26T19:11:51.808+0000] {processor.py:925} INFO - DAG(s) 'example_params_trigger_ui' retrieved from /home/airflow/.local/lib/python3.12/site-packages/airflow/example_dags/example_params_trigger_ui.py
[2024-10-26T19:11:51.859+0000] {logging_mixin.py:190} INFO - [2024-10-26T19:11:51.858+0000] {dag.py:3239} INFO - Sync 1 DAGs
[2024-10-26T19:11:51.876+0000] {logging_mixin.py:190} INFO - [2024-10-26T19:11:51.876+0000] {dag.py:4180} INFO - Setting next_dagrun for example_params_trigger_ui to None, run_after=None
[2024-10-26T19:11:51.901+0000] {processor.py:208} INFO - Processing /home/airflow/.local/lib/python3.12/site-packages/airflow/example_dags/example_params_trigger_ui.py took 0.121 seconds
[2024-10-26T19:12:24.734+0000] {processor.py:186} INFO - Started process (PID=13394) to work on /home/airflow/.local/lib/python3.12/site-packages/airflow/example_dags/example_params_trigger_ui.py
[2024-10-26T19:12:24.735+0000] {processor.py:914} INFO - Processing file /home/airflow/.local/lib/python3.12/site-packages/airflow/example_dags/example_params_trigger_ui.py for tasks to queue
[2024-10-26T19:12:24.737+0000] {logging_mixin.py:190} INFO - [2024-10-26T19:12:24.736+0000] {dagbag.py:588} INFO - Filling up the DagBag from /home/airflow/.local/lib/python3.12/site-packages/airflow/example_dags/example_params_trigger_ui.py
[2024-10-26T19:12:24.746+0000] {processor.py:925} INFO - DAG(s) 'example_params_trigger_ui' retrieved from /home/airflow/.local/lib/python3.12/site-packages/airflow/example_dags/example_params_trigger_ui.py
[2024-10-26T19:12:24.785+0000] {logging_mixin.py:190} INFO - [2024-10-26T19:12:24.784+0000] {dag.py:3239} INFO - Sync 1 DAGs
[2024-10-26T19:12:24.797+0000] {logging_mixin.py:190} INFO - [2024-10-26T19:12:24.797+0000] {dag.py:4180} INFO - Setting next_dagrun for example_params_trigger_ui to None, run_after=None
[2024-10-26T19:12:24.816+0000] {processor.py:208} INFO - Processing /home/airflow/.local/lib/python3.12/site-packages/airflow/example_dags/example_params_trigger_ui.py took 0.087 seconds
[2024-10-26T19:12:57.514+0000] {processor.py:186} INFO - Started process (PID=13458) to work on /home/airflow/.local/lib/python3.12/site-packages/airflow/example_dags/example_params_trigger_ui.py
[2024-10-26T19:12:57.515+0000] {processor.py:914} INFO - Processing file /home/airflow/.local/lib/python3.12/site-packages/airflow/example_dags/example_params_trigger_ui.py for tasks to queue
[2024-10-26T19:12:57.517+0000] {logging_mixin.py:190} INFO - [2024-10-26T19:12:57.517+0000] {dagbag.py:588} INFO - Filling up the DagBag from /home/airflow/.local/lib/python3.12/site-packages/airflow/example_dags/example_params_trigger_ui.py
[2024-10-26T19:12:57.527+0000] {processor.py:925} INFO - DAG(s) 'example_params_trigger_ui' retrieved from /home/airflow/.local/lib/python3.12/site-packages/airflow/example_dags/example_params_trigger_ui.py
[2024-10-26T19:12:57.566+0000] {logging_mixin.py:190} INFO - [2024-10-26T19:12:57.566+0000] {dag.py:3239} INFO - Sync 1 DAGs
[2024-10-26T19:12:57.579+0000] {logging_mixin.py:190} INFO - [2024-10-26T19:12:57.578+0000] {dag.py:4180} INFO - Setting next_dagrun for example_params_trigger_ui to None, run_after=None
[2024-10-26T19:12:57.596+0000] {processor.py:208} INFO - Processing /home/airflow/.local/lib/python3.12/site-packages/airflow/example_dags/example_params_trigger_ui.py took 0.087 seconds
[2024-10-26T19:13:30.041+0000] {processor.py:186} INFO - Started process (PID=13522) to work on /home/airflow/.local/lib/python3.12/site-packages/airflow/example_dags/example_params_trigger_ui.py
[2024-10-26T19:13:30.043+0000] {processor.py:914} INFO - Processing file /home/airflow/.local/lib/python3.12/site-packages/airflow/example_dags/example_params_trigger_ui.py for tasks to queue
[2024-10-26T19:13:30.046+0000] {logging_mixin.py:190} INFO - [2024-10-26T19:13:30.045+0000] {dagbag.py:588} INFO - Filling up the DagBag from /home/airflow/.local/lib/python3.12/site-packages/airflow/example_dags/example_params_trigger_ui.py
[2024-10-26T19:13:30.056+0000] {processor.py:925} INFO - DAG(s) 'example_params_trigger_ui' retrieved from /home/airflow/.local/lib/python3.12/site-packages/airflow/example_dags/example_params_trigger_ui.py
[2024-10-26T19:13:30.096+0000] {logging_mixin.py:190} INFO - [2024-10-26T19:13:30.096+0000] {dag.py:3239} INFO - Sync 1 DAGs
[2024-10-26T19:13:30.108+0000] {logging_mixin.py:190} INFO - [2024-10-26T19:13:30.108+0000] {dag.py:4180} INFO - Setting next_dagrun for example_params_trigger_ui to None, run_after=None
[2024-10-26T19:13:30.128+0000] {processor.py:208} INFO - Processing /home/airflow/.local/lib/python3.12/site-packages/airflow/example_dags/example_params_trigger_ui.py took 0.091 seconds
[2024-10-26T19:14:02.746+0000] {processor.py:186} INFO - Started process (PID=13586) to work on /home/airflow/.local/lib/python3.12/site-packages/airflow/example_dags/example_params_trigger_ui.py
[2024-10-26T19:14:02.747+0000] {processor.py:914} INFO - Processing file /home/airflow/.local/lib/python3.12/site-packages/airflow/example_dags/example_params_trigger_ui.py for tasks to queue
[2024-10-26T19:14:02.749+0000] {logging_mixin.py:190} INFO - [2024-10-26T19:14:02.749+0000] {dagbag.py:588} INFO - Filling up the DagBag from /home/airflow/.local/lib/python3.12/site-packages/airflow/example_dags/example_params_trigger_ui.py
[2024-10-26T19:14:02.759+0000] {processor.py:925} INFO - DAG(s) 'example_params_trigger_ui' retrieved from /home/airflow/.local/lib/python3.12/site-packages/airflow/example_dags/example_params_trigger_ui.py
[2024-10-26T19:14:02.811+0000] {logging_mixin.py:190} INFO - [2024-10-26T19:14:02.811+0000] {dag.py:3239} INFO - Sync 1 DAGs
[2024-10-26T19:14:02.827+0000] {logging_mixin.py:190} INFO - [2024-10-26T19:14:02.827+0000] {dag.py:4180} INFO - Setting next_dagrun for example_params_trigger_ui to None, run_after=None
[2024-10-26T19:14:02.845+0000] {processor.py:208} INFO - Processing /home/airflow/.local/lib/python3.12/site-packages/airflow/example_dags/example_params_trigger_ui.py took 0.104 seconds
[2024-10-26T19:14:35.483+0000] {processor.py:186} INFO - Started process (PID=13650) to work on /home/airflow/.local/lib/python3.12/site-packages/airflow/example_dags/example_params_trigger_ui.py
[2024-10-26T19:14:35.484+0000] {processor.py:914} INFO - Processing file /home/airflow/.local/lib/python3.12/site-packages/airflow/example_dags/example_params_trigger_ui.py for tasks to queue
[2024-10-26T19:14:35.486+0000] {logging_mixin.py:190} INFO - [2024-10-26T19:14:35.486+0000] {dagbag.py:588} INFO - Filling up the DagBag from /home/airflow/.local/lib/python3.12/site-packages/airflow/example_dags/example_params_trigger_ui.py
[2024-10-26T19:14:35.496+0000] {processor.py:925} INFO - DAG(s) 'example_params_trigger_ui' retrieved from /home/airflow/.local/lib/python3.12/site-packages/airflow/example_dags/example_params_trigger_ui.py
[2024-10-26T19:14:35.535+0000] {logging_mixin.py:190} INFO - [2024-10-26T19:14:35.535+0000] {dag.py:3239} INFO - Sync 1 DAGs
[2024-10-26T19:14:35.547+0000] {logging_mixin.py:190} INFO - [2024-10-26T19:14:35.547+0000] {dag.py:4180} INFO - Setting next_dagrun for example_params_trigger_ui to None, run_after=None
[2024-10-26T19:14:35.567+0000] {processor.py:208} INFO - Processing /home/airflow/.local/lib/python3.12/site-packages/airflow/example_dags/example_params_trigger_ui.py took 0.090 seconds
[2024-10-26T19:15:09.221+0000] {processor.py:186} INFO - Started process (PID=13714) to work on /home/airflow/.local/lib/python3.12/site-packages/airflow/example_dags/example_params_trigger_ui.py
[2024-10-26T19:15:09.222+0000] {processor.py:914} INFO - Processing file /home/airflow/.local/lib/python3.12/site-packages/airflow/example_dags/example_params_trigger_ui.py for tasks to queue
[2024-10-26T19:15:09.225+0000] {logging_mixin.py:190} INFO - [2024-10-26T19:15:09.225+0000] {dagbag.py:588} INFO - Filling up the DagBag from /home/airflow/.local/lib/python3.12/site-packages/airflow/example_dags/example_params_trigger_ui.py
[2024-10-26T19:15:09.238+0000] {processor.py:925} INFO - DAG(s) 'example_params_trigger_ui' retrieved from /home/airflow/.local/lib/python3.12/site-packages/airflow/example_dags/example_params_trigger_ui.py
[2024-10-26T19:15:09.284+0000] {logging_mixin.py:190} INFO - [2024-10-26T19:15:09.283+0000] {dag.py:3239} INFO - Sync 1 DAGs
[2024-10-26T19:15:09.297+0000] {logging_mixin.py:190} INFO - [2024-10-26T19:15:09.297+0000] {dag.py:4180} INFO - Setting next_dagrun for example_params_trigger_ui to None, run_after=None
[2024-10-26T19:15:09.319+0000] {processor.py:208} INFO - Processing /home/airflow/.local/lib/python3.12/site-packages/airflow/example_dags/example_params_trigger_ui.py took 0.104 seconds
[2024-10-26T19:15:41.408+0000] {processor.py:186} INFO - Started process (PID=13778) to work on /home/airflow/.local/lib/python3.12/site-packages/airflow/example_dags/example_params_trigger_ui.py
[2024-10-26T19:15:41.409+0000] {processor.py:914} INFO - Processing file /home/airflow/.local/lib/python3.12/site-packages/airflow/example_dags/example_params_trigger_ui.py for tasks to queue
[2024-10-26T19:15:41.412+0000] {logging_mixin.py:190} INFO - [2024-10-26T19:15:41.411+0000] {dagbag.py:588} INFO - Filling up the DagBag from /home/airflow/.local/lib/python3.12/site-packages/airflow/example_dags/example_params_trigger_ui.py
[2024-10-26T19:15:41.423+0000] {processor.py:925} INFO - DAG(s) 'example_params_trigger_ui' retrieved from /home/airflow/.local/lib/python3.12/site-packages/airflow/example_dags/example_params_trigger_ui.py
[2024-10-26T19:15:41.473+0000] {logging_mixin.py:190} INFO - [2024-10-26T19:15:41.473+0000] {dag.py:3239} INFO - Sync 1 DAGs
[2024-10-26T19:15:41.488+0000] {logging_mixin.py:190} INFO - [2024-10-26T19:15:41.487+0000] {dag.py:4180} INFO - Setting next_dagrun for example_params_trigger_ui to None, run_after=None
[2024-10-26T19:15:41.514+0000] {processor.py:208} INFO - Processing /home/airflow/.local/lib/python3.12/site-packages/airflow/example_dags/example_params_trigger_ui.py took 0.112 seconds
[2024-10-26T19:16:14.642+0000] {processor.py:186} INFO - Started process (PID=13842) to work on /home/airflow/.local/lib/python3.12/site-packages/airflow/example_dags/example_params_trigger_ui.py
[2024-10-26T19:16:14.643+0000] {processor.py:914} INFO - Processing file /home/airflow/.local/lib/python3.12/site-packages/airflow/example_dags/example_params_trigger_ui.py for tasks to queue
[2024-10-26T19:16:14.646+0000] {logging_mixin.py:190} INFO - [2024-10-26T19:16:14.645+0000] {dagbag.py:588} INFO - Filling up the DagBag from /home/airflow/.local/lib/python3.12/site-packages/airflow/example_dags/example_params_trigger_ui.py
[2024-10-26T19:16:14.657+0000] {processor.py:925} INFO - DAG(s) 'example_params_trigger_ui' retrieved from /home/airflow/.local/lib/python3.12/site-packages/airflow/example_dags/example_params_trigger_ui.py
[2024-10-26T19:16:14.712+0000] {logging_mixin.py:190} INFO - [2024-10-26T19:16:14.712+0000] {dag.py:3239} INFO - Sync 1 DAGs
[2024-10-26T19:16:14.728+0000] {logging_mixin.py:190} INFO - [2024-10-26T19:16:14.728+0000] {dag.py:4180} INFO - Setting next_dagrun for example_params_trigger_ui to None, run_after=None
[2024-10-26T19:16:14.752+0000] {processor.py:208} INFO - Processing /home/airflow/.local/lib/python3.12/site-packages/airflow/example_dags/example_params_trigger_ui.py took 0.117 seconds
[2024-10-26T19:16:46.651+0000] {processor.py:186} INFO - Started process (PID=13906) to work on /home/airflow/.local/lib/python3.12/site-packages/airflow/example_dags/example_params_trigger_ui.py
[2024-10-26T19:16:46.652+0000] {processor.py:914} INFO - Processing file /home/airflow/.local/lib/python3.12/site-packages/airflow/example_dags/example_params_trigger_ui.py for tasks to queue
[2024-10-26T19:16:46.655+0000] {logging_mixin.py:190} INFO - [2024-10-26T19:16:46.654+0000] {dagbag.py:588} INFO - Filling up the DagBag from /home/airflow/.local/lib/python3.12/site-packages/airflow/example_dags/example_params_trigger_ui.py
[2024-10-26T19:16:46.666+0000] {processor.py:925} INFO - DAG(s) 'example_params_trigger_ui' retrieved from /home/airflow/.local/lib/python3.12/site-packages/airflow/example_dags/example_params_trigger_ui.py
[2024-10-26T19:16:46.712+0000] {logging_mixin.py:190} INFO - [2024-10-26T19:16:46.711+0000] {dag.py:3239} INFO - Sync 1 DAGs
[2024-10-26T19:16:46.726+0000] {logging_mixin.py:190} INFO - [2024-10-26T19:16:46.725+0000] {dag.py:4180} INFO - Setting next_dagrun for example_params_trigger_ui to None, run_after=None
[2024-10-26T19:16:46.746+0000] {processor.py:208} INFO - Processing /home/airflow/.local/lib/python3.12/site-packages/airflow/example_dags/example_params_trigger_ui.py took 0.102 seconds
[2024-10-26T19:17:19.620+0000] {processor.py:186} INFO - Started process (PID=13970) to work on /home/airflow/.local/lib/python3.12/site-packages/airflow/example_dags/example_params_trigger_ui.py
[2024-10-26T19:17:19.621+0000] {processor.py:914} INFO - Processing file /home/airflow/.local/lib/python3.12/site-packages/airflow/example_dags/example_params_trigger_ui.py for tasks to queue
[2024-10-26T19:17:19.624+0000] {logging_mixin.py:190} INFO - [2024-10-26T19:17:19.624+0000] {dagbag.py:588} INFO - Filling up the DagBag from /home/airflow/.local/lib/python3.12/site-packages/airflow/example_dags/example_params_trigger_ui.py
[2024-10-26T19:17:19.635+0000] {processor.py:925} INFO - DAG(s) 'example_params_trigger_ui' retrieved from /home/airflow/.local/lib/python3.12/site-packages/airflow/example_dags/example_params_trigger_ui.py
[2024-10-26T19:17:19.681+0000] {logging_mixin.py:190} INFO - [2024-10-26T19:17:19.681+0000] {dag.py:3239} INFO - Sync 1 DAGs
[2024-10-26T19:17:19.695+0000] {logging_mixin.py:190} INFO - [2024-10-26T19:17:19.695+0000] {dag.py:4180} INFO - Setting next_dagrun for example_params_trigger_ui to None, run_after=None
[2024-10-26T19:17:19.716+0000] {processor.py:208} INFO - Processing /home/airflow/.local/lib/python3.12/site-packages/airflow/example_dags/example_params_trigger_ui.py took 0.102 seconds
[2024-10-26T19:17:53.074+0000] {processor.py:186} INFO - Started process (PID=14034) to work on /home/airflow/.local/lib/python3.12/site-packages/airflow/example_dags/example_params_trigger_ui.py
[2024-10-26T19:17:53.075+0000] {processor.py:914} INFO - Processing file /home/airflow/.local/lib/python3.12/site-packages/airflow/example_dags/example_params_trigger_ui.py for tasks to queue
[2024-10-26T19:17:53.077+0000] {logging_mixin.py:190} INFO - [2024-10-26T19:17:53.077+0000] {dagbag.py:588} INFO - Filling up the DagBag from /home/airflow/.local/lib/python3.12/site-packages/airflow/example_dags/example_params_trigger_ui.py
[2024-10-26T19:17:53.090+0000] {processor.py:925} INFO - DAG(s) 'example_params_trigger_ui' retrieved from /home/airflow/.local/lib/python3.12/site-packages/airflow/example_dags/example_params_trigger_ui.py
[2024-10-26T19:17:53.137+0000] {logging_mixin.py:190} INFO - [2024-10-26T19:17:53.137+0000] {dag.py:3239} INFO - Sync 1 DAGs
[2024-10-26T19:17:53.154+0000] {logging_mixin.py:190} INFO - [2024-10-26T19:17:53.153+0000] {dag.py:4180} INFO - Setting next_dagrun for example_params_trigger_ui to None, run_after=None
[2024-10-26T19:17:53.176+0000] {processor.py:208} INFO - Processing /home/airflow/.local/lib/python3.12/site-packages/airflow/example_dags/example_params_trigger_ui.py took 0.108 seconds
[2024-10-26T19:18:25.533+0000] {processor.py:186} INFO - Started process (PID=14098) to work on /home/airflow/.local/lib/python3.12/site-packages/airflow/example_dags/example_params_trigger_ui.py
[2024-10-26T19:18:25.534+0000] {processor.py:914} INFO - Processing file /home/airflow/.local/lib/python3.12/site-packages/airflow/example_dags/example_params_trigger_ui.py for tasks to queue
[2024-10-26T19:18:25.537+0000] {logging_mixin.py:190} INFO - [2024-10-26T19:18:25.536+0000] {dagbag.py:588} INFO - Filling up the DagBag from /home/airflow/.local/lib/python3.12/site-packages/airflow/example_dags/example_params_trigger_ui.py
[2024-10-26T19:18:25.549+0000] {processor.py:925} INFO - DAG(s) 'example_params_trigger_ui' retrieved from /home/airflow/.local/lib/python3.12/site-packages/airflow/example_dags/example_params_trigger_ui.py
[2024-10-26T19:18:25.604+0000] {logging_mixin.py:190} INFO - [2024-10-26T19:18:25.604+0000] {dag.py:3239} INFO - Sync 1 DAGs
[2024-10-26T19:18:25.624+0000] {logging_mixin.py:190} INFO - [2024-10-26T19:18:25.624+0000] {dag.py:4180} INFO - Setting next_dagrun for example_params_trigger_ui to None, run_after=None
[2024-10-26T19:18:25.649+0000] {processor.py:208} INFO - Processing /home/airflow/.local/lib/python3.12/site-packages/airflow/example_dags/example_params_trigger_ui.py took 0.122 seconds
[2024-10-26T19:18:58.045+0000] {processor.py:186} INFO - Started process (PID=14162) to work on /home/airflow/.local/lib/python3.12/site-packages/airflow/example_dags/example_params_trigger_ui.py
[2024-10-26T19:18:58.046+0000] {processor.py:914} INFO - Processing file /home/airflow/.local/lib/python3.12/site-packages/airflow/example_dags/example_params_trigger_ui.py for tasks to queue
[2024-10-26T19:18:58.049+0000] {logging_mixin.py:190} INFO - [2024-10-26T19:18:58.048+0000] {dagbag.py:588} INFO - Filling up the DagBag from /home/airflow/.local/lib/python3.12/site-packages/airflow/example_dags/example_params_trigger_ui.py
[2024-10-26T19:18:58.059+0000] {processor.py:925} INFO - DAG(s) 'example_params_trigger_ui' retrieved from /home/airflow/.local/lib/python3.12/site-packages/airflow/example_dags/example_params_trigger_ui.py
[2024-10-26T19:18:58.101+0000] {logging_mixin.py:190} INFO - [2024-10-26T19:18:58.101+0000] {dag.py:3239} INFO - Sync 1 DAGs
[2024-10-26T19:18:58.117+0000] {logging_mixin.py:190} INFO - [2024-10-26T19:18:58.117+0000] {dag.py:4180} INFO - Setting next_dagrun for example_params_trigger_ui to None, run_after=None
[2024-10-26T19:18:58.137+0000] {processor.py:208} INFO - Processing /home/airflow/.local/lib/python3.12/site-packages/airflow/example_dags/example_params_trigger_ui.py took 0.099 seconds
[2024-10-26T19:19:30.943+0000] {processor.py:186} INFO - Started process (PID=14226) to work on /home/airflow/.local/lib/python3.12/site-packages/airflow/example_dags/example_params_trigger_ui.py
[2024-10-26T19:19:30.944+0000] {processor.py:914} INFO - Processing file /home/airflow/.local/lib/python3.12/site-packages/airflow/example_dags/example_params_trigger_ui.py for tasks to queue
[2024-10-26T19:19:30.947+0000] {logging_mixin.py:190} INFO - [2024-10-26T19:19:30.947+0000] {dagbag.py:588} INFO - Filling up the DagBag from /home/airflow/.local/lib/python3.12/site-packages/airflow/example_dags/example_params_trigger_ui.py
[2024-10-26T19:19:30.963+0000] {processor.py:925} INFO - DAG(s) 'example_params_trigger_ui' retrieved from /home/airflow/.local/lib/python3.12/site-packages/airflow/example_dags/example_params_trigger_ui.py
[2024-10-26T19:19:31.014+0000] {logging_mixin.py:190} INFO - [2024-10-26T19:19:31.013+0000] {dag.py:3239} INFO - Sync 1 DAGs
[2024-10-26T19:19:31.028+0000] {logging_mixin.py:190} INFO - [2024-10-26T19:19:31.028+0000] {dag.py:4180} INFO - Setting next_dagrun for example_params_trigger_ui to None, run_after=None
[2024-10-26T19:19:31.049+0000] {processor.py:208} INFO - Processing /home/airflow/.local/lib/python3.12/site-packages/airflow/example_dags/example_params_trigger_ui.py took 0.114 seconds
[2024-10-26T19:20:03.315+0000] {processor.py:186} INFO - Started process (PID=14291) to work on /home/airflow/.local/lib/python3.12/site-packages/airflow/example_dags/example_params_trigger_ui.py
[2024-10-26T19:20:03.316+0000] {processor.py:914} INFO - Processing file /home/airflow/.local/lib/python3.12/site-packages/airflow/example_dags/example_params_trigger_ui.py for tasks to queue
[2024-10-26T19:20:03.319+0000] {logging_mixin.py:190} INFO - [2024-10-26T19:20:03.318+0000] {dagbag.py:588} INFO - Filling up the DagBag from /home/airflow/.local/lib/python3.12/site-packages/airflow/example_dags/example_params_trigger_ui.py
[2024-10-26T19:20:03.330+0000] {processor.py:925} INFO - DAG(s) 'example_params_trigger_ui' retrieved from /home/airflow/.local/lib/python3.12/site-packages/airflow/example_dags/example_params_trigger_ui.py
[2024-10-26T19:20:03.375+0000] {logging_mixin.py:190} INFO - [2024-10-26T19:20:03.375+0000] {dag.py:3239} INFO - Sync 1 DAGs
[2024-10-26T19:20:03.389+0000] {logging_mixin.py:190} INFO - [2024-10-26T19:20:03.389+0000] {dag.py:4180} INFO - Setting next_dagrun for example_params_trigger_ui to None, run_after=None
[2024-10-26T19:20:03.412+0000] {processor.py:208} INFO - Processing /home/airflow/.local/lib/python3.12/site-packages/airflow/example_dags/example_params_trigger_ui.py took 0.103 seconds
[2024-10-26T19:20:36.586+0000] {processor.py:186} INFO - Started process (PID=14355) to work on /home/airflow/.local/lib/python3.12/site-packages/airflow/example_dags/example_params_trigger_ui.py
[2024-10-26T19:20:36.587+0000] {processor.py:914} INFO - Processing file /home/airflow/.local/lib/python3.12/site-packages/airflow/example_dags/example_params_trigger_ui.py for tasks to queue
[2024-10-26T19:20:36.590+0000] {logging_mixin.py:190} INFO - [2024-10-26T19:20:36.589+0000] {dagbag.py:588} INFO - Filling up the DagBag from /home/airflow/.local/lib/python3.12/site-packages/airflow/example_dags/example_params_trigger_ui.py
[2024-10-26T19:20:36.601+0000] {processor.py:925} INFO - DAG(s) 'example_params_trigger_ui' retrieved from /home/airflow/.local/lib/python3.12/site-packages/airflow/example_dags/example_params_trigger_ui.py
[2024-10-26T19:20:36.646+0000] {logging_mixin.py:190} INFO - [2024-10-26T19:20:36.646+0000] {dag.py:3239} INFO - Sync 1 DAGs
[2024-10-26T19:20:36.663+0000] {logging_mixin.py:190} INFO - [2024-10-26T19:20:36.663+0000] {dag.py:4180} INFO - Setting next_dagrun for example_params_trigger_ui to None, run_after=None
[2024-10-26T19:20:36.685+0000] {processor.py:208} INFO - Processing /home/airflow/.local/lib/python3.12/site-packages/airflow/example_dags/example_params_trigger_ui.py took 0.104 seconds
[2024-10-26T19:21:09.324+0000] {processor.py:186} INFO - Started process (PID=14419) to work on /home/airflow/.local/lib/python3.12/site-packages/airflow/example_dags/example_params_trigger_ui.py
[2024-10-26T19:21:09.325+0000] {processor.py:914} INFO - Processing file /home/airflow/.local/lib/python3.12/site-packages/airflow/example_dags/example_params_trigger_ui.py for tasks to queue
[2024-10-26T19:21:09.328+0000] {logging_mixin.py:190} INFO - [2024-10-26T19:21:09.328+0000] {dagbag.py:588} INFO - Filling up the DagBag from /home/airflow/.local/lib/python3.12/site-packages/airflow/example_dags/example_params_trigger_ui.py
[2024-10-26T19:21:09.339+0000] {processor.py:925} INFO - DAG(s) 'example_params_trigger_ui' retrieved from /home/airflow/.local/lib/python3.12/site-packages/airflow/example_dags/example_params_trigger_ui.py
[2024-10-26T19:21:09.380+0000] {logging_mixin.py:190} INFO - [2024-10-26T19:21:09.379+0000] {dag.py:3239} INFO - Sync 1 DAGs
[2024-10-26T19:21:09.393+0000] {logging_mixin.py:190} INFO - [2024-10-26T19:21:09.393+0000] {dag.py:4180} INFO - Setting next_dagrun for example_params_trigger_ui to None, run_after=None
[2024-10-26T19:21:09.415+0000] {processor.py:208} INFO - Processing /home/airflow/.local/lib/python3.12/site-packages/airflow/example_dags/example_params_trigger_ui.py took 0.099 seconds
[2024-10-26T19:21:41.754+0000] {processor.py:186} INFO - Started process (PID=14483) to work on /home/airflow/.local/lib/python3.12/site-packages/airflow/example_dags/example_params_trigger_ui.py
[2024-10-26T19:21:41.756+0000] {processor.py:914} INFO - Processing file /home/airflow/.local/lib/python3.12/site-packages/airflow/example_dags/example_params_trigger_ui.py for tasks to queue
[2024-10-26T19:21:41.758+0000] {logging_mixin.py:190} INFO - [2024-10-26T19:21:41.758+0000] {dagbag.py:588} INFO - Filling up the DagBag from /home/airflow/.local/lib/python3.12/site-packages/airflow/example_dags/example_params_trigger_ui.py
[2024-10-26T19:21:41.769+0000] {processor.py:925} INFO - DAG(s) 'example_params_trigger_ui' retrieved from /home/airflow/.local/lib/python3.12/site-packages/airflow/example_dags/example_params_trigger_ui.py
[2024-10-26T19:21:41.815+0000] {logging_mixin.py:190} INFO - [2024-10-26T19:21:41.814+0000] {dag.py:3239} INFO - Sync 1 DAGs
[2024-10-26T19:21:41.829+0000] {logging_mixin.py:190} INFO - [2024-10-26T19:21:41.829+0000] {dag.py:4180} INFO - Setting next_dagrun for example_params_trigger_ui to None, run_after=None
[2024-10-26T19:21:41.852+0000] {processor.py:208} INFO - Processing /home/airflow/.local/lib/python3.12/site-packages/airflow/example_dags/example_params_trigger_ui.py took 0.103 seconds
[2024-10-26T19:22:14.213+0000] {processor.py:186} INFO - Started process (PID=14547) to work on /home/airflow/.local/lib/python3.12/site-packages/airflow/example_dags/example_params_trigger_ui.py
[2024-10-26T19:22:14.214+0000] {processor.py:914} INFO - Processing file /home/airflow/.local/lib/python3.12/site-packages/airflow/example_dags/example_params_trigger_ui.py for tasks to queue
[2024-10-26T19:22:14.217+0000] {logging_mixin.py:190} INFO - [2024-10-26T19:22:14.216+0000] {dagbag.py:588} INFO - Filling up the DagBag from /home/airflow/.local/lib/python3.12/site-packages/airflow/example_dags/example_params_trigger_ui.py
[2024-10-26T19:22:14.228+0000] {processor.py:925} INFO - DAG(s) 'example_params_trigger_ui' retrieved from /home/airflow/.local/lib/python3.12/site-packages/airflow/example_dags/example_params_trigger_ui.py
[2024-10-26T19:22:14.276+0000] {logging_mixin.py:190} INFO - [2024-10-26T19:22:14.275+0000] {dag.py:3239} INFO - Sync 1 DAGs
[2024-10-26T19:22:14.291+0000] {logging_mixin.py:190} INFO - [2024-10-26T19:22:14.291+0000] {dag.py:4180} INFO - Setting next_dagrun for example_params_trigger_ui to None, run_after=None
[2024-10-26T19:22:14.312+0000] {processor.py:208} INFO - Processing /home/airflow/.local/lib/python3.12/site-packages/airflow/example_dags/example_params_trigger_ui.py took 0.106 seconds
[2024-10-26T19:22:47.581+0000] {processor.py:186} INFO - Started process (PID=14611) to work on /home/airflow/.local/lib/python3.12/site-packages/airflow/example_dags/example_params_trigger_ui.py
[2024-10-26T19:22:47.582+0000] {processor.py:914} INFO - Processing file /home/airflow/.local/lib/python3.12/site-packages/airflow/example_dags/example_params_trigger_ui.py for tasks to queue
[2024-10-26T19:22:47.585+0000] {logging_mixin.py:190} INFO - [2024-10-26T19:22:47.585+0000] {dagbag.py:588} INFO - Filling up the DagBag from /home/airflow/.local/lib/python3.12/site-packages/airflow/example_dags/example_params_trigger_ui.py
[2024-10-26T19:22:47.596+0000] {processor.py:925} INFO - DAG(s) 'example_params_trigger_ui' retrieved from /home/airflow/.local/lib/python3.12/site-packages/airflow/example_dags/example_params_trigger_ui.py
[2024-10-26T19:22:47.640+0000] {logging_mixin.py:190} INFO - [2024-10-26T19:22:47.640+0000] {dag.py:3239} INFO - Sync 1 DAGs
[2024-10-26T19:22:47.659+0000] {logging_mixin.py:190} INFO - [2024-10-26T19:22:47.659+0000] {dag.py:4180} INFO - Setting next_dagrun for example_params_trigger_ui to None, run_after=None
[2024-10-26T19:22:47.682+0000] {processor.py:208} INFO - Processing /home/airflow/.local/lib/python3.12/site-packages/airflow/example_dags/example_params_trigger_ui.py took 0.107 seconds
[2024-10-26T19:23:20.001+0000] {processor.py:186} INFO - Started process (PID=14675) to work on /home/airflow/.local/lib/python3.12/site-packages/airflow/example_dags/example_params_trigger_ui.py
[2024-10-26T19:23:20.002+0000] {processor.py:914} INFO - Processing file /home/airflow/.local/lib/python3.12/site-packages/airflow/example_dags/example_params_trigger_ui.py for tasks to queue
[2024-10-26T19:23:20.005+0000] {logging_mixin.py:190} INFO - [2024-10-26T19:23:20.005+0000] {dagbag.py:588} INFO - Filling up the DagBag from /home/airflow/.local/lib/python3.12/site-packages/airflow/example_dags/example_params_trigger_ui.py
[2024-10-26T19:23:20.016+0000] {processor.py:925} INFO - DAG(s) 'example_params_trigger_ui' retrieved from /home/airflow/.local/lib/python3.12/site-packages/airflow/example_dags/example_params_trigger_ui.py
[2024-10-26T19:23:20.059+0000] {logging_mixin.py:190} INFO - [2024-10-26T19:23:20.059+0000] {dag.py:3239} INFO - Sync 1 DAGs
[2024-10-26T19:23:20.074+0000] {logging_mixin.py:190} INFO - [2024-10-26T19:23:20.074+0000] {dag.py:4180} INFO - Setting next_dagrun for example_params_trigger_ui to None, run_after=None
[2024-10-26T19:23:20.094+0000] {processor.py:208} INFO - Processing /home/airflow/.local/lib/python3.12/site-packages/airflow/example_dags/example_params_trigger_ui.py took 0.099 seconds
[2024-10-26T19:23:53.080+0000] {processor.py:186} INFO - Started process (PID=14739) to work on /home/airflow/.local/lib/python3.12/site-packages/airflow/example_dags/example_params_trigger_ui.py
[2024-10-26T19:23:53.082+0000] {processor.py:914} INFO - Processing file /home/airflow/.local/lib/python3.12/site-packages/airflow/example_dags/example_params_trigger_ui.py for tasks to queue
[2024-10-26T19:23:53.084+0000] {logging_mixin.py:190} INFO - [2024-10-26T19:23:53.084+0000] {dagbag.py:588} INFO - Filling up the DagBag from /home/airflow/.local/lib/python3.12/site-packages/airflow/example_dags/example_params_trigger_ui.py
[2024-10-26T19:23:53.098+0000] {processor.py:925} INFO - DAG(s) 'example_params_trigger_ui' retrieved from /home/airflow/.local/lib/python3.12/site-packages/airflow/example_dags/example_params_trigger_ui.py
[2024-10-26T19:23:53.146+0000] {logging_mixin.py:190} INFO - [2024-10-26T19:23:53.146+0000] {dag.py:3239} INFO - Sync 1 DAGs
[2024-10-26T19:23:53.161+0000] {logging_mixin.py:190} INFO - [2024-10-26T19:23:53.161+0000] {dag.py:4180} INFO - Setting next_dagrun for example_params_trigger_ui to None, run_after=None
[2024-10-26T19:23:53.180+0000] {processor.py:208} INFO - Processing /home/airflow/.local/lib/python3.12/site-packages/airflow/example_dags/example_params_trigger_ui.py took 0.106 seconds
[2024-10-26T19:24:25.686+0000] {processor.py:186} INFO - Started process (PID=14803) to work on /home/airflow/.local/lib/python3.12/site-packages/airflow/example_dags/example_params_trigger_ui.py
[2024-10-26T19:24:25.688+0000] {processor.py:914} INFO - Processing file /home/airflow/.local/lib/python3.12/site-packages/airflow/example_dags/example_params_trigger_ui.py for tasks to queue
[2024-10-26T19:24:25.690+0000] {logging_mixin.py:190} INFO - [2024-10-26T19:24:25.690+0000] {dagbag.py:588} INFO - Filling up the DagBag from /home/airflow/.local/lib/python3.12/site-packages/airflow/example_dags/example_params_trigger_ui.py
[2024-10-26T19:24:25.701+0000] {processor.py:925} INFO - DAG(s) 'example_params_trigger_ui' retrieved from /home/airflow/.local/lib/python3.12/site-packages/airflow/example_dags/example_params_trigger_ui.py
[2024-10-26T19:24:25.747+0000] {logging_mixin.py:190} INFO - [2024-10-26T19:24:25.747+0000] {dag.py:3239} INFO - Sync 1 DAGs
[2024-10-26T19:24:25.763+0000] {logging_mixin.py:190} INFO - [2024-10-26T19:24:25.763+0000] {dag.py:4180} INFO - Setting next_dagrun for example_params_trigger_ui to None, run_after=None
[2024-10-26T19:24:25.784+0000] {processor.py:208} INFO - Processing /home/airflow/.local/lib/python3.12/site-packages/airflow/example_dags/example_params_trigger_ui.py took 0.104 seconds
[2024-10-26T19:24:58.449+0000] {processor.py:186} INFO - Started process (PID=14867) to work on /home/airflow/.local/lib/python3.12/site-packages/airflow/example_dags/example_params_trigger_ui.py
[2024-10-26T19:24:58.450+0000] {processor.py:914} INFO - Processing file /home/airflow/.local/lib/python3.12/site-packages/airflow/example_dags/example_params_trigger_ui.py for tasks to queue
[2024-10-26T19:24:58.453+0000] {logging_mixin.py:190} INFO - [2024-10-26T19:24:58.453+0000] {dagbag.py:588} INFO - Filling up the DagBag from /home/airflow/.local/lib/python3.12/site-packages/airflow/example_dags/example_params_trigger_ui.py
[2024-10-26T19:24:58.465+0000] {processor.py:925} INFO - DAG(s) 'example_params_trigger_ui' retrieved from /home/airflow/.local/lib/python3.12/site-packages/airflow/example_dags/example_params_trigger_ui.py
[2024-10-26T19:24:58.508+0000] {logging_mixin.py:190} INFO - [2024-10-26T19:24:58.507+0000] {dag.py:3239} INFO - Sync 1 DAGs
[2024-10-26T19:24:58.524+0000] {logging_mixin.py:190} INFO - [2024-10-26T19:24:58.524+0000] {dag.py:4180} INFO - Setting next_dagrun for example_params_trigger_ui to None, run_after=None
[2024-10-26T19:24:58.546+0000] {processor.py:208} INFO - Processing /home/airflow/.local/lib/python3.12/site-packages/airflow/example_dags/example_params_trigger_ui.py took 0.103 seconds
[2024-10-26T19:25:30.795+0000] {processor.py:186} INFO - Started process (PID=14931) to work on /home/airflow/.local/lib/python3.12/site-packages/airflow/example_dags/example_params_trigger_ui.py
[2024-10-26T19:25:30.796+0000] {processor.py:914} INFO - Processing file /home/airflow/.local/lib/python3.12/site-packages/airflow/example_dags/example_params_trigger_ui.py for tasks to queue
[2024-10-26T19:25:30.799+0000] {logging_mixin.py:190} INFO - [2024-10-26T19:25:30.798+0000] {dagbag.py:588} INFO - Filling up the DagBag from /home/airflow/.local/lib/python3.12/site-packages/airflow/example_dags/example_params_trigger_ui.py
[2024-10-26T19:25:30.814+0000] {processor.py:925} INFO - DAG(s) 'example_params_trigger_ui' retrieved from /home/airflow/.local/lib/python3.12/site-packages/airflow/example_dags/example_params_trigger_ui.py
[2024-10-26T19:25:30.867+0000] {logging_mixin.py:190} INFO - [2024-10-26T19:25:30.867+0000] {dag.py:3239} INFO - Sync 1 DAGs
[2024-10-26T19:25:30.885+0000] {logging_mixin.py:190} INFO - [2024-10-26T19:25:30.885+0000] {dag.py:4180} INFO - Setting next_dagrun for example_params_trigger_ui to None, run_after=None
[2024-10-26T19:25:30.911+0000] {processor.py:208} INFO - Processing /home/airflow/.local/lib/python3.12/site-packages/airflow/example_dags/example_params_trigger_ui.py took 0.123 seconds
[2024-10-26T19:26:04.072+0000] {processor.py:186} INFO - Started process (PID=14995) to work on /home/airflow/.local/lib/python3.12/site-packages/airflow/example_dags/example_params_trigger_ui.py
[2024-10-26T19:26:04.074+0000] {processor.py:914} INFO - Processing file /home/airflow/.local/lib/python3.12/site-packages/airflow/example_dags/example_params_trigger_ui.py for tasks to queue
[2024-10-26T19:26:04.077+0000] {logging_mixin.py:190} INFO - [2024-10-26T19:26:04.076+0000] {dagbag.py:588} INFO - Filling up the DagBag from /home/airflow/.local/lib/python3.12/site-packages/airflow/example_dags/example_params_trigger_ui.py
[2024-10-26T19:26:04.089+0000] {processor.py:925} INFO - DAG(s) 'example_params_trigger_ui' retrieved from /home/airflow/.local/lib/python3.12/site-packages/airflow/example_dags/example_params_trigger_ui.py
[2024-10-26T19:26:04.138+0000] {logging_mixin.py:190} INFO - [2024-10-26T19:26:04.137+0000] {dag.py:3239} INFO - Sync 1 DAGs
[2024-10-26T19:26:04.153+0000] {logging_mixin.py:190} INFO - [2024-10-26T19:26:04.153+0000] {dag.py:4180} INFO - Setting next_dagrun for example_params_trigger_ui to None, run_after=None
[2024-10-26T19:26:04.175+0000] {processor.py:208} INFO - Processing /home/airflow/.local/lib/python3.12/site-packages/airflow/example_dags/example_params_trigger_ui.py took 0.110 seconds
[2024-10-26T19:26:36.335+0000] {processor.py:186} INFO - Started process (PID=15059) to work on /home/airflow/.local/lib/python3.12/site-packages/airflow/example_dags/example_params_trigger_ui.py
[2024-10-26T19:26:36.336+0000] {processor.py:914} INFO - Processing file /home/airflow/.local/lib/python3.12/site-packages/airflow/example_dags/example_params_trigger_ui.py for tasks to queue
[2024-10-26T19:26:36.339+0000] {logging_mixin.py:190} INFO - [2024-10-26T19:26:36.338+0000] {dagbag.py:588} INFO - Filling up the DagBag from /home/airflow/.local/lib/python3.12/site-packages/airflow/example_dags/example_params_trigger_ui.py
[2024-10-26T19:26:36.350+0000] {processor.py:925} INFO - DAG(s) 'example_params_trigger_ui' retrieved from /home/airflow/.local/lib/python3.12/site-packages/airflow/example_dags/example_params_trigger_ui.py
[2024-10-26T19:26:36.397+0000] {logging_mixin.py:190} INFO - [2024-10-26T19:26:36.397+0000] {dag.py:3239} INFO - Sync 1 DAGs
[2024-10-26T19:26:36.574+0000] {logging_mixin.py:190} INFO - [2024-10-26T19:26:36.573+0000] {dag.py:4180} INFO - Setting next_dagrun for example_params_trigger_ui to None, run_after=None
[2024-10-26T19:26:36.594+0000] {processor.py:208} INFO - Processing /home/airflow/.local/lib/python3.12/site-packages/airflow/example_dags/example_params_trigger_ui.py took 0.265 seconds
[2024-10-26T19:27:09.492+0000] {processor.py:186} INFO - Started process (PID=15123) to work on /home/airflow/.local/lib/python3.12/site-packages/airflow/example_dags/example_params_trigger_ui.py
[2024-10-26T19:27:09.494+0000] {processor.py:914} INFO - Processing file /home/airflow/.local/lib/python3.12/site-packages/airflow/example_dags/example_params_trigger_ui.py for tasks to queue
[2024-10-26T19:27:09.496+0000] {logging_mixin.py:190} INFO - [2024-10-26T19:27:09.496+0000] {dagbag.py:588} INFO - Filling up the DagBag from /home/airflow/.local/lib/python3.12/site-packages/airflow/example_dags/example_params_trigger_ui.py
[2024-10-26T19:27:09.509+0000] {processor.py:925} INFO - DAG(s) 'example_params_trigger_ui' retrieved from /home/airflow/.local/lib/python3.12/site-packages/airflow/example_dags/example_params_trigger_ui.py
[2024-10-26T19:27:09.568+0000] {logging_mixin.py:190} INFO - [2024-10-26T19:27:09.567+0000] {dag.py:3239} INFO - Sync 1 DAGs
[2024-10-26T19:27:09.590+0000] {logging_mixin.py:190} INFO - [2024-10-26T19:27:09.589+0000] {dag.py:4180} INFO - Setting next_dagrun for example_params_trigger_ui to None, run_after=None
[2024-10-26T19:27:09.747+0000] {processor.py:208} INFO - Processing /home/airflow/.local/lib/python3.12/site-packages/airflow/example_dags/example_params_trigger_ui.py took 0.261 seconds
[2024-10-26T19:27:41.358+0000] {processor.py:186} INFO - Started process (PID=15187) to work on /home/airflow/.local/lib/python3.12/site-packages/airflow/example_dags/example_params_trigger_ui.py
[2024-10-26T19:27:41.359+0000] {processor.py:914} INFO - Processing file /home/airflow/.local/lib/python3.12/site-packages/airflow/example_dags/example_params_trigger_ui.py for tasks to queue
[2024-10-26T19:27:41.362+0000] {logging_mixin.py:190} INFO - [2024-10-26T19:27:41.362+0000] {dagbag.py:588} INFO - Filling up the DagBag from /home/airflow/.local/lib/python3.12/site-packages/airflow/example_dags/example_params_trigger_ui.py
[2024-10-26T19:27:41.373+0000] {processor.py:925} INFO - DAG(s) 'example_params_trigger_ui' retrieved from /home/airflow/.local/lib/python3.12/site-packages/airflow/example_dags/example_params_trigger_ui.py
[2024-10-26T19:27:41.419+0000] {logging_mixin.py:190} INFO - [2024-10-26T19:27:41.418+0000] {dag.py:3239} INFO - Sync 1 DAGs
[2024-10-26T19:27:41.432+0000] {logging_mixin.py:190} INFO - [2024-10-26T19:27:41.432+0000] {dag.py:4180} INFO - Setting next_dagrun for example_params_trigger_ui to None, run_after=None
[2024-10-26T19:27:41.453+0000] {processor.py:208} INFO - Processing /home/airflow/.local/lib/python3.12/site-packages/airflow/example_dags/example_params_trigger_ui.py took 0.101 seconds
[2024-10-26T19:28:14.054+0000] {processor.py:186} INFO - Started process (PID=15251) to work on /home/airflow/.local/lib/python3.12/site-packages/airflow/example_dags/example_params_trigger_ui.py
[2024-10-26T19:28:14.055+0000] {processor.py:914} INFO - Processing file /home/airflow/.local/lib/python3.12/site-packages/airflow/example_dags/example_params_trigger_ui.py for tasks to queue
[2024-10-26T19:28:14.058+0000] {logging_mixin.py:190} INFO - [2024-10-26T19:28:14.057+0000] {dagbag.py:588} INFO - Filling up the DagBag from /home/airflow/.local/lib/python3.12/site-packages/airflow/example_dags/example_params_trigger_ui.py
[2024-10-26T19:28:14.069+0000] {processor.py:925} INFO - DAG(s) 'example_params_trigger_ui' retrieved from /home/airflow/.local/lib/python3.12/site-packages/airflow/example_dags/example_params_trigger_ui.py
[2024-10-26T19:28:14.116+0000] {logging_mixin.py:190} INFO - [2024-10-26T19:28:14.116+0000] {dag.py:3239} INFO - Sync 1 DAGs
[2024-10-26T19:28:14.131+0000] {logging_mixin.py:190} INFO - [2024-10-26T19:28:14.131+0000] {dag.py:4180} INFO - Setting next_dagrun for example_params_trigger_ui to None, run_after=None
[2024-10-26T19:28:14.150+0000] {processor.py:208} INFO - Processing /home/airflow/.local/lib/python3.12/site-packages/airflow/example_dags/example_params_trigger_ui.py took 0.102 seconds
[2024-10-26T19:28:47.012+0000] {processor.py:186} INFO - Started process (PID=15315) to work on /home/airflow/.local/lib/python3.12/site-packages/airflow/example_dags/example_params_trigger_ui.py
[2024-10-26T19:28:47.013+0000] {processor.py:914} INFO - Processing file /home/airflow/.local/lib/python3.12/site-packages/airflow/example_dags/example_params_trigger_ui.py for tasks to queue
[2024-10-26T19:28:47.016+0000] {logging_mixin.py:190} INFO - [2024-10-26T19:28:47.016+0000] {dagbag.py:588} INFO - Filling up the DagBag from /home/airflow/.local/lib/python3.12/site-packages/airflow/example_dags/example_params_trigger_ui.py
[2024-10-26T19:28:47.028+0000] {processor.py:925} INFO - DAG(s) 'example_params_trigger_ui' retrieved from /home/airflow/.local/lib/python3.12/site-packages/airflow/example_dags/example_params_trigger_ui.py
[2024-10-26T19:28:47.074+0000] {logging_mixin.py:190} INFO - [2024-10-26T19:28:47.074+0000] {dag.py:3239} INFO - Sync 1 DAGs
[2024-10-26T19:28:47.089+0000] {logging_mixin.py:190} INFO - [2024-10-26T19:28:47.089+0000] {dag.py:4180} INFO - Setting next_dagrun for example_params_trigger_ui to None, run_after=None
[2024-10-26T19:28:47.111+0000] {processor.py:208} INFO - Processing /home/airflow/.local/lib/python3.12/site-packages/airflow/example_dags/example_params_trigger_ui.py took 0.106 seconds
[2024-10-26T19:29:20.411+0000] {processor.py:186} INFO - Started process (PID=15379) to work on /home/airflow/.local/lib/python3.12/site-packages/airflow/example_dags/example_params_trigger_ui.py
[2024-10-26T19:29:20.412+0000] {processor.py:914} INFO - Processing file /home/airflow/.local/lib/python3.12/site-packages/airflow/example_dags/example_params_trigger_ui.py for tasks to queue
[2024-10-26T19:29:20.415+0000] {logging_mixin.py:190} INFO - [2024-10-26T19:29:20.415+0000] {dagbag.py:588} INFO - Filling up the DagBag from /home/airflow/.local/lib/python3.12/site-packages/airflow/example_dags/example_params_trigger_ui.py
[2024-10-26T19:29:20.425+0000] {processor.py:925} INFO - DAG(s) 'example_params_trigger_ui' retrieved from /home/airflow/.local/lib/python3.12/site-packages/airflow/example_dags/example_params_trigger_ui.py
[2024-10-26T19:29:20.463+0000] {logging_mixin.py:190} INFO - [2024-10-26T19:29:20.462+0000] {dag.py:3239} INFO - Sync 1 DAGs
[2024-10-26T19:29:20.478+0000] {logging_mixin.py:190} INFO - [2024-10-26T19:29:20.478+0000] {dag.py:4180} INFO - Setting next_dagrun for example_params_trigger_ui to None, run_after=None
[2024-10-26T19:29:20.497+0000] {processor.py:208} INFO - Processing /home/airflow/.local/lib/python3.12/site-packages/airflow/example_dags/example_params_trigger_ui.py took 0.092 seconds
[2024-10-26T19:29:53.490+0000] {processor.py:186} INFO - Started process (PID=15443) to work on /home/airflow/.local/lib/python3.12/site-packages/airflow/example_dags/example_params_trigger_ui.py
[2024-10-26T19:29:53.491+0000] {processor.py:914} INFO - Processing file /home/airflow/.local/lib/python3.12/site-packages/airflow/example_dags/example_params_trigger_ui.py for tasks to queue
[2024-10-26T19:29:53.493+0000] {logging_mixin.py:190} INFO - [2024-10-26T19:29:53.493+0000] {dagbag.py:588} INFO - Filling up the DagBag from /home/airflow/.local/lib/python3.12/site-packages/airflow/example_dags/example_params_trigger_ui.py
[2024-10-26T19:29:53.502+0000] {processor.py:925} INFO - DAG(s) 'example_params_trigger_ui' retrieved from /home/airflow/.local/lib/python3.12/site-packages/airflow/example_dags/example_params_trigger_ui.py
[2024-10-26T19:29:53.540+0000] {logging_mixin.py:190} INFO - [2024-10-26T19:29:53.540+0000] {dag.py:3239} INFO - Sync 1 DAGs
[2024-10-26T19:29:53.554+0000] {logging_mixin.py:190} INFO - [2024-10-26T19:29:53.554+0000] {dag.py:4180} INFO - Setting next_dagrun for example_params_trigger_ui to None, run_after=None
[2024-10-26T19:29:53.573+0000] {processor.py:208} INFO - Processing /home/airflow/.local/lib/python3.12/site-packages/airflow/example_dags/example_params_trigger_ui.py took 0.088 seconds
[2024-10-26T19:30:25.920+0000] {processor.py:186} INFO - Started process (PID=15507) to work on /home/airflow/.local/lib/python3.12/site-packages/airflow/example_dags/example_params_trigger_ui.py
[2024-10-26T19:30:25.921+0000] {processor.py:914} INFO - Processing file /home/airflow/.local/lib/python3.12/site-packages/airflow/example_dags/example_params_trigger_ui.py for tasks to queue
[2024-10-26T19:30:25.923+0000] {logging_mixin.py:190} INFO - [2024-10-26T19:30:25.923+0000] {dagbag.py:588} INFO - Filling up the DagBag from /home/airflow/.local/lib/python3.12/site-packages/airflow/example_dags/example_params_trigger_ui.py
[2024-10-26T19:30:25.934+0000] {processor.py:925} INFO - DAG(s) 'example_params_trigger_ui' retrieved from /home/airflow/.local/lib/python3.12/site-packages/airflow/example_dags/example_params_trigger_ui.py
[2024-10-26T19:30:25.973+0000] {logging_mixin.py:190} INFO - [2024-10-26T19:30:25.973+0000] {dag.py:3239} INFO - Sync 1 DAGs
[2024-10-26T19:30:25.986+0000] {logging_mixin.py:190} INFO - [2024-10-26T19:30:25.985+0000] {dag.py:4180} INFO - Setting next_dagrun for example_params_trigger_ui to None, run_after=None
[2024-10-26T19:30:26.007+0000] {processor.py:208} INFO - Processing /home/airflow/.local/lib/python3.12/site-packages/airflow/example_dags/example_params_trigger_ui.py took 0.093 seconds
[2024-10-26T19:30:57.959+0000] {processor.py:186} INFO - Started process (PID=15571) to work on /home/airflow/.local/lib/python3.12/site-packages/airflow/example_dags/example_params_trigger_ui.py
[2024-10-26T19:30:57.960+0000] {processor.py:914} INFO - Processing file /home/airflow/.local/lib/python3.12/site-packages/airflow/example_dags/example_params_trigger_ui.py for tasks to queue
[2024-10-26T19:30:57.963+0000] {logging_mixin.py:190} INFO - [2024-10-26T19:30:57.962+0000] {dagbag.py:588} INFO - Filling up the DagBag from /home/airflow/.local/lib/python3.12/site-packages/airflow/example_dags/example_params_trigger_ui.py
[2024-10-26T19:30:57.973+0000] {processor.py:925} INFO - DAG(s) 'example_params_trigger_ui' retrieved from /home/airflow/.local/lib/python3.12/site-packages/airflow/example_dags/example_params_trigger_ui.py
[2024-10-26T19:30:58.012+0000] {logging_mixin.py:190} INFO - [2024-10-26T19:30:58.011+0000] {dag.py:3239} INFO - Sync 1 DAGs
[2024-10-26T19:30:58.026+0000] {logging_mixin.py:190} INFO - [2024-10-26T19:30:58.026+0000] {dag.py:4180} INFO - Setting next_dagrun for example_params_trigger_ui to None, run_after=None
[2024-10-26T19:30:58.051+0000] {processor.py:208} INFO - Processing /home/airflow/.local/lib/python3.12/site-packages/airflow/example_dags/example_params_trigger_ui.py took 0.097 seconds
[2024-10-26T19:31:31.095+0000] {processor.py:186} INFO - Started process (PID=15635) to work on /home/airflow/.local/lib/python3.12/site-packages/airflow/example_dags/example_params_trigger_ui.py
[2024-10-26T19:31:31.097+0000] {processor.py:914} INFO - Processing file /home/airflow/.local/lib/python3.12/site-packages/airflow/example_dags/example_params_trigger_ui.py for tasks to queue
[2024-10-26T19:31:31.100+0000] {logging_mixin.py:190} INFO - [2024-10-26T19:31:31.100+0000] {dagbag.py:588} INFO - Filling up the DagBag from /home/airflow/.local/lib/python3.12/site-packages/airflow/example_dags/example_params_trigger_ui.py
[2024-10-26T19:31:31.113+0000] {processor.py:925} INFO - DAG(s) 'example_params_trigger_ui' retrieved from /home/airflow/.local/lib/python3.12/site-packages/airflow/example_dags/example_params_trigger_ui.py
[2024-10-26T19:31:31.156+0000] {logging_mixin.py:190} INFO - [2024-10-26T19:31:31.156+0000] {dag.py:3239} INFO - Sync 1 DAGs
[2024-10-26T19:31:31.174+0000] {logging_mixin.py:190} INFO - [2024-10-26T19:31:31.174+0000] {dag.py:4180} INFO - Setting next_dagrun for example_params_trigger_ui to None, run_after=None
[2024-10-26T19:31:31.193+0000] {processor.py:208} INFO - Processing /home/airflow/.local/lib/python3.12/site-packages/airflow/example_dags/example_params_trigger_ui.py took 0.104 seconds
[2024-10-26T19:32:03.250+0000] {processor.py:186} INFO - Started process (PID=15699) to work on /home/airflow/.local/lib/python3.12/site-packages/airflow/example_dags/example_params_trigger_ui.py
[2024-10-26T19:32:03.252+0000] {processor.py:914} INFO - Processing file /home/airflow/.local/lib/python3.12/site-packages/airflow/example_dags/example_params_trigger_ui.py for tasks to queue
[2024-10-26T19:32:03.254+0000] {logging_mixin.py:190} INFO - [2024-10-26T19:32:03.254+0000] {dagbag.py:588} INFO - Filling up the DagBag from /home/airflow/.local/lib/python3.12/site-packages/airflow/example_dags/example_params_trigger_ui.py
[2024-10-26T19:32:03.266+0000] {processor.py:925} INFO - DAG(s) 'example_params_trigger_ui' retrieved from /home/airflow/.local/lib/python3.12/site-packages/airflow/example_dags/example_params_trigger_ui.py
[2024-10-26T19:32:03.307+0000] {logging_mixin.py:190} INFO - [2024-10-26T19:32:03.306+0000] {dag.py:3239} INFO - Sync 1 DAGs
[2024-10-26T19:32:03.319+0000] {logging_mixin.py:190} INFO - [2024-10-26T19:32:03.319+0000] {dag.py:4180} INFO - Setting next_dagrun for example_params_trigger_ui to None, run_after=None
[2024-10-26T19:32:03.339+0000] {processor.py:208} INFO - Processing /home/airflow/.local/lib/python3.12/site-packages/airflow/example_dags/example_params_trigger_ui.py took 0.094 seconds
[2024-10-26T19:32:36.259+0000] {processor.py:186} INFO - Started process (PID=15763) to work on /home/airflow/.local/lib/python3.12/site-packages/airflow/example_dags/example_params_trigger_ui.py
[2024-10-26T19:32:36.261+0000] {processor.py:914} INFO - Processing file /home/airflow/.local/lib/python3.12/site-packages/airflow/example_dags/example_params_trigger_ui.py for tasks to queue
[2024-10-26T19:32:36.263+0000] {logging_mixin.py:190} INFO - [2024-10-26T19:32:36.263+0000] {dagbag.py:588} INFO - Filling up the DagBag from /home/airflow/.local/lib/python3.12/site-packages/airflow/example_dags/example_params_trigger_ui.py
[2024-10-26T19:32:36.275+0000] {processor.py:925} INFO - DAG(s) 'example_params_trigger_ui' retrieved from /home/airflow/.local/lib/python3.12/site-packages/airflow/example_dags/example_params_trigger_ui.py
[2024-10-26T19:32:36.318+0000] {logging_mixin.py:190} INFO - [2024-10-26T19:32:36.318+0000] {dag.py:3239} INFO - Sync 1 DAGs
[2024-10-26T19:32:36.333+0000] {logging_mixin.py:190} INFO - [2024-10-26T19:32:36.333+0000] {dag.py:4180} INFO - Setting next_dagrun for example_params_trigger_ui to None, run_after=None
[2024-10-26T19:32:36.356+0000] {processor.py:208} INFO - Processing /home/airflow/.local/lib/python3.12/site-packages/airflow/example_dags/example_params_trigger_ui.py took 0.103 seconds
[2024-10-26T19:33:08.504+0000] {processor.py:186} INFO - Started process (PID=15827) to work on /home/airflow/.local/lib/python3.12/site-packages/airflow/example_dags/example_params_trigger_ui.py
[2024-10-26T19:33:08.505+0000] {processor.py:914} INFO - Processing file /home/airflow/.local/lib/python3.12/site-packages/airflow/example_dags/example_params_trigger_ui.py for tasks to queue
[2024-10-26T19:33:08.508+0000] {logging_mixin.py:190} INFO - [2024-10-26T19:33:08.507+0000] {dagbag.py:588} INFO - Filling up the DagBag from /home/airflow/.local/lib/python3.12/site-packages/airflow/example_dags/example_params_trigger_ui.py
[2024-10-26T19:33:08.520+0000] {processor.py:925} INFO - DAG(s) 'example_params_trigger_ui' retrieved from /home/airflow/.local/lib/python3.12/site-packages/airflow/example_dags/example_params_trigger_ui.py
[2024-10-26T19:33:08.570+0000] {logging_mixin.py:190} INFO - [2024-10-26T19:33:08.569+0000] {dag.py:3239} INFO - Sync 1 DAGs
[2024-10-26T19:33:08.588+0000] {logging_mixin.py:190} INFO - [2024-10-26T19:33:08.588+0000] {dag.py:4180} INFO - Setting next_dagrun for example_params_trigger_ui to None, run_after=None
[2024-10-26T19:33:08.609+0000] {processor.py:208} INFO - Processing /home/airflow/.local/lib/python3.12/site-packages/airflow/example_dags/example_params_trigger_ui.py took 0.111 seconds
[2024-10-26T19:33:41.771+0000] {processor.py:186} INFO - Started process (PID=15891) to work on /home/airflow/.local/lib/python3.12/site-packages/airflow/example_dags/example_params_trigger_ui.py
[2024-10-26T19:33:41.773+0000] {processor.py:914} INFO - Processing file /home/airflow/.local/lib/python3.12/site-packages/airflow/example_dags/example_params_trigger_ui.py for tasks to queue
[2024-10-26T19:33:41.775+0000] {logging_mixin.py:190} INFO - [2024-10-26T19:33:41.775+0000] {dagbag.py:588} INFO - Filling up the DagBag from /home/airflow/.local/lib/python3.12/site-packages/airflow/example_dags/example_params_trigger_ui.py
[2024-10-26T19:33:41.790+0000] {processor.py:925} INFO - DAG(s) 'example_params_trigger_ui' retrieved from /home/airflow/.local/lib/python3.12/site-packages/airflow/example_dags/example_params_trigger_ui.py
[2024-10-26T19:33:41.829+0000] {logging_mixin.py:190} INFO - [2024-10-26T19:33:41.828+0000] {dag.py:3239} INFO - Sync 1 DAGs
[2024-10-26T19:33:41.843+0000] {logging_mixin.py:190} INFO - [2024-10-26T19:33:41.843+0000] {dag.py:4180} INFO - Setting next_dagrun for example_params_trigger_ui to None, run_after=None
[2024-10-26T19:33:41.865+0000] {processor.py:208} INFO - Processing /home/airflow/.local/lib/python3.12/site-packages/airflow/example_dags/example_params_trigger_ui.py took 0.099 seconds
[2024-10-26T19:34:14.472+0000] {processor.py:186} INFO - Started process (PID=15955) to work on /home/airflow/.local/lib/python3.12/site-packages/airflow/example_dags/example_params_trigger_ui.py
[2024-10-26T19:34:14.473+0000] {processor.py:914} INFO - Processing file /home/airflow/.local/lib/python3.12/site-packages/airflow/example_dags/example_params_trigger_ui.py for tasks to queue
[2024-10-26T19:34:14.476+0000] {logging_mixin.py:190} INFO - [2024-10-26T19:34:14.475+0000] {dagbag.py:588} INFO - Filling up the DagBag from /home/airflow/.local/lib/python3.12/site-packages/airflow/example_dags/example_params_trigger_ui.py
[2024-10-26T19:34:14.485+0000] {processor.py:925} INFO - DAG(s) 'example_params_trigger_ui' retrieved from /home/airflow/.local/lib/python3.12/site-packages/airflow/example_dags/example_params_trigger_ui.py
[2024-10-26T19:34:14.526+0000] {logging_mixin.py:190} INFO - [2024-10-26T19:34:14.525+0000] {dag.py:3239} INFO - Sync 1 DAGs
[2024-10-26T19:34:14.540+0000] {logging_mixin.py:190} INFO - [2024-10-26T19:34:14.539+0000] {dag.py:4180} INFO - Setting next_dagrun for example_params_trigger_ui to None, run_after=None
[2024-10-26T19:34:14.557+0000] {processor.py:208} INFO - Processing /home/airflow/.local/lib/python3.12/site-packages/airflow/example_dags/example_params_trigger_ui.py took 0.091 seconds
[2024-10-26T19:34:47.144+0000] {processor.py:186} INFO - Started process (PID=16019) to work on /home/airflow/.local/lib/python3.12/site-packages/airflow/example_dags/example_params_trigger_ui.py
[2024-10-26T19:34:47.145+0000] {processor.py:914} INFO - Processing file /home/airflow/.local/lib/python3.12/site-packages/airflow/example_dags/example_params_trigger_ui.py for tasks to queue
[2024-10-26T19:34:47.148+0000] {logging_mixin.py:190} INFO - [2024-10-26T19:34:47.148+0000] {dagbag.py:588} INFO - Filling up the DagBag from /home/airflow/.local/lib/python3.12/site-packages/airflow/example_dags/example_params_trigger_ui.py
[2024-10-26T19:34:47.160+0000] {processor.py:925} INFO - DAG(s) 'example_params_trigger_ui' retrieved from /home/airflow/.local/lib/python3.12/site-packages/airflow/example_dags/example_params_trigger_ui.py
[2024-10-26T19:34:47.199+0000] {logging_mixin.py:190} INFO - [2024-10-26T19:34:47.199+0000] {dag.py:3239} INFO - Sync 1 DAGs
[2024-10-26T19:34:47.213+0000] {logging_mixin.py:190} INFO - [2024-10-26T19:34:47.212+0000] {dag.py:4180} INFO - Setting next_dagrun for example_params_trigger_ui to None, run_after=None
[2024-10-26T19:34:47.234+0000] {processor.py:208} INFO - Processing /home/airflow/.local/lib/python3.12/site-packages/airflow/example_dags/example_params_trigger_ui.py took 0.096 seconds
[2024-10-26T19:35:19.832+0000] {processor.py:186} INFO - Started process (PID=16083) to work on /home/airflow/.local/lib/python3.12/site-packages/airflow/example_dags/example_params_trigger_ui.py
[2024-10-26T19:35:19.833+0000] {processor.py:914} INFO - Processing file /home/airflow/.local/lib/python3.12/site-packages/airflow/example_dags/example_params_trigger_ui.py for tasks to queue
[2024-10-26T19:35:19.836+0000] {logging_mixin.py:190} INFO - [2024-10-26T19:35:19.835+0000] {dagbag.py:588} INFO - Filling up the DagBag from /home/airflow/.local/lib/python3.12/site-packages/airflow/example_dags/example_params_trigger_ui.py
[2024-10-26T19:35:19.846+0000] {processor.py:925} INFO - DAG(s) 'example_params_trigger_ui' retrieved from /home/airflow/.local/lib/python3.12/site-packages/airflow/example_dags/example_params_trigger_ui.py
[2024-10-26T19:35:19.886+0000] {logging_mixin.py:190} INFO - [2024-10-26T19:35:19.886+0000] {dag.py:3239} INFO - Sync 1 DAGs
[2024-10-26T19:35:19.900+0000] {logging_mixin.py:190} INFO - [2024-10-26T19:35:19.900+0000] {dag.py:4180} INFO - Setting next_dagrun for example_params_trigger_ui to None, run_after=None
[2024-10-26T19:35:19.920+0000] {processor.py:208} INFO - Processing /home/airflow/.local/lib/python3.12/site-packages/airflow/example_dags/example_params_trigger_ui.py took 0.093 seconds
[2024-10-26T19:35:52.857+0000] {processor.py:186} INFO - Started process (PID=16147) to work on /home/airflow/.local/lib/python3.12/site-packages/airflow/example_dags/example_params_trigger_ui.py
[2024-10-26T19:35:52.858+0000] {processor.py:914} INFO - Processing file /home/airflow/.local/lib/python3.12/site-packages/airflow/example_dags/example_params_trigger_ui.py for tasks to queue
[2024-10-26T19:35:52.861+0000] {logging_mixin.py:190} INFO - [2024-10-26T19:35:52.861+0000] {dagbag.py:588} INFO - Filling up the DagBag from /home/airflow/.local/lib/python3.12/site-packages/airflow/example_dags/example_params_trigger_ui.py
[2024-10-26T19:35:52.877+0000] {processor.py:925} INFO - DAG(s) 'example_params_trigger_ui' retrieved from /home/airflow/.local/lib/python3.12/site-packages/airflow/example_dags/example_params_trigger_ui.py
[2024-10-26T19:35:52.938+0000] {logging_mixin.py:190} INFO - [2024-10-26T19:35:52.937+0000] {dag.py:3239} INFO - Sync 1 DAGs
[2024-10-26T19:35:52.957+0000] {logging_mixin.py:190} INFO - [2024-10-26T19:35:52.957+0000] {dag.py:4180} INFO - Setting next_dagrun for example_params_trigger_ui to None, run_after=None
[2024-10-26T19:35:52.985+0000] {processor.py:208} INFO - Processing /home/airflow/.local/lib/python3.12/site-packages/airflow/example_dags/example_params_trigger_ui.py took 0.137 seconds
[2024-10-26T19:36:25.814+0000] {processor.py:186} INFO - Started process (PID=16211) to work on /home/airflow/.local/lib/python3.12/site-packages/airflow/example_dags/example_params_trigger_ui.py
[2024-10-26T19:36:25.815+0000] {processor.py:914} INFO - Processing file /home/airflow/.local/lib/python3.12/site-packages/airflow/example_dags/example_params_trigger_ui.py for tasks to queue
[2024-10-26T19:36:25.817+0000] {logging_mixin.py:190} INFO - [2024-10-26T19:36:25.817+0000] {dagbag.py:588} INFO - Filling up the DagBag from /home/airflow/.local/lib/python3.12/site-packages/airflow/example_dags/example_params_trigger_ui.py
[2024-10-26T19:36:25.827+0000] {processor.py:925} INFO - DAG(s) 'example_params_trigger_ui' retrieved from /home/airflow/.local/lib/python3.12/site-packages/airflow/example_dags/example_params_trigger_ui.py
[2024-10-26T19:36:25.866+0000] {logging_mixin.py:190} INFO - [2024-10-26T19:36:25.866+0000] {dag.py:3239} INFO - Sync 1 DAGs
[2024-10-26T19:36:25.879+0000] {logging_mixin.py:190} INFO - [2024-10-26T19:36:25.879+0000] {dag.py:4180} INFO - Setting next_dagrun for example_params_trigger_ui to None, run_after=None
[2024-10-26T19:36:25.897+0000] {processor.py:208} INFO - Processing /home/airflow/.local/lib/python3.12/site-packages/airflow/example_dags/example_params_trigger_ui.py took 0.090 seconds
[2024-10-26T19:36:57.611+0000] {processor.py:186} INFO - Started process (PID=16275) to work on /home/airflow/.local/lib/python3.12/site-packages/airflow/example_dags/example_params_trigger_ui.py
[2024-10-26T19:36:57.613+0000] {processor.py:914} INFO - Processing file /home/airflow/.local/lib/python3.12/site-packages/airflow/example_dags/example_params_trigger_ui.py for tasks to queue
[2024-10-26T19:36:57.615+0000] {logging_mixin.py:190} INFO - [2024-10-26T19:36:57.615+0000] {dagbag.py:588} INFO - Filling up the DagBag from /home/airflow/.local/lib/python3.12/site-packages/airflow/example_dags/example_params_trigger_ui.py
[2024-10-26T19:36:57.625+0000] {processor.py:925} INFO - DAG(s) 'example_params_trigger_ui' retrieved from /home/airflow/.local/lib/python3.12/site-packages/airflow/example_dags/example_params_trigger_ui.py
[2024-10-26T19:36:57.674+0000] {logging_mixin.py:190} INFO - [2024-10-26T19:36:57.674+0000] {dag.py:3239} INFO - Sync 1 DAGs
[2024-10-26T19:36:57.691+0000] {logging_mixin.py:190} INFO - [2024-10-26T19:36:57.691+0000] {dag.py:4180} INFO - Setting next_dagrun for example_params_trigger_ui to None, run_after=None
[2024-10-26T19:36:57.714+0000] {processor.py:208} INFO - Processing /home/airflow/.local/lib/python3.12/site-packages/airflow/example_dags/example_params_trigger_ui.py took 0.108 seconds
[2024-10-26T19:37:30.998+0000] {processor.py:186} INFO - Started process (PID=16339) to work on /home/airflow/.local/lib/python3.12/site-packages/airflow/example_dags/example_params_trigger_ui.py
[2024-10-26T19:37:30.999+0000] {processor.py:914} INFO - Processing file /home/airflow/.local/lib/python3.12/site-packages/airflow/example_dags/example_params_trigger_ui.py for tasks to queue
[2024-10-26T19:37:31.001+0000] {logging_mixin.py:190} INFO - [2024-10-26T19:37:31.001+0000] {dagbag.py:588} INFO - Filling up the DagBag from /home/airflow/.local/lib/python3.12/site-packages/airflow/example_dags/example_params_trigger_ui.py
[2024-10-26T19:37:31.012+0000] {processor.py:925} INFO - DAG(s) 'example_params_trigger_ui' retrieved from /home/airflow/.local/lib/python3.12/site-packages/airflow/example_dags/example_params_trigger_ui.py
[2024-10-26T19:37:31.053+0000] {logging_mixin.py:190} INFO - [2024-10-26T19:37:31.052+0000] {dag.py:3239} INFO - Sync 1 DAGs
[2024-10-26T19:37:31.066+0000] {logging_mixin.py:190} INFO - [2024-10-26T19:37:31.065+0000] {dag.py:4180} INFO - Setting next_dagrun for example_params_trigger_ui to None, run_after=None
[2024-10-26T19:37:31.085+0000] {processor.py:208} INFO - Processing /home/airflow/.local/lib/python3.12/site-packages/airflow/example_dags/example_params_trigger_ui.py took 0.092 seconds
[2024-10-26T19:38:04.011+0000] {processor.py:186} INFO - Started process (PID=16403) to work on /home/airflow/.local/lib/python3.12/site-packages/airflow/example_dags/example_params_trigger_ui.py
[2024-10-26T19:38:04.013+0000] {processor.py:914} INFO - Processing file /home/airflow/.local/lib/python3.12/site-packages/airflow/example_dags/example_params_trigger_ui.py for tasks to queue
[2024-10-26T19:38:04.016+0000] {logging_mixin.py:190} INFO - [2024-10-26T19:38:04.016+0000] {dagbag.py:588} INFO - Filling up the DagBag from /home/airflow/.local/lib/python3.12/site-packages/airflow/example_dags/example_params_trigger_ui.py
[2024-10-26T19:38:04.031+0000] {processor.py:925} INFO - DAG(s) 'example_params_trigger_ui' retrieved from /home/airflow/.local/lib/python3.12/site-packages/airflow/example_dags/example_params_trigger_ui.py
[2024-10-26T19:38:04.074+0000] {logging_mixin.py:190} INFO - [2024-10-26T19:38:04.073+0000] {dag.py:3239} INFO - Sync 1 DAGs
[2024-10-26T19:38:04.089+0000] {logging_mixin.py:190} INFO - [2024-10-26T19:38:04.089+0000] {dag.py:4180} INFO - Setting next_dagrun for example_params_trigger_ui to None, run_after=None
[2024-10-26T19:38:04.110+0000] {processor.py:208} INFO - Processing /home/airflow/.local/lib/python3.12/site-packages/airflow/example_dags/example_params_trigger_ui.py took 0.105 seconds
[2024-10-26T19:38:36.133+0000] {processor.py:186} INFO - Started process (PID=16467) to work on /home/airflow/.local/lib/python3.12/site-packages/airflow/example_dags/example_params_trigger_ui.py
[2024-10-26T19:38:36.134+0000] {processor.py:914} INFO - Processing file /home/airflow/.local/lib/python3.12/site-packages/airflow/example_dags/example_params_trigger_ui.py for tasks to queue
[2024-10-26T19:38:36.136+0000] {logging_mixin.py:190} INFO - [2024-10-26T19:38:36.136+0000] {dagbag.py:588} INFO - Filling up the DagBag from /home/airflow/.local/lib/python3.12/site-packages/airflow/example_dags/example_params_trigger_ui.py
[2024-10-26T19:38:36.146+0000] {processor.py:925} INFO - DAG(s) 'example_params_trigger_ui' retrieved from /home/airflow/.local/lib/python3.12/site-packages/airflow/example_dags/example_params_trigger_ui.py
[2024-10-26T19:38:36.186+0000] {logging_mixin.py:190} INFO - [2024-10-26T19:38:36.186+0000] {dag.py:3239} INFO - Sync 1 DAGs
[2024-10-26T19:38:36.201+0000] {logging_mixin.py:190} INFO - [2024-10-26T19:38:36.201+0000] {dag.py:4180} INFO - Setting next_dagrun for example_params_trigger_ui to None, run_after=None
[2024-10-26T19:38:36.221+0000] {processor.py:208} INFO - Processing /home/airflow/.local/lib/python3.12/site-packages/airflow/example_dags/example_params_trigger_ui.py took 0.094 seconds
[2024-10-26T19:39:08.856+0000] {processor.py:186} INFO - Started process (PID=16531) to work on /home/airflow/.local/lib/python3.12/site-packages/airflow/example_dags/example_params_trigger_ui.py
[2024-10-26T19:39:08.858+0000] {processor.py:914} INFO - Processing file /home/airflow/.local/lib/python3.12/site-packages/airflow/example_dags/example_params_trigger_ui.py for tasks to queue
[2024-10-26T19:39:08.860+0000] {logging_mixin.py:190} INFO - [2024-10-26T19:39:08.860+0000] {dagbag.py:588} INFO - Filling up the DagBag from /home/airflow/.local/lib/python3.12/site-packages/airflow/example_dags/example_params_trigger_ui.py
[2024-10-26T19:39:08.872+0000] {processor.py:925} INFO - DAG(s) 'example_params_trigger_ui' retrieved from /home/airflow/.local/lib/python3.12/site-packages/airflow/example_dags/example_params_trigger_ui.py
[2024-10-26T19:39:08.918+0000] {logging_mixin.py:190} INFO - [2024-10-26T19:39:08.917+0000] {dag.py:3239} INFO - Sync 1 DAGs
[2024-10-26T19:39:08.932+0000] {logging_mixin.py:190} INFO - [2024-10-26T19:39:08.931+0000] {dag.py:4180} INFO - Setting next_dagrun for example_params_trigger_ui to None, run_after=None
[2024-10-26T19:39:08.951+0000] {processor.py:208} INFO - Processing /home/airflow/.local/lib/python3.12/site-packages/airflow/example_dags/example_params_trigger_ui.py took 0.101 seconds
[2024-10-26T19:39:41.629+0000] {processor.py:186} INFO - Started process (PID=16595) to work on /home/airflow/.local/lib/python3.12/site-packages/airflow/example_dags/example_params_trigger_ui.py
[2024-10-26T19:39:41.630+0000] {processor.py:914} INFO - Processing file /home/airflow/.local/lib/python3.12/site-packages/airflow/example_dags/example_params_trigger_ui.py for tasks to queue
[2024-10-26T19:39:41.633+0000] {logging_mixin.py:190} INFO - [2024-10-26T19:39:41.632+0000] {dagbag.py:588} INFO - Filling up the DagBag from /home/airflow/.local/lib/python3.12/site-packages/airflow/example_dags/example_params_trigger_ui.py
[2024-10-26T19:39:41.643+0000] {processor.py:925} INFO - DAG(s) 'example_params_trigger_ui' retrieved from /home/airflow/.local/lib/python3.12/site-packages/airflow/example_dags/example_params_trigger_ui.py
[2024-10-26T19:39:41.684+0000] {logging_mixin.py:190} INFO - [2024-10-26T19:39:41.684+0000] {dag.py:3239} INFO - Sync 1 DAGs
[2024-10-26T19:39:41.700+0000] {logging_mixin.py:190} INFO - [2024-10-26T19:39:41.700+0000] {dag.py:4180} INFO - Setting next_dagrun for example_params_trigger_ui to None, run_after=None
[2024-10-26T19:39:41.719+0000] {processor.py:208} INFO - Processing /home/airflow/.local/lib/python3.12/site-packages/airflow/example_dags/example_params_trigger_ui.py took 0.095 seconds
[2024-10-26T19:40:14.806+0000] {processor.py:186} INFO - Started process (PID=16659) to work on /home/airflow/.local/lib/python3.12/site-packages/airflow/example_dags/example_params_trigger_ui.py
[2024-10-26T19:40:14.807+0000] {processor.py:914} INFO - Processing file /home/airflow/.local/lib/python3.12/site-packages/airflow/example_dags/example_params_trigger_ui.py for tasks to queue
[2024-10-26T19:40:14.809+0000] {logging_mixin.py:190} INFO - [2024-10-26T19:40:14.809+0000] {dagbag.py:588} INFO - Filling up the DagBag from /home/airflow/.local/lib/python3.12/site-packages/airflow/example_dags/example_params_trigger_ui.py
[2024-10-26T19:40:14.822+0000] {processor.py:925} INFO - DAG(s) 'example_params_trigger_ui' retrieved from /home/airflow/.local/lib/python3.12/site-packages/airflow/example_dags/example_params_trigger_ui.py
[2024-10-26T19:40:14.866+0000] {logging_mixin.py:190} INFO - [2024-10-26T19:40:14.866+0000] {dag.py:3239} INFO - Sync 1 DAGs
[2024-10-26T19:40:14.882+0000] {logging_mixin.py:190} INFO - [2024-10-26T19:40:14.881+0000] {dag.py:4180} INFO - Setting next_dagrun for example_params_trigger_ui to None, run_after=None
[2024-10-26T19:40:14.904+0000] {processor.py:208} INFO - Processing /home/airflow/.local/lib/python3.12/site-packages/airflow/example_dags/example_params_trigger_ui.py took 0.107 seconds
[2024-10-26T19:40:46.725+0000] {processor.py:186} INFO - Started process (PID=16723) to work on /home/airflow/.local/lib/python3.12/site-packages/airflow/example_dags/example_params_trigger_ui.py
[2024-10-26T19:40:46.726+0000] {processor.py:914} INFO - Processing file /home/airflow/.local/lib/python3.12/site-packages/airflow/example_dags/example_params_trigger_ui.py for tasks to queue
[2024-10-26T19:40:46.729+0000] {logging_mixin.py:190} INFO - [2024-10-26T19:40:46.729+0000] {dagbag.py:588} INFO - Filling up the DagBag from /home/airflow/.local/lib/python3.12/site-packages/airflow/example_dags/example_params_trigger_ui.py
[2024-10-26T19:40:46.740+0000] {processor.py:925} INFO - DAG(s) 'example_params_trigger_ui' retrieved from /home/airflow/.local/lib/python3.12/site-packages/airflow/example_dags/example_params_trigger_ui.py
[2024-10-26T19:40:46.775+0000] {logging_mixin.py:190} INFO - [2024-10-26T19:40:46.775+0000] {dag.py:3239} INFO - Sync 1 DAGs
[2024-10-26T19:40:46.790+0000] {logging_mixin.py:190} INFO - [2024-10-26T19:40:46.789+0000] {dag.py:4180} INFO - Setting next_dagrun for example_params_trigger_ui to None, run_after=None
[2024-10-26T19:40:46.809+0000] {processor.py:208} INFO - Processing /home/airflow/.local/lib/python3.12/site-packages/airflow/example_dags/example_params_trigger_ui.py took 0.089 seconds
[2024-10-26T19:41:19.355+0000] {processor.py:186} INFO - Started process (PID=16787) to work on /home/airflow/.local/lib/python3.12/site-packages/airflow/example_dags/example_params_trigger_ui.py
[2024-10-26T19:41:19.356+0000] {processor.py:914} INFO - Processing file /home/airflow/.local/lib/python3.12/site-packages/airflow/example_dags/example_params_trigger_ui.py for tasks to queue
[2024-10-26T19:41:19.358+0000] {logging_mixin.py:190} INFO - [2024-10-26T19:41:19.358+0000] {dagbag.py:588} INFO - Filling up the DagBag from /home/airflow/.local/lib/python3.12/site-packages/airflow/example_dags/example_params_trigger_ui.py
[2024-10-26T19:41:19.368+0000] {processor.py:925} INFO - DAG(s) 'example_params_trigger_ui' retrieved from /home/airflow/.local/lib/python3.12/site-packages/airflow/example_dags/example_params_trigger_ui.py
[2024-10-26T19:41:19.408+0000] {logging_mixin.py:190} INFO - [2024-10-26T19:41:19.408+0000] {dag.py:3239} INFO - Sync 1 DAGs
[2024-10-26T19:41:19.421+0000] {logging_mixin.py:190} INFO - [2024-10-26T19:41:19.421+0000] {dag.py:4180} INFO - Setting next_dagrun for example_params_trigger_ui to None, run_after=None
[2024-10-26T19:41:19.441+0000] {processor.py:208} INFO - Processing /home/airflow/.local/lib/python3.12/site-packages/airflow/example_dags/example_params_trigger_ui.py took 0.091 seconds
[2024-10-26T19:41:52.242+0000] {processor.py:186} INFO - Started process (PID=16851) to work on /home/airflow/.local/lib/python3.12/site-packages/airflow/example_dags/example_params_trigger_ui.py
[2024-10-26T19:41:52.243+0000] {processor.py:914} INFO - Processing file /home/airflow/.local/lib/python3.12/site-packages/airflow/example_dags/example_params_trigger_ui.py for tasks to queue
[2024-10-26T19:41:52.245+0000] {logging_mixin.py:190} INFO - [2024-10-26T19:41:52.245+0000] {dagbag.py:588} INFO - Filling up the DagBag from /home/airflow/.local/lib/python3.12/site-packages/airflow/example_dags/example_params_trigger_ui.py
[2024-10-26T19:41:52.256+0000] {processor.py:925} INFO - DAG(s) 'example_params_trigger_ui' retrieved from /home/airflow/.local/lib/python3.12/site-packages/airflow/example_dags/example_params_trigger_ui.py
[2024-10-26T19:41:52.295+0000] {logging_mixin.py:190} INFO - [2024-10-26T19:41:52.295+0000] {dag.py:3239} INFO - Sync 1 DAGs
[2024-10-26T19:41:52.307+0000] {logging_mixin.py:190} INFO - [2024-10-26T19:41:52.307+0000] {dag.py:4180} INFO - Setting next_dagrun for example_params_trigger_ui to None, run_after=None
[2024-10-26T19:41:52.328+0000] {processor.py:208} INFO - Processing /home/airflow/.local/lib/python3.12/site-packages/airflow/example_dags/example_params_trigger_ui.py took 0.091 seconds
[2024-10-26T19:42:24.946+0000] {processor.py:186} INFO - Started process (PID=16915) to work on /home/airflow/.local/lib/python3.12/site-packages/airflow/example_dags/example_params_trigger_ui.py
[2024-10-26T19:42:24.948+0000] {processor.py:914} INFO - Processing file /home/airflow/.local/lib/python3.12/site-packages/airflow/example_dags/example_params_trigger_ui.py for tasks to queue
[2024-10-26T19:42:24.950+0000] {logging_mixin.py:190} INFO - [2024-10-26T19:42:24.950+0000] {dagbag.py:588} INFO - Filling up the DagBag from /home/airflow/.local/lib/python3.12/site-packages/airflow/example_dags/example_params_trigger_ui.py
[2024-10-26T19:42:24.960+0000] {processor.py:925} INFO - DAG(s) 'example_params_trigger_ui' retrieved from /home/airflow/.local/lib/python3.12/site-packages/airflow/example_dags/example_params_trigger_ui.py
[2024-10-26T19:42:24.998+0000] {logging_mixin.py:190} INFO - [2024-10-26T19:42:24.998+0000] {dag.py:3239} INFO - Sync 1 DAGs
[2024-10-26T19:42:25.011+0000] {logging_mixin.py:190} INFO - [2024-10-26T19:42:25.011+0000] {dag.py:4180} INFO - Setting next_dagrun for example_params_trigger_ui to None, run_after=None
[2024-10-26T19:42:25.030+0000] {processor.py:208} INFO - Processing /home/airflow/.local/lib/python3.12/site-packages/airflow/example_dags/example_params_trigger_ui.py took 0.089 seconds
[2024-10-26T19:42:58.462+0000] {processor.py:186} INFO - Started process (PID=16979) to work on /home/airflow/.local/lib/python3.12/site-packages/airflow/example_dags/example_params_trigger_ui.py
[2024-10-26T19:42:58.463+0000] {processor.py:914} INFO - Processing file /home/airflow/.local/lib/python3.12/site-packages/airflow/example_dags/example_params_trigger_ui.py for tasks to queue
[2024-10-26T19:42:58.465+0000] {logging_mixin.py:190} INFO - [2024-10-26T19:42:58.465+0000] {dagbag.py:588} INFO - Filling up the DagBag from /home/airflow/.local/lib/python3.12/site-packages/airflow/example_dags/example_params_trigger_ui.py
[2024-10-26T19:42:58.475+0000] {processor.py:925} INFO - DAG(s) 'example_params_trigger_ui' retrieved from /home/airflow/.local/lib/python3.12/site-packages/airflow/example_dags/example_params_trigger_ui.py
[2024-10-26T19:42:58.518+0000] {logging_mixin.py:190} INFO - [2024-10-26T19:42:58.518+0000] {dag.py:3239} INFO - Sync 1 DAGs
[2024-10-26T19:42:58.531+0000] {logging_mixin.py:190} INFO - [2024-10-26T19:42:58.530+0000] {dag.py:4180} INFO - Setting next_dagrun for example_params_trigger_ui to None, run_after=None
[2024-10-26T19:42:58.553+0000] {processor.py:208} INFO - Processing /home/airflow/.local/lib/python3.12/site-packages/airflow/example_dags/example_params_trigger_ui.py took 0.097 seconds
[2024-10-26T19:43:31.105+0000] {processor.py:186} INFO - Started process (PID=17043) to work on /home/airflow/.local/lib/python3.12/site-packages/airflow/example_dags/example_params_trigger_ui.py
[2024-10-26T19:43:31.107+0000] {processor.py:914} INFO - Processing file /home/airflow/.local/lib/python3.12/site-packages/airflow/example_dags/example_params_trigger_ui.py for tasks to queue
[2024-10-26T19:43:31.109+0000] {logging_mixin.py:190} INFO - [2024-10-26T19:43:31.109+0000] {dagbag.py:588} INFO - Filling up the DagBag from /home/airflow/.local/lib/python3.12/site-packages/airflow/example_dags/example_params_trigger_ui.py
[2024-10-26T19:43:31.120+0000] {processor.py:925} INFO - DAG(s) 'example_params_trigger_ui' retrieved from /home/airflow/.local/lib/python3.12/site-packages/airflow/example_dags/example_params_trigger_ui.py
[2024-10-26T19:43:31.157+0000] {logging_mixin.py:190} INFO - [2024-10-26T19:43:31.157+0000] {dag.py:3239} INFO - Sync 1 DAGs
[2024-10-26T19:43:31.171+0000] {logging_mixin.py:190} INFO - [2024-10-26T19:43:31.171+0000] {dag.py:4180} INFO - Setting next_dagrun for example_params_trigger_ui to None, run_after=None
[2024-10-26T19:43:31.192+0000] {processor.py:208} INFO - Processing /home/airflow/.local/lib/python3.12/site-packages/airflow/example_dags/example_params_trigger_ui.py took 0.091 seconds
[2024-10-26T19:44:03.909+0000] {processor.py:186} INFO - Started process (PID=17107) to work on /home/airflow/.local/lib/python3.12/site-packages/airflow/example_dags/example_params_trigger_ui.py
[2024-10-26T19:44:03.910+0000] {processor.py:914} INFO - Processing file /home/airflow/.local/lib/python3.12/site-packages/airflow/example_dags/example_params_trigger_ui.py for tasks to queue
[2024-10-26T19:44:03.912+0000] {logging_mixin.py:190} INFO - [2024-10-26T19:44:03.912+0000] {dagbag.py:588} INFO - Filling up the DagBag from /home/airflow/.local/lib/python3.12/site-packages/airflow/example_dags/example_params_trigger_ui.py
[2024-10-26T19:44:03.923+0000] {processor.py:925} INFO - DAG(s) 'example_params_trigger_ui' retrieved from /home/airflow/.local/lib/python3.12/site-packages/airflow/example_dags/example_params_trigger_ui.py
[2024-10-26T19:44:03.965+0000] {logging_mixin.py:190} INFO - [2024-10-26T19:44:03.965+0000] {dag.py:3239} INFO - Sync 1 DAGs
[2024-10-26T19:44:03.977+0000] {logging_mixin.py:190} INFO - [2024-10-26T19:44:03.977+0000] {dag.py:4180} INFO - Setting next_dagrun for example_params_trigger_ui to None, run_after=None
[2024-10-26T19:44:04.000+0000] {processor.py:208} INFO - Processing /home/airflow/.local/lib/python3.12/site-packages/airflow/example_dags/example_params_trigger_ui.py took 0.096 seconds
[2024-10-26T19:44:36.699+0000] {processor.py:186} INFO - Started process (PID=17171) to work on /home/airflow/.local/lib/python3.12/site-packages/airflow/example_dags/example_params_trigger_ui.py
[2024-10-26T19:44:36.701+0000] {processor.py:914} INFO - Processing file /home/airflow/.local/lib/python3.12/site-packages/airflow/example_dags/example_params_trigger_ui.py for tasks to queue
[2024-10-26T19:44:36.703+0000] {logging_mixin.py:190} INFO - [2024-10-26T19:44:36.703+0000] {dagbag.py:588} INFO - Filling up the DagBag from /home/airflow/.local/lib/python3.12/site-packages/airflow/example_dags/example_params_trigger_ui.py
[2024-10-26T19:44:36.713+0000] {processor.py:925} INFO - DAG(s) 'example_params_trigger_ui' retrieved from /home/airflow/.local/lib/python3.12/site-packages/airflow/example_dags/example_params_trigger_ui.py
[2024-10-26T19:44:36.753+0000] {logging_mixin.py:190} INFO - [2024-10-26T19:44:36.753+0000] {dag.py:3239} INFO - Sync 1 DAGs
[2024-10-26T19:44:36.767+0000] {logging_mixin.py:190} INFO - [2024-10-26T19:44:36.767+0000] {dag.py:4180} INFO - Setting next_dagrun for example_params_trigger_ui to None, run_after=None
[2024-10-26T19:44:36.789+0000] {processor.py:208} INFO - Processing /home/airflow/.local/lib/python3.12/site-packages/airflow/example_dags/example_params_trigger_ui.py took 0.095 seconds
[2024-10-26T19:45:09.515+0000] {processor.py:186} INFO - Started process (PID=17235) to work on /home/airflow/.local/lib/python3.12/site-packages/airflow/example_dags/example_params_trigger_ui.py
[2024-10-26T19:45:09.516+0000] {processor.py:914} INFO - Processing file /home/airflow/.local/lib/python3.12/site-packages/airflow/example_dags/example_params_trigger_ui.py for tasks to queue
[2024-10-26T19:45:09.519+0000] {logging_mixin.py:190} INFO - [2024-10-26T19:45:09.518+0000] {dagbag.py:588} INFO - Filling up the DagBag from /home/airflow/.local/lib/python3.12/site-packages/airflow/example_dags/example_params_trigger_ui.py
[2024-10-26T19:45:09.531+0000] {processor.py:925} INFO - DAG(s) 'example_params_trigger_ui' retrieved from /home/airflow/.local/lib/python3.12/site-packages/airflow/example_dags/example_params_trigger_ui.py
[2024-10-26T19:45:09.578+0000] {logging_mixin.py:190} INFO - [2024-10-26T19:45:09.578+0000] {dag.py:3239} INFO - Sync 1 DAGs
[2024-10-26T19:45:09.592+0000] {logging_mixin.py:190} INFO - [2024-10-26T19:45:09.592+0000] {dag.py:4180} INFO - Setting next_dagrun for example_params_trigger_ui to None, run_after=None
[2024-10-26T19:45:09.609+0000] {processor.py:208} INFO - Processing /home/airflow/.local/lib/python3.12/site-packages/airflow/example_dags/example_params_trigger_ui.py took 0.101 seconds
[2024-10-26T19:45:41.239+0000] {processor.py:186} INFO - Started process (PID=17299) to work on /home/airflow/.local/lib/python3.12/site-packages/airflow/example_dags/example_params_trigger_ui.py
[2024-10-26T19:45:41.240+0000] {processor.py:914} INFO - Processing file /home/airflow/.local/lib/python3.12/site-packages/airflow/example_dags/example_params_trigger_ui.py for tasks to queue
[2024-10-26T19:45:41.243+0000] {logging_mixin.py:190} INFO - [2024-10-26T19:45:41.242+0000] {dagbag.py:588} INFO - Filling up the DagBag from /home/airflow/.local/lib/python3.12/site-packages/airflow/example_dags/example_params_trigger_ui.py
[2024-10-26T19:45:41.253+0000] {processor.py:925} INFO - DAG(s) 'example_params_trigger_ui' retrieved from /home/airflow/.local/lib/python3.12/site-packages/airflow/example_dags/example_params_trigger_ui.py
[2024-10-26T19:45:41.294+0000] {logging_mixin.py:190} INFO - [2024-10-26T19:45:41.293+0000] {dag.py:3239} INFO - Sync 1 DAGs
[2024-10-26T19:45:41.307+0000] {logging_mixin.py:190} INFO - [2024-10-26T19:45:41.307+0000] {dag.py:4180} INFO - Setting next_dagrun for example_params_trigger_ui to None, run_after=None
[2024-10-26T19:45:41.326+0000] {processor.py:208} INFO - Processing /home/airflow/.local/lib/python3.12/site-packages/airflow/example_dags/example_params_trigger_ui.py took 0.093 seconds
[2024-10-26T19:46:14.788+0000] {processor.py:186} INFO - Started process (PID=17363) to work on /home/airflow/.local/lib/python3.12/site-packages/airflow/example_dags/example_params_trigger_ui.py
[2024-10-26T19:46:14.790+0000] {processor.py:914} INFO - Processing file /home/airflow/.local/lib/python3.12/site-packages/airflow/example_dags/example_params_trigger_ui.py for tasks to queue
[2024-10-26T19:46:14.793+0000] {logging_mixin.py:190} INFO - [2024-10-26T19:46:14.792+0000] {dagbag.py:588} INFO - Filling up the DagBag from /home/airflow/.local/lib/python3.12/site-packages/airflow/example_dags/example_params_trigger_ui.py
[2024-10-26T19:46:14.804+0000] {processor.py:925} INFO - DAG(s) 'example_params_trigger_ui' retrieved from /home/airflow/.local/lib/python3.12/site-packages/airflow/example_dags/example_params_trigger_ui.py
[2024-10-26T19:46:14.843+0000] {logging_mixin.py:190} INFO - [2024-10-26T19:46:14.842+0000] {dag.py:3239} INFO - Sync 1 DAGs
[2024-10-26T19:46:14.857+0000] {logging_mixin.py:190} INFO - [2024-10-26T19:46:14.857+0000] {dag.py:4180} INFO - Setting next_dagrun for example_params_trigger_ui to None, run_after=None
[2024-10-26T19:46:14.878+0000] {processor.py:208} INFO - Processing /home/airflow/.local/lib/python3.12/site-packages/airflow/example_dags/example_params_trigger_ui.py took 0.096 seconds
[2024-10-26T19:46:46.783+0000] {processor.py:186} INFO - Started process (PID=17427) to work on /home/airflow/.local/lib/python3.12/site-packages/airflow/example_dags/example_params_trigger_ui.py
[2024-10-26T19:46:46.785+0000] {processor.py:914} INFO - Processing file /home/airflow/.local/lib/python3.12/site-packages/airflow/example_dags/example_params_trigger_ui.py for tasks to queue
[2024-10-26T19:46:46.787+0000] {logging_mixin.py:190} INFO - [2024-10-26T19:46:46.787+0000] {dagbag.py:588} INFO - Filling up the DagBag from /home/airflow/.local/lib/python3.12/site-packages/airflow/example_dags/example_params_trigger_ui.py
[2024-10-26T19:46:46.799+0000] {processor.py:925} INFO - DAG(s) 'example_params_trigger_ui' retrieved from /home/airflow/.local/lib/python3.12/site-packages/airflow/example_dags/example_params_trigger_ui.py
[2024-10-26T19:46:46.841+0000] {logging_mixin.py:190} INFO - [2024-10-26T19:46:46.841+0000] {dag.py:3239} INFO - Sync 1 DAGs
[2024-10-26T19:46:46.855+0000] {logging_mixin.py:190} INFO - [2024-10-26T19:46:46.855+0000] {dag.py:4180} INFO - Setting next_dagrun for example_params_trigger_ui to None, run_after=None
[2024-10-26T19:46:46.876+0000] {processor.py:208} INFO - Processing /home/airflow/.local/lib/python3.12/site-packages/airflow/example_dags/example_params_trigger_ui.py took 0.098 seconds
[2024-10-26T19:47:20.413+0000] {processor.py:186} INFO - Started process (PID=17491) to work on /home/airflow/.local/lib/python3.12/site-packages/airflow/example_dags/example_params_trigger_ui.py
[2024-10-26T19:47:20.414+0000] {processor.py:914} INFO - Processing file /home/airflow/.local/lib/python3.12/site-packages/airflow/example_dags/example_params_trigger_ui.py for tasks to queue
[2024-10-26T19:47:20.417+0000] {logging_mixin.py:190} INFO - [2024-10-26T19:47:20.416+0000] {dagbag.py:588} INFO - Filling up the DagBag from /home/airflow/.local/lib/python3.12/site-packages/airflow/example_dags/example_params_trigger_ui.py
[2024-10-26T19:47:20.428+0000] {processor.py:925} INFO - DAG(s) 'example_params_trigger_ui' retrieved from /home/airflow/.local/lib/python3.12/site-packages/airflow/example_dags/example_params_trigger_ui.py
[2024-10-26T19:47:20.472+0000] {logging_mixin.py:190} INFO - [2024-10-26T19:47:20.472+0000] {dag.py:3239} INFO - Sync 1 DAGs
[2024-10-26T19:47:20.485+0000] {logging_mixin.py:190} INFO - [2024-10-26T19:47:20.485+0000] {dag.py:4180} INFO - Setting next_dagrun for example_params_trigger_ui to None, run_after=None
[2024-10-26T19:47:20.505+0000] {processor.py:208} INFO - Processing /home/airflow/.local/lib/python3.12/site-packages/airflow/example_dags/example_params_trigger_ui.py took 0.097 seconds
[2024-10-26T19:47:53.025+0000] {processor.py:186} INFO - Started process (PID=17555) to work on /home/airflow/.local/lib/python3.12/site-packages/airflow/example_dags/example_params_trigger_ui.py
[2024-10-26T19:47:53.026+0000] {processor.py:914} INFO - Processing file /home/airflow/.local/lib/python3.12/site-packages/airflow/example_dags/example_params_trigger_ui.py for tasks to queue
[2024-10-26T19:47:53.029+0000] {logging_mixin.py:190} INFO - [2024-10-26T19:47:53.029+0000] {dagbag.py:588} INFO - Filling up the DagBag from /home/airflow/.local/lib/python3.12/site-packages/airflow/example_dags/example_params_trigger_ui.py
[2024-10-26T19:47:53.039+0000] {processor.py:925} INFO - DAG(s) 'example_params_trigger_ui' retrieved from /home/airflow/.local/lib/python3.12/site-packages/airflow/example_dags/example_params_trigger_ui.py
[2024-10-26T19:47:53.076+0000] {logging_mixin.py:190} INFO - [2024-10-26T19:47:53.076+0000] {dag.py:3239} INFO - Sync 1 DAGs
[2024-10-26T19:47:53.089+0000] {logging_mixin.py:190} INFO - [2024-10-26T19:47:53.089+0000] {dag.py:4180} INFO - Setting next_dagrun for example_params_trigger_ui to None, run_after=None
[2024-10-26T19:47:53.107+0000] {processor.py:208} INFO - Processing /home/airflow/.local/lib/python3.12/site-packages/airflow/example_dags/example_params_trigger_ui.py took 0.086 seconds
[2024-10-26T19:48:25.581+0000] {processor.py:186} INFO - Started process (PID=17619) to work on /home/airflow/.local/lib/python3.12/site-packages/airflow/example_dags/example_params_trigger_ui.py
[2024-10-26T19:48:25.583+0000] {processor.py:914} INFO - Processing file /home/airflow/.local/lib/python3.12/site-packages/airflow/example_dags/example_params_trigger_ui.py for tasks to queue
[2024-10-26T19:48:25.585+0000] {logging_mixin.py:190} INFO - [2024-10-26T19:48:25.585+0000] {dagbag.py:588} INFO - Filling up the DagBag from /home/airflow/.local/lib/python3.12/site-packages/airflow/example_dags/example_params_trigger_ui.py
[2024-10-26T19:48:25.596+0000] {processor.py:925} INFO - DAG(s) 'example_params_trigger_ui' retrieved from /home/airflow/.local/lib/python3.12/site-packages/airflow/example_dags/example_params_trigger_ui.py
[2024-10-26T19:48:25.643+0000] {logging_mixin.py:190} INFO - [2024-10-26T19:48:25.642+0000] {dag.py:3239} INFO - Sync 1 DAGs
[2024-10-26T19:48:25.656+0000] {logging_mixin.py:190} INFO - [2024-10-26T19:48:25.655+0000] {dag.py:4180} INFO - Setting next_dagrun for example_params_trigger_ui to None, run_after=None
[2024-10-26T19:48:25.685+0000] {processor.py:208} INFO - Processing /home/airflow/.local/lib/python3.12/site-packages/airflow/example_dags/example_params_trigger_ui.py took 0.109 seconds
[2024-10-26T19:48:58.352+0000] {processor.py:186} INFO - Started process (PID=17683) to work on /home/airflow/.local/lib/python3.12/site-packages/airflow/example_dags/example_params_trigger_ui.py
[2024-10-26T19:48:58.353+0000] {processor.py:914} INFO - Processing file /home/airflow/.local/lib/python3.12/site-packages/airflow/example_dags/example_params_trigger_ui.py for tasks to queue
[2024-10-26T19:48:58.355+0000] {logging_mixin.py:190} INFO - [2024-10-26T19:48:58.355+0000] {dagbag.py:588} INFO - Filling up the DagBag from /home/airflow/.local/lib/python3.12/site-packages/airflow/example_dags/example_params_trigger_ui.py
[2024-10-26T19:48:58.366+0000] {processor.py:925} INFO - DAG(s) 'example_params_trigger_ui' retrieved from /home/airflow/.local/lib/python3.12/site-packages/airflow/example_dags/example_params_trigger_ui.py
[2024-10-26T19:48:58.408+0000] {logging_mixin.py:190} INFO - [2024-10-26T19:48:58.408+0000] {dag.py:3239} INFO - Sync 1 DAGs
[2024-10-26T19:48:58.422+0000] {logging_mixin.py:190} INFO - [2024-10-26T19:48:58.422+0000] {dag.py:4180} INFO - Setting next_dagrun for example_params_trigger_ui to None, run_after=None
[2024-10-26T19:48:58.439+0000] {processor.py:208} INFO - Processing /home/airflow/.local/lib/python3.12/site-packages/airflow/example_dags/example_params_trigger_ui.py took 0.093 seconds
[2024-10-26T19:49:31.146+0000] {processor.py:186} INFO - Started process (PID=17747) to work on /home/airflow/.local/lib/python3.12/site-packages/airflow/example_dags/example_params_trigger_ui.py
[2024-10-26T19:49:31.147+0000] {processor.py:914} INFO - Processing file /home/airflow/.local/lib/python3.12/site-packages/airflow/example_dags/example_params_trigger_ui.py for tasks to queue
[2024-10-26T19:49:31.150+0000] {logging_mixin.py:190} INFO - [2024-10-26T19:49:31.149+0000] {dagbag.py:588} INFO - Filling up the DagBag from /home/airflow/.local/lib/python3.12/site-packages/airflow/example_dags/example_params_trigger_ui.py
[2024-10-26T19:49:31.160+0000] {processor.py:925} INFO - DAG(s) 'example_params_trigger_ui' retrieved from /home/airflow/.local/lib/python3.12/site-packages/airflow/example_dags/example_params_trigger_ui.py
[2024-10-26T19:49:31.204+0000] {logging_mixin.py:190} INFO - [2024-10-26T19:49:31.204+0000] {dag.py:3239} INFO - Sync 1 DAGs
[2024-10-26T19:49:31.217+0000] {logging_mixin.py:190} INFO - [2024-10-26T19:49:31.217+0000] {dag.py:4180} INFO - Setting next_dagrun for example_params_trigger_ui to None, run_after=None
[2024-10-26T19:49:31.238+0000] {processor.py:208} INFO - Processing /home/airflow/.local/lib/python3.12/site-packages/airflow/example_dags/example_params_trigger_ui.py took 0.098 seconds
[2024-10-26T19:50:03.908+0000] {processor.py:186} INFO - Started process (PID=17811) to work on /home/airflow/.local/lib/python3.12/site-packages/airflow/example_dags/example_params_trigger_ui.py
[2024-10-26T19:50:03.909+0000] {processor.py:914} INFO - Processing file /home/airflow/.local/lib/python3.12/site-packages/airflow/example_dags/example_params_trigger_ui.py for tasks to queue
[2024-10-26T19:50:03.912+0000] {logging_mixin.py:190} INFO - [2024-10-26T19:50:03.912+0000] {dagbag.py:588} INFO - Filling up the DagBag from /home/airflow/.local/lib/python3.12/site-packages/airflow/example_dags/example_params_trigger_ui.py
[2024-10-26T19:50:03.923+0000] {processor.py:925} INFO - DAG(s) 'example_params_trigger_ui' retrieved from /home/airflow/.local/lib/python3.12/site-packages/airflow/example_dags/example_params_trigger_ui.py
[2024-10-26T19:50:03.959+0000] {logging_mixin.py:190} INFO - [2024-10-26T19:50:03.959+0000] {dag.py:3239} INFO - Sync 1 DAGs
[2024-10-26T19:50:03.972+0000] {logging_mixin.py:190} INFO - [2024-10-26T19:50:03.971+0000] {dag.py:4180} INFO - Setting next_dagrun for example_params_trigger_ui to None, run_after=None
[2024-10-26T19:50:03.990+0000] {processor.py:208} INFO - Processing /home/airflow/.local/lib/python3.12/site-packages/airflow/example_dags/example_params_trigger_ui.py took 0.089 seconds
[2024-10-26T19:50:35.804+0000] {processor.py:186} INFO - Started process (PID=17875) to work on /home/airflow/.local/lib/python3.12/site-packages/airflow/example_dags/example_params_trigger_ui.py
[2024-10-26T19:50:35.805+0000] {processor.py:914} INFO - Processing file /home/airflow/.local/lib/python3.12/site-packages/airflow/example_dags/example_params_trigger_ui.py for tasks to queue
[2024-10-26T19:50:35.807+0000] {logging_mixin.py:190} INFO - [2024-10-26T19:50:35.807+0000] {dagbag.py:588} INFO - Filling up the DagBag from /home/airflow/.local/lib/python3.12/site-packages/airflow/example_dags/example_params_trigger_ui.py
[2024-10-26T19:50:35.821+0000] {processor.py:925} INFO - DAG(s) 'example_params_trigger_ui' retrieved from /home/airflow/.local/lib/python3.12/site-packages/airflow/example_dags/example_params_trigger_ui.py
[2024-10-26T19:50:35.873+0000] {logging_mixin.py:190} INFO - [2024-10-26T19:50:35.872+0000] {dag.py:3239} INFO - Sync 1 DAGs
[2024-10-26T19:50:35.887+0000] {logging_mixin.py:190} INFO - [2024-10-26T19:50:35.887+0000] {dag.py:4180} INFO - Setting next_dagrun for example_params_trigger_ui to None, run_after=None
[2024-10-26T19:50:35.908+0000] {processor.py:208} INFO - Processing /home/airflow/.local/lib/python3.12/site-packages/airflow/example_dags/example_params_trigger_ui.py took 0.110 seconds
[2024-10-26T19:51:08.611+0000] {processor.py:186} INFO - Started process (PID=17939) to work on /home/airflow/.local/lib/python3.12/site-packages/airflow/example_dags/example_params_trigger_ui.py
[2024-10-26T19:51:08.612+0000] {processor.py:914} INFO - Processing file /home/airflow/.local/lib/python3.12/site-packages/airflow/example_dags/example_params_trigger_ui.py for tasks to queue
[2024-10-26T19:51:08.615+0000] {logging_mixin.py:190} INFO - [2024-10-26T19:51:08.615+0000] {dagbag.py:588} INFO - Filling up the DagBag from /home/airflow/.local/lib/python3.12/site-packages/airflow/example_dags/example_params_trigger_ui.py
[2024-10-26T19:51:08.626+0000] {processor.py:925} INFO - DAG(s) 'example_params_trigger_ui' retrieved from /home/airflow/.local/lib/python3.12/site-packages/airflow/example_dags/example_params_trigger_ui.py
[2024-10-26T19:51:08.670+0000] {logging_mixin.py:190} INFO - [2024-10-26T19:51:08.669+0000] {dag.py:3239} INFO - Sync 1 DAGs
[2024-10-26T19:51:08.684+0000] {logging_mixin.py:190} INFO - [2024-10-26T19:51:08.683+0000] {dag.py:4180} INFO - Setting next_dagrun for example_params_trigger_ui to None, run_after=None
[2024-10-26T19:51:08.707+0000] {processor.py:208} INFO - Processing /home/airflow/.local/lib/python3.12/site-packages/airflow/example_dags/example_params_trigger_ui.py took 0.101 seconds
[2024-10-26T19:51:41.248+0000] {processor.py:186} INFO - Started process (PID=18003) to work on /home/airflow/.local/lib/python3.12/site-packages/airflow/example_dags/example_params_trigger_ui.py
[2024-10-26T19:51:41.249+0000] {processor.py:914} INFO - Processing file /home/airflow/.local/lib/python3.12/site-packages/airflow/example_dags/example_params_trigger_ui.py for tasks to queue
[2024-10-26T19:51:41.252+0000] {logging_mixin.py:190} INFO - [2024-10-26T19:51:41.251+0000] {dagbag.py:588} INFO - Filling up the DagBag from /home/airflow/.local/lib/python3.12/site-packages/airflow/example_dags/example_params_trigger_ui.py
[2024-10-26T19:51:41.262+0000] {processor.py:925} INFO - DAG(s) 'example_params_trigger_ui' retrieved from /home/airflow/.local/lib/python3.12/site-packages/airflow/example_dags/example_params_trigger_ui.py
[2024-10-26T19:51:41.308+0000] {logging_mixin.py:190} INFO - [2024-10-26T19:51:41.307+0000] {dag.py:3239} INFO - Sync 1 DAGs
[2024-10-26T19:51:41.322+0000] {logging_mixin.py:190} INFO - [2024-10-26T19:51:41.322+0000] {dag.py:4180} INFO - Setting next_dagrun for example_params_trigger_ui to None, run_after=None
[2024-10-26T19:51:41.344+0000] {processor.py:208} INFO - Processing /home/airflow/.local/lib/python3.12/site-packages/airflow/example_dags/example_params_trigger_ui.py took 0.102 seconds
[2024-10-26T19:52:14.219+0000] {processor.py:186} INFO - Started process (PID=18067) to work on /home/airflow/.local/lib/python3.12/site-packages/airflow/example_dags/example_params_trigger_ui.py
[2024-10-26T19:52:14.221+0000] {processor.py:914} INFO - Processing file /home/airflow/.local/lib/python3.12/site-packages/airflow/example_dags/example_params_trigger_ui.py for tasks to queue
[2024-10-26T19:52:14.223+0000] {logging_mixin.py:190} INFO - [2024-10-26T19:52:14.223+0000] {dagbag.py:588} INFO - Filling up the DagBag from /home/airflow/.local/lib/python3.12/site-packages/airflow/example_dags/example_params_trigger_ui.py
[2024-10-26T19:52:14.233+0000] {processor.py:925} INFO - DAG(s) 'example_params_trigger_ui' retrieved from /home/airflow/.local/lib/python3.12/site-packages/airflow/example_dags/example_params_trigger_ui.py
[2024-10-26T19:52:14.273+0000] {logging_mixin.py:190} INFO - [2024-10-26T19:52:14.272+0000] {dag.py:3239} INFO - Sync 1 DAGs
[2024-10-26T19:52:14.287+0000] {logging_mixin.py:190} INFO - [2024-10-26T19:52:14.287+0000] {dag.py:4180} INFO - Setting next_dagrun for example_params_trigger_ui to None, run_after=None
[2024-10-26T19:52:14.310+0000] {processor.py:208} INFO - Processing /home/airflow/.local/lib/python3.12/site-packages/airflow/example_dags/example_params_trigger_ui.py took 0.096 seconds
[2024-10-26T19:52:47.220+0000] {processor.py:186} INFO - Started process (PID=18131) to work on /home/airflow/.local/lib/python3.12/site-packages/airflow/example_dags/example_params_trigger_ui.py
[2024-10-26T19:52:47.221+0000] {processor.py:914} INFO - Processing file /home/airflow/.local/lib/python3.12/site-packages/airflow/example_dags/example_params_trigger_ui.py for tasks to queue
[2024-10-26T19:52:47.223+0000] {logging_mixin.py:190} INFO - [2024-10-26T19:52:47.223+0000] {dagbag.py:588} INFO - Filling up the DagBag from /home/airflow/.local/lib/python3.12/site-packages/airflow/example_dags/example_params_trigger_ui.py
[2024-10-26T19:52:47.235+0000] {processor.py:925} INFO - DAG(s) 'example_params_trigger_ui' retrieved from /home/airflow/.local/lib/python3.12/site-packages/airflow/example_dags/example_params_trigger_ui.py
[2024-10-26T19:52:47.271+0000] {logging_mixin.py:190} INFO - [2024-10-26T19:52:47.270+0000] {dag.py:3239} INFO - Sync 1 DAGs
[2024-10-26T19:52:47.283+0000] {logging_mixin.py:190} INFO - [2024-10-26T19:52:47.283+0000] {dag.py:4180} INFO - Setting next_dagrun for example_params_trigger_ui to None, run_after=None
[2024-10-26T19:52:47.305+0000] {processor.py:208} INFO - Processing /home/airflow/.local/lib/python3.12/site-packages/airflow/example_dags/example_params_trigger_ui.py took 0.091 seconds
[2024-10-26T19:53:19.825+0000] {processor.py:186} INFO - Started process (PID=18195) to work on /home/airflow/.local/lib/python3.12/site-packages/airflow/example_dags/example_params_trigger_ui.py
[2024-10-26T19:53:19.826+0000] {processor.py:914} INFO - Processing file /home/airflow/.local/lib/python3.12/site-packages/airflow/example_dags/example_params_trigger_ui.py for tasks to queue
[2024-10-26T19:53:19.830+0000] {logging_mixin.py:190} INFO - [2024-10-26T19:53:19.829+0000] {dagbag.py:588} INFO - Filling up the DagBag from /home/airflow/.local/lib/python3.12/site-packages/airflow/example_dags/example_params_trigger_ui.py
[2024-10-26T19:53:19.840+0000] {processor.py:925} INFO - DAG(s) 'example_params_trigger_ui' retrieved from /home/airflow/.local/lib/python3.12/site-packages/airflow/example_dags/example_params_trigger_ui.py
[2024-10-26T19:53:19.883+0000] {logging_mixin.py:190} INFO - [2024-10-26T19:53:19.883+0000] {dag.py:3239} INFO - Sync 1 DAGs
[2024-10-26T19:53:19.896+0000] {logging_mixin.py:190} INFO - [2024-10-26T19:53:19.896+0000] {dag.py:4180} INFO - Setting next_dagrun for example_params_trigger_ui to None, run_after=None
[2024-10-26T19:53:19.916+0000] {processor.py:208} INFO - Processing /home/airflow/.local/lib/python3.12/site-packages/airflow/example_dags/example_params_trigger_ui.py took 0.096 seconds
[2024-10-26T19:53:52.376+0000] {processor.py:186} INFO - Started process (PID=18259) to work on /home/airflow/.local/lib/python3.12/site-packages/airflow/example_dags/example_params_trigger_ui.py
[2024-10-26T19:53:52.378+0000] {processor.py:914} INFO - Processing file /home/airflow/.local/lib/python3.12/site-packages/airflow/example_dags/example_params_trigger_ui.py for tasks to queue
[2024-10-26T19:53:52.381+0000] {logging_mixin.py:190} INFO - [2024-10-26T19:53:52.381+0000] {dagbag.py:588} INFO - Filling up the DagBag from /home/airflow/.local/lib/python3.12/site-packages/airflow/example_dags/example_params_trigger_ui.py
[2024-10-26T19:53:52.392+0000] {processor.py:925} INFO - DAG(s) 'example_params_trigger_ui' retrieved from /home/airflow/.local/lib/python3.12/site-packages/airflow/example_dags/example_params_trigger_ui.py
[2024-10-26T19:53:52.434+0000] {logging_mixin.py:190} INFO - [2024-10-26T19:53:52.434+0000] {dag.py:3239} INFO - Sync 1 DAGs
[2024-10-26T19:53:52.446+0000] {logging_mixin.py:190} INFO - [2024-10-26T19:53:52.446+0000] {dag.py:4180} INFO - Setting next_dagrun for example_params_trigger_ui to None, run_after=None
[2024-10-26T19:53:52.466+0000] {processor.py:208} INFO - Processing /home/airflow/.local/lib/python3.12/site-packages/airflow/example_dags/example_params_trigger_ui.py took 0.096 seconds
[2024-10-26T19:54:25.171+0000] {processor.py:186} INFO - Started process (PID=18323) to work on /home/airflow/.local/lib/python3.12/site-packages/airflow/example_dags/example_params_trigger_ui.py
[2024-10-26T19:54:25.172+0000] {processor.py:914} INFO - Processing file /home/airflow/.local/lib/python3.12/site-packages/airflow/example_dags/example_params_trigger_ui.py for tasks to queue
[2024-10-26T19:54:25.175+0000] {logging_mixin.py:190} INFO - [2024-10-26T19:54:25.175+0000] {dagbag.py:588} INFO - Filling up the DagBag from /home/airflow/.local/lib/python3.12/site-packages/airflow/example_dags/example_params_trigger_ui.py
[2024-10-26T19:54:25.187+0000] {processor.py:925} INFO - DAG(s) 'example_params_trigger_ui' retrieved from /home/airflow/.local/lib/python3.12/site-packages/airflow/example_dags/example_params_trigger_ui.py
[2024-10-26T19:54:25.228+0000] {logging_mixin.py:190} INFO - [2024-10-26T19:54:25.228+0000] {dag.py:3239} INFO - Sync 1 DAGs
[2024-10-26T19:54:25.242+0000] {logging_mixin.py:190} INFO - [2024-10-26T19:54:25.242+0000] {dag.py:4180} INFO - Setting next_dagrun for example_params_trigger_ui to None, run_after=None
[2024-10-26T19:54:25.262+0000] {processor.py:208} INFO - Processing /home/airflow/.local/lib/python3.12/site-packages/airflow/example_dags/example_params_trigger_ui.py took 0.097 seconds
[2024-10-26T19:54:58.070+0000] {processor.py:186} INFO - Started process (PID=18387) to work on /home/airflow/.local/lib/python3.12/site-packages/airflow/example_dags/example_params_trigger_ui.py
[2024-10-26T19:54:58.071+0000] {processor.py:914} INFO - Processing file /home/airflow/.local/lib/python3.12/site-packages/airflow/example_dags/example_params_trigger_ui.py for tasks to queue
[2024-10-26T19:54:58.074+0000] {logging_mixin.py:190} INFO - [2024-10-26T19:54:58.073+0000] {dagbag.py:588} INFO - Filling up the DagBag from /home/airflow/.local/lib/python3.12/site-packages/airflow/example_dags/example_params_trigger_ui.py
[2024-10-26T19:54:58.084+0000] {processor.py:925} INFO - DAG(s) 'example_params_trigger_ui' retrieved from /home/airflow/.local/lib/python3.12/site-packages/airflow/example_dags/example_params_trigger_ui.py
[2024-10-26T19:54:58.126+0000] {logging_mixin.py:190} INFO - [2024-10-26T19:54:58.125+0000] {dag.py:3239} INFO - Sync 1 DAGs
[2024-10-26T19:54:58.138+0000] {logging_mixin.py:190} INFO - [2024-10-26T19:54:58.138+0000] {dag.py:4180} INFO - Setting next_dagrun for example_params_trigger_ui to None, run_after=None
[2024-10-26T19:54:58.159+0000] {processor.py:208} INFO - Processing /home/airflow/.local/lib/python3.12/site-packages/airflow/example_dags/example_params_trigger_ui.py took 0.095 seconds
[2024-10-26T19:55:30.667+0000] {processor.py:186} INFO - Started process (PID=18451) to work on /home/airflow/.local/lib/python3.12/site-packages/airflow/example_dags/example_params_trigger_ui.py
[2024-10-26T19:55:30.668+0000] {processor.py:914} INFO - Processing file /home/airflow/.local/lib/python3.12/site-packages/airflow/example_dags/example_params_trigger_ui.py for tasks to queue
[2024-10-26T19:55:30.672+0000] {logging_mixin.py:190} INFO - [2024-10-26T19:55:30.671+0000] {dagbag.py:588} INFO - Filling up the DagBag from /home/airflow/.local/lib/python3.12/site-packages/airflow/example_dags/example_params_trigger_ui.py
[2024-10-26T19:55:30.683+0000] {processor.py:925} INFO - DAG(s) 'example_params_trigger_ui' retrieved from /home/airflow/.local/lib/python3.12/site-packages/airflow/example_dags/example_params_trigger_ui.py
[2024-10-26T19:55:30.737+0000] {logging_mixin.py:190} INFO - [2024-10-26T19:55:30.737+0000] {dag.py:3239} INFO - Sync 1 DAGs
[2024-10-26T19:55:30.752+0000] {logging_mixin.py:190} INFO - [2024-10-26T19:55:30.752+0000] {dag.py:4180} INFO - Setting next_dagrun for example_params_trigger_ui to None, run_after=None
[2024-10-26T19:55:30.775+0000] {processor.py:208} INFO - Processing /home/airflow/.local/lib/python3.12/site-packages/airflow/example_dags/example_params_trigger_ui.py took 0.115 seconds
[2024-10-26T19:56:03.867+0000] {processor.py:186} INFO - Started process (PID=18515) to work on /home/airflow/.local/lib/python3.12/site-packages/airflow/example_dags/example_params_trigger_ui.py
[2024-10-26T19:56:03.869+0000] {processor.py:914} INFO - Processing file /home/airflow/.local/lib/python3.12/site-packages/airflow/example_dags/example_params_trigger_ui.py for tasks to queue
[2024-10-26T19:56:03.872+0000] {logging_mixin.py:190} INFO - [2024-10-26T19:56:03.872+0000] {dagbag.py:588} INFO - Filling up the DagBag from /home/airflow/.local/lib/python3.12/site-packages/airflow/example_dags/example_params_trigger_ui.py
[2024-10-26T19:56:03.889+0000] {processor.py:925} INFO - DAG(s) 'example_params_trigger_ui' retrieved from /home/airflow/.local/lib/python3.12/site-packages/airflow/example_dags/example_params_trigger_ui.py
[2024-10-26T19:56:03.949+0000] {logging_mixin.py:190} INFO - [2024-10-26T19:56:03.948+0000] {dag.py:3239} INFO - Sync 1 DAGs
[2024-10-26T19:56:03.969+0000] {logging_mixin.py:190} INFO - [2024-10-26T19:56:03.969+0000] {dag.py:4180} INFO - Setting next_dagrun for example_params_trigger_ui to None, run_after=None
[2024-10-26T19:56:04.004+0000] {processor.py:208} INFO - Processing /home/airflow/.local/lib/python3.12/site-packages/airflow/example_dags/example_params_trigger_ui.py took 0.144 seconds
[2024-10-26T19:56:36.517+0000] {processor.py:186} INFO - Started process (PID=18579) to work on /home/airflow/.local/lib/python3.12/site-packages/airflow/example_dags/example_params_trigger_ui.py
[2024-10-26T19:56:36.518+0000] {processor.py:914} INFO - Processing file /home/airflow/.local/lib/python3.12/site-packages/airflow/example_dags/example_params_trigger_ui.py for tasks to queue
[2024-10-26T19:56:36.521+0000] {logging_mixin.py:190} INFO - [2024-10-26T19:56:36.520+0000] {dagbag.py:588} INFO - Filling up the DagBag from /home/airflow/.local/lib/python3.12/site-packages/airflow/example_dags/example_params_trigger_ui.py
[2024-10-26T19:56:36.532+0000] {processor.py:925} INFO - DAG(s) 'example_params_trigger_ui' retrieved from /home/airflow/.local/lib/python3.12/site-packages/airflow/example_dags/example_params_trigger_ui.py
[2024-10-26T19:56:36.571+0000] {logging_mixin.py:190} INFO - [2024-10-26T19:56:36.571+0000] {dag.py:3239} INFO - Sync 1 DAGs
[2024-10-26T19:56:36.590+0000] {logging_mixin.py:190} INFO - [2024-10-26T19:56:36.590+0000] {dag.py:4180} INFO - Setting next_dagrun for example_params_trigger_ui to None, run_after=None
[2024-10-26T19:56:36.610+0000] {processor.py:208} INFO - Processing /home/airflow/.local/lib/python3.12/site-packages/airflow/example_dags/example_params_trigger_ui.py took 0.099 seconds
[2024-10-26T19:57:09.244+0000] {processor.py:186} INFO - Started process (PID=18643) to work on /home/airflow/.local/lib/python3.12/site-packages/airflow/example_dags/example_params_trigger_ui.py
[2024-10-26T19:57:09.245+0000] {processor.py:914} INFO - Processing file /home/airflow/.local/lib/python3.12/site-packages/airflow/example_dags/example_params_trigger_ui.py for tasks to queue
[2024-10-26T19:57:09.247+0000] {logging_mixin.py:190} INFO - [2024-10-26T19:57:09.247+0000] {dagbag.py:588} INFO - Filling up the DagBag from /home/airflow/.local/lib/python3.12/site-packages/airflow/example_dags/example_params_trigger_ui.py
[2024-10-26T19:57:09.257+0000] {processor.py:925} INFO - DAG(s) 'example_params_trigger_ui' retrieved from /home/airflow/.local/lib/python3.12/site-packages/airflow/example_dags/example_params_trigger_ui.py
[2024-10-26T19:57:09.295+0000] {logging_mixin.py:190} INFO - [2024-10-26T19:57:09.294+0000] {dag.py:3239} INFO - Sync 1 DAGs
[2024-10-26T19:57:09.311+0000] {logging_mixin.py:190} INFO - [2024-10-26T19:57:09.310+0000] {dag.py:4180} INFO - Setting next_dagrun for example_params_trigger_ui to None, run_after=None
[2024-10-26T19:57:09.331+0000] {processor.py:208} INFO - Processing /home/airflow/.local/lib/python3.12/site-packages/airflow/example_dags/example_params_trigger_ui.py took 0.093 seconds
[2024-10-26T19:57:41.861+0000] {processor.py:186} INFO - Started process (PID=18707) to work on /home/airflow/.local/lib/python3.12/site-packages/airflow/example_dags/example_params_trigger_ui.py
[2024-10-26T19:57:41.862+0000] {processor.py:914} INFO - Processing file /home/airflow/.local/lib/python3.12/site-packages/airflow/example_dags/example_params_trigger_ui.py for tasks to queue
[2024-10-26T19:57:41.865+0000] {logging_mixin.py:190} INFO - [2024-10-26T19:57:41.864+0000] {dagbag.py:588} INFO - Filling up the DagBag from /home/airflow/.local/lib/python3.12/site-packages/airflow/example_dags/example_params_trigger_ui.py
[2024-10-26T19:57:41.875+0000] {processor.py:925} INFO - DAG(s) 'example_params_trigger_ui' retrieved from /home/airflow/.local/lib/python3.12/site-packages/airflow/example_dags/example_params_trigger_ui.py
[2024-10-26T19:57:41.918+0000] {logging_mixin.py:190} INFO - [2024-10-26T19:57:41.918+0000] {dag.py:3239} INFO - Sync 1 DAGs
[2024-10-26T19:57:41.931+0000] {logging_mixin.py:190} INFO - [2024-10-26T19:57:41.931+0000] {dag.py:4180} INFO - Setting next_dagrun for example_params_trigger_ui to None, run_after=None
[2024-10-26T19:57:41.954+0000] {processor.py:208} INFO - Processing /home/airflow/.local/lib/python3.12/site-packages/airflow/example_dags/example_params_trigger_ui.py took 0.099 seconds
[2024-10-26T19:58:14.674+0000] {processor.py:186} INFO - Started process (PID=18771) to work on /home/airflow/.local/lib/python3.12/site-packages/airflow/example_dags/example_params_trigger_ui.py
[2024-10-26T19:58:14.675+0000] {processor.py:914} INFO - Processing file /home/airflow/.local/lib/python3.12/site-packages/airflow/example_dags/example_params_trigger_ui.py for tasks to queue
[2024-10-26T19:58:14.678+0000] {logging_mixin.py:190} INFO - [2024-10-26T19:58:14.677+0000] {dagbag.py:588} INFO - Filling up the DagBag from /home/airflow/.local/lib/python3.12/site-packages/airflow/example_dags/example_params_trigger_ui.py
[2024-10-26T19:58:14.688+0000] {processor.py:925} INFO - DAG(s) 'example_params_trigger_ui' retrieved from /home/airflow/.local/lib/python3.12/site-packages/airflow/example_dags/example_params_trigger_ui.py
[2024-10-26T19:58:14.732+0000] {logging_mixin.py:190} INFO - [2024-10-26T19:58:14.732+0000] {dag.py:3239} INFO - Sync 1 DAGs
[2024-10-26T19:58:14.747+0000] {logging_mixin.py:190} INFO - [2024-10-26T19:58:14.747+0000] {dag.py:4180} INFO - Setting next_dagrun for example_params_trigger_ui to None, run_after=None
[2024-10-26T19:58:14.765+0000] {processor.py:208} INFO - Processing /home/airflow/.local/lib/python3.12/site-packages/airflow/example_dags/example_params_trigger_ui.py took 0.097 seconds
[2024-10-26T19:58:47.515+0000] {processor.py:186} INFO - Started process (PID=18835) to work on /home/airflow/.local/lib/python3.12/site-packages/airflow/example_dags/example_params_trigger_ui.py
[2024-10-26T19:58:47.516+0000] {processor.py:914} INFO - Processing file /home/airflow/.local/lib/python3.12/site-packages/airflow/example_dags/example_params_trigger_ui.py for tasks to queue
[2024-10-26T19:58:47.518+0000] {logging_mixin.py:190} INFO - [2024-10-26T19:58:47.517+0000] {dagbag.py:588} INFO - Filling up the DagBag from /home/airflow/.local/lib/python3.12/site-packages/airflow/example_dags/example_params_trigger_ui.py
[2024-10-26T19:58:47.528+0000] {processor.py:925} INFO - DAG(s) 'example_params_trigger_ui' retrieved from /home/airflow/.local/lib/python3.12/site-packages/airflow/example_dags/example_params_trigger_ui.py
[2024-10-26T19:58:47.572+0000] {logging_mixin.py:190} INFO - [2024-10-26T19:58:47.572+0000] {dag.py:3239} INFO - Sync 1 DAGs
[2024-10-26T19:58:47.584+0000] {logging_mixin.py:190} INFO - [2024-10-26T19:58:47.584+0000] {dag.py:4180} INFO - Setting next_dagrun for example_params_trigger_ui to None, run_after=None
[2024-10-26T19:58:47.607+0000] {processor.py:208} INFO - Processing /home/airflow/.local/lib/python3.12/site-packages/airflow/example_dags/example_params_trigger_ui.py took 0.097 seconds
[2024-10-26T19:59:20.409+0000] {processor.py:186} INFO - Started process (PID=18899) to work on /home/airflow/.local/lib/python3.12/site-packages/airflow/example_dags/example_params_trigger_ui.py
[2024-10-26T19:59:20.411+0000] {processor.py:914} INFO - Processing file /home/airflow/.local/lib/python3.12/site-packages/airflow/example_dags/example_params_trigger_ui.py for tasks to queue
[2024-10-26T19:59:20.424+0000] {logging_mixin.py:190} INFO - [2024-10-26T19:59:20.424+0000] {dagbag.py:588} INFO - Filling up the DagBag from /home/airflow/.local/lib/python3.12/site-packages/airflow/example_dags/example_params_trigger_ui.py
[2024-10-26T19:59:20.458+0000] {processor.py:925} INFO - DAG(s) 'example_params_trigger_ui' retrieved from /home/airflow/.local/lib/python3.12/site-packages/airflow/example_dags/example_params_trigger_ui.py
[2024-10-26T19:59:20.536+0000] {logging_mixin.py:190} INFO - [2024-10-26T19:59:20.536+0000] {dag.py:3239} INFO - Sync 1 DAGs
[2024-10-26T19:59:20.554+0000] {logging_mixin.py:190} INFO - [2024-10-26T19:59:20.554+0000] {dag.py:4180} INFO - Setting next_dagrun for example_params_trigger_ui to None, run_after=None
[2024-10-26T19:59:20.580+0000] {processor.py:208} INFO - Processing /home/airflow/.local/lib/python3.12/site-packages/airflow/example_dags/example_params_trigger_ui.py took 0.179 seconds
[2024-10-26T19:59:52.443+0000] {processor.py:186} INFO - Started process (PID=18963) to work on /home/airflow/.local/lib/python3.12/site-packages/airflow/example_dags/example_params_trigger_ui.py
[2024-10-26T19:59:52.444+0000] {processor.py:914} INFO - Processing file /home/airflow/.local/lib/python3.12/site-packages/airflow/example_dags/example_params_trigger_ui.py for tasks to queue
[2024-10-26T19:59:52.447+0000] {logging_mixin.py:190} INFO - [2024-10-26T19:59:52.447+0000] {dagbag.py:588} INFO - Filling up the DagBag from /home/airflow/.local/lib/python3.12/site-packages/airflow/example_dags/example_params_trigger_ui.py
[2024-10-26T19:59:52.459+0000] {processor.py:925} INFO - DAG(s) 'example_params_trigger_ui' retrieved from /home/airflow/.local/lib/python3.12/site-packages/airflow/example_dags/example_params_trigger_ui.py
[2024-10-26T19:59:52.509+0000] {logging_mixin.py:190} INFO - [2024-10-26T19:59:52.509+0000] {dag.py:3239} INFO - Sync 1 DAGs
[2024-10-26T19:59:52.525+0000] {logging_mixin.py:190} INFO - [2024-10-26T19:59:52.524+0000] {dag.py:4180} INFO - Setting next_dagrun for example_params_trigger_ui to None, run_after=None
[2024-10-26T19:59:52.548+0000] {processor.py:208} INFO - Processing /home/airflow/.local/lib/python3.12/site-packages/airflow/example_dags/example_params_trigger_ui.py took 0.113 seconds
[2024-10-26T20:00:25.804+0000] {processor.py:186} INFO - Started process (PID=19027) to work on /home/airflow/.local/lib/python3.12/site-packages/airflow/example_dags/example_params_trigger_ui.py
[2024-10-26T20:00:25.805+0000] {processor.py:914} INFO - Processing file /home/airflow/.local/lib/python3.12/site-packages/airflow/example_dags/example_params_trigger_ui.py for tasks to queue
[2024-10-26T20:00:25.807+0000] {logging_mixin.py:190} INFO - [2024-10-26T20:00:25.807+0000] {dagbag.py:588} INFO - Filling up the DagBag from /home/airflow/.local/lib/python3.12/site-packages/airflow/example_dags/example_params_trigger_ui.py
[2024-10-26T20:00:25.822+0000] {processor.py:925} INFO - DAG(s) 'example_params_trigger_ui' retrieved from /home/airflow/.local/lib/python3.12/site-packages/airflow/example_dags/example_params_trigger_ui.py
[2024-10-26T20:00:25.865+0000] {logging_mixin.py:190} INFO - [2024-10-26T20:00:25.864+0000] {dag.py:3239} INFO - Sync 1 DAGs
[2024-10-26T20:00:25.879+0000] {logging_mixin.py:190} INFO - [2024-10-26T20:00:25.879+0000] {dag.py:4180} INFO - Setting next_dagrun for example_params_trigger_ui to None, run_after=None
[2024-10-26T20:00:25.897+0000] {processor.py:208} INFO - Processing /home/airflow/.local/lib/python3.12/site-packages/airflow/example_dags/example_params_trigger_ui.py took 0.102 seconds
[2024-10-26T20:00:58.388+0000] {processor.py:186} INFO - Started process (PID=19091) to work on /home/airflow/.local/lib/python3.12/site-packages/airflow/example_dags/example_params_trigger_ui.py
[2024-10-26T20:00:58.389+0000] {processor.py:914} INFO - Processing file /home/airflow/.local/lib/python3.12/site-packages/airflow/example_dags/example_params_trigger_ui.py for tasks to queue
[2024-10-26T20:00:58.392+0000] {logging_mixin.py:190} INFO - [2024-10-26T20:00:58.391+0000] {dagbag.py:588} INFO - Filling up the DagBag from /home/airflow/.local/lib/python3.12/site-packages/airflow/example_dags/example_params_trigger_ui.py
[2024-10-26T20:00:58.406+0000] {processor.py:925} INFO - DAG(s) 'example_params_trigger_ui' retrieved from /home/airflow/.local/lib/python3.12/site-packages/airflow/example_dags/example_params_trigger_ui.py
[2024-10-26T20:00:58.466+0000] {logging_mixin.py:190} INFO - [2024-10-26T20:00:58.466+0000] {dag.py:3239} INFO - Sync 1 DAGs
[2024-10-26T20:00:58.483+0000] {logging_mixin.py:190} INFO - [2024-10-26T20:00:58.483+0000] {dag.py:4180} INFO - Setting next_dagrun for example_params_trigger_ui to None, run_after=None
[2024-10-26T20:00:58.509+0000] {processor.py:208} INFO - Processing /home/airflow/.local/lib/python3.12/site-packages/airflow/example_dags/example_params_trigger_ui.py took 0.126 seconds
[2024-10-26T20:01:31.298+0000] {processor.py:186} INFO - Started process (PID=19155) to work on /home/airflow/.local/lib/python3.12/site-packages/airflow/example_dags/example_params_trigger_ui.py
[2024-10-26T20:01:31.299+0000] {processor.py:914} INFO - Processing file /home/airflow/.local/lib/python3.12/site-packages/airflow/example_dags/example_params_trigger_ui.py for tasks to queue
[2024-10-26T20:01:31.301+0000] {logging_mixin.py:190} INFO - [2024-10-26T20:01:31.300+0000] {dagbag.py:588} INFO - Filling up the DagBag from /home/airflow/.local/lib/python3.12/site-packages/airflow/example_dags/example_params_trigger_ui.py
[2024-10-26T20:01:31.313+0000] {processor.py:925} INFO - DAG(s) 'example_params_trigger_ui' retrieved from /home/airflow/.local/lib/python3.12/site-packages/airflow/example_dags/example_params_trigger_ui.py
[2024-10-26T20:01:31.362+0000] {logging_mixin.py:190} INFO - [2024-10-26T20:01:31.362+0000] {dag.py:3239} INFO - Sync 1 DAGs
[2024-10-26T20:01:31.375+0000] {logging_mixin.py:190} INFO - [2024-10-26T20:01:31.375+0000] {dag.py:4180} INFO - Setting next_dagrun for example_params_trigger_ui to None, run_after=None
[2024-10-26T20:01:31.399+0000] {processor.py:208} INFO - Processing /home/airflow/.local/lib/python3.12/site-packages/airflow/example_dags/example_params_trigger_ui.py took 0.108 seconds
[2024-10-26T20:02:03.506+0000] {processor.py:186} INFO - Started process (PID=19219) to work on /home/airflow/.local/lib/python3.12/site-packages/airflow/example_dags/example_params_trigger_ui.py
[2024-10-26T20:02:03.507+0000] {processor.py:914} INFO - Processing file /home/airflow/.local/lib/python3.12/site-packages/airflow/example_dags/example_params_trigger_ui.py for tasks to queue
[2024-10-26T20:02:03.509+0000] {logging_mixin.py:190} INFO - [2024-10-26T20:02:03.509+0000] {dagbag.py:588} INFO - Filling up the DagBag from /home/airflow/.local/lib/python3.12/site-packages/airflow/example_dags/example_params_trigger_ui.py
[2024-10-26T20:02:03.523+0000] {processor.py:925} INFO - DAG(s) 'example_params_trigger_ui' retrieved from /home/airflow/.local/lib/python3.12/site-packages/airflow/example_dags/example_params_trigger_ui.py
[2024-10-26T20:02:03.572+0000] {logging_mixin.py:190} INFO - [2024-10-26T20:02:03.571+0000] {dag.py:3239} INFO - Sync 1 DAGs
[2024-10-26T20:02:03.587+0000] {logging_mixin.py:190} INFO - [2024-10-26T20:02:03.587+0000] {dag.py:4180} INFO - Setting next_dagrun for example_params_trigger_ui to None, run_after=None
[2024-10-26T20:02:03.610+0000] {processor.py:208} INFO - Processing /home/airflow/.local/lib/python3.12/site-packages/airflow/example_dags/example_params_trigger_ui.py took 0.111 seconds
[2024-10-26T20:02:36.615+0000] {processor.py:186} INFO - Started process (PID=19283) to work on /home/airflow/.local/lib/python3.12/site-packages/airflow/example_dags/example_params_trigger_ui.py
[2024-10-26T20:02:36.616+0000] {processor.py:914} INFO - Processing file /home/airflow/.local/lib/python3.12/site-packages/airflow/example_dags/example_params_trigger_ui.py for tasks to queue
[2024-10-26T20:02:36.618+0000] {logging_mixin.py:190} INFO - [2024-10-26T20:02:36.618+0000] {dagbag.py:588} INFO - Filling up the DagBag from /home/airflow/.local/lib/python3.12/site-packages/airflow/example_dags/example_params_trigger_ui.py
[2024-10-26T20:02:36.628+0000] {processor.py:925} INFO - DAG(s) 'example_params_trigger_ui' retrieved from /home/airflow/.local/lib/python3.12/site-packages/airflow/example_dags/example_params_trigger_ui.py
[2024-10-26T20:02:36.669+0000] {logging_mixin.py:190} INFO - [2024-10-26T20:02:36.668+0000] {dag.py:3239} INFO - Sync 1 DAGs
[2024-10-26T20:02:36.687+0000] {logging_mixin.py:190} INFO - [2024-10-26T20:02:36.687+0000] {dag.py:4180} INFO - Setting next_dagrun for example_params_trigger_ui to None, run_after=None
[2024-10-26T20:02:36.710+0000] {processor.py:208} INFO - Processing /home/airflow/.local/lib/python3.12/site-packages/airflow/example_dags/example_params_trigger_ui.py took 0.102 seconds
[2024-10-26T20:03:09.037+0000] {processor.py:186} INFO - Started process (PID=19347) to work on /home/airflow/.local/lib/python3.12/site-packages/airflow/example_dags/example_params_trigger_ui.py
[2024-10-26T20:03:09.038+0000] {processor.py:914} INFO - Processing file /home/airflow/.local/lib/python3.12/site-packages/airflow/example_dags/example_params_trigger_ui.py for tasks to queue
[2024-10-26T20:03:09.041+0000] {logging_mixin.py:190} INFO - [2024-10-26T20:03:09.040+0000] {dagbag.py:588} INFO - Filling up the DagBag from /home/airflow/.local/lib/python3.12/site-packages/airflow/example_dags/example_params_trigger_ui.py
[2024-10-26T20:03:09.054+0000] {processor.py:925} INFO - DAG(s) 'example_params_trigger_ui' retrieved from /home/airflow/.local/lib/python3.12/site-packages/airflow/example_dags/example_params_trigger_ui.py
[2024-10-26T20:03:09.102+0000] {logging_mixin.py:190} INFO - [2024-10-26T20:03:09.102+0000] {dag.py:3239} INFO - Sync 1 DAGs
[2024-10-26T20:03:09.119+0000] {logging_mixin.py:190} INFO - [2024-10-26T20:03:09.118+0000] {dag.py:4180} INFO - Setting next_dagrun for example_params_trigger_ui to None, run_after=None
[2024-10-26T20:03:09.140+0000] {processor.py:208} INFO - Processing /home/airflow/.local/lib/python3.12/site-packages/airflow/example_dags/example_params_trigger_ui.py took 0.108 seconds
[2024-10-26T20:03:42.199+0000] {processor.py:186} INFO - Started process (PID=19411) to work on /home/airflow/.local/lib/python3.12/site-packages/airflow/example_dags/example_params_trigger_ui.py
[2024-10-26T20:03:42.200+0000] {processor.py:914} INFO - Processing file /home/airflow/.local/lib/python3.12/site-packages/airflow/example_dags/example_params_trigger_ui.py for tasks to queue
[2024-10-26T20:03:42.203+0000] {logging_mixin.py:190} INFO - [2024-10-26T20:03:42.202+0000] {dagbag.py:588} INFO - Filling up the DagBag from /home/airflow/.local/lib/python3.12/site-packages/airflow/example_dags/example_params_trigger_ui.py
[2024-10-26T20:03:42.218+0000] {processor.py:925} INFO - DAG(s) 'example_params_trigger_ui' retrieved from /home/airflow/.local/lib/python3.12/site-packages/airflow/example_dags/example_params_trigger_ui.py
[2024-10-26T20:03:42.262+0000] {logging_mixin.py:190} INFO - [2024-10-26T20:03:42.262+0000] {dag.py:3239} INFO - Sync 1 DAGs
[2024-10-26T20:03:42.278+0000] {logging_mixin.py:190} INFO - [2024-10-26T20:03:42.277+0000] {dag.py:4180} INFO - Setting next_dagrun for example_params_trigger_ui to None, run_after=None
[2024-10-26T20:03:42.298+0000] {processor.py:208} INFO - Processing /home/airflow/.local/lib/python3.12/site-packages/airflow/example_dags/example_params_trigger_ui.py took 0.104 seconds
[2024-10-26T20:04:14.612+0000] {processor.py:186} INFO - Started process (PID=19475) to work on /home/airflow/.local/lib/python3.12/site-packages/airflow/example_dags/example_params_trigger_ui.py
[2024-10-26T20:04:14.613+0000] {processor.py:914} INFO - Processing file /home/airflow/.local/lib/python3.12/site-packages/airflow/example_dags/example_params_trigger_ui.py for tasks to queue
[2024-10-26T20:04:14.616+0000] {logging_mixin.py:190} INFO - [2024-10-26T20:04:14.616+0000] {dagbag.py:588} INFO - Filling up the DagBag from /home/airflow/.local/lib/python3.12/site-packages/airflow/example_dags/example_params_trigger_ui.py
[2024-10-26T20:04:14.626+0000] {processor.py:925} INFO - DAG(s) 'example_params_trigger_ui' retrieved from /home/airflow/.local/lib/python3.12/site-packages/airflow/example_dags/example_params_trigger_ui.py
[2024-10-26T20:04:14.672+0000] {logging_mixin.py:190} INFO - [2024-10-26T20:04:14.672+0000] {dag.py:3239} INFO - Sync 1 DAGs
[2024-10-26T20:04:14.689+0000] {logging_mixin.py:190} INFO - [2024-10-26T20:04:14.689+0000] {dag.py:4180} INFO - Setting next_dagrun for example_params_trigger_ui to None, run_after=None
[2024-10-26T20:04:14.710+0000] {processor.py:208} INFO - Processing /home/airflow/.local/lib/python3.12/site-packages/airflow/example_dags/example_params_trigger_ui.py took 0.103 seconds
[2024-10-26T20:04:47.512+0000] {processor.py:186} INFO - Started process (PID=19539) to work on /home/airflow/.local/lib/python3.12/site-packages/airflow/example_dags/example_params_trigger_ui.py
[2024-10-26T20:04:47.513+0000] {processor.py:914} INFO - Processing file /home/airflow/.local/lib/python3.12/site-packages/airflow/example_dags/example_params_trigger_ui.py for tasks to queue
[2024-10-26T20:04:47.515+0000] {logging_mixin.py:190} INFO - [2024-10-26T20:04:47.515+0000] {dagbag.py:588} INFO - Filling up the DagBag from /home/airflow/.local/lib/python3.12/site-packages/airflow/example_dags/example_params_trigger_ui.py
[2024-10-26T20:04:47.528+0000] {processor.py:925} INFO - DAG(s) 'example_params_trigger_ui' retrieved from /home/airflow/.local/lib/python3.12/site-packages/airflow/example_dags/example_params_trigger_ui.py
[2024-10-26T20:04:47.576+0000] {logging_mixin.py:190} INFO - [2024-10-26T20:04:47.575+0000] {dag.py:3239} INFO - Sync 1 DAGs
[2024-10-26T20:04:47.594+0000] {logging_mixin.py:190} INFO - [2024-10-26T20:04:47.594+0000] {dag.py:4180} INFO - Setting next_dagrun for example_params_trigger_ui to None, run_after=None
[2024-10-26T20:04:47.623+0000] {processor.py:208} INFO - Processing /home/airflow/.local/lib/python3.12/site-packages/airflow/example_dags/example_params_trigger_ui.py took 0.117 seconds
[2024-10-26T20:05:20.255+0000] {processor.py:186} INFO - Started process (PID=19603) to work on /home/airflow/.local/lib/python3.12/site-packages/airflow/example_dags/example_params_trigger_ui.py
[2024-10-26T20:05:20.256+0000] {processor.py:914} INFO - Processing file /home/airflow/.local/lib/python3.12/site-packages/airflow/example_dags/example_params_trigger_ui.py for tasks to queue
[2024-10-26T20:05:20.260+0000] {logging_mixin.py:190} INFO - [2024-10-26T20:05:20.260+0000] {dagbag.py:588} INFO - Filling up the DagBag from /home/airflow/.local/lib/python3.12/site-packages/airflow/example_dags/example_params_trigger_ui.py
[2024-10-26T20:05:20.273+0000] {processor.py:925} INFO - DAG(s) 'example_params_trigger_ui' retrieved from /home/airflow/.local/lib/python3.12/site-packages/airflow/example_dags/example_params_trigger_ui.py
[2024-10-26T20:05:20.322+0000] {logging_mixin.py:190} INFO - [2024-10-26T20:05:20.321+0000] {dag.py:3239} INFO - Sync 1 DAGs
[2024-10-26T20:05:20.335+0000] {logging_mixin.py:190} INFO - [2024-10-26T20:05:20.335+0000] {dag.py:4180} INFO - Setting next_dagrun for example_params_trigger_ui to None, run_after=None
[2024-10-26T20:05:20.357+0000] {processor.py:208} INFO - Processing /home/airflow/.local/lib/python3.12/site-packages/airflow/example_dags/example_params_trigger_ui.py took 0.110 seconds
[2024-10-26T20:05:52.465+0000] {processor.py:186} INFO - Started process (PID=19667) to work on /home/airflow/.local/lib/python3.12/site-packages/airflow/example_dags/example_params_trigger_ui.py
[2024-10-26T20:05:52.466+0000] {processor.py:914} INFO - Processing file /home/airflow/.local/lib/python3.12/site-packages/airflow/example_dags/example_params_trigger_ui.py for tasks to queue
[2024-10-26T20:05:52.469+0000] {logging_mixin.py:190} INFO - [2024-10-26T20:05:52.469+0000] {dagbag.py:588} INFO - Filling up the DagBag from /home/airflow/.local/lib/python3.12/site-packages/airflow/example_dags/example_params_trigger_ui.py
[2024-10-26T20:05:52.482+0000] {processor.py:925} INFO - DAG(s) 'example_params_trigger_ui' retrieved from /home/airflow/.local/lib/python3.12/site-packages/airflow/example_dags/example_params_trigger_ui.py
[2024-10-26T20:05:52.525+0000] {logging_mixin.py:190} INFO - [2024-10-26T20:05:52.525+0000] {dag.py:3239} INFO - Sync 1 DAGs
[2024-10-26T20:05:52.543+0000] {logging_mixin.py:190} INFO - [2024-10-26T20:05:52.542+0000] {dag.py:4180} INFO - Setting next_dagrun for example_params_trigger_ui to None, run_after=None
[2024-10-26T20:05:52.564+0000] {processor.py:208} INFO - Processing /home/airflow/.local/lib/python3.12/site-packages/airflow/example_dags/example_params_trigger_ui.py took 0.106 seconds
[2024-10-26T20:06:25.789+0000] {processor.py:186} INFO - Started process (PID=19731) to work on /home/airflow/.local/lib/python3.12/site-packages/airflow/example_dags/example_params_trigger_ui.py
[2024-10-26T20:06:25.791+0000] {processor.py:914} INFO - Processing file /home/airflow/.local/lib/python3.12/site-packages/airflow/example_dags/example_params_trigger_ui.py for tasks to queue
[2024-10-26T20:06:25.794+0000] {logging_mixin.py:190} INFO - [2024-10-26T20:06:25.794+0000] {dagbag.py:588} INFO - Filling up the DagBag from /home/airflow/.local/lib/python3.12/site-packages/airflow/example_dags/example_params_trigger_ui.py
[2024-10-26T20:06:25.807+0000] {processor.py:925} INFO - DAG(s) 'example_params_trigger_ui' retrieved from /home/airflow/.local/lib/python3.12/site-packages/airflow/example_dags/example_params_trigger_ui.py
[2024-10-26T20:06:25.852+0000] {logging_mixin.py:190} INFO - [2024-10-26T20:06:25.851+0000] {dag.py:3239} INFO - Sync 1 DAGs
[2024-10-26T20:06:25.865+0000] {logging_mixin.py:190} INFO - [2024-10-26T20:06:25.864+0000] {dag.py:4180} INFO - Setting next_dagrun for example_params_trigger_ui to None, run_after=None
[2024-10-26T20:06:25.886+0000] {processor.py:208} INFO - Processing /home/airflow/.local/lib/python3.12/site-packages/airflow/example_dags/example_params_trigger_ui.py took 0.105 seconds
[2024-10-26T20:06:57.891+0000] {processor.py:186} INFO - Started process (PID=19795) to work on /home/airflow/.local/lib/python3.12/site-packages/airflow/example_dags/example_params_trigger_ui.py
[2024-10-26T20:06:57.892+0000] {processor.py:914} INFO - Processing file /home/airflow/.local/lib/python3.12/site-packages/airflow/example_dags/example_params_trigger_ui.py for tasks to queue
[2024-10-26T20:06:57.895+0000] {logging_mixin.py:190} INFO - [2024-10-26T20:06:57.895+0000] {dagbag.py:588} INFO - Filling up the DagBag from /home/airflow/.local/lib/python3.12/site-packages/airflow/example_dags/example_params_trigger_ui.py
[2024-10-26T20:06:57.908+0000] {processor.py:925} INFO - DAG(s) 'example_params_trigger_ui' retrieved from /home/airflow/.local/lib/python3.12/site-packages/airflow/example_dags/example_params_trigger_ui.py
[2024-10-26T20:06:57.952+0000] {logging_mixin.py:190} INFO - [2024-10-26T20:06:57.951+0000] {dag.py:3239} INFO - Sync 1 DAGs
[2024-10-26T20:06:57.965+0000] {logging_mixin.py:190} INFO - [2024-10-26T20:06:57.964+0000] {dag.py:4180} INFO - Setting next_dagrun for example_params_trigger_ui to None, run_after=None
[2024-10-26T20:06:57.988+0000] {processor.py:208} INFO - Processing /home/airflow/.local/lib/python3.12/site-packages/airflow/example_dags/example_params_trigger_ui.py took 0.103 seconds
[2024-10-26T20:07:30.785+0000] {processor.py:186} INFO - Started process (PID=19859) to work on /home/airflow/.local/lib/python3.12/site-packages/airflow/example_dags/example_params_trigger_ui.py
[2024-10-26T20:07:30.787+0000] {processor.py:914} INFO - Processing file /home/airflow/.local/lib/python3.12/site-packages/airflow/example_dags/example_params_trigger_ui.py for tasks to queue
[2024-10-26T20:07:30.791+0000] {logging_mixin.py:190} INFO - [2024-10-26T20:07:30.790+0000] {dagbag.py:588} INFO - Filling up the DagBag from /home/airflow/.local/lib/python3.12/site-packages/airflow/example_dags/example_params_trigger_ui.py
[2024-10-26T20:07:30.808+0000] {processor.py:925} INFO - DAG(s) 'example_params_trigger_ui' retrieved from /home/airflow/.local/lib/python3.12/site-packages/airflow/example_dags/example_params_trigger_ui.py
[2024-10-26T20:07:30.856+0000] {logging_mixin.py:190} INFO - [2024-10-26T20:07:30.855+0000] {dag.py:3239} INFO - Sync 1 DAGs
[2024-10-26T20:07:30.870+0000] {logging_mixin.py:190} INFO - [2024-10-26T20:07:30.870+0000] {dag.py:4180} INFO - Setting next_dagrun for example_params_trigger_ui to None, run_after=None
[2024-10-26T20:07:30.893+0000] {processor.py:208} INFO - Processing /home/airflow/.local/lib/python3.12/site-packages/airflow/example_dags/example_params_trigger_ui.py took 0.114 seconds
[2024-10-26T20:08:03.871+0000] {processor.py:186} INFO - Started process (PID=19923) to work on /home/airflow/.local/lib/python3.12/site-packages/airflow/example_dags/example_params_trigger_ui.py
[2024-10-26T20:08:03.872+0000] {processor.py:914} INFO - Processing file /home/airflow/.local/lib/python3.12/site-packages/airflow/example_dags/example_params_trigger_ui.py for tasks to queue
[2024-10-26T20:08:03.875+0000] {logging_mixin.py:190} INFO - [2024-10-26T20:08:03.874+0000] {dagbag.py:588} INFO - Filling up the DagBag from /home/airflow/.local/lib/python3.12/site-packages/airflow/example_dags/example_params_trigger_ui.py
[2024-10-26T20:08:03.888+0000] {processor.py:925} INFO - DAG(s) 'example_params_trigger_ui' retrieved from /home/airflow/.local/lib/python3.12/site-packages/airflow/example_dags/example_params_trigger_ui.py
[2024-10-26T20:08:03.933+0000] {logging_mixin.py:190} INFO - [2024-10-26T20:08:03.932+0000] {dag.py:3239} INFO - Sync 1 DAGs
[2024-10-26T20:08:03.948+0000] {logging_mixin.py:190} INFO - [2024-10-26T20:08:03.948+0000] {dag.py:4180} INFO - Setting next_dagrun for example_params_trigger_ui to None, run_after=None
[2024-10-26T20:08:03.965+0000] {processor.py:208} INFO - Processing /home/airflow/.local/lib/python3.12/site-packages/airflow/example_dags/example_params_trigger_ui.py took 0.099 seconds
[2024-10-26T20:08:36.058+0000] {processor.py:186} INFO - Started process (PID=19987) to work on /home/airflow/.local/lib/python3.12/site-packages/airflow/example_dags/example_params_trigger_ui.py
[2024-10-26T20:08:36.059+0000] {processor.py:914} INFO - Processing file /home/airflow/.local/lib/python3.12/site-packages/airflow/example_dags/example_params_trigger_ui.py for tasks to queue
[2024-10-26T20:08:36.062+0000] {logging_mixin.py:190} INFO - [2024-10-26T20:08:36.061+0000] {dagbag.py:588} INFO - Filling up the DagBag from /home/airflow/.local/lib/python3.12/site-packages/airflow/example_dags/example_params_trigger_ui.py
[2024-10-26T20:08:36.072+0000] {processor.py:925} INFO - DAG(s) 'example_params_trigger_ui' retrieved from /home/airflow/.local/lib/python3.12/site-packages/airflow/example_dags/example_params_trigger_ui.py
[2024-10-26T20:08:36.119+0000] {logging_mixin.py:190} INFO - [2024-10-26T20:08:36.119+0000] {dag.py:3239} INFO - Sync 1 DAGs
[2024-10-26T20:08:36.134+0000] {logging_mixin.py:190} INFO - [2024-10-26T20:08:36.134+0000] {dag.py:4180} INFO - Setting next_dagrun for example_params_trigger_ui to None, run_after=None
[2024-10-26T20:08:36.154+0000] {processor.py:208} INFO - Processing /home/airflow/.local/lib/python3.12/site-packages/airflow/example_dags/example_params_trigger_ui.py took 0.102 seconds
[2024-10-26T20:09:08.900+0000] {processor.py:186} INFO - Started process (PID=20051) to work on /home/airflow/.local/lib/python3.12/site-packages/airflow/example_dags/example_params_trigger_ui.py
[2024-10-26T20:09:08.901+0000] {processor.py:914} INFO - Processing file /home/airflow/.local/lib/python3.12/site-packages/airflow/example_dags/example_params_trigger_ui.py for tasks to queue
[2024-10-26T20:09:08.903+0000] {logging_mixin.py:190} INFO - [2024-10-26T20:09:08.903+0000] {dagbag.py:588} INFO - Filling up the DagBag from /home/airflow/.local/lib/python3.12/site-packages/airflow/example_dags/example_params_trigger_ui.py
[2024-10-26T20:09:08.916+0000] {processor.py:925} INFO - DAG(s) 'example_params_trigger_ui' retrieved from /home/airflow/.local/lib/python3.12/site-packages/airflow/example_dags/example_params_trigger_ui.py
[2024-10-26T20:09:08.960+0000] {logging_mixin.py:190} INFO - [2024-10-26T20:09:08.960+0000] {dag.py:3239} INFO - Sync 1 DAGs
[2024-10-26T20:09:08.976+0000] {logging_mixin.py:190} INFO - [2024-10-26T20:09:08.976+0000] {dag.py:4180} INFO - Setting next_dagrun for example_params_trigger_ui to None, run_after=None
[2024-10-26T20:09:08.999+0000] {processor.py:208} INFO - Processing /home/airflow/.local/lib/python3.12/site-packages/airflow/example_dags/example_params_trigger_ui.py took 0.104 seconds
[2024-10-26T20:09:42.197+0000] {processor.py:186} INFO - Started process (PID=20115) to work on /home/airflow/.local/lib/python3.12/site-packages/airflow/example_dags/example_params_trigger_ui.py
[2024-10-26T20:09:42.198+0000] {processor.py:914} INFO - Processing file /home/airflow/.local/lib/python3.12/site-packages/airflow/example_dags/example_params_trigger_ui.py for tasks to queue
[2024-10-26T20:09:42.201+0000] {logging_mixin.py:190} INFO - [2024-10-26T20:09:42.200+0000] {dagbag.py:588} INFO - Filling up the DagBag from /home/airflow/.local/lib/python3.12/site-packages/airflow/example_dags/example_params_trigger_ui.py
[2024-10-26T20:09:42.214+0000] {processor.py:925} INFO - DAG(s) 'example_params_trigger_ui' retrieved from /home/airflow/.local/lib/python3.12/site-packages/airflow/example_dags/example_params_trigger_ui.py
[2024-10-26T20:09:42.271+0000] {logging_mixin.py:190} INFO - [2024-10-26T20:09:42.271+0000] {dag.py:3239} INFO - Sync 1 DAGs
[2024-10-26T20:09:42.287+0000] {logging_mixin.py:190} INFO - [2024-10-26T20:09:42.287+0000] {dag.py:4180} INFO - Setting next_dagrun for example_params_trigger_ui to None, run_after=None
[2024-10-26T20:09:42.312+0000] {processor.py:208} INFO - Processing /home/airflow/.local/lib/python3.12/site-packages/airflow/example_dags/example_params_trigger_ui.py took 0.124 seconds
[2024-10-26T20:10:14.711+0000] {processor.py:186} INFO - Started process (PID=20179) to work on /home/airflow/.local/lib/python3.12/site-packages/airflow/example_dags/example_params_trigger_ui.py
[2024-10-26T20:10:14.716+0000] {processor.py:914} INFO - Processing file /home/airflow/.local/lib/python3.12/site-packages/airflow/example_dags/example_params_trigger_ui.py for tasks to queue
[2024-10-26T20:10:14.719+0000] {logging_mixin.py:190} INFO - [2024-10-26T20:10:14.719+0000] {dagbag.py:588} INFO - Filling up the DagBag from /home/airflow/.local/lib/python3.12/site-packages/airflow/example_dags/example_params_trigger_ui.py
[2024-10-26T20:10:14.731+0000] {processor.py:925} INFO - DAG(s) 'example_params_trigger_ui' retrieved from /home/airflow/.local/lib/python3.12/site-packages/airflow/example_dags/example_params_trigger_ui.py
[2024-10-26T20:10:14.773+0000] {logging_mixin.py:190} INFO - [2024-10-26T20:10:14.773+0000] {dag.py:3239} INFO - Sync 1 DAGs
[2024-10-26T20:10:14.788+0000] {logging_mixin.py:190} INFO - [2024-10-26T20:10:14.788+0000] {dag.py:4180} INFO - Setting next_dagrun for example_params_trigger_ui to None, run_after=None
[2024-10-26T20:10:14.805+0000] {processor.py:208} INFO - Processing /home/airflow/.local/lib/python3.12/site-packages/airflow/example_dags/example_params_trigger_ui.py took 0.100 seconds
[2024-10-26T20:10:46.932+0000] {processor.py:186} INFO - Started process (PID=20243) to work on /home/airflow/.local/lib/python3.12/site-packages/airflow/example_dags/example_params_trigger_ui.py
[2024-10-26T20:10:46.933+0000] {processor.py:914} INFO - Processing file /home/airflow/.local/lib/python3.12/site-packages/airflow/example_dags/example_params_trigger_ui.py for tasks to queue
[2024-10-26T20:10:46.935+0000] {logging_mixin.py:190} INFO - [2024-10-26T20:10:46.935+0000] {dagbag.py:588} INFO - Filling up the DagBag from /home/airflow/.local/lib/python3.12/site-packages/airflow/example_dags/example_params_trigger_ui.py
[2024-10-26T20:10:46.947+0000] {processor.py:925} INFO - DAG(s) 'example_params_trigger_ui' retrieved from /home/airflow/.local/lib/python3.12/site-packages/airflow/example_dags/example_params_trigger_ui.py
[2024-10-26T20:10:46.992+0000] {logging_mixin.py:190} INFO - [2024-10-26T20:10:46.991+0000] {dag.py:3239} INFO - Sync 1 DAGs
[2024-10-26T20:10:47.006+0000] {logging_mixin.py:190} INFO - [2024-10-26T20:10:47.005+0000] {dag.py:4180} INFO - Setting next_dagrun for example_params_trigger_ui to None, run_after=None
[2024-10-26T20:10:47.025+0000] {processor.py:208} INFO - Processing /home/airflow/.local/lib/python3.12/site-packages/airflow/example_dags/example_params_trigger_ui.py took 0.100 seconds
[2024-10-26T20:11:20.567+0000] {processor.py:186} INFO - Started process (PID=20307) to work on /home/airflow/.local/lib/python3.12/site-packages/airflow/example_dags/example_params_trigger_ui.py
[2024-10-26T20:11:20.568+0000] {processor.py:914} INFO - Processing file /home/airflow/.local/lib/python3.12/site-packages/airflow/example_dags/example_params_trigger_ui.py for tasks to queue
[2024-10-26T20:11:20.571+0000] {logging_mixin.py:190} INFO - [2024-10-26T20:11:20.570+0000] {dagbag.py:588} INFO - Filling up the DagBag from /home/airflow/.local/lib/python3.12/site-packages/airflow/example_dags/example_params_trigger_ui.py
[2024-10-26T20:11:20.584+0000] {processor.py:925} INFO - DAG(s) 'example_params_trigger_ui' retrieved from /home/airflow/.local/lib/python3.12/site-packages/airflow/example_dags/example_params_trigger_ui.py
[2024-10-26T20:11:20.637+0000] {logging_mixin.py:190} INFO - [2024-10-26T20:11:20.637+0000] {dag.py:3239} INFO - Sync 1 DAGs
[2024-10-26T20:11:20.654+0000] {logging_mixin.py:190} INFO - [2024-10-26T20:11:20.654+0000] {dag.py:4180} INFO - Setting next_dagrun for example_params_trigger_ui to None, run_after=None
[2024-10-26T20:11:20.680+0000] {processor.py:208} INFO - Processing /home/airflow/.local/lib/python3.12/site-packages/airflow/example_dags/example_params_trigger_ui.py took 0.121 seconds
[2024-10-26T20:11:53.077+0000] {processor.py:186} INFO - Started process (PID=20371) to work on /home/airflow/.local/lib/python3.12/site-packages/airflow/example_dags/example_params_trigger_ui.py
[2024-10-26T20:11:53.078+0000] {processor.py:914} INFO - Processing file /home/airflow/.local/lib/python3.12/site-packages/airflow/example_dags/example_params_trigger_ui.py for tasks to queue
[2024-10-26T20:11:53.080+0000] {logging_mixin.py:190} INFO - [2024-10-26T20:11:53.080+0000] {dagbag.py:588} INFO - Filling up the DagBag from /home/airflow/.local/lib/python3.12/site-packages/airflow/example_dags/example_params_trigger_ui.py
[2024-10-26T20:11:53.094+0000] {processor.py:925} INFO - DAG(s) 'example_params_trigger_ui' retrieved from /home/airflow/.local/lib/python3.12/site-packages/airflow/example_dags/example_params_trigger_ui.py
[2024-10-26T20:11:53.135+0000] {logging_mixin.py:190} INFO - [2024-10-26T20:11:53.135+0000] {dag.py:3239} INFO - Sync 1 DAGs
[2024-10-26T20:11:53.149+0000] {logging_mixin.py:190} INFO - [2024-10-26T20:11:53.149+0000] {dag.py:4180} INFO - Setting next_dagrun for example_params_trigger_ui to None, run_after=None
[2024-10-26T20:11:53.170+0000] {processor.py:208} INFO - Processing /home/airflow/.local/lib/python3.12/site-packages/airflow/example_dags/example_params_trigger_ui.py took 0.099 seconds
[2024-10-26T20:12:25.751+0000] {processor.py:186} INFO - Started process (PID=20435) to work on /home/airflow/.local/lib/python3.12/site-packages/airflow/example_dags/example_params_trigger_ui.py
[2024-10-26T20:12:25.752+0000] {processor.py:914} INFO - Processing file /home/airflow/.local/lib/python3.12/site-packages/airflow/example_dags/example_params_trigger_ui.py for tasks to queue
[2024-10-26T20:12:25.755+0000] {logging_mixin.py:190} INFO - [2024-10-26T20:12:25.754+0000] {dagbag.py:588} INFO - Filling up the DagBag from /home/airflow/.local/lib/python3.12/site-packages/airflow/example_dags/example_params_trigger_ui.py
[2024-10-26T20:12:25.769+0000] {processor.py:925} INFO - DAG(s) 'example_params_trigger_ui' retrieved from /home/airflow/.local/lib/python3.12/site-packages/airflow/example_dags/example_params_trigger_ui.py
[2024-10-26T20:12:25.825+0000] {logging_mixin.py:190} INFO - [2024-10-26T20:12:25.824+0000] {dag.py:3239} INFO - Sync 1 DAGs
[2024-10-26T20:12:25.845+0000] {logging_mixin.py:190} INFO - [2024-10-26T20:12:25.845+0000] {dag.py:4180} INFO - Setting next_dagrun for example_params_trigger_ui to None, run_after=None
[2024-10-26T20:12:25.873+0000] {processor.py:208} INFO - Processing /home/airflow/.local/lib/python3.12/site-packages/airflow/example_dags/example_params_trigger_ui.py took 0.128 seconds
[2024-10-26T20:12:58.225+0000] {processor.py:186} INFO - Started process (PID=20499) to work on /home/airflow/.local/lib/python3.12/site-packages/airflow/example_dags/example_params_trigger_ui.py
[2024-10-26T20:12:58.226+0000] {processor.py:914} INFO - Processing file /home/airflow/.local/lib/python3.12/site-packages/airflow/example_dags/example_params_trigger_ui.py for tasks to queue
[2024-10-26T20:12:58.228+0000] {logging_mixin.py:190} INFO - [2024-10-26T20:12:58.228+0000] {dagbag.py:588} INFO - Filling up the DagBag from /home/airflow/.local/lib/python3.12/site-packages/airflow/example_dags/example_params_trigger_ui.py
[2024-10-26T20:12:58.240+0000] {processor.py:925} INFO - DAG(s) 'example_params_trigger_ui' retrieved from /home/airflow/.local/lib/python3.12/site-packages/airflow/example_dags/example_params_trigger_ui.py
[2024-10-26T20:12:58.290+0000] {logging_mixin.py:190} INFO - [2024-10-26T20:12:58.290+0000] {dag.py:3239} INFO - Sync 1 DAGs
[2024-10-26T20:12:58.306+0000] {logging_mixin.py:190} INFO - [2024-10-26T20:12:58.306+0000] {dag.py:4180} INFO - Setting next_dagrun for example_params_trigger_ui to None, run_after=None
[2024-10-26T20:12:58.335+0000] {processor.py:208} INFO - Processing /home/airflow/.local/lib/python3.12/site-packages/airflow/example_dags/example_params_trigger_ui.py took 0.116 seconds
[2024-10-26T20:13:30.790+0000] {processor.py:186} INFO - Started process (PID=20563) to work on /home/airflow/.local/lib/python3.12/site-packages/airflow/example_dags/example_params_trigger_ui.py
[2024-10-26T20:13:30.791+0000] {processor.py:914} INFO - Processing file /home/airflow/.local/lib/python3.12/site-packages/airflow/example_dags/example_params_trigger_ui.py for tasks to queue
[2024-10-26T20:13:30.793+0000] {logging_mixin.py:190} INFO - [2024-10-26T20:13:30.793+0000] {dagbag.py:588} INFO - Filling up the DagBag from /home/airflow/.local/lib/python3.12/site-packages/airflow/example_dags/example_params_trigger_ui.py
[2024-10-26T20:13:30.803+0000] {processor.py:925} INFO - DAG(s) 'example_params_trigger_ui' retrieved from /home/airflow/.local/lib/python3.12/site-packages/airflow/example_dags/example_params_trigger_ui.py
[2024-10-26T20:13:30.843+0000] {logging_mixin.py:190} INFO - [2024-10-26T20:13:30.843+0000] {dag.py:3239} INFO - Sync 1 DAGs
[2024-10-26T20:13:30.856+0000] {logging_mixin.py:190} INFO - [2024-10-26T20:13:30.856+0000] {dag.py:4180} INFO - Setting next_dagrun for example_params_trigger_ui to None, run_after=None
[2024-10-26T20:13:30.882+0000] {processor.py:208} INFO - Processing /home/airflow/.local/lib/python3.12/site-packages/airflow/example_dags/example_params_trigger_ui.py took 0.098 seconds
[2024-10-26T20:14:03.822+0000] {processor.py:186} INFO - Started process (PID=20627) to work on /home/airflow/.local/lib/python3.12/site-packages/airflow/example_dags/example_params_trigger_ui.py
[2024-10-26T20:14:03.823+0000] {processor.py:914} INFO - Processing file /home/airflow/.local/lib/python3.12/site-packages/airflow/example_dags/example_params_trigger_ui.py for tasks to queue
[2024-10-26T20:14:03.825+0000] {logging_mixin.py:190} INFO - [2024-10-26T20:14:03.825+0000] {dagbag.py:588} INFO - Filling up the DagBag from /home/airflow/.local/lib/python3.12/site-packages/airflow/example_dags/example_params_trigger_ui.py
[2024-10-26T20:14:03.835+0000] {processor.py:925} INFO - DAG(s) 'example_params_trigger_ui' retrieved from /home/airflow/.local/lib/python3.12/site-packages/airflow/example_dags/example_params_trigger_ui.py
[2024-10-26T20:14:03.875+0000] {logging_mixin.py:190} INFO - [2024-10-26T20:14:03.875+0000] {dag.py:3239} INFO - Sync 1 DAGs
[2024-10-26T20:14:03.889+0000] {logging_mixin.py:190} INFO - [2024-10-26T20:14:03.889+0000] {dag.py:4180} INFO - Setting next_dagrun for example_params_trigger_ui to None, run_after=None
[2024-10-26T20:14:03.908+0000] {processor.py:208} INFO - Processing /home/airflow/.local/lib/python3.12/site-packages/airflow/example_dags/example_params_trigger_ui.py took 0.092 seconds
[2024-10-26T20:14:36.271+0000] {processor.py:186} INFO - Started process (PID=20691) to work on /home/airflow/.local/lib/python3.12/site-packages/airflow/example_dags/example_params_trigger_ui.py
[2024-10-26T20:14:36.272+0000] {processor.py:914} INFO - Processing file /home/airflow/.local/lib/python3.12/site-packages/airflow/example_dags/example_params_trigger_ui.py for tasks to queue
[2024-10-26T20:14:36.274+0000] {logging_mixin.py:190} INFO - [2024-10-26T20:14:36.274+0000] {dagbag.py:588} INFO - Filling up the DagBag from /home/airflow/.local/lib/python3.12/site-packages/airflow/example_dags/example_params_trigger_ui.py
[2024-10-26T20:14:36.286+0000] {processor.py:925} INFO - DAG(s) 'example_params_trigger_ui' retrieved from /home/airflow/.local/lib/python3.12/site-packages/airflow/example_dags/example_params_trigger_ui.py
[2024-10-26T20:14:36.324+0000] {logging_mixin.py:190} INFO - [2024-10-26T20:14:36.324+0000] {dag.py:3239} INFO - Sync 1 DAGs
[2024-10-26T20:14:36.337+0000] {logging_mixin.py:190} INFO - [2024-10-26T20:14:36.337+0000] {dag.py:4180} INFO - Setting next_dagrun for example_params_trigger_ui to None, run_after=None
[2024-10-26T20:14:36.358+0000] {processor.py:208} INFO - Processing /home/airflow/.local/lib/python3.12/site-packages/airflow/example_dags/example_params_trigger_ui.py took 0.092 seconds
[2024-10-26T20:15:09.523+0000] {processor.py:186} INFO - Started process (PID=20755) to work on /home/airflow/.local/lib/python3.12/site-packages/airflow/example_dags/example_params_trigger_ui.py
[2024-10-26T20:15:09.524+0000] {processor.py:914} INFO - Processing file /home/airflow/.local/lib/python3.12/site-packages/airflow/example_dags/example_params_trigger_ui.py for tasks to queue
[2024-10-26T20:15:09.527+0000] {logging_mixin.py:190} INFO - [2024-10-26T20:15:09.526+0000] {dagbag.py:588} INFO - Filling up the DagBag from /home/airflow/.local/lib/python3.12/site-packages/airflow/example_dags/example_params_trigger_ui.py
[2024-10-26T20:15:09.537+0000] {processor.py:925} INFO - DAG(s) 'example_params_trigger_ui' retrieved from /home/airflow/.local/lib/python3.12/site-packages/airflow/example_dags/example_params_trigger_ui.py
[2024-10-26T20:15:09.577+0000] {logging_mixin.py:190} INFO - [2024-10-26T20:15:09.577+0000] {dag.py:3239} INFO - Sync 1 DAGs
[2024-10-26T20:15:09.594+0000] {logging_mixin.py:190} INFO - [2024-10-26T20:15:09.593+0000] {dag.py:4180} INFO - Setting next_dagrun for example_params_trigger_ui to None, run_after=None
[2024-10-26T20:15:09.612+0000] {processor.py:208} INFO - Processing /home/airflow/.local/lib/python3.12/site-packages/airflow/example_dags/example_params_trigger_ui.py took 0.094 seconds
[2024-10-26T20:15:42.564+0000] {processor.py:186} INFO - Started process (PID=20819) to work on /home/airflow/.local/lib/python3.12/site-packages/airflow/example_dags/example_params_trigger_ui.py
[2024-10-26T20:15:42.565+0000] {processor.py:914} INFO - Processing file /home/airflow/.local/lib/python3.12/site-packages/airflow/example_dags/example_params_trigger_ui.py for tasks to queue
[2024-10-26T20:15:42.567+0000] {logging_mixin.py:190} INFO - [2024-10-26T20:15:42.567+0000] {dagbag.py:588} INFO - Filling up the DagBag from /home/airflow/.local/lib/python3.12/site-packages/airflow/example_dags/example_params_trigger_ui.py
[2024-10-26T20:15:42.578+0000] {processor.py:925} INFO - DAG(s) 'example_params_trigger_ui' retrieved from /home/airflow/.local/lib/python3.12/site-packages/airflow/example_dags/example_params_trigger_ui.py
[2024-10-26T20:15:42.616+0000] {logging_mixin.py:190} INFO - [2024-10-26T20:15:42.616+0000] {dag.py:3239} INFO - Sync 1 DAGs
[2024-10-26T20:15:42.631+0000] {logging_mixin.py:190} INFO - [2024-10-26T20:15:42.631+0000] {dag.py:4180} INFO - Setting next_dagrun for example_params_trigger_ui to None, run_after=None
[2024-10-26T20:15:42.650+0000] {processor.py:208} INFO - Processing /home/airflow/.local/lib/python3.12/site-packages/airflow/example_dags/example_params_trigger_ui.py took 0.092 seconds
[2024-10-26T20:16:14.929+0000] {processor.py:186} INFO - Started process (PID=20883) to work on /home/airflow/.local/lib/python3.12/site-packages/airflow/example_dags/example_params_trigger_ui.py
[2024-10-26T20:16:14.934+0000] {processor.py:914} INFO - Processing file /home/airflow/.local/lib/python3.12/site-packages/airflow/example_dags/example_params_trigger_ui.py for tasks to queue
[2024-10-26T20:16:14.938+0000] {logging_mixin.py:190} INFO - [2024-10-26T20:16:14.937+0000] {dagbag.py:588} INFO - Filling up the DagBag from /home/airflow/.local/lib/python3.12/site-packages/airflow/example_dags/example_params_trigger_ui.py
[2024-10-26T20:16:14.952+0000] {processor.py:925} INFO - DAG(s) 'example_params_trigger_ui' retrieved from /home/airflow/.local/lib/python3.12/site-packages/airflow/example_dags/example_params_trigger_ui.py
[2024-10-26T20:16:14.995+0000] {logging_mixin.py:190} INFO - [2024-10-26T20:16:14.995+0000] {dag.py:3239} INFO - Sync 1 DAGs
[2024-10-26T20:16:15.009+0000] {logging_mixin.py:190} INFO - [2024-10-26T20:16:15.009+0000] {dag.py:4180} INFO - Setting next_dagrun for example_params_trigger_ui to None, run_after=None
[2024-10-26T20:16:15.030+0000] {processor.py:208} INFO - Processing /home/airflow/.local/lib/python3.12/site-packages/airflow/example_dags/example_params_trigger_ui.py took 0.109 seconds
[2024-10-26T20:16:47.093+0000] {processor.py:186} INFO - Started process (PID=20947) to work on /home/airflow/.local/lib/python3.12/site-packages/airflow/example_dags/example_params_trigger_ui.py
[2024-10-26T20:16:47.094+0000] {processor.py:914} INFO - Processing file /home/airflow/.local/lib/python3.12/site-packages/airflow/example_dags/example_params_trigger_ui.py for tasks to queue
[2024-10-26T20:16:47.097+0000] {logging_mixin.py:190} INFO - [2024-10-26T20:16:47.097+0000] {dagbag.py:588} INFO - Filling up the DagBag from /home/airflow/.local/lib/python3.12/site-packages/airflow/example_dags/example_params_trigger_ui.py
[2024-10-26T20:16:47.107+0000] {processor.py:925} INFO - DAG(s) 'example_params_trigger_ui' retrieved from /home/airflow/.local/lib/python3.12/site-packages/airflow/example_dags/example_params_trigger_ui.py
[2024-10-26T20:16:47.158+0000] {logging_mixin.py:190} INFO - [2024-10-26T20:16:47.157+0000] {dag.py:3239} INFO - Sync 1 DAGs
[2024-10-26T20:16:47.176+0000] {logging_mixin.py:190} INFO - [2024-10-26T20:16:47.175+0000] {dag.py:4180} INFO - Setting next_dagrun for example_params_trigger_ui to None, run_after=None
[2024-10-26T20:16:47.195+0000] {processor.py:208} INFO - Processing /home/airflow/.local/lib/python3.12/site-packages/airflow/example_dags/example_params_trigger_ui.py took 0.107 seconds
[2024-10-26T20:17:20.533+0000] {processor.py:186} INFO - Started process (PID=21011) to work on /home/airflow/.local/lib/python3.12/site-packages/airflow/example_dags/example_params_trigger_ui.py
[2024-10-26T20:17:20.534+0000] {processor.py:914} INFO - Processing file /home/airflow/.local/lib/python3.12/site-packages/airflow/example_dags/example_params_trigger_ui.py for tasks to queue
[2024-10-26T20:17:20.537+0000] {logging_mixin.py:190} INFO - [2024-10-26T20:17:20.536+0000] {dagbag.py:588} INFO - Filling up the DagBag from /home/airflow/.local/lib/python3.12/site-packages/airflow/example_dags/example_params_trigger_ui.py
[2024-10-26T20:17:20.547+0000] {processor.py:925} INFO - DAG(s) 'example_params_trigger_ui' retrieved from /home/airflow/.local/lib/python3.12/site-packages/airflow/example_dags/example_params_trigger_ui.py
[2024-10-26T20:17:20.586+0000] {logging_mixin.py:190} INFO - [2024-10-26T20:17:20.586+0000] {dag.py:3239} INFO - Sync 1 DAGs
[2024-10-26T20:17:20.599+0000] {logging_mixin.py:190} INFO - [2024-10-26T20:17:20.599+0000] {dag.py:4180} INFO - Setting next_dagrun for example_params_trigger_ui to None, run_after=None
[2024-10-26T20:17:20.765+0000] {processor.py:208} INFO - Processing /home/airflow/.local/lib/python3.12/site-packages/airflow/example_dags/example_params_trigger_ui.py took 0.239 seconds
[2024-10-26T20:17:52.861+0000] {processor.py:186} INFO - Started process (PID=21075) to work on /home/airflow/.local/lib/python3.12/site-packages/airflow/example_dags/example_params_trigger_ui.py
[2024-10-26T20:17:52.862+0000] {processor.py:914} INFO - Processing file /home/airflow/.local/lib/python3.12/site-packages/airflow/example_dags/example_params_trigger_ui.py for tasks to queue
[2024-10-26T20:17:52.865+0000] {logging_mixin.py:190} INFO - [2024-10-26T20:17:52.865+0000] {dagbag.py:588} INFO - Filling up the DagBag from /home/airflow/.local/lib/python3.12/site-packages/airflow/example_dags/example_params_trigger_ui.py
[2024-10-26T20:17:52.875+0000] {processor.py:925} INFO - DAG(s) 'example_params_trigger_ui' retrieved from /home/airflow/.local/lib/python3.12/site-packages/airflow/example_dags/example_params_trigger_ui.py
[2024-10-26T20:17:52.942+0000] {logging_mixin.py:190} INFO - [2024-10-26T20:17:52.941+0000] {dag.py:3239} INFO - Sync 1 DAGs
[2024-10-26T20:17:52.961+0000] {logging_mixin.py:190} INFO - [2024-10-26T20:17:52.961+0000] {dag.py:4180} INFO - Setting next_dagrun for example_params_trigger_ui to None, run_after=None
[2024-10-26T20:17:52.991+0000] {processor.py:208} INFO - Processing /home/airflow/.local/lib/python3.12/site-packages/airflow/example_dags/example_params_trigger_ui.py took 0.135 seconds
[2024-10-26T20:18:25.352+0000] {processor.py:186} INFO - Started process (PID=21139) to work on /home/airflow/.local/lib/python3.12/site-packages/airflow/example_dags/example_params_trigger_ui.py
[2024-10-26T20:18:25.353+0000] {processor.py:914} INFO - Processing file /home/airflow/.local/lib/python3.12/site-packages/airflow/example_dags/example_params_trigger_ui.py for tasks to queue
[2024-10-26T20:18:25.355+0000] {logging_mixin.py:190} INFO - [2024-10-26T20:18:25.355+0000] {dagbag.py:588} INFO - Filling up the DagBag from /home/airflow/.local/lib/python3.12/site-packages/airflow/example_dags/example_params_trigger_ui.py
[2024-10-26T20:18:25.365+0000] {processor.py:925} INFO - DAG(s) 'example_params_trigger_ui' retrieved from /home/airflow/.local/lib/python3.12/site-packages/airflow/example_dags/example_params_trigger_ui.py
[2024-10-26T20:18:25.404+0000] {logging_mixin.py:190} INFO - [2024-10-26T20:18:25.404+0000] {dag.py:3239} INFO - Sync 1 DAGs
[2024-10-26T20:18:25.418+0000] {logging_mixin.py:190} INFO - [2024-10-26T20:18:25.417+0000] {dag.py:4180} INFO - Setting next_dagrun for example_params_trigger_ui to None, run_after=None
[2024-10-26T20:18:25.441+0000] {processor.py:208} INFO - Processing /home/airflow/.local/lib/python3.12/site-packages/airflow/example_dags/example_params_trigger_ui.py took 0.094 seconds
[2024-10-26T20:18:58.678+0000] {processor.py:186} INFO - Started process (PID=21203) to work on /home/airflow/.local/lib/python3.12/site-packages/airflow/example_dags/example_params_trigger_ui.py
[2024-10-26T20:18:58.679+0000] {processor.py:914} INFO - Processing file /home/airflow/.local/lib/python3.12/site-packages/airflow/example_dags/example_params_trigger_ui.py for tasks to queue
[2024-10-26T20:18:58.681+0000] {logging_mixin.py:190} INFO - [2024-10-26T20:18:58.681+0000] {dagbag.py:588} INFO - Filling up the DagBag from /home/airflow/.local/lib/python3.12/site-packages/airflow/example_dags/example_params_trigger_ui.py
[2024-10-26T20:18:58.692+0000] {processor.py:925} INFO - DAG(s) 'example_params_trigger_ui' retrieved from /home/airflow/.local/lib/python3.12/site-packages/airflow/example_dags/example_params_trigger_ui.py
[2024-10-26T20:18:58.729+0000] {logging_mixin.py:190} INFO - [2024-10-26T20:18:58.729+0000] {dag.py:3239} INFO - Sync 1 DAGs
[2024-10-26T20:18:58.742+0000] {logging_mixin.py:190} INFO - [2024-10-26T20:18:58.742+0000] {dag.py:4180} INFO - Setting next_dagrun for example_params_trigger_ui to None, run_after=None
[2024-10-26T20:18:58.766+0000] {processor.py:208} INFO - Processing /home/airflow/.local/lib/python3.12/site-packages/airflow/example_dags/example_params_trigger_ui.py took 0.093 seconds
[2024-10-26T20:19:31.115+0000] {processor.py:186} INFO - Started process (PID=21267) to work on /home/airflow/.local/lib/python3.12/site-packages/airflow/example_dags/example_params_trigger_ui.py
[2024-10-26T20:19:31.116+0000] {processor.py:914} INFO - Processing file /home/airflow/.local/lib/python3.12/site-packages/airflow/example_dags/example_params_trigger_ui.py for tasks to queue
[2024-10-26T20:19:31.118+0000] {logging_mixin.py:190} INFO - [2024-10-26T20:19:31.118+0000] {dagbag.py:588} INFO - Filling up the DagBag from /home/airflow/.local/lib/python3.12/site-packages/airflow/example_dags/example_params_trigger_ui.py
[2024-10-26T20:19:31.129+0000] {processor.py:925} INFO - DAG(s) 'example_params_trigger_ui' retrieved from /home/airflow/.local/lib/python3.12/site-packages/airflow/example_dags/example_params_trigger_ui.py
[2024-10-26T20:19:31.170+0000] {logging_mixin.py:190} INFO - [2024-10-26T20:19:31.169+0000] {dag.py:3239} INFO - Sync 1 DAGs
[2024-10-26T20:19:31.183+0000] {logging_mixin.py:190} INFO - [2024-10-26T20:19:31.183+0000] {dag.py:4180} INFO - Setting next_dagrun for example_params_trigger_ui to None, run_after=None
[2024-10-26T20:19:31.203+0000] {processor.py:208} INFO - Processing /home/airflow/.local/lib/python3.12/site-packages/airflow/example_dags/example_params_trigger_ui.py took 0.094 seconds
[2024-10-26T20:20:04.897+0000] {processor.py:186} INFO - Started process (PID=21332) to work on /home/airflow/.local/lib/python3.12/site-packages/airflow/example_dags/example_params_trigger_ui.py
[2024-10-26T20:20:04.898+0000] {processor.py:914} INFO - Processing file /home/airflow/.local/lib/python3.12/site-packages/airflow/example_dags/example_params_trigger_ui.py for tasks to queue
[2024-10-26T20:20:04.901+0000] {logging_mixin.py:190} INFO - [2024-10-26T20:20:04.900+0000] {dagbag.py:588} INFO - Filling up the DagBag from /home/airflow/.local/lib/python3.12/site-packages/airflow/example_dags/example_params_trigger_ui.py
[2024-10-26T20:20:04.916+0000] {processor.py:925} INFO - DAG(s) 'example_params_trigger_ui' retrieved from /home/airflow/.local/lib/python3.12/site-packages/airflow/example_dags/example_params_trigger_ui.py
[2024-10-26T20:20:05.143+0000] {logging_mixin.py:190} INFO - [2024-10-26T20:20:05.143+0000] {dag.py:3239} INFO - Sync 1 DAGs
[2024-10-26T20:20:05.156+0000] {logging_mixin.py:190} INFO - [2024-10-26T20:20:05.156+0000] {dag.py:4180} INFO - Setting next_dagrun for example_params_trigger_ui to None, run_after=None
[2024-10-26T20:20:05.175+0000] {processor.py:208} INFO - Processing /home/airflow/.local/lib/python3.12/site-packages/airflow/example_dags/example_params_trigger_ui.py took 0.285 seconds
[2024-10-26T20:20:37.547+0000] {processor.py:186} INFO - Started process (PID=21396) to work on /home/airflow/.local/lib/python3.12/site-packages/airflow/example_dags/example_params_trigger_ui.py
[2024-10-26T20:20:37.548+0000] {processor.py:914} INFO - Processing file /home/airflow/.local/lib/python3.12/site-packages/airflow/example_dags/example_params_trigger_ui.py for tasks to queue
[2024-10-26T20:20:37.551+0000] {logging_mixin.py:190} INFO - [2024-10-26T20:20:37.550+0000] {dagbag.py:588} INFO - Filling up the DagBag from /home/airflow/.local/lib/python3.12/site-packages/airflow/example_dags/example_params_trigger_ui.py
[2024-10-26T20:20:37.564+0000] {processor.py:925} INFO - DAG(s) 'example_params_trigger_ui' retrieved from /home/airflow/.local/lib/python3.12/site-packages/airflow/example_dags/example_params_trigger_ui.py
[2024-10-26T20:20:37.742+0000] {logging_mixin.py:190} INFO - [2024-10-26T20:20:37.742+0000] {dag.py:3239} INFO - Sync 1 DAGs
[2024-10-26T20:20:37.752+0000] {logging_mixin.py:190} INFO - [2024-10-26T20:20:37.752+0000] {dag.py:4180} INFO - Setting next_dagrun for example_params_trigger_ui to None, run_after=None
[2024-10-26T20:20:37.778+0000] {processor.py:208} INFO - Processing /home/airflow/.local/lib/python3.12/site-packages/airflow/example_dags/example_params_trigger_ui.py took 0.237 seconds
[2024-10-26T20:21:09.189+0000] {processor.py:186} INFO - Started process (PID=21460) to work on /home/airflow/.local/lib/python3.12/site-packages/airflow/example_dags/example_params_trigger_ui.py
[2024-10-26T20:21:09.190+0000] {processor.py:914} INFO - Processing file /home/airflow/.local/lib/python3.12/site-packages/airflow/example_dags/example_params_trigger_ui.py for tasks to queue
[2024-10-26T20:21:09.193+0000] {logging_mixin.py:190} INFO - [2024-10-26T20:21:09.193+0000] {dagbag.py:588} INFO - Filling up the DagBag from /home/airflow/.local/lib/python3.12/site-packages/airflow/example_dags/example_params_trigger_ui.py
[2024-10-26T20:21:09.204+0000] {processor.py:925} INFO - DAG(s) 'example_params_trigger_ui' retrieved from /home/airflow/.local/lib/python3.12/site-packages/airflow/example_dags/example_params_trigger_ui.py
[2024-10-26T20:21:09.247+0000] {logging_mixin.py:190} INFO - [2024-10-26T20:21:09.246+0000] {dag.py:3239} INFO - Sync 1 DAGs
[2024-10-26T20:21:09.259+0000] {logging_mixin.py:190} INFO - [2024-10-26T20:21:09.259+0000] {dag.py:4180} INFO - Setting next_dagrun for example_params_trigger_ui to None, run_after=None
[2024-10-26T20:21:09.278+0000] {processor.py:208} INFO - Processing /home/airflow/.local/lib/python3.12/site-packages/airflow/example_dags/example_params_trigger_ui.py took 0.094 seconds
[2024-10-26T20:21:42.099+0000] {processor.py:186} INFO - Started process (PID=21524) to work on /home/airflow/.local/lib/python3.12/site-packages/airflow/example_dags/example_params_trigger_ui.py
[2024-10-26T20:21:42.101+0000] {processor.py:914} INFO - Processing file /home/airflow/.local/lib/python3.12/site-packages/airflow/example_dags/example_params_trigger_ui.py for tasks to queue
[2024-10-26T20:21:42.103+0000] {logging_mixin.py:190} INFO - [2024-10-26T20:21:42.103+0000] {dagbag.py:588} INFO - Filling up the DagBag from /home/airflow/.local/lib/python3.12/site-packages/airflow/example_dags/example_params_trigger_ui.py
[2024-10-26T20:21:42.113+0000] {processor.py:925} INFO - DAG(s) 'example_params_trigger_ui' retrieved from /home/airflow/.local/lib/python3.12/site-packages/airflow/example_dags/example_params_trigger_ui.py
[2024-10-26T20:21:42.158+0000] {logging_mixin.py:190} INFO - [2024-10-26T20:21:42.157+0000] {dag.py:3239} INFO - Sync 1 DAGs
[2024-10-26T20:21:42.171+0000] {logging_mixin.py:190} INFO - [2024-10-26T20:21:42.171+0000] {dag.py:4180} INFO - Setting next_dagrun for example_params_trigger_ui to None, run_after=None
[2024-10-26T20:21:42.191+0000] {processor.py:208} INFO - Processing /home/airflow/.local/lib/python3.12/site-packages/airflow/example_dags/example_params_trigger_ui.py took 0.097 seconds
[2024-10-26T20:22:14.837+0000] {processor.py:186} INFO - Started process (PID=21588) to work on /home/airflow/.local/lib/python3.12/site-packages/airflow/example_dags/example_params_trigger_ui.py
[2024-10-26T20:22:14.839+0000] {processor.py:914} INFO - Processing file /home/airflow/.local/lib/python3.12/site-packages/airflow/example_dags/example_params_trigger_ui.py for tasks to queue
[2024-10-26T20:22:14.841+0000] {logging_mixin.py:190} INFO - [2024-10-26T20:22:14.841+0000] {dagbag.py:588} INFO - Filling up the DagBag from /home/airflow/.local/lib/python3.12/site-packages/airflow/example_dags/example_params_trigger_ui.py
[2024-10-26T20:22:14.851+0000] {processor.py:925} INFO - DAG(s) 'example_params_trigger_ui' retrieved from /home/airflow/.local/lib/python3.12/site-packages/airflow/example_dags/example_params_trigger_ui.py
[2024-10-26T20:22:14.893+0000] {logging_mixin.py:190} INFO - [2024-10-26T20:22:14.893+0000] {dag.py:3239} INFO - Sync 1 DAGs
[2024-10-26T20:22:14.907+0000] {logging_mixin.py:190} INFO - [2024-10-26T20:22:14.907+0000] {dag.py:4180} INFO - Setting next_dagrun for example_params_trigger_ui to None, run_after=None
[2024-10-26T20:22:14.928+0000] {processor.py:208} INFO - Processing /home/airflow/.local/lib/python3.12/site-packages/airflow/example_dags/example_params_trigger_ui.py took 0.096 seconds
[2024-10-26T20:22:47.692+0000] {processor.py:186} INFO - Started process (PID=21652) to work on /home/airflow/.local/lib/python3.12/site-packages/airflow/example_dags/example_params_trigger_ui.py
[2024-10-26T20:22:47.693+0000] {processor.py:914} INFO - Processing file /home/airflow/.local/lib/python3.12/site-packages/airflow/example_dags/example_params_trigger_ui.py for tasks to queue
[2024-10-26T20:22:47.696+0000] {logging_mixin.py:190} INFO - [2024-10-26T20:22:47.695+0000] {dagbag.py:588} INFO - Filling up the DagBag from /home/airflow/.local/lib/python3.12/site-packages/airflow/example_dags/example_params_trigger_ui.py
[2024-10-26T20:22:47.707+0000] {processor.py:925} INFO - DAG(s) 'example_params_trigger_ui' retrieved from /home/airflow/.local/lib/python3.12/site-packages/airflow/example_dags/example_params_trigger_ui.py
[2024-10-26T20:22:47.746+0000] {logging_mixin.py:190} INFO - [2024-10-26T20:22:47.746+0000] {dag.py:3239} INFO - Sync 1 DAGs
[2024-10-26T20:22:47.761+0000] {logging_mixin.py:190} INFO - [2024-10-26T20:22:47.761+0000] {dag.py:4180} INFO - Setting next_dagrun for example_params_trigger_ui to None, run_after=None
[2024-10-26T20:22:47.783+0000] {processor.py:208} INFO - Processing /home/airflow/.local/lib/python3.12/site-packages/airflow/example_dags/example_params_trigger_ui.py took 0.097 seconds
[2024-10-26T20:23:20.296+0000] {processor.py:186} INFO - Started process (PID=21716) to work on /home/airflow/.local/lib/python3.12/site-packages/airflow/example_dags/example_params_trigger_ui.py
[2024-10-26T20:23:20.297+0000] {processor.py:914} INFO - Processing file /home/airflow/.local/lib/python3.12/site-packages/airflow/example_dags/example_params_trigger_ui.py for tasks to queue
[2024-10-26T20:23:20.300+0000] {logging_mixin.py:190} INFO - [2024-10-26T20:23:20.299+0000] {dagbag.py:588} INFO - Filling up the DagBag from /home/airflow/.local/lib/python3.12/site-packages/airflow/example_dags/example_params_trigger_ui.py
[2024-10-26T20:23:20.311+0000] {processor.py:925} INFO - DAG(s) 'example_params_trigger_ui' retrieved from /home/airflow/.local/lib/python3.12/site-packages/airflow/example_dags/example_params_trigger_ui.py
[2024-10-26T20:23:20.351+0000] {logging_mixin.py:190} INFO - [2024-10-26T20:23:20.351+0000] {dag.py:3239} INFO - Sync 1 DAGs
[2024-10-26T20:23:20.365+0000] {logging_mixin.py:190} INFO - [2024-10-26T20:23:20.365+0000] {dag.py:4180} INFO - Setting next_dagrun for example_params_trigger_ui to None, run_after=None
[2024-10-26T20:23:20.385+0000] {processor.py:208} INFO - Processing /home/airflow/.local/lib/python3.12/site-packages/airflow/example_dags/example_params_trigger_ui.py took 0.096 seconds
[2024-10-26T20:23:53.139+0000] {processor.py:186} INFO - Started process (PID=21780) to work on /home/airflow/.local/lib/python3.12/site-packages/airflow/example_dags/example_params_trigger_ui.py
[2024-10-26T20:23:53.140+0000] {processor.py:914} INFO - Processing file /home/airflow/.local/lib/python3.12/site-packages/airflow/example_dags/example_params_trigger_ui.py for tasks to queue
[2024-10-26T20:23:53.143+0000] {logging_mixin.py:190} INFO - [2024-10-26T20:23:53.142+0000] {dagbag.py:588} INFO - Filling up the DagBag from /home/airflow/.local/lib/python3.12/site-packages/airflow/example_dags/example_params_trigger_ui.py
[2024-10-26T20:23:53.155+0000] {processor.py:925} INFO - DAG(s) 'example_params_trigger_ui' retrieved from /home/airflow/.local/lib/python3.12/site-packages/airflow/example_dags/example_params_trigger_ui.py
[2024-10-26T20:23:53.203+0000] {logging_mixin.py:190} INFO - [2024-10-26T20:23:53.203+0000] {dag.py:3239} INFO - Sync 1 DAGs
[2024-10-26T20:23:53.217+0000] {logging_mixin.py:190} INFO - [2024-10-26T20:23:53.217+0000] {dag.py:4180} INFO - Setting next_dagrun for example_params_trigger_ui to None, run_after=None
[2024-10-26T20:23:53.234+0000] {processor.py:208} INFO - Processing /home/airflow/.local/lib/python3.12/site-packages/airflow/example_dags/example_params_trigger_ui.py took 0.101 seconds
[2024-10-26T20:24:25.480+0000] {processor.py:186} INFO - Started process (PID=21844) to work on /home/airflow/.local/lib/python3.12/site-packages/airflow/example_dags/example_params_trigger_ui.py
[2024-10-26T20:24:25.485+0000] {processor.py:914} INFO - Processing file /home/airflow/.local/lib/python3.12/site-packages/airflow/example_dags/example_params_trigger_ui.py for tasks to queue
[2024-10-26T20:24:25.494+0000] {logging_mixin.py:190} INFO - [2024-10-26T20:24:25.494+0000] {dagbag.py:588} INFO - Filling up the DagBag from /home/airflow/.local/lib/python3.12/site-packages/airflow/example_dags/example_params_trigger_ui.py
[2024-10-26T20:24:25.529+0000] {processor.py:925} INFO - DAG(s) 'example_params_trigger_ui' retrieved from /home/airflow/.local/lib/python3.12/site-packages/airflow/example_dags/example_params_trigger_ui.py
[2024-10-26T20:24:25.596+0000] {logging_mixin.py:190} INFO - [2024-10-26T20:24:25.596+0000] {dag.py:3239} INFO - Sync 1 DAGs
[2024-10-26T20:24:25.612+0000] {logging_mixin.py:190} INFO - [2024-10-26T20:24:25.612+0000] {dag.py:4180} INFO - Setting next_dagrun for example_params_trigger_ui to None, run_after=None
[2024-10-26T20:24:25.633+0000] {processor.py:208} INFO - Processing /home/airflow/.local/lib/python3.12/site-packages/airflow/example_dags/example_params_trigger_ui.py took 0.165 seconds
[2024-10-26T20:24:58.748+0000] {processor.py:186} INFO - Started process (PID=21908) to work on /home/airflow/.local/lib/python3.12/site-packages/airflow/example_dags/example_params_trigger_ui.py
[2024-10-26T20:24:58.750+0000] {processor.py:914} INFO - Processing file /home/airflow/.local/lib/python3.12/site-packages/airflow/example_dags/example_params_trigger_ui.py for tasks to queue
[2024-10-26T20:24:58.752+0000] {logging_mixin.py:190} INFO - [2024-10-26T20:24:58.752+0000] {dagbag.py:588} INFO - Filling up the DagBag from /home/airflow/.local/lib/python3.12/site-packages/airflow/example_dags/example_params_trigger_ui.py
[2024-10-26T20:24:58.763+0000] {processor.py:925} INFO - DAG(s) 'example_params_trigger_ui' retrieved from /home/airflow/.local/lib/python3.12/site-packages/airflow/example_dags/example_params_trigger_ui.py
[2024-10-26T20:24:58.805+0000] {logging_mixin.py:190} INFO - [2024-10-26T20:24:58.805+0000] {dag.py:3239} INFO - Sync 1 DAGs
[2024-10-26T20:24:58.818+0000] {logging_mixin.py:190} INFO - [2024-10-26T20:24:58.818+0000] {dag.py:4180} INFO - Setting next_dagrun for example_params_trigger_ui to None, run_after=None
[2024-10-26T20:24:58.839+0000] {processor.py:208} INFO - Processing /home/airflow/.local/lib/python3.12/site-packages/airflow/example_dags/example_params_trigger_ui.py took 0.096 seconds
[2024-10-26T20:25:31.498+0000] {processor.py:186} INFO - Started process (PID=21972) to work on /home/airflow/.local/lib/python3.12/site-packages/airflow/example_dags/example_params_trigger_ui.py
[2024-10-26T20:25:31.499+0000] {processor.py:914} INFO - Processing file /home/airflow/.local/lib/python3.12/site-packages/airflow/example_dags/example_params_trigger_ui.py for tasks to queue
[2024-10-26T20:25:31.502+0000] {logging_mixin.py:190} INFO - [2024-10-26T20:25:31.502+0000] {dagbag.py:588} INFO - Filling up the DagBag from /home/airflow/.local/lib/python3.12/site-packages/airflow/example_dags/example_params_trigger_ui.py
[2024-10-26T20:25:31.513+0000] {processor.py:925} INFO - DAG(s) 'example_params_trigger_ui' retrieved from /home/airflow/.local/lib/python3.12/site-packages/airflow/example_dags/example_params_trigger_ui.py
[2024-10-26T20:25:31.556+0000] {logging_mixin.py:190} INFO - [2024-10-26T20:25:31.555+0000] {dag.py:3239} INFO - Sync 1 DAGs
[2024-10-26T20:25:31.570+0000] {logging_mixin.py:190} INFO - [2024-10-26T20:25:31.569+0000] {dag.py:4180} INFO - Setting next_dagrun for example_params_trigger_ui to None, run_after=None
[2024-10-26T20:25:31.592+0000] {processor.py:208} INFO - Processing /home/airflow/.local/lib/python3.12/site-packages/airflow/example_dags/example_params_trigger_ui.py took 0.100 seconds
[2024-10-26T20:26:04.266+0000] {processor.py:186} INFO - Started process (PID=22036) to work on /home/airflow/.local/lib/python3.12/site-packages/airflow/example_dags/example_params_trigger_ui.py
[2024-10-26T20:26:04.267+0000] {processor.py:914} INFO - Processing file /home/airflow/.local/lib/python3.12/site-packages/airflow/example_dags/example_params_trigger_ui.py for tasks to queue
[2024-10-26T20:26:04.269+0000] {logging_mixin.py:190} INFO - [2024-10-26T20:26:04.269+0000] {dagbag.py:588} INFO - Filling up the DagBag from /home/airflow/.local/lib/python3.12/site-packages/airflow/example_dags/example_params_trigger_ui.py
[2024-10-26T20:26:04.283+0000] {processor.py:925} INFO - DAG(s) 'example_params_trigger_ui' retrieved from /home/airflow/.local/lib/python3.12/site-packages/airflow/example_dags/example_params_trigger_ui.py
[2024-10-26T20:26:04.326+0000] {logging_mixin.py:190} INFO - [2024-10-26T20:26:04.326+0000] {dag.py:3239} INFO - Sync 1 DAGs
[2024-10-26T20:26:04.338+0000] {logging_mixin.py:190} INFO - [2024-10-26T20:26:04.338+0000] {dag.py:4180} INFO - Setting next_dagrun for example_params_trigger_ui to None, run_after=None
[2024-10-26T20:26:04.359+0000] {processor.py:208} INFO - Processing /home/airflow/.local/lib/python3.12/site-packages/airflow/example_dags/example_params_trigger_ui.py took 0.100 seconds
[2024-10-26T20:26:36.354+0000] {processor.py:186} INFO - Started process (PID=22100) to work on /home/airflow/.local/lib/python3.12/site-packages/airflow/example_dags/example_params_trigger_ui.py
[2024-10-26T20:26:36.356+0000] {processor.py:914} INFO - Processing file /home/airflow/.local/lib/python3.12/site-packages/airflow/example_dags/example_params_trigger_ui.py for tasks to queue
[2024-10-26T20:26:36.358+0000] {logging_mixin.py:190} INFO - [2024-10-26T20:26:36.358+0000] {dagbag.py:588} INFO - Filling up the DagBag from /home/airflow/.local/lib/python3.12/site-packages/airflow/example_dags/example_params_trigger_ui.py
[2024-10-26T20:26:36.368+0000] {processor.py:925} INFO - DAG(s) 'example_params_trigger_ui' retrieved from /home/airflow/.local/lib/python3.12/site-packages/airflow/example_dags/example_params_trigger_ui.py
[2024-10-26T20:26:36.411+0000] {logging_mixin.py:190} INFO - [2024-10-26T20:26:36.411+0000] {dag.py:3239} INFO - Sync 1 DAGs
[2024-10-26T20:26:36.424+0000] {logging_mixin.py:190} INFO - [2024-10-26T20:26:36.424+0000] {dag.py:4180} INFO - Setting next_dagrun for example_params_trigger_ui to None, run_after=None
[2024-10-26T20:26:36.445+0000] {processor.py:208} INFO - Processing /home/airflow/.local/lib/python3.12/site-packages/airflow/example_dags/example_params_trigger_ui.py took 0.096 seconds
[2024-10-26T20:27:09.436+0000] {processor.py:186} INFO - Started process (PID=22164) to work on /home/airflow/.local/lib/python3.12/site-packages/airflow/example_dags/example_params_trigger_ui.py
[2024-10-26T20:27:09.437+0000] {processor.py:914} INFO - Processing file /home/airflow/.local/lib/python3.12/site-packages/airflow/example_dags/example_params_trigger_ui.py for tasks to queue
[2024-10-26T20:27:09.440+0000] {logging_mixin.py:190} INFO - [2024-10-26T20:27:09.440+0000] {dagbag.py:588} INFO - Filling up the DagBag from /home/airflow/.local/lib/python3.12/site-packages/airflow/example_dags/example_params_trigger_ui.py
[2024-10-26T20:27:09.452+0000] {processor.py:925} INFO - DAG(s) 'example_params_trigger_ui' retrieved from /home/airflow/.local/lib/python3.12/site-packages/airflow/example_dags/example_params_trigger_ui.py
[2024-10-26T20:27:09.500+0000] {logging_mixin.py:190} INFO - [2024-10-26T20:27:09.499+0000] {dag.py:3239} INFO - Sync 1 DAGs
[2024-10-26T20:27:09.514+0000] {logging_mixin.py:190} INFO - [2024-10-26T20:27:09.514+0000] {dag.py:4180} INFO - Setting next_dagrun for example_params_trigger_ui to None, run_after=None
[2024-10-26T20:27:09.536+0000] {processor.py:208} INFO - Processing /home/airflow/.local/lib/python3.12/site-packages/airflow/example_dags/example_params_trigger_ui.py took 0.106 seconds
[2024-10-26T20:27:42.222+0000] {processor.py:186} INFO - Started process (PID=22228) to work on /home/airflow/.local/lib/python3.12/site-packages/airflow/example_dags/example_params_trigger_ui.py
[2024-10-26T20:27:42.224+0000] {processor.py:914} INFO - Processing file /home/airflow/.local/lib/python3.12/site-packages/airflow/example_dags/example_params_trigger_ui.py for tasks to queue
[2024-10-26T20:27:42.226+0000] {logging_mixin.py:190} INFO - [2024-10-26T20:27:42.226+0000] {dagbag.py:588} INFO - Filling up the DagBag from /home/airflow/.local/lib/python3.12/site-packages/airflow/example_dags/example_params_trigger_ui.py
[2024-10-26T20:27:42.237+0000] {processor.py:925} INFO - DAG(s) 'example_params_trigger_ui' retrieved from /home/airflow/.local/lib/python3.12/site-packages/airflow/example_dags/example_params_trigger_ui.py
[2024-10-26T20:27:42.281+0000] {logging_mixin.py:190} INFO - [2024-10-26T20:27:42.281+0000] {dag.py:3239} INFO - Sync 1 DAGs
[2024-10-26T20:27:42.295+0000] {logging_mixin.py:190} INFO - [2024-10-26T20:27:42.294+0000] {dag.py:4180} INFO - Setting next_dagrun for example_params_trigger_ui to None, run_after=None
[2024-10-26T20:27:42.316+0000] {processor.py:208} INFO - Processing /home/airflow/.local/lib/python3.12/site-packages/airflow/example_dags/example_params_trigger_ui.py took 0.099 seconds
[2024-10-26T20:28:15.084+0000] {processor.py:186} INFO - Started process (PID=22292) to work on /home/airflow/.local/lib/python3.12/site-packages/airflow/example_dags/example_params_trigger_ui.py
[2024-10-26T20:28:15.085+0000] {processor.py:914} INFO - Processing file /home/airflow/.local/lib/python3.12/site-packages/airflow/example_dags/example_params_trigger_ui.py for tasks to queue
[2024-10-26T20:28:15.087+0000] {logging_mixin.py:190} INFO - [2024-10-26T20:28:15.087+0000] {dagbag.py:588} INFO - Filling up the DagBag from /home/airflow/.local/lib/python3.12/site-packages/airflow/example_dags/example_params_trigger_ui.py
[2024-10-26T20:28:15.098+0000] {processor.py:925} INFO - DAG(s) 'example_params_trigger_ui' retrieved from /home/airflow/.local/lib/python3.12/site-packages/airflow/example_dags/example_params_trigger_ui.py
[2024-10-26T20:28:15.140+0000] {logging_mixin.py:190} INFO - [2024-10-26T20:28:15.139+0000] {dag.py:3239} INFO - Sync 1 DAGs
[2024-10-26T20:28:15.153+0000] {logging_mixin.py:190} INFO - [2024-10-26T20:28:15.152+0000] {dag.py:4180} INFO - Setting next_dagrun for example_params_trigger_ui to None, run_after=None
[2024-10-26T20:28:15.173+0000] {processor.py:208} INFO - Processing /home/airflow/.local/lib/python3.12/site-packages/airflow/example_dags/example_params_trigger_ui.py took 0.096 seconds
[2024-10-26T20:28:47.696+0000] {processor.py:186} INFO - Started process (PID=22356) to work on /home/airflow/.local/lib/python3.12/site-packages/airflow/example_dags/example_params_trigger_ui.py
[2024-10-26T20:28:47.697+0000] {processor.py:914} INFO - Processing file /home/airflow/.local/lib/python3.12/site-packages/airflow/example_dags/example_params_trigger_ui.py for tasks to queue
[2024-10-26T20:28:47.699+0000] {logging_mixin.py:190} INFO - [2024-10-26T20:28:47.699+0000] {dagbag.py:588} INFO - Filling up the DagBag from /home/airflow/.local/lib/python3.12/site-packages/airflow/example_dags/example_params_trigger_ui.py
[2024-10-26T20:28:47.713+0000] {processor.py:925} INFO - DAG(s) 'example_params_trigger_ui' retrieved from /home/airflow/.local/lib/python3.12/site-packages/airflow/example_dags/example_params_trigger_ui.py
[2024-10-26T20:28:47.757+0000] {logging_mixin.py:190} INFO - [2024-10-26T20:28:47.757+0000] {dag.py:3239} INFO - Sync 1 DAGs
[2024-10-26T20:28:47.771+0000] {logging_mixin.py:190} INFO - [2024-10-26T20:28:47.771+0000] {dag.py:4180} INFO - Setting next_dagrun for example_params_trigger_ui to None, run_after=None
[2024-10-26T20:28:47.793+0000] {processor.py:208} INFO - Processing /home/airflow/.local/lib/python3.12/site-packages/airflow/example_dags/example_params_trigger_ui.py took 0.103 seconds
[2024-10-26T20:29:20.352+0000] {processor.py:186} INFO - Started process (PID=22420) to work on /home/airflow/.local/lib/python3.12/site-packages/airflow/example_dags/example_params_trigger_ui.py
[2024-10-26T20:29:20.353+0000] {processor.py:914} INFO - Processing file /home/airflow/.local/lib/python3.12/site-packages/airflow/example_dags/example_params_trigger_ui.py for tasks to queue
[2024-10-26T20:29:20.355+0000] {logging_mixin.py:190} INFO - [2024-10-26T20:29:20.355+0000] {dagbag.py:588} INFO - Filling up the DagBag from /home/airflow/.local/lib/python3.12/site-packages/airflow/example_dags/example_params_trigger_ui.py
[2024-10-26T20:29:20.366+0000] {processor.py:925} INFO - DAG(s) 'example_params_trigger_ui' retrieved from /home/airflow/.local/lib/python3.12/site-packages/airflow/example_dags/example_params_trigger_ui.py
[2024-10-26T20:29:20.408+0000] {logging_mixin.py:190} INFO - [2024-10-26T20:29:20.408+0000] {dag.py:3239} INFO - Sync 1 DAGs
[2024-10-26T20:29:20.421+0000] {logging_mixin.py:190} INFO - [2024-10-26T20:29:20.421+0000] {dag.py:4180} INFO - Setting next_dagrun for example_params_trigger_ui to None, run_after=None
[2024-10-26T20:29:20.441+0000] {processor.py:208} INFO - Processing /home/airflow/.local/lib/python3.12/site-packages/airflow/example_dags/example_params_trigger_ui.py took 0.095 seconds
[2024-10-26T20:29:53.229+0000] {processor.py:186} INFO - Started process (PID=22484) to work on /home/airflow/.local/lib/python3.12/site-packages/airflow/example_dags/example_params_trigger_ui.py
[2024-10-26T20:29:53.230+0000] {processor.py:914} INFO - Processing file /home/airflow/.local/lib/python3.12/site-packages/airflow/example_dags/example_params_trigger_ui.py for tasks to queue
[2024-10-26T20:29:53.232+0000] {logging_mixin.py:190} INFO - [2024-10-26T20:29:53.232+0000] {dagbag.py:588} INFO - Filling up the DagBag from /home/airflow/.local/lib/python3.12/site-packages/airflow/example_dags/example_params_trigger_ui.py
[2024-10-26T20:29:53.243+0000] {processor.py:925} INFO - DAG(s) 'example_params_trigger_ui' retrieved from /home/airflow/.local/lib/python3.12/site-packages/airflow/example_dags/example_params_trigger_ui.py
[2024-10-26T20:29:53.285+0000] {logging_mixin.py:190} INFO - [2024-10-26T20:29:53.285+0000] {dag.py:3239} INFO - Sync 1 DAGs
[2024-10-26T20:29:53.298+0000] {logging_mixin.py:190} INFO - [2024-10-26T20:29:53.298+0000] {dag.py:4180} INFO - Setting next_dagrun for example_params_trigger_ui to None, run_after=None
[2024-10-26T20:29:53.319+0000] {processor.py:208} INFO - Processing /home/airflow/.local/lib/python3.12/site-packages/airflow/example_dags/example_params_trigger_ui.py took 0.095 seconds
[2024-10-26T20:30:26.150+0000] {processor.py:186} INFO - Started process (PID=22548) to work on /home/airflow/.local/lib/python3.12/site-packages/airflow/example_dags/example_params_trigger_ui.py
[2024-10-26T20:30:26.151+0000] {processor.py:914} INFO - Processing file /home/airflow/.local/lib/python3.12/site-packages/airflow/example_dags/example_params_trigger_ui.py for tasks to queue
[2024-10-26T20:30:26.153+0000] {logging_mixin.py:190} INFO - [2024-10-26T20:30:26.153+0000] {dagbag.py:588} INFO - Filling up the DagBag from /home/airflow/.local/lib/python3.12/site-packages/airflow/example_dags/example_params_trigger_ui.py
[2024-10-26T20:30:26.163+0000] {processor.py:925} INFO - DAG(s) 'example_params_trigger_ui' retrieved from /home/airflow/.local/lib/python3.12/site-packages/airflow/example_dags/example_params_trigger_ui.py
[2024-10-26T20:30:26.205+0000] {logging_mixin.py:190} INFO - [2024-10-26T20:30:26.205+0000] {dag.py:3239} INFO - Sync 1 DAGs
[2024-10-26T20:30:26.218+0000] {logging_mixin.py:190} INFO - [2024-10-26T20:30:26.217+0000] {dag.py:4180} INFO - Setting next_dagrun for example_params_trigger_ui to None, run_after=None
[2024-10-26T20:30:26.238+0000] {processor.py:208} INFO - Processing /home/airflow/.local/lib/python3.12/site-packages/airflow/example_dags/example_params_trigger_ui.py took 0.094 seconds
[2024-10-26T20:30:57.951+0000] {processor.py:186} INFO - Started process (PID=22612) to work on /home/airflow/.local/lib/python3.12/site-packages/airflow/example_dags/example_params_trigger_ui.py
[2024-10-26T20:30:57.952+0000] {processor.py:914} INFO - Processing file /home/airflow/.local/lib/python3.12/site-packages/airflow/example_dags/example_params_trigger_ui.py for tasks to queue
[2024-10-26T20:30:57.954+0000] {logging_mixin.py:190} INFO - [2024-10-26T20:30:57.954+0000] {dagbag.py:588} INFO - Filling up the DagBag from /home/airflow/.local/lib/python3.12/site-packages/airflow/example_dags/example_params_trigger_ui.py
[2024-10-26T20:30:57.968+0000] {processor.py:925} INFO - DAG(s) 'example_params_trigger_ui' retrieved from /home/airflow/.local/lib/python3.12/site-packages/airflow/example_dags/example_params_trigger_ui.py
[2024-10-26T20:30:58.014+0000] {logging_mixin.py:190} INFO - [2024-10-26T20:30:58.013+0000] {dag.py:3239} INFO - Sync 1 DAGs
[2024-10-26T20:30:58.029+0000] {logging_mixin.py:190} INFO - [2024-10-26T20:30:58.029+0000] {dag.py:4180} INFO - Setting next_dagrun for example_params_trigger_ui to None, run_after=None
[2024-10-26T20:30:58.054+0000] {processor.py:208} INFO - Processing /home/airflow/.local/lib/python3.12/site-packages/airflow/example_dags/example_params_trigger_ui.py took 0.111 seconds
[2024-10-26T20:31:31.049+0000] {processor.py:186} INFO - Started process (PID=22676) to work on /home/airflow/.local/lib/python3.12/site-packages/airflow/example_dags/example_params_trigger_ui.py
[2024-10-26T20:31:31.050+0000] {processor.py:914} INFO - Processing file /home/airflow/.local/lib/python3.12/site-packages/airflow/example_dags/example_params_trigger_ui.py for tasks to queue
[2024-10-26T20:31:31.052+0000] {logging_mixin.py:190} INFO - [2024-10-26T20:31:31.052+0000] {dagbag.py:588} INFO - Filling up the DagBag from /home/airflow/.local/lib/python3.12/site-packages/airflow/example_dags/example_params_trigger_ui.py
[2024-10-26T20:31:31.063+0000] {processor.py:925} INFO - DAG(s) 'example_params_trigger_ui' retrieved from /home/airflow/.local/lib/python3.12/site-packages/airflow/example_dags/example_params_trigger_ui.py
[2024-10-26T20:31:31.100+0000] {logging_mixin.py:190} INFO - [2024-10-26T20:31:31.100+0000] {dag.py:3239} INFO - Sync 1 DAGs
[2024-10-26T20:31:31.113+0000] {logging_mixin.py:190} INFO - [2024-10-26T20:31:31.113+0000] {dag.py:4180} INFO - Setting next_dagrun for example_params_trigger_ui to None, run_after=None
[2024-10-26T20:31:31.132+0000] {processor.py:208} INFO - Processing /home/airflow/.local/lib/python3.12/site-packages/airflow/example_dags/example_params_trigger_ui.py took 0.090 seconds
[2024-10-26T20:32:03.699+0000] {processor.py:186} INFO - Started process (PID=22740) to work on /home/airflow/.local/lib/python3.12/site-packages/airflow/example_dags/example_params_trigger_ui.py
[2024-10-26T20:32:03.700+0000] {processor.py:914} INFO - Processing file /home/airflow/.local/lib/python3.12/site-packages/airflow/example_dags/example_params_trigger_ui.py for tasks to queue
[2024-10-26T20:32:03.702+0000] {logging_mixin.py:190} INFO - [2024-10-26T20:32:03.702+0000] {dagbag.py:588} INFO - Filling up the DagBag from /home/airflow/.local/lib/python3.12/site-packages/airflow/example_dags/example_params_trigger_ui.py
[2024-10-26T20:32:03.714+0000] {processor.py:925} INFO - DAG(s) 'example_params_trigger_ui' retrieved from /home/airflow/.local/lib/python3.12/site-packages/airflow/example_dags/example_params_trigger_ui.py
[2024-10-26T20:32:03.755+0000] {logging_mixin.py:190} INFO - [2024-10-26T20:32:03.754+0000] {dag.py:3239} INFO - Sync 1 DAGs
[2024-10-26T20:32:03.767+0000] {logging_mixin.py:190} INFO - [2024-10-26T20:32:03.767+0000] {dag.py:4180} INFO - Setting next_dagrun for example_params_trigger_ui to None, run_after=None
[2024-10-26T20:32:03.785+0000] {processor.py:208} INFO - Processing /home/airflow/.local/lib/python3.12/site-packages/airflow/example_dags/example_params_trigger_ui.py took 0.092 seconds
[2024-10-26T20:32:36.352+0000] {processor.py:186} INFO - Started process (PID=22804) to work on /home/airflow/.local/lib/python3.12/site-packages/airflow/example_dags/example_params_trigger_ui.py
[2024-10-26T20:32:36.353+0000] {processor.py:914} INFO - Processing file /home/airflow/.local/lib/python3.12/site-packages/airflow/example_dags/example_params_trigger_ui.py for tasks to queue
[2024-10-26T20:32:36.355+0000] {logging_mixin.py:190} INFO - [2024-10-26T20:32:36.355+0000] {dagbag.py:588} INFO - Filling up the DagBag from /home/airflow/.local/lib/python3.12/site-packages/airflow/example_dags/example_params_trigger_ui.py
[2024-10-26T20:32:36.366+0000] {processor.py:925} INFO - DAG(s) 'example_params_trigger_ui' retrieved from /home/airflow/.local/lib/python3.12/site-packages/airflow/example_dags/example_params_trigger_ui.py
[2024-10-26T20:32:36.408+0000] {logging_mixin.py:190} INFO - [2024-10-26T20:32:36.407+0000] {dag.py:3239} INFO - Sync 1 DAGs
[2024-10-26T20:32:36.422+0000] {logging_mixin.py:190} INFO - [2024-10-26T20:32:36.422+0000] {dag.py:4180} INFO - Setting next_dagrun for example_params_trigger_ui to None, run_after=None
[2024-10-26T20:32:36.444+0000] {processor.py:208} INFO - Processing /home/airflow/.local/lib/python3.12/site-packages/airflow/example_dags/example_params_trigger_ui.py took 0.097 seconds
[2024-10-26T20:33:09.167+0000] {processor.py:186} INFO - Started process (PID=22868) to work on /home/airflow/.local/lib/python3.12/site-packages/airflow/example_dags/example_params_trigger_ui.py
[2024-10-26T20:33:09.169+0000] {processor.py:914} INFO - Processing file /home/airflow/.local/lib/python3.12/site-packages/airflow/example_dags/example_params_trigger_ui.py for tasks to queue
[2024-10-26T20:33:09.172+0000] {logging_mixin.py:190} INFO - [2024-10-26T20:33:09.171+0000] {dagbag.py:588} INFO - Filling up the DagBag from /home/airflow/.local/lib/python3.12/site-packages/airflow/example_dags/example_params_trigger_ui.py
[2024-10-26T20:33:09.186+0000] {processor.py:925} INFO - DAG(s) 'example_params_trigger_ui' retrieved from /home/airflow/.local/lib/python3.12/site-packages/airflow/example_dags/example_params_trigger_ui.py
[2024-10-26T20:33:09.227+0000] {logging_mixin.py:190} INFO - [2024-10-26T20:33:09.226+0000] {dag.py:3239} INFO - Sync 1 DAGs
[2024-10-26T20:33:09.242+0000] {logging_mixin.py:190} INFO - [2024-10-26T20:33:09.241+0000] {dag.py:4180} INFO - Setting next_dagrun for example_params_trigger_ui to None, run_after=None
[2024-10-26T20:33:09.261+0000] {processor.py:208} INFO - Processing /home/airflow/.local/lib/python3.12/site-packages/airflow/example_dags/example_params_trigger_ui.py took 0.100 seconds
[2024-10-26T20:33:41.736+0000] {processor.py:186} INFO - Started process (PID=22932) to work on /home/airflow/.local/lib/python3.12/site-packages/airflow/example_dags/example_params_trigger_ui.py
[2024-10-26T20:33:41.737+0000] {processor.py:914} INFO - Processing file /home/airflow/.local/lib/python3.12/site-packages/airflow/example_dags/example_params_trigger_ui.py for tasks to queue
[2024-10-26T20:33:41.741+0000] {logging_mixin.py:190} INFO - [2024-10-26T20:33:41.740+0000] {dagbag.py:588} INFO - Filling up the DagBag from /home/airflow/.local/lib/python3.12/site-packages/airflow/example_dags/example_params_trigger_ui.py
[2024-10-26T20:33:41.755+0000] {processor.py:925} INFO - DAG(s) 'example_params_trigger_ui' retrieved from /home/airflow/.local/lib/python3.12/site-packages/airflow/example_dags/example_params_trigger_ui.py
[2024-10-26T20:33:41.803+0000] {logging_mixin.py:190} INFO - [2024-10-26T20:33:41.803+0000] {dag.py:3239} INFO - Sync 1 DAGs
[2024-10-26T20:33:41.818+0000] {logging_mixin.py:190} INFO - [2024-10-26T20:33:41.817+0000] {dag.py:4180} INFO - Setting next_dagrun for example_params_trigger_ui to None, run_after=None
[2024-10-26T20:33:41.839+0000] {processor.py:208} INFO - Processing /home/airflow/.local/lib/python3.12/site-packages/airflow/example_dags/example_params_trigger_ui.py took 0.109 seconds
[2024-10-26T20:34:12.385+0000] {processor.py:186} INFO - Started process (PID=22996) to work on /home/airflow/.local/lib/python3.12/site-packages/airflow/example_dags/example_params_trigger_ui.py
[2024-10-26T20:34:12.386+0000] {processor.py:914} INFO - Processing file /home/airflow/.local/lib/python3.12/site-packages/airflow/example_dags/example_params_trigger_ui.py for tasks to queue
[2024-10-26T20:34:12.388+0000] {logging_mixin.py:190} INFO - [2024-10-26T20:34:12.388+0000] {dagbag.py:588} INFO - Filling up the DagBag from /home/airflow/.local/lib/python3.12/site-packages/airflow/example_dags/example_params_trigger_ui.py
[2024-10-26T20:34:12.399+0000] {processor.py:925} INFO - DAG(s) 'example_params_trigger_ui' retrieved from /home/airflow/.local/lib/python3.12/site-packages/airflow/example_dags/example_params_trigger_ui.py
[2024-10-26T20:34:12.444+0000] {logging_mixin.py:190} INFO - [2024-10-26T20:34:12.443+0000] {dag.py:3239} INFO - Sync 1 DAGs
[2024-10-26T20:34:12.465+0000] {logging_mixin.py:190} INFO - [2024-10-26T20:34:12.465+0000] {dag.py:4180} INFO - Setting next_dagrun for example_params_trigger_ui to None, run_after=None
[2024-10-26T20:34:12.493+0000] {processor.py:208} INFO - Processing /home/airflow/.local/lib/python3.12/site-packages/airflow/example_dags/example_params_trigger_ui.py took 0.114 seconds
[2024-10-26T20:34:42.894+0000] {processor.py:186} INFO - Started process (PID=23060) to work on /home/airflow/.local/lib/python3.12/site-packages/airflow/example_dags/example_params_trigger_ui.py
[2024-10-26T20:34:42.895+0000] {processor.py:914} INFO - Processing file /home/airflow/.local/lib/python3.12/site-packages/airflow/example_dags/example_params_trigger_ui.py for tasks to queue
[2024-10-26T20:34:42.899+0000] {logging_mixin.py:190} INFO - [2024-10-26T20:34:42.898+0000] {dagbag.py:588} INFO - Filling up the DagBag from /home/airflow/.local/lib/python3.12/site-packages/airflow/example_dags/example_params_trigger_ui.py
[2024-10-26T20:34:42.914+0000] {processor.py:925} INFO - DAG(s) 'example_params_trigger_ui' retrieved from /home/airflow/.local/lib/python3.12/site-packages/airflow/example_dags/example_params_trigger_ui.py
[2024-10-26T20:34:42.957+0000] {logging_mixin.py:190} INFO - [2024-10-26T20:34:42.956+0000] {dag.py:3239} INFO - Sync 1 DAGs
[2024-10-26T20:34:42.970+0000] {logging_mixin.py:190} INFO - [2024-10-26T20:34:42.970+0000] {dag.py:4180} INFO - Setting next_dagrun for example_params_trigger_ui to None, run_after=None
[2024-10-26T20:34:42.991+0000] {processor.py:208} INFO - Processing /home/airflow/.local/lib/python3.12/site-packages/airflow/example_dags/example_params_trigger_ui.py took 0.103 seconds
[2024-10-26T20:35:14.031+0000] {processor.py:186} INFO - Started process (PID=23124) to work on /home/airflow/.local/lib/python3.12/site-packages/airflow/example_dags/example_params_trigger_ui.py
[2024-10-26T20:35:14.032+0000] {processor.py:914} INFO - Processing file /home/airflow/.local/lib/python3.12/site-packages/airflow/example_dags/example_params_trigger_ui.py for tasks to queue
[2024-10-26T20:35:14.035+0000] {logging_mixin.py:190} INFO - [2024-10-26T20:35:14.035+0000] {dagbag.py:588} INFO - Filling up the DagBag from /home/airflow/.local/lib/python3.12/site-packages/airflow/example_dags/example_params_trigger_ui.py
[2024-10-26T20:35:14.055+0000] {processor.py:925} INFO - DAG(s) 'example_params_trigger_ui' retrieved from /home/airflow/.local/lib/python3.12/site-packages/airflow/example_dags/example_params_trigger_ui.py
[2024-10-26T20:35:14.104+0000] {logging_mixin.py:190} INFO - [2024-10-26T20:35:14.103+0000] {dag.py:3239} INFO - Sync 1 DAGs
[2024-10-26T20:35:14.117+0000] {logging_mixin.py:190} INFO - [2024-10-26T20:35:14.117+0000] {dag.py:4180} INFO - Setting next_dagrun for example_params_trigger_ui to None, run_after=None
[2024-10-26T20:35:14.136+0000] {processor.py:208} INFO - Processing /home/airflow/.local/lib/python3.12/site-packages/airflow/example_dags/example_params_trigger_ui.py took 0.112 seconds
[2024-10-26T20:35:44.288+0000] {processor.py:186} INFO - Started process (PID=23188) to work on /home/airflow/.local/lib/python3.12/site-packages/airflow/example_dags/example_params_trigger_ui.py
[2024-10-26T20:35:44.289+0000] {processor.py:914} INFO - Processing file /home/airflow/.local/lib/python3.12/site-packages/airflow/example_dags/example_params_trigger_ui.py for tasks to queue
[2024-10-26T20:35:44.292+0000] {logging_mixin.py:190} INFO - [2024-10-26T20:35:44.291+0000] {dagbag.py:588} INFO - Filling up the DagBag from /home/airflow/.local/lib/python3.12/site-packages/airflow/example_dags/example_params_trigger_ui.py
[2024-10-26T20:35:44.305+0000] {processor.py:925} INFO - DAG(s) 'example_params_trigger_ui' retrieved from /home/airflow/.local/lib/python3.12/site-packages/airflow/example_dags/example_params_trigger_ui.py
[2024-10-26T20:35:44.355+0000] {logging_mixin.py:190} INFO - [2024-10-26T20:35:44.355+0000] {dag.py:3239} INFO - Sync 1 DAGs
[2024-10-26T20:35:44.368+0000] {logging_mixin.py:190} INFO - [2024-10-26T20:35:44.368+0000] {dag.py:4180} INFO - Setting next_dagrun for example_params_trigger_ui to None, run_after=None
[2024-10-26T20:35:44.391+0000] {processor.py:208} INFO - Processing /home/airflow/.local/lib/python3.12/site-packages/airflow/example_dags/example_params_trigger_ui.py took 0.108 seconds
[2024-10-26T20:36:15.063+0000] {processor.py:186} INFO - Started process (PID=23252) to work on /home/airflow/.local/lib/python3.12/site-packages/airflow/example_dags/example_params_trigger_ui.py
[2024-10-26T20:36:15.064+0000] {processor.py:914} INFO - Processing file /home/airflow/.local/lib/python3.12/site-packages/airflow/example_dags/example_params_trigger_ui.py for tasks to queue
[2024-10-26T20:36:15.067+0000] {logging_mixin.py:190} INFO - [2024-10-26T20:36:15.066+0000] {dagbag.py:588} INFO - Filling up the DagBag from /home/airflow/.local/lib/python3.12/site-packages/airflow/example_dags/example_params_trigger_ui.py
[2024-10-26T20:36:15.080+0000] {processor.py:925} INFO - DAG(s) 'example_params_trigger_ui' retrieved from /home/airflow/.local/lib/python3.12/site-packages/airflow/example_dags/example_params_trigger_ui.py
[2024-10-26T20:36:15.118+0000] {logging_mixin.py:190} INFO - [2024-10-26T20:36:15.118+0000] {dag.py:3239} INFO - Sync 1 DAGs
[2024-10-26T20:36:15.130+0000] {logging_mixin.py:190} INFO - [2024-10-26T20:36:15.130+0000] {dag.py:4180} INFO - Setting next_dagrun for example_params_trigger_ui to None, run_after=None
[2024-10-26T20:36:15.154+0000] {processor.py:208} INFO - Processing /home/airflow/.local/lib/python3.12/site-packages/airflow/example_dags/example_params_trigger_ui.py took 0.097 seconds
[2024-10-26T20:36:45.765+0000] {processor.py:186} INFO - Started process (PID=23316) to work on /home/airflow/.local/lib/python3.12/site-packages/airflow/example_dags/example_params_trigger_ui.py
[2024-10-26T20:36:45.766+0000] {processor.py:914} INFO - Processing file /home/airflow/.local/lib/python3.12/site-packages/airflow/example_dags/example_params_trigger_ui.py for tasks to queue
[2024-10-26T20:36:45.768+0000] {logging_mixin.py:190} INFO - [2024-10-26T20:36:45.768+0000] {dagbag.py:588} INFO - Filling up the DagBag from /home/airflow/.local/lib/python3.12/site-packages/airflow/example_dags/example_params_trigger_ui.py
[2024-10-26T20:36:45.781+0000] {processor.py:925} INFO - DAG(s) 'example_params_trigger_ui' retrieved from /home/airflow/.local/lib/python3.12/site-packages/airflow/example_dags/example_params_trigger_ui.py
[2024-10-26T20:36:45.816+0000] {logging_mixin.py:190} INFO - [2024-10-26T20:36:45.816+0000] {dag.py:3239} INFO - Sync 1 DAGs
[2024-10-26T20:36:45.829+0000] {logging_mixin.py:190} INFO - [2024-10-26T20:36:45.829+0000] {dag.py:4180} INFO - Setting next_dagrun for example_params_trigger_ui to None, run_after=None
[2024-10-26T20:36:45.849+0000] {processor.py:208} INFO - Processing /home/airflow/.local/lib/python3.12/site-packages/airflow/example_dags/example_params_trigger_ui.py took 0.090 seconds
[2024-10-26T20:37:16.098+0000] {processor.py:186} INFO - Started process (PID=23380) to work on /home/airflow/.local/lib/python3.12/site-packages/airflow/example_dags/example_params_trigger_ui.py
[2024-10-26T20:37:16.099+0000] {processor.py:914} INFO - Processing file /home/airflow/.local/lib/python3.12/site-packages/airflow/example_dags/example_params_trigger_ui.py for tasks to queue
[2024-10-26T20:37:16.101+0000] {logging_mixin.py:190} INFO - [2024-10-26T20:37:16.101+0000] {dagbag.py:588} INFO - Filling up the DagBag from /home/airflow/.local/lib/python3.12/site-packages/airflow/example_dags/example_params_trigger_ui.py
[2024-10-26T20:37:16.112+0000] {processor.py:925} INFO - DAG(s) 'example_params_trigger_ui' retrieved from /home/airflow/.local/lib/python3.12/site-packages/airflow/example_dags/example_params_trigger_ui.py
[2024-10-26T20:37:16.150+0000] {logging_mixin.py:190} INFO - [2024-10-26T20:37:16.150+0000] {dag.py:3239} INFO - Sync 1 DAGs
[2024-10-26T20:37:16.163+0000] {logging_mixin.py:190} INFO - [2024-10-26T20:37:16.163+0000] {dag.py:4180} INFO - Setting next_dagrun for example_params_trigger_ui to None, run_after=None
[2024-10-26T20:37:16.183+0000] {processor.py:208} INFO - Processing /home/airflow/.local/lib/python3.12/site-packages/airflow/example_dags/example_params_trigger_ui.py took 0.091 seconds
[2024-10-26T20:37:46.838+0000] {processor.py:186} INFO - Started process (PID=23444) to work on /home/airflow/.local/lib/python3.12/site-packages/airflow/example_dags/example_params_trigger_ui.py
[2024-10-26T20:37:46.839+0000] {processor.py:914} INFO - Processing file /home/airflow/.local/lib/python3.12/site-packages/airflow/example_dags/example_params_trigger_ui.py for tasks to queue
[2024-10-26T20:37:46.842+0000] {logging_mixin.py:190} INFO - [2024-10-26T20:37:46.841+0000] {dagbag.py:588} INFO - Filling up the DagBag from /home/airflow/.local/lib/python3.12/site-packages/airflow/example_dags/example_params_trigger_ui.py
[2024-10-26T20:37:46.852+0000] {processor.py:925} INFO - DAG(s) 'example_params_trigger_ui' retrieved from /home/airflow/.local/lib/python3.12/site-packages/airflow/example_dags/example_params_trigger_ui.py
[2024-10-26T20:37:46.892+0000] {logging_mixin.py:190} INFO - [2024-10-26T20:37:46.891+0000] {dag.py:3239} INFO - Sync 1 DAGs
[2024-10-26T20:37:46.905+0000] {logging_mixin.py:190} INFO - [2024-10-26T20:37:46.904+0000] {dag.py:4180} INFO - Setting next_dagrun for example_params_trigger_ui to None, run_after=None
[2024-10-26T20:37:46.926+0000] {processor.py:208} INFO - Processing /home/airflow/.local/lib/python3.12/site-packages/airflow/example_dags/example_params_trigger_ui.py took 0.093 seconds
[2024-10-26T20:38:17.633+0000] {processor.py:186} INFO - Started process (PID=23502) to work on /home/airflow/.local/lib/python3.12/site-packages/airflow/example_dags/example_params_trigger_ui.py
[2024-10-26T20:38:17.634+0000] {processor.py:914} INFO - Processing file /home/airflow/.local/lib/python3.12/site-packages/airflow/example_dags/example_params_trigger_ui.py for tasks to queue
[2024-10-26T20:38:17.638+0000] {logging_mixin.py:190} INFO - [2024-10-26T20:38:17.637+0000] {dagbag.py:588} INFO - Filling up the DagBag from /home/airflow/.local/lib/python3.12/site-packages/airflow/example_dags/example_params_trigger_ui.py
[2024-10-26T20:38:17.662+0000] {processor.py:925} INFO - DAG(s) 'example_params_trigger_ui' retrieved from /home/airflow/.local/lib/python3.12/site-packages/airflow/example_dags/example_params_trigger_ui.py
[2024-10-26T20:38:17.720+0000] {logging_mixin.py:190} INFO - [2024-10-26T20:38:17.719+0000] {dag.py:3239} INFO - Sync 1 DAGs
[2024-10-26T20:38:17.734+0000] {logging_mixin.py:190} INFO - [2024-10-26T20:38:17.734+0000] {dag.py:4180} INFO - Setting next_dagrun for example_params_trigger_ui to None, run_after=None
[2024-10-26T20:38:17.754+0000] {processor.py:208} INFO - Processing /home/airflow/.local/lib/python3.12/site-packages/airflow/example_dags/example_params_trigger_ui.py took 0.127 seconds
[2024-10-26T20:38:48.176+0000] {processor.py:186} INFO - Started process (PID=23566) to work on /home/airflow/.local/lib/python3.12/site-packages/airflow/example_dags/example_params_trigger_ui.py
[2024-10-26T20:38:48.177+0000] {processor.py:914} INFO - Processing file /home/airflow/.local/lib/python3.12/site-packages/airflow/example_dags/example_params_trigger_ui.py for tasks to queue
[2024-10-26T20:38:48.180+0000] {logging_mixin.py:190} INFO - [2024-10-26T20:38:48.179+0000] {dagbag.py:588} INFO - Filling up the DagBag from /home/airflow/.local/lib/python3.12/site-packages/airflow/example_dags/example_params_trigger_ui.py
[2024-10-26T20:38:48.190+0000] {processor.py:925} INFO - DAG(s) 'example_params_trigger_ui' retrieved from /home/airflow/.local/lib/python3.12/site-packages/airflow/example_dags/example_params_trigger_ui.py
[2024-10-26T20:38:48.232+0000] {logging_mixin.py:190} INFO - [2024-10-26T20:38:48.231+0000] {dag.py:3239} INFO - Sync 1 DAGs
[2024-10-26T20:38:48.244+0000] {logging_mixin.py:190} INFO - [2024-10-26T20:38:48.244+0000] {dag.py:4180} INFO - Setting next_dagrun for example_params_trigger_ui to None, run_after=None
[2024-10-26T20:38:48.262+0000] {processor.py:208} INFO - Processing /home/airflow/.local/lib/python3.12/site-packages/airflow/example_dags/example_params_trigger_ui.py took 0.093 seconds
[2024-10-26T20:39:18.892+0000] {processor.py:186} INFO - Started process (PID=23630) to work on /home/airflow/.local/lib/python3.12/site-packages/airflow/example_dags/example_params_trigger_ui.py
[2024-10-26T20:39:18.893+0000] {processor.py:914} INFO - Processing file /home/airflow/.local/lib/python3.12/site-packages/airflow/example_dags/example_params_trigger_ui.py for tasks to queue
[2024-10-26T20:39:18.898+0000] {logging_mixin.py:190} INFO - [2024-10-26T20:39:18.897+0000] {dagbag.py:588} INFO - Filling up the DagBag from /home/airflow/.local/lib/python3.12/site-packages/airflow/example_dags/example_params_trigger_ui.py
[2024-10-26T20:39:18.914+0000] {processor.py:925} INFO - DAG(s) 'example_params_trigger_ui' retrieved from /home/airflow/.local/lib/python3.12/site-packages/airflow/example_dags/example_params_trigger_ui.py
[2024-10-26T20:39:18.967+0000] {logging_mixin.py:190} INFO - [2024-10-26T20:39:18.967+0000] {dag.py:3239} INFO - Sync 1 DAGs
[2024-10-26T20:39:18.987+0000] {logging_mixin.py:190} INFO - [2024-10-26T20:39:18.987+0000] {dag.py:4180} INFO - Setting next_dagrun for example_params_trigger_ui to None, run_after=None
[2024-10-26T20:39:19.011+0000] {processor.py:208} INFO - Processing /home/airflow/.local/lib/python3.12/site-packages/airflow/example_dags/example_params_trigger_ui.py took 0.127 seconds
[2024-10-26T20:39:49.379+0000] {processor.py:186} INFO - Started process (PID=23694) to work on /home/airflow/.local/lib/python3.12/site-packages/airflow/example_dags/example_params_trigger_ui.py
[2024-10-26T20:39:49.380+0000] {processor.py:914} INFO - Processing file /home/airflow/.local/lib/python3.12/site-packages/airflow/example_dags/example_params_trigger_ui.py for tasks to queue
[2024-10-26T20:39:49.383+0000] {logging_mixin.py:190} INFO - [2024-10-26T20:39:49.382+0000] {dagbag.py:588} INFO - Filling up the DagBag from /home/airflow/.local/lib/python3.12/site-packages/airflow/example_dags/example_params_trigger_ui.py
[2024-10-26T20:39:49.396+0000] {processor.py:925} INFO - DAG(s) 'example_params_trigger_ui' retrieved from /home/airflow/.local/lib/python3.12/site-packages/airflow/example_dags/example_params_trigger_ui.py
[2024-10-26T20:39:49.436+0000] {logging_mixin.py:190} INFO - [2024-10-26T20:39:49.436+0000] {dag.py:3239} INFO - Sync 1 DAGs
[2024-10-26T20:39:49.452+0000] {logging_mixin.py:190} INFO - [2024-10-26T20:39:49.452+0000] {dag.py:4180} INFO - Setting next_dagrun for example_params_trigger_ui to None, run_after=None
[2024-10-26T20:39:49.473+0000] {processor.py:208} INFO - Processing /home/airflow/.local/lib/python3.12/site-packages/airflow/example_dags/example_params_trigger_ui.py took 0.100 seconds
[2024-10-26T20:40:19.577+0000] {processor.py:186} INFO - Started process (PID=23758) to work on /home/airflow/.local/lib/python3.12/site-packages/airflow/example_dags/example_params_trigger_ui.py
[2024-10-26T20:40:19.581+0000] {processor.py:914} INFO - Processing file /home/airflow/.local/lib/python3.12/site-packages/airflow/example_dags/example_params_trigger_ui.py for tasks to queue
[2024-10-26T20:40:19.585+0000] {logging_mixin.py:190} INFO - [2024-10-26T20:40:19.585+0000] {dagbag.py:588} INFO - Filling up the DagBag from /home/airflow/.local/lib/python3.12/site-packages/airflow/example_dags/example_params_trigger_ui.py
[2024-10-26T20:40:19.605+0000] {processor.py:925} INFO - DAG(s) 'example_params_trigger_ui' retrieved from /home/airflow/.local/lib/python3.12/site-packages/airflow/example_dags/example_params_trigger_ui.py
[2024-10-26T20:40:19.651+0000] {logging_mixin.py:190} INFO - [2024-10-26T20:40:19.651+0000] {dag.py:3239} INFO - Sync 1 DAGs
[2024-10-26T20:40:19.665+0000] {logging_mixin.py:190} INFO - [2024-10-26T20:40:19.665+0000] {dag.py:4180} INFO - Setting next_dagrun for example_params_trigger_ui to None, run_after=None
[2024-10-26T20:40:19.686+0000] {processor.py:208} INFO - Processing /home/airflow/.local/lib/python3.12/site-packages/airflow/example_dags/example_params_trigger_ui.py took 0.122 seconds
[2024-10-26T20:40:50.406+0000] {processor.py:186} INFO - Started process (PID=23823) to work on /home/airflow/.local/lib/python3.12/site-packages/airflow/example_dags/example_params_trigger_ui.py
[2024-10-26T20:40:50.407+0000] {processor.py:914} INFO - Processing file /home/airflow/.local/lib/python3.12/site-packages/airflow/example_dags/example_params_trigger_ui.py for tasks to queue
[2024-10-26T20:40:50.410+0000] {logging_mixin.py:190} INFO - [2024-10-26T20:40:50.409+0000] {dagbag.py:588} INFO - Filling up the DagBag from /home/airflow/.local/lib/python3.12/site-packages/airflow/example_dags/example_params_trigger_ui.py
[2024-10-26T20:40:50.421+0000] {processor.py:925} INFO - DAG(s) 'example_params_trigger_ui' retrieved from /home/airflow/.local/lib/python3.12/site-packages/airflow/example_dags/example_params_trigger_ui.py
[2024-10-26T20:40:50.458+0000] {logging_mixin.py:190} INFO - [2024-10-26T20:40:50.458+0000] {dag.py:3239} INFO - Sync 1 DAGs
[2024-10-26T20:40:50.470+0000] {logging_mixin.py:190} INFO - [2024-10-26T20:40:50.470+0000] {dag.py:4180} INFO - Setting next_dagrun for example_params_trigger_ui to None, run_after=None
[2024-10-26T20:40:50.489+0000] {processor.py:208} INFO - Processing /home/airflow/.local/lib/python3.12/site-packages/airflow/example_dags/example_params_trigger_ui.py took 0.089 seconds
[2024-10-26T20:41:22.964+0000] {processor.py:186} INFO - Started process (PID=23887) to work on /home/airflow/.local/lib/python3.12/site-packages/airflow/example_dags/example_params_trigger_ui.py
[2024-10-26T20:41:22.966+0000] {processor.py:914} INFO - Processing file /home/airflow/.local/lib/python3.12/site-packages/airflow/example_dags/example_params_trigger_ui.py for tasks to queue
[2024-10-26T20:41:22.969+0000] {logging_mixin.py:190} INFO - [2024-10-26T20:41:22.968+0000] {dagbag.py:588} INFO - Filling up the DagBag from /home/airflow/.local/lib/python3.12/site-packages/airflow/example_dags/example_params_trigger_ui.py
[2024-10-26T20:41:22.979+0000] {processor.py:925} INFO - DAG(s) 'example_params_trigger_ui' retrieved from /home/airflow/.local/lib/python3.12/site-packages/airflow/example_dags/example_params_trigger_ui.py
[2024-10-26T20:41:23.016+0000] {logging_mixin.py:190} INFO - [2024-10-26T20:41:23.015+0000] {dag.py:3239} INFO - Sync 1 DAGs
[2024-10-26T20:41:23.028+0000] {logging_mixin.py:190} INFO - [2024-10-26T20:41:23.028+0000] {dag.py:4180} INFO - Setting next_dagrun for example_params_trigger_ui to None, run_after=None
[2024-10-26T20:41:23.049+0000] {processor.py:208} INFO - Processing /home/airflow/.local/lib/python3.12/site-packages/airflow/example_dags/example_params_trigger_ui.py took 0.092 seconds
[2024-10-26T20:41:55.758+0000] {processor.py:186} INFO - Started process (PID=23951) to work on /home/airflow/.local/lib/python3.12/site-packages/airflow/example_dags/example_params_trigger_ui.py
[2024-10-26T20:41:55.760+0000] {processor.py:914} INFO - Processing file /home/airflow/.local/lib/python3.12/site-packages/airflow/example_dags/example_params_trigger_ui.py for tasks to queue
[2024-10-26T20:41:55.766+0000] {logging_mixin.py:190} INFO - [2024-10-26T20:41:55.764+0000] {dagbag.py:588} INFO - Filling up the DagBag from /home/airflow/.local/lib/python3.12/site-packages/airflow/example_dags/example_params_trigger_ui.py
[2024-10-26T20:41:55.779+0000] {processor.py:925} INFO - DAG(s) 'example_params_trigger_ui' retrieved from /home/airflow/.local/lib/python3.12/site-packages/airflow/example_dags/example_params_trigger_ui.py
[2024-10-26T20:41:55.828+0000] {logging_mixin.py:190} INFO - [2024-10-26T20:41:55.827+0000] {dag.py:3239} INFO - Sync 1 DAGs
[2024-10-26T20:41:55.847+0000] {logging_mixin.py:190} INFO - [2024-10-26T20:41:55.847+0000] {dag.py:4180} INFO - Setting next_dagrun for example_params_trigger_ui to None, run_after=None
[2024-10-26T20:41:55.871+0000] {processor.py:208} INFO - Processing /home/airflow/.local/lib/python3.12/site-packages/airflow/example_dags/example_params_trigger_ui.py took 0.119 seconds
[2024-10-26T20:42:28.326+0000] {processor.py:186} INFO - Started process (PID=24015) to work on /home/airflow/.local/lib/python3.12/site-packages/airflow/example_dags/example_params_trigger_ui.py
[2024-10-26T20:42:28.327+0000] {processor.py:914} INFO - Processing file /home/airflow/.local/lib/python3.12/site-packages/airflow/example_dags/example_params_trigger_ui.py for tasks to queue
[2024-10-26T20:42:28.330+0000] {logging_mixin.py:190} INFO - [2024-10-26T20:42:28.330+0000] {dagbag.py:588} INFO - Filling up the DagBag from /home/airflow/.local/lib/python3.12/site-packages/airflow/example_dags/example_params_trigger_ui.py
[2024-10-26T20:42:28.340+0000] {processor.py:925} INFO - DAG(s) 'example_params_trigger_ui' retrieved from /home/airflow/.local/lib/python3.12/site-packages/airflow/example_dags/example_params_trigger_ui.py
[2024-10-26T20:42:28.381+0000] {logging_mixin.py:190} INFO - [2024-10-26T20:42:28.380+0000] {dag.py:3239} INFO - Sync 1 DAGs
[2024-10-26T20:42:28.393+0000] {logging_mixin.py:190} INFO - [2024-10-26T20:42:28.393+0000] {dag.py:4180} INFO - Setting next_dagrun for example_params_trigger_ui to None, run_after=None
[2024-10-26T20:42:28.416+0000] {processor.py:208} INFO - Processing /home/airflow/.local/lib/python3.12/site-packages/airflow/example_dags/example_params_trigger_ui.py took 0.095 seconds
[2024-10-26T20:43:00.842+0000] {processor.py:186} INFO - Started process (PID=24079) to work on /home/airflow/.local/lib/python3.12/site-packages/airflow/example_dags/example_params_trigger_ui.py
[2024-10-26T20:43:00.843+0000] {processor.py:914} INFO - Processing file /home/airflow/.local/lib/python3.12/site-packages/airflow/example_dags/example_params_trigger_ui.py for tasks to queue
[2024-10-26T20:43:00.846+0000] {logging_mixin.py:190} INFO - [2024-10-26T20:43:00.846+0000] {dagbag.py:588} INFO - Filling up the DagBag from /home/airflow/.local/lib/python3.12/site-packages/airflow/example_dags/example_params_trigger_ui.py
[2024-10-26T20:43:00.858+0000] {processor.py:925} INFO - DAG(s) 'example_params_trigger_ui' retrieved from /home/airflow/.local/lib/python3.12/site-packages/airflow/example_dags/example_params_trigger_ui.py
[2024-10-26T20:43:00.897+0000] {logging_mixin.py:190} INFO - [2024-10-26T20:43:00.897+0000] {dag.py:3239} INFO - Sync 1 DAGs
[2024-10-26T20:43:00.909+0000] {logging_mixin.py:190} INFO - [2024-10-26T20:43:00.909+0000] {dag.py:4180} INFO - Setting next_dagrun for example_params_trigger_ui to None, run_after=None
[2024-10-26T20:43:00.930+0000] {processor.py:208} INFO - Processing /home/airflow/.local/lib/python3.12/site-packages/airflow/example_dags/example_params_trigger_ui.py took 0.095 seconds
[2024-10-26T20:43:33.515+0000] {processor.py:186} INFO - Started process (PID=24142) to work on /home/airflow/.local/lib/python3.12/site-packages/airflow/example_dags/example_params_trigger_ui.py
[2024-10-26T20:43:33.517+0000] {processor.py:914} INFO - Processing file /home/airflow/.local/lib/python3.12/site-packages/airflow/example_dags/example_params_trigger_ui.py for tasks to queue
[2024-10-26T20:43:33.519+0000] {logging_mixin.py:190} INFO - [2024-10-26T20:43:33.519+0000] {dagbag.py:588} INFO - Filling up the DagBag from /home/airflow/.local/lib/python3.12/site-packages/airflow/example_dags/example_params_trigger_ui.py
[2024-10-26T20:43:33.533+0000] {processor.py:925} INFO - DAG(s) 'example_params_trigger_ui' retrieved from /home/airflow/.local/lib/python3.12/site-packages/airflow/example_dags/example_params_trigger_ui.py
[2024-10-26T20:43:33.579+0000] {logging_mixin.py:190} INFO - [2024-10-26T20:43:33.579+0000] {dag.py:3239} INFO - Sync 1 DAGs
[2024-10-26T20:43:33.592+0000] {logging_mixin.py:190} INFO - [2024-10-26T20:43:33.592+0000] {dag.py:4180} INFO - Setting next_dagrun for example_params_trigger_ui to None, run_after=None
[2024-10-26T20:43:33.613+0000] {processor.py:208} INFO - Processing /home/airflow/.local/lib/python3.12/site-packages/airflow/example_dags/example_params_trigger_ui.py took 0.104 seconds
[2024-10-26T20:44:06.482+0000] {processor.py:186} INFO - Started process (PID=24206) to work on /home/airflow/.local/lib/python3.12/site-packages/airflow/example_dags/example_params_trigger_ui.py
[2024-10-26T20:44:06.483+0000] {processor.py:914} INFO - Processing file /home/airflow/.local/lib/python3.12/site-packages/airflow/example_dags/example_params_trigger_ui.py for tasks to queue
[2024-10-26T20:44:06.486+0000] {logging_mixin.py:190} INFO - [2024-10-26T20:44:06.485+0000] {dagbag.py:588} INFO - Filling up the DagBag from /home/airflow/.local/lib/python3.12/site-packages/airflow/example_dags/example_params_trigger_ui.py
[2024-10-26T20:44:06.498+0000] {processor.py:925} INFO - DAG(s) 'example_params_trigger_ui' retrieved from /home/airflow/.local/lib/python3.12/site-packages/airflow/example_dags/example_params_trigger_ui.py
[2024-10-26T20:44:06.544+0000] {logging_mixin.py:190} INFO - [2024-10-26T20:44:06.543+0000] {dag.py:3239} INFO - Sync 1 DAGs
[2024-10-26T20:44:06.557+0000] {logging_mixin.py:190} INFO - [2024-10-26T20:44:06.557+0000] {dag.py:4180} INFO - Setting next_dagrun for example_params_trigger_ui to None, run_after=None
[2024-10-26T20:44:06.575+0000] {processor.py:208} INFO - Processing /home/airflow/.local/lib/python3.12/site-packages/airflow/example_dags/example_params_trigger_ui.py took 0.098 seconds
[2024-10-26T20:44:39.196+0000] {processor.py:186} INFO - Started process (PID=24270) to work on /home/airflow/.local/lib/python3.12/site-packages/airflow/example_dags/example_params_trigger_ui.py
[2024-10-26T20:44:39.197+0000] {processor.py:914} INFO - Processing file /home/airflow/.local/lib/python3.12/site-packages/airflow/example_dags/example_params_trigger_ui.py for tasks to queue
[2024-10-26T20:44:39.199+0000] {logging_mixin.py:190} INFO - [2024-10-26T20:44:39.198+0000] {dagbag.py:588} INFO - Filling up the DagBag from /home/airflow/.local/lib/python3.12/site-packages/airflow/example_dags/example_params_trigger_ui.py
[2024-10-26T20:44:39.209+0000] {processor.py:925} INFO - DAG(s) 'example_params_trigger_ui' retrieved from /home/airflow/.local/lib/python3.12/site-packages/airflow/example_dags/example_params_trigger_ui.py
[2024-10-26T20:44:39.249+0000] {logging_mixin.py:190} INFO - [2024-10-26T20:44:39.248+0000] {dag.py:3239} INFO - Sync 1 DAGs
[2024-10-26T20:44:39.260+0000] {logging_mixin.py:190} INFO - [2024-10-26T20:44:39.260+0000] {dag.py:4180} INFO - Setting next_dagrun for example_params_trigger_ui to None, run_after=None
[2024-10-26T20:44:39.277+0000] {processor.py:208} INFO - Processing /home/airflow/.local/lib/python3.12/site-packages/airflow/example_dags/example_params_trigger_ui.py took 0.087 seconds
[2024-10-26T20:45:12.211+0000] {processor.py:186} INFO - Started process (PID=24334) to work on /home/airflow/.local/lib/python3.12/site-packages/airflow/example_dags/example_params_trigger_ui.py
[2024-10-26T20:45:12.212+0000] {processor.py:914} INFO - Processing file /home/airflow/.local/lib/python3.12/site-packages/airflow/example_dags/example_params_trigger_ui.py for tasks to queue
[2024-10-26T20:45:12.215+0000] {logging_mixin.py:190} INFO - [2024-10-26T20:45:12.214+0000] {dagbag.py:588} INFO - Filling up the DagBag from /home/airflow/.local/lib/python3.12/site-packages/airflow/example_dags/example_params_trigger_ui.py
[2024-10-26T20:45:12.229+0000] {processor.py:925} INFO - DAG(s) 'example_params_trigger_ui' retrieved from /home/airflow/.local/lib/python3.12/site-packages/airflow/example_dags/example_params_trigger_ui.py
[2024-10-26T20:45:12.275+0000] {logging_mixin.py:190} INFO - [2024-10-26T20:45:12.275+0000] {dag.py:3239} INFO - Sync 1 DAGs
[2024-10-26T20:45:12.289+0000] {logging_mixin.py:190} INFO - [2024-10-26T20:45:12.289+0000] {dag.py:4180} INFO - Setting next_dagrun for example_params_trigger_ui to None, run_after=None
[2024-10-26T20:45:12.313+0000] {processor.py:208} INFO - Processing /home/airflow/.local/lib/python3.12/site-packages/airflow/example_dags/example_params_trigger_ui.py took 0.107 seconds
[2024-10-26T20:45:45.166+0000] {processor.py:186} INFO - Started process (PID=24398) to work on /home/airflow/.local/lib/python3.12/site-packages/airflow/example_dags/example_params_trigger_ui.py
[2024-10-26T20:45:45.167+0000] {processor.py:914} INFO - Processing file /home/airflow/.local/lib/python3.12/site-packages/airflow/example_dags/example_params_trigger_ui.py for tasks to queue
[2024-10-26T20:45:45.169+0000] {logging_mixin.py:190} INFO - [2024-10-26T20:45:45.169+0000] {dagbag.py:588} INFO - Filling up the DagBag from /home/airflow/.local/lib/python3.12/site-packages/airflow/example_dags/example_params_trigger_ui.py
[2024-10-26T20:45:45.181+0000] {processor.py:925} INFO - DAG(s) 'example_params_trigger_ui' retrieved from /home/airflow/.local/lib/python3.12/site-packages/airflow/example_dags/example_params_trigger_ui.py
[2024-10-26T20:45:45.220+0000] {logging_mixin.py:190} INFO - [2024-10-26T20:45:45.219+0000] {dag.py:3239} INFO - Sync 1 DAGs
[2024-10-26T20:45:45.236+0000] {logging_mixin.py:190} INFO - [2024-10-26T20:45:45.236+0000] {dag.py:4180} INFO - Setting next_dagrun for example_params_trigger_ui to None, run_after=None
[2024-10-26T20:45:45.257+0000] {processor.py:208} INFO - Processing /home/airflow/.local/lib/python3.12/site-packages/airflow/example_dags/example_params_trigger_ui.py took 0.097 seconds
[2024-10-26T20:46:17.879+0000] {processor.py:186} INFO - Started process (PID=24462) to work on /home/airflow/.local/lib/python3.12/site-packages/airflow/example_dags/example_params_trigger_ui.py
[2024-10-26T20:46:17.880+0000] {processor.py:914} INFO - Processing file /home/airflow/.local/lib/python3.12/site-packages/airflow/example_dags/example_params_trigger_ui.py for tasks to queue
[2024-10-26T20:46:17.883+0000] {logging_mixin.py:190} INFO - [2024-10-26T20:46:17.882+0000] {dagbag.py:588} INFO - Filling up the DagBag from /home/airflow/.local/lib/python3.12/site-packages/airflow/example_dags/example_params_trigger_ui.py
[2024-10-26T20:46:17.898+0000] {processor.py:925} INFO - DAG(s) 'example_params_trigger_ui' retrieved from /home/airflow/.local/lib/python3.12/site-packages/airflow/example_dags/example_params_trigger_ui.py
[2024-10-26T20:46:17.937+0000] {logging_mixin.py:190} INFO - [2024-10-26T20:46:17.937+0000] {dag.py:3239} INFO - Sync 1 DAGs
[2024-10-26T20:46:17.949+0000] {logging_mixin.py:190} INFO - [2024-10-26T20:46:17.949+0000] {dag.py:4180} INFO - Setting next_dagrun for example_params_trigger_ui to None, run_after=None
[2024-10-26T20:46:17.970+0000] {processor.py:208} INFO - Processing /home/airflow/.local/lib/python3.12/site-packages/airflow/example_dags/example_params_trigger_ui.py took 0.098 seconds
[2024-10-26T20:46:48.708+0000] {processor.py:186} INFO - Started process (PID=24512) to work on /home/airflow/.local/lib/python3.12/site-packages/airflow/example_dags/example_params_trigger_ui.py
[2024-10-26T20:46:48.710+0000] {processor.py:914} INFO - Processing file /home/airflow/.local/lib/python3.12/site-packages/airflow/example_dags/example_params_trigger_ui.py for tasks to queue
[2024-10-26T20:46:48.712+0000] {logging_mixin.py:190} INFO - [2024-10-26T20:46:48.712+0000] {dagbag.py:588} INFO - Filling up the DagBag from /home/airflow/.local/lib/python3.12/site-packages/airflow/example_dags/example_params_trigger_ui.py
[2024-10-26T20:46:48.724+0000] {processor.py:925} INFO - DAG(s) 'example_params_trigger_ui' retrieved from /home/airflow/.local/lib/python3.12/site-packages/airflow/example_dags/example_params_trigger_ui.py
[2024-10-26T20:46:48.766+0000] {logging_mixin.py:190} INFO - [2024-10-26T20:46:48.766+0000] {dag.py:3239} INFO - Sync 1 DAGs
[2024-10-26T20:46:48.781+0000] {logging_mixin.py:190} INFO - [2024-10-26T20:46:48.781+0000] {dag.py:4180} INFO - Setting next_dagrun for example_params_trigger_ui to None, run_after=None
[2024-10-26T20:46:48.803+0000] {processor.py:208} INFO - Processing /home/airflow/.local/lib/python3.12/site-packages/airflow/example_dags/example_params_trigger_ui.py took 0.101 seconds
[2024-10-26T20:47:19.950+0000] {processor.py:186} INFO - Started process (PID=24552) to work on /home/airflow/.local/lib/python3.12/site-packages/airflow/example_dags/example_params_trigger_ui.py
[2024-10-26T20:47:19.952+0000] {processor.py:914} INFO - Processing file /home/airflow/.local/lib/python3.12/site-packages/airflow/example_dags/example_params_trigger_ui.py for tasks to queue
[2024-10-26T20:47:19.954+0000] {logging_mixin.py:190} INFO - [2024-10-26T20:47:19.954+0000] {dagbag.py:588} INFO - Filling up the DagBag from /home/airflow/.local/lib/python3.12/site-packages/airflow/example_dags/example_params_trigger_ui.py
[2024-10-26T20:47:19.964+0000] {processor.py:925} INFO - DAG(s) 'example_params_trigger_ui' retrieved from /home/airflow/.local/lib/python3.12/site-packages/airflow/example_dags/example_params_trigger_ui.py
[2024-10-26T20:47:20.011+0000] {logging_mixin.py:190} INFO - [2024-10-26T20:47:20.010+0000] {dag.py:3239} INFO - Sync 1 DAGs
[2024-10-26T20:47:20.025+0000] {logging_mixin.py:190} INFO - [2024-10-26T20:47:20.025+0000] {dag.py:4180} INFO - Setting next_dagrun for example_params_trigger_ui to None, run_after=None
[2024-10-26T20:47:20.044+0000] {processor.py:208} INFO - Processing /home/airflow/.local/lib/python3.12/site-packages/airflow/example_dags/example_params_trigger_ui.py took 0.099 seconds
[2024-10-26T20:47:52.611+0000] {processor.py:186} INFO - Started process (PID=24616) to work on /home/airflow/.local/lib/python3.12/site-packages/airflow/example_dags/example_params_trigger_ui.py
[2024-10-26T20:47:52.612+0000] {processor.py:914} INFO - Processing file /home/airflow/.local/lib/python3.12/site-packages/airflow/example_dags/example_params_trigger_ui.py for tasks to queue
[2024-10-26T20:47:52.615+0000] {logging_mixin.py:190} INFO - [2024-10-26T20:47:52.614+0000] {dagbag.py:588} INFO - Filling up the DagBag from /home/airflow/.local/lib/python3.12/site-packages/airflow/example_dags/example_params_trigger_ui.py
[2024-10-26T20:47:52.624+0000] {processor.py:925} INFO - DAG(s) 'example_params_trigger_ui' retrieved from /home/airflow/.local/lib/python3.12/site-packages/airflow/example_dags/example_params_trigger_ui.py
[2024-10-26T20:47:52.663+0000] {logging_mixin.py:190} INFO - [2024-10-26T20:47:52.662+0000] {dag.py:3239} INFO - Sync 1 DAGs
[2024-10-26T20:47:52.678+0000] {logging_mixin.py:190} INFO - [2024-10-26T20:47:52.678+0000] {dag.py:4180} INFO - Setting next_dagrun for example_params_trigger_ui to None, run_after=None
[2024-10-26T20:47:52.700+0000] {processor.py:208} INFO - Processing /home/airflow/.local/lib/python3.12/site-packages/airflow/example_dags/example_params_trigger_ui.py took 0.095 seconds
[2024-10-26T20:48:25.447+0000] {processor.py:186} INFO - Started process (PID=24680) to work on /home/airflow/.local/lib/python3.12/site-packages/airflow/example_dags/example_params_trigger_ui.py
[2024-10-26T20:48:25.448+0000] {processor.py:914} INFO - Processing file /home/airflow/.local/lib/python3.12/site-packages/airflow/example_dags/example_params_trigger_ui.py for tasks to queue
[2024-10-26T20:48:25.451+0000] {logging_mixin.py:190} INFO - [2024-10-26T20:48:25.451+0000] {dagbag.py:588} INFO - Filling up the DagBag from /home/airflow/.local/lib/python3.12/site-packages/airflow/example_dags/example_params_trigger_ui.py
[2024-10-26T20:48:25.461+0000] {processor.py:925} INFO - DAG(s) 'example_params_trigger_ui' retrieved from /home/airflow/.local/lib/python3.12/site-packages/airflow/example_dags/example_params_trigger_ui.py
[2024-10-26T20:48:25.505+0000] {logging_mixin.py:190} INFO - [2024-10-26T20:48:25.504+0000] {dag.py:3239} INFO - Sync 1 DAGs
[2024-10-26T20:48:25.521+0000] {logging_mixin.py:190} INFO - [2024-10-26T20:48:25.521+0000] {dag.py:4180} INFO - Setting next_dagrun for example_params_trigger_ui to None, run_after=None
[2024-10-26T20:48:25.542+0000] {processor.py:208} INFO - Processing /home/airflow/.local/lib/python3.12/site-packages/airflow/example_dags/example_params_trigger_ui.py took 0.101 seconds
[2024-10-26T20:48:58.391+0000] {processor.py:186} INFO - Started process (PID=24744) to work on /home/airflow/.local/lib/python3.12/site-packages/airflow/example_dags/example_params_trigger_ui.py
[2024-10-26T20:48:58.393+0000] {processor.py:914} INFO - Processing file /home/airflow/.local/lib/python3.12/site-packages/airflow/example_dags/example_params_trigger_ui.py for tasks to queue
[2024-10-26T20:48:58.395+0000] {logging_mixin.py:190} INFO - [2024-10-26T20:48:58.395+0000] {dagbag.py:588} INFO - Filling up the DagBag from /home/airflow/.local/lib/python3.12/site-packages/airflow/example_dags/example_params_trigger_ui.py
[2024-10-26T20:48:58.405+0000] {processor.py:925} INFO - DAG(s) 'example_params_trigger_ui' retrieved from /home/airflow/.local/lib/python3.12/site-packages/airflow/example_dags/example_params_trigger_ui.py
[2024-10-26T20:48:58.445+0000] {logging_mixin.py:190} INFO - [2024-10-26T20:48:58.445+0000] {dag.py:3239} INFO - Sync 1 DAGs
[2024-10-26T20:48:58.460+0000] {logging_mixin.py:190} INFO - [2024-10-26T20:48:58.460+0000] {dag.py:4180} INFO - Setting next_dagrun for example_params_trigger_ui to None, run_after=None
[2024-10-26T20:48:58.481+0000] {processor.py:208} INFO - Processing /home/airflow/.local/lib/python3.12/site-packages/airflow/example_dags/example_params_trigger_ui.py took 0.094 seconds
[2024-10-26T20:49:31.261+0000] {processor.py:186} INFO - Started process (PID=24808) to work on /home/airflow/.local/lib/python3.12/site-packages/airflow/example_dags/example_params_trigger_ui.py
[2024-10-26T20:49:31.262+0000] {processor.py:914} INFO - Processing file /home/airflow/.local/lib/python3.12/site-packages/airflow/example_dags/example_params_trigger_ui.py for tasks to queue
[2024-10-26T20:49:31.265+0000] {logging_mixin.py:190} INFO - [2024-10-26T20:49:31.264+0000] {dagbag.py:588} INFO - Filling up the DagBag from /home/airflow/.local/lib/python3.12/site-packages/airflow/example_dags/example_params_trigger_ui.py
[2024-10-26T20:49:31.276+0000] {processor.py:925} INFO - DAG(s) 'example_params_trigger_ui' retrieved from /home/airflow/.local/lib/python3.12/site-packages/airflow/example_dags/example_params_trigger_ui.py
[2024-10-26T20:49:31.319+0000] {logging_mixin.py:190} INFO - [2024-10-26T20:49:31.319+0000] {dag.py:3239} INFO - Sync 1 DAGs
[2024-10-26T20:49:31.332+0000] {logging_mixin.py:190} INFO - [2024-10-26T20:49:31.332+0000] {dag.py:4180} INFO - Setting next_dagrun for example_params_trigger_ui to None, run_after=None
[2024-10-26T20:49:31.352+0000] {processor.py:208} INFO - Processing /home/airflow/.local/lib/python3.12/site-packages/airflow/example_dags/example_params_trigger_ui.py took 0.097 seconds
[2024-10-26T20:50:04.281+0000] {processor.py:186} INFO - Started process (PID=24872) to work on /home/airflow/.local/lib/python3.12/site-packages/airflow/example_dags/example_params_trigger_ui.py
[2024-10-26T20:50:04.282+0000] {processor.py:914} INFO - Processing file /home/airflow/.local/lib/python3.12/site-packages/airflow/example_dags/example_params_trigger_ui.py for tasks to queue
[2024-10-26T20:50:04.284+0000] {logging_mixin.py:190} INFO - [2024-10-26T20:50:04.284+0000] {dagbag.py:588} INFO - Filling up the DagBag from /home/airflow/.local/lib/python3.12/site-packages/airflow/example_dags/example_params_trigger_ui.py
[2024-10-26T20:50:04.295+0000] {processor.py:925} INFO - DAG(s) 'example_params_trigger_ui' retrieved from /home/airflow/.local/lib/python3.12/site-packages/airflow/example_dags/example_params_trigger_ui.py
[2024-10-26T20:50:04.337+0000] {logging_mixin.py:190} INFO - [2024-10-26T20:50:04.337+0000] {dag.py:3239} INFO - Sync 1 DAGs
[2024-10-26T20:50:04.350+0000] {logging_mixin.py:190} INFO - [2024-10-26T20:50:04.350+0000] {dag.py:4180} INFO - Setting next_dagrun for example_params_trigger_ui to None, run_after=None
[2024-10-26T20:50:04.373+0000] {processor.py:208} INFO - Processing /home/airflow/.local/lib/python3.12/site-packages/airflow/example_dags/example_params_trigger_ui.py took 0.099 seconds
[2024-10-26T20:50:37.159+0000] {processor.py:186} INFO - Started process (PID=24936) to work on /home/airflow/.local/lib/python3.12/site-packages/airflow/example_dags/example_params_trigger_ui.py
[2024-10-26T20:50:37.160+0000] {processor.py:914} INFO - Processing file /home/airflow/.local/lib/python3.12/site-packages/airflow/example_dags/example_params_trigger_ui.py for tasks to queue
[2024-10-26T20:50:37.163+0000] {logging_mixin.py:190} INFO - [2024-10-26T20:50:37.163+0000] {dagbag.py:588} INFO - Filling up the DagBag from /home/airflow/.local/lib/python3.12/site-packages/airflow/example_dags/example_params_trigger_ui.py
[2024-10-26T20:50:37.177+0000] {processor.py:925} INFO - DAG(s) 'example_params_trigger_ui' retrieved from /home/airflow/.local/lib/python3.12/site-packages/airflow/example_dags/example_params_trigger_ui.py
[2024-10-26T20:50:37.222+0000] {logging_mixin.py:190} INFO - [2024-10-26T20:50:37.222+0000] {dag.py:3239} INFO - Sync 1 DAGs
[2024-10-26T20:50:37.236+0000] {logging_mixin.py:190} INFO - [2024-10-26T20:50:37.236+0000] {dag.py:4180} INFO - Setting next_dagrun for example_params_trigger_ui to None, run_after=None
[2024-10-26T20:50:37.255+0000] {processor.py:208} INFO - Processing /home/airflow/.local/lib/python3.12/site-packages/airflow/example_dags/example_params_trigger_ui.py took 0.105 seconds
[2024-10-26T20:51:09.075+0000] {processor.py:186} INFO - Started process (PID=25000) to work on /home/airflow/.local/lib/python3.12/site-packages/airflow/example_dags/example_params_trigger_ui.py
[2024-10-26T20:51:09.076+0000] {processor.py:914} INFO - Processing file /home/airflow/.local/lib/python3.12/site-packages/airflow/example_dags/example_params_trigger_ui.py for tasks to queue
[2024-10-26T20:51:09.078+0000] {logging_mixin.py:190} INFO - [2024-10-26T20:51:09.078+0000] {dagbag.py:588} INFO - Filling up the DagBag from /home/airflow/.local/lib/python3.12/site-packages/airflow/example_dags/example_params_trigger_ui.py
[2024-10-26T20:51:09.089+0000] {processor.py:925} INFO - DAG(s) 'example_params_trigger_ui' retrieved from /home/airflow/.local/lib/python3.12/site-packages/airflow/example_dags/example_params_trigger_ui.py
[2024-10-26T20:51:09.134+0000] {logging_mixin.py:190} INFO - [2024-10-26T20:51:09.134+0000] {dag.py:3239} INFO - Sync 1 DAGs
[2024-10-26T20:51:09.147+0000] {logging_mixin.py:190} INFO - [2024-10-26T20:51:09.147+0000] {dag.py:4180} INFO - Setting next_dagrun for example_params_trigger_ui to None, run_after=None
[2024-10-26T20:51:09.169+0000] {processor.py:208} INFO - Processing /home/airflow/.local/lib/python3.12/site-packages/airflow/example_dags/example_params_trigger_ui.py took 0.099 seconds
[2024-10-26T20:51:41.817+0000] {processor.py:186} INFO - Started process (PID=25064) to work on /home/airflow/.local/lib/python3.12/site-packages/airflow/example_dags/example_params_trigger_ui.py
[2024-10-26T20:51:41.819+0000] {processor.py:914} INFO - Processing file /home/airflow/.local/lib/python3.12/site-packages/airflow/example_dags/example_params_trigger_ui.py for tasks to queue
[2024-10-26T20:51:41.824+0000] {logging_mixin.py:190} INFO - [2024-10-26T20:51:41.821+0000] {dagbag.py:588} INFO - Filling up the DagBag from /home/airflow/.local/lib/python3.12/site-packages/airflow/example_dags/example_params_trigger_ui.py
[2024-10-26T20:51:41.835+0000] {processor.py:925} INFO - DAG(s) 'example_params_trigger_ui' retrieved from /home/airflow/.local/lib/python3.12/site-packages/airflow/example_dags/example_params_trigger_ui.py
[2024-10-26T20:51:41.878+0000] {logging_mixin.py:190} INFO - [2024-10-26T20:51:41.877+0000] {dag.py:3239} INFO - Sync 1 DAGs
[2024-10-26T20:51:41.891+0000] {logging_mixin.py:190} INFO - [2024-10-26T20:51:41.891+0000] {dag.py:4180} INFO - Setting next_dagrun for example_params_trigger_ui to None, run_after=None
[2024-10-26T20:51:41.910+0000] {processor.py:208} INFO - Processing /home/airflow/.local/lib/python3.12/site-packages/airflow/example_dags/example_params_trigger_ui.py took 0.098 seconds
[2024-10-26T20:52:14.609+0000] {processor.py:186} INFO - Started process (PID=25128) to work on /home/airflow/.local/lib/python3.12/site-packages/airflow/example_dags/example_params_trigger_ui.py
[2024-10-26T20:52:14.611+0000] {processor.py:914} INFO - Processing file /home/airflow/.local/lib/python3.12/site-packages/airflow/example_dags/example_params_trigger_ui.py for tasks to queue
[2024-10-26T20:52:14.613+0000] {logging_mixin.py:190} INFO - [2024-10-26T20:52:14.613+0000] {dagbag.py:588} INFO - Filling up the DagBag from /home/airflow/.local/lib/python3.12/site-packages/airflow/example_dags/example_params_trigger_ui.py
[2024-10-26T20:52:14.626+0000] {processor.py:925} INFO - DAG(s) 'example_params_trigger_ui' retrieved from /home/airflow/.local/lib/python3.12/site-packages/airflow/example_dags/example_params_trigger_ui.py
[2024-10-26T20:52:14.676+0000] {logging_mixin.py:190} INFO - [2024-10-26T20:52:14.676+0000] {dag.py:3239} INFO - Sync 1 DAGs
[2024-10-26T20:52:14.692+0000] {logging_mixin.py:190} INFO - [2024-10-26T20:52:14.692+0000] {dag.py:4180} INFO - Setting next_dagrun for example_params_trigger_ui to None, run_after=None
[2024-10-26T20:52:14.711+0000] {processor.py:208} INFO - Processing /home/airflow/.local/lib/python3.12/site-packages/airflow/example_dags/example_params_trigger_ui.py took 0.107 seconds
[2024-10-26T20:52:47.784+0000] {processor.py:186} INFO - Started process (PID=25192) to work on /home/airflow/.local/lib/python3.12/site-packages/airflow/example_dags/example_params_trigger_ui.py
[2024-10-26T20:52:47.788+0000] {processor.py:914} INFO - Processing file /home/airflow/.local/lib/python3.12/site-packages/airflow/example_dags/example_params_trigger_ui.py for tasks to queue
[2024-10-26T20:52:47.793+0000] {logging_mixin.py:190} INFO - [2024-10-26T20:52:47.792+0000] {dagbag.py:588} INFO - Filling up the DagBag from /home/airflow/.local/lib/python3.12/site-packages/airflow/example_dags/example_params_trigger_ui.py
[2024-10-26T20:52:47.822+0000] {processor.py:925} INFO - DAG(s) 'example_params_trigger_ui' retrieved from /home/airflow/.local/lib/python3.12/site-packages/airflow/example_dags/example_params_trigger_ui.py
[2024-10-26T20:52:47.882+0000] {logging_mixin.py:190} INFO - [2024-10-26T20:52:47.882+0000] {dag.py:3239} INFO - Sync 1 DAGs
[2024-10-26T20:52:47.900+0000] {logging_mixin.py:190} INFO - [2024-10-26T20:52:47.899+0000] {dag.py:4180} INFO - Setting next_dagrun for example_params_trigger_ui to None, run_after=None
[2024-10-26T20:52:47.922+0000] {processor.py:208} INFO - Processing /home/airflow/.local/lib/python3.12/site-packages/airflow/example_dags/example_params_trigger_ui.py took 0.146 seconds
[2024-10-26T20:53:20.952+0000] {processor.py:186} INFO - Started process (PID=25256) to work on /home/airflow/.local/lib/python3.12/site-packages/airflow/example_dags/example_params_trigger_ui.py
[2024-10-26T20:53:20.954+0000] {processor.py:914} INFO - Processing file /home/airflow/.local/lib/python3.12/site-packages/airflow/example_dags/example_params_trigger_ui.py for tasks to queue
[2024-10-26T20:53:20.959+0000] {logging_mixin.py:190} INFO - [2024-10-26T20:53:20.959+0000] {dagbag.py:588} INFO - Filling up the DagBag from /home/airflow/.local/lib/python3.12/site-packages/airflow/example_dags/example_params_trigger_ui.py
[2024-10-26T20:53:20.981+0000] {processor.py:925} INFO - DAG(s) 'example_params_trigger_ui' retrieved from /home/airflow/.local/lib/python3.12/site-packages/airflow/example_dags/example_params_trigger_ui.py
[2024-10-26T20:53:21.033+0000] {logging_mixin.py:190} INFO - [2024-10-26T20:53:21.032+0000] {dag.py:3239} INFO - Sync 1 DAGs
[2024-10-26T20:53:21.048+0000] {logging_mixin.py:190} INFO - [2024-10-26T20:53:21.048+0000] {dag.py:4180} INFO - Setting next_dagrun for example_params_trigger_ui to None, run_after=None
[2024-10-26T20:53:21.069+0000] {processor.py:208} INFO - Processing /home/airflow/.local/lib/python3.12/site-packages/airflow/example_dags/example_params_trigger_ui.py took 0.127 seconds
[2024-10-26T20:53:52.764+0000] {processor.py:186} INFO - Started process (PID=25320) to work on /home/airflow/.local/lib/python3.12/site-packages/airflow/example_dags/example_params_trigger_ui.py
[2024-10-26T20:53:52.765+0000] {processor.py:914} INFO - Processing file /home/airflow/.local/lib/python3.12/site-packages/airflow/example_dags/example_params_trigger_ui.py for tasks to queue
[2024-10-26T20:53:52.768+0000] {logging_mixin.py:190} INFO - [2024-10-26T20:53:52.767+0000] {dagbag.py:588} INFO - Filling up the DagBag from /home/airflow/.local/lib/python3.12/site-packages/airflow/example_dags/example_params_trigger_ui.py
[2024-10-26T20:53:52.778+0000] {processor.py:925} INFO - DAG(s) 'example_params_trigger_ui' retrieved from /home/airflow/.local/lib/python3.12/site-packages/airflow/example_dags/example_params_trigger_ui.py
[2024-10-26T20:53:52.820+0000] {logging_mixin.py:190} INFO - [2024-10-26T20:53:52.820+0000] {dag.py:3239} INFO - Sync 1 DAGs
[2024-10-26T20:53:52.833+0000] {logging_mixin.py:190} INFO - [2024-10-26T20:53:52.833+0000] {dag.py:4180} INFO - Setting next_dagrun for example_params_trigger_ui to None, run_after=None
[2024-10-26T20:53:52.856+0000] {processor.py:208} INFO - Processing /home/airflow/.local/lib/python3.12/site-packages/airflow/example_dags/example_params_trigger_ui.py took 0.097 seconds
[2024-10-26T20:54:25.322+0000] {processor.py:186} INFO - Started process (PID=25384) to work on /home/airflow/.local/lib/python3.12/site-packages/airflow/example_dags/example_params_trigger_ui.py
[2024-10-26T20:54:25.323+0000] {processor.py:914} INFO - Processing file /home/airflow/.local/lib/python3.12/site-packages/airflow/example_dags/example_params_trigger_ui.py for tasks to queue
[2024-10-26T20:54:25.326+0000] {logging_mixin.py:190} INFO - [2024-10-26T20:54:25.326+0000] {dagbag.py:588} INFO - Filling up the DagBag from /home/airflow/.local/lib/python3.12/site-packages/airflow/example_dags/example_params_trigger_ui.py
[2024-10-26T20:54:25.338+0000] {processor.py:925} INFO - DAG(s) 'example_params_trigger_ui' retrieved from /home/airflow/.local/lib/python3.12/site-packages/airflow/example_dags/example_params_trigger_ui.py
[2024-10-26T20:54:25.378+0000] {logging_mixin.py:190} INFO - [2024-10-26T20:54:25.378+0000] {dag.py:3239} INFO - Sync 1 DAGs
[2024-10-26T20:54:25.392+0000] {logging_mixin.py:190} INFO - [2024-10-26T20:54:25.392+0000] {dag.py:4180} INFO - Setting next_dagrun for example_params_trigger_ui to None, run_after=None
[2024-10-26T20:54:25.413+0000] {processor.py:208} INFO - Processing /home/airflow/.local/lib/python3.12/site-packages/airflow/example_dags/example_params_trigger_ui.py took 0.096 seconds
[2024-10-26T20:54:58.182+0000] {processor.py:186} INFO - Started process (PID=25448) to work on /home/airflow/.local/lib/python3.12/site-packages/airflow/example_dags/example_params_trigger_ui.py
[2024-10-26T20:54:58.183+0000] {processor.py:914} INFO - Processing file /home/airflow/.local/lib/python3.12/site-packages/airflow/example_dags/example_params_trigger_ui.py for tasks to queue
[2024-10-26T20:54:58.185+0000] {logging_mixin.py:190} INFO - [2024-10-26T20:54:58.185+0000] {dagbag.py:588} INFO - Filling up the DagBag from /home/airflow/.local/lib/python3.12/site-packages/airflow/example_dags/example_params_trigger_ui.py
[2024-10-26T20:54:58.198+0000] {processor.py:925} INFO - DAG(s) 'example_params_trigger_ui' retrieved from /home/airflow/.local/lib/python3.12/site-packages/airflow/example_dags/example_params_trigger_ui.py
[2024-10-26T20:54:58.241+0000] {logging_mixin.py:190} INFO - [2024-10-26T20:54:58.240+0000] {dag.py:3239} INFO - Sync 1 DAGs
[2024-10-26T20:54:58.257+0000] {logging_mixin.py:190} INFO - [2024-10-26T20:54:58.257+0000] {dag.py:4180} INFO - Setting next_dagrun for example_params_trigger_ui to None, run_after=None
[2024-10-26T20:54:58.279+0000] {processor.py:208} INFO - Processing /home/airflow/.local/lib/python3.12/site-packages/airflow/example_dags/example_params_trigger_ui.py took 0.103 seconds
[2024-10-26T20:55:30.968+0000] {processor.py:186} INFO - Started process (PID=25512) to work on /home/airflow/.local/lib/python3.12/site-packages/airflow/example_dags/example_params_trigger_ui.py
[2024-10-26T20:55:30.969+0000] {processor.py:914} INFO - Processing file /home/airflow/.local/lib/python3.12/site-packages/airflow/example_dags/example_params_trigger_ui.py for tasks to queue
[2024-10-26T20:55:30.972+0000] {logging_mixin.py:190} INFO - [2024-10-26T20:55:30.971+0000] {dagbag.py:588} INFO - Filling up the DagBag from /home/airflow/.local/lib/python3.12/site-packages/airflow/example_dags/example_params_trigger_ui.py
[2024-10-26T20:55:30.982+0000] {processor.py:925} INFO - DAG(s) 'example_params_trigger_ui' retrieved from /home/airflow/.local/lib/python3.12/site-packages/airflow/example_dags/example_params_trigger_ui.py
[2024-10-26T20:55:31.026+0000] {logging_mixin.py:190} INFO - [2024-10-26T20:55:31.026+0000] {dag.py:3239} INFO - Sync 1 DAGs
[2024-10-26T20:55:31.040+0000] {logging_mixin.py:190} INFO - [2024-10-26T20:55:31.040+0000] {dag.py:4180} INFO - Setting next_dagrun for example_params_trigger_ui to None, run_after=None
[2024-10-26T20:55:31.062+0000] {processor.py:208} INFO - Processing /home/airflow/.local/lib/python3.12/site-packages/airflow/example_dags/example_params_trigger_ui.py took 0.100 seconds
[2024-10-26T20:56:03.620+0000] {processor.py:186} INFO - Started process (PID=25576) to work on /home/airflow/.local/lib/python3.12/site-packages/airflow/example_dags/example_params_trigger_ui.py
[2024-10-26T20:56:03.621+0000] {processor.py:914} INFO - Processing file /home/airflow/.local/lib/python3.12/site-packages/airflow/example_dags/example_params_trigger_ui.py for tasks to queue
[2024-10-26T20:56:03.623+0000] {logging_mixin.py:190} INFO - [2024-10-26T20:56:03.623+0000] {dagbag.py:588} INFO - Filling up the DagBag from /home/airflow/.local/lib/python3.12/site-packages/airflow/example_dags/example_params_trigger_ui.py
[2024-10-26T20:56:03.634+0000] {processor.py:925} INFO - DAG(s) 'example_params_trigger_ui' retrieved from /home/airflow/.local/lib/python3.12/site-packages/airflow/example_dags/example_params_trigger_ui.py
[2024-10-26T20:56:03.679+0000] {logging_mixin.py:190} INFO - [2024-10-26T20:56:03.678+0000] {dag.py:3239} INFO - Sync 1 DAGs
[2024-10-26T20:56:03.692+0000] {logging_mixin.py:190} INFO - [2024-10-26T20:56:03.692+0000] {dag.py:4180} INFO - Setting next_dagrun for example_params_trigger_ui to None, run_after=None
[2024-10-26T20:56:03.711+0000] {processor.py:208} INFO - Processing /home/airflow/.local/lib/python3.12/site-packages/airflow/example_dags/example_params_trigger_ui.py took 0.097 seconds
[2024-10-26T20:56:36.764+0000] {processor.py:186} INFO - Started process (PID=25640) to work on /home/airflow/.local/lib/python3.12/site-packages/airflow/example_dags/example_params_trigger_ui.py
[2024-10-26T20:56:36.765+0000] {processor.py:914} INFO - Processing file /home/airflow/.local/lib/python3.12/site-packages/airflow/example_dags/example_params_trigger_ui.py for tasks to queue
[2024-10-26T20:56:36.769+0000] {logging_mixin.py:190} INFO - [2024-10-26T20:56:36.768+0000] {dagbag.py:588} INFO - Filling up the DagBag from /home/airflow/.local/lib/python3.12/site-packages/airflow/example_dags/example_params_trigger_ui.py
[2024-10-26T20:56:36.779+0000] {processor.py:925} INFO - DAG(s) 'example_params_trigger_ui' retrieved from /home/airflow/.local/lib/python3.12/site-packages/airflow/example_dags/example_params_trigger_ui.py
[2024-10-26T20:56:36.828+0000] {logging_mixin.py:190} INFO - [2024-10-26T20:56:36.827+0000] {dag.py:3239} INFO - Sync 1 DAGs
[2024-10-26T20:56:36.844+0000] {logging_mixin.py:190} INFO - [2024-10-26T20:56:36.843+0000] {dag.py:4180} INFO - Setting next_dagrun for example_params_trigger_ui to None, run_after=None
[2024-10-26T20:56:36.879+0000] {processor.py:208} INFO - Processing /home/airflow/.local/lib/python3.12/site-packages/airflow/example_dags/example_params_trigger_ui.py took 0.120 seconds
[2024-10-26T20:57:09.671+0000] {processor.py:186} INFO - Started process (PID=25704) to work on /home/airflow/.local/lib/python3.12/site-packages/airflow/example_dags/example_params_trigger_ui.py
[2024-10-26T20:57:09.672+0000] {processor.py:914} INFO - Processing file /home/airflow/.local/lib/python3.12/site-packages/airflow/example_dags/example_params_trigger_ui.py for tasks to queue
[2024-10-26T20:57:09.674+0000] {logging_mixin.py:190} INFO - [2024-10-26T20:57:09.674+0000] {dagbag.py:588} INFO - Filling up the DagBag from /home/airflow/.local/lib/python3.12/site-packages/airflow/example_dags/example_params_trigger_ui.py
[2024-10-26T20:57:09.686+0000] {processor.py:925} INFO - DAG(s) 'example_params_trigger_ui' retrieved from /home/airflow/.local/lib/python3.12/site-packages/airflow/example_dags/example_params_trigger_ui.py
[2024-10-26T20:57:09.736+0000] {logging_mixin.py:190} INFO - [2024-10-26T20:57:09.735+0000] {dag.py:3239} INFO - Sync 1 DAGs
[2024-10-26T20:57:09.749+0000] {logging_mixin.py:190} INFO - [2024-10-26T20:57:09.749+0000] {dag.py:4180} INFO - Setting next_dagrun for example_params_trigger_ui to None, run_after=None
[2024-10-26T20:57:09.770+0000] {processor.py:208} INFO - Processing /home/airflow/.local/lib/python3.12/site-packages/airflow/example_dags/example_params_trigger_ui.py took 0.105 seconds
[2024-10-26T20:57:42.314+0000] {processor.py:186} INFO - Started process (PID=25768) to work on /home/airflow/.local/lib/python3.12/site-packages/airflow/example_dags/example_params_trigger_ui.py
[2024-10-26T20:57:42.315+0000] {processor.py:914} INFO - Processing file /home/airflow/.local/lib/python3.12/site-packages/airflow/example_dags/example_params_trigger_ui.py for tasks to queue
[2024-10-26T20:57:42.317+0000] {logging_mixin.py:190} INFO - [2024-10-26T20:57:42.317+0000] {dagbag.py:588} INFO - Filling up the DagBag from /home/airflow/.local/lib/python3.12/site-packages/airflow/example_dags/example_params_trigger_ui.py
[2024-10-26T20:57:42.328+0000] {processor.py:925} INFO - DAG(s) 'example_params_trigger_ui' retrieved from /home/airflow/.local/lib/python3.12/site-packages/airflow/example_dags/example_params_trigger_ui.py
[2024-10-26T20:57:42.368+0000] {logging_mixin.py:190} INFO - [2024-10-26T20:57:42.368+0000] {dag.py:3239} INFO - Sync 1 DAGs
[2024-10-26T20:57:42.381+0000] {logging_mixin.py:190} INFO - [2024-10-26T20:57:42.380+0000] {dag.py:4180} INFO - Setting next_dagrun for example_params_trigger_ui to None, run_after=None
[2024-10-26T20:57:42.399+0000] {processor.py:208} INFO - Processing /home/airflow/.local/lib/python3.12/site-packages/airflow/example_dags/example_params_trigger_ui.py took 0.090 seconds
[2024-10-26T20:58:14.934+0000] {processor.py:186} INFO - Started process (PID=25832) to work on /home/airflow/.local/lib/python3.12/site-packages/airflow/example_dags/example_params_trigger_ui.py
[2024-10-26T20:58:14.936+0000] {processor.py:914} INFO - Processing file /home/airflow/.local/lib/python3.12/site-packages/airflow/example_dags/example_params_trigger_ui.py for tasks to queue
[2024-10-26T20:58:14.938+0000] {logging_mixin.py:190} INFO - [2024-10-26T20:58:14.938+0000] {dagbag.py:588} INFO - Filling up the DagBag from /home/airflow/.local/lib/python3.12/site-packages/airflow/example_dags/example_params_trigger_ui.py
[2024-10-26T20:58:14.948+0000] {processor.py:925} INFO - DAG(s) 'example_params_trigger_ui' retrieved from /home/airflow/.local/lib/python3.12/site-packages/airflow/example_dags/example_params_trigger_ui.py
[2024-10-26T20:58:14.992+0000] {logging_mixin.py:190} INFO - [2024-10-26T20:58:14.992+0000] {dag.py:3239} INFO - Sync 1 DAGs
[2024-10-26T20:58:15.009+0000] {logging_mixin.py:190} INFO - [2024-10-26T20:58:15.009+0000] {dag.py:4180} INFO - Setting next_dagrun for example_params_trigger_ui to None, run_after=None
[2024-10-26T20:58:15.032+0000] {processor.py:208} INFO - Processing /home/airflow/.local/lib/python3.12/site-packages/airflow/example_dags/example_params_trigger_ui.py took 0.103 seconds
[2024-10-26T20:58:48.111+0000] {processor.py:186} INFO - Started process (PID=25896) to work on /home/airflow/.local/lib/python3.12/site-packages/airflow/example_dags/example_params_trigger_ui.py
[2024-10-26T20:58:48.112+0000] {processor.py:914} INFO - Processing file /home/airflow/.local/lib/python3.12/site-packages/airflow/example_dags/example_params_trigger_ui.py for tasks to queue
[2024-10-26T20:58:48.114+0000] {logging_mixin.py:190} INFO - [2024-10-26T20:58:48.114+0000] {dagbag.py:588} INFO - Filling up the DagBag from /home/airflow/.local/lib/python3.12/site-packages/airflow/example_dags/example_params_trigger_ui.py
[2024-10-26T20:58:48.124+0000] {processor.py:925} INFO - DAG(s) 'example_params_trigger_ui' retrieved from /home/airflow/.local/lib/python3.12/site-packages/airflow/example_dags/example_params_trigger_ui.py
[2024-10-26T20:58:48.160+0000] {logging_mixin.py:190} INFO - [2024-10-26T20:58:48.160+0000] {dag.py:3239} INFO - Sync 1 DAGs
[2024-10-26T20:58:48.174+0000] {logging_mixin.py:190} INFO - [2024-10-26T20:58:48.174+0000] {dag.py:4180} INFO - Setting next_dagrun for example_params_trigger_ui to None, run_after=None
[2024-10-26T20:58:48.192+0000] {processor.py:208} INFO - Processing /home/airflow/.local/lib/python3.12/site-packages/airflow/example_dags/example_params_trigger_ui.py took 0.086 seconds
[2024-10-26T20:59:20.770+0000] {processor.py:186} INFO - Started process (PID=25960) to work on /home/airflow/.local/lib/python3.12/site-packages/airflow/example_dags/example_params_trigger_ui.py
[2024-10-26T20:59:20.771+0000] {processor.py:914} INFO - Processing file /home/airflow/.local/lib/python3.12/site-packages/airflow/example_dags/example_params_trigger_ui.py for tasks to queue
[2024-10-26T20:59:20.774+0000] {logging_mixin.py:190} INFO - [2024-10-26T20:59:20.773+0000] {dagbag.py:588} INFO - Filling up the DagBag from /home/airflow/.local/lib/python3.12/site-packages/airflow/example_dags/example_params_trigger_ui.py
[2024-10-26T20:59:20.784+0000] {processor.py:925} INFO - DAG(s) 'example_params_trigger_ui' retrieved from /home/airflow/.local/lib/python3.12/site-packages/airflow/example_dags/example_params_trigger_ui.py
[2024-10-26T20:59:20.825+0000] {logging_mixin.py:190} INFO - [2024-10-26T20:59:20.824+0000] {dag.py:3239} INFO - Sync 1 DAGs
[2024-10-26T20:59:20.837+0000] {logging_mixin.py:190} INFO - [2024-10-26T20:59:20.836+0000] {dag.py:4180} INFO - Setting next_dagrun for example_params_trigger_ui to None, run_after=None
[2024-10-26T20:59:20.856+0000] {processor.py:208} INFO - Processing /home/airflow/.local/lib/python3.12/site-packages/airflow/example_dags/example_params_trigger_ui.py took 0.091 seconds
[2024-10-26T20:59:53.592+0000] {processor.py:186} INFO - Started process (PID=26024) to work on /home/airflow/.local/lib/python3.12/site-packages/airflow/example_dags/example_params_trigger_ui.py
[2024-10-26T20:59:53.593+0000] {processor.py:914} INFO - Processing file /home/airflow/.local/lib/python3.12/site-packages/airflow/example_dags/example_params_trigger_ui.py for tasks to queue
[2024-10-26T20:59:53.595+0000] {logging_mixin.py:190} INFO - [2024-10-26T20:59:53.595+0000] {dagbag.py:588} INFO - Filling up the DagBag from /home/airflow/.local/lib/python3.12/site-packages/airflow/example_dags/example_params_trigger_ui.py
[2024-10-26T20:59:53.607+0000] {processor.py:925} INFO - DAG(s) 'example_params_trigger_ui' retrieved from /home/airflow/.local/lib/python3.12/site-packages/airflow/example_dags/example_params_trigger_ui.py
[2024-10-26T20:59:53.644+0000] {logging_mixin.py:190} INFO - [2024-10-26T20:59:53.644+0000] {dag.py:3239} INFO - Sync 1 DAGs
[2024-10-26T20:59:53.656+0000] {logging_mixin.py:190} INFO - [2024-10-26T20:59:53.656+0000] {dag.py:4180} INFO - Setting next_dagrun for example_params_trigger_ui to None, run_after=None
[2024-10-26T20:59:53.676+0000] {processor.py:208} INFO - Processing /home/airflow/.local/lib/python3.12/site-packages/airflow/example_dags/example_params_trigger_ui.py took 0.091 seconds
[2024-10-26T21:00:25.266+0000] {processor.py:186} INFO - Started process (PID=26088) to work on /home/airflow/.local/lib/python3.12/site-packages/airflow/example_dags/example_params_trigger_ui.py
[2024-10-26T21:00:25.267+0000] {processor.py:914} INFO - Processing file /home/airflow/.local/lib/python3.12/site-packages/airflow/example_dags/example_params_trigger_ui.py for tasks to queue
[2024-10-26T21:00:25.270+0000] {logging_mixin.py:190} INFO - [2024-10-26T21:00:25.269+0000] {dagbag.py:588} INFO - Filling up the DagBag from /home/airflow/.local/lib/python3.12/site-packages/airflow/example_dags/example_params_trigger_ui.py
[2024-10-26T21:00:25.280+0000] {processor.py:925} INFO - DAG(s) 'example_params_trigger_ui' retrieved from /home/airflow/.local/lib/python3.12/site-packages/airflow/example_dags/example_params_trigger_ui.py
[2024-10-26T21:00:25.317+0000] {logging_mixin.py:190} INFO - [2024-10-26T21:00:25.317+0000] {dag.py:3239} INFO - Sync 1 DAGs
[2024-10-26T21:00:25.329+0000] {logging_mixin.py:190} INFO - [2024-10-26T21:00:25.329+0000] {dag.py:4180} INFO - Setting next_dagrun for example_params_trigger_ui to None, run_after=None
[2024-10-26T21:00:25.350+0000] {processor.py:208} INFO - Processing /home/airflow/.local/lib/python3.12/site-packages/airflow/example_dags/example_params_trigger_ui.py took 0.089 seconds
[2024-10-26T21:00:58.281+0000] {processor.py:186} INFO - Started process (PID=26152) to work on /home/airflow/.local/lib/python3.12/site-packages/airflow/example_dags/example_params_trigger_ui.py
[2024-10-26T21:00:58.282+0000] {processor.py:914} INFO - Processing file /home/airflow/.local/lib/python3.12/site-packages/airflow/example_dags/example_params_trigger_ui.py for tasks to queue
[2024-10-26T21:00:58.284+0000] {logging_mixin.py:190} INFO - [2024-10-26T21:00:58.284+0000] {dagbag.py:588} INFO - Filling up the DagBag from /home/airflow/.local/lib/python3.12/site-packages/airflow/example_dags/example_params_trigger_ui.py
[2024-10-26T21:00:58.294+0000] {processor.py:925} INFO - DAG(s) 'example_params_trigger_ui' retrieved from /home/airflow/.local/lib/python3.12/site-packages/airflow/example_dags/example_params_trigger_ui.py
[2024-10-26T21:00:58.334+0000] {logging_mixin.py:190} INFO - [2024-10-26T21:00:58.334+0000] {dag.py:3239} INFO - Sync 1 DAGs
[2024-10-26T21:00:58.348+0000] {logging_mixin.py:190} INFO - [2024-10-26T21:00:58.347+0000] {dag.py:4180} INFO - Setting next_dagrun for example_params_trigger_ui to None, run_after=None
[2024-10-26T21:00:58.368+0000] {processor.py:208} INFO - Processing /home/airflow/.local/lib/python3.12/site-packages/airflow/example_dags/example_params_trigger_ui.py took 0.092 seconds
[2024-10-26T21:01:31.359+0000] {processor.py:186} INFO - Started process (PID=26216) to work on /home/airflow/.local/lib/python3.12/site-packages/airflow/example_dags/example_params_trigger_ui.py
[2024-10-26T21:01:31.361+0000] {processor.py:914} INFO - Processing file /home/airflow/.local/lib/python3.12/site-packages/airflow/example_dags/example_params_trigger_ui.py for tasks to queue
[2024-10-26T21:01:31.364+0000] {logging_mixin.py:190} INFO - [2024-10-26T21:01:31.363+0000] {dagbag.py:588} INFO - Filling up the DagBag from /home/airflow/.local/lib/python3.12/site-packages/airflow/example_dags/example_params_trigger_ui.py
[2024-10-26T21:01:31.377+0000] {processor.py:925} INFO - DAG(s) 'example_params_trigger_ui' retrieved from /home/airflow/.local/lib/python3.12/site-packages/airflow/example_dags/example_params_trigger_ui.py
[2024-10-26T21:01:31.426+0000] {logging_mixin.py:190} INFO - [2024-10-26T21:01:31.426+0000] {dag.py:3239} INFO - Sync 1 DAGs
[2024-10-26T21:01:31.440+0000] {logging_mixin.py:190} INFO - [2024-10-26T21:01:31.440+0000] {dag.py:4180} INFO - Setting next_dagrun for example_params_trigger_ui to None, run_after=None
[2024-10-26T21:01:31.466+0000] {processor.py:208} INFO - Processing /home/airflow/.local/lib/python3.12/site-packages/airflow/example_dags/example_params_trigger_ui.py took 0.114 seconds
[2024-10-26T21:02:04.948+0000] {processor.py:186} INFO - Started process (PID=26280) to work on /home/airflow/.local/lib/python3.12/site-packages/airflow/example_dags/example_params_trigger_ui.py
[2024-10-26T21:02:04.950+0000] {processor.py:914} INFO - Processing file /home/airflow/.local/lib/python3.12/site-packages/airflow/example_dags/example_params_trigger_ui.py for tasks to queue
[2024-10-26T21:02:04.953+0000] {logging_mixin.py:190} INFO - [2024-10-26T21:02:04.953+0000] {dagbag.py:588} INFO - Filling up the DagBag from /home/airflow/.local/lib/python3.12/site-packages/airflow/example_dags/example_params_trigger_ui.py
[2024-10-26T21:02:04.967+0000] {processor.py:925} INFO - DAG(s) 'example_params_trigger_ui' retrieved from /home/airflow/.local/lib/python3.12/site-packages/airflow/example_dags/example_params_trigger_ui.py
[2024-10-26T21:02:05.018+0000] {logging_mixin.py:190} INFO - [2024-10-26T21:02:05.018+0000] {dag.py:3239} INFO - Sync 1 DAGs
[2024-10-26T21:02:05.034+0000] {logging_mixin.py:190} INFO - [2024-10-26T21:02:05.033+0000] {dag.py:4180} INFO - Setting next_dagrun for example_params_trigger_ui to None, run_after=None
[2024-10-26T21:02:05.063+0000] {processor.py:208} INFO - Processing /home/airflow/.local/lib/python3.12/site-packages/airflow/example_dags/example_params_trigger_ui.py took 0.122 seconds
[2024-10-26T21:02:37.880+0000] {processor.py:186} INFO - Started process (PID=26344) to work on /home/airflow/.local/lib/python3.12/site-packages/airflow/example_dags/example_params_trigger_ui.py
[2024-10-26T21:02:37.881+0000] {processor.py:914} INFO - Processing file /home/airflow/.local/lib/python3.12/site-packages/airflow/example_dags/example_params_trigger_ui.py for tasks to queue
[2024-10-26T21:02:37.884+0000] {logging_mixin.py:190} INFO - [2024-10-26T21:02:37.884+0000] {dagbag.py:588} INFO - Filling up the DagBag from /home/airflow/.local/lib/python3.12/site-packages/airflow/example_dags/example_params_trigger_ui.py
[2024-10-26T21:02:37.896+0000] {processor.py:925} INFO - DAG(s) 'example_params_trigger_ui' retrieved from /home/airflow/.local/lib/python3.12/site-packages/airflow/example_dags/example_params_trigger_ui.py
[2024-10-26T21:02:37.950+0000] {logging_mixin.py:190} INFO - [2024-10-26T21:02:37.950+0000] {dag.py:3239} INFO - Sync 1 DAGs
[2024-10-26T21:02:37.970+0000] {logging_mixin.py:190} INFO - [2024-10-26T21:02:37.970+0000] {dag.py:4180} INFO - Setting next_dagrun for example_params_trigger_ui to None, run_after=None
[2024-10-26T21:02:38.010+0000] {processor.py:208} INFO - Processing /home/airflow/.local/lib/python3.12/site-packages/airflow/example_dags/example_params_trigger_ui.py took 0.138 seconds
[2024-10-26T21:03:09.736+0000] {processor.py:186} INFO - Started process (PID=26408) to work on /home/airflow/.local/lib/python3.12/site-packages/airflow/example_dags/example_params_trigger_ui.py
[2024-10-26T21:03:09.737+0000] {processor.py:914} INFO - Processing file /home/airflow/.local/lib/python3.12/site-packages/airflow/example_dags/example_params_trigger_ui.py for tasks to queue
[2024-10-26T21:03:09.740+0000] {logging_mixin.py:190} INFO - [2024-10-26T21:03:09.740+0000] {dagbag.py:588} INFO - Filling up the DagBag from /home/airflow/.local/lib/python3.12/site-packages/airflow/example_dags/example_params_trigger_ui.py
[2024-10-26T21:03:09.755+0000] {processor.py:925} INFO - DAG(s) 'example_params_trigger_ui' retrieved from /home/airflow/.local/lib/python3.12/site-packages/airflow/example_dags/example_params_trigger_ui.py
[2024-10-26T21:03:09.802+0000] {logging_mixin.py:190} INFO - [2024-10-26T21:03:09.802+0000] {dag.py:3239} INFO - Sync 1 DAGs
[2024-10-26T21:03:09.816+0000] {logging_mixin.py:190} INFO - [2024-10-26T21:03:09.816+0000] {dag.py:4180} INFO - Setting next_dagrun for example_params_trigger_ui to None, run_after=None
[2024-10-26T21:03:09.953+0000] {processor.py:208} INFO - Processing /home/airflow/.local/lib/python3.12/site-packages/airflow/example_dags/example_params_trigger_ui.py took 0.225 seconds
[2024-10-26T21:03:42.201+0000] {processor.py:186} INFO - Started process (PID=26472) to work on /home/airflow/.local/lib/python3.12/site-packages/airflow/example_dags/example_params_trigger_ui.py
[2024-10-26T21:03:42.202+0000] {processor.py:914} INFO - Processing file /home/airflow/.local/lib/python3.12/site-packages/airflow/example_dags/example_params_trigger_ui.py for tasks to queue
[2024-10-26T21:03:42.204+0000] {logging_mixin.py:190} INFO - [2024-10-26T21:03:42.204+0000] {dagbag.py:588} INFO - Filling up the DagBag from /home/airflow/.local/lib/python3.12/site-packages/airflow/example_dags/example_params_trigger_ui.py
[2024-10-26T21:03:42.214+0000] {processor.py:925} INFO - DAG(s) 'example_params_trigger_ui' retrieved from /home/airflow/.local/lib/python3.12/site-packages/airflow/example_dags/example_params_trigger_ui.py
[2024-10-26T21:03:42.263+0000] {logging_mixin.py:190} INFO - [2024-10-26T21:03:42.263+0000] {dag.py:3239} INFO - Sync 1 DAGs
[2024-10-26T21:03:42.278+0000] {logging_mixin.py:190} INFO - [2024-10-26T21:03:42.277+0000] {dag.py:4180} INFO - Setting next_dagrun for example_params_trigger_ui to None, run_after=None
[2024-10-26T21:03:42.298+0000] {processor.py:208} INFO - Processing /home/airflow/.local/lib/python3.12/site-packages/airflow/example_dags/example_params_trigger_ui.py took 0.103 seconds
[2024-10-26T21:04:14.904+0000] {processor.py:186} INFO - Started process (PID=26536) to work on /home/airflow/.local/lib/python3.12/site-packages/airflow/example_dags/example_params_trigger_ui.py
[2024-10-26T21:04:14.906+0000] {processor.py:914} INFO - Processing file /home/airflow/.local/lib/python3.12/site-packages/airflow/example_dags/example_params_trigger_ui.py for tasks to queue
[2024-10-26T21:04:14.908+0000] {logging_mixin.py:190} INFO - [2024-10-26T21:04:14.908+0000] {dagbag.py:588} INFO - Filling up the DagBag from /home/airflow/.local/lib/python3.12/site-packages/airflow/example_dags/example_params_trigger_ui.py
[2024-10-26T21:04:14.919+0000] {processor.py:925} INFO - DAG(s) 'example_params_trigger_ui' retrieved from /home/airflow/.local/lib/python3.12/site-packages/airflow/example_dags/example_params_trigger_ui.py
[2024-10-26T21:04:14.961+0000] {logging_mixin.py:190} INFO - [2024-10-26T21:04:14.960+0000] {dag.py:3239} INFO - Sync 1 DAGs
[2024-10-26T21:04:14.977+0000] {logging_mixin.py:190} INFO - [2024-10-26T21:04:14.976+0000] {dag.py:4180} INFO - Setting next_dagrun for example_params_trigger_ui to None, run_after=None
[2024-10-26T21:04:14.999+0000] {processor.py:208} INFO - Processing /home/airflow/.local/lib/python3.12/site-packages/airflow/example_dags/example_params_trigger_ui.py took 0.101 seconds
[2024-10-26T21:04:48.534+0000] {processor.py:186} INFO - Started process (PID=26600) to work on /home/airflow/.local/lib/python3.12/site-packages/airflow/example_dags/example_params_trigger_ui.py
[2024-10-26T21:04:48.535+0000] {processor.py:914} INFO - Processing file /home/airflow/.local/lib/python3.12/site-packages/airflow/example_dags/example_params_trigger_ui.py for tasks to queue
[2024-10-26T21:04:48.539+0000] {logging_mixin.py:190} INFO - [2024-10-26T21:04:48.539+0000] {dagbag.py:588} INFO - Filling up the DagBag from /home/airflow/.local/lib/python3.12/site-packages/airflow/example_dags/example_params_trigger_ui.py
[2024-10-26T21:04:48.552+0000] {processor.py:925} INFO - DAG(s) 'example_params_trigger_ui' retrieved from /home/airflow/.local/lib/python3.12/site-packages/airflow/example_dags/example_params_trigger_ui.py
[2024-10-26T21:04:48.613+0000] {logging_mixin.py:190} INFO - [2024-10-26T21:04:48.612+0000] {dag.py:3239} INFO - Sync 1 DAGs
[2024-10-26T21:04:48.637+0000] {logging_mixin.py:190} INFO - [2024-10-26T21:04:48.636+0000] {dag.py:4180} INFO - Setting next_dagrun for example_params_trigger_ui to None, run_after=None
[2024-10-26T21:04:48.664+0000] {processor.py:208} INFO - Processing /home/airflow/.local/lib/python3.12/site-packages/airflow/example_dags/example_params_trigger_ui.py took 0.137 seconds
[2024-10-26T21:05:20.898+0000] {processor.py:186} INFO - Started process (PID=26664) to work on /home/airflow/.local/lib/python3.12/site-packages/airflow/example_dags/example_params_trigger_ui.py
[2024-10-26T21:05:20.899+0000] {processor.py:914} INFO - Processing file /home/airflow/.local/lib/python3.12/site-packages/airflow/example_dags/example_params_trigger_ui.py for tasks to queue
[2024-10-26T21:05:20.902+0000] {logging_mixin.py:190} INFO - [2024-10-26T21:05:20.901+0000] {dagbag.py:588} INFO - Filling up the DagBag from /home/airflow/.local/lib/python3.12/site-packages/airflow/example_dags/example_params_trigger_ui.py
[2024-10-26T21:05:20.913+0000] {processor.py:925} INFO - DAG(s) 'example_params_trigger_ui' retrieved from /home/airflow/.local/lib/python3.12/site-packages/airflow/example_dags/example_params_trigger_ui.py
[2024-10-26T21:05:20.960+0000] {logging_mixin.py:190} INFO - [2024-10-26T21:05:20.960+0000] {dag.py:3239} INFO - Sync 1 DAGs
[2024-10-26T21:05:20.975+0000] {logging_mixin.py:190} INFO - [2024-10-26T21:05:20.974+0000] {dag.py:4180} INFO - Setting next_dagrun for example_params_trigger_ui to None, run_after=None
[2024-10-26T21:05:20.995+0000] {processor.py:208} INFO - Processing /home/airflow/.local/lib/python3.12/site-packages/airflow/example_dags/example_params_trigger_ui.py took 0.105 seconds
[2024-10-26T21:05:53.021+0000] {processor.py:186} INFO - Started process (PID=26728) to work on /home/airflow/.local/lib/python3.12/site-packages/airflow/example_dags/example_params_trigger_ui.py
[2024-10-26T21:05:53.023+0000] {processor.py:914} INFO - Processing file /home/airflow/.local/lib/python3.12/site-packages/airflow/example_dags/example_params_trigger_ui.py for tasks to queue
[2024-10-26T21:05:53.025+0000] {logging_mixin.py:190} INFO - [2024-10-26T21:05:53.025+0000] {dagbag.py:588} INFO - Filling up the DagBag from /home/airflow/.local/lib/python3.12/site-packages/airflow/example_dags/example_params_trigger_ui.py
[2024-10-26T21:05:53.045+0000] {processor.py:925} INFO - DAG(s) 'example_params_trigger_ui' retrieved from /home/airflow/.local/lib/python3.12/site-packages/airflow/example_dags/example_params_trigger_ui.py
[2024-10-26T21:05:53.109+0000] {logging_mixin.py:190} INFO - [2024-10-26T21:05:53.109+0000] {dag.py:3239} INFO - Sync 1 DAGs
[2024-10-26T21:05:53.131+0000] {logging_mixin.py:190} INFO - [2024-10-26T21:05:53.131+0000] {dag.py:4180} INFO - Setting next_dagrun for example_params_trigger_ui to None, run_after=None
[2024-10-26T21:05:53.159+0000] {processor.py:208} INFO - Processing /home/airflow/.local/lib/python3.12/site-packages/airflow/example_dags/example_params_trigger_ui.py took 0.143 seconds
[2024-10-26T21:06:26.008+0000] {processor.py:186} INFO - Started process (PID=26792) to work on /home/airflow/.local/lib/python3.12/site-packages/airflow/example_dags/example_params_trigger_ui.py
[2024-10-26T21:06:26.009+0000] {processor.py:914} INFO - Processing file /home/airflow/.local/lib/python3.12/site-packages/airflow/example_dags/example_params_trigger_ui.py for tasks to queue
[2024-10-26T21:06:26.011+0000] {logging_mixin.py:190} INFO - [2024-10-26T21:06:26.011+0000] {dagbag.py:588} INFO - Filling up the DagBag from /home/airflow/.local/lib/python3.12/site-packages/airflow/example_dags/example_params_trigger_ui.py
[2024-10-26T21:06:26.023+0000] {processor.py:925} INFO - DAG(s) 'example_params_trigger_ui' retrieved from /home/airflow/.local/lib/python3.12/site-packages/airflow/example_dags/example_params_trigger_ui.py
[2024-10-26T21:06:26.060+0000] {logging_mixin.py:190} INFO - [2024-10-26T21:06:26.060+0000] {dag.py:3239} INFO - Sync 1 DAGs
[2024-10-26T21:06:26.073+0000] {logging_mixin.py:190} INFO - [2024-10-26T21:06:26.073+0000] {dag.py:4180} INFO - Setting next_dagrun for example_params_trigger_ui to None, run_after=None
[2024-10-26T21:06:26.098+0000] {processor.py:208} INFO - Processing /home/airflow/.local/lib/python3.12/site-packages/airflow/example_dags/example_params_trigger_ui.py took 0.097 seconds
[2024-10-26T21:06:59.357+0000] {processor.py:186} INFO - Started process (PID=26856) to work on /home/airflow/.local/lib/python3.12/site-packages/airflow/example_dags/example_params_trigger_ui.py
[2024-10-26T21:06:59.358+0000] {processor.py:914} INFO - Processing file /home/airflow/.local/lib/python3.12/site-packages/airflow/example_dags/example_params_trigger_ui.py for tasks to queue
[2024-10-26T21:06:59.361+0000] {logging_mixin.py:190} INFO - [2024-10-26T21:06:59.361+0000] {dagbag.py:588} INFO - Filling up the DagBag from /home/airflow/.local/lib/python3.12/site-packages/airflow/example_dags/example_params_trigger_ui.py
[2024-10-26T21:06:59.376+0000] {processor.py:925} INFO - DAG(s) 'example_params_trigger_ui' retrieved from /home/airflow/.local/lib/python3.12/site-packages/airflow/example_dags/example_params_trigger_ui.py
[2024-10-26T21:06:59.427+0000] {logging_mixin.py:190} INFO - [2024-10-26T21:06:59.427+0000] {dag.py:3239} INFO - Sync 1 DAGs
[2024-10-26T21:06:59.446+0000] {logging_mixin.py:190} INFO - [2024-10-26T21:06:59.445+0000] {dag.py:4180} INFO - Setting next_dagrun for example_params_trigger_ui to None, run_after=None
[2024-10-26T21:06:59.472+0000] {processor.py:208} INFO - Processing /home/airflow/.local/lib/python3.12/site-packages/airflow/example_dags/example_params_trigger_ui.py took 0.125 seconds
[2024-10-26T21:07:32.080+0000] {processor.py:186} INFO - Started process (PID=26920) to work on /home/airflow/.local/lib/python3.12/site-packages/airflow/example_dags/example_params_trigger_ui.py
[2024-10-26T21:07:32.081+0000] {processor.py:914} INFO - Processing file /home/airflow/.local/lib/python3.12/site-packages/airflow/example_dags/example_params_trigger_ui.py for tasks to queue
[2024-10-26T21:07:32.083+0000] {logging_mixin.py:190} INFO - [2024-10-26T21:07:32.083+0000] {dagbag.py:588} INFO - Filling up the DagBag from /home/airflow/.local/lib/python3.12/site-packages/airflow/example_dags/example_params_trigger_ui.py
[2024-10-26T21:07:32.093+0000] {processor.py:925} INFO - DAG(s) 'example_params_trigger_ui' retrieved from /home/airflow/.local/lib/python3.12/site-packages/airflow/example_dags/example_params_trigger_ui.py
[2024-10-26T21:07:32.140+0000] {logging_mixin.py:190} INFO - [2024-10-26T21:07:32.140+0000] {dag.py:3239} INFO - Sync 1 DAGs
[2024-10-26T21:07:32.157+0000] {logging_mixin.py:190} INFO - [2024-10-26T21:07:32.156+0000] {dag.py:4180} INFO - Setting next_dagrun for example_params_trigger_ui to None, run_after=None
[2024-10-26T21:07:32.184+0000] {processor.py:208} INFO - Processing /home/airflow/.local/lib/python3.12/site-packages/airflow/example_dags/example_params_trigger_ui.py took 0.111 seconds
[2024-10-26T21:08:04.284+0000] {processor.py:186} INFO - Started process (PID=26984) to work on /home/airflow/.local/lib/python3.12/site-packages/airflow/example_dags/example_params_trigger_ui.py
[2024-10-26T21:08:04.284+0000] {processor.py:914} INFO - Processing file /home/airflow/.local/lib/python3.12/site-packages/airflow/example_dags/example_params_trigger_ui.py for tasks to queue
[2024-10-26T21:08:04.287+0000] {logging_mixin.py:190} INFO - [2024-10-26T21:08:04.287+0000] {dagbag.py:588} INFO - Filling up the DagBag from /home/airflow/.local/lib/python3.12/site-packages/airflow/example_dags/example_params_trigger_ui.py
[2024-10-26T21:08:04.297+0000] {processor.py:925} INFO - DAG(s) 'example_params_trigger_ui' retrieved from /home/airflow/.local/lib/python3.12/site-packages/airflow/example_dags/example_params_trigger_ui.py
[2024-10-26T21:08:04.335+0000] {logging_mixin.py:190} INFO - [2024-10-26T21:08:04.335+0000] {dag.py:3239} INFO - Sync 1 DAGs
[2024-10-26T21:08:04.347+0000] {logging_mixin.py:190} INFO - [2024-10-26T21:08:04.347+0000] {dag.py:4180} INFO - Setting next_dagrun for example_params_trigger_ui to None, run_after=None
[2024-10-26T21:08:04.365+0000] {processor.py:208} INFO - Processing /home/airflow/.local/lib/python3.12/site-packages/airflow/example_dags/example_params_trigger_ui.py took 0.087 seconds
[2024-10-26T21:08:37.078+0000] {processor.py:186} INFO - Started process (PID=27048) to work on /home/airflow/.local/lib/python3.12/site-packages/airflow/example_dags/example_params_trigger_ui.py
[2024-10-26T21:08:37.079+0000] {processor.py:914} INFO - Processing file /home/airflow/.local/lib/python3.12/site-packages/airflow/example_dags/example_params_trigger_ui.py for tasks to queue
[2024-10-26T21:08:37.083+0000] {logging_mixin.py:190} INFO - [2024-10-26T21:08:37.083+0000] {dagbag.py:588} INFO - Filling up the DagBag from /home/airflow/.local/lib/python3.12/site-packages/airflow/example_dags/example_params_trigger_ui.py
[2024-10-26T21:08:37.097+0000] {processor.py:925} INFO - DAG(s) 'example_params_trigger_ui' retrieved from /home/airflow/.local/lib/python3.12/site-packages/airflow/example_dags/example_params_trigger_ui.py
[2024-10-26T21:08:37.145+0000] {logging_mixin.py:190} INFO - [2024-10-26T21:08:37.144+0000] {dag.py:3239} INFO - Sync 1 DAGs
[2024-10-26T21:08:37.161+0000] {logging_mixin.py:190} INFO - [2024-10-26T21:08:37.161+0000] {dag.py:4180} INFO - Setting next_dagrun for example_params_trigger_ui to None, run_after=None
[2024-10-26T21:08:37.183+0000] {processor.py:208} INFO - Processing /home/airflow/.local/lib/python3.12/site-packages/airflow/example_dags/example_params_trigger_ui.py took 0.113 seconds
[2024-10-26T21:09:09.868+0000] {processor.py:186} INFO - Started process (PID=27112) to work on /home/airflow/.local/lib/python3.12/site-packages/airflow/example_dags/example_params_trigger_ui.py
[2024-10-26T21:09:09.870+0000] {processor.py:914} INFO - Processing file /home/airflow/.local/lib/python3.12/site-packages/airflow/example_dags/example_params_trigger_ui.py for tasks to queue
[2024-10-26T21:09:09.873+0000] {logging_mixin.py:190} INFO - [2024-10-26T21:09:09.873+0000] {dagbag.py:588} INFO - Filling up the DagBag from /home/airflow/.local/lib/python3.12/site-packages/airflow/example_dags/example_params_trigger_ui.py
[2024-10-26T21:09:09.892+0000] {processor.py:925} INFO - DAG(s) 'example_params_trigger_ui' retrieved from /home/airflow/.local/lib/python3.12/site-packages/airflow/example_dags/example_params_trigger_ui.py
[2024-10-26T21:09:09.960+0000] {logging_mixin.py:190} INFO - [2024-10-26T21:09:09.959+0000] {dag.py:3239} INFO - Sync 1 DAGs
[2024-10-26T21:09:09.983+0000] {logging_mixin.py:190} INFO - [2024-10-26T21:09:09.983+0000] {dag.py:4180} INFO - Setting next_dagrun for example_params_trigger_ui to None, run_after=None
[2024-10-26T21:09:10.008+0000] {processor.py:208} INFO - Processing /home/airflow/.local/lib/python3.12/site-packages/airflow/example_dags/example_params_trigger_ui.py took 0.148 seconds
[2024-10-26T21:09:42.836+0000] {processor.py:186} INFO - Started process (PID=27176) to work on /home/airflow/.local/lib/python3.12/site-packages/airflow/example_dags/example_params_trigger_ui.py
[2024-10-26T21:09:42.837+0000] {processor.py:914} INFO - Processing file /home/airflow/.local/lib/python3.12/site-packages/airflow/example_dags/example_params_trigger_ui.py for tasks to queue
[2024-10-26T21:09:42.840+0000] {logging_mixin.py:190} INFO - [2024-10-26T21:09:42.839+0000] {dagbag.py:588} INFO - Filling up the DagBag from /home/airflow/.local/lib/python3.12/site-packages/airflow/example_dags/example_params_trigger_ui.py
[2024-10-26T21:09:42.849+0000] {processor.py:925} INFO - DAG(s) 'example_params_trigger_ui' retrieved from /home/airflow/.local/lib/python3.12/site-packages/airflow/example_dags/example_params_trigger_ui.py
[2024-10-26T21:09:42.888+0000] {logging_mixin.py:190} INFO - [2024-10-26T21:09:42.887+0000] {dag.py:3239} INFO - Sync 1 DAGs
[2024-10-26T21:09:42.902+0000] {logging_mixin.py:190} INFO - [2024-10-26T21:09:42.902+0000] {dag.py:4180} INFO - Setting next_dagrun for example_params_trigger_ui to None, run_after=None
[2024-10-26T21:09:42.920+0000] {processor.py:208} INFO - Processing /home/airflow/.local/lib/python3.12/site-packages/airflow/example_dags/example_params_trigger_ui.py took 0.092 seconds
[2024-10-26T21:10:15.502+0000] {processor.py:186} INFO - Started process (PID=27240) to work on /home/airflow/.local/lib/python3.12/site-packages/airflow/example_dags/example_params_trigger_ui.py
[2024-10-26T21:10:15.503+0000] {processor.py:914} INFO - Processing file /home/airflow/.local/lib/python3.12/site-packages/airflow/example_dags/example_params_trigger_ui.py for tasks to queue
[2024-10-26T21:10:15.505+0000] {logging_mixin.py:190} INFO - [2024-10-26T21:10:15.505+0000] {dagbag.py:588} INFO - Filling up the DagBag from /home/airflow/.local/lib/python3.12/site-packages/airflow/example_dags/example_params_trigger_ui.py
[2024-10-26T21:10:15.515+0000] {processor.py:925} INFO - DAG(s) 'example_params_trigger_ui' retrieved from /home/airflow/.local/lib/python3.12/site-packages/airflow/example_dags/example_params_trigger_ui.py
[2024-10-26T21:10:15.560+0000] {logging_mixin.py:190} INFO - [2024-10-26T21:10:15.559+0000] {dag.py:3239} INFO - Sync 1 DAGs
[2024-10-26T21:10:15.571+0000] {logging_mixin.py:190} INFO - [2024-10-26T21:10:15.571+0000] {dag.py:4180} INFO - Setting next_dagrun for example_params_trigger_ui to None, run_after=None
[2024-10-26T21:10:15.589+0000] {processor.py:208} INFO - Processing /home/airflow/.local/lib/python3.12/site-packages/airflow/example_dags/example_params_trigger_ui.py took 0.092 seconds
[2024-10-26T21:10:48.372+0000] {processor.py:186} INFO - Started process (PID=27304) to work on /home/airflow/.local/lib/python3.12/site-packages/airflow/example_dags/example_params_trigger_ui.py
[2024-10-26T21:10:48.373+0000] {processor.py:914} INFO - Processing file /home/airflow/.local/lib/python3.12/site-packages/airflow/example_dags/example_params_trigger_ui.py for tasks to queue
[2024-10-26T21:10:48.376+0000] {logging_mixin.py:190} INFO - [2024-10-26T21:10:48.376+0000] {dagbag.py:588} INFO - Filling up the DagBag from /home/airflow/.local/lib/python3.12/site-packages/airflow/example_dags/example_params_trigger_ui.py
[2024-10-26T21:10:48.388+0000] {processor.py:925} INFO - DAG(s) 'example_params_trigger_ui' retrieved from /home/airflow/.local/lib/python3.12/site-packages/airflow/example_dags/example_params_trigger_ui.py
[2024-10-26T21:10:48.590+0000] {logging_mixin.py:190} INFO - [2024-10-26T21:10:48.590+0000] {dag.py:3239} INFO - Sync 1 DAGs
[2024-10-26T21:10:48.601+0000] {logging_mixin.py:190} INFO - [2024-10-26T21:10:48.601+0000] {dag.py:4180} INFO - Setting next_dagrun for example_params_trigger_ui to None, run_after=None
[2024-10-26T21:10:48.617+0000] {processor.py:208} INFO - Processing /home/airflow/.local/lib/python3.12/site-packages/airflow/example_dags/example_params_trigger_ui.py took 0.253 seconds
[2024-10-26T21:11:21.215+0000] {processor.py:186} INFO - Started process (PID=27368) to work on /home/airflow/.local/lib/python3.12/site-packages/airflow/example_dags/example_params_trigger_ui.py
[2024-10-26T21:11:21.216+0000] {processor.py:914} INFO - Processing file /home/airflow/.local/lib/python3.12/site-packages/airflow/example_dags/example_params_trigger_ui.py for tasks to queue
[2024-10-26T21:11:21.218+0000] {logging_mixin.py:190} INFO - [2024-10-26T21:11:21.218+0000] {dagbag.py:588} INFO - Filling up the DagBag from /home/airflow/.local/lib/python3.12/site-packages/airflow/example_dags/example_params_trigger_ui.py
[2024-10-26T21:11:21.229+0000] {processor.py:925} INFO - DAG(s) 'example_params_trigger_ui' retrieved from /home/airflow/.local/lib/python3.12/site-packages/airflow/example_dags/example_params_trigger_ui.py
[2024-10-26T21:11:21.268+0000] {logging_mixin.py:190} INFO - [2024-10-26T21:11:21.268+0000] {dag.py:3239} INFO - Sync 1 DAGs
[2024-10-26T21:11:21.433+0000] {logging_mixin.py:190} INFO - [2024-10-26T21:11:21.433+0000] {dag.py:4180} INFO - Setting next_dagrun for example_params_trigger_ui to None, run_after=None
[2024-10-26T21:11:21.451+0000] {processor.py:208} INFO - Processing /home/airflow/.local/lib/python3.12/site-packages/airflow/example_dags/example_params_trigger_ui.py took 0.242 seconds
[2024-10-26T21:11:53.546+0000] {processor.py:186} INFO - Started process (PID=27432) to work on /home/airflow/.local/lib/python3.12/site-packages/airflow/example_dags/example_params_trigger_ui.py
[2024-10-26T21:11:53.547+0000] {processor.py:914} INFO - Processing file /home/airflow/.local/lib/python3.12/site-packages/airflow/example_dags/example_params_trigger_ui.py for tasks to queue
[2024-10-26T21:11:53.550+0000] {logging_mixin.py:190} INFO - [2024-10-26T21:11:53.550+0000] {dagbag.py:588} INFO - Filling up the DagBag from /home/airflow/.local/lib/python3.12/site-packages/airflow/example_dags/example_params_trigger_ui.py
[2024-10-26T21:11:53.562+0000] {processor.py:925} INFO - DAG(s) 'example_params_trigger_ui' retrieved from /home/airflow/.local/lib/python3.12/site-packages/airflow/example_dags/example_params_trigger_ui.py
[2024-10-26T21:11:53.604+0000] {logging_mixin.py:190} INFO - [2024-10-26T21:11:53.604+0000] {dag.py:3239} INFO - Sync 1 DAGs
[2024-10-26T21:11:53.617+0000] {logging_mixin.py:190} INFO - [2024-10-26T21:11:53.617+0000] {dag.py:4180} INFO - Setting next_dagrun for example_params_trigger_ui to None, run_after=None
[2024-10-26T21:11:53.637+0000] {processor.py:208} INFO - Processing /home/airflow/.local/lib/python3.12/site-packages/airflow/example_dags/example_params_trigger_ui.py took 0.097 seconds
[2024-10-26T21:12:25.693+0000] {processor.py:186} INFO - Started process (PID=27496) to work on /home/airflow/.local/lib/python3.12/site-packages/airflow/example_dags/example_params_trigger_ui.py
[2024-10-26T21:12:25.697+0000] {processor.py:914} INFO - Processing file /home/airflow/.local/lib/python3.12/site-packages/airflow/example_dags/example_params_trigger_ui.py for tasks to queue
[2024-10-26T21:12:25.700+0000] {logging_mixin.py:190} INFO - [2024-10-26T21:12:25.700+0000] {dagbag.py:588} INFO - Filling up the DagBag from /home/airflow/.local/lib/python3.12/site-packages/airflow/example_dags/example_params_trigger_ui.py
[2024-10-26T21:12:25.731+0000] {processor.py:925} INFO - DAG(s) 'example_params_trigger_ui' retrieved from /home/airflow/.local/lib/python3.12/site-packages/airflow/example_dags/example_params_trigger_ui.py
[2024-10-26T21:12:25.784+0000] {logging_mixin.py:190} INFO - [2024-10-26T21:12:25.784+0000] {dag.py:3239} INFO - Sync 1 DAGs
[2024-10-26T21:12:25.804+0000] {logging_mixin.py:190} INFO - [2024-10-26T21:12:25.804+0000] {dag.py:4180} INFO - Setting next_dagrun for example_params_trigger_ui to None, run_after=None
[2024-10-26T21:12:25.823+0000] {processor.py:208} INFO - Processing /home/airflow/.local/lib/python3.12/site-packages/airflow/example_dags/example_params_trigger_ui.py took 0.139 seconds
[2024-10-26T21:12:58.293+0000] {processor.py:186} INFO - Started process (PID=27560) to work on /home/airflow/.local/lib/python3.12/site-packages/airflow/example_dags/example_params_trigger_ui.py
[2024-10-26T21:12:58.294+0000] {processor.py:914} INFO - Processing file /home/airflow/.local/lib/python3.12/site-packages/airflow/example_dags/example_params_trigger_ui.py for tasks to queue
[2024-10-26T21:12:58.297+0000] {logging_mixin.py:190} INFO - [2024-10-26T21:12:58.297+0000] {dagbag.py:588} INFO - Filling up the DagBag from /home/airflow/.local/lib/python3.12/site-packages/airflow/example_dags/example_params_trigger_ui.py
[2024-10-26T21:12:58.309+0000] {processor.py:925} INFO - DAG(s) 'example_params_trigger_ui' retrieved from /home/airflow/.local/lib/python3.12/site-packages/airflow/example_dags/example_params_trigger_ui.py
[2024-10-26T21:12:58.346+0000] {logging_mixin.py:190} INFO - [2024-10-26T21:12:58.345+0000] {dag.py:3239} INFO - Sync 1 DAGs
[2024-10-26T21:12:58.358+0000] {logging_mixin.py:190} INFO - [2024-10-26T21:12:58.358+0000] {dag.py:4180} INFO - Setting next_dagrun for example_params_trigger_ui to None, run_after=None
[2024-10-26T21:12:58.380+0000] {processor.py:208} INFO - Processing /home/airflow/.local/lib/python3.12/site-packages/airflow/example_dags/example_params_trigger_ui.py took 0.093 seconds
[2024-10-26T21:13:31.096+0000] {processor.py:186} INFO - Started process (PID=27624) to work on /home/airflow/.local/lib/python3.12/site-packages/airflow/example_dags/example_params_trigger_ui.py
[2024-10-26T21:13:31.097+0000] {processor.py:914} INFO - Processing file /home/airflow/.local/lib/python3.12/site-packages/airflow/example_dags/example_params_trigger_ui.py for tasks to queue
[2024-10-26T21:13:31.100+0000] {logging_mixin.py:190} INFO - [2024-10-26T21:13:31.100+0000] {dagbag.py:588} INFO - Filling up the DagBag from /home/airflow/.local/lib/python3.12/site-packages/airflow/example_dags/example_params_trigger_ui.py
[2024-10-26T21:13:31.113+0000] {processor.py:925} INFO - DAG(s) 'example_params_trigger_ui' retrieved from /home/airflow/.local/lib/python3.12/site-packages/airflow/example_dags/example_params_trigger_ui.py
[2024-10-26T21:13:31.209+0000] {logging_mixin.py:190} INFO - [2024-10-26T21:13:31.209+0000] {dag.py:3239} INFO - Sync 1 DAGs
[2024-10-26T21:13:31.249+0000] {logging_mixin.py:190} INFO - [2024-10-26T21:13:31.248+0000] {dag.py:4180} INFO - Setting next_dagrun for example_params_trigger_ui to None, run_after=None
[2024-10-26T21:13:31.274+0000] {processor.py:208} INFO - Processing /home/airflow/.local/lib/python3.12/site-packages/airflow/example_dags/example_params_trigger_ui.py took 0.185 seconds
[2024-10-26T21:14:03.762+0000] {processor.py:186} INFO - Started process (PID=27688) to work on /home/airflow/.local/lib/python3.12/site-packages/airflow/example_dags/example_params_trigger_ui.py
[2024-10-26T21:14:03.763+0000] {processor.py:914} INFO - Processing file /home/airflow/.local/lib/python3.12/site-packages/airflow/example_dags/example_params_trigger_ui.py for tasks to queue
[2024-10-26T21:14:03.765+0000] {logging_mixin.py:190} INFO - [2024-10-26T21:14:03.765+0000] {dagbag.py:588} INFO - Filling up the DagBag from /home/airflow/.local/lib/python3.12/site-packages/airflow/example_dags/example_params_trigger_ui.py
[2024-10-26T21:14:03.775+0000] {processor.py:925} INFO - DAG(s) 'example_params_trigger_ui' retrieved from /home/airflow/.local/lib/python3.12/site-packages/airflow/example_dags/example_params_trigger_ui.py
[2024-10-26T21:14:03.817+0000] {logging_mixin.py:190} INFO - [2024-10-26T21:14:03.817+0000] {dag.py:3239} INFO - Sync 1 DAGs
[2024-10-26T21:14:03.829+0000] {logging_mixin.py:190} INFO - [2024-10-26T21:14:03.829+0000] {dag.py:4180} INFO - Setting next_dagrun for example_params_trigger_ui to None, run_after=None
[2024-10-26T21:14:03.846+0000] {processor.py:208} INFO - Processing /home/airflow/.local/lib/python3.12/site-packages/airflow/example_dags/example_params_trigger_ui.py took 0.090 seconds
[2024-10-26T21:14:36.464+0000] {processor.py:186} INFO - Started process (PID=27752) to work on /home/airflow/.local/lib/python3.12/site-packages/airflow/example_dags/example_params_trigger_ui.py
[2024-10-26T21:14:36.465+0000] {processor.py:914} INFO - Processing file /home/airflow/.local/lib/python3.12/site-packages/airflow/example_dags/example_params_trigger_ui.py for tasks to queue
[2024-10-26T21:14:36.468+0000] {logging_mixin.py:190} INFO - [2024-10-26T21:14:36.468+0000] {dagbag.py:588} INFO - Filling up the DagBag from /home/airflow/.local/lib/python3.12/site-packages/airflow/example_dags/example_params_trigger_ui.py
[2024-10-26T21:14:36.482+0000] {processor.py:925} INFO - DAG(s) 'example_params_trigger_ui' retrieved from /home/airflow/.local/lib/python3.12/site-packages/airflow/example_dags/example_params_trigger_ui.py
[2024-10-26T21:14:36.522+0000] {logging_mixin.py:190} INFO - [2024-10-26T21:14:36.522+0000] {dag.py:3239} INFO - Sync 1 DAGs
[2024-10-26T21:14:36.536+0000] {logging_mixin.py:190} INFO - [2024-10-26T21:14:36.535+0000] {dag.py:4180} INFO - Setting next_dagrun for example_params_trigger_ui to None, run_after=None
[2024-10-26T21:14:36.556+0000] {processor.py:208} INFO - Processing /home/airflow/.local/lib/python3.12/site-packages/airflow/example_dags/example_params_trigger_ui.py took 0.098 seconds
[2024-10-26T21:15:09.214+0000] {processor.py:186} INFO - Started process (PID=27816) to work on /home/airflow/.local/lib/python3.12/site-packages/airflow/example_dags/example_params_trigger_ui.py
[2024-10-26T21:15:09.215+0000] {processor.py:914} INFO - Processing file /home/airflow/.local/lib/python3.12/site-packages/airflow/example_dags/example_params_trigger_ui.py for tasks to queue
[2024-10-26T21:15:09.217+0000] {logging_mixin.py:190} INFO - [2024-10-26T21:15:09.217+0000] {dagbag.py:588} INFO - Filling up the DagBag from /home/airflow/.local/lib/python3.12/site-packages/airflow/example_dags/example_params_trigger_ui.py
[2024-10-26T21:15:09.228+0000] {processor.py:925} INFO - DAG(s) 'example_params_trigger_ui' retrieved from /home/airflow/.local/lib/python3.12/site-packages/airflow/example_dags/example_params_trigger_ui.py
[2024-10-26T21:15:09.270+0000] {logging_mixin.py:190} INFO - [2024-10-26T21:15:09.270+0000] {dag.py:3239} INFO - Sync 1 DAGs
[2024-10-26T21:15:09.283+0000] {logging_mixin.py:190} INFO - [2024-10-26T21:15:09.283+0000] {dag.py:4180} INFO - Setting next_dagrun for example_params_trigger_ui to None, run_after=None
[2024-10-26T21:15:09.303+0000] {processor.py:208} INFO - Processing /home/airflow/.local/lib/python3.12/site-packages/airflow/example_dags/example_params_trigger_ui.py took 0.095 seconds
[2024-10-26T21:15:42.412+0000] {processor.py:186} INFO - Started process (PID=27880) to work on /home/airflow/.local/lib/python3.12/site-packages/airflow/example_dags/example_params_trigger_ui.py
[2024-10-26T21:15:42.413+0000] {processor.py:914} INFO - Processing file /home/airflow/.local/lib/python3.12/site-packages/airflow/example_dags/example_params_trigger_ui.py for tasks to queue
[2024-10-26T21:15:42.416+0000] {logging_mixin.py:190} INFO - [2024-10-26T21:15:42.415+0000] {dagbag.py:588} INFO - Filling up the DagBag from /home/airflow/.local/lib/python3.12/site-packages/airflow/example_dags/example_params_trigger_ui.py
[2024-10-26T21:15:42.427+0000] {processor.py:925} INFO - DAG(s) 'example_params_trigger_ui' retrieved from /home/airflow/.local/lib/python3.12/site-packages/airflow/example_dags/example_params_trigger_ui.py
[2024-10-26T21:15:42.467+0000] {logging_mixin.py:190} INFO - [2024-10-26T21:15:42.467+0000] {dag.py:3239} INFO - Sync 1 DAGs
[2024-10-26T21:15:42.480+0000] {logging_mixin.py:190} INFO - [2024-10-26T21:15:42.479+0000] {dag.py:4180} INFO - Setting next_dagrun for example_params_trigger_ui to None, run_after=None
[2024-10-26T21:15:42.501+0000] {processor.py:208} INFO - Processing /home/airflow/.local/lib/python3.12/site-packages/airflow/example_dags/example_params_trigger_ui.py took 0.097 seconds
[2024-10-26T21:16:14.849+0000] {processor.py:186} INFO - Started process (PID=27944) to work on /home/airflow/.local/lib/python3.12/site-packages/airflow/example_dags/example_params_trigger_ui.py
[2024-10-26T21:16:14.850+0000] {processor.py:914} INFO - Processing file /home/airflow/.local/lib/python3.12/site-packages/airflow/example_dags/example_params_trigger_ui.py for tasks to queue
[2024-10-26T21:16:14.853+0000] {logging_mixin.py:190} INFO - [2024-10-26T21:16:14.853+0000] {dagbag.py:588} INFO - Filling up the DagBag from /home/airflow/.local/lib/python3.12/site-packages/airflow/example_dags/example_params_trigger_ui.py
[2024-10-26T21:16:14.869+0000] {processor.py:925} INFO - DAG(s) 'example_params_trigger_ui' retrieved from /home/airflow/.local/lib/python3.12/site-packages/airflow/example_dags/example_params_trigger_ui.py
[2024-10-26T21:16:14.909+0000] {logging_mixin.py:190} INFO - [2024-10-26T21:16:14.908+0000] {dag.py:3239} INFO - Sync 1 DAGs
[2024-10-26T21:16:14.923+0000] {logging_mixin.py:190} INFO - [2024-10-26T21:16:14.923+0000] {dag.py:4180} INFO - Setting next_dagrun for example_params_trigger_ui to None, run_after=None
[2024-10-26T21:16:14.943+0000] {processor.py:208} INFO - Processing /home/airflow/.local/lib/python3.12/site-packages/airflow/example_dags/example_params_trigger_ui.py took 0.100 seconds
[2024-10-26T21:16:47.905+0000] {processor.py:186} INFO - Started process (PID=28008) to work on /home/airflow/.local/lib/python3.12/site-packages/airflow/example_dags/example_params_trigger_ui.py
[2024-10-26T21:16:47.907+0000] {processor.py:914} INFO - Processing file /home/airflow/.local/lib/python3.12/site-packages/airflow/example_dags/example_params_trigger_ui.py for tasks to queue
[2024-10-26T21:16:47.910+0000] {logging_mixin.py:190} INFO - [2024-10-26T21:16:47.909+0000] {dagbag.py:588} INFO - Filling up the DagBag from /home/airflow/.local/lib/python3.12/site-packages/airflow/example_dags/example_params_trigger_ui.py
[2024-10-26T21:16:47.925+0000] {processor.py:925} INFO - DAG(s) 'example_params_trigger_ui' retrieved from /home/airflow/.local/lib/python3.12/site-packages/airflow/example_dags/example_params_trigger_ui.py
[2024-10-26T21:16:47.985+0000] {logging_mixin.py:190} INFO - [2024-10-26T21:16:47.985+0000] {dag.py:3239} INFO - Sync 1 DAGs
[2024-10-26T21:16:48.007+0000] {logging_mixin.py:190} INFO - [2024-10-26T21:16:48.007+0000] {dag.py:4180} INFO - Setting next_dagrun for example_params_trigger_ui to None, run_after=None
[2024-10-26T21:16:48.041+0000] {processor.py:208} INFO - Processing /home/airflow/.local/lib/python3.12/site-packages/airflow/example_dags/example_params_trigger_ui.py took 0.144 seconds
[2024-10-26T21:17:20.976+0000] {processor.py:186} INFO - Started process (PID=28072) to work on /home/airflow/.local/lib/python3.12/site-packages/airflow/example_dags/example_params_trigger_ui.py
[2024-10-26T21:17:20.977+0000] {processor.py:914} INFO - Processing file /home/airflow/.local/lib/python3.12/site-packages/airflow/example_dags/example_params_trigger_ui.py for tasks to queue
[2024-10-26T21:17:20.980+0000] {logging_mixin.py:190} INFO - [2024-10-26T21:17:20.979+0000] {dagbag.py:588} INFO - Filling up the DagBag from /home/airflow/.local/lib/python3.12/site-packages/airflow/example_dags/example_params_trigger_ui.py
[2024-10-26T21:17:20.993+0000] {processor.py:925} INFO - DAG(s) 'example_params_trigger_ui' retrieved from /home/airflow/.local/lib/python3.12/site-packages/airflow/example_dags/example_params_trigger_ui.py
[2024-10-26T21:17:21.048+0000] {logging_mixin.py:190} INFO - [2024-10-26T21:17:21.048+0000] {dag.py:3239} INFO - Sync 1 DAGs
[2024-10-26T21:17:21.070+0000] {logging_mixin.py:190} INFO - [2024-10-26T21:17:21.069+0000] {dag.py:4180} INFO - Setting next_dagrun for example_params_trigger_ui to None, run_after=None
[2024-10-26T21:17:21.093+0000] {processor.py:208} INFO - Processing /home/airflow/.local/lib/python3.12/site-packages/airflow/example_dags/example_params_trigger_ui.py took 0.125 seconds
[2024-10-26T21:17:52.987+0000] {processor.py:186} INFO - Started process (PID=28136) to work on /home/airflow/.local/lib/python3.12/site-packages/airflow/example_dags/example_params_trigger_ui.py
[2024-10-26T21:17:52.988+0000] {processor.py:914} INFO - Processing file /home/airflow/.local/lib/python3.12/site-packages/airflow/example_dags/example_params_trigger_ui.py for tasks to queue
[2024-10-26T21:17:52.991+0000] {logging_mixin.py:190} INFO - [2024-10-26T21:17:52.990+0000] {dagbag.py:588} INFO - Filling up the DagBag from /home/airflow/.local/lib/python3.12/site-packages/airflow/example_dags/example_params_trigger_ui.py
[2024-10-26T21:17:53.001+0000] {processor.py:925} INFO - DAG(s) 'example_params_trigger_ui' retrieved from /home/airflow/.local/lib/python3.12/site-packages/airflow/example_dags/example_params_trigger_ui.py
[2024-10-26T21:17:53.040+0000] {logging_mixin.py:190} INFO - [2024-10-26T21:17:53.039+0000] {dag.py:3239} INFO - Sync 1 DAGs
[2024-10-26T21:17:53.064+0000] {logging_mixin.py:190} INFO - [2024-10-26T21:17:53.063+0000] {dag.py:4180} INFO - Setting next_dagrun for example_params_trigger_ui to None, run_after=None
[2024-10-26T21:17:53.100+0000] {processor.py:208} INFO - Processing /home/airflow/.local/lib/python3.12/site-packages/airflow/example_dags/example_params_trigger_ui.py took 0.117 seconds
[2024-10-26T21:18:26.042+0000] {processor.py:186} INFO - Started process (PID=28200) to work on /home/airflow/.local/lib/python3.12/site-packages/airflow/example_dags/example_params_trigger_ui.py
[2024-10-26T21:18:26.043+0000] {processor.py:914} INFO - Processing file /home/airflow/.local/lib/python3.12/site-packages/airflow/example_dags/example_params_trigger_ui.py for tasks to queue
[2024-10-26T21:18:26.047+0000] {logging_mixin.py:190} INFO - [2024-10-26T21:18:26.046+0000] {dagbag.py:588} INFO - Filling up the DagBag from /home/airflow/.local/lib/python3.12/site-packages/airflow/example_dags/example_params_trigger_ui.py
[2024-10-26T21:18:26.064+0000] {processor.py:925} INFO - DAG(s) 'example_params_trigger_ui' retrieved from /home/airflow/.local/lib/python3.12/site-packages/airflow/example_dags/example_params_trigger_ui.py
[2024-10-26T21:18:26.130+0000] {logging_mixin.py:190} INFO - [2024-10-26T21:18:26.129+0000] {dag.py:3239} INFO - Sync 1 DAGs
[2024-10-26T21:18:26.151+0000] {logging_mixin.py:190} INFO - [2024-10-26T21:18:26.151+0000] {dag.py:4180} INFO - Setting next_dagrun for example_params_trigger_ui to None, run_after=None
[2024-10-26T21:18:26.179+0000] {processor.py:208} INFO - Processing /home/airflow/.local/lib/python3.12/site-packages/airflow/example_dags/example_params_trigger_ui.py took 0.145 seconds
[2024-10-26T21:18:58.749+0000] {processor.py:186} INFO - Started process (PID=28264) to work on /home/airflow/.local/lib/python3.12/site-packages/airflow/example_dags/example_params_trigger_ui.py
[2024-10-26T21:18:58.750+0000] {processor.py:914} INFO - Processing file /home/airflow/.local/lib/python3.12/site-packages/airflow/example_dags/example_params_trigger_ui.py for tasks to queue
[2024-10-26T21:18:58.752+0000] {logging_mixin.py:190} INFO - [2024-10-26T21:18:58.752+0000] {dagbag.py:588} INFO - Filling up the DagBag from /home/airflow/.local/lib/python3.12/site-packages/airflow/example_dags/example_params_trigger_ui.py
[2024-10-26T21:18:58.763+0000] {processor.py:925} INFO - DAG(s) 'example_params_trigger_ui' retrieved from /home/airflow/.local/lib/python3.12/site-packages/airflow/example_dags/example_params_trigger_ui.py
[2024-10-26T21:18:58.804+0000] {logging_mixin.py:190} INFO - [2024-10-26T21:18:58.804+0000] {dag.py:3239} INFO - Sync 1 DAGs
[2024-10-26T21:18:58.817+0000] {logging_mixin.py:190} INFO - [2024-10-26T21:18:58.817+0000] {dag.py:4180} INFO - Setting next_dagrun for example_params_trigger_ui to None, run_after=None
[2024-10-26T21:18:58.834+0000] {processor.py:208} INFO - Processing /home/airflow/.local/lib/python3.12/site-packages/airflow/example_dags/example_params_trigger_ui.py took 0.091 seconds
[2024-10-26T21:19:31.514+0000] {processor.py:186} INFO - Started process (PID=28328) to work on /home/airflow/.local/lib/python3.12/site-packages/airflow/example_dags/example_params_trigger_ui.py
[2024-10-26T21:19:31.515+0000] {processor.py:914} INFO - Processing file /home/airflow/.local/lib/python3.12/site-packages/airflow/example_dags/example_params_trigger_ui.py for tasks to queue
[2024-10-26T21:19:31.517+0000] {logging_mixin.py:190} INFO - [2024-10-26T21:19:31.517+0000] {dagbag.py:588} INFO - Filling up the DagBag from /home/airflow/.local/lib/python3.12/site-packages/airflow/example_dags/example_params_trigger_ui.py
[2024-10-26T21:19:31.528+0000] {processor.py:925} INFO - DAG(s) 'example_params_trigger_ui' retrieved from /home/airflow/.local/lib/python3.12/site-packages/airflow/example_dags/example_params_trigger_ui.py
[2024-10-26T21:19:31.573+0000] {logging_mixin.py:190} INFO - [2024-10-26T21:19:31.573+0000] {dag.py:3239} INFO - Sync 1 DAGs
[2024-10-26T21:19:31.586+0000] {logging_mixin.py:190} INFO - [2024-10-26T21:19:31.585+0000] {dag.py:4180} INFO - Setting next_dagrun for example_params_trigger_ui to None, run_after=None
[2024-10-26T21:19:31.603+0000] {processor.py:208} INFO - Processing /home/airflow/.local/lib/python3.12/site-packages/airflow/example_dags/example_params_trigger_ui.py took 0.095 seconds
[2024-10-26T21:20:04.189+0000] {processor.py:186} INFO - Started process (PID=28392) to work on /home/airflow/.local/lib/python3.12/site-packages/airflow/example_dags/example_params_trigger_ui.py
[2024-10-26T21:20:04.190+0000] {processor.py:914} INFO - Processing file /home/airflow/.local/lib/python3.12/site-packages/airflow/example_dags/example_params_trigger_ui.py for tasks to queue
[2024-10-26T21:20:04.193+0000] {logging_mixin.py:190} INFO - [2024-10-26T21:20:04.192+0000] {dagbag.py:588} INFO - Filling up the DagBag from /home/airflow/.local/lib/python3.12/site-packages/airflow/example_dags/example_params_trigger_ui.py
[2024-10-26T21:20:04.205+0000] {processor.py:925} INFO - DAG(s) 'example_params_trigger_ui' retrieved from /home/airflow/.local/lib/python3.12/site-packages/airflow/example_dags/example_params_trigger_ui.py
[2024-10-26T21:20:04.254+0000] {logging_mixin.py:190} INFO - [2024-10-26T21:20:04.254+0000] {dag.py:3239} INFO - Sync 1 DAGs
[2024-10-26T21:20:04.269+0000] {logging_mixin.py:190} INFO - [2024-10-26T21:20:04.269+0000] {dag.py:4180} INFO - Setting next_dagrun for example_params_trigger_ui to None, run_after=None
[2024-10-26T21:20:04.293+0000] {processor.py:208} INFO - Processing /home/airflow/.local/lib/python3.12/site-packages/airflow/example_dags/example_params_trigger_ui.py took 0.110 seconds
[2024-10-26T21:20:37.045+0000] {processor.py:186} INFO - Started process (PID=28457) to work on /home/airflow/.local/lib/python3.12/site-packages/airflow/example_dags/example_params_trigger_ui.py
[2024-10-26T21:20:37.046+0000] {processor.py:914} INFO - Processing file /home/airflow/.local/lib/python3.12/site-packages/airflow/example_dags/example_params_trigger_ui.py for tasks to queue
[2024-10-26T21:20:37.048+0000] {logging_mixin.py:190} INFO - [2024-10-26T21:20:37.048+0000] {dagbag.py:588} INFO - Filling up the DagBag from /home/airflow/.local/lib/python3.12/site-packages/airflow/example_dags/example_params_trigger_ui.py
[2024-10-26T21:20:37.059+0000] {processor.py:925} INFO - DAG(s) 'example_params_trigger_ui' retrieved from /home/airflow/.local/lib/python3.12/site-packages/airflow/example_dags/example_params_trigger_ui.py
[2024-10-26T21:20:37.098+0000] {logging_mixin.py:190} INFO - [2024-10-26T21:20:37.097+0000] {dag.py:3239} INFO - Sync 1 DAGs
[2024-10-26T21:20:37.110+0000] {logging_mixin.py:190} INFO - [2024-10-26T21:20:37.110+0000] {dag.py:4180} INFO - Setting next_dagrun for example_params_trigger_ui to None, run_after=None
[2024-10-26T21:20:37.126+0000] {processor.py:208} INFO - Processing /home/airflow/.local/lib/python3.12/site-packages/airflow/example_dags/example_params_trigger_ui.py took 0.088 seconds
[2024-10-26T21:21:09.570+0000] {processor.py:186} INFO - Started process (PID=28521) to work on /home/airflow/.local/lib/python3.12/site-packages/airflow/example_dags/example_params_trigger_ui.py
[2024-10-26T21:21:09.571+0000] {processor.py:914} INFO - Processing file /home/airflow/.local/lib/python3.12/site-packages/airflow/example_dags/example_params_trigger_ui.py for tasks to queue
[2024-10-26T21:21:09.573+0000] {logging_mixin.py:190} INFO - [2024-10-26T21:21:09.573+0000] {dagbag.py:588} INFO - Filling up the DagBag from /home/airflow/.local/lib/python3.12/site-packages/airflow/example_dags/example_params_trigger_ui.py
[2024-10-26T21:21:09.583+0000] {processor.py:925} INFO - DAG(s) 'example_params_trigger_ui' retrieved from /home/airflow/.local/lib/python3.12/site-packages/airflow/example_dags/example_params_trigger_ui.py
[2024-10-26T21:21:09.626+0000] {logging_mixin.py:190} INFO - [2024-10-26T21:21:09.626+0000] {dag.py:3239} INFO - Sync 1 DAGs
[2024-10-26T21:21:09.639+0000] {logging_mixin.py:190} INFO - [2024-10-26T21:21:09.639+0000] {dag.py:4180} INFO - Setting next_dagrun for example_params_trigger_ui to None, run_after=None
[2024-10-26T21:21:09.661+0000] {processor.py:208} INFO - Processing /home/airflow/.local/lib/python3.12/site-packages/airflow/example_dags/example_params_trigger_ui.py took 0.096 seconds
[2024-10-26T21:21:42.517+0000] {processor.py:186} INFO - Started process (PID=28585) to work on /home/airflow/.local/lib/python3.12/site-packages/airflow/example_dags/example_params_trigger_ui.py
[2024-10-26T21:21:42.518+0000] {processor.py:914} INFO - Processing file /home/airflow/.local/lib/python3.12/site-packages/airflow/example_dags/example_params_trigger_ui.py for tasks to queue
[2024-10-26T21:21:42.521+0000] {logging_mixin.py:190} INFO - [2024-10-26T21:21:42.520+0000] {dagbag.py:588} INFO - Filling up the DagBag from /home/airflow/.local/lib/python3.12/site-packages/airflow/example_dags/example_params_trigger_ui.py
[2024-10-26T21:21:42.533+0000] {processor.py:925} INFO - DAG(s) 'example_params_trigger_ui' retrieved from /home/airflow/.local/lib/python3.12/site-packages/airflow/example_dags/example_params_trigger_ui.py
[2024-10-26T21:21:42.581+0000] {logging_mixin.py:190} INFO - [2024-10-26T21:21:42.581+0000] {dag.py:3239} INFO - Sync 1 DAGs
[2024-10-26T21:21:42.601+0000] {logging_mixin.py:190} INFO - [2024-10-26T21:21:42.600+0000] {dag.py:4180} INFO - Setting next_dagrun for example_params_trigger_ui to None, run_after=None
[2024-10-26T21:21:42.627+0000] {processor.py:208} INFO - Processing /home/airflow/.local/lib/python3.12/site-packages/airflow/example_dags/example_params_trigger_ui.py took 0.117 seconds
[2024-10-26T21:22:15.231+0000] {processor.py:186} INFO - Started process (PID=28649) to work on /home/airflow/.local/lib/python3.12/site-packages/airflow/example_dags/example_params_trigger_ui.py
[2024-10-26T21:22:15.232+0000] {processor.py:914} INFO - Processing file /home/airflow/.local/lib/python3.12/site-packages/airflow/example_dags/example_params_trigger_ui.py for tasks to queue
[2024-10-26T21:22:15.235+0000] {logging_mixin.py:190} INFO - [2024-10-26T21:22:15.234+0000] {dagbag.py:588} INFO - Filling up the DagBag from /home/airflow/.local/lib/python3.12/site-packages/airflow/example_dags/example_params_trigger_ui.py
[2024-10-26T21:22:15.245+0000] {processor.py:925} INFO - DAG(s) 'example_params_trigger_ui' retrieved from /home/airflow/.local/lib/python3.12/site-packages/airflow/example_dags/example_params_trigger_ui.py
[2024-10-26T21:22:15.283+0000] {logging_mixin.py:190} INFO - [2024-10-26T21:22:15.282+0000] {dag.py:3239} INFO - Sync 1 DAGs
[2024-10-26T21:22:15.296+0000] {logging_mixin.py:190} INFO - [2024-10-26T21:22:15.296+0000] {dag.py:4180} INFO - Setting next_dagrun for example_params_trigger_ui to None, run_after=None
[2024-10-26T21:22:15.314+0000] {processor.py:208} INFO - Processing /home/airflow/.local/lib/python3.12/site-packages/airflow/example_dags/example_params_trigger_ui.py took 0.089 seconds
[2024-10-26T21:22:48.244+0000] {processor.py:186} INFO - Started process (PID=28713) to work on /home/airflow/.local/lib/python3.12/site-packages/airflow/example_dags/example_params_trigger_ui.py
[2024-10-26T21:22:48.245+0000] {processor.py:914} INFO - Processing file /home/airflow/.local/lib/python3.12/site-packages/airflow/example_dags/example_params_trigger_ui.py for tasks to queue
[2024-10-26T21:22:48.248+0000] {logging_mixin.py:190} INFO - [2024-10-26T21:22:48.248+0000] {dagbag.py:588} INFO - Filling up the DagBag from /home/airflow/.local/lib/python3.12/site-packages/airflow/example_dags/example_params_trigger_ui.py
[2024-10-26T21:22:48.264+0000] {processor.py:925} INFO - DAG(s) 'example_params_trigger_ui' retrieved from /home/airflow/.local/lib/python3.12/site-packages/airflow/example_dags/example_params_trigger_ui.py
[2024-10-26T21:22:48.320+0000] {logging_mixin.py:190} INFO - [2024-10-26T21:22:48.320+0000] {dag.py:3239} INFO - Sync 1 DAGs
[2024-10-26T21:22:48.342+0000] {logging_mixin.py:190} INFO - [2024-10-26T21:22:48.341+0000] {dag.py:4180} INFO - Setting next_dagrun for example_params_trigger_ui to None, run_after=None
[2024-10-26T21:22:48.361+0000] {processor.py:208} INFO - Processing /home/airflow/.local/lib/python3.12/site-packages/airflow/example_dags/example_params_trigger_ui.py took 0.125 seconds
[2024-10-26T21:23:20.958+0000] {processor.py:186} INFO - Started process (PID=28777) to work on /home/airflow/.local/lib/python3.12/site-packages/airflow/example_dags/example_params_trigger_ui.py
[2024-10-26T21:23:20.959+0000] {processor.py:914} INFO - Processing file /home/airflow/.local/lib/python3.12/site-packages/airflow/example_dags/example_params_trigger_ui.py for tasks to queue
[2024-10-26T21:23:20.962+0000] {logging_mixin.py:190} INFO - [2024-10-26T21:23:20.962+0000] {dagbag.py:588} INFO - Filling up the DagBag from /home/airflow/.local/lib/python3.12/site-packages/airflow/example_dags/example_params_trigger_ui.py
[2024-10-26T21:23:20.975+0000] {processor.py:925} INFO - DAG(s) 'example_params_trigger_ui' retrieved from /home/airflow/.local/lib/python3.12/site-packages/airflow/example_dags/example_params_trigger_ui.py
[2024-10-26T21:23:21.018+0000] {logging_mixin.py:190} INFO - [2024-10-26T21:23:21.017+0000] {dag.py:3239} INFO - Sync 1 DAGs
[2024-10-26T21:23:21.031+0000] {logging_mixin.py:190} INFO - [2024-10-26T21:23:21.030+0000] {dag.py:4180} INFO - Setting next_dagrun for example_params_trigger_ui to None, run_after=None
[2024-10-26T21:23:21.052+0000] {processor.py:208} INFO - Processing /home/airflow/.local/lib/python3.12/site-packages/airflow/example_dags/example_params_trigger_ui.py took 0.102 seconds
[2024-10-26T21:23:53.405+0000] {processor.py:186} INFO - Started process (PID=28841) to work on /home/airflow/.local/lib/python3.12/site-packages/airflow/example_dags/example_params_trigger_ui.py
[2024-10-26T21:23:53.406+0000] {processor.py:914} INFO - Processing file /home/airflow/.local/lib/python3.12/site-packages/airflow/example_dags/example_params_trigger_ui.py for tasks to queue
[2024-10-26T21:23:53.409+0000] {logging_mixin.py:190} INFO - [2024-10-26T21:23:53.408+0000] {dagbag.py:588} INFO - Filling up the DagBag from /home/airflow/.local/lib/python3.12/site-packages/airflow/example_dags/example_params_trigger_ui.py
[2024-10-26T21:23:53.418+0000] {processor.py:925} INFO - DAG(s) 'example_params_trigger_ui' retrieved from /home/airflow/.local/lib/python3.12/site-packages/airflow/example_dags/example_params_trigger_ui.py
[2024-10-26T21:23:53.455+0000] {logging_mixin.py:190} INFO - [2024-10-26T21:23:53.454+0000] {dag.py:3239} INFO - Sync 1 DAGs
[2024-10-26T21:23:53.466+0000] {logging_mixin.py:190} INFO - [2024-10-26T21:23:53.466+0000] {dag.py:4180} INFO - Setting next_dagrun for example_params_trigger_ui to None, run_after=None
[2024-10-26T21:23:53.488+0000] {processor.py:208} INFO - Processing /home/airflow/.local/lib/python3.12/site-packages/airflow/example_dags/example_params_trigger_ui.py took 0.088 seconds
[2024-10-26T21:24:26.006+0000] {processor.py:186} INFO - Started process (PID=28905) to work on /home/airflow/.local/lib/python3.12/site-packages/airflow/example_dags/example_params_trigger_ui.py
[2024-10-26T21:24:26.007+0000] {processor.py:914} INFO - Processing file /home/airflow/.local/lib/python3.12/site-packages/airflow/example_dags/example_params_trigger_ui.py for tasks to queue
[2024-10-26T21:24:26.010+0000] {logging_mixin.py:190} INFO - [2024-10-26T21:24:26.010+0000] {dagbag.py:588} INFO - Filling up the DagBag from /home/airflow/.local/lib/python3.12/site-packages/airflow/example_dags/example_params_trigger_ui.py
[2024-10-26T21:24:26.020+0000] {processor.py:925} INFO - DAG(s) 'example_params_trigger_ui' retrieved from /home/airflow/.local/lib/python3.12/site-packages/airflow/example_dags/example_params_trigger_ui.py
[2024-10-26T21:24:26.060+0000] {logging_mixin.py:190} INFO - [2024-10-26T21:24:26.060+0000] {dag.py:3239} INFO - Sync 1 DAGs
[2024-10-26T21:24:26.073+0000] {logging_mixin.py:190} INFO - [2024-10-26T21:24:26.072+0000] {dag.py:4180} INFO - Setting next_dagrun for example_params_trigger_ui to None, run_after=None
[2024-10-26T21:24:26.093+0000] {processor.py:208} INFO - Processing /home/airflow/.local/lib/python3.12/site-packages/airflow/example_dags/example_params_trigger_ui.py took 0.092 seconds
[2024-10-26T21:24:58.818+0000] {processor.py:186} INFO - Started process (PID=28969) to work on /home/airflow/.local/lib/python3.12/site-packages/airflow/example_dags/example_params_trigger_ui.py
[2024-10-26T21:24:58.819+0000] {processor.py:914} INFO - Processing file /home/airflow/.local/lib/python3.12/site-packages/airflow/example_dags/example_params_trigger_ui.py for tasks to queue
[2024-10-26T21:24:58.821+0000] {logging_mixin.py:190} INFO - [2024-10-26T21:24:58.821+0000] {dagbag.py:588} INFO - Filling up the DagBag from /home/airflow/.local/lib/python3.12/site-packages/airflow/example_dags/example_params_trigger_ui.py
[2024-10-26T21:24:58.833+0000] {processor.py:925} INFO - DAG(s) 'example_params_trigger_ui' retrieved from /home/airflow/.local/lib/python3.12/site-packages/airflow/example_dags/example_params_trigger_ui.py
[2024-10-26T21:24:58.870+0000] {logging_mixin.py:190} INFO - [2024-10-26T21:24:58.870+0000] {dag.py:3239} INFO - Sync 1 DAGs
[2024-10-26T21:24:58.882+0000] {logging_mixin.py:190} INFO - [2024-10-26T21:24:58.882+0000] {dag.py:4180} INFO - Setting next_dagrun for example_params_trigger_ui to None, run_after=None
[2024-10-26T21:24:58.903+0000] {processor.py:208} INFO - Processing /home/airflow/.local/lib/python3.12/site-packages/airflow/example_dags/example_params_trigger_ui.py took 0.090 seconds
[2024-10-26T21:25:31.365+0000] {processor.py:186} INFO - Started process (PID=29033) to work on /home/airflow/.local/lib/python3.12/site-packages/airflow/example_dags/example_params_trigger_ui.py
[2024-10-26T21:25:31.366+0000] {processor.py:914} INFO - Processing file /home/airflow/.local/lib/python3.12/site-packages/airflow/example_dags/example_params_trigger_ui.py for tasks to queue
[2024-10-26T21:25:31.369+0000] {logging_mixin.py:190} INFO - [2024-10-26T21:25:31.368+0000] {dagbag.py:588} INFO - Filling up the DagBag from /home/airflow/.local/lib/python3.12/site-packages/airflow/example_dags/example_params_trigger_ui.py
[2024-10-26T21:25:31.378+0000] {processor.py:925} INFO - DAG(s) 'example_params_trigger_ui' retrieved from /home/airflow/.local/lib/python3.12/site-packages/airflow/example_dags/example_params_trigger_ui.py
[2024-10-26T21:25:31.419+0000] {logging_mixin.py:190} INFO - [2024-10-26T21:25:31.418+0000] {dag.py:3239} INFO - Sync 1 DAGs
[2024-10-26T21:25:31.436+0000] {logging_mixin.py:190} INFO - [2024-10-26T21:25:31.436+0000] {dag.py:4180} INFO - Setting next_dagrun for example_params_trigger_ui to None, run_after=None
[2024-10-26T21:25:31.459+0000] {processor.py:208} INFO - Processing /home/airflow/.local/lib/python3.12/site-packages/airflow/example_dags/example_params_trigger_ui.py took 0.099 seconds
[2024-10-26T21:26:03.987+0000] {processor.py:186} INFO - Started process (PID=29097) to work on /home/airflow/.local/lib/python3.12/site-packages/airflow/example_dags/example_params_trigger_ui.py
[2024-10-26T21:26:03.988+0000] {processor.py:914} INFO - Processing file /home/airflow/.local/lib/python3.12/site-packages/airflow/example_dags/example_params_trigger_ui.py for tasks to queue
[2024-10-26T21:26:03.991+0000] {logging_mixin.py:190} INFO - [2024-10-26T21:26:03.990+0000] {dagbag.py:588} INFO - Filling up the DagBag from /home/airflow/.local/lib/python3.12/site-packages/airflow/example_dags/example_params_trigger_ui.py
[2024-10-26T21:26:04.001+0000] {processor.py:925} INFO - DAG(s) 'example_params_trigger_ui' retrieved from /home/airflow/.local/lib/python3.12/site-packages/airflow/example_dags/example_params_trigger_ui.py
[2024-10-26T21:26:04.040+0000] {logging_mixin.py:190} INFO - [2024-10-26T21:26:04.040+0000] {dag.py:3239} INFO - Sync 1 DAGs
[2024-10-26T21:26:04.053+0000] {logging_mixin.py:190} INFO - [2024-10-26T21:26:04.053+0000] {dag.py:4180} INFO - Setting next_dagrun for example_params_trigger_ui to None, run_after=None
[2024-10-26T21:26:04.074+0000] {processor.py:208} INFO - Processing /home/airflow/.local/lib/python3.12/site-packages/airflow/example_dags/example_params_trigger_ui.py took 0.092 seconds
[2024-10-26T21:26:36.646+0000] {processor.py:186} INFO - Started process (PID=29161) to work on /home/airflow/.local/lib/python3.12/site-packages/airflow/example_dags/example_params_trigger_ui.py
[2024-10-26T21:26:36.647+0000] {processor.py:914} INFO - Processing file /home/airflow/.local/lib/python3.12/site-packages/airflow/example_dags/example_params_trigger_ui.py for tasks to queue
[2024-10-26T21:26:36.650+0000] {logging_mixin.py:190} INFO - [2024-10-26T21:26:36.649+0000] {dagbag.py:588} INFO - Filling up the DagBag from /home/airflow/.local/lib/python3.12/site-packages/airflow/example_dags/example_params_trigger_ui.py
[2024-10-26T21:26:36.661+0000] {processor.py:925} INFO - DAG(s) 'example_params_trigger_ui' retrieved from /home/airflow/.local/lib/python3.12/site-packages/airflow/example_dags/example_params_trigger_ui.py
[2024-10-26T21:26:36.699+0000] {logging_mixin.py:190} INFO - [2024-10-26T21:26:36.698+0000] {dag.py:3239} INFO - Sync 1 DAGs
[2024-10-26T21:26:36.713+0000] {logging_mixin.py:190} INFO - [2024-10-26T21:26:36.712+0000] {dag.py:4180} INFO - Setting next_dagrun for example_params_trigger_ui to None, run_after=None
[2024-10-26T21:26:36.731+0000] {processor.py:208} INFO - Processing /home/airflow/.local/lib/python3.12/site-packages/airflow/example_dags/example_params_trigger_ui.py took 0.089 seconds
[2024-10-26T21:27:09.177+0000] {processor.py:186} INFO - Started process (PID=29225) to work on /home/airflow/.local/lib/python3.12/site-packages/airflow/example_dags/example_params_trigger_ui.py
[2024-10-26T21:27:09.178+0000] {processor.py:914} INFO - Processing file /home/airflow/.local/lib/python3.12/site-packages/airflow/example_dags/example_params_trigger_ui.py for tasks to queue
[2024-10-26T21:27:09.181+0000] {logging_mixin.py:190} INFO - [2024-10-26T21:27:09.180+0000] {dagbag.py:588} INFO - Filling up the DagBag from /home/airflow/.local/lib/python3.12/site-packages/airflow/example_dags/example_params_trigger_ui.py
[2024-10-26T21:27:09.192+0000] {processor.py:925} INFO - DAG(s) 'example_params_trigger_ui' retrieved from /home/airflow/.local/lib/python3.12/site-packages/airflow/example_dags/example_params_trigger_ui.py
[2024-10-26T21:27:09.233+0000] {logging_mixin.py:190} INFO - [2024-10-26T21:27:09.233+0000] {dag.py:3239} INFO - Sync 1 DAGs
[2024-10-26T21:27:09.248+0000] {logging_mixin.py:190} INFO - [2024-10-26T21:27:09.248+0000] {dag.py:4180} INFO - Setting next_dagrun for example_params_trigger_ui to None, run_after=None
[2024-10-26T21:27:09.268+0000] {processor.py:208} INFO - Processing /home/airflow/.local/lib/python3.12/site-packages/airflow/example_dags/example_params_trigger_ui.py took 0.097 seconds
[2024-10-26T21:27:42.654+0000] {processor.py:186} INFO - Started process (PID=29289) to work on /home/airflow/.local/lib/python3.12/site-packages/airflow/example_dags/example_params_trigger_ui.py
[2024-10-26T21:27:42.655+0000] {processor.py:914} INFO - Processing file /home/airflow/.local/lib/python3.12/site-packages/airflow/example_dags/example_params_trigger_ui.py for tasks to queue
[2024-10-26T21:27:42.658+0000] {logging_mixin.py:190} INFO - [2024-10-26T21:27:42.658+0000] {dagbag.py:588} INFO - Filling up the DagBag from /home/airflow/.local/lib/python3.12/site-packages/airflow/example_dags/example_params_trigger_ui.py
[2024-10-26T21:27:42.669+0000] {processor.py:925} INFO - DAG(s) 'example_params_trigger_ui' retrieved from /home/airflow/.local/lib/python3.12/site-packages/airflow/example_dags/example_params_trigger_ui.py
[2024-10-26T21:27:42.706+0000] {logging_mixin.py:190} INFO - [2024-10-26T21:27:42.706+0000] {dag.py:3239} INFO - Sync 1 DAGs
[2024-10-26T21:27:42.719+0000] {logging_mixin.py:190} INFO - [2024-10-26T21:27:42.719+0000] {dag.py:4180} INFO - Setting next_dagrun for example_params_trigger_ui to None, run_after=None
[2024-10-26T21:27:42.738+0000] {processor.py:208} INFO - Processing /home/airflow/.local/lib/python3.12/site-packages/airflow/example_dags/example_params_trigger_ui.py took 0.089 seconds
[2024-10-26T21:28:15.241+0000] {processor.py:186} INFO - Started process (PID=29353) to work on /home/airflow/.local/lib/python3.12/site-packages/airflow/example_dags/example_params_trigger_ui.py
[2024-10-26T21:28:15.242+0000] {processor.py:914} INFO - Processing file /home/airflow/.local/lib/python3.12/site-packages/airflow/example_dags/example_params_trigger_ui.py for tasks to queue
[2024-10-26T21:28:15.244+0000] {logging_mixin.py:190} INFO - [2024-10-26T21:28:15.244+0000] {dagbag.py:588} INFO - Filling up the DagBag from /home/airflow/.local/lib/python3.12/site-packages/airflow/example_dags/example_params_trigger_ui.py
[2024-10-26T21:28:15.254+0000] {processor.py:925} INFO - DAG(s) 'example_params_trigger_ui' retrieved from /home/airflow/.local/lib/python3.12/site-packages/airflow/example_dags/example_params_trigger_ui.py
[2024-10-26T21:28:15.292+0000] {logging_mixin.py:190} INFO - [2024-10-26T21:28:15.292+0000] {dag.py:3239} INFO - Sync 1 DAGs
[2024-10-26T21:28:15.306+0000] {logging_mixin.py:190} INFO - [2024-10-26T21:28:15.306+0000] {dag.py:4180} INFO - Setting next_dagrun for example_params_trigger_ui to None, run_after=None
[2024-10-26T21:28:15.323+0000] {processor.py:208} INFO - Processing /home/airflow/.local/lib/python3.12/site-packages/airflow/example_dags/example_params_trigger_ui.py took 0.089 seconds
[2024-10-26T21:28:47.707+0000] {processor.py:186} INFO - Started process (PID=29417) to work on /home/airflow/.local/lib/python3.12/site-packages/airflow/example_dags/example_params_trigger_ui.py
[2024-10-26T21:28:47.708+0000] {processor.py:914} INFO - Processing file /home/airflow/.local/lib/python3.12/site-packages/airflow/example_dags/example_params_trigger_ui.py for tasks to queue
[2024-10-26T21:28:47.711+0000] {logging_mixin.py:190} INFO - [2024-10-26T21:28:47.710+0000] {dagbag.py:588} INFO - Filling up the DagBag from /home/airflow/.local/lib/python3.12/site-packages/airflow/example_dags/example_params_trigger_ui.py
[2024-10-26T21:28:47.723+0000] {processor.py:925} INFO - DAG(s) 'example_params_trigger_ui' retrieved from /home/airflow/.local/lib/python3.12/site-packages/airflow/example_dags/example_params_trigger_ui.py
[2024-10-26T21:28:47.768+0000] {logging_mixin.py:190} INFO - [2024-10-26T21:28:47.768+0000] {dag.py:3239} INFO - Sync 1 DAGs
[2024-10-26T21:28:47.781+0000] {logging_mixin.py:190} INFO - [2024-10-26T21:28:47.781+0000] {dag.py:4180} INFO - Setting next_dagrun for example_params_trigger_ui to None, run_after=None
[2024-10-26T21:28:47.801+0000] {processor.py:208} INFO - Processing /home/airflow/.local/lib/python3.12/site-packages/airflow/example_dags/example_params_trigger_ui.py took 0.099 seconds
[2024-10-26T21:29:20.492+0000] {processor.py:186} INFO - Started process (PID=29481) to work on /home/airflow/.local/lib/python3.12/site-packages/airflow/example_dags/example_params_trigger_ui.py
[2024-10-26T21:29:20.493+0000] {processor.py:914} INFO - Processing file /home/airflow/.local/lib/python3.12/site-packages/airflow/example_dags/example_params_trigger_ui.py for tasks to queue
[2024-10-26T21:29:20.496+0000] {logging_mixin.py:190} INFO - [2024-10-26T21:29:20.495+0000] {dagbag.py:588} INFO - Filling up the DagBag from /home/airflow/.local/lib/python3.12/site-packages/airflow/example_dags/example_params_trigger_ui.py
[2024-10-26T21:29:20.506+0000] {processor.py:925} INFO - DAG(s) 'example_params_trigger_ui' retrieved from /home/airflow/.local/lib/python3.12/site-packages/airflow/example_dags/example_params_trigger_ui.py
[2024-10-26T21:29:20.548+0000] {logging_mixin.py:190} INFO - [2024-10-26T21:29:20.548+0000] {dag.py:3239} INFO - Sync 1 DAGs
[2024-10-26T21:29:20.565+0000] {logging_mixin.py:190} INFO - [2024-10-26T21:29:20.564+0000] {dag.py:4180} INFO - Setting next_dagrun for example_params_trigger_ui to None, run_after=None
[2024-10-26T21:29:20.587+0000] {processor.py:208} INFO - Processing /home/airflow/.local/lib/python3.12/site-packages/airflow/example_dags/example_params_trigger_ui.py took 0.101 seconds
[2024-10-26T21:29:53.478+0000] {processor.py:186} INFO - Started process (PID=29546) to work on /home/airflow/.local/lib/python3.12/site-packages/airflow/example_dags/example_params_trigger_ui.py
[2024-10-26T21:29:53.480+0000] {processor.py:914} INFO - Processing file /home/airflow/.local/lib/python3.12/site-packages/airflow/example_dags/example_params_trigger_ui.py for tasks to queue
[2024-10-26T21:29:53.482+0000] {logging_mixin.py:190} INFO - [2024-10-26T21:29:53.482+0000] {dagbag.py:588} INFO - Filling up the DagBag from /home/airflow/.local/lib/python3.12/site-packages/airflow/example_dags/example_params_trigger_ui.py
[2024-10-26T21:29:53.492+0000] {processor.py:925} INFO - DAG(s) 'example_params_trigger_ui' retrieved from /home/airflow/.local/lib/python3.12/site-packages/airflow/example_dags/example_params_trigger_ui.py
[2024-10-26T21:29:53.531+0000] {logging_mixin.py:190} INFO - [2024-10-26T21:29:53.531+0000] {dag.py:3239} INFO - Sync 1 DAGs
[2024-10-26T21:29:53.544+0000] {logging_mixin.py:190} INFO - [2024-10-26T21:29:53.544+0000] {dag.py:4180} INFO - Setting next_dagrun for example_params_trigger_ui to None, run_after=None
[2024-10-26T21:29:53.564+0000] {processor.py:208} INFO - Processing /home/airflow/.local/lib/python3.12/site-packages/airflow/example_dags/example_params_trigger_ui.py took 0.091 seconds
[2024-10-26T21:30:26.140+0000] {processor.py:186} INFO - Started process (PID=29610) to work on /home/airflow/.local/lib/python3.12/site-packages/airflow/example_dags/example_params_trigger_ui.py
[2024-10-26T21:30:26.141+0000] {processor.py:914} INFO - Processing file /home/airflow/.local/lib/python3.12/site-packages/airflow/example_dags/example_params_trigger_ui.py for tasks to queue
[2024-10-26T21:30:26.144+0000] {logging_mixin.py:190} INFO - [2024-10-26T21:30:26.143+0000] {dagbag.py:588} INFO - Filling up the DagBag from /home/airflow/.local/lib/python3.12/site-packages/airflow/example_dags/example_params_trigger_ui.py
[2024-10-26T21:30:26.154+0000] {processor.py:925} INFO - DAG(s) 'example_params_trigger_ui' retrieved from /home/airflow/.local/lib/python3.12/site-packages/airflow/example_dags/example_params_trigger_ui.py
[2024-10-26T21:30:26.199+0000] {logging_mixin.py:190} INFO - [2024-10-26T21:30:26.199+0000] {dag.py:3239} INFO - Sync 1 DAGs
[2024-10-26T21:30:26.213+0000] {logging_mixin.py:190} INFO - [2024-10-26T21:30:26.212+0000] {dag.py:4180} INFO - Setting next_dagrun for example_params_trigger_ui to None, run_after=None
[2024-10-26T21:30:26.235+0000] {processor.py:208} INFO - Processing /home/airflow/.local/lib/python3.12/site-packages/airflow/example_dags/example_params_trigger_ui.py took 0.101 seconds
[2024-10-26T21:30:58.847+0000] {processor.py:186} INFO - Started process (PID=29674) to work on /home/airflow/.local/lib/python3.12/site-packages/airflow/example_dags/example_params_trigger_ui.py
[2024-10-26T21:30:58.848+0000] {processor.py:914} INFO - Processing file /home/airflow/.local/lib/python3.12/site-packages/airflow/example_dags/example_params_trigger_ui.py for tasks to queue
[2024-10-26T21:30:58.850+0000] {logging_mixin.py:190} INFO - [2024-10-26T21:30:58.850+0000] {dagbag.py:588} INFO - Filling up the DagBag from /home/airflow/.local/lib/python3.12/site-packages/airflow/example_dags/example_params_trigger_ui.py
[2024-10-26T21:30:58.859+0000] {processor.py:925} INFO - DAG(s) 'example_params_trigger_ui' retrieved from /home/airflow/.local/lib/python3.12/site-packages/airflow/example_dags/example_params_trigger_ui.py
[2024-10-26T21:30:58.897+0000] {logging_mixin.py:190} INFO - [2024-10-26T21:30:58.896+0000] {dag.py:3239} INFO - Sync 1 DAGs
[2024-10-26T21:30:58.910+0000] {logging_mixin.py:190} INFO - [2024-10-26T21:30:58.910+0000] {dag.py:4180} INFO - Setting next_dagrun for example_params_trigger_ui to None, run_after=None
[2024-10-26T21:30:58.928+0000] {processor.py:208} INFO - Processing /home/airflow/.local/lib/python3.12/site-packages/airflow/example_dags/example_params_trigger_ui.py took 0.086 seconds
[2024-10-26T21:31:31.438+0000] {processor.py:186} INFO - Started process (PID=29738) to work on /home/airflow/.local/lib/python3.12/site-packages/airflow/example_dags/example_params_trigger_ui.py
[2024-10-26T21:31:31.440+0000] {processor.py:914} INFO - Processing file /home/airflow/.local/lib/python3.12/site-packages/airflow/example_dags/example_params_trigger_ui.py for tasks to queue
[2024-10-26T21:31:31.445+0000] {logging_mixin.py:190} INFO - [2024-10-26T21:31:31.444+0000] {dagbag.py:588} INFO - Filling up the DagBag from /home/airflow/.local/lib/python3.12/site-packages/airflow/example_dags/example_params_trigger_ui.py
[2024-10-26T21:31:31.459+0000] {processor.py:925} INFO - DAG(s) 'example_params_trigger_ui' retrieved from /home/airflow/.local/lib/python3.12/site-packages/airflow/example_dags/example_params_trigger_ui.py
[2024-10-26T21:31:31.500+0000] {logging_mixin.py:190} INFO - [2024-10-26T21:31:31.500+0000] {dag.py:3239} INFO - Sync 1 DAGs
[2024-10-26T21:31:31.512+0000] {logging_mixin.py:190} INFO - [2024-10-26T21:31:31.512+0000] {dag.py:4180} INFO - Setting next_dagrun for example_params_trigger_ui to None, run_after=None
[2024-10-26T21:31:31.533+0000] {processor.py:208} INFO - Processing /home/airflow/.local/lib/python3.12/site-packages/airflow/example_dags/example_params_trigger_ui.py took 0.100 seconds
[2024-10-26T21:32:04.087+0000] {processor.py:186} INFO - Started process (PID=29802) to work on /home/airflow/.local/lib/python3.12/site-packages/airflow/example_dags/example_params_trigger_ui.py
[2024-10-26T21:32:04.088+0000] {processor.py:914} INFO - Processing file /home/airflow/.local/lib/python3.12/site-packages/airflow/example_dags/example_params_trigger_ui.py for tasks to queue
[2024-10-26T21:32:04.090+0000] {logging_mixin.py:190} INFO - [2024-10-26T21:32:04.090+0000] {dagbag.py:588} INFO - Filling up the DagBag from /home/airflow/.local/lib/python3.12/site-packages/airflow/example_dags/example_params_trigger_ui.py
[2024-10-26T21:32:04.100+0000] {processor.py:925} INFO - DAG(s) 'example_params_trigger_ui' retrieved from /home/airflow/.local/lib/python3.12/site-packages/airflow/example_dags/example_params_trigger_ui.py
[2024-10-26T21:32:04.139+0000] {logging_mixin.py:190} INFO - [2024-10-26T21:32:04.138+0000] {dag.py:3239} INFO - Sync 1 DAGs
[2024-10-26T21:32:04.151+0000] {logging_mixin.py:190} INFO - [2024-10-26T21:32:04.151+0000] {dag.py:4180} INFO - Setting next_dagrun for example_params_trigger_ui to None, run_after=None
[2024-10-26T21:32:04.170+0000] {processor.py:208} INFO - Processing /home/airflow/.local/lib/python3.12/site-packages/airflow/example_dags/example_params_trigger_ui.py took 0.088 seconds
[2024-10-26T21:32:36.646+0000] {processor.py:186} INFO - Started process (PID=29866) to work on /home/airflow/.local/lib/python3.12/site-packages/airflow/example_dags/example_params_trigger_ui.py
[2024-10-26T21:32:36.647+0000] {processor.py:914} INFO - Processing file /home/airflow/.local/lib/python3.12/site-packages/airflow/example_dags/example_params_trigger_ui.py for tasks to queue
[2024-10-26T21:32:36.650+0000] {logging_mixin.py:190} INFO - [2024-10-26T21:32:36.650+0000] {dagbag.py:588} INFO - Filling up the DagBag from /home/airflow/.local/lib/python3.12/site-packages/airflow/example_dags/example_params_trigger_ui.py
[2024-10-26T21:32:36.660+0000] {processor.py:925} INFO - DAG(s) 'example_params_trigger_ui' retrieved from /home/airflow/.local/lib/python3.12/site-packages/airflow/example_dags/example_params_trigger_ui.py
[2024-10-26T21:32:36.698+0000] {logging_mixin.py:190} INFO - [2024-10-26T21:32:36.698+0000] {dag.py:3239} INFO - Sync 1 DAGs
[2024-10-26T21:32:36.713+0000] {logging_mixin.py:190} INFO - [2024-10-26T21:32:36.713+0000] {dag.py:4180} INFO - Setting next_dagrun for example_params_trigger_ui to None, run_after=None
[2024-10-26T21:32:36.734+0000] {processor.py:208} INFO - Processing /home/airflow/.local/lib/python3.12/site-packages/airflow/example_dags/example_params_trigger_ui.py took 0.093 seconds
[2024-10-26T21:33:09.274+0000] {processor.py:186} INFO - Started process (PID=29930) to work on /home/airflow/.local/lib/python3.12/site-packages/airflow/example_dags/example_params_trigger_ui.py
[2024-10-26T21:33:09.275+0000] {processor.py:914} INFO - Processing file /home/airflow/.local/lib/python3.12/site-packages/airflow/example_dags/example_params_trigger_ui.py for tasks to queue
[2024-10-26T21:33:09.277+0000] {logging_mixin.py:190} INFO - [2024-10-26T21:33:09.276+0000] {dagbag.py:588} INFO - Filling up the DagBag from /home/airflow/.local/lib/python3.12/site-packages/airflow/example_dags/example_params_trigger_ui.py
[2024-10-26T21:33:09.290+0000] {processor.py:925} INFO - DAG(s) 'example_params_trigger_ui' retrieved from /home/airflow/.local/lib/python3.12/site-packages/airflow/example_dags/example_params_trigger_ui.py
[2024-10-26T21:33:09.337+0000] {logging_mixin.py:190} INFO - [2024-10-26T21:33:09.336+0000] {dag.py:3239} INFO - Sync 1 DAGs
[2024-10-26T21:33:09.350+0000] {logging_mixin.py:190} INFO - [2024-10-26T21:33:09.350+0000] {dag.py:4180} INFO - Setting next_dagrun for example_params_trigger_ui to None, run_after=None
[2024-10-26T21:33:09.369+0000] {processor.py:208} INFO - Processing /home/airflow/.local/lib/python3.12/site-packages/airflow/example_dags/example_params_trigger_ui.py took 0.101 seconds
[2024-10-26T21:33:42.895+0000] {processor.py:186} INFO - Started process (PID=29995) to work on /home/airflow/.local/lib/python3.12/site-packages/airflow/example_dags/example_params_trigger_ui.py
[2024-10-26T21:33:42.896+0000] {processor.py:914} INFO - Processing file /home/airflow/.local/lib/python3.12/site-packages/airflow/example_dags/example_params_trigger_ui.py for tasks to queue
[2024-10-26T21:33:42.898+0000] {logging_mixin.py:190} INFO - [2024-10-26T21:33:42.898+0000] {dagbag.py:588} INFO - Filling up the DagBag from /home/airflow/.local/lib/python3.12/site-packages/airflow/example_dags/example_params_trigger_ui.py
[2024-10-26T21:33:42.909+0000] {processor.py:925} INFO - DAG(s) 'example_params_trigger_ui' retrieved from /home/airflow/.local/lib/python3.12/site-packages/airflow/example_dags/example_params_trigger_ui.py
[2024-10-26T21:33:42.950+0000] {logging_mixin.py:190} INFO - [2024-10-26T21:33:42.950+0000] {dag.py:3239} INFO - Sync 1 DAGs
[2024-10-26T21:33:42.963+0000] {logging_mixin.py:190} INFO - [2024-10-26T21:33:42.962+0000] {dag.py:4180} INFO - Setting next_dagrun for example_params_trigger_ui to None, run_after=None
[2024-10-26T21:33:42.981+0000] {processor.py:208} INFO - Processing /home/airflow/.local/lib/python3.12/site-packages/airflow/example_dags/example_params_trigger_ui.py took 0.092 seconds
[2024-10-26T21:34:15.452+0000] {processor.py:186} INFO - Started process (PID=30059) to work on /home/airflow/.local/lib/python3.12/site-packages/airflow/example_dags/example_params_trigger_ui.py
[2024-10-26T21:34:15.453+0000] {processor.py:914} INFO - Processing file /home/airflow/.local/lib/python3.12/site-packages/airflow/example_dags/example_params_trigger_ui.py for tasks to queue
[2024-10-26T21:34:15.456+0000] {logging_mixin.py:190} INFO - [2024-10-26T21:34:15.456+0000] {dagbag.py:588} INFO - Filling up the DagBag from /home/airflow/.local/lib/python3.12/site-packages/airflow/example_dags/example_params_trigger_ui.py
[2024-10-26T21:34:15.466+0000] {processor.py:925} INFO - DAG(s) 'example_params_trigger_ui' retrieved from /home/airflow/.local/lib/python3.12/site-packages/airflow/example_dags/example_params_trigger_ui.py
[2024-10-26T21:34:15.507+0000] {logging_mixin.py:190} INFO - [2024-10-26T21:34:15.507+0000] {dag.py:3239} INFO - Sync 1 DAGs
[2024-10-26T21:34:15.520+0000] {logging_mixin.py:190} INFO - [2024-10-26T21:34:15.520+0000] {dag.py:4180} INFO - Setting next_dagrun for example_params_trigger_ui to None, run_after=None
[2024-10-26T21:34:15.538+0000] {processor.py:208} INFO - Processing /home/airflow/.local/lib/python3.12/site-packages/airflow/example_dags/example_params_trigger_ui.py took 0.091 seconds
[2024-10-26T21:34:47.943+0000] {processor.py:186} INFO - Started process (PID=30123) to work on /home/airflow/.local/lib/python3.12/site-packages/airflow/example_dags/example_params_trigger_ui.py
[2024-10-26T21:34:47.944+0000] {processor.py:914} INFO - Processing file /home/airflow/.local/lib/python3.12/site-packages/airflow/example_dags/example_params_trigger_ui.py for tasks to queue
[2024-10-26T21:34:47.946+0000] {logging_mixin.py:190} INFO - [2024-10-26T21:34:47.946+0000] {dagbag.py:588} INFO - Filling up the DagBag from /home/airflow/.local/lib/python3.12/site-packages/airflow/example_dags/example_params_trigger_ui.py
[2024-10-26T21:34:47.956+0000] {processor.py:925} INFO - DAG(s) 'example_params_trigger_ui' retrieved from /home/airflow/.local/lib/python3.12/site-packages/airflow/example_dags/example_params_trigger_ui.py
[2024-10-26T21:34:47.997+0000] {logging_mixin.py:190} INFO - [2024-10-26T21:34:47.997+0000] {dag.py:3239} INFO - Sync 1 DAGs
[2024-10-26T21:34:48.010+0000] {logging_mixin.py:190} INFO - [2024-10-26T21:34:48.010+0000] {dag.py:4180} INFO - Setting next_dagrun for example_params_trigger_ui to None, run_after=None
[2024-10-26T21:34:48.032+0000] {processor.py:208} INFO - Processing /home/airflow/.local/lib/python3.12/site-packages/airflow/example_dags/example_params_trigger_ui.py took 0.094 seconds
[2024-10-26T21:35:20.602+0000] {processor.py:186} INFO - Started process (PID=30187) to work on /home/airflow/.local/lib/python3.12/site-packages/airflow/example_dags/example_params_trigger_ui.py
[2024-10-26T21:35:20.603+0000] {processor.py:914} INFO - Processing file /home/airflow/.local/lib/python3.12/site-packages/airflow/example_dags/example_params_trigger_ui.py for tasks to queue
[2024-10-26T21:35:20.605+0000] {logging_mixin.py:190} INFO - [2024-10-26T21:35:20.605+0000] {dagbag.py:588} INFO - Filling up the DagBag from /home/airflow/.local/lib/python3.12/site-packages/airflow/example_dags/example_params_trigger_ui.py
[2024-10-26T21:35:20.616+0000] {processor.py:925} INFO - DAG(s) 'example_params_trigger_ui' retrieved from /home/airflow/.local/lib/python3.12/site-packages/airflow/example_dags/example_params_trigger_ui.py
[2024-10-26T21:35:20.651+0000] {logging_mixin.py:190} INFO - [2024-10-26T21:35:20.651+0000] {dag.py:3239} INFO - Sync 1 DAGs
[2024-10-26T21:35:20.664+0000] {logging_mixin.py:190} INFO - [2024-10-26T21:35:20.664+0000] {dag.py:4180} INFO - Setting next_dagrun for example_params_trigger_ui to None, run_after=None
[2024-10-26T21:35:20.684+0000] {processor.py:208} INFO - Processing /home/airflow/.local/lib/python3.12/site-packages/airflow/example_dags/example_params_trigger_ui.py took 0.088 seconds
[2024-10-26T21:35:53.139+0000] {processor.py:186} INFO - Started process (PID=30251) to work on /home/airflow/.local/lib/python3.12/site-packages/airflow/example_dags/example_params_trigger_ui.py
[2024-10-26T21:35:53.140+0000] {processor.py:914} INFO - Processing file /home/airflow/.local/lib/python3.12/site-packages/airflow/example_dags/example_params_trigger_ui.py for tasks to queue
[2024-10-26T21:35:53.143+0000] {logging_mixin.py:190} INFO - [2024-10-26T21:35:53.142+0000] {dagbag.py:588} INFO - Filling up the DagBag from /home/airflow/.local/lib/python3.12/site-packages/airflow/example_dags/example_params_trigger_ui.py
[2024-10-26T21:35:53.157+0000] {processor.py:925} INFO - DAG(s) 'example_params_trigger_ui' retrieved from /home/airflow/.local/lib/python3.12/site-packages/airflow/example_dags/example_params_trigger_ui.py
[2024-10-26T21:35:53.208+0000] {logging_mixin.py:190} INFO - [2024-10-26T21:35:53.208+0000] {dag.py:3239} INFO - Sync 1 DAGs
[2024-10-26T21:35:53.225+0000] {logging_mixin.py:190} INFO - [2024-10-26T21:35:53.225+0000] {dag.py:4180} INFO - Setting next_dagrun for example_params_trigger_ui to None, run_after=None
[2024-10-26T21:35:53.248+0000] {processor.py:208} INFO - Processing /home/airflow/.local/lib/python3.12/site-packages/airflow/example_dags/example_params_trigger_ui.py took 0.117 seconds
[2024-10-26T21:36:25.751+0000] {processor.py:186} INFO - Started process (PID=30315) to work on /home/airflow/.local/lib/python3.12/site-packages/airflow/example_dags/example_params_trigger_ui.py
[2024-10-26T21:36:25.752+0000] {processor.py:914} INFO - Processing file /home/airflow/.local/lib/python3.12/site-packages/airflow/example_dags/example_params_trigger_ui.py for tasks to queue
[2024-10-26T21:36:25.754+0000] {logging_mixin.py:190} INFO - [2024-10-26T21:36:25.754+0000] {dagbag.py:588} INFO - Filling up the DagBag from /home/airflow/.local/lib/python3.12/site-packages/airflow/example_dags/example_params_trigger_ui.py
[2024-10-26T21:36:25.764+0000] {processor.py:925} INFO - DAG(s) 'example_params_trigger_ui' retrieved from /home/airflow/.local/lib/python3.12/site-packages/airflow/example_dags/example_params_trigger_ui.py
[2024-10-26T21:36:25.801+0000] {logging_mixin.py:190} INFO - [2024-10-26T21:36:25.801+0000] {dag.py:3239} INFO - Sync 1 DAGs
[2024-10-26T21:36:25.817+0000] {logging_mixin.py:190} INFO - [2024-10-26T21:36:25.817+0000] {dag.py:4180} INFO - Setting next_dagrun for example_params_trigger_ui to None, run_after=None
[2024-10-26T21:36:25.836+0000] {processor.py:208} INFO - Processing /home/airflow/.local/lib/python3.12/site-packages/airflow/example_dags/example_params_trigger_ui.py took 0.091 seconds
[2024-10-26T21:36:58.442+0000] {processor.py:186} INFO - Started process (PID=30379) to work on /home/airflow/.local/lib/python3.12/site-packages/airflow/example_dags/example_params_trigger_ui.py
[2024-10-26T21:36:58.443+0000] {processor.py:914} INFO - Processing file /home/airflow/.local/lib/python3.12/site-packages/airflow/example_dags/example_params_trigger_ui.py for tasks to queue
[2024-10-26T21:36:58.445+0000] {logging_mixin.py:190} INFO - [2024-10-26T21:36:58.445+0000] {dagbag.py:588} INFO - Filling up the DagBag from /home/airflow/.local/lib/python3.12/site-packages/airflow/example_dags/example_params_trigger_ui.py
[2024-10-26T21:36:58.455+0000] {processor.py:925} INFO - DAG(s) 'example_params_trigger_ui' retrieved from /home/airflow/.local/lib/python3.12/site-packages/airflow/example_dags/example_params_trigger_ui.py
[2024-10-26T21:36:58.494+0000] {logging_mixin.py:190} INFO - [2024-10-26T21:36:58.494+0000] {dag.py:3239} INFO - Sync 1 DAGs
[2024-10-26T21:36:58.506+0000] {logging_mixin.py:190} INFO - [2024-10-26T21:36:58.506+0000] {dag.py:4180} INFO - Setting next_dagrun for example_params_trigger_ui to None, run_after=None
[2024-10-26T21:36:58.527+0000] {processor.py:208} INFO - Processing /home/airflow/.local/lib/python3.12/site-packages/airflow/example_dags/example_params_trigger_ui.py took 0.090 seconds
[2024-10-26T21:37:31.120+0000] {processor.py:186} INFO - Started process (PID=30443) to work on /home/airflow/.local/lib/python3.12/site-packages/airflow/example_dags/example_params_trigger_ui.py
[2024-10-26T21:37:31.121+0000] {processor.py:914} INFO - Processing file /home/airflow/.local/lib/python3.12/site-packages/airflow/example_dags/example_params_trigger_ui.py for tasks to queue
[2024-10-26T21:37:31.123+0000] {logging_mixin.py:190} INFO - [2024-10-26T21:37:31.123+0000] {dagbag.py:588} INFO - Filling up the DagBag from /home/airflow/.local/lib/python3.12/site-packages/airflow/example_dags/example_params_trigger_ui.py
[2024-10-26T21:37:31.135+0000] {processor.py:925} INFO - DAG(s) 'example_params_trigger_ui' retrieved from /home/airflow/.local/lib/python3.12/site-packages/airflow/example_dags/example_params_trigger_ui.py
[2024-10-26T21:37:31.171+0000] {logging_mixin.py:190} INFO - [2024-10-26T21:37:31.171+0000] {dag.py:3239} INFO - Sync 1 DAGs
[2024-10-26T21:37:31.184+0000] {logging_mixin.py:190} INFO - [2024-10-26T21:37:31.184+0000] {dag.py:4180} INFO - Setting next_dagrun for example_params_trigger_ui to None, run_after=None
[2024-10-26T21:37:31.204+0000] {processor.py:208} INFO - Processing /home/airflow/.local/lib/python3.12/site-packages/airflow/example_dags/example_params_trigger_ui.py took 0.090 seconds
[2024-10-26T21:38:04.756+0000] {processor.py:186} INFO - Started process (PID=30507) to work on /home/airflow/.local/lib/python3.12/site-packages/airflow/example_dags/example_params_trigger_ui.py
[2024-10-26T21:38:04.757+0000] {processor.py:914} INFO - Processing file /home/airflow/.local/lib/python3.12/site-packages/airflow/example_dags/example_params_trigger_ui.py for tasks to queue
[2024-10-26T21:38:04.760+0000] {logging_mixin.py:190} INFO - [2024-10-26T21:38:04.759+0000] {dagbag.py:588} INFO - Filling up the DagBag from /home/airflow/.local/lib/python3.12/site-packages/airflow/example_dags/example_params_trigger_ui.py
[2024-10-26T21:38:04.769+0000] {processor.py:925} INFO - DAG(s) 'example_params_trigger_ui' retrieved from /home/airflow/.local/lib/python3.12/site-packages/airflow/example_dags/example_params_trigger_ui.py
[2024-10-26T21:38:04.810+0000] {logging_mixin.py:190} INFO - [2024-10-26T21:38:04.810+0000] {dag.py:3239} INFO - Sync 1 DAGs
[2024-10-26T21:38:04.823+0000] {logging_mixin.py:190} INFO - [2024-10-26T21:38:04.823+0000] {dag.py:4180} INFO - Setting next_dagrun for example_params_trigger_ui to None, run_after=None
[2024-10-26T21:38:04.841+0000] {processor.py:208} INFO - Processing /home/airflow/.local/lib/python3.12/site-packages/airflow/example_dags/example_params_trigger_ui.py took 0.090 seconds
[2024-10-26T21:38:37.446+0000] {processor.py:186} INFO - Started process (PID=30571) to work on /home/airflow/.local/lib/python3.12/site-packages/airflow/example_dags/example_params_trigger_ui.py
[2024-10-26T21:38:37.447+0000] {processor.py:914} INFO - Processing file /home/airflow/.local/lib/python3.12/site-packages/airflow/example_dags/example_params_trigger_ui.py for tasks to queue
[2024-10-26T21:38:37.450+0000] {logging_mixin.py:190} INFO - [2024-10-26T21:38:37.449+0000] {dagbag.py:588} INFO - Filling up the DagBag from /home/airflow/.local/lib/python3.12/site-packages/airflow/example_dags/example_params_trigger_ui.py
[2024-10-26T21:38:37.459+0000] {processor.py:925} INFO - DAG(s) 'example_params_trigger_ui' retrieved from /home/airflow/.local/lib/python3.12/site-packages/airflow/example_dags/example_params_trigger_ui.py
[2024-10-26T21:38:37.499+0000] {logging_mixin.py:190} INFO - [2024-10-26T21:38:37.499+0000] {dag.py:3239} INFO - Sync 1 DAGs
[2024-10-26T21:38:37.512+0000] {logging_mixin.py:190} INFO - [2024-10-26T21:38:37.511+0000] {dag.py:4180} INFO - Setting next_dagrun for example_params_trigger_ui to None, run_after=None
[2024-10-26T21:38:37.532+0000] {processor.py:208} INFO - Processing /home/airflow/.local/lib/python3.12/site-packages/airflow/example_dags/example_params_trigger_ui.py took 0.091 seconds
[2024-10-26T21:39:10.000+0000] {processor.py:186} INFO - Started process (PID=30635) to work on /home/airflow/.local/lib/python3.12/site-packages/airflow/example_dags/example_params_trigger_ui.py
[2024-10-26T21:39:10.001+0000] {processor.py:914} INFO - Processing file /home/airflow/.local/lib/python3.12/site-packages/airflow/example_dags/example_params_trigger_ui.py for tasks to queue
[2024-10-26T21:39:10.003+0000] {logging_mixin.py:190} INFO - [2024-10-26T21:39:10.003+0000] {dagbag.py:588} INFO - Filling up the DagBag from /home/airflow/.local/lib/python3.12/site-packages/airflow/example_dags/example_params_trigger_ui.py
[2024-10-26T21:39:10.013+0000] {processor.py:925} INFO - DAG(s) 'example_params_trigger_ui' retrieved from /home/airflow/.local/lib/python3.12/site-packages/airflow/example_dags/example_params_trigger_ui.py
[2024-10-26T21:39:10.054+0000] {logging_mixin.py:190} INFO - [2024-10-26T21:39:10.053+0000] {dag.py:3239} INFO - Sync 1 DAGs
[2024-10-26T21:39:10.066+0000] {logging_mixin.py:190} INFO - [2024-10-26T21:39:10.066+0000] {dag.py:4180} INFO - Setting next_dagrun for example_params_trigger_ui to None, run_after=None
[2024-10-26T21:39:10.085+0000] {processor.py:208} INFO - Processing /home/airflow/.local/lib/python3.12/site-packages/airflow/example_dags/example_params_trigger_ui.py took 0.091 seconds
[2024-10-26T21:39:42.726+0000] {processor.py:186} INFO - Started process (PID=30699) to work on /home/airflow/.local/lib/python3.12/site-packages/airflow/example_dags/example_params_trigger_ui.py
[2024-10-26T21:39:42.728+0000] {processor.py:914} INFO - Processing file /home/airflow/.local/lib/python3.12/site-packages/airflow/example_dags/example_params_trigger_ui.py for tasks to queue
[2024-10-26T21:39:42.730+0000] {logging_mixin.py:190} INFO - [2024-10-26T21:39:42.730+0000] {dagbag.py:588} INFO - Filling up the DagBag from /home/airflow/.local/lib/python3.12/site-packages/airflow/example_dags/example_params_trigger_ui.py
[2024-10-26T21:39:42.740+0000] {processor.py:925} INFO - DAG(s) 'example_params_trigger_ui' retrieved from /home/airflow/.local/lib/python3.12/site-packages/airflow/example_dags/example_params_trigger_ui.py
[2024-10-26T21:39:42.781+0000] {logging_mixin.py:190} INFO - [2024-10-26T21:39:42.781+0000] {dag.py:3239} INFO - Sync 1 DAGs
[2024-10-26T21:39:42.794+0000] {logging_mixin.py:190} INFO - [2024-10-26T21:39:42.793+0000] {dag.py:4180} INFO - Setting next_dagrun for example_params_trigger_ui to None, run_after=None
[2024-10-26T21:39:42.814+0000] {processor.py:208} INFO - Processing /home/airflow/.local/lib/python3.12/site-packages/airflow/example_dags/example_params_trigger_ui.py took 0.093 seconds
[2024-10-26T21:40:15.423+0000] {processor.py:186} INFO - Started process (PID=30763) to work on /home/airflow/.local/lib/python3.12/site-packages/airflow/example_dags/example_params_trigger_ui.py
[2024-10-26T21:40:15.424+0000] {processor.py:914} INFO - Processing file /home/airflow/.local/lib/python3.12/site-packages/airflow/example_dags/example_params_trigger_ui.py for tasks to queue
[2024-10-26T21:40:15.426+0000] {logging_mixin.py:190} INFO - [2024-10-26T21:40:15.426+0000] {dagbag.py:588} INFO - Filling up the DagBag from /home/airflow/.local/lib/python3.12/site-packages/airflow/example_dags/example_params_trigger_ui.py
[2024-10-26T21:40:15.436+0000] {processor.py:925} INFO - DAG(s) 'example_params_trigger_ui' retrieved from /home/airflow/.local/lib/python3.12/site-packages/airflow/example_dags/example_params_trigger_ui.py
[2024-10-26T21:40:15.476+0000] {logging_mixin.py:190} INFO - [2024-10-26T21:40:15.476+0000] {dag.py:3239} INFO - Sync 1 DAGs
[2024-10-26T21:40:15.490+0000] {logging_mixin.py:190} INFO - [2024-10-26T21:40:15.490+0000] {dag.py:4180} INFO - Setting next_dagrun for example_params_trigger_ui to None, run_after=None
[2024-10-26T21:40:15.508+0000] {processor.py:208} INFO - Processing /home/airflow/.local/lib/python3.12/site-packages/airflow/example_dags/example_params_trigger_ui.py took 0.091 seconds
[2024-10-26T21:40:47.967+0000] {processor.py:186} INFO - Started process (PID=30827) to work on /home/airflow/.local/lib/python3.12/site-packages/airflow/example_dags/example_params_trigger_ui.py
[2024-10-26T21:40:47.968+0000] {processor.py:914} INFO - Processing file /home/airflow/.local/lib/python3.12/site-packages/airflow/example_dags/example_params_trigger_ui.py for tasks to queue
[2024-10-26T21:40:47.970+0000] {logging_mixin.py:190} INFO - [2024-10-26T21:40:47.970+0000] {dagbag.py:588} INFO - Filling up the DagBag from /home/airflow/.local/lib/python3.12/site-packages/airflow/example_dags/example_params_trigger_ui.py
[2024-10-26T21:40:47.980+0000] {processor.py:925} INFO - DAG(s) 'example_params_trigger_ui' retrieved from /home/airflow/.local/lib/python3.12/site-packages/airflow/example_dags/example_params_trigger_ui.py
[2024-10-26T21:40:48.020+0000] {logging_mixin.py:190} INFO - [2024-10-26T21:40:48.020+0000] {dag.py:3239} INFO - Sync 1 DAGs
[2024-10-26T21:40:48.034+0000] {logging_mixin.py:190} INFO - [2024-10-26T21:40:48.033+0000] {dag.py:4180} INFO - Setting next_dagrun for example_params_trigger_ui to None, run_after=None
[2024-10-26T21:40:48.055+0000] {processor.py:208} INFO - Processing /home/airflow/.local/lib/python3.12/site-packages/airflow/example_dags/example_params_trigger_ui.py took 0.093 seconds
[2024-10-26T21:41:20.665+0000] {processor.py:186} INFO - Started process (PID=30891) to work on /home/airflow/.local/lib/python3.12/site-packages/airflow/example_dags/example_params_trigger_ui.py
[2024-10-26T21:41:20.666+0000] {processor.py:914} INFO - Processing file /home/airflow/.local/lib/python3.12/site-packages/airflow/example_dags/example_params_trigger_ui.py for tasks to queue
[2024-10-26T21:41:20.668+0000] {logging_mixin.py:190} INFO - [2024-10-26T21:41:20.668+0000] {dagbag.py:588} INFO - Filling up the DagBag from /home/airflow/.local/lib/python3.12/site-packages/airflow/example_dags/example_params_trigger_ui.py
[2024-10-26T21:41:20.678+0000] {processor.py:925} INFO - DAG(s) 'example_params_trigger_ui' retrieved from /home/airflow/.local/lib/python3.12/site-packages/airflow/example_dags/example_params_trigger_ui.py
[2024-10-26T21:41:20.717+0000] {logging_mixin.py:190} INFO - [2024-10-26T21:41:20.716+0000] {dag.py:3239} INFO - Sync 1 DAGs
[2024-10-26T21:41:20.730+0000] {logging_mixin.py:190} INFO - [2024-10-26T21:41:20.730+0000] {dag.py:4180} INFO - Setting next_dagrun for example_params_trigger_ui to None, run_after=None
[2024-10-26T21:41:20.750+0000] {processor.py:208} INFO - Processing /home/airflow/.local/lib/python3.12/site-packages/airflow/example_dags/example_params_trigger_ui.py took 0.090 seconds
[2024-10-26T21:41:53.285+0000] {processor.py:186} INFO - Started process (PID=30955) to work on /home/airflow/.local/lib/python3.12/site-packages/airflow/example_dags/example_params_trigger_ui.py
[2024-10-26T21:41:53.286+0000] {processor.py:914} INFO - Processing file /home/airflow/.local/lib/python3.12/site-packages/airflow/example_dags/example_params_trigger_ui.py for tasks to queue
[2024-10-26T21:41:53.289+0000] {logging_mixin.py:190} INFO - [2024-10-26T21:41:53.289+0000] {dagbag.py:588} INFO - Filling up the DagBag from /home/airflow/.local/lib/python3.12/site-packages/airflow/example_dags/example_params_trigger_ui.py
[2024-10-26T21:41:53.299+0000] {processor.py:925} INFO - DAG(s) 'example_params_trigger_ui' retrieved from /home/airflow/.local/lib/python3.12/site-packages/airflow/example_dags/example_params_trigger_ui.py
[2024-10-26T21:41:53.345+0000] {logging_mixin.py:190} INFO - [2024-10-26T21:41:53.345+0000] {dag.py:3239} INFO - Sync 1 DAGs
[2024-10-26T21:41:53.362+0000] {logging_mixin.py:190} INFO - [2024-10-26T21:41:53.361+0000] {dag.py:4180} INFO - Setting next_dagrun for example_params_trigger_ui to None, run_after=None
[2024-10-26T21:41:53.385+0000] {processor.py:208} INFO - Processing /home/airflow/.local/lib/python3.12/site-packages/airflow/example_dags/example_params_trigger_ui.py took 0.105 seconds
[2024-10-26T21:42:25.798+0000] {processor.py:186} INFO - Started process (PID=31019) to work on /home/airflow/.local/lib/python3.12/site-packages/airflow/example_dags/example_params_trigger_ui.py
[2024-10-26T21:42:25.799+0000] {processor.py:914} INFO - Processing file /home/airflow/.local/lib/python3.12/site-packages/airflow/example_dags/example_params_trigger_ui.py for tasks to queue
[2024-10-26T21:42:25.801+0000] {logging_mixin.py:190} INFO - [2024-10-26T21:42:25.801+0000] {dagbag.py:588} INFO - Filling up the DagBag from /home/airflow/.local/lib/python3.12/site-packages/airflow/example_dags/example_params_trigger_ui.py
[2024-10-26T21:42:25.811+0000] {processor.py:925} INFO - DAG(s) 'example_params_trigger_ui' retrieved from /home/airflow/.local/lib/python3.12/site-packages/airflow/example_dags/example_params_trigger_ui.py
[2024-10-26T21:42:25.854+0000] {logging_mixin.py:190} INFO - [2024-10-26T21:42:25.853+0000] {dag.py:3239} INFO - Sync 1 DAGs
[2024-10-26T21:42:25.866+0000] {logging_mixin.py:190} INFO - [2024-10-26T21:42:25.866+0000] {dag.py:4180} INFO - Setting next_dagrun for example_params_trigger_ui to None, run_after=None
[2024-10-26T21:42:25.883+0000] {processor.py:208} INFO - Processing /home/airflow/.local/lib/python3.12/site-packages/airflow/example_dags/example_params_trigger_ui.py took 0.091 seconds
[2024-10-26T21:42:58.484+0000] {processor.py:186} INFO - Started process (PID=31083) to work on /home/airflow/.local/lib/python3.12/site-packages/airflow/example_dags/example_params_trigger_ui.py
[2024-10-26T21:42:58.485+0000] {processor.py:914} INFO - Processing file /home/airflow/.local/lib/python3.12/site-packages/airflow/example_dags/example_params_trigger_ui.py for tasks to queue
[2024-10-26T21:42:58.488+0000] {logging_mixin.py:190} INFO - [2024-10-26T21:42:58.488+0000] {dagbag.py:588} INFO - Filling up the DagBag from /home/airflow/.local/lib/python3.12/site-packages/airflow/example_dags/example_params_trigger_ui.py
[2024-10-26T21:42:58.498+0000] {processor.py:925} INFO - DAG(s) 'example_params_trigger_ui' retrieved from /home/airflow/.local/lib/python3.12/site-packages/airflow/example_dags/example_params_trigger_ui.py
[2024-10-26T21:42:58.538+0000] {logging_mixin.py:190} INFO - [2024-10-26T21:42:58.538+0000] {dag.py:3239} INFO - Sync 1 DAGs
[2024-10-26T21:42:58.551+0000] {logging_mixin.py:190} INFO - [2024-10-26T21:42:58.551+0000] {dag.py:4180} INFO - Setting next_dagrun for example_params_trigger_ui to None, run_after=None
[2024-10-26T21:42:58.570+0000] {processor.py:208} INFO - Processing /home/airflow/.local/lib/python3.12/site-packages/airflow/example_dags/example_params_trigger_ui.py took 0.091 seconds
[2024-10-26T21:43:31.141+0000] {processor.py:186} INFO - Started process (PID=31147) to work on /home/airflow/.local/lib/python3.12/site-packages/airflow/example_dags/example_params_trigger_ui.py
[2024-10-26T21:43:31.143+0000] {processor.py:914} INFO - Processing file /home/airflow/.local/lib/python3.12/site-packages/airflow/example_dags/example_params_trigger_ui.py for tasks to queue
[2024-10-26T21:43:31.145+0000] {logging_mixin.py:190} INFO - [2024-10-26T21:43:31.145+0000] {dagbag.py:588} INFO - Filling up the DagBag from /home/airflow/.local/lib/python3.12/site-packages/airflow/example_dags/example_params_trigger_ui.py
[2024-10-26T21:43:31.156+0000] {processor.py:925} INFO - DAG(s) 'example_params_trigger_ui' retrieved from /home/airflow/.local/lib/python3.12/site-packages/airflow/example_dags/example_params_trigger_ui.py
[2024-10-26T21:43:31.192+0000] {logging_mixin.py:190} INFO - [2024-10-26T21:43:31.192+0000] {dag.py:3239} INFO - Sync 1 DAGs
[2024-10-26T21:43:31.206+0000] {logging_mixin.py:190} INFO - [2024-10-26T21:43:31.205+0000] {dag.py:4180} INFO - Setting next_dagrun for example_params_trigger_ui to None, run_after=None
[2024-10-26T21:43:31.227+0000] {processor.py:208} INFO - Processing /home/airflow/.local/lib/python3.12/site-packages/airflow/example_dags/example_params_trigger_ui.py took 0.091 seconds
[2024-10-26T21:44:05.104+0000] {processor.py:186} INFO - Started process (PID=31211) to work on /home/airflow/.local/lib/python3.12/site-packages/airflow/example_dags/example_params_trigger_ui.py
[2024-10-26T21:44:05.105+0000] {processor.py:914} INFO - Processing file /home/airflow/.local/lib/python3.12/site-packages/airflow/example_dags/example_params_trigger_ui.py for tasks to queue
[2024-10-26T21:44:05.108+0000] {logging_mixin.py:190} INFO - [2024-10-26T21:44:05.107+0000] {dagbag.py:588} INFO - Filling up the DagBag from /home/airflow/.local/lib/python3.12/site-packages/airflow/example_dags/example_params_trigger_ui.py
[2024-10-26T21:44:05.118+0000] {processor.py:925} INFO - DAG(s) 'example_params_trigger_ui' retrieved from /home/airflow/.local/lib/python3.12/site-packages/airflow/example_dags/example_params_trigger_ui.py
[2024-10-26T21:44:05.157+0000] {logging_mixin.py:190} INFO - [2024-10-26T21:44:05.156+0000] {dag.py:3239} INFO - Sync 1 DAGs
[2024-10-26T21:44:05.169+0000] {logging_mixin.py:190} INFO - [2024-10-26T21:44:05.169+0000] {dag.py:4180} INFO - Setting next_dagrun for example_params_trigger_ui to None, run_after=None
[2024-10-26T21:44:05.187+0000] {processor.py:208} INFO - Processing /home/airflow/.local/lib/python3.12/site-packages/airflow/example_dags/example_params_trigger_ui.py took 0.088 seconds
[2024-10-26T21:44:37.320+0000] {processor.py:186} INFO - Started process (PID=31275) to work on /home/airflow/.local/lib/python3.12/site-packages/airflow/example_dags/example_params_trigger_ui.py
[2024-10-26T21:44:37.321+0000] {processor.py:914} INFO - Processing file /home/airflow/.local/lib/python3.12/site-packages/airflow/example_dags/example_params_trigger_ui.py for tasks to queue
[2024-10-26T21:44:37.323+0000] {logging_mixin.py:190} INFO - [2024-10-26T21:44:37.323+0000] {dagbag.py:588} INFO - Filling up the DagBag from /home/airflow/.local/lib/python3.12/site-packages/airflow/example_dags/example_params_trigger_ui.py
[2024-10-26T21:44:37.333+0000] {processor.py:925} INFO - DAG(s) 'example_params_trigger_ui' retrieved from /home/airflow/.local/lib/python3.12/site-packages/airflow/example_dags/example_params_trigger_ui.py
[2024-10-26T21:44:37.370+0000] {logging_mixin.py:190} INFO - [2024-10-26T21:44:37.370+0000] {dag.py:3239} INFO - Sync 1 DAGs
[2024-10-26T21:44:37.385+0000] {logging_mixin.py:190} INFO - [2024-10-26T21:44:37.385+0000] {dag.py:4180} INFO - Setting next_dagrun for example_params_trigger_ui to None, run_after=None
[2024-10-26T21:44:37.405+0000] {processor.py:208} INFO - Processing /home/airflow/.local/lib/python3.12/site-packages/airflow/example_dags/example_params_trigger_ui.py took 0.090 seconds
[2024-10-26T21:45:10.032+0000] {processor.py:186} INFO - Started process (PID=31339) to work on /home/airflow/.local/lib/python3.12/site-packages/airflow/example_dags/example_params_trigger_ui.py
[2024-10-26T21:45:10.033+0000] {processor.py:914} INFO - Processing file /home/airflow/.local/lib/python3.12/site-packages/airflow/example_dags/example_params_trigger_ui.py for tasks to queue
[2024-10-26T21:45:10.035+0000] {logging_mixin.py:190} INFO - [2024-10-26T21:45:10.035+0000] {dagbag.py:588} INFO - Filling up the DagBag from /home/airflow/.local/lib/python3.12/site-packages/airflow/example_dags/example_params_trigger_ui.py
[2024-10-26T21:45:10.045+0000] {processor.py:925} INFO - DAG(s) 'example_params_trigger_ui' retrieved from /home/airflow/.local/lib/python3.12/site-packages/airflow/example_dags/example_params_trigger_ui.py
[2024-10-26T21:45:10.086+0000] {logging_mixin.py:190} INFO - [2024-10-26T21:45:10.086+0000] {dag.py:3239} INFO - Sync 1 DAGs
[2024-10-26T21:45:10.099+0000] {logging_mixin.py:190} INFO - [2024-10-26T21:45:10.098+0000] {dag.py:4180} INFO - Setting next_dagrun for example_params_trigger_ui to None, run_after=None
[2024-10-26T21:45:10.119+0000] {processor.py:208} INFO - Processing /home/airflow/.local/lib/python3.12/site-packages/airflow/example_dags/example_params_trigger_ui.py took 0.092 seconds
[2024-10-26T21:45:42.817+0000] {processor.py:186} INFO - Started process (PID=31403) to work on /home/airflow/.local/lib/python3.12/site-packages/airflow/example_dags/example_params_trigger_ui.py
[2024-10-26T21:45:42.818+0000] {processor.py:914} INFO - Processing file /home/airflow/.local/lib/python3.12/site-packages/airflow/example_dags/example_params_trigger_ui.py for tasks to queue
[2024-10-26T21:45:42.820+0000] {logging_mixin.py:190} INFO - [2024-10-26T21:45:42.820+0000] {dagbag.py:588} INFO - Filling up the DagBag from /home/airflow/.local/lib/python3.12/site-packages/airflow/example_dags/example_params_trigger_ui.py
[2024-10-26T21:45:42.830+0000] {processor.py:925} INFO - DAG(s) 'example_params_trigger_ui' retrieved from /home/airflow/.local/lib/python3.12/site-packages/airflow/example_dags/example_params_trigger_ui.py
[2024-10-26T21:45:42.871+0000] {logging_mixin.py:190} INFO - [2024-10-26T21:45:42.871+0000] {dag.py:3239} INFO - Sync 1 DAGs
[2024-10-26T21:45:42.883+0000] {logging_mixin.py:190} INFO - [2024-10-26T21:45:42.883+0000] {dag.py:4180} INFO - Setting next_dagrun for example_params_trigger_ui to None, run_after=None
[2024-10-26T21:45:42.904+0000] {processor.py:208} INFO - Processing /home/airflow/.local/lib/python3.12/site-packages/airflow/example_dags/example_params_trigger_ui.py took 0.092 seconds
[2024-10-26T21:46:15.405+0000] {processor.py:186} INFO - Started process (PID=31467) to work on /home/airflow/.local/lib/python3.12/site-packages/airflow/example_dags/example_params_trigger_ui.py
[2024-10-26T21:46:15.406+0000] {processor.py:914} INFO - Processing file /home/airflow/.local/lib/python3.12/site-packages/airflow/example_dags/example_params_trigger_ui.py for tasks to queue
[2024-10-26T21:46:15.408+0000] {logging_mixin.py:190} INFO - [2024-10-26T21:46:15.408+0000] {dagbag.py:588} INFO - Filling up the DagBag from /home/airflow/.local/lib/python3.12/site-packages/airflow/example_dags/example_params_trigger_ui.py
[2024-10-26T21:46:15.419+0000] {processor.py:925} INFO - DAG(s) 'example_params_trigger_ui' retrieved from /home/airflow/.local/lib/python3.12/site-packages/airflow/example_dags/example_params_trigger_ui.py
[2024-10-26T21:46:15.461+0000] {logging_mixin.py:190} INFO - [2024-10-26T21:46:15.461+0000] {dag.py:3239} INFO - Sync 1 DAGs
[2024-10-26T21:46:15.473+0000] {logging_mixin.py:190} INFO - [2024-10-26T21:46:15.473+0000] {dag.py:4180} INFO - Setting next_dagrun for example_params_trigger_ui to None, run_after=None
[2024-10-26T21:46:15.492+0000] {processor.py:208} INFO - Processing /home/airflow/.local/lib/python3.12/site-packages/airflow/example_dags/example_params_trigger_ui.py took 0.092 seconds
[2024-10-26T21:46:47.939+0000] {processor.py:186} INFO - Started process (PID=31531) to work on /home/airflow/.local/lib/python3.12/site-packages/airflow/example_dags/example_params_trigger_ui.py
[2024-10-26T21:46:47.940+0000] {processor.py:914} INFO - Processing file /home/airflow/.local/lib/python3.12/site-packages/airflow/example_dags/example_params_trigger_ui.py for tasks to queue
[2024-10-26T21:46:47.943+0000] {logging_mixin.py:190} INFO - [2024-10-26T21:46:47.942+0000] {dagbag.py:588} INFO - Filling up the DagBag from /home/airflow/.local/lib/python3.12/site-packages/airflow/example_dags/example_params_trigger_ui.py
[2024-10-26T21:46:47.954+0000] {processor.py:925} INFO - DAG(s) 'example_params_trigger_ui' retrieved from /home/airflow/.local/lib/python3.12/site-packages/airflow/example_dags/example_params_trigger_ui.py
[2024-10-26T21:46:47.998+0000] {logging_mixin.py:190} INFO - [2024-10-26T21:46:47.998+0000] {dag.py:3239} INFO - Sync 1 DAGs
[2024-10-26T21:46:48.012+0000] {logging_mixin.py:190} INFO - [2024-10-26T21:46:48.012+0000] {dag.py:4180} INFO - Setting next_dagrun for example_params_trigger_ui to None, run_after=None
[2024-10-26T21:46:48.030+0000] {processor.py:208} INFO - Processing /home/airflow/.local/lib/python3.12/site-packages/airflow/example_dags/example_params_trigger_ui.py took 0.097 seconds
[2024-10-26T21:47:20.544+0000] {processor.py:186} INFO - Started process (PID=31595) to work on /home/airflow/.local/lib/python3.12/site-packages/airflow/example_dags/example_params_trigger_ui.py
[2024-10-26T21:47:20.545+0000] {processor.py:914} INFO - Processing file /home/airflow/.local/lib/python3.12/site-packages/airflow/example_dags/example_params_trigger_ui.py for tasks to queue
[2024-10-26T21:47:20.547+0000] {logging_mixin.py:190} INFO - [2024-10-26T21:47:20.547+0000] {dagbag.py:588} INFO - Filling up the DagBag from /home/airflow/.local/lib/python3.12/site-packages/airflow/example_dags/example_params_trigger_ui.py
[2024-10-26T21:47:20.557+0000] {processor.py:925} INFO - DAG(s) 'example_params_trigger_ui' retrieved from /home/airflow/.local/lib/python3.12/site-packages/airflow/example_dags/example_params_trigger_ui.py
[2024-10-26T21:47:20.594+0000] {logging_mixin.py:190} INFO - [2024-10-26T21:47:20.594+0000] {dag.py:3239} INFO - Sync 1 DAGs
[2024-10-26T21:47:20.612+0000] {logging_mixin.py:190} INFO - [2024-10-26T21:47:20.612+0000] {dag.py:4180} INFO - Setting next_dagrun for example_params_trigger_ui to None, run_after=None
[2024-10-26T21:47:20.632+0000] {processor.py:208} INFO - Processing /home/airflow/.local/lib/python3.12/site-packages/airflow/example_dags/example_params_trigger_ui.py took 0.094 seconds
[2024-10-26T21:47:53.260+0000] {processor.py:186} INFO - Started process (PID=31659) to work on /home/airflow/.local/lib/python3.12/site-packages/airflow/example_dags/example_params_trigger_ui.py
[2024-10-26T21:47:53.261+0000] {processor.py:914} INFO - Processing file /home/airflow/.local/lib/python3.12/site-packages/airflow/example_dags/example_params_trigger_ui.py for tasks to queue
[2024-10-26T21:47:53.264+0000] {logging_mixin.py:190} INFO - [2024-10-26T21:47:53.263+0000] {dagbag.py:588} INFO - Filling up the DagBag from /home/airflow/.local/lib/python3.12/site-packages/airflow/example_dags/example_params_trigger_ui.py
[2024-10-26T21:47:53.277+0000] {processor.py:925} INFO - DAG(s) 'example_params_trigger_ui' retrieved from /home/airflow/.local/lib/python3.12/site-packages/airflow/example_dags/example_params_trigger_ui.py
[2024-10-26T21:47:53.318+0000] {logging_mixin.py:190} INFO - [2024-10-26T21:47:53.318+0000] {dag.py:3239} INFO - Sync 1 DAGs
[2024-10-26T21:47:53.332+0000] {logging_mixin.py:190} INFO - [2024-10-26T21:47:53.332+0000] {dag.py:4180} INFO - Setting next_dagrun for example_params_trigger_ui to None, run_after=None
[2024-10-26T21:47:53.349+0000] {processor.py:208} INFO - Processing /home/airflow/.local/lib/python3.12/site-packages/airflow/example_dags/example_params_trigger_ui.py took 0.095 seconds
[2024-10-26T21:48:26.783+0000] {processor.py:186} INFO - Started process (PID=31723) to work on /home/airflow/.local/lib/python3.12/site-packages/airflow/example_dags/example_params_trigger_ui.py
[2024-10-26T21:48:26.784+0000] {processor.py:914} INFO - Processing file /home/airflow/.local/lib/python3.12/site-packages/airflow/example_dags/example_params_trigger_ui.py for tasks to queue
[2024-10-26T21:48:26.787+0000] {logging_mixin.py:190} INFO - [2024-10-26T21:48:26.786+0000] {dagbag.py:588} INFO - Filling up the DagBag from /home/airflow/.local/lib/python3.12/site-packages/airflow/example_dags/example_params_trigger_ui.py
[2024-10-26T21:48:26.800+0000] {processor.py:925} INFO - DAG(s) 'example_params_trigger_ui' retrieved from /home/airflow/.local/lib/python3.12/site-packages/airflow/example_dags/example_params_trigger_ui.py
[2024-10-26T21:48:26.839+0000] {logging_mixin.py:190} INFO - [2024-10-26T21:48:26.838+0000] {dag.py:3239} INFO - Sync 1 DAGs
[2024-10-26T21:48:26.851+0000] {logging_mixin.py:190} INFO - [2024-10-26T21:48:26.851+0000] {dag.py:4180} INFO - Setting next_dagrun for example_params_trigger_ui to None, run_after=None
[2024-10-26T21:48:26.871+0000] {processor.py:208} INFO - Processing /home/airflow/.local/lib/python3.12/site-packages/airflow/example_dags/example_params_trigger_ui.py took 0.094 seconds
[2024-10-26T21:48:58.503+0000] {processor.py:186} INFO - Started process (PID=31787) to work on /home/airflow/.local/lib/python3.12/site-packages/airflow/example_dags/example_params_trigger_ui.py
[2024-10-26T21:48:58.504+0000] {processor.py:914} INFO - Processing file /home/airflow/.local/lib/python3.12/site-packages/airflow/example_dags/example_params_trigger_ui.py for tasks to queue
[2024-10-26T21:48:58.506+0000] {logging_mixin.py:190} INFO - [2024-10-26T21:48:58.506+0000] {dagbag.py:588} INFO - Filling up the DagBag from /home/airflow/.local/lib/python3.12/site-packages/airflow/example_dags/example_params_trigger_ui.py
[2024-10-26T21:48:58.516+0000] {processor.py:925} INFO - DAG(s) 'example_params_trigger_ui' retrieved from /home/airflow/.local/lib/python3.12/site-packages/airflow/example_dags/example_params_trigger_ui.py
[2024-10-26T21:48:58.556+0000] {logging_mixin.py:190} INFO - [2024-10-26T21:48:58.555+0000] {dag.py:3239} INFO - Sync 1 DAGs
[2024-10-26T21:48:58.568+0000] {logging_mixin.py:190} INFO - [2024-10-26T21:48:58.568+0000] {dag.py:4180} INFO - Setting next_dagrun for example_params_trigger_ui to None, run_after=None
[2024-10-26T21:48:58.588+0000] {processor.py:208} INFO - Processing /home/airflow/.local/lib/python3.12/site-packages/airflow/example_dags/example_params_trigger_ui.py took 0.091 seconds
[2024-10-26T21:49:31.373+0000] {processor.py:186} INFO - Started process (PID=31851) to work on /home/airflow/.local/lib/python3.12/site-packages/airflow/example_dags/example_params_trigger_ui.py
[2024-10-26T21:49:31.374+0000] {processor.py:914} INFO - Processing file /home/airflow/.local/lib/python3.12/site-packages/airflow/example_dags/example_params_trigger_ui.py for tasks to queue
[2024-10-26T21:49:31.376+0000] {logging_mixin.py:190} INFO - [2024-10-26T21:49:31.376+0000] {dagbag.py:588} INFO - Filling up the DagBag from /home/airflow/.local/lib/python3.12/site-packages/airflow/example_dags/example_params_trigger_ui.py
[2024-10-26T21:49:31.386+0000] {processor.py:925} INFO - DAG(s) 'example_params_trigger_ui' retrieved from /home/airflow/.local/lib/python3.12/site-packages/airflow/example_dags/example_params_trigger_ui.py
[2024-10-26T21:49:31.424+0000] {logging_mixin.py:190} INFO - [2024-10-26T21:49:31.424+0000] {dag.py:3239} INFO - Sync 1 DAGs
[2024-10-26T21:49:31.438+0000] {logging_mixin.py:190} INFO - [2024-10-26T21:49:31.438+0000] {dag.py:4180} INFO - Setting next_dagrun for example_params_trigger_ui to None, run_after=None
[2024-10-26T21:49:31.456+0000] {processor.py:208} INFO - Processing /home/airflow/.local/lib/python3.12/site-packages/airflow/example_dags/example_params_trigger_ui.py took 0.089 seconds
[2024-10-26T21:50:04.926+0000] {processor.py:186} INFO - Started process (PID=31915) to work on /home/airflow/.local/lib/python3.12/site-packages/airflow/example_dags/example_params_trigger_ui.py
[2024-10-26T21:50:04.927+0000] {processor.py:914} INFO - Processing file /home/airflow/.local/lib/python3.12/site-packages/airflow/example_dags/example_params_trigger_ui.py for tasks to queue
[2024-10-26T21:50:04.930+0000] {logging_mixin.py:190} INFO - [2024-10-26T21:50:04.930+0000] {dagbag.py:588} INFO - Filling up the DagBag from /home/airflow/.local/lib/python3.12/site-packages/airflow/example_dags/example_params_trigger_ui.py
[2024-10-26T21:50:04.943+0000] {processor.py:925} INFO - DAG(s) 'example_params_trigger_ui' retrieved from /home/airflow/.local/lib/python3.12/site-packages/airflow/example_dags/example_params_trigger_ui.py
[2024-10-26T21:50:04.988+0000] {logging_mixin.py:190} INFO - [2024-10-26T21:50:04.987+0000] {dag.py:3239} INFO - Sync 1 DAGs
[2024-10-26T21:50:05.001+0000] {logging_mixin.py:190} INFO - [2024-10-26T21:50:05.001+0000] {dag.py:4180} INFO - Setting next_dagrun for example_params_trigger_ui to None, run_after=None
[2024-10-26T21:50:05.022+0000] {processor.py:208} INFO - Processing /home/airflow/.local/lib/python3.12/site-packages/airflow/example_dags/example_params_trigger_ui.py took 0.103 seconds
[2024-10-26T21:50:36.901+0000] {processor.py:186} INFO - Started process (PID=31979) to work on /home/airflow/.local/lib/python3.12/site-packages/airflow/example_dags/example_params_trigger_ui.py
[2024-10-26T21:50:36.903+0000] {processor.py:914} INFO - Processing file /home/airflow/.local/lib/python3.12/site-packages/airflow/example_dags/example_params_trigger_ui.py for tasks to queue
[2024-10-26T21:50:36.906+0000] {logging_mixin.py:190} INFO - [2024-10-26T21:50:36.905+0000] {dagbag.py:588} INFO - Filling up the DagBag from /home/airflow/.local/lib/python3.12/site-packages/airflow/example_dags/example_params_trigger_ui.py
[2024-10-26T21:50:36.917+0000] {processor.py:925} INFO - DAG(s) 'example_params_trigger_ui' retrieved from /home/airflow/.local/lib/python3.12/site-packages/airflow/example_dags/example_params_trigger_ui.py
[2024-10-26T21:50:36.957+0000] {logging_mixin.py:190} INFO - [2024-10-26T21:50:36.956+0000] {dag.py:3239} INFO - Sync 1 DAGs
[2024-10-26T21:50:36.971+0000] {logging_mixin.py:190} INFO - [2024-10-26T21:50:36.971+0000] {dag.py:4180} INFO - Setting next_dagrun for example_params_trigger_ui to None, run_after=None
[2024-10-26T21:50:36.990+0000] {processor.py:208} INFO - Processing /home/airflow/.local/lib/python3.12/site-packages/airflow/example_dags/example_params_trigger_ui.py took 0.097 seconds
[2024-10-26T21:51:09.549+0000] {processor.py:186} INFO - Started process (PID=32043) to work on /home/airflow/.local/lib/python3.12/site-packages/airflow/example_dags/example_params_trigger_ui.py
[2024-10-26T21:51:09.551+0000] {processor.py:914} INFO - Processing file /home/airflow/.local/lib/python3.12/site-packages/airflow/example_dags/example_params_trigger_ui.py for tasks to queue
[2024-10-26T21:51:09.554+0000] {logging_mixin.py:190} INFO - [2024-10-26T21:51:09.554+0000] {dagbag.py:588} INFO - Filling up the DagBag from /home/airflow/.local/lib/python3.12/site-packages/airflow/example_dags/example_params_trigger_ui.py
[2024-10-26T21:51:09.570+0000] {processor.py:925} INFO - DAG(s) 'example_params_trigger_ui' retrieved from /home/airflow/.local/lib/python3.12/site-packages/airflow/example_dags/example_params_trigger_ui.py
[2024-10-26T21:51:09.621+0000] {logging_mixin.py:190} INFO - [2024-10-26T21:51:09.621+0000] {dag.py:3239} INFO - Sync 1 DAGs
[2024-10-26T21:51:09.641+0000] {logging_mixin.py:190} INFO - [2024-10-26T21:51:09.641+0000] {dag.py:4180} INFO - Setting next_dagrun for example_params_trigger_ui to None, run_after=None
[2024-10-26T21:51:09.662+0000] {processor.py:208} INFO - Processing /home/airflow/.local/lib/python3.12/site-packages/airflow/example_dags/example_params_trigger_ui.py took 0.119 seconds
[2024-10-26T21:51:42.359+0000] {processor.py:186} INFO - Started process (PID=32107) to work on /home/airflow/.local/lib/python3.12/site-packages/airflow/example_dags/example_params_trigger_ui.py
[2024-10-26T21:51:42.360+0000] {processor.py:914} INFO - Processing file /home/airflow/.local/lib/python3.12/site-packages/airflow/example_dags/example_params_trigger_ui.py for tasks to queue
[2024-10-26T21:51:42.363+0000] {logging_mixin.py:190} INFO - [2024-10-26T21:51:42.363+0000] {dagbag.py:588} INFO - Filling up the DagBag from /home/airflow/.local/lib/python3.12/site-packages/airflow/example_dags/example_params_trigger_ui.py
[2024-10-26T21:51:42.373+0000] {processor.py:925} INFO - DAG(s) 'example_params_trigger_ui' retrieved from /home/airflow/.local/lib/python3.12/site-packages/airflow/example_dags/example_params_trigger_ui.py
[2024-10-26T21:51:42.412+0000] {logging_mixin.py:190} INFO - [2024-10-26T21:51:42.412+0000] {dag.py:3239} INFO - Sync 1 DAGs
[2024-10-26T21:51:42.425+0000] {logging_mixin.py:190} INFO - [2024-10-26T21:51:42.425+0000] {dag.py:4180} INFO - Setting next_dagrun for example_params_trigger_ui to None, run_after=None
[2024-10-26T21:51:42.446+0000] {processor.py:208} INFO - Processing /home/airflow/.local/lib/python3.12/site-packages/airflow/example_dags/example_params_trigger_ui.py took 0.092 seconds
[2024-10-26T21:52:15.264+0000] {processor.py:186} INFO - Started process (PID=32171) to work on /home/airflow/.local/lib/python3.12/site-packages/airflow/example_dags/example_params_trigger_ui.py
[2024-10-26T21:52:15.265+0000] {processor.py:914} INFO - Processing file /home/airflow/.local/lib/python3.12/site-packages/airflow/example_dags/example_params_trigger_ui.py for tasks to queue
[2024-10-26T21:52:15.267+0000] {logging_mixin.py:190} INFO - [2024-10-26T21:52:15.267+0000] {dagbag.py:588} INFO - Filling up the DagBag from /home/airflow/.local/lib/python3.12/site-packages/airflow/example_dags/example_params_trigger_ui.py
[2024-10-26T21:52:15.277+0000] {processor.py:925} INFO - DAG(s) 'example_params_trigger_ui' retrieved from /home/airflow/.local/lib/python3.12/site-packages/airflow/example_dags/example_params_trigger_ui.py
[2024-10-26T21:52:15.322+0000] {logging_mixin.py:190} INFO - [2024-10-26T21:52:15.321+0000] {dag.py:3239} INFO - Sync 1 DAGs
[2024-10-26T21:52:15.339+0000] {logging_mixin.py:190} INFO - [2024-10-26T21:52:15.339+0000] {dag.py:4180} INFO - Setting next_dagrun for example_params_trigger_ui to None, run_after=None
[2024-10-26T21:52:15.363+0000] {processor.py:208} INFO - Processing /home/airflow/.local/lib/python3.12/site-packages/airflow/example_dags/example_params_trigger_ui.py took 0.104 seconds
[2024-10-26T21:52:48.213+0000] {processor.py:186} INFO - Started process (PID=32235) to work on /home/airflow/.local/lib/python3.12/site-packages/airflow/example_dags/example_params_trigger_ui.py
[2024-10-26T21:52:48.214+0000] {processor.py:914} INFO - Processing file /home/airflow/.local/lib/python3.12/site-packages/airflow/example_dags/example_params_trigger_ui.py for tasks to queue
[2024-10-26T21:52:48.216+0000] {logging_mixin.py:190} INFO - [2024-10-26T21:52:48.216+0000] {dagbag.py:588} INFO - Filling up the DagBag from /home/airflow/.local/lib/python3.12/site-packages/airflow/example_dags/example_params_trigger_ui.py
[2024-10-26T21:52:48.226+0000] {processor.py:925} INFO - DAG(s) 'example_params_trigger_ui' retrieved from /home/airflow/.local/lib/python3.12/site-packages/airflow/example_dags/example_params_trigger_ui.py
[2024-10-26T21:52:48.268+0000] {logging_mixin.py:190} INFO - [2024-10-26T21:52:48.268+0000] {dag.py:3239} INFO - Sync 1 DAGs
[2024-10-26T21:52:48.281+0000] {logging_mixin.py:190} INFO - [2024-10-26T21:52:48.280+0000] {dag.py:4180} INFO - Setting next_dagrun for example_params_trigger_ui to None, run_after=None
[2024-10-26T21:52:48.299+0000] {processor.py:208} INFO - Processing /home/airflow/.local/lib/python3.12/site-packages/airflow/example_dags/example_params_trigger_ui.py took 0.092 seconds
[2024-10-26T21:53:21.171+0000] {processor.py:186} INFO - Started process (PID=32299) to work on /home/airflow/.local/lib/python3.12/site-packages/airflow/example_dags/example_params_trigger_ui.py
[2024-10-26T21:53:21.172+0000] {processor.py:914} INFO - Processing file /home/airflow/.local/lib/python3.12/site-packages/airflow/example_dags/example_params_trigger_ui.py for tasks to queue
[2024-10-26T21:53:21.175+0000] {logging_mixin.py:190} INFO - [2024-10-26T21:53:21.174+0000] {dagbag.py:588} INFO - Filling up the DagBag from /home/airflow/.local/lib/python3.12/site-packages/airflow/example_dags/example_params_trigger_ui.py
[2024-10-26T21:53:21.184+0000] {processor.py:925} INFO - DAG(s) 'example_params_trigger_ui' retrieved from /home/airflow/.local/lib/python3.12/site-packages/airflow/example_dags/example_params_trigger_ui.py
[2024-10-26T21:53:21.221+0000] {logging_mixin.py:190} INFO - [2024-10-26T21:53:21.221+0000] {dag.py:3239} INFO - Sync 1 DAGs
[2024-10-26T21:53:21.234+0000] {logging_mixin.py:190} INFO - [2024-10-26T21:53:21.234+0000] {dag.py:4180} INFO - Setting next_dagrun for example_params_trigger_ui to None, run_after=None
[2024-10-26T21:53:21.254+0000] {processor.py:208} INFO - Processing /home/airflow/.local/lib/python3.12/site-packages/airflow/example_dags/example_params_trigger_ui.py took 0.088 seconds
[2024-10-26T21:53:53.858+0000] {processor.py:186} INFO - Started process (PID=32363) to work on /home/airflow/.local/lib/python3.12/site-packages/airflow/example_dags/example_params_trigger_ui.py
[2024-10-26T21:53:53.859+0000] {processor.py:914} INFO - Processing file /home/airflow/.local/lib/python3.12/site-packages/airflow/example_dags/example_params_trigger_ui.py for tasks to queue
[2024-10-26T21:53:53.861+0000] {logging_mixin.py:190} INFO - [2024-10-26T21:53:53.861+0000] {dagbag.py:588} INFO - Filling up the DagBag from /home/airflow/.local/lib/python3.12/site-packages/airflow/example_dags/example_params_trigger_ui.py
[2024-10-26T21:53:53.872+0000] {processor.py:925} INFO - DAG(s) 'example_params_trigger_ui' retrieved from /home/airflow/.local/lib/python3.12/site-packages/airflow/example_dags/example_params_trigger_ui.py
[2024-10-26T21:53:53.912+0000] {logging_mixin.py:190} INFO - [2024-10-26T21:53:53.912+0000] {dag.py:3239} INFO - Sync 1 DAGs
[2024-10-26T21:53:53.924+0000] {logging_mixin.py:190} INFO - [2024-10-26T21:53:53.924+0000] {dag.py:4180} INFO - Setting next_dagrun for example_params_trigger_ui to None, run_after=None
[2024-10-26T21:53:53.943+0000] {processor.py:208} INFO - Processing /home/airflow/.local/lib/python3.12/site-packages/airflow/example_dags/example_params_trigger_ui.py took 0.090 seconds
[2024-10-26T21:54:26.736+0000] {processor.py:186} INFO - Started process (PID=32427) to work on /home/airflow/.local/lib/python3.12/site-packages/airflow/example_dags/example_params_trigger_ui.py
[2024-10-26T21:54:26.737+0000] {processor.py:914} INFO - Processing file /home/airflow/.local/lib/python3.12/site-packages/airflow/example_dags/example_params_trigger_ui.py for tasks to queue
[2024-10-26T21:54:26.740+0000] {logging_mixin.py:190} INFO - [2024-10-26T21:54:26.739+0000] {dagbag.py:588} INFO - Filling up the DagBag from /home/airflow/.local/lib/python3.12/site-packages/airflow/example_dags/example_params_trigger_ui.py
[2024-10-26T21:54:26.749+0000] {processor.py:925} INFO - DAG(s) 'example_params_trigger_ui' retrieved from /home/airflow/.local/lib/python3.12/site-packages/airflow/example_dags/example_params_trigger_ui.py
[2024-10-26T21:54:26.785+0000] {logging_mixin.py:190} INFO - [2024-10-26T21:54:26.785+0000] {dag.py:3239} INFO - Sync 1 DAGs
[2024-10-26T21:54:26.797+0000] {logging_mixin.py:190} INFO - [2024-10-26T21:54:26.797+0000] {dag.py:4180} INFO - Setting next_dagrun for example_params_trigger_ui to None, run_after=None
[2024-10-26T21:54:26.816+0000] {processor.py:208} INFO - Processing /home/airflow/.local/lib/python3.12/site-packages/airflow/example_dags/example_params_trigger_ui.py took 0.085 seconds
[2024-10-26T21:54:58.829+0000] {processor.py:186} INFO - Started process (PID=32491) to work on /home/airflow/.local/lib/python3.12/site-packages/airflow/example_dags/example_params_trigger_ui.py
[2024-10-26T21:54:58.830+0000] {processor.py:914} INFO - Processing file /home/airflow/.local/lib/python3.12/site-packages/airflow/example_dags/example_params_trigger_ui.py for tasks to queue
[2024-10-26T21:54:58.832+0000] {logging_mixin.py:190} INFO - [2024-10-26T21:54:58.832+0000] {dagbag.py:588} INFO - Filling up the DagBag from /home/airflow/.local/lib/python3.12/site-packages/airflow/example_dags/example_params_trigger_ui.py
[2024-10-26T21:54:58.842+0000] {processor.py:925} INFO - DAG(s) 'example_params_trigger_ui' retrieved from /home/airflow/.local/lib/python3.12/site-packages/airflow/example_dags/example_params_trigger_ui.py
[2024-10-26T21:54:58.879+0000] {logging_mixin.py:190} INFO - [2024-10-26T21:54:58.879+0000] {dag.py:3239} INFO - Sync 1 DAGs
[2024-10-26T21:54:58.891+0000] {logging_mixin.py:190} INFO - [2024-10-26T21:54:58.891+0000] {dag.py:4180} INFO - Setting next_dagrun for example_params_trigger_ui to None, run_after=None
[2024-10-26T21:54:58.911+0000] {processor.py:208} INFO - Processing /home/airflow/.local/lib/python3.12/site-packages/airflow/example_dags/example_params_trigger_ui.py took 0.088 seconds
[2024-10-26T21:55:32.068+0000] {processor.py:186} INFO - Started process (PID=32555) to work on /home/airflow/.local/lib/python3.12/site-packages/airflow/example_dags/example_params_trigger_ui.py
[2024-10-26T21:55:32.069+0000] {processor.py:914} INFO - Processing file /home/airflow/.local/lib/python3.12/site-packages/airflow/example_dags/example_params_trigger_ui.py for tasks to queue
[2024-10-26T21:55:32.071+0000] {logging_mixin.py:190} INFO - [2024-10-26T21:55:32.071+0000] {dagbag.py:588} INFO - Filling up the DagBag from /home/airflow/.local/lib/python3.12/site-packages/airflow/example_dags/example_params_trigger_ui.py
[2024-10-26T21:55:32.081+0000] {processor.py:925} INFO - DAG(s) 'example_params_trigger_ui' retrieved from /home/airflow/.local/lib/python3.12/site-packages/airflow/example_dags/example_params_trigger_ui.py
[2024-10-26T21:55:32.117+0000] {logging_mixin.py:190} INFO - [2024-10-26T21:55:32.117+0000] {dag.py:3239} INFO - Sync 1 DAGs
[2024-10-26T21:55:32.136+0000] {logging_mixin.py:190} INFO - [2024-10-26T21:55:32.136+0000] {dag.py:4180} INFO - Setting next_dagrun for example_params_trigger_ui to None, run_after=None
[2024-10-26T21:55:32.156+0000] {processor.py:208} INFO - Processing /home/airflow/.local/lib/python3.12/site-packages/airflow/example_dags/example_params_trigger_ui.py took 0.094 seconds
[2024-10-26T21:56:04.933+0000] {processor.py:186} INFO - Started process (PID=32619) to work on /home/airflow/.local/lib/python3.12/site-packages/airflow/example_dags/example_params_trigger_ui.py
[2024-10-26T21:56:04.935+0000] {processor.py:914} INFO - Processing file /home/airflow/.local/lib/python3.12/site-packages/airflow/example_dags/example_params_trigger_ui.py for tasks to queue
[2024-10-26T21:56:04.937+0000] {logging_mixin.py:190} INFO - [2024-10-26T21:56:04.937+0000] {dagbag.py:588} INFO - Filling up the DagBag from /home/airflow/.local/lib/python3.12/site-packages/airflow/example_dags/example_params_trigger_ui.py
[2024-10-26T21:56:04.947+0000] {processor.py:925} INFO - DAG(s) 'example_params_trigger_ui' retrieved from /home/airflow/.local/lib/python3.12/site-packages/airflow/example_dags/example_params_trigger_ui.py
[2024-10-26T21:56:04.983+0000] {logging_mixin.py:190} INFO - [2024-10-26T21:56:04.983+0000] {dag.py:3239} INFO - Sync 1 DAGs
[2024-10-26T21:56:04.997+0000] {logging_mixin.py:190} INFO - [2024-10-26T21:56:04.996+0000] {dag.py:4180} INFO - Setting next_dagrun for example_params_trigger_ui to None, run_after=None
[2024-10-26T21:56:05.016+0000] {processor.py:208} INFO - Processing /home/airflow/.local/lib/python3.12/site-packages/airflow/example_dags/example_params_trigger_ui.py took 0.088 seconds
[2024-10-26T21:56:36.993+0000] {processor.py:186} INFO - Started process (PID=32683) to work on /home/airflow/.local/lib/python3.12/site-packages/airflow/example_dags/example_params_trigger_ui.py
[2024-10-26T21:56:36.994+0000] {processor.py:914} INFO - Processing file /home/airflow/.local/lib/python3.12/site-packages/airflow/example_dags/example_params_trigger_ui.py for tasks to queue
[2024-10-26T21:56:36.997+0000] {logging_mixin.py:190} INFO - [2024-10-26T21:56:36.996+0000] {dagbag.py:588} INFO - Filling up the DagBag from /home/airflow/.local/lib/python3.12/site-packages/airflow/example_dags/example_params_trigger_ui.py
[2024-10-26T21:56:37.007+0000] {processor.py:925} INFO - DAG(s) 'example_params_trigger_ui' retrieved from /home/airflow/.local/lib/python3.12/site-packages/airflow/example_dags/example_params_trigger_ui.py
[2024-10-26T21:56:37.047+0000] {logging_mixin.py:190} INFO - [2024-10-26T21:56:37.047+0000] {dag.py:3239} INFO - Sync 1 DAGs
[2024-10-26T21:56:37.060+0000] {logging_mixin.py:190} INFO - [2024-10-26T21:56:37.060+0000] {dag.py:4180} INFO - Setting next_dagrun for example_params_trigger_ui to None, run_after=None
[2024-10-26T21:56:37.080+0000] {processor.py:208} INFO - Processing /home/airflow/.local/lib/python3.12/site-packages/airflow/example_dags/example_params_trigger_ui.py took 0.092 seconds
[2024-10-26T21:57:09.844+0000] {processor.py:186} INFO - Started process (PID=32748) to work on /home/airflow/.local/lib/python3.12/site-packages/airflow/example_dags/example_params_trigger_ui.py
[2024-10-26T21:57:09.845+0000] {processor.py:914} INFO - Processing file /home/airflow/.local/lib/python3.12/site-packages/airflow/example_dags/example_params_trigger_ui.py for tasks to queue
[2024-10-26T21:57:09.848+0000] {logging_mixin.py:190} INFO - [2024-10-26T21:57:09.848+0000] {dagbag.py:588} INFO - Filling up the DagBag from /home/airflow/.local/lib/python3.12/site-packages/airflow/example_dags/example_params_trigger_ui.py
[2024-10-26T21:57:09.862+0000] {processor.py:925} INFO - DAG(s) 'example_params_trigger_ui' retrieved from /home/airflow/.local/lib/python3.12/site-packages/airflow/example_dags/example_params_trigger_ui.py
[2024-10-26T21:57:09.917+0000] {logging_mixin.py:190} INFO - [2024-10-26T21:57:09.916+0000] {dag.py:3239} INFO - Sync 1 DAGs
[2024-10-26T21:57:09.933+0000] {logging_mixin.py:190} INFO - [2024-10-26T21:57:09.932+0000] {dag.py:4180} INFO - Setting next_dagrun for example_params_trigger_ui to None, run_after=None
[2024-10-26T21:57:09.958+0000] {processor.py:208} INFO - Processing /home/airflow/.local/lib/python3.12/site-packages/airflow/example_dags/example_params_trigger_ui.py took 0.121 seconds
[2024-10-26T21:57:42.819+0000] {processor.py:186} INFO - Started process (PID=32812) to work on /home/airflow/.local/lib/python3.12/site-packages/airflow/example_dags/example_params_trigger_ui.py
[2024-10-26T21:57:42.820+0000] {processor.py:914} INFO - Processing file /home/airflow/.local/lib/python3.12/site-packages/airflow/example_dags/example_params_trigger_ui.py for tasks to queue
[2024-10-26T21:57:42.823+0000] {logging_mixin.py:190} INFO - [2024-10-26T21:57:42.823+0000] {dagbag.py:588} INFO - Filling up the DagBag from /home/airflow/.local/lib/python3.12/site-packages/airflow/example_dags/example_params_trigger_ui.py
[2024-10-26T21:57:42.835+0000] {processor.py:925} INFO - DAG(s) 'example_params_trigger_ui' retrieved from /home/airflow/.local/lib/python3.12/site-packages/airflow/example_dags/example_params_trigger_ui.py
[2024-10-26T21:57:42.877+0000] {logging_mixin.py:190} INFO - [2024-10-26T21:57:42.877+0000] {dag.py:3239} INFO - Sync 1 DAGs
[2024-10-26T21:57:42.894+0000] {logging_mixin.py:190} INFO - [2024-10-26T21:57:42.894+0000] {dag.py:4180} INFO - Setting next_dagrun for example_params_trigger_ui to None, run_after=None
[2024-10-26T21:57:42.912+0000] {processor.py:208} INFO - Processing /home/airflow/.local/lib/python3.12/site-packages/airflow/example_dags/example_params_trigger_ui.py took 0.099 seconds
[2024-10-26T21:58:15.882+0000] {processor.py:186} INFO - Started process (PID=32876) to work on /home/airflow/.local/lib/python3.12/site-packages/airflow/example_dags/example_params_trigger_ui.py
[2024-10-26T21:58:15.883+0000] {processor.py:914} INFO - Processing file /home/airflow/.local/lib/python3.12/site-packages/airflow/example_dags/example_params_trigger_ui.py for tasks to queue
[2024-10-26T21:58:15.885+0000] {logging_mixin.py:190} INFO - [2024-10-26T21:58:15.884+0000] {dagbag.py:588} INFO - Filling up the DagBag from /home/airflow/.local/lib/python3.12/site-packages/airflow/example_dags/example_params_trigger_ui.py
[2024-10-26T21:58:15.896+0000] {processor.py:925} INFO - DAG(s) 'example_params_trigger_ui' retrieved from /home/airflow/.local/lib/python3.12/site-packages/airflow/example_dags/example_params_trigger_ui.py
[2024-10-26T21:58:15.940+0000] {logging_mixin.py:190} INFO - [2024-10-26T21:58:15.940+0000] {dag.py:3239} INFO - Sync 1 DAGs
[2024-10-26T21:58:15.956+0000] {logging_mixin.py:190} INFO - [2024-10-26T21:58:15.956+0000] {dag.py:4180} INFO - Setting next_dagrun for example_params_trigger_ui to None, run_after=None
[2024-10-26T21:58:15.976+0000] {processor.py:208} INFO - Processing /home/airflow/.local/lib/python3.12/site-packages/airflow/example_dags/example_params_trigger_ui.py took 0.099 seconds
[2024-10-26T21:58:47.736+0000] {processor.py:186} INFO - Started process (PID=32940) to work on /home/airflow/.local/lib/python3.12/site-packages/airflow/example_dags/example_params_trigger_ui.py
[2024-10-26T21:58:47.737+0000] {processor.py:914} INFO - Processing file /home/airflow/.local/lib/python3.12/site-packages/airflow/example_dags/example_params_trigger_ui.py for tasks to queue
[2024-10-26T21:58:47.740+0000] {logging_mixin.py:190} INFO - [2024-10-26T21:58:47.740+0000] {dagbag.py:588} INFO - Filling up the DagBag from /home/airflow/.local/lib/python3.12/site-packages/airflow/example_dags/example_params_trigger_ui.py
[2024-10-26T21:58:47.749+0000] {processor.py:925} INFO - DAG(s) 'example_params_trigger_ui' retrieved from /home/airflow/.local/lib/python3.12/site-packages/airflow/example_dags/example_params_trigger_ui.py
[2024-10-26T21:58:47.786+0000] {logging_mixin.py:190} INFO - [2024-10-26T21:58:47.786+0000] {dag.py:3239} INFO - Sync 1 DAGs
[2024-10-26T21:58:47.800+0000] {logging_mixin.py:190} INFO - [2024-10-26T21:58:47.800+0000] {dag.py:4180} INFO - Setting next_dagrun for example_params_trigger_ui to None, run_after=None
[2024-10-26T21:58:47.820+0000] {processor.py:208} INFO - Processing /home/airflow/.local/lib/python3.12/site-packages/airflow/example_dags/example_params_trigger_ui.py took 0.090 seconds
[2024-10-26T21:59:20.680+0000] {processor.py:186} INFO - Started process (PID=33004) to work on /home/airflow/.local/lib/python3.12/site-packages/airflow/example_dags/example_params_trigger_ui.py
[2024-10-26T21:59:20.681+0000] {processor.py:914} INFO - Processing file /home/airflow/.local/lib/python3.12/site-packages/airflow/example_dags/example_params_trigger_ui.py for tasks to queue
[2024-10-26T21:59:20.684+0000] {logging_mixin.py:190} INFO - [2024-10-26T21:59:20.683+0000] {dagbag.py:588} INFO - Filling up the DagBag from /home/airflow/.local/lib/python3.12/site-packages/airflow/example_dags/example_params_trigger_ui.py
[2024-10-26T21:59:20.694+0000] {processor.py:925} INFO - DAG(s) 'example_params_trigger_ui' retrieved from /home/airflow/.local/lib/python3.12/site-packages/airflow/example_dags/example_params_trigger_ui.py
[2024-10-26T21:59:20.732+0000] {logging_mixin.py:190} INFO - [2024-10-26T21:59:20.731+0000] {dag.py:3239} INFO - Sync 1 DAGs
[2024-10-26T21:59:20.745+0000] {logging_mixin.py:190} INFO - [2024-10-26T21:59:20.744+0000] {dag.py:4180} INFO - Setting next_dagrun for example_params_trigger_ui to None, run_after=None
[2024-10-26T21:59:20.764+0000] {processor.py:208} INFO - Processing /home/airflow/.local/lib/python3.12/site-packages/airflow/example_dags/example_params_trigger_ui.py took 0.089 seconds
[2024-10-26T21:59:53.938+0000] {processor.py:186} INFO - Started process (PID=33068) to work on /home/airflow/.local/lib/python3.12/site-packages/airflow/example_dags/example_params_trigger_ui.py
[2024-10-26T21:59:53.940+0000] {processor.py:914} INFO - Processing file /home/airflow/.local/lib/python3.12/site-packages/airflow/example_dags/example_params_trigger_ui.py for tasks to queue
[2024-10-26T21:59:53.943+0000] {logging_mixin.py:190} INFO - [2024-10-26T21:59:53.942+0000] {dagbag.py:588} INFO - Filling up the DagBag from /home/airflow/.local/lib/python3.12/site-packages/airflow/example_dags/example_params_trigger_ui.py
[2024-10-26T21:59:53.953+0000] {processor.py:925} INFO - DAG(s) 'example_params_trigger_ui' retrieved from /home/airflow/.local/lib/python3.12/site-packages/airflow/example_dags/example_params_trigger_ui.py
[2024-10-26T21:59:53.990+0000] {logging_mixin.py:190} INFO - [2024-10-26T21:59:53.990+0000] {dag.py:3239} INFO - Sync 1 DAGs
[2024-10-26T21:59:54.002+0000] {logging_mixin.py:190} INFO - [2024-10-26T21:59:54.001+0000] {dag.py:4180} INFO - Setting next_dagrun for example_params_trigger_ui to None, run_after=None
[2024-10-26T21:59:54.022+0000] {processor.py:208} INFO - Processing /home/airflow/.local/lib/python3.12/site-packages/airflow/example_dags/example_params_trigger_ui.py took 0.089 seconds
[2024-10-26T22:00:26.890+0000] {processor.py:186} INFO - Started process (PID=33132) to work on /home/airflow/.local/lib/python3.12/site-packages/airflow/example_dags/example_params_trigger_ui.py
[2024-10-26T22:00:26.891+0000] {processor.py:914} INFO - Processing file /home/airflow/.local/lib/python3.12/site-packages/airflow/example_dags/example_params_trigger_ui.py for tasks to queue
[2024-10-26T22:00:26.893+0000] {logging_mixin.py:190} INFO - [2024-10-26T22:00:26.893+0000] {dagbag.py:588} INFO - Filling up the DagBag from /home/airflow/.local/lib/python3.12/site-packages/airflow/example_dags/example_params_trigger_ui.py
[2024-10-26T22:00:26.902+0000] {processor.py:925} INFO - DAG(s) 'example_params_trigger_ui' retrieved from /home/airflow/.local/lib/python3.12/site-packages/airflow/example_dags/example_params_trigger_ui.py
[2024-10-26T22:00:26.939+0000] {logging_mixin.py:190} INFO - [2024-10-26T22:00:26.939+0000] {dag.py:3239} INFO - Sync 1 DAGs
[2024-10-26T22:00:26.952+0000] {logging_mixin.py:190} INFO - [2024-10-26T22:00:26.951+0000] {dag.py:4180} INFO - Setting next_dagrun for example_params_trigger_ui to None, run_after=None
[2024-10-26T22:00:26.971+0000] {processor.py:208} INFO - Processing /home/airflow/.local/lib/python3.12/site-packages/airflow/example_dags/example_params_trigger_ui.py took 0.086 seconds
[2024-10-26T22:00:58.842+0000] {processor.py:186} INFO - Started process (PID=33196) to work on /home/airflow/.local/lib/python3.12/site-packages/airflow/example_dags/example_params_trigger_ui.py
[2024-10-26T22:00:58.843+0000] {processor.py:914} INFO - Processing file /home/airflow/.local/lib/python3.12/site-packages/airflow/example_dags/example_params_trigger_ui.py for tasks to queue
[2024-10-26T22:00:58.846+0000] {logging_mixin.py:190} INFO - [2024-10-26T22:00:58.846+0000] {dagbag.py:588} INFO - Filling up the DagBag from /home/airflow/.local/lib/python3.12/site-packages/airflow/example_dags/example_params_trigger_ui.py
[2024-10-26T22:00:58.855+0000] {processor.py:925} INFO - DAG(s) 'example_params_trigger_ui' retrieved from /home/airflow/.local/lib/python3.12/site-packages/airflow/example_dags/example_params_trigger_ui.py
[2024-10-26T22:00:58.895+0000] {logging_mixin.py:190} INFO - [2024-10-26T22:00:58.894+0000] {dag.py:3239} INFO - Sync 1 DAGs
[2024-10-26T22:00:58.907+0000] {logging_mixin.py:190} INFO - [2024-10-26T22:00:58.906+0000] {dag.py:4180} INFO - Setting next_dagrun for example_params_trigger_ui to None, run_after=None
[2024-10-26T22:00:58.927+0000] {processor.py:208} INFO - Processing /home/airflow/.local/lib/python3.12/site-packages/airflow/example_dags/example_params_trigger_ui.py took 0.090 seconds
[2024-10-26T22:01:31.909+0000] {processor.py:186} INFO - Started process (PID=33260) to work on /home/airflow/.local/lib/python3.12/site-packages/airflow/example_dags/example_params_trigger_ui.py
[2024-10-26T22:01:31.910+0000] {processor.py:914} INFO - Processing file /home/airflow/.local/lib/python3.12/site-packages/airflow/example_dags/example_params_trigger_ui.py for tasks to queue
[2024-10-26T22:01:31.912+0000] {logging_mixin.py:190} INFO - [2024-10-26T22:01:31.912+0000] {dagbag.py:588} INFO - Filling up the DagBag from /home/airflow/.local/lib/python3.12/site-packages/airflow/example_dags/example_params_trigger_ui.py
[2024-10-26T22:01:31.923+0000] {processor.py:925} INFO - DAG(s) 'example_params_trigger_ui' retrieved from /home/airflow/.local/lib/python3.12/site-packages/airflow/example_dags/example_params_trigger_ui.py
[2024-10-26T22:01:31.966+0000] {logging_mixin.py:190} INFO - [2024-10-26T22:01:31.965+0000] {dag.py:3239} INFO - Sync 1 DAGs
[2024-10-26T22:01:31.978+0000] {logging_mixin.py:190} INFO - [2024-10-26T22:01:31.978+0000] {dag.py:4180} INFO - Setting next_dagrun for example_params_trigger_ui to None, run_after=None
[2024-10-26T22:01:31.997+0000] {processor.py:208} INFO - Processing /home/airflow/.local/lib/python3.12/site-packages/airflow/example_dags/example_params_trigger_ui.py took 0.095 seconds
[2024-10-26T22:02:04.769+0000] {processor.py:186} INFO - Started process (PID=33324) to work on /home/airflow/.local/lib/python3.12/site-packages/airflow/example_dags/example_params_trigger_ui.py
[2024-10-26T22:02:04.770+0000] {processor.py:914} INFO - Processing file /home/airflow/.local/lib/python3.12/site-packages/airflow/example_dags/example_params_trigger_ui.py for tasks to queue
[2024-10-26T22:02:04.772+0000] {logging_mixin.py:190} INFO - [2024-10-26T22:02:04.772+0000] {dagbag.py:588} INFO - Filling up the DagBag from /home/airflow/.local/lib/python3.12/site-packages/airflow/example_dags/example_params_trigger_ui.py
[2024-10-26T22:02:04.781+0000] {processor.py:925} INFO - DAG(s) 'example_params_trigger_ui' retrieved from /home/airflow/.local/lib/python3.12/site-packages/airflow/example_dags/example_params_trigger_ui.py
[2024-10-26T22:02:04.818+0000] {logging_mixin.py:190} INFO - [2024-10-26T22:02:04.818+0000] {dag.py:3239} INFO - Sync 1 DAGs
[2024-10-26T22:02:04.831+0000] {logging_mixin.py:190} INFO - [2024-10-26T22:02:04.831+0000] {dag.py:4180} INFO - Setting next_dagrun for example_params_trigger_ui to None, run_after=None
[2024-10-26T22:02:04.849+0000] {processor.py:208} INFO - Processing /home/airflow/.local/lib/python3.12/site-packages/airflow/example_dags/example_params_trigger_ui.py took 0.086 seconds
[2024-10-26T22:02:37.773+0000] {processor.py:186} INFO - Started process (PID=33388) to work on /home/airflow/.local/lib/python3.12/site-packages/airflow/example_dags/example_params_trigger_ui.py
[2024-10-26T22:02:37.774+0000] {processor.py:914} INFO - Processing file /home/airflow/.local/lib/python3.12/site-packages/airflow/example_dags/example_params_trigger_ui.py for tasks to queue
[2024-10-26T22:02:37.776+0000] {logging_mixin.py:190} INFO - [2024-10-26T22:02:37.776+0000] {dagbag.py:588} INFO - Filling up the DagBag from /home/airflow/.local/lib/python3.12/site-packages/airflow/example_dags/example_params_trigger_ui.py
[2024-10-26T22:02:37.786+0000] {processor.py:925} INFO - DAG(s) 'example_params_trigger_ui' retrieved from /home/airflow/.local/lib/python3.12/site-packages/airflow/example_dags/example_params_trigger_ui.py
[2024-10-26T22:02:37.826+0000] {logging_mixin.py:190} INFO - [2024-10-26T22:02:37.826+0000] {dag.py:3239} INFO - Sync 1 DAGs
[2024-10-26T22:02:37.838+0000] {logging_mixin.py:190} INFO - [2024-10-26T22:02:37.837+0000] {dag.py:4180} INFO - Setting next_dagrun for example_params_trigger_ui to None, run_after=None
[2024-10-26T22:02:37.856+0000] {processor.py:208} INFO - Processing /home/airflow/.local/lib/python3.12/site-packages/airflow/example_dags/example_params_trigger_ui.py took 0.088 seconds
[2024-10-26T22:03:09.949+0000] {processor.py:186} INFO - Started process (PID=33452) to work on /home/airflow/.local/lib/python3.12/site-packages/airflow/example_dags/example_params_trigger_ui.py
[2024-10-26T22:03:09.950+0000] {processor.py:914} INFO - Processing file /home/airflow/.local/lib/python3.12/site-packages/airflow/example_dags/example_params_trigger_ui.py for tasks to queue
[2024-10-26T22:03:09.953+0000] {logging_mixin.py:190} INFO - [2024-10-26T22:03:09.952+0000] {dagbag.py:588} INFO - Filling up the DagBag from /home/airflow/.local/lib/python3.12/site-packages/airflow/example_dags/example_params_trigger_ui.py
[2024-10-26T22:03:09.963+0000] {processor.py:925} INFO - DAG(s) 'example_params_trigger_ui' retrieved from /home/airflow/.local/lib/python3.12/site-packages/airflow/example_dags/example_params_trigger_ui.py
[2024-10-26T22:03:10.000+0000] {logging_mixin.py:190} INFO - [2024-10-26T22:03:09.999+0000] {dag.py:3239} INFO - Sync 1 DAGs
[2024-10-26T22:03:10.146+0000] {logging_mixin.py:190} INFO - [2024-10-26T22:03:10.146+0000] {dag.py:4180} INFO - Setting next_dagrun for example_params_trigger_ui to None, run_after=None
[2024-10-26T22:03:10.163+0000] {processor.py:208} INFO - Processing /home/airflow/.local/lib/python3.12/site-packages/airflow/example_dags/example_params_trigger_ui.py took 0.219 seconds
[2024-10-26T22:03:44.071+0000] {processor.py:186} INFO - Started process (PID=33516) to work on /home/airflow/.local/lib/python3.12/site-packages/airflow/example_dags/example_params_trigger_ui.py
[2024-10-26T22:03:44.072+0000] {processor.py:914} INFO - Processing file /home/airflow/.local/lib/python3.12/site-packages/airflow/example_dags/example_params_trigger_ui.py for tasks to queue
[2024-10-26T22:03:44.075+0000] {logging_mixin.py:190} INFO - [2024-10-26T22:03:44.075+0000] {dagbag.py:588} INFO - Filling up the DagBag from /home/airflow/.local/lib/python3.12/site-packages/airflow/example_dags/example_params_trigger_ui.py
[2024-10-26T22:03:44.084+0000] {processor.py:925} INFO - DAG(s) 'example_params_trigger_ui' retrieved from /home/airflow/.local/lib/python3.12/site-packages/airflow/example_dags/example_params_trigger_ui.py
[2024-10-26T22:03:44.121+0000] {logging_mixin.py:190} INFO - [2024-10-26T22:03:44.120+0000] {dag.py:3239} INFO - Sync 1 DAGs
[2024-10-26T22:03:44.134+0000] {logging_mixin.py:190} INFO - [2024-10-26T22:03:44.134+0000] {dag.py:4180} INFO - Setting next_dagrun for example_params_trigger_ui to None, run_after=None
[2024-10-26T22:03:44.285+0000] {processor.py:208} INFO - Processing /home/airflow/.local/lib/python3.12/site-packages/airflow/example_dags/example_params_trigger_ui.py took 0.219 seconds
[2024-10-26T22:04:15.235+0000] {processor.py:186} INFO - Started process (PID=33580) to work on /home/airflow/.local/lib/python3.12/site-packages/airflow/example_dags/example_params_trigger_ui.py
[2024-10-26T22:04:15.237+0000] {processor.py:914} INFO - Processing file /home/airflow/.local/lib/python3.12/site-packages/airflow/example_dags/example_params_trigger_ui.py for tasks to queue
[2024-10-26T22:04:15.239+0000] {logging_mixin.py:190} INFO - [2024-10-26T22:04:15.239+0000] {dagbag.py:588} INFO - Filling up the DagBag from /home/airflow/.local/lib/python3.12/site-packages/airflow/example_dags/example_params_trigger_ui.py
[2024-10-26T22:04:15.249+0000] {processor.py:925} INFO - DAG(s) 'example_params_trigger_ui' retrieved from /home/airflow/.local/lib/python3.12/site-packages/airflow/example_dags/example_params_trigger_ui.py
[2024-10-26T22:04:15.286+0000] {logging_mixin.py:190} INFO - [2024-10-26T22:04:15.286+0000] {dag.py:3239} INFO - Sync 1 DAGs
[2024-10-26T22:04:15.299+0000] {logging_mixin.py:190} INFO - [2024-10-26T22:04:15.299+0000] {dag.py:4180} INFO - Setting next_dagrun for example_params_trigger_ui to None, run_after=None
[2024-10-26T22:04:15.320+0000] {processor.py:208} INFO - Processing /home/airflow/.local/lib/python3.12/site-packages/airflow/example_dags/example_params_trigger_ui.py took 0.090 seconds
[2024-10-26T22:04:48.446+0000] {processor.py:186} INFO - Started process (PID=33644) to work on /home/airflow/.local/lib/python3.12/site-packages/airflow/example_dags/example_params_trigger_ui.py
[2024-10-26T22:04:48.447+0000] {processor.py:914} INFO - Processing file /home/airflow/.local/lib/python3.12/site-packages/airflow/example_dags/example_params_trigger_ui.py for tasks to queue
[2024-10-26T22:04:48.449+0000] {logging_mixin.py:190} INFO - [2024-10-26T22:04:48.449+0000] {dagbag.py:588} INFO - Filling up the DagBag from /home/airflow/.local/lib/python3.12/site-packages/airflow/example_dags/example_params_trigger_ui.py
[2024-10-26T22:04:48.458+0000] {processor.py:925} INFO - DAG(s) 'example_params_trigger_ui' retrieved from /home/airflow/.local/lib/python3.12/site-packages/airflow/example_dags/example_params_trigger_ui.py
[2024-10-26T22:04:48.499+0000] {logging_mixin.py:190} INFO - [2024-10-26T22:04:48.499+0000] {dag.py:3239} INFO - Sync 1 DAGs
[2024-10-26T22:04:48.512+0000] {logging_mixin.py:190} INFO - [2024-10-26T22:04:48.511+0000] {dag.py:4180} INFO - Setting next_dagrun for example_params_trigger_ui to None, run_after=None
[2024-10-26T22:04:48.531+0000] {processor.py:208} INFO - Processing /home/airflow/.local/lib/python3.12/site-packages/airflow/example_dags/example_params_trigger_ui.py took 0.090 seconds
[2024-10-26T22:05:21.370+0000] {processor.py:186} INFO - Started process (PID=33708) to work on /home/airflow/.local/lib/python3.12/site-packages/airflow/example_dags/example_params_trigger_ui.py
[2024-10-26T22:05:21.371+0000] {processor.py:914} INFO - Processing file /home/airflow/.local/lib/python3.12/site-packages/airflow/example_dags/example_params_trigger_ui.py for tasks to queue
[2024-10-26T22:05:21.373+0000] {logging_mixin.py:190} INFO - [2024-10-26T22:05:21.373+0000] {dagbag.py:588} INFO - Filling up the DagBag from /home/airflow/.local/lib/python3.12/site-packages/airflow/example_dags/example_params_trigger_ui.py
[2024-10-26T22:05:21.383+0000] {processor.py:925} INFO - DAG(s) 'example_params_trigger_ui' retrieved from /home/airflow/.local/lib/python3.12/site-packages/airflow/example_dags/example_params_trigger_ui.py
[2024-10-26T22:05:21.429+0000] {logging_mixin.py:190} INFO - [2024-10-26T22:05:21.429+0000] {dag.py:3239} INFO - Sync 1 DAGs
[2024-10-26T22:05:21.442+0000] {logging_mixin.py:190} INFO - [2024-10-26T22:05:21.442+0000] {dag.py:4180} INFO - Setting next_dagrun for example_params_trigger_ui to None, run_after=None
[2024-10-26T22:05:21.460+0000] {processor.py:208} INFO - Processing /home/airflow/.local/lib/python3.12/site-packages/airflow/example_dags/example_params_trigger_ui.py took 0.095 seconds
[2024-10-26T22:05:55.242+0000] {processor.py:186} INFO - Started process (PID=33772) to work on /home/airflow/.local/lib/python3.12/site-packages/airflow/example_dags/example_params_trigger_ui.py
[2024-10-26T22:05:55.243+0000] {processor.py:914} INFO - Processing file /home/airflow/.local/lib/python3.12/site-packages/airflow/example_dags/example_params_trigger_ui.py for tasks to queue
[2024-10-26T22:05:55.245+0000] {logging_mixin.py:190} INFO - [2024-10-26T22:05:55.245+0000] {dagbag.py:588} INFO - Filling up the DagBag from /home/airflow/.local/lib/python3.12/site-packages/airflow/example_dags/example_params_trigger_ui.py
[2024-10-26T22:05:55.255+0000] {processor.py:925} INFO - DAG(s) 'example_params_trigger_ui' retrieved from /home/airflow/.local/lib/python3.12/site-packages/airflow/example_dags/example_params_trigger_ui.py
[2024-10-26T22:05:55.292+0000] {logging_mixin.py:190} INFO - [2024-10-26T22:05:55.292+0000] {dag.py:3239} INFO - Sync 1 DAGs
[2024-10-26T22:05:55.304+0000] {logging_mixin.py:190} INFO - [2024-10-26T22:05:55.304+0000] {dag.py:4180} INFO - Setting next_dagrun for example_params_trigger_ui to None, run_after=None
[2024-10-26T22:05:55.325+0000] {processor.py:208} INFO - Processing /home/airflow/.local/lib/python3.12/site-packages/airflow/example_dags/example_params_trigger_ui.py took 0.088 seconds
[2024-10-26T22:06:26.180+0000] {processor.py:186} INFO - Started process (PID=33836) to work on /home/airflow/.local/lib/python3.12/site-packages/airflow/example_dags/example_params_trigger_ui.py
[2024-10-26T22:06:26.181+0000] {processor.py:914} INFO - Processing file /home/airflow/.local/lib/python3.12/site-packages/airflow/example_dags/example_params_trigger_ui.py for tasks to queue
[2024-10-26T22:06:26.184+0000] {logging_mixin.py:190} INFO - [2024-10-26T22:06:26.183+0000] {dagbag.py:588} INFO - Filling up the DagBag from /home/airflow/.local/lib/python3.12/site-packages/airflow/example_dags/example_params_trigger_ui.py
[2024-10-26T22:06:26.194+0000] {processor.py:925} INFO - DAG(s) 'example_params_trigger_ui' retrieved from /home/airflow/.local/lib/python3.12/site-packages/airflow/example_dags/example_params_trigger_ui.py
[2024-10-26T22:06:26.234+0000] {logging_mixin.py:190} INFO - [2024-10-26T22:06:26.233+0000] {dag.py:3239} INFO - Sync 1 DAGs
[2024-10-26T22:06:26.246+0000] {logging_mixin.py:190} INFO - [2024-10-26T22:06:26.246+0000] {dag.py:4180} INFO - Setting next_dagrun for example_params_trigger_ui to None, run_after=None
[2024-10-26T22:06:26.266+0000] {processor.py:208} INFO - Processing /home/airflow/.local/lib/python3.12/site-packages/airflow/example_dags/example_params_trigger_ui.py took 0.091 seconds
[2024-10-26T22:06:58.841+0000] {processor.py:186} INFO - Started process (PID=33901) to work on /home/airflow/.local/lib/python3.12/site-packages/airflow/example_dags/example_params_trigger_ui.py
[2024-10-26T22:06:58.842+0000] {processor.py:914} INFO - Processing file /home/airflow/.local/lib/python3.12/site-packages/airflow/example_dags/example_params_trigger_ui.py for tasks to queue
[2024-10-26T22:06:58.844+0000] {logging_mixin.py:190} INFO - [2024-10-26T22:06:58.844+0000] {dagbag.py:588} INFO - Filling up the DagBag from /home/airflow/.local/lib/python3.12/site-packages/airflow/example_dags/example_params_trigger_ui.py
[2024-10-26T22:06:58.854+0000] {processor.py:925} INFO - DAG(s) 'example_params_trigger_ui' retrieved from /home/airflow/.local/lib/python3.12/site-packages/airflow/example_dags/example_params_trigger_ui.py
[2024-10-26T22:06:58.893+0000] {logging_mixin.py:190} INFO - [2024-10-26T22:06:58.893+0000] {dag.py:3239} INFO - Sync 1 DAGs
[2024-10-26T22:06:58.906+0000] {logging_mixin.py:190} INFO - [2024-10-26T22:06:58.906+0000] {dag.py:4180} INFO - Setting next_dagrun for example_params_trigger_ui to None, run_after=None
[2024-10-26T22:06:58.924+0000] {processor.py:208} INFO - Processing /home/airflow/.local/lib/python3.12/site-packages/airflow/example_dags/example_params_trigger_ui.py took 0.089 seconds
[2024-10-26T22:07:31.503+0000] {processor.py:186} INFO - Started process (PID=33965) to work on /home/airflow/.local/lib/python3.12/site-packages/airflow/example_dags/example_params_trigger_ui.py
[2024-10-26T22:07:31.504+0000] {processor.py:914} INFO - Processing file /home/airflow/.local/lib/python3.12/site-packages/airflow/example_dags/example_params_trigger_ui.py for tasks to queue
[2024-10-26T22:07:31.507+0000] {logging_mixin.py:190} INFO - [2024-10-26T22:07:31.507+0000] {dagbag.py:588} INFO - Filling up the DagBag from /home/airflow/.local/lib/python3.12/site-packages/airflow/example_dags/example_params_trigger_ui.py
[2024-10-26T22:07:31.517+0000] {processor.py:925} INFO - DAG(s) 'example_params_trigger_ui' retrieved from /home/airflow/.local/lib/python3.12/site-packages/airflow/example_dags/example_params_trigger_ui.py
[2024-10-26T22:07:31.556+0000] {logging_mixin.py:190} INFO - [2024-10-26T22:07:31.556+0000] {dag.py:3239} INFO - Sync 1 DAGs
[2024-10-26T22:07:31.568+0000] {logging_mixin.py:190} INFO - [2024-10-26T22:07:31.568+0000] {dag.py:4180} INFO - Setting next_dagrun for example_params_trigger_ui to None, run_after=None
[2024-10-26T22:07:31.588+0000] {processor.py:208} INFO - Processing /home/airflow/.local/lib/python3.12/site-packages/airflow/example_dags/example_params_trigger_ui.py took 0.090 seconds
[2024-10-26T22:08:04.349+0000] {processor.py:186} INFO - Started process (PID=34029) to work on /home/airflow/.local/lib/python3.12/site-packages/airflow/example_dags/example_params_trigger_ui.py
[2024-10-26T22:08:04.350+0000] {processor.py:914} INFO - Processing file /home/airflow/.local/lib/python3.12/site-packages/airflow/example_dags/example_params_trigger_ui.py for tasks to queue
[2024-10-26T22:08:04.353+0000] {logging_mixin.py:190} INFO - [2024-10-26T22:08:04.352+0000] {dagbag.py:588} INFO - Filling up the DagBag from /home/airflow/.local/lib/python3.12/site-packages/airflow/example_dags/example_params_trigger_ui.py
[2024-10-26T22:08:04.364+0000] {processor.py:925} INFO - DAG(s) 'example_params_trigger_ui' retrieved from /home/airflow/.local/lib/python3.12/site-packages/airflow/example_dags/example_params_trigger_ui.py
[2024-10-26T22:08:04.417+0000] {logging_mixin.py:190} INFO - [2024-10-26T22:08:04.416+0000] {dag.py:3239} INFO - Sync 1 DAGs
[2024-10-26T22:08:04.432+0000] {logging_mixin.py:190} INFO - [2024-10-26T22:08:04.432+0000] {dag.py:4180} INFO - Setting next_dagrun for example_params_trigger_ui to None, run_after=None
[2024-10-26T22:08:04.457+0000] {processor.py:208} INFO - Processing /home/airflow/.local/lib/python3.12/site-packages/airflow/example_dags/example_params_trigger_ui.py took 0.115 seconds
[2024-10-26T22:08:37.521+0000] {processor.py:186} INFO - Started process (PID=34093) to work on /home/airflow/.local/lib/python3.12/site-packages/airflow/example_dags/example_params_trigger_ui.py
[2024-10-26T22:08:37.522+0000] {processor.py:914} INFO - Processing file /home/airflow/.local/lib/python3.12/site-packages/airflow/example_dags/example_params_trigger_ui.py for tasks to queue
[2024-10-26T22:08:37.524+0000] {logging_mixin.py:190} INFO - [2024-10-26T22:08:37.524+0000] {dagbag.py:588} INFO - Filling up the DagBag from /home/airflow/.local/lib/python3.12/site-packages/airflow/example_dags/example_params_trigger_ui.py
[2024-10-26T22:08:37.534+0000] {processor.py:925} INFO - DAG(s) 'example_params_trigger_ui' retrieved from /home/airflow/.local/lib/python3.12/site-packages/airflow/example_dags/example_params_trigger_ui.py
[2024-10-26T22:08:37.571+0000] {logging_mixin.py:190} INFO - [2024-10-26T22:08:37.571+0000] {dag.py:3239} INFO - Sync 1 DAGs
[2024-10-26T22:08:37.585+0000] {logging_mixin.py:190} INFO - [2024-10-26T22:08:37.585+0000] {dag.py:4180} INFO - Setting next_dagrun for example_params_trigger_ui to None, run_after=None
[2024-10-26T22:08:37.604+0000] {processor.py:208} INFO - Processing /home/airflow/.local/lib/python3.12/site-packages/airflow/example_dags/example_params_trigger_ui.py took 0.088 seconds
[2024-10-26T22:09:10.448+0000] {processor.py:186} INFO - Started process (PID=34157) to work on /home/airflow/.local/lib/python3.12/site-packages/airflow/example_dags/example_params_trigger_ui.py
[2024-10-26T22:09:10.449+0000] {processor.py:914} INFO - Processing file /home/airflow/.local/lib/python3.12/site-packages/airflow/example_dags/example_params_trigger_ui.py for tasks to queue
[2024-10-26T22:09:10.452+0000] {logging_mixin.py:190} INFO - [2024-10-26T22:09:10.451+0000] {dagbag.py:588} INFO - Filling up the DagBag from /home/airflow/.local/lib/python3.12/site-packages/airflow/example_dags/example_params_trigger_ui.py
[2024-10-26T22:09:10.462+0000] {processor.py:925} INFO - DAG(s) 'example_params_trigger_ui' retrieved from /home/airflow/.local/lib/python3.12/site-packages/airflow/example_dags/example_params_trigger_ui.py
[2024-10-26T22:09:10.508+0000] {logging_mixin.py:190} INFO - [2024-10-26T22:09:10.508+0000] {dag.py:3239} INFO - Sync 1 DAGs
[2024-10-26T22:09:10.525+0000] {logging_mixin.py:190} INFO - [2024-10-26T22:09:10.525+0000] {dag.py:4180} INFO - Setting next_dagrun for example_params_trigger_ui to None, run_after=None
[2024-10-26T22:09:10.549+0000] {processor.py:208} INFO - Processing /home/airflow/.local/lib/python3.12/site-packages/airflow/example_dags/example_params_trigger_ui.py took 0.106 seconds
[2024-10-26T22:09:43.135+0000] {processor.py:186} INFO - Started process (PID=34221) to work on /home/airflow/.local/lib/python3.12/site-packages/airflow/example_dags/example_params_trigger_ui.py
[2024-10-26T22:09:43.136+0000] {processor.py:914} INFO - Processing file /home/airflow/.local/lib/python3.12/site-packages/airflow/example_dags/example_params_trigger_ui.py for tasks to queue
[2024-10-26T22:09:43.139+0000] {logging_mixin.py:190} INFO - [2024-10-26T22:09:43.138+0000] {dagbag.py:588} INFO - Filling up the DagBag from /home/airflow/.local/lib/python3.12/site-packages/airflow/example_dags/example_params_trigger_ui.py
[2024-10-26T22:09:43.149+0000] {processor.py:925} INFO - DAG(s) 'example_params_trigger_ui' retrieved from /home/airflow/.local/lib/python3.12/site-packages/airflow/example_dags/example_params_trigger_ui.py
[2024-10-26T22:09:43.187+0000] {logging_mixin.py:190} INFO - [2024-10-26T22:09:43.187+0000] {dag.py:3239} INFO - Sync 1 DAGs
[2024-10-26T22:09:43.200+0000] {logging_mixin.py:190} INFO - [2024-10-26T22:09:43.200+0000] {dag.py:4180} INFO - Setting next_dagrun for example_params_trigger_ui to None, run_after=None
[2024-10-26T22:09:43.219+0000] {processor.py:208} INFO - Processing /home/airflow/.local/lib/python3.12/site-packages/airflow/example_dags/example_params_trigger_ui.py took 0.090 seconds
[2024-10-26T22:10:15.965+0000] {processor.py:186} INFO - Started process (PID=34285) to work on /home/airflow/.local/lib/python3.12/site-packages/airflow/example_dags/example_params_trigger_ui.py
[2024-10-26T22:10:15.966+0000] {processor.py:914} INFO - Processing file /home/airflow/.local/lib/python3.12/site-packages/airflow/example_dags/example_params_trigger_ui.py for tasks to queue
[2024-10-26T22:10:15.968+0000] {logging_mixin.py:190} INFO - [2024-10-26T22:10:15.968+0000] {dagbag.py:588} INFO - Filling up the DagBag from /home/airflow/.local/lib/python3.12/site-packages/airflow/example_dags/example_params_trigger_ui.py
[2024-10-26T22:10:15.979+0000] {processor.py:925} INFO - DAG(s) 'example_params_trigger_ui' retrieved from /home/airflow/.local/lib/python3.12/site-packages/airflow/example_dags/example_params_trigger_ui.py
[2024-10-26T22:10:16.019+0000] {logging_mixin.py:190} INFO - [2024-10-26T22:10:16.019+0000] {dag.py:3239} INFO - Sync 1 DAGs
[2024-10-26T22:10:16.032+0000] {logging_mixin.py:190} INFO - [2024-10-26T22:10:16.031+0000] {dag.py:4180} INFO - Setting next_dagrun for example_params_trigger_ui to None, run_after=None
[2024-10-26T22:10:16.052+0000] {processor.py:208} INFO - Processing /home/airflow/.local/lib/python3.12/site-packages/airflow/example_dags/example_params_trigger_ui.py took 0.093 seconds
[2024-10-26T22:10:48.664+0000] {processor.py:186} INFO - Started process (PID=34349) to work on /home/airflow/.local/lib/python3.12/site-packages/airflow/example_dags/example_params_trigger_ui.py
[2024-10-26T22:10:48.665+0000] {processor.py:914} INFO - Processing file /home/airflow/.local/lib/python3.12/site-packages/airflow/example_dags/example_params_trigger_ui.py for tasks to queue
[2024-10-26T22:10:48.667+0000] {logging_mixin.py:190} INFO - [2024-10-26T22:10:48.667+0000] {dagbag.py:588} INFO - Filling up the DagBag from /home/airflow/.local/lib/python3.12/site-packages/airflow/example_dags/example_params_trigger_ui.py
[2024-10-26T22:10:48.678+0000] {processor.py:925} INFO - DAG(s) 'example_params_trigger_ui' retrieved from /home/airflow/.local/lib/python3.12/site-packages/airflow/example_dags/example_params_trigger_ui.py
[2024-10-26T22:10:48.718+0000] {logging_mixin.py:190} INFO - [2024-10-26T22:10:48.717+0000] {dag.py:3239} INFO - Sync 1 DAGs
[2024-10-26T22:10:48.730+0000] {logging_mixin.py:190} INFO - [2024-10-26T22:10:48.730+0000] {dag.py:4180} INFO - Setting next_dagrun for example_params_trigger_ui to None, run_after=None
[2024-10-26T22:10:48.749+0000] {processor.py:208} INFO - Processing /home/airflow/.local/lib/python3.12/site-packages/airflow/example_dags/example_params_trigger_ui.py took 0.091 seconds
[2024-10-26T22:11:21.399+0000] {processor.py:186} INFO - Started process (PID=34413) to work on /home/airflow/.local/lib/python3.12/site-packages/airflow/example_dags/example_params_trigger_ui.py
[2024-10-26T22:11:21.400+0000] {processor.py:914} INFO - Processing file /home/airflow/.local/lib/python3.12/site-packages/airflow/example_dags/example_params_trigger_ui.py for tasks to queue
[2024-10-26T22:11:21.402+0000] {logging_mixin.py:190} INFO - [2024-10-26T22:11:21.402+0000] {dagbag.py:588} INFO - Filling up the DagBag from /home/airflow/.local/lib/python3.12/site-packages/airflow/example_dags/example_params_trigger_ui.py
[2024-10-26T22:11:21.413+0000] {processor.py:925} INFO - DAG(s) 'example_params_trigger_ui' retrieved from /home/airflow/.local/lib/python3.12/site-packages/airflow/example_dags/example_params_trigger_ui.py
[2024-10-26T22:11:21.450+0000] {logging_mixin.py:190} INFO - [2024-10-26T22:11:21.449+0000] {dag.py:3239} INFO - Sync 1 DAGs
[2024-10-26T22:11:21.462+0000] {logging_mixin.py:190} INFO - [2024-10-26T22:11:21.462+0000] {dag.py:4180} INFO - Setting next_dagrun for example_params_trigger_ui to None, run_after=None
[2024-10-26T22:11:21.482+0000] {processor.py:208} INFO - Processing /home/airflow/.local/lib/python3.12/site-packages/airflow/example_dags/example_params_trigger_ui.py took 0.088 seconds
[2024-10-26T22:11:54.431+0000] {processor.py:186} INFO - Started process (PID=34476) to work on /home/airflow/.local/lib/python3.12/site-packages/airflow/example_dags/example_params_trigger_ui.py
[2024-10-26T22:11:54.433+0000] {processor.py:914} INFO - Processing file /home/airflow/.local/lib/python3.12/site-packages/airflow/example_dags/example_params_trigger_ui.py for tasks to queue
[2024-10-26T22:11:54.436+0000] {logging_mixin.py:190} INFO - [2024-10-26T22:11:54.435+0000] {dagbag.py:588} INFO - Filling up the DagBag from /home/airflow/.local/lib/python3.12/site-packages/airflow/example_dags/example_params_trigger_ui.py
[2024-10-26T22:11:54.450+0000] {processor.py:925} INFO - DAG(s) 'example_params_trigger_ui' retrieved from /home/airflow/.local/lib/python3.12/site-packages/airflow/example_dags/example_params_trigger_ui.py
[2024-10-26T22:11:54.490+0000] {logging_mixin.py:190} INFO - [2024-10-26T22:11:54.490+0000] {dag.py:3239} INFO - Sync 1 DAGs
[2024-10-26T22:11:54.503+0000] {logging_mixin.py:190} INFO - [2024-10-26T22:11:54.503+0000] {dag.py:4180} INFO - Setting next_dagrun for example_params_trigger_ui to None, run_after=None
[2024-10-26T22:11:54.528+0000] {processor.py:208} INFO - Processing /home/airflow/.local/lib/python3.12/site-packages/airflow/example_dags/example_params_trigger_ui.py took 0.102 seconds
[2024-10-26T22:12:26.588+0000] {processor.py:186} INFO - Started process (PID=34540) to work on /home/airflow/.local/lib/python3.12/site-packages/airflow/example_dags/example_params_trigger_ui.py
[2024-10-26T22:12:26.589+0000] {processor.py:914} INFO - Processing file /home/airflow/.local/lib/python3.12/site-packages/airflow/example_dags/example_params_trigger_ui.py for tasks to queue
[2024-10-26T22:12:26.591+0000] {logging_mixin.py:190} INFO - [2024-10-26T22:12:26.591+0000] {dagbag.py:588} INFO - Filling up the DagBag from /home/airflow/.local/lib/python3.12/site-packages/airflow/example_dags/example_params_trigger_ui.py
[2024-10-26T22:12:26.602+0000] {processor.py:925} INFO - DAG(s) 'example_params_trigger_ui' retrieved from /home/airflow/.local/lib/python3.12/site-packages/airflow/example_dags/example_params_trigger_ui.py
[2024-10-26T22:12:26.642+0000] {logging_mixin.py:190} INFO - [2024-10-26T22:12:26.642+0000] {dag.py:3239} INFO - Sync 1 DAGs
[2024-10-26T22:12:26.657+0000] {logging_mixin.py:190} INFO - [2024-10-26T22:12:26.656+0000] {dag.py:4180} INFO - Setting next_dagrun for example_params_trigger_ui to None, run_after=None
[2024-10-26T22:12:26.679+0000] {processor.py:208} INFO - Processing /home/airflow/.local/lib/python3.12/site-packages/airflow/example_dags/example_params_trigger_ui.py took 0.097 seconds
[2024-10-26T22:12:58.648+0000] {processor.py:186} INFO - Started process (PID=34604) to work on /home/airflow/.local/lib/python3.12/site-packages/airflow/example_dags/example_params_trigger_ui.py
[2024-10-26T22:12:58.649+0000] {processor.py:914} INFO - Processing file /home/airflow/.local/lib/python3.12/site-packages/airflow/example_dags/example_params_trigger_ui.py for tasks to queue
[2024-10-26T22:12:58.652+0000] {logging_mixin.py:190} INFO - [2024-10-26T22:12:58.652+0000] {dagbag.py:588} INFO - Filling up the DagBag from /home/airflow/.local/lib/python3.12/site-packages/airflow/example_dags/example_params_trigger_ui.py
[2024-10-26T22:12:58.670+0000] {processor.py:925} INFO - DAG(s) 'example_params_trigger_ui' retrieved from /home/airflow/.local/lib/python3.12/site-packages/airflow/example_dags/example_params_trigger_ui.py
[2024-10-26T22:12:58.736+0000] {logging_mixin.py:190} INFO - [2024-10-26T22:12:58.735+0000] {dag.py:3239} INFO - Sync 1 DAGs
[2024-10-26T22:12:58.750+0000] {logging_mixin.py:190} INFO - [2024-10-26T22:12:58.750+0000] {dag.py:4180} INFO - Setting next_dagrun for example_params_trigger_ui to None, run_after=None
[2024-10-26T22:12:58.769+0000] {processor.py:208} INFO - Processing /home/airflow/.local/lib/python3.12/site-packages/airflow/example_dags/example_params_trigger_ui.py took 0.127 seconds
[2024-10-26T22:13:32.148+0000] {processor.py:186} INFO - Started process (PID=34668) to work on /home/airflow/.local/lib/python3.12/site-packages/airflow/example_dags/example_params_trigger_ui.py
[2024-10-26T22:13:32.150+0000] {processor.py:914} INFO - Processing file /home/airflow/.local/lib/python3.12/site-packages/airflow/example_dags/example_params_trigger_ui.py for tasks to queue
[2024-10-26T22:13:32.152+0000] {logging_mixin.py:190} INFO - [2024-10-26T22:13:32.152+0000] {dagbag.py:588} INFO - Filling up the DagBag from /home/airflow/.local/lib/python3.12/site-packages/airflow/example_dags/example_params_trigger_ui.py
[2024-10-26T22:13:32.166+0000] {processor.py:925} INFO - DAG(s) 'example_params_trigger_ui' retrieved from /home/airflow/.local/lib/python3.12/site-packages/airflow/example_dags/example_params_trigger_ui.py
[2024-10-26T22:13:32.212+0000] {logging_mixin.py:190} INFO - [2024-10-26T22:13:32.211+0000] {dag.py:3239} INFO - Sync 1 DAGs
[2024-10-26T22:13:32.227+0000] {logging_mixin.py:190} INFO - [2024-10-26T22:13:32.226+0000] {dag.py:4180} INFO - Setting next_dagrun for example_params_trigger_ui to None, run_after=None
[2024-10-26T22:13:32.246+0000] {processor.py:208} INFO - Processing /home/airflow/.local/lib/python3.12/site-packages/airflow/example_dags/example_params_trigger_ui.py took 0.105 seconds
[2024-10-26T22:14:04.794+0000] {processor.py:186} INFO - Started process (PID=34733) to work on /home/airflow/.local/lib/python3.12/site-packages/airflow/example_dags/example_params_trigger_ui.py
[2024-10-26T22:14:04.795+0000] {processor.py:914} INFO - Processing file /home/airflow/.local/lib/python3.12/site-packages/airflow/example_dags/example_params_trigger_ui.py for tasks to queue
[2024-10-26T22:14:04.798+0000] {logging_mixin.py:190} INFO - [2024-10-26T22:14:04.797+0000] {dagbag.py:588} INFO - Filling up the DagBag from /home/airflow/.local/lib/python3.12/site-packages/airflow/example_dags/example_params_trigger_ui.py
[2024-10-26T22:14:04.808+0000] {processor.py:925} INFO - DAG(s) 'example_params_trigger_ui' retrieved from /home/airflow/.local/lib/python3.12/site-packages/airflow/example_dags/example_params_trigger_ui.py
[2024-10-26T22:14:04.854+0000] {logging_mixin.py:190} INFO - [2024-10-26T22:14:04.854+0000] {dag.py:3239} INFO - Sync 1 DAGs
[2024-10-26T22:14:04.870+0000] {logging_mixin.py:190} INFO - [2024-10-26T22:14:04.869+0000] {dag.py:4180} INFO - Setting next_dagrun for example_params_trigger_ui to None, run_after=None
[2024-10-26T22:14:04.887+0000] {processor.py:208} INFO - Processing /home/airflow/.local/lib/python3.12/site-packages/airflow/example_dags/example_params_trigger_ui.py took 0.098 seconds
[2024-10-26T22:14:37.514+0000] {processor.py:186} INFO - Started process (PID=34798) to work on /home/airflow/.local/lib/python3.12/site-packages/airflow/example_dags/example_params_trigger_ui.py
[2024-10-26T22:14:37.516+0000] {processor.py:914} INFO - Processing file /home/airflow/.local/lib/python3.12/site-packages/airflow/example_dags/example_params_trigger_ui.py for tasks to queue
[2024-10-26T22:14:37.518+0000] {logging_mixin.py:190} INFO - [2024-10-26T22:14:37.517+0000] {dagbag.py:588} INFO - Filling up the DagBag from /home/airflow/.local/lib/python3.12/site-packages/airflow/example_dags/example_params_trigger_ui.py
[2024-10-26T22:14:37.528+0000] {processor.py:925} INFO - DAG(s) 'example_params_trigger_ui' retrieved from /home/airflow/.local/lib/python3.12/site-packages/airflow/example_dags/example_params_trigger_ui.py
[2024-10-26T22:14:37.570+0000] {logging_mixin.py:190} INFO - [2024-10-26T22:14:37.570+0000] {dag.py:3239} INFO - Sync 1 DAGs
[2024-10-26T22:14:37.586+0000] {logging_mixin.py:190} INFO - [2024-10-26T22:14:37.586+0000] {dag.py:4180} INFO - Setting next_dagrun for example_params_trigger_ui to None, run_after=None
[2024-10-26T22:14:37.604+0000] {processor.py:208} INFO - Processing /home/airflow/.local/lib/python3.12/site-packages/airflow/example_dags/example_params_trigger_ui.py took 0.095 seconds
[2024-10-26T22:15:10.231+0000] {processor.py:186} INFO - Started process (PID=34862) to work on /home/airflow/.local/lib/python3.12/site-packages/airflow/example_dags/example_params_trigger_ui.py
[2024-10-26T22:15:10.232+0000] {processor.py:914} INFO - Processing file /home/airflow/.local/lib/python3.12/site-packages/airflow/example_dags/example_params_trigger_ui.py for tasks to queue
[2024-10-26T22:15:10.235+0000] {logging_mixin.py:190} INFO - [2024-10-26T22:15:10.234+0000] {dagbag.py:588} INFO - Filling up the DagBag from /home/airflow/.local/lib/python3.12/site-packages/airflow/example_dags/example_params_trigger_ui.py
[2024-10-26T22:15:10.247+0000] {processor.py:925} INFO - DAG(s) 'example_params_trigger_ui' retrieved from /home/airflow/.local/lib/python3.12/site-packages/airflow/example_dags/example_params_trigger_ui.py
[2024-10-26T22:15:10.287+0000] {logging_mixin.py:190} INFO - [2024-10-26T22:15:10.287+0000] {dag.py:3239} INFO - Sync 1 DAGs
[2024-10-26T22:15:10.302+0000] {logging_mixin.py:190} INFO - [2024-10-26T22:15:10.302+0000] {dag.py:4180} INFO - Setting next_dagrun for example_params_trigger_ui to None, run_after=None
[2024-10-26T22:15:10.321+0000] {processor.py:208} INFO - Processing /home/airflow/.local/lib/python3.12/site-packages/airflow/example_dags/example_params_trigger_ui.py took 0.095 seconds
[2024-10-26T22:15:43.104+0000] {processor.py:186} INFO - Started process (PID=34926) to work on /home/airflow/.local/lib/python3.12/site-packages/airflow/example_dags/example_params_trigger_ui.py
[2024-10-26T22:15:43.105+0000] {processor.py:914} INFO - Processing file /home/airflow/.local/lib/python3.12/site-packages/airflow/example_dags/example_params_trigger_ui.py for tasks to queue
[2024-10-26T22:15:43.107+0000] {logging_mixin.py:190} INFO - [2024-10-26T22:15:43.107+0000] {dagbag.py:588} INFO - Filling up the DagBag from /home/airflow/.local/lib/python3.12/site-packages/airflow/example_dags/example_params_trigger_ui.py
[2024-10-26T22:15:43.118+0000] {processor.py:925} INFO - DAG(s) 'example_params_trigger_ui' retrieved from /home/airflow/.local/lib/python3.12/site-packages/airflow/example_dags/example_params_trigger_ui.py
[2024-10-26T22:15:43.156+0000] {logging_mixin.py:190} INFO - [2024-10-26T22:15:43.156+0000] {dag.py:3239} INFO - Sync 1 DAGs
[2024-10-26T22:15:43.170+0000] {logging_mixin.py:190} INFO - [2024-10-26T22:15:43.170+0000] {dag.py:4180} INFO - Setting next_dagrun for example_params_trigger_ui to None, run_after=None
[2024-10-26T22:15:43.191+0000] {processor.py:208} INFO - Processing /home/airflow/.local/lib/python3.12/site-packages/airflow/example_dags/example_params_trigger_ui.py took 0.092 seconds
[2024-10-26T22:16:15.781+0000] {processor.py:186} INFO - Started process (PID=34990) to work on /home/airflow/.local/lib/python3.12/site-packages/airflow/example_dags/example_params_trigger_ui.py
[2024-10-26T22:16:15.782+0000] {processor.py:914} INFO - Processing file /home/airflow/.local/lib/python3.12/site-packages/airflow/example_dags/example_params_trigger_ui.py for tasks to queue
[2024-10-26T22:16:15.785+0000] {logging_mixin.py:190} INFO - [2024-10-26T22:16:15.784+0000] {dagbag.py:588} INFO - Filling up the DagBag from /home/airflow/.local/lib/python3.12/site-packages/airflow/example_dags/example_params_trigger_ui.py
[2024-10-26T22:16:15.796+0000] {processor.py:925} INFO - DAG(s) 'example_params_trigger_ui' retrieved from /home/airflow/.local/lib/python3.12/site-packages/airflow/example_dags/example_params_trigger_ui.py
[2024-10-26T22:16:15.838+0000] {logging_mixin.py:190} INFO - [2024-10-26T22:16:15.837+0000] {dag.py:3239} INFO - Sync 1 DAGs
[2024-10-26T22:16:15.851+0000] {logging_mixin.py:190} INFO - [2024-10-26T22:16:15.851+0000] {dag.py:4180} INFO - Setting next_dagrun for example_params_trigger_ui to None, run_after=None
[2024-10-26T22:16:15.875+0000] {processor.py:208} INFO - Processing /home/airflow/.local/lib/python3.12/site-packages/airflow/example_dags/example_params_trigger_ui.py took 0.102 seconds
[2024-10-26T22:16:48.607+0000] {processor.py:186} INFO - Started process (PID=35054) to work on /home/airflow/.local/lib/python3.12/site-packages/airflow/example_dags/example_params_trigger_ui.py
[2024-10-26T22:16:48.608+0000] {processor.py:914} INFO - Processing file /home/airflow/.local/lib/python3.12/site-packages/airflow/example_dags/example_params_trigger_ui.py for tasks to queue
[2024-10-26T22:16:48.610+0000] {logging_mixin.py:190} INFO - [2024-10-26T22:16:48.610+0000] {dagbag.py:588} INFO - Filling up the DagBag from /home/airflow/.local/lib/python3.12/site-packages/airflow/example_dags/example_params_trigger_ui.py
[2024-10-26T22:16:48.622+0000] {processor.py:925} INFO - DAG(s) 'example_params_trigger_ui' retrieved from /home/airflow/.local/lib/python3.12/site-packages/airflow/example_dags/example_params_trigger_ui.py
[2024-10-26T22:16:48.666+0000] {logging_mixin.py:190} INFO - [2024-10-26T22:16:48.666+0000] {dag.py:3239} INFO - Sync 1 DAGs
[2024-10-26T22:16:48.679+0000] {logging_mixin.py:190} INFO - [2024-10-26T22:16:48.679+0000] {dag.py:4180} INFO - Setting next_dagrun for example_params_trigger_ui to None, run_after=None
[2024-10-26T22:16:48.701+0000] {processor.py:208} INFO - Processing /home/airflow/.local/lib/python3.12/site-packages/airflow/example_dags/example_params_trigger_ui.py took 0.102 seconds
[2024-10-26T22:17:21.634+0000] {processor.py:186} INFO - Started process (PID=35118) to work on /home/airflow/.local/lib/python3.12/site-packages/airflow/example_dags/example_params_trigger_ui.py
[2024-10-26T22:17:21.635+0000] {processor.py:914} INFO - Processing file /home/airflow/.local/lib/python3.12/site-packages/airflow/example_dags/example_params_trigger_ui.py for tasks to queue
[2024-10-26T22:17:21.637+0000] {logging_mixin.py:190} INFO - [2024-10-26T22:17:21.637+0000] {dagbag.py:588} INFO - Filling up the DagBag from /home/airflow/.local/lib/python3.12/site-packages/airflow/example_dags/example_params_trigger_ui.py
[2024-10-26T22:17:21.647+0000] {processor.py:925} INFO - DAG(s) 'example_params_trigger_ui' retrieved from /home/airflow/.local/lib/python3.12/site-packages/airflow/example_dags/example_params_trigger_ui.py
[2024-10-26T22:17:21.685+0000] {logging_mixin.py:190} INFO - [2024-10-26T22:17:21.685+0000] {dag.py:3239} INFO - Sync 1 DAGs
[2024-10-26T22:17:21.702+0000] {logging_mixin.py:190} INFO - [2024-10-26T22:17:21.701+0000] {dag.py:4180} INFO - Setting next_dagrun for example_params_trigger_ui to None, run_after=None
[2024-10-26T22:17:21.719+0000] {processor.py:208} INFO - Processing /home/airflow/.local/lib/python3.12/site-packages/airflow/example_dags/example_params_trigger_ui.py took 0.090 seconds
[2024-10-26T22:17:53.403+0000] {processor.py:186} INFO - Started process (PID=35182) to work on /home/airflow/.local/lib/python3.12/site-packages/airflow/example_dags/example_params_trigger_ui.py
[2024-10-26T22:17:53.404+0000] {processor.py:914} INFO - Processing file /home/airflow/.local/lib/python3.12/site-packages/airflow/example_dags/example_params_trigger_ui.py for tasks to queue
[2024-10-26T22:17:53.406+0000] {logging_mixin.py:190} INFO - [2024-10-26T22:17:53.405+0000] {dagbag.py:588} INFO - Filling up the DagBag from /home/airflow/.local/lib/python3.12/site-packages/airflow/example_dags/example_params_trigger_ui.py
[2024-10-26T22:17:53.415+0000] {processor.py:925} INFO - DAG(s) 'example_params_trigger_ui' retrieved from /home/airflow/.local/lib/python3.12/site-packages/airflow/example_dags/example_params_trigger_ui.py
[2024-10-26T22:17:53.454+0000] {logging_mixin.py:190} INFO - [2024-10-26T22:17:53.454+0000] {dag.py:3239} INFO - Sync 1 DAGs
[2024-10-26T22:17:53.466+0000] {logging_mixin.py:190} INFO - [2024-10-26T22:17:53.466+0000] {dag.py:4180} INFO - Setting next_dagrun for example_params_trigger_ui to None, run_after=None
[2024-10-26T22:17:53.480+0000] {processor.py:208} INFO - Processing /home/airflow/.local/lib/python3.12/site-packages/airflow/example_dags/example_params_trigger_ui.py took 0.083 seconds
[2024-10-26T22:18:26.169+0000] {processor.py:186} INFO - Started process (PID=35246) to work on /home/airflow/.local/lib/python3.12/site-packages/airflow/example_dags/example_params_trigger_ui.py
[2024-10-26T22:18:26.169+0000] {processor.py:914} INFO - Processing file /home/airflow/.local/lib/python3.12/site-packages/airflow/example_dags/example_params_trigger_ui.py for tasks to queue
[2024-10-26T22:18:26.172+0000] {logging_mixin.py:190} INFO - [2024-10-26T22:18:26.172+0000] {dagbag.py:588} INFO - Filling up the DagBag from /home/airflow/.local/lib/python3.12/site-packages/airflow/example_dags/example_params_trigger_ui.py
[2024-10-26T22:18:26.185+0000] {processor.py:925} INFO - DAG(s) 'example_params_trigger_ui' retrieved from /home/airflow/.local/lib/python3.12/site-packages/airflow/example_dags/example_params_trigger_ui.py
[2024-10-26T22:18:26.236+0000] {logging_mixin.py:190} INFO - [2024-10-26T22:18:26.235+0000] {dag.py:3239} INFO - Sync 1 DAGs
[2024-10-26T22:18:26.249+0000] {logging_mixin.py:190} INFO - [2024-10-26T22:18:26.249+0000] {dag.py:4180} INFO - Setting next_dagrun for example_params_trigger_ui to None, run_after=None
[2024-10-26T22:18:26.265+0000] {processor.py:208} INFO - Processing /home/airflow/.local/lib/python3.12/site-packages/airflow/example_dags/example_params_trigger_ui.py took 0.104 seconds
[2024-10-26T22:18:58.960+0000] {processor.py:186} INFO - Started process (PID=35310) to work on /home/airflow/.local/lib/python3.12/site-packages/airflow/example_dags/example_params_trigger_ui.py
[2024-10-26T22:18:58.962+0000] {processor.py:914} INFO - Processing file /home/airflow/.local/lib/python3.12/site-packages/airflow/example_dags/example_params_trigger_ui.py for tasks to queue
[2024-10-26T22:18:58.964+0000] {logging_mixin.py:190} INFO - [2024-10-26T22:18:58.963+0000] {dagbag.py:588} INFO - Filling up the DagBag from /home/airflow/.local/lib/python3.12/site-packages/airflow/example_dags/example_params_trigger_ui.py
[2024-10-26T22:18:58.974+0000] {processor.py:925} INFO - DAG(s) 'example_params_trigger_ui' retrieved from /home/airflow/.local/lib/python3.12/site-packages/airflow/example_dags/example_params_trigger_ui.py
[2024-10-26T22:18:59.017+0000] {logging_mixin.py:190} INFO - [2024-10-26T22:18:59.017+0000] {dag.py:3239} INFO - Sync 1 DAGs
[2024-10-26T22:18:59.033+0000] {logging_mixin.py:190} INFO - [2024-10-26T22:18:59.033+0000] {dag.py:4180} INFO - Setting next_dagrun for example_params_trigger_ui to None, run_after=None
[2024-10-26T22:18:59.055+0000] {processor.py:208} INFO - Processing /home/airflow/.local/lib/python3.12/site-packages/airflow/example_dags/example_params_trigger_ui.py took 0.100 seconds
[2024-10-26T22:19:32.060+0000] {processor.py:186} INFO - Started process (PID=35374) to work on /home/airflow/.local/lib/python3.12/site-packages/airflow/example_dags/example_params_trigger_ui.py
[2024-10-26T22:19:32.061+0000] {processor.py:914} INFO - Processing file /home/airflow/.local/lib/python3.12/site-packages/airflow/example_dags/example_params_trigger_ui.py for tasks to queue
[2024-10-26T22:19:32.064+0000] {logging_mixin.py:190} INFO - [2024-10-26T22:19:32.064+0000] {dagbag.py:588} INFO - Filling up the DagBag from /home/airflow/.local/lib/python3.12/site-packages/airflow/example_dags/example_params_trigger_ui.py
[2024-10-26T22:19:32.074+0000] {processor.py:925} INFO - DAG(s) 'example_params_trigger_ui' retrieved from /home/airflow/.local/lib/python3.12/site-packages/airflow/example_dags/example_params_trigger_ui.py
[2024-10-26T22:19:32.116+0000] {logging_mixin.py:190} INFO - [2024-10-26T22:19:32.116+0000] {dag.py:3239} INFO - Sync 1 DAGs
[2024-10-26T22:19:32.128+0000] {logging_mixin.py:190} INFO - [2024-10-26T22:19:32.128+0000] {dag.py:4180} INFO - Setting next_dagrun for example_params_trigger_ui to None, run_after=None
[2024-10-26T22:19:32.146+0000] {processor.py:208} INFO - Processing /home/airflow/.local/lib/python3.12/site-packages/airflow/example_dags/example_params_trigger_ui.py took 0.090 seconds
[2024-10-26T22:20:05.044+0000] {processor.py:186} INFO - Started process (PID=35438) to work on /home/airflow/.local/lib/python3.12/site-packages/airflow/example_dags/example_params_trigger_ui.py
[2024-10-26T22:20:05.045+0000] {processor.py:914} INFO - Processing file /home/airflow/.local/lib/python3.12/site-packages/airflow/example_dags/example_params_trigger_ui.py for tasks to queue
[2024-10-26T22:20:05.048+0000] {logging_mixin.py:190} INFO - [2024-10-26T22:20:05.048+0000] {dagbag.py:588} INFO - Filling up the DagBag from /home/airflow/.local/lib/python3.12/site-packages/airflow/example_dags/example_params_trigger_ui.py
[2024-10-26T22:20:05.061+0000] {processor.py:925} INFO - DAG(s) 'example_params_trigger_ui' retrieved from /home/airflow/.local/lib/python3.12/site-packages/airflow/example_dags/example_params_trigger_ui.py
[2024-10-26T22:20:05.114+0000] {logging_mixin.py:190} INFO - [2024-10-26T22:20:05.114+0000] {dag.py:3239} INFO - Sync 1 DAGs
[2024-10-26T22:20:05.132+0000] {logging_mixin.py:190} INFO - [2024-10-26T22:20:05.132+0000] {dag.py:4180} INFO - Setting next_dagrun for example_params_trigger_ui to None, run_after=None
[2024-10-26T22:20:05.151+0000] {processor.py:208} INFO - Processing /home/airflow/.local/lib/python3.12/site-packages/airflow/example_dags/example_params_trigger_ui.py took 0.114 seconds
[2024-10-26T22:20:36.992+0000] {processor.py:186} INFO - Started process (PID=35502) to work on /home/airflow/.local/lib/python3.12/site-packages/airflow/example_dags/example_params_trigger_ui.py
[2024-10-26T22:20:36.993+0000] {processor.py:914} INFO - Processing file /home/airflow/.local/lib/python3.12/site-packages/airflow/example_dags/example_params_trigger_ui.py for tasks to queue
[2024-10-26T22:20:36.995+0000] {logging_mixin.py:190} INFO - [2024-10-26T22:20:36.995+0000] {dagbag.py:588} INFO - Filling up the DagBag from /home/airflow/.local/lib/python3.12/site-packages/airflow/example_dags/example_params_trigger_ui.py
[2024-10-26T22:20:37.005+0000] {processor.py:925} INFO - DAG(s) 'example_params_trigger_ui' retrieved from /home/airflow/.local/lib/python3.12/site-packages/airflow/example_dags/example_params_trigger_ui.py
[2024-10-26T22:20:37.043+0000] {logging_mixin.py:190} INFO - [2024-10-26T22:20:37.043+0000] {dag.py:3239} INFO - Sync 1 DAGs
[2024-10-26T22:20:37.055+0000] {logging_mixin.py:190} INFO - [2024-10-26T22:20:37.055+0000] {dag.py:4180} INFO - Setting next_dagrun for example_params_trigger_ui to None, run_after=None
[2024-10-26T22:20:37.076+0000] {processor.py:208} INFO - Processing /home/airflow/.local/lib/python3.12/site-packages/airflow/example_dags/example_params_trigger_ui.py took 0.089 seconds
[2024-10-26T22:21:09.736+0000] {processor.py:186} INFO - Started process (PID=35566) to work on /home/airflow/.local/lib/python3.12/site-packages/airflow/example_dags/example_params_trigger_ui.py
[2024-10-26T22:21:09.737+0000] {processor.py:914} INFO - Processing file /home/airflow/.local/lib/python3.12/site-packages/airflow/example_dags/example_params_trigger_ui.py for tasks to queue
[2024-10-26T22:21:09.740+0000] {logging_mixin.py:190} INFO - [2024-10-26T22:21:09.739+0000] {dagbag.py:588} INFO - Filling up the DagBag from /home/airflow/.local/lib/python3.12/site-packages/airflow/example_dags/example_params_trigger_ui.py
[2024-10-26T22:21:09.749+0000] {processor.py:925} INFO - DAG(s) 'example_params_trigger_ui' retrieved from /home/airflow/.local/lib/python3.12/site-packages/airflow/example_dags/example_params_trigger_ui.py
[2024-10-26T22:21:09.787+0000] {logging_mixin.py:190} INFO - [2024-10-26T22:21:09.787+0000] {dag.py:3239} INFO - Sync 1 DAGs
[2024-10-26T22:21:09.801+0000] {logging_mixin.py:190} INFO - [2024-10-26T22:21:09.801+0000] {dag.py:4180} INFO - Setting next_dagrun for example_params_trigger_ui to None, run_after=None
[2024-10-26T22:21:09.820+0000] {processor.py:208} INFO - Processing /home/airflow/.local/lib/python3.12/site-packages/airflow/example_dags/example_params_trigger_ui.py took 0.089 seconds
[2024-10-26T22:21:42.455+0000] {processor.py:186} INFO - Started process (PID=35630) to work on /home/airflow/.local/lib/python3.12/site-packages/airflow/example_dags/example_params_trigger_ui.py
[2024-10-26T22:21:42.456+0000] {processor.py:914} INFO - Processing file /home/airflow/.local/lib/python3.12/site-packages/airflow/example_dags/example_params_trigger_ui.py for tasks to queue
[2024-10-26T22:21:42.458+0000] {logging_mixin.py:190} INFO - [2024-10-26T22:21:42.458+0000] {dagbag.py:588} INFO - Filling up the DagBag from /home/airflow/.local/lib/python3.12/site-packages/airflow/example_dags/example_params_trigger_ui.py
[2024-10-26T22:21:42.468+0000] {processor.py:925} INFO - DAG(s) 'example_params_trigger_ui' retrieved from /home/airflow/.local/lib/python3.12/site-packages/airflow/example_dags/example_params_trigger_ui.py
[2024-10-26T22:21:42.510+0000] {logging_mixin.py:190} INFO - [2024-10-26T22:21:42.510+0000] {dag.py:3239} INFO - Sync 1 DAGs
[2024-10-26T22:21:42.523+0000] {logging_mixin.py:190} INFO - [2024-10-26T22:21:42.523+0000] {dag.py:4180} INFO - Setting next_dagrun for example_params_trigger_ui to None, run_after=None
[2024-10-26T22:21:42.544+0000] {processor.py:208} INFO - Processing /home/airflow/.local/lib/python3.12/site-packages/airflow/example_dags/example_params_trigger_ui.py took 0.095 seconds
[2024-10-26T22:22:15.244+0000] {processor.py:186} INFO - Started process (PID=35694) to work on /home/airflow/.local/lib/python3.12/site-packages/airflow/example_dags/example_params_trigger_ui.py
[2024-10-26T22:22:15.245+0000] {processor.py:914} INFO - Processing file /home/airflow/.local/lib/python3.12/site-packages/airflow/example_dags/example_params_trigger_ui.py for tasks to queue
[2024-10-26T22:22:15.247+0000] {logging_mixin.py:190} INFO - [2024-10-26T22:22:15.247+0000] {dagbag.py:588} INFO - Filling up the DagBag from /home/airflow/.local/lib/python3.12/site-packages/airflow/example_dags/example_params_trigger_ui.py
[2024-10-26T22:22:15.257+0000] {processor.py:925} INFO - DAG(s) 'example_params_trigger_ui' retrieved from /home/airflow/.local/lib/python3.12/site-packages/airflow/example_dags/example_params_trigger_ui.py
[2024-10-26T22:22:15.298+0000] {logging_mixin.py:190} INFO - [2024-10-26T22:22:15.298+0000] {dag.py:3239} INFO - Sync 1 DAGs
[2024-10-26T22:22:15.311+0000] {logging_mixin.py:190} INFO - [2024-10-26T22:22:15.311+0000] {dag.py:4180} INFO - Setting next_dagrun for example_params_trigger_ui to None, run_after=None
[2024-10-26T22:22:15.331+0000] {processor.py:208} INFO - Processing /home/airflow/.local/lib/python3.12/site-packages/airflow/example_dags/example_params_trigger_ui.py took 0.093 seconds
[2024-10-26T22:22:47.849+0000] {processor.py:186} INFO - Started process (PID=35758) to work on /home/airflow/.local/lib/python3.12/site-packages/airflow/example_dags/example_params_trigger_ui.py
[2024-10-26T22:22:47.850+0000] {processor.py:914} INFO - Processing file /home/airflow/.local/lib/python3.12/site-packages/airflow/example_dags/example_params_trigger_ui.py for tasks to queue
[2024-10-26T22:22:47.852+0000] {logging_mixin.py:190} INFO - [2024-10-26T22:22:47.852+0000] {dagbag.py:588} INFO - Filling up the DagBag from /home/airflow/.local/lib/python3.12/site-packages/airflow/example_dags/example_params_trigger_ui.py
[2024-10-26T22:22:47.863+0000] {processor.py:925} INFO - DAG(s) 'example_params_trigger_ui' retrieved from /home/airflow/.local/lib/python3.12/site-packages/airflow/example_dags/example_params_trigger_ui.py
[2024-10-26T22:22:47.902+0000] {logging_mixin.py:190} INFO - [2024-10-26T22:22:47.902+0000] {dag.py:3239} INFO - Sync 1 DAGs
[2024-10-26T22:22:47.916+0000] {logging_mixin.py:190} INFO - [2024-10-26T22:22:47.915+0000] {dag.py:4180} INFO - Setting next_dagrun for example_params_trigger_ui to None, run_after=None
[2024-10-26T22:22:47.937+0000] {processor.py:208} INFO - Processing /home/airflow/.local/lib/python3.12/site-packages/airflow/example_dags/example_params_trigger_ui.py took 0.093 seconds
[2024-10-26T22:23:21.526+0000] {processor.py:186} INFO - Started process (PID=35822) to work on /home/airflow/.local/lib/python3.12/site-packages/airflow/example_dags/example_params_trigger_ui.py
[2024-10-26T22:23:21.527+0000] {processor.py:914} INFO - Processing file /home/airflow/.local/lib/python3.12/site-packages/airflow/example_dags/example_params_trigger_ui.py for tasks to queue
[2024-10-26T22:23:21.530+0000] {logging_mixin.py:190} INFO - [2024-10-26T22:23:21.529+0000] {dagbag.py:588} INFO - Filling up the DagBag from /home/airflow/.local/lib/python3.12/site-packages/airflow/example_dags/example_params_trigger_ui.py
[2024-10-26T22:23:21.542+0000] {processor.py:925} INFO - DAG(s) 'example_params_trigger_ui' retrieved from /home/airflow/.local/lib/python3.12/site-packages/airflow/example_dags/example_params_trigger_ui.py
[2024-10-26T22:23:21.579+0000] {logging_mixin.py:190} INFO - [2024-10-26T22:23:21.579+0000] {dag.py:3239} INFO - Sync 1 DAGs
[2024-10-26T22:23:21.592+0000] {logging_mixin.py:190} INFO - [2024-10-26T22:23:21.592+0000] {dag.py:4180} INFO - Setting next_dagrun for example_params_trigger_ui to None, run_after=None
[2024-10-26T22:23:21.611+0000] {processor.py:208} INFO - Processing /home/airflow/.local/lib/python3.12/site-packages/airflow/example_dags/example_params_trigger_ui.py took 0.090 seconds
[2024-10-26T22:23:53.306+0000] {processor.py:186} INFO - Started process (PID=35886) to work on /home/airflow/.local/lib/python3.12/site-packages/airflow/example_dags/example_params_trigger_ui.py
[2024-10-26T22:23:53.307+0000] {processor.py:914} INFO - Processing file /home/airflow/.local/lib/python3.12/site-packages/airflow/example_dags/example_params_trigger_ui.py for tasks to queue
[2024-10-26T22:23:53.310+0000] {logging_mixin.py:190} INFO - [2024-10-26T22:23:53.309+0000] {dagbag.py:588} INFO - Filling up the DagBag from /home/airflow/.local/lib/python3.12/site-packages/airflow/example_dags/example_params_trigger_ui.py
[2024-10-26T22:23:53.323+0000] {processor.py:925} INFO - DAG(s) 'example_params_trigger_ui' retrieved from /home/airflow/.local/lib/python3.12/site-packages/airflow/example_dags/example_params_trigger_ui.py
[2024-10-26T22:23:53.373+0000] {logging_mixin.py:190} INFO - [2024-10-26T22:23:53.373+0000] {dag.py:3239} INFO - Sync 1 DAGs
[2024-10-26T22:23:53.389+0000] {logging_mixin.py:190} INFO - [2024-10-26T22:23:53.389+0000] {dag.py:4180} INFO - Setting next_dagrun for example_params_trigger_ui to None, run_after=None
[2024-10-26T22:23:53.406+0000] {processor.py:208} INFO - Processing /home/airflow/.local/lib/python3.12/site-packages/airflow/example_dags/example_params_trigger_ui.py took 0.108 seconds
[2024-10-26T22:24:26.859+0000] {processor.py:186} INFO - Started process (PID=35950) to work on /home/airflow/.local/lib/python3.12/site-packages/airflow/example_dags/example_params_trigger_ui.py
[2024-10-26T22:24:26.861+0000] {processor.py:914} INFO - Processing file /home/airflow/.local/lib/python3.12/site-packages/airflow/example_dags/example_params_trigger_ui.py for tasks to queue
[2024-10-26T22:24:26.863+0000] {logging_mixin.py:190} INFO - [2024-10-26T22:24:26.863+0000] {dagbag.py:588} INFO - Filling up the DagBag from /home/airflow/.local/lib/python3.12/site-packages/airflow/example_dags/example_params_trigger_ui.py
[2024-10-26T22:24:26.873+0000] {processor.py:925} INFO - DAG(s) 'example_params_trigger_ui' retrieved from /home/airflow/.local/lib/python3.12/site-packages/airflow/example_dags/example_params_trigger_ui.py
[2024-10-26T22:24:26.939+0000] {logging_mixin.py:190} INFO - [2024-10-26T22:24:26.938+0000] {dag.py:3239} INFO - Sync 1 DAGs
[2024-10-26T22:24:26.954+0000] {logging_mixin.py:190} INFO - [2024-10-26T22:24:26.954+0000] {dag.py:4180} INFO - Setting next_dagrun for example_params_trigger_ui to None, run_after=None
[2024-10-26T22:24:26.977+0000] {processor.py:208} INFO - Processing /home/airflow/.local/lib/python3.12/site-packages/airflow/example_dags/example_params_trigger_ui.py took 0.122 seconds
[2024-10-26T22:24:59.314+0000] {processor.py:186} INFO - Started process (PID=36014) to work on /home/airflow/.local/lib/python3.12/site-packages/airflow/example_dags/example_params_trigger_ui.py
[2024-10-26T22:24:59.315+0000] {processor.py:914} INFO - Processing file /home/airflow/.local/lib/python3.12/site-packages/airflow/example_dags/example_params_trigger_ui.py for tasks to queue
[2024-10-26T22:24:59.318+0000] {logging_mixin.py:190} INFO - [2024-10-26T22:24:59.318+0000] {dagbag.py:588} INFO - Filling up the DagBag from /home/airflow/.local/lib/python3.12/site-packages/airflow/example_dags/example_params_trigger_ui.py
[2024-10-26T22:24:59.329+0000] {processor.py:925} INFO - DAG(s) 'example_params_trigger_ui' retrieved from /home/airflow/.local/lib/python3.12/site-packages/airflow/example_dags/example_params_trigger_ui.py
[2024-10-26T22:24:59.370+0000] {logging_mixin.py:190} INFO - [2024-10-26T22:24:59.370+0000] {dag.py:3239} INFO - Sync 1 DAGs
[2024-10-26T22:24:59.384+0000] {logging_mixin.py:190} INFO - [2024-10-26T22:24:59.384+0000] {dag.py:4180} INFO - Setting next_dagrun for example_params_trigger_ui to None, run_after=None
[2024-10-26T22:24:59.407+0000] {processor.py:208} INFO - Processing /home/airflow/.local/lib/python3.12/site-packages/airflow/example_dags/example_params_trigger_ui.py took 0.099 seconds
[2024-10-26T22:25:31.995+0000] {processor.py:186} INFO - Started process (PID=36078) to work on /home/airflow/.local/lib/python3.12/site-packages/airflow/example_dags/example_params_trigger_ui.py
[2024-10-26T22:25:31.996+0000] {processor.py:914} INFO - Processing file /home/airflow/.local/lib/python3.12/site-packages/airflow/example_dags/example_params_trigger_ui.py for tasks to queue
[2024-10-26T22:25:31.999+0000] {logging_mixin.py:190} INFO - [2024-10-26T22:25:31.998+0000] {dagbag.py:588} INFO - Filling up the DagBag from /home/airflow/.local/lib/python3.12/site-packages/airflow/example_dags/example_params_trigger_ui.py
[2024-10-26T22:25:32.010+0000] {processor.py:925} INFO - DAG(s) 'example_params_trigger_ui' retrieved from /home/airflow/.local/lib/python3.12/site-packages/airflow/example_dags/example_params_trigger_ui.py
[2024-10-26T22:25:32.049+0000] {logging_mixin.py:190} INFO - [2024-10-26T22:25:32.048+0000] {dag.py:3239} INFO - Sync 1 DAGs
[2024-10-26T22:25:32.062+0000] {logging_mixin.py:190} INFO - [2024-10-26T22:25:32.062+0000] {dag.py:4180} INFO - Setting next_dagrun for example_params_trigger_ui to None, run_after=None
[2024-10-26T22:25:32.081+0000] {processor.py:208} INFO - Processing /home/airflow/.local/lib/python3.12/site-packages/airflow/example_dags/example_params_trigger_ui.py took 0.093 seconds
[2024-10-26T22:26:04.720+0000] {processor.py:186} INFO - Started process (PID=36142) to work on /home/airflow/.local/lib/python3.12/site-packages/airflow/example_dags/example_params_trigger_ui.py
[2024-10-26T22:26:04.721+0000] {processor.py:914} INFO - Processing file /home/airflow/.local/lib/python3.12/site-packages/airflow/example_dags/example_params_trigger_ui.py for tasks to queue
[2024-10-26T22:26:04.723+0000] {logging_mixin.py:190} INFO - [2024-10-26T22:26:04.723+0000] {dagbag.py:588} INFO - Filling up the DagBag from /home/airflow/.local/lib/python3.12/site-packages/airflow/example_dags/example_params_trigger_ui.py
[2024-10-26T22:26:04.733+0000] {processor.py:925} INFO - DAG(s) 'example_params_trigger_ui' retrieved from /home/airflow/.local/lib/python3.12/site-packages/airflow/example_dags/example_params_trigger_ui.py
[2024-10-26T22:26:04.770+0000] {logging_mixin.py:190} INFO - [2024-10-26T22:26:04.769+0000] {dag.py:3239} INFO - Sync 1 DAGs
[2024-10-26T22:26:04.783+0000] {logging_mixin.py:190} INFO - [2024-10-26T22:26:04.783+0000] {dag.py:4180} INFO - Setting next_dagrun for example_params_trigger_ui to None, run_after=None
[2024-10-26T22:26:04.803+0000] {processor.py:208} INFO - Processing /home/airflow/.local/lib/python3.12/site-packages/airflow/example_dags/example_params_trigger_ui.py took 0.088 seconds
[2024-10-26T22:26:37.504+0000] {processor.py:186} INFO - Started process (PID=36206) to work on /home/airflow/.local/lib/python3.12/site-packages/airflow/example_dags/example_params_trigger_ui.py
[2024-10-26T22:26:37.506+0000] {processor.py:914} INFO - Processing file /home/airflow/.local/lib/python3.12/site-packages/airflow/example_dags/example_params_trigger_ui.py for tasks to queue
[2024-10-26T22:26:37.508+0000] {logging_mixin.py:190} INFO - [2024-10-26T22:26:37.508+0000] {dagbag.py:588} INFO - Filling up the DagBag from /home/airflow/.local/lib/python3.12/site-packages/airflow/example_dags/example_params_trigger_ui.py
[2024-10-26T22:26:37.518+0000] {processor.py:925} INFO - DAG(s) 'example_params_trigger_ui' retrieved from /home/airflow/.local/lib/python3.12/site-packages/airflow/example_dags/example_params_trigger_ui.py
[2024-10-26T22:26:37.556+0000] {logging_mixin.py:190} INFO - [2024-10-26T22:26:37.556+0000] {dag.py:3239} INFO - Sync 1 DAGs
[2024-10-26T22:26:37.568+0000] {logging_mixin.py:190} INFO - [2024-10-26T22:26:37.568+0000] {dag.py:4180} INFO - Setting next_dagrun for example_params_trigger_ui to None, run_after=None
[2024-10-26T22:26:37.588+0000] {processor.py:208} INFO - Processing /home/airflow/.local/lib/python3.12/site-packages/airflow/example_dags/example_params_trigger_ui.py took 0.088 seconds
[2024-10-26T22:27:10.169+0000] {processor.py:186} INFO - Started process (PID=36270) to work on /home/airflow/.local/lib/python3.12/site-packages/airflow/example_dags/example_params_trigger_ui.py
[2024-10-26T22:27:10.170+0000] {processor.py:914} INFO - Processing file /home/airflow/.local/lib/python3.12/site-packages/airflow/example_dags/example_params_trigger_ui.py for tasks to queue
[2024-10-26T22:27:10.172+0000] {logging_mixin.py:190} INFO - [2024-10-26T22:27:10.172+0000] {dagbag.py:588} INFO - Filling up the DagBag from /home/airflow/.local/lib/python3.12/site-packages/airflow/example_dags/example_params_trigger_ui.py
[2024-10-26T22:27:10.182+0000] {processor.py:925} INFO - DAG(s) 'example_params_trigger_ui' retrieved from /home/airflow/.local/lib/python3.12/site-packages/airflow/example_dags/example_params_trigger_ui.py
[2024-10-26T22:27:10.221+0000] {logging_mixin.py:190} INFO - [2024-10-26T22:27:10.221+0000] {dag.py:3239} INFO - Sync 1 DAGs
[2024-10-26T22:27:10.235+0000] {logging_mixin.py:190} INFO - [2024-10-26T22:27:10.234+0000] {dag.py:4180} INFO - Setting next_dagrun for example_params_trigger_ui to None, run_after=None
[2024-10-26T22:27:10.256+0000] {processor.py:208} INFO - Processing /home/airflow/.local/lib/python3.12/site-packages/airflow/example_dags/example_params_trigger_ui.py took 0.093 seconds
[2024-10-26T22:27:42.768+0000] {processor.py:186} INFO - Started process (PID=36334) to work on /home/airflow/.local/lib/python3.12/site-packages/airflow/example_dags/example_params_trigger_ui.py
[2024-10-26T22:27:42.769+0000] {processor.py:914} INFO - Processing file /home/airflow/.local/lib/python3.12/site-packages/airflow/example_dags/example_params_trigger_ui.py for tasks to queue
[2024-10-26T22:27:42.771+0000] {logging_mixin.py:190} INFO - [2024-10-26T22:27:42.770+0000] {dagbag.py:588} INFO - Filling up the DagBag from /home/airflow/.local/lib/python3.12/site-packages/airflow/example_dags/example_params_trigger_ui.py
[2024-10-26T22:27:42.782+0000] {processor.py:925} INFO - DAG(s) 'example_params_trigger_ui' retrieved from /home/airflow/.local/lib/python3.12/site-packages/airflow/example_dags/example_params_trigger_ui.py
[2024-10-26T22:27:42.824+0000] {logging_mixin.py:190} INFO - [2024-10-26T22:27:42.824+0000] {dag.py:3239} INFO - Sync 1 DAGs
[2024-10-26T22:27:42.836+0000] {logging_mixin.py:190} INFO - [2024-10-26T22:27:42.836+0000] {dag.py:4180} INFO - Setting next_dagrun for example_params_trigger_ui to None, run_after=None
[2024-10-26T22:27:42.858+0000] {processor.py:208} INFO - Processing /home/airflow/.local/lib/python3.12/site-packages/airflow/example_dags/example_params_trigger_ui.py took 0.096 seconds
[2024-10-26T22:28:15.342+0000] {processor.py:186} INFO - Started process (PID=36398) to work on /home/airflow/.local/lib/python3.12/site-packages/airflow/example_dags/example_params_trigger_ui.py
[2024-10-26T22:28:15.343+0000] {processor.py:914} INFO - Processing file /home/airflow/.local/lib/python3.12/site-packages/airflow/example_dags/example_params_trigger_ui.py for tasks to queue
[2024-10-26T22:28:15.345+0000] {logging_mixin.py:190} INFO - [2024-10-26T22:28:15.345+0000] {dagbag.py:588} INFO - Filling up the DagBag from /home/airflow/.local/lib/python3.12/site-packages/airflow/example_dags/example_params_trigger_ui.py
[2024-10-26T22:28:15.356+0000] {processor.py:925} INFO - DAG(s) 'example_params_trigger_ui' retrieved from /home/airflow/.local/lib/python3.12/site-packages/airflow/example_dags/example_params_trigger_ui.py
[2024-10-26T22:28:15.399+0000] {logging_mixin.py:190} INFO - [2024-10-26T22:28:15.399+0000] {dag.py:3239} INFO - Sync 1 DAGs
[2024-10-26T22:28:15.412+0000] {logging_mixin.py:190} INFO - [2024-10-26T22:28:15.412+0000] {dag.py:4180} INFO - Setting next_dagrun for example_params_trigger_ui to None, run_after=None
[2024-10-26T22:28:15.432+0000] {processor.py:208} INFO - Processing /home/airflow/.local/lib/python3.12/site-packages/airflow/example_dags/example_params_trigger_ui.py took 0.096 seconds
[2024-10-26T22:28:48.835+0000] {processor.py:186} INFO - Started process (PID=36462) to work on /home/airflow/.local/lib/python3.12/site-packages/airflow/example_dags/example_params_trigger_ui.py
[2024-10-26T22:28:48.836+0000] {processor.py:914} INFO - Processing file /home/airflow/.local/lib/python3.12/site-packages/airflow/example_dags/example_params_trigger_ui.py for tasks to queue
[2024-10-26T22:28:48.838+0000] {logging_mixin.py:190} INFO - [2024-10-26T22:28:48.838+0000] {dagbag.py:588} INFO - Filling up the DagBag from /home/airflow/.local/lib/python3.12/site-packages/airflow/example_dags/example_params_trigger_ui.py
[2024-10-26T22:28:48.849+0000] {processor.py:925} INFO - DAG(s) 'example_params_trigger_ui' retrieved from /home/airflow/.local/lib/python3.12/site-packages/airflow/example_dags/example_params_trigger_ui.py
[2024-10-26T22:28:48.894+0000] {logging_mixin.py:190} INFO - [2024-10-26T22:28:48.894+0000] {dag.py:3239} INFO - Sync 1 DAGs
[2024-10-26T22:28:48.907+0000] {logging_mixin.py:190} INFO - [2024-10-26T22:28:48.907+0000] {dag.py:4180} INFO - Setting next_dagrun for example_params_trigger_ui to None, run_after=None
[2024-10-26T22:28:48.929+0000] {processor.py:208} INFO - Processing /home/airflow/.local/lib/python3.12/site-packages/airflow/example_dags/example_params_trigger_ui.py took 0.099 seconds
[2024-10-26T22:29:21.441+0000] {processor.py:186} INFO - Started process (PID=36526) to work on /home/airflow/.local/lib/python3.12/site-packages/airflow/example_dags/example_params_trigger_ui.py
[2024-10-26T22:29:21.442+0000] {processor.py:914} INFO - Processing file /home/airflow/.local/lib/python3.12/site-packages/airflow/example_dags/example_params_trigger_ui.py for tasks to queue
[2024-10-26T22:29:21.445+0000] {logging_mixin.py:190} INFO - [2024-10-26T22:29:21.445+0000] {dagbag.py:588} INFO - Filling up the DagBag from /home/airflow/.local/lib/python3.12/site-packages/airflow/example_dags/example_params_trigger_ui.py
[2024-10-26T22:29:21.456+0000] {processor.py:925} INFO - DAG(s) 'example_params_trigger_ui' retrieved from /home/airflow/.local/lib/python3.12/site-packages/airflow/example_dags/example_params_trigger_ui.py
[2024-10-26T22:29:21.499+0000] {logging_mixin.py:190} INFO - [2024-10-26T22:29:21.498+0000] {dag.py:3239} INFO - Sync 1 DAGs
[2024-10-26T22:29:21.512+0000] {logging_mixin.py:190} INFO - [2024-10-26T22:29:21.511+0000] {dag.py:4180} INFO - Setting next_dagrun for example_params_trigger_ui to None, run_after=None
[2024-10-26T22:29:21.530+0000] {processor.py:208} INFO - Processing /home/airflow/.local/lib/python3.12/site-packages/airflow/example_dags/example_params_trigger_ui.py took 0.094 seconds
[2024-10-26T22:29:54.228+0000] {processor.py:186} INFO - Started process (PID=36590) to work on /home/airflow/.local/lib/python3.12/site-packages/airflow/example_dags/example_params_trigger_ui.py
[2024-10-26T22:29:54.229+0000] {processor.py:914} INFO - Processing file /home/airflow/.local/lib/python3.12/site-packages/airflow/example_dags/example_params_trigger_ui.py for tasks to queue
[2024-10-26T22:29:54.232+0000] {logging_mixin.py:190} INFO - [2024-10-26T22:29:54.232+0000] {dagbag.py:588} INFO - Filling up the DagBag from /home/airflow/.local/lib/python3.12/site-packages/airflow/example_dags/example_params_trigger_ui.py
[2024-10-26T22:29:54.243+0000] {processor.py:925} INFO - DAG(s) 'example_params_trigger_ui' retrieved from /home/airflow/.local/lib/python3.12/site-packages/airflow/example_dags/example_params_trigger_ui.py
[2024-10-26T22:29:54.286+0000] {logging_mixin.py:190} INFO - [2024-10-26T22:29:54.286+0000] {dag.py:3239} INFO - Sync 1 DAGs
[2024-10-26T22:29:54.301+0000] {logging_mixin.py:190} INFO - [2024-10-26T22:29:54.301+0000] {dag.py:4180} INFO - Setting next_dagrun for example_params_trigger_ui to None, run_after=None
[2024-10-26T22:29:54.323+0000] {processor.py:208} INFO - Processing /home/airflow/.local/lib/python3.12/site-packages/airflow/example_dags/example_params_trigger_ui.py took 0.101 seconds
[2024-10-26T22:30:26.248+0000] {processor.py:186} INFO - Started process (PID=36654) to work on /home/airflow/.local/lib/python3.12/site-packages/airflow/example_dags/example_params_trigger_ui.py
[2024-10-26T22:30:26.249+0000] {processor.py:914} INFO - Processing file /home/airflow/.local/lib/python3.12/site-packages/airflow/example_dags/example_params_trigger_ui.py for tasks to queue
[2024-10-26T22:30:26.251+0000] {logging_mixin.py:190} INFO - [2024-10-26T22:30:26.251+0000] {dagbag.py:588} INFO - Filling up the DagBag from /home/airflow/.local/lib/python3.12/site-packages/airflow/example_dags/example_params_trigger_ui.py
[2024-10-26T22:30:26.262+0000] {processor.py:925} INFO - DAG(s) 'example_params_trigger_ui' retrieved from /home/airflow/.local/lib/python3.12/site-packages/airflow/example_dags/example_params_trigger_ui.py
[2024-10-26T22:30:26.310+0000] {logging_mixin.py:190} INFO - [2024-10-26T22:30:26.310+0000] {dag.py:3239} INFO - Sync 1 DAGs
[2024-10-26T22:30:26.323+0000] {logging_mixin.py:190} INFO - [2024-10-26T22:30:26.323+0000] {dag.py:4180} INFO - Setting next_dagrun for example_params_trigger_ui to None, run_after=None
[2024-10-26T22:30:26.346+0000] {processor.py:208} INFO - Processing /home/airflow/.local/lib/python3.12/site-packages/airflow/example_dags/example_params_trigger_ui.py took 0.104 seconds
[2024-10-26T22:30:58.742+0000] {processor.py:186} INFO - Started process (PID=36718) to work on /home/airflow/.local/lib/python3.12/site-packages/airflow/example_dags/example_params_trigger_ui.py
[2024-10-26T22:30:58.743+0000] {processor.py:914} INFO - Processing file /home/airflow/.local/lib/python3.12/site-packages/airflow/example_dags/example_params_trigger_ui.py for tasks to queue
[2024-10-26T22:30:58.746+0000] {logging_mixin.py:190} INFO - [2024-10-26T22:30:58.745+0000] {dagbag.py:588} INFO - Filling up the DagBag from /home/airflow/.local/lib/python3.12/site-packages/airflow/example_dags/example_params_trigger_ui.py
[2024-10-26T22:30:58.756+0000] {processor.py:925} INFO - DAG(s) 'example_params_trigger_ui' retrieved from /home/airflow/.local/lib/python3.12/site-packages/airflow/example_dags/example_params_trigger_ui.py
[2024-10-26T22:30:58.797+0000] {logging_mixin.py:190} INFO - [2024-10-26T22:30:58.797+0000] {dag.py:3239} INFO - Sync 1 DAGs
[2024-10-26T22:30:58.811+0000] {logging_mixin.py:190} INFO - [2024-10-26T22:30:58.810+0000] {dag.py:4180} INFO - Setting next_dagrun for example_params_trigger_ui to None, run_after=None
[2024-10-26T22:30:58.829+0000] {processor.py:208} INFO - Processing /home/airflow/.local/lib/python3.12/site-packages/airflow/example_dags/example_params_trigger_ui.py took 0.092 seconds
[2024-10-26T22:31:32.475+0000] {processor.py:186} INFO - Started process (PID=36782) to work on /home/airflow/.local/lib/python3.12/site-packages/airflow/example_dags/example_params_trigger_ui.py
[2024-10-26T22:31:32.476+0000] {processor.py:914} INFO - Processing file /home/airflow/.local/lib/python3.12/site-packages/airflow/example_dags/example_params_trigger_ui.py for tasks to queue
[2024-10-26T22:31:32.479+0000] {logging_mixin.py:190} INFO - [2024-10-26T22:31:32.478+0000] {dagbag.py:588} INFO - Filling up the DagBag from /home/airflow/.local/lib/python3.12/site-packages/airflow/example_dags/example_params_trigger_ui.py
[2024-10-26T22:31:32.490+0000] {processor.py:925} INFO - DAG(s) 'example_params_trigger_ui' retrieved from /home/airflow/.local/lib/python3.12/site-packages/airflow/example_dags/example_params_trigger_ui.py
[2024-10-26T22:31:32.538+0000] {logging_mixin.py:190} INFO - [2024-10-26T22:31:32.538+0000] {dag.py:3239} INFO - Sync 1 DAGs
[2024-10-26T22:31:32.553+0000] {logging_mixin.py:190} INFO - [2024-10-26T22:31:32.552+0000] {dag.py:4180} INFO - Setting next_dagrun for example_params_trigger_ui to None, run_after=None
[2024-10-26T22:31:32.572+0000] {processor.py:208} INFO - Processing /home/airflow/.local/lib/python3.12/site-packages/airflow/example_dags/example_params_trigger_ui.py took 0.102 seconds
[2024-10-26T22:32:05.193+0000] {processor.py:186} INFO - Started process (PID=36846) to work on /home/airflow/.local/lib/python3.12/site-packages/airflow/example_dags/example_params_trigger_ui.py
[2024-10-26T22:32:05.194+0000] {processor.py:914} INFO - Processing file /home/airflow/.local/lib/python3.12/site-packages/airflow/example_dags/example_params_trigger_ui.py for tasks to queue
[2024-10-26T22:32:05.196+0000] {logging_mixin.py:190} INFO - [2024-10-26T22:32:05.196+0000] {dagbag.py:588} INFO - Filling up the DagBag from /home/airflow/.local/lib/python3.12/site-packages/airflow/example_dags/example_params_trigger_ui.py
[2024-10-26T22:32:05.208+0000] {processor.py:925} INFO - DAG(s) 'example_params_trigger_ui' retrieved from /home/airflow/.local/lib/python3.12/site-packages/airflow/example_dags/example_params_trigger_ui.py
[2024-10-26T22:32:05.250+0000] {logging_mixin.py:190} INFO - [2024-10-26T22:32:05.250+0000] {dag.py:3239} INFO - Sync 1 DAGs
[2024-10-26T22:32:05.264+0000] {logging_mixin.py:190} INFO - [2024-10-26T22:32:05.264+0000] {dag.py:4180} INFO - Setting next_dagrun for example_params_trigger_ui to None, run_after=None
[2024-10-26T22:32:05.283+0000] {processor.py:208} INFO - Processing /home/airflow/.local/lib/python3.12/site-packages/airflow/example_dags/example_params_trigger_ui.py took 0.095 seconds
[2024-10-26T22:32:37.995+0000] {processor.py:186} INFO - Started process (PID=36910) to work on /home/airflow/.local/lib/python3.12/site-packages/airflow/example_dags/example_params_trigger_ui.py
[2024-10-26T22:32:37.997+0000] {processor.py:914} INFO - Processing file /home/airflow/.local/lib/python3.12/site-packages/airflow/example_dags/example_params_trigger_ui.py for tasks to queue
[2024-10-26T22:32:37.999+0000] {logging_mixin.py:190} INFO - [2024-10-26T22:32:37.999+0000] {dagbag.py:588} INFO - Filling up the DagBag from /home/airflow/.local/lib/python3.12/site-packages/airflow/example_dags/example_params_trigger_ui.py
[2024-10-26T22:32:38.010+0000] {processor.py:925} INFO - DAG(s) 'example_params_trigger_ui' retrieved from /home/airflow/.local/lib/python3.12/site-packages/airflow/example_dags/example_params_trigger_ui.py
[2024-10-26T22:32:38.055+0000] {logging_mixin.py:190} INFO - [2024-10-26T22:32:38.054+0000] {dag.py:3239} INFO - Sync 1 DAGs
[2024-10-26T22:32:38.069+0000] {logging_mixin.py:190} INFO - [2024-10-26T22:32:38.069+0000] {dag.py:4180} INFO - Setting next_dagrun for example_params_trigger_ui to None, run_after=None
[2024-10-26T22:32:38.090+0000] {processor.py:208} INFO - Processing /home/airflow/.local/lib/python3.12/site-packages/airflow/example_dags/example_params_trigger_ui.py took 0.101 seconds
[2024-10-26T22:33:09.832+0000] {processor.py:186} INFO - Started process (PID=36974) to work on /home/airflow/.local/lib/python3.12/site-packages/airflow/example_dags/example_params_trigger_ui.py
[2024-10-26T22:33:09.833+0000] {processor.py:914} INFO - Processing file /home/airflow/.local/lib/python3.12/site-packages/airflow/example_dags/example_params_trigger_ui.py for tasks to queue
[2024-10-26T22:33:09.835+0000] {logging_mixin.py:190} INFO - [2024-10-26T22:33:09.835+0000] {dagbag.py:588} INFO - Filling up the DagBag from /home/airflow/.local/lib/python3.12/site-packages/airflow/example_dags/example_params_trigger_ui.py
[2024-10-26T22:33:09.847+0000] {processor.py:925} INFO - DAG(s) 'example_params_trigger_ui' retrieved from /home/airflow/.local/lib/python3.12/site-packages/airflow/example_dags/example_params_trigger_ui.py
[2024-10-26T22:33:09.885+0000] {logging_mixin.py:190} INFO - [2024-10-26T22:33:09.885+0000] {dag.py:3239} INFO - Sync 1 DAGs
[2024-10-26T22:33:09.899+0000] {logging_mixin.py:190} INFO - [2024-10-26T22:33:09.899+0000] {dag.py:4180} INFO - Setting next_dagrun for example_params_trigger_ui to None, run_after=None
[2024-10-26T22:33:09.919+0000] {processor.py:208} INFO - Processing /home/airflow/.local/lib/python3.12/site-packages/airflow/example_dags/example_params_trigger_ui.py took 0.092 seconds
[2024-10-26T22:33:42.656+0000] {processor.py:186} INFO - Started process (PID=37038) to work on /home/airflow/.local/lib/python3.12/site-packages/airflow/example_dags/example_params_trigger_ui.py
[2024-10-26T22:33:42.656+0000] {processor.py:914} INFO - Processing file /home/airflow/.local/lib/python3.12/site-packages/airflow/example_dags/example_params_trigger_ui.py for tasks to queue
[2024-10-26T22:33:42.659+0000] {logging_mixin.py:190} INFO - [2024-10-26T22:33:42.659+0000] {dagbag.py:588} INFO - Filling up the DagBag from /home/airflow/.local/lib/python3.12/site-packages/airflow/example_dags/example_params_trigger_ui.py
[2024-10-26T22:33:42.671+0000] {processor.py:925} INFO - DAG(s) 'example_params_trigger_ui' retrieved from /home/airflow/.local/lib/python3.12/site-packages/airflow/example_dags/example_params_trigger_ui.py
[2024-10-26T22:33:42.711+0000] {logging_mixin.py:190} INFO - [2024-10-26T22:33:42.711+0000] {dag.py:3239} INFO - Sync 1 DAGs
[2024-10-26T22:33:42.724+0000] {logging_mixin.py:190} INFO - [2024-10-26T22:33:42.724+0000] {dag.py:4180} INFO - Setting next_dagrun for example_params_trigger_ui to None, run_after=None
[2024-10-26T22:33:42.744+0000] {processor.py:208} INFO - Processing /home/airflow/.local/lib/python3.12/site-packages/airflow/example_dags/example_params_trigger_ui.py took 0.094 seconds
[2024-10-26T22:34:15.194+0000] {processor.py:186} INFO - Started process (PID=37102) to work on /home/airflow/.local/lib/python3.12/site-packages/airflow/example_dags/example_params_trigger_ui.py
[2024-10-26T22:34:15.195+0000] {processor.py:914} INFO - Processing file /home/airflow/.local/lib/python3.12/site-packages/airflow/example_dags/example_params_trigger_ui.py for tasks to queue
[2024-10-26T22:34:15.197+0000] {logging_mixin.py:190} INFO - [2024-10-26T22:34:15.197+0000] {dagbag.py:588} INFO - Filling up the DagBag from /home/airflow/.local/lib/python3.12/site-packages/airflow/example_dags/example_params_trigger_ui.py
[2024-10-26T22:34:15.207+0000] {processor.py:925} INFO - DAG(s) 'example_params_trigger_ui' retrieved from /home/airflow/.local/lib/python3.12/site-packages/airflow/example_dags/example_params_trigger_ui.py
[2024-10-26T22:34:15.244+0000] {logging_mixin.py:190} INFO - [2024-10-26T22:34:15.244+0000] {dag.py:3239} INFO - Sync 1 DAGs
[2024-10-26T22:34:15.257+0000] {logging_mixin.py:190} INFO - [2024-10-26T22:34:15.257+0000] {dag.py:4180} INFO - Setting next_dagrun for example_params_trigger_ui to None, run_after=None
[2024-10-26T22:34:15.274+0000] {processor.py:208} INFO - Processing /home/airflow/.local/lib/python3.12/site-packages/airflow/example_dags/example_params_trigger_ui.py took 0.087 seconds
[2024-10-26T22:34:48.797+0000] {processor.py:186} INFO - Started process (PID=37166) to work on /home/airflow/.local/lib/python3.12/site-packages/airflow/example_dags/example_params_trigger_ui.py
[2024-10-26T22:34:48.798+0000] {processor.py:914} INFO - Processing file /home/airflow/.local/lib/python3.12/site-packages/airflow/example_dags/example_params_trigger_ui.py for tasks to queue
[2024-10-26T22:34:48.800+0000] {logging_mixin.py:190} INFO - [2024-10-26T22:34:48.800+0000] {dagbag.py:588} INFO - Filling up the DagBag from /home/airflow/.local/lib/python3.12/site-packages/airflow/example_dags/example_params_trigger_ui.py
[2024-10-26T22:34:48.811+0000] {processor.py:925} INFO - DAG(s) 'example_params_trigger_ui' retrieved from /home/airflow/.local/lib/python3.12/site-packages/airflow/example_dags/example_params_trigger_ui.py
[2024-10-26T22:34:48.853+0000] {logging_mixin.py:190} INFO - [2024-10-26T22:34:48.853+0000] {dag.py:3239} INFO - Sync 1 DAGs
[2024-10-26T22:34:48.867+0000] {logging_mixin.py:190} INFO - [2024-10-26T22:34:48.866+0000] {dag.py:4180} INFO - Setting next_dagrun for example_params_trigger_ui to None, run_after=None
[2024-10-26T22:34:48.887+0000] {processor.py:208} INFO - Processing /home/airflow/.local/lib/python3.12/site-packages/airflow/example_dags/example_params_trigger_ui.py took 0.095 seconds
[2024-10-26T22:35:21.372+0000] {processor.py:186} INFO - Started process (PID=37230) to work on /home/airflow/.local/lib/python3.12/site-packages/airflow/example_dags/example_params_trigger_ui.py
[2024-10-26T22:35:21.373+0000] {processor.py:914} INFO - Processing file /home/airflow/.local/lib/python3.12/site-packages/airflow/example_dags/example_params_trigger_ui.py for tasks to queue
[2024-10-26T22:35:21.375+0000] {logging_mixin.py:190} INFO - [2024-10-26T22:35:21.375+0000] {dagbag.py:588} INFO - Filling up the DagBag from /home/airflow/.local/lib/python3.12/site-packages/airflow/example_dags/example_params_trigger_ui.py
[2024-10-26T22:35:21.386+0000] {processor.py:925} INFO - DAG(s) 'example_params_trigger_ui' retrieved from /home/airflow/.local/lib/python3.12/site-packages/airflow/example_dags/example_params_trigger_ui.py
[2024-10-26T22:35:21.487+0000] {logging_mixin.py:190} INFO - [2024-10-26T22:35:21.486+0000] {dag.py:3239} INFO - Sync 1 DAGs
[2024-10-26T22:35:21.503+0000] {logging_mixin.py:190} INFO - [2024-10-26T22:35:21.503+0000] {dag.py:4180} INFO - Setting next_dagrun for example_params_trigger_ui to None, run_after=None
[2024-10-26T22:35:21.522+0000] {processor.py:208} INFO - Processing /home/airflow/.local/lib/python3.12/site-packages/airflow/example_dags/example_params_trigger_ui.py took 0.156 seconds
[2024-10-26T22:35:54.061+0000] {processor.py:186} INFO - Started process (PID=37294) to work on /home/airflow/.local/lib/python3.12/site-packages/airflow/example_dags/example_params_trigger_ui.py
[2024-10-26T22:35:54.062+0000] {processor.py:914} INFO - Processing file /home/airflow/.local/lib/python3.12/site-packages/airflow/example_dags/example_params_trigger_ui.py for tasks to queue
[2024-10-26T22:35:54.065+0000] {logging_mixin.py:190} INFO - [2024-10-26T22:35:54.064+0000] {dagbag.py:588} INFO - Filling up the DagBag from /home/airflow/.local/lib/python3.12/site-packages/airflow/example_dags/example_params_trigger_ui.py
[2024-10-26T22:35:54.075+0000] {processor.py:925} INFO - DAG(s) 'example_params_trigger_ui' retrieved from /home/airflow/.local/lib/python3.12/site-packages/airflow/example_dags/example_params_trigger_ui.py
[2024-10-26T22:35:54.122+0000] {logging_mixin.py:190} INFO - [2024-10-26T22:35:54.121+0000] {dag.py:3239} INFO - Sync 1 DAGs
[2024-10-26T22:35:54.135+0000] {logging_mixin.py:190} INFO - [2024-10-26T22:35:54.135+0000] {dag.py:4180} INFO - Setting next_dagrun for example_params_trigger_ui to None, run_after=None
[2024-10-26T22:35:54.154+0000] {processor.py:208} INFO - Processing /home/airflow/.local/lib/python3.12/site-packages/airflow/example_dags/example_params_trigger_ui.py took 0.097 seconds
[2024-10-26T22:36:26.979+0000] {processor.py:186} INFO - Started process (PID=37358) to work on /home/airflow/.local/lib/python3.12/site-packages/airflow/example_dags/example_params_trigger_ui.py
[2024-10-26T22:36:26.980+0000] {processor.py:914} INFO - Processing file /home/airflow/.local/lib/python3.12/site-packages/airflow/example_dags/example_params_trigger_ui.py for tasks to queue
[2024-10-26T22:36:26.983+0000] {logging_mixin.py:190} INFO - [2024-10-26T22:36:26.982+0000] {dagbag.py:588} INFO - Filling up the DagBag from /home/airflow/.local/lib/python3.12/site-packages/airflow/example_dags/example_params_trigger_ui.py
[2024-10-26T22:36:26.992+0000] {processor.py:925} INFO - DAG(s) 'example_params_trigger_ui' retrieved from /home/airflow/.local/lib/python3.12/site-packages/airflow/example_dags/example_params_trigger_ui.py
[2024-10-26T22:36:27.040+0000] {logging_mixin.py:190} INFO - [2024-10-26T22:36:27.040+0000] {dag.py:3239} INFO - Sync 1 DAGs
[2024-10-26T22:36:27.055+0000] {logging_mixin.py:190} INFO - [2024-10-26T22:36:27.055+0000] {dag.py:4180} INFO - Setting next_dagrun for example_params_trigger_ui to None, run_after=None
[2024-10-26T22:36:27.086+0000] {processor.py:208} INFO - Processing /home/airflow/.local/lib/python3.12/site-packages/airflow/example_dags/example_params_trigger_ui.py took 0.112 seconds
[2024-10-26T22:36:59.163+0000] {processor.py:186} INFO - Started process (PID=37422) to work on /home/airflow/.local/lib/python3.12/site-packages/airflow/example_dags/example_params_trigger_ui.py
[2024-10-26T22:36:59.164+0000] {processor.py:914} INFO - Processing file /home/airflow/.local/lib/python3.12/site-packages/airflow/example_dags/example_params_trigger_ui.py for tasks to queue
[2024-10-26T22:36:59.166+0000] {logging_mixin.py:190} INFO - [2024-10-26T22:36:59.166+0000] {dagbag.py:588} INFO - Filling up the DagBag from /home/airflow/.local/lib/python3.12/site-packages/airflow/example_dags/example_params_trigger_ui.py
[2024-10-26T22:36:59.178+0000] {processor.py:925} INFO - DAG(s) 'example_params_trigger_ui' retrieved from /home/airflow/.local/lib/python3.12/site-packages/airflow/example_dags/example_params_trigger_ui.py
[2024-10-26T22:36:59.215+0000] {logging_mixin.py:190} INFO - [2024-10-26T22:36:59.215+0000] {dag.py:3239} INFO - Sync 1 DAGs
[2024-10-26T22:36:59.231+0000] {logging_mixin.py:190} INFO - [2024-10-26T22:36:59.230+0000] {dag.py:4180} INFO - Setting next_dagrun for example_params_trigger_ui to None, run_after=None
[2024-10-26T22:36:59.251+0000] {processor.py:208} INFO - Processing /home/airflow/.local/lib/python3.12/site-packages/airflow/example_dags/example_params_trigger_ui.py took 0.094 seconds
[2024-10-26T22:37:31.937+0000] {processor.py:186} INFO - Started process (PID=37486) to work on /home/airflow/.local/lib/python3.12/site-packages/airflow/example_dags/example_params_trigger_ui.py
[2024-10-26T22:37:31.938+0000] {processor.py:914} INFO - Processing file /home/airflow/.local/lib/python3.12/site-packages/airflow/example_dags/example_params_trigger_ui.py for tasks to queue
[2024-10-26T22:37:31.941+0000] {logging_mixin.py:190} INFO - [2024-10-26T22:37:31.940+0000] {dagbag.py:588} INFO - Filling up the DagBag from /home/airflow/.local/lib/python3.12/site-packages/airflow/example_dags/example_params_trigger_ui.py
[2024-10-26T22:37:31.952+0000] {processor.py:925} INFO - DAG(s) 'example_params_trigger_ui' retrieved from /home/airflow/.local/lib/python3.12/site-packages/airflow/example_dags/example_params_trigger_ui.py
[2024-10-26T22:37:31.992+0000] {logging_mixin.py:190} INFO - [2024-10-26T22:37:31.992+0000] {dag.py:3239} INFO - Sync 1 DAGs
[2024-10-26T22:37:32.006+0000] {logging_mixin.py:190} INFO - [2024-10-26T22:37:32.006+0000] {dag.py:4180} INFO - Setting next_dagrun for example_params_trigger_ui to None, run_after=None
[2024-10-26T22:37:32.027+0000] {processor.py:208} INFO - Processing /home/airflow/.local/lib/python3.12/site-packages/airflow/example_dags/example_params_trigger_ui.py took 0.095 seconds
[2024-10-26T22:38:04.610+0000] {processor.py:186} INFO - Started process (PID=37550) to work on /home/airflow/.local/lib/python3.12/site-packages/airflow/example_dags/example_params_trigger_ui.py
[2024-10-26T22:38:04.611+0000] {processor.py:914} INFO - Processing file /home/airflow/.local/lib/python3.12/site-packages/airflow/example_dags/example_params_trigger_ui.py for tasks to queue
[2024-10-26T22:38:04.614+0000] {logging_mixin.py:190} INFO - [2024-10-26T22:38:04.613+0000] {dagbag.py:588} INFO - Filling up the DagBag from /home/airflow/.local/lib/python3.12/site-packages/airflow/example_dags/example_params_trigger_ui.py
[2024-10-26T22:38:04.624+0000] {processor.py:925} INFO - DAG(s) 'example_params_trigger_ui' retrieved from /home/airflow/.local/lib/python3.12/site-packages/airflow/example_dags/example_params_trigger_ui.py
[2024-10-26T22:38:04.659+0000] {logging_mixin.py:190} INFO - [2024-10-26T22:38:04.659+0000] {dag.py:3239} INFO - Sync 1 DAGs
[2024-10-26T22:38:04.672+0000] {logging_mixin.py:190} INFO - [2024-10-26T22:38:04.672+0000] {dag.py:4180} INFO - Setting next_dagrun for example_params_trigger_ui to None, run_after=None
[2024-10-26T22:38:04.692+0000] {processor.py:208} INFO - Processing /home/airflow/.local/lib/python3.12/site-packages/airflow/example_dags/example_params_trigger_ui.py took 0.088 seconds
[2024-10-26T22:38:37.560+0000] {processor.py:186} INFO - Started process (PID=37614) to work on /home/airflow/.local/lib/python3.12/site-packages/airflow/example_dags/example_params_trigger_ui.py
[2024-10-26T22:38:37.561+0000] {processor.py:914} INFO - Processing file /home/airflow/.local/lib/python3.12/site-packages/airflow/example_dags/example_params_trigger_ui.py for tasks to queue
[2024-10-26T22:38:37.564+0000] {logging_mixin.py:190} INFO - [2024-10-26T22:38:37.563+0000] {dagbag.py:588} INFO - Filling up the DagBag from /home/airflow/.local/lib/python3.12/site-packages/airflow/example_dags/example_params_trigger_ui.py
[2024-10-26T22:38:37.574+0000] {processor.py:925} INFO - DAG(s) 'example_params_trigger_ui' retrieved from /home/airflow/.local/lib/python3.12/site-packages/airflow/example_dags/example_params_trigger_ui.py
[2024-10-26T22:38:37.612+0000] {logging_mixin.py:190} INFO - [2024-10-26T22:38:37.612+0000] {dag.py:3239} INFO - Sync 1 DAGs
[2024-10-26T22:38:37.624+0000] {logging_mixin.py:190} INFO - [2024-10-26T22:38:37.624+0000] {dag.py:4180} INFO - Setting next_dagrun for example_params_trigger_ui to None, run_after=None
[2024-10-26T22:38:37.645+0000] {processor.py:208} INFO - Processing /home/airflow/.local/lib/python3.12/site-packages/airflow/example_dags/example_params_trigger_ui.py took 0.090 seconds
[2024-10-26T22:39:10.261+0000] {processor.py:186} INFO - Started process (PID=37678) to work on /home/airflow/.local/lib/python3.12/site-packages/airflow/example_dags/example_params_trigger_ui.py
[2024-10-26T22:39:10.262+0000] {processor.py:914} INFO - Processing file /home/airflow/.local/lib/python3.12/site-packages/airflow/example_dags/example_params_trigger_ui.py for tasks to queue
[2024-10-26T22:39:10.264+0000] {logging_mixin.py:190} INFO - [2024-10-26T22:39:10.264+0000] {dagbag.py:588} INFO - Filling up the DagBag from /home/airflow/.local/lib/python3.12/site-packages/airflow/example_dags/example_params_trigger_ui.py
[2024-10-26T22:39:10.274+0000] {processor.py:925} INFO - DAG(s) 'example_params_trigger_ui' retrieved from /home/airflow/.local/lib/python3.12/site-packages/airflow/example_dags/example_params_trigger_ui.py
[2024-10-26T22:39:10.316+0000] {logging_mixin.py:190} INFO - [2024-10-26T22:39:10.316+0000] {dag.py:3239} INFO - Sync 1 DAGs
[2024-10-26T22:39:10.328+0000] {logging_mixin.py:190} INFO - [2024-10-26T22:39:10.327+0000] {dag.py:4180} INFO - Setting next_dagrun for example_params_trigger_ui to None, run_after=None
[2024-10-26T22:39:10.347+0000] {processor.py:208} INFO - Processing /home/airflow/.local/lib/python3.12/site-packages/airflow/example_dags/example_params_trigger_ui.py took 0.091 seconds
[2024-10-26T22:39:42.993+0000] {processor.py:186} INFO - Started process (PID=37742) to work on /home/airflow/.local/lib/python3.12/site-packages/airflow/example_dags/example_params_trigger_ui.py
[2024-10-26T22:39:42.994+0000] {processor.py:914} INFO - Processing file /home/airflow/.local/lib/python3.12/site-packages/airflow/example_dags/example_params_trigger_ui.py for tasks to queue
[2024-10-26T22:39:42.996+0000] {logging_mixin.py:190} INFO - [2024-10-26T22:39:42.996+0000] {dagbag.py:588} INFO - Filling up the DagBag from /home/airflow/.local/lib/python3.12/site-packages/airflow/example_dags/example_params_trigger_ui.py
[2024-10-26T22:39:43.006+0000] {processor.py:925} INFO - DAG(s) 'example_params_trigger_ui' retrieved from /home/airflow/.local/lib/python3.12/site-packages/airflow/example_dags/example_params_trigger_ui.py
[2024-10-26T22:39:43.048+0000] {logging_mixin.py:190} INFO - [2024-10-26T22:39:43.047+0000] {dag.py:3239} INFO - Sync 1 DAGs
[2024-10-26T22:39:43.061+0000] {logging_mixin.py:190} INFO - [2024-10-26T22:39:43.060+0000] {dag.py:4180} INFO - Setting next_dagrun for example_params_trigger_ui to None, run_after=None
[2024-10-26T22:39:43.082+0000] {processor.py:208} INFO - Processing /home/airflow/.local/lib/python3.12/site-packages/airflow/example_dags/example_params_trigger_ui.py took 0.094 seconds
[2024-10-26T22:40:15.821+0000] {processor.py:186} INFO - Started process (PID=37806) to work on /home/airflow/.local/lib/python3.12/site-packages/airflow/example_dags/example_params_trigger_ui.py
[2024-10-26T22:40:15.822+0000] {processor.py:914} INFO - Processing file /home/airflow/.local/lib/python3.12/site-packages/airflow/example_dags/example_params_trigger_ui.py for tasks to queue
[2024-10-26T22:40:15.825+0000] {logging_mixin.py:190} INFO - [2024-10-26T22:40:15.824+0000] {dagbag.py:588} INFO - Filling up the DagBag from /home/airflow/.local/lib/python3.12/site-packages/airflow/example_dags/example_params_trigger_ui.py
[2024-10-26T22:40:15.834+0000] {processor.py:925} INFO - DAG(s) 'example_params_trigger_ui' retrieved from /home/airflow/.local/lib/python3.12/site-packages/airflow/example_dags/example_params_trigger_ui.py
[2024-10-26T22:40:15.907+0000] {logging_mixin.py:190} INFO - [2024-10-26T22:40:15.906+0000] {dag.py:3239} INFO - Sync 1 DAGs
[2024-10-26T22:40:15.923+0000] {logging_mixin.py:190} INFO - [2024-10-26T22:40:15.922+0000] {dag.py:4180} INFO - Setting next_dagrun for example_params_trigger_ui to None, run_after=None
[2024-10-26T22:40:15.945+0000] {processor.py:208} INFO - Processing /home/airflow/.local/lib/python3.12/site-packages/airflow/example_dags/example_params_trigger_ui.py took 0.128 seconds
[2024-10-26T22:40:48.468+0000] {processor.py:186} INFO - Started process (PID=37870) to work on /home/airflow/.local/lib/python3.12/site-packages/airflow/example_dags/example_params_trigger_ui.py
[2024-10-26T22:40:48.468+0000] {processor.py:914} INFO - Processing file /home/airflow/.local/lib/python3.12/site-packages/airflow/example_dags/example_params_trigger_ui.py for tasks to queue
[2024-10-26T22:40:48.471+0000] {logging_mixin.py:190} INFO - [2024-10-26T22:40:48.470+0000] {dagbag.py:588} INFO - Filling up the DagBag from /home/airflow/.local/lib/python3.12/site-packages/airflow/example_dags/example_params_trigger_ui.py
[2024-10-26T22:40:48.480+0000] {processor.py:925} INFO - DAG(s) 'example_params_trigger_ui' retrieved from /home/airflow/.local/lib/python3.12/site-packages/airflow/example_dags/example_params_trigger_ui.py
[2024-10-26T22:40:48.516+0000] {logging_mixin.py:190} INFO - [2024-10-26T22:40:48.516+0000] {dag.py:3239} INFO - Sync 1 DAGs
[2024-10-26T22:40:48.528+0000] {logging_mixin.py:190} INFO - [2024-10-26T22:40:48.528+0000] {dag.py:4180} INFO - Setting next_dagrun for example_params_trigger_ui to None, run_after=None
[2024-10-26T22:40:48.549+0000] {processor.py:208} INFO - Processing /home/airflow/.local/lib/python3.12/site-packages/airflow/example_dags/example_params_trigger_ui.py took 0.087 seconds
[2024-10-26T22:41:20.904+0000] {processor.py:186} INFO - Started process (PID=37934) to work on /home/airflow/.local/lib/python3.12/site-packages/airflow/example_dags/example_params_trigger_ui.py
[2024-10-26T22:41:20.905+0000] {processor.py:914} INFO - Processing file /home/airflow/.local/lib/python3.12/site-packages/airflow/example_dags/example_params_trigger_ui.py for tasks to queue
[2024-10-26T22:41:20.908+0000] {logging_mixin.py:190} INFO - [2024-10-26T22:41:20.908+0000] {dagbag.py:588} INFO - Filling up the DagBag from /home/airflow/.local/lib/python3.12/site-packages/airflow/example_dags/example_params_trigger_ui.py
[2024-10-26T22:41:20.919+0000] {processor.py:925} INFO - DAG(s) 'example_params_trigger_ui' retrieved from /home/airflow/.local/lib/python3.12/site-packages/airflow/example_dags/example_params_trigger_ui.py
[2024-10-26T22:41:20.960+0000] {logging_mixin.py:190} INFO - [2024-10-26T22:41:20.959+0000] {dag.py:3239} INFO - Sync 1 DAGs
[2024-10-26T22:41:20.972+0000] {logging_mixin.py:190} INFO - [2024-10-26T22:41:20.972+0000] {dag.py:4180} INFO - Setting next_dagrun for example_params_trigger_ui to None, run_after=None
[2024-10-26T22:41:20.993+0000] {processor.py:208} INFO - Processing /home/airflow/.local/lib/python3.12/site-packages/airflow/example_dags/example_params_trigger_ui.py took 0.094 seconds
[2024-10-26T22:41:53.638+0000] {processor.py:186} INFO - Started process (PID=37998) to work on /home/airflow/.local/lib/python3.12/site-packages/airflow/example_dags/example_params_trigger_ui.py
[2024-10-26T22:41:53.639+0000] {processor.py:914} INFO - Processing file /home/airflow/.local/lib/python3.12/site-packages/airflow/example_dags/example_params_trigger_ui.py for tasks to queue
[2024-10-26T22:41:53.642+0000] {logging_mixin.py:190} INFO - [2024-10-26T22:41:53.641+0000] {dagbag.py:588} INFO - Filling up the DagBag from /home/airflow/.local/lib/python3.12/site-packages/airflow/example_dags/example_params_trigger_ui.py
[2024-10-26T22:41:53.653+0000] {processor.py:925} INFO - DAG(s) 'example_params_trigger_ui' retrieved from /home/airflow/.local/lib/python3.12/site-packages/airflow/example_dags/example_params_trigger_ui.py
[2024-10-26T22:41:53.692+0000] {logging_mixin.py:190} INFO - [2024-10-26T22:41:53.692+0000] {dag.py:3239} INFO - Sync 1 DAGs
[2024-10-26T22:41:53.705+0000] {logging_mixin.py:190} INFO - [2024-10-26T22:41:53.704+0000] {dag.py:4180} INFO - Setting next_dagrun for example_params_trigger_ui to None, run_after=None
[2024-10-26T22:41:53.722+0000] {processor.py:208} INFO - Processing /home/airflow/.local/lib/python3.12/site-packages/airflow/example_dags/example_params_trigger_ui.py took 0.090 seconds
[2024-10-26T22:42:26.449+0000] {processor.py:186} INFO - Started process (PID=38062) to work on /home/airflow/.local/lib/python3.12/site-packages/airflow/example_dags/example_params_trigger_ui.py
[2024-10-26T22:42:26.450+0000] {processor.py:914} INFO - Processing file /home/airflow/.local/lib/python3.12/site-packages/airflow/example_dags/example_params_trigger_ui.py for tasks to queue
[2024-10-26T22:42:26.453+0000] {logging_mixin.py:190} INFO - [2024-10-26T22:42:26.452+0000] {dagbag.py:588} INFO - Filling up the DagBag from /home/airflow/.local/lib/python3.12/site-packages/airflow/example_dags/example_params_trigger_ui.py
[2024-10-26T22:42:26.462+0000] {processor.py:925} INFO - DAG(s) 'example_params_trigger_ui' retrieved from /home/airflow/.local/lib/python3.12/site-packages/airflow/example_dags/example_params_trigger_ui.py
[2024-10-26T22:42:26.502+0000] {logging_mixin.py:190} INFO - [2024-10-26T22:42:26.501+0000] {dag.py:3239} INFO - Sync 1 DAGs
[2024-10-26T22:42:26.514+0000] {logging_mixin.py:190} INFO - [2024-10-26T22:42:26.514+0000] {dag.py:4180} INFO - Setting next_dagrun for example_params_trigger_ui to None, run_after=None
[2024-10-26T22:42:26.532+0000] {processor.py:208} INFO - Processing /home/airflow/.local/lib/python3.12/site-packages/airflow/example_dags/example_params_trigger_ui.py took 0.089 seconds
[2024-10-26T22:42:59.477+0000] {processor.py:186} INFO - Started process (PID=38126) to work on /home/airflow/.local/lib/python3.12/site-packages/airflow/example_dags/example_params_trigger_ui.py
[2024-10-26T22:42:59.478+0000] {processor.py:914} INFO - Processing file /home/airflow/.local/lib/python3.12/site-packages/airflow/example_dags/example_params_trigger_ui.py for tasks to queue
[2024-10-26T22:42:59.481+0000] {logging_mixin.py:190} INFO - [2024-10-26T22:42:59.481+0000] {dagbag.py:588} INFO - Filling up the DagBag from /home/airflow/.local/lib/python3.12/site-packages/airflow/example_dags/example_params_trigger_ui.py
[2024-10-26T22:42:59.493+0000] {processor.py:925} INFO - DAG(s) 'example_params_trigger_ui' retrieved from /home/airflow/.local/lib/python3.12/site-packages/airflow/example_dags/example_params_trigger_ui.py
[2024-10-26T22:42:59.546+0000] {logging_mixin.py:190} INFO - [2024-10-26T22:42:59.545+0000] {dag.py:3239} INFO - Sync 1 DAGs
[2024-10-26T22:42:59.562+0000] {logging_mixin.py:190} INFO - [2024-10-26T22:42:59.561+0000] {dag.py:4180} INFO - Setting next_dagrun for example_params_trigger_ui to None, run_after=None
[2024-10-26T22:42:59.587+0000] {processor.py:208} INFO - Processing /home/airflow/.local/lib/python3.12/site-packages/airflow/example_dags/example_params_trigger_ui.py took 0.117 seconds
[2024-10-26T22:43:32.334+0000] {processor.py:186} INFO - Started process (PID=38190) to work on /home/airflow/.local/lib/python3.12/site-packages/airflow/example_dags/example_params_trigger_ui.py
[2024-10-26T22:43:32.335+0000] {processor.py:914} INFO - Processing file /home/airflow/.local/lib/python3.12/site-packages/airflow/example_dags/example_params_trigger_ui.py for tasks to queue
[2024-10-26T22:43:32.337+0000] {logging_mixin.py:190} INFO - [2024-10-26T22:43:32.337+0000] {dagbag.py:588} INFO - Filling up the DagBag from /home/airflow/.local/lib/python3.12/site-packages/airflow/example_dags/example_params_trigger_ui.py
[2024-10-26T22:43:32.349+0000] {processor.py:925} INFO - DAG(s) 'example_params_trigger_ui' retrieved from /home/airflow/.local/lib/python3.12/site-packages/airflow/example_dags/example_params_trigger_ui.py
[2024-10-26T22:43:32.389+0000] {logging_mixin.py:190} INFO - [2024-10-26T22:43:32.389+0000] {dag.py:3239} INFO - Sync 1 DAGs
[2024-10-26T22:43:32.404+0000] {logging_mixin.py:190} INFO - [2024-10-26T22:43:32.404+0000] {dag.py:4180} INFO - Setting next_dagrun for example_params_trigger_ui to None, run_after=None
[2024-10-26T22:43:32.430+0000] {processor.py:208} INFO - Processing /home/airflow/.local/lib/python3.12/site-packages/airflow/example_dags/example_params_trigger_ui.py took 0.102 seconds
[2024-10-26T22:44:04.855+0000] {processor.py:186} INFO - Started process (PID=38254) to work on /home/airflow/.local/lib/python3.12/site-packages/airflow/example_dags/example_params_trigger_ui.py
[2024-10-26T22:44:04.856+0000] {processor.py:914} INFO - Processing file /home/airflow/.local/lib/python3.12/site-packages/airflow/example_dags/example_params_trigger_ui.py for tasks to queue
[2024-10-26T22:44:04.859+0000] {logging_mixin.py:190} INFO - [2024-10-26T22:44:04.859+0000] {dagbag.py:588} INFO - Filling up the DagBag from /home/airflow/.local/lib/python3.12/site-packages/airflow/example_dags/example_params_trigger_ui.py
[2024-10-26T22:44:04.876+0000] {processor.py:925} INFO - DAG(s) 'example_params_trigger_ui' retrieved from /home/airflow/.local/lib/python3.12/site-packages/airflow/example_dags/example_params_trigger_ui.py
[2024-10-26T22:44:04.918+0000] {logging_mixin.py:190} INFO - [2024-10-26T22:44:04.918+0000] {dag.py:3239} INFO - Sync 1 DAGs
[2024-10-26T22:44:04.932+0000] {logging_mixin.py:190} INFO - [2024-10-26T22:44:04.931+0000] {dag.py:4180} INFO - Setting next_dagrun for example_params_trigger_ui to None, run_after=None
[2024-10-26T22:44:04.951+0000] {processor.py:208} INFO - Processing /home/airflow/.local/lib/python3.12/site-packages/airflow/example_dags/example_params_trigger_ui.py took 0.101 seconds
[2024-10-26T22:44:38.052+0000] {processor.py:186} INFO - Started process (PID=38319) to work on /home/airflow/.local/lib/python3.12/site-packages/airflow/example_dags/example_params_trigger_ui.py
[2024-10-26T22:44:38.054+0000] {processor.py:914} INFO - Processing file /home/airflow/.local/lib/python3.12/site-packages/airflow/example_dags/example_params_trigger_ui.py for tasks to queue
[2024-10-26T22:44:38.057+0000] {logging_mixin.py:190} INFO - [2024-10-26T22:44:38.056+0000] {dagbag.py:588} INFO - Filling up the DagBag from /home/airflow/.local/lib/python3.12/site-packages/airflow/example_dags/example_params_trigger_ui.py
[2024-10-26T22:44:38.080+0000] {processor.py:925} INFO - DAG(s) 'example_params_trigger_ui' retrieved from /home/airflow/.local/lib/python3.12/site-packages/airflow/example_dags/example_params_trigger_ui.py
[2024-10-26T22:44:38.127+0000] {logging_mixin.py:190} INFO - [2024-10-26T22:44:38.127+0000] {dag.py:3239} INFO - Sync 1 DAGs
[2024-10-26T22:44:38.142+0000] {logging_mixin.py:190} INFO - [2024-10-26T22:44:38.142+0000] {dag.py:4180} INFO - Setting next_dagrun for example_params_trigger_ui to None, run_after=None
[2024-10-26T22:44:38.160+0000] {processor.py:208} INFO - Processing /home/airflow/.local/lib/python3.12/site-packages/airflow/example_dags/example_params_trigger_ui.py took 0.116 seconds
[2024-10-26T22:45:10.555+0000] {processor.py:186} INFO - Started process (PID=38383) to work on /home/airflow/.local/lib/python3.12/site-packages/airflow/example_dags/example_params_trigger_ui.py
[2024-10-26T22:45:10.556+0000] {processor.py:914} INFO - Processing file /home/airflow/.local/lib/python3.12/site-packages/airflow/example_dags/example_params_trigger_ui.py for tasks to queue
[2024-10-26T22:45:10.559+0000] {logging_mixin.py:190} INFO - [2024-10-26T22:45:10.559+0000] {dagbag.py:588} INFO - Filling up the DagBag from /home/airflow/.local/lib/python3.12/site-packages/airflow/example_dags/example_params_trigger_ui.py
[2024-10-26T22:45:10.570+0000] {processor.py:925} INFO - DAG(s) 'example_params_trigger_ui' retrieved from /home/airflow/.local/lib/python3.12/site-packages/airflow/example_dags/example_params_trigger_ui.py
[2024-10-26T22:45:10.613+0000] {logging_mixin.py:190} INFO - [2024-10-26T22:45:10.613+0000] {dag.py:3239} INFO - Sync 1 DAGs
[2024-10-26T22:45:10.626+0000] {logging_mixin.py:190} INFO - [2024-10-26T22:45:10.626+0000] {dag.py:4180} INFO - Setting next_dagrun for example_params_trigger_ui to None, run_after=None
[2024-10-26T22:45:10.647+0000] {processor.py:208} INFO - Processing /home/airflow/.local/lib/python3.12/site-packages/airflow/example_dags/example_params_trigger_ui.py took 0.099 seconds
[2024-10-26T22:45:46.421+0000] {processor.py:186} INFO - Started process (PID=38448) to work on /home/airflow/.local/lib/python3.12/site-packages/airflow/example_dags/example_params_trigger_ui.py
[2024-10-26T22:45:46.422+0000] {processor.py:914} INFO - Processing file /home/airflow/.local/lib/python3.12/site-packages/airflow/example_dags/example_params_trigger_ui.py for tasks to queue
[2024-10-26T22:45:46.426+0000] {logging_mixin.py:190} INFO - [2024-10-26T22:45:46.425+0000] {dagbag.py:588} INFO - Filling up the DagBag from /home/airflow/.local/lib/python3.12/site-packages/airflow/example_dags/example_params_trigger_ui.py
[2024-10-26T22:45:46.441+0000] {processor.py:925} INFO - DAG(s) 'example_params_trigger_ui' retrieved from /home/airflow/.local/lib/python3.12/site-packages/airflow/example_dags/example_params_trigger_ui.py
[2024-10-26T22:45:46.523+0000] {logging_mixin.py:190} INFO - [2024-10-26T22:45:46.523+0000] {dag.py:3239} INFO - Sync 1 DAGs
[2024-10-26T22:45:46.553+0000] {logging_mixin.py:190} INFO - [2024-10-26T22:45:46.553+0000] {dag.py:4180} INFO - Setting next_dagrun for example_params_trigger_ui to None, run_after=None
[2024-10-26T22:45:46.579+0000] {processor.py:208} INFO - Processing /home/airflow/.local/lib/python3.12/site-packages/airflow/example_dags/example_params_trigger_ui.py took 0.167 seconds
[2024-10-26T22:46:17.157+0000] {processor.py:186} INFO - Started process (PID=38512) to work on /home/airflow/.local/lib/python3.12/site-packages/airflow/example_dags/example_params_trigger_ui.py
[2024-10-26T22:46:17.159+0000] {processor.py:914} INFO - Processing file /home/airflow/.local/lib/python3.12/site-packages/airflow/example_dags/example_params_trigger_ui.py for tasks to queue
[2024-10-26T22:46:17.162+0000] {logging_mixin.py:190} INFO - [2024-10-26T22:46:17.162+0000] {dagbag.py:588} INFO - Filling up the DagBag from /home/airflow/.local/lib/python3.12/site-packages/airflow/example_dags/example_params_trigger_ui.py
[2024-10-26T22:46:17.183+0000] {processor.py:925} INFO - DAG(s) 'example_params_trigger_ui' retrieved from /home/airflow/.local/lib/python3.12/site-packages/airflow/example_dags/example_params_trigger_ui.py
[2024-10-26T22:46:17.290+0000] {logging_mixin.py:190} INFO - [2024-10-26T22:46:17.290+0000] {dag.py:3239} INFO - Sync 1 DAGs
[2024-10-26T22:46:17.362+0000] {logging_mixin.py:190} INFO - [2024-10-26T22:46:17.361+0000] {dag.py:4180} INFO - Setting next_dagrun for example_params_trigger_ui to None, run_after=None
[2024-10-26T22:46:17.447+0000] {processor.py:208} INFO - Processing /home/airflow/.local/lib/python3.12/site-packages/airflow/example_dags/example_params_trigger_ui.py took 0.300 seconds
[2024-10-26T22:46:49.659+0000] {processor.py:186} INFO - Started process (PID=38576) to work on /home/airflow/.local/lib/python3.12/site-packages/airflow/example_dags/example_params_trigger_ui.py
[2024-10-26T22:46:49.660+0000] {processor.py:914} INFO - Processing file /home/airflow/.local/lib/python3.12/site-packages/airflow/example_dags/example_params_trigger_ui.py for tasks to queue
[2024-10-26T22:46:49.663+0000] {logging_mixin.py:190} INFO - [2024-10-26T22:46:49.663+0000] {dagbag.py:588} INFO - Filling up the DagBag from /home/airflow/.local/lib/python3.12/site-packages/airflow/example_dags/example_params_trigger_ui.py
[2024-10-26T22:46:49.677+0000] {processor.py:925} INFO - DAG(s) 'example_params_trigger_ui' retrieved from /home/airflow/.local/lib/python3.12/site-packages/airflow/example_dags/example_params_trigger_ui.py
[2024-10-26T22:46:49.766+0000] {logging_mixin.py:190} INFO - [2024-10-26T22:46:49.765+0000] {dag.py:3239} INFO - Sync 1 DAGs
[2024-10-26T22:46:49.817+0000] {logging_mixin.py:190} INFO - [2024-10-26T22:46:49.809+0000] {dag.py:4180} INFO - Setting next_dagrun for example_params_trigger_ui to None, run_after=None
[2024-10-26T22:46:49.856+0000] {processor.py:208} INFO - Processing /home/airflow/.local/lib/python3.12/site-packages/airflow/example_dags/example_params_trigger_ui.py took 0.206 seconds
[2024-10-26T22:47:21.871+0000] {processor.py:186} INFO - Started process (PID=38641) to work on /home/airflow/.local/lib/python3.12/site-packages/airflow/example_dags/example_params_trigger_ui.py
[2024-10-26T22:47:21.873+0000] {processor.py:914} INFO - Processing file /home/airflow/.local/lib/python3.12/site-packages/airflow/example_dags/example_params_trigger_ui.py for tasks to queue
[2024-10-26T22:47:21.878+0000] {logging_mixin.py:190} INFO - [2024-10-26T22:47:21.877+0000] {dagbag.py:588} INFO - Filling up the DagBag from /home/airflow/.local/lib/python3.12/site-packages/airflow/example_dags/example_params_trigger_ui.py
[2024-10-26T22:47:21.903+0000] {processor.py:925} INFO - DAG(s) 'example_params_trigger_ui' retrieved from /home/airflow/.local/lib/python3.12/site-packages/airflow/example_dags/example_params_trigger_ui.py
[2024-10-26T22:47:22.002+0000] {logging_mixin.py:190} INFO - [2024-10-26T22:47:22.002+0000] {dag.py:3239} INFO - Sync 1 DAGs
[2024-10-26T22:47:22.025+0000] {logging_mixin.py:190} INFO - [2024-10-26T22:47:22.024+0000] {dag.py:4180} INFO - Setting next_dagrun for example_params_trigger_ui to None, run_after=None
[2024-10-26T22:47:22.053+0000] {processor.py:208} INFO - Processing /home/airflow/.local/lib/python3.12/site-packages/airflow/example_dags/example_params_trigger_ui.py took 0.198 seconds
[2024-10-26T22:47:56.363+0000] {processor.py:186} INFO - Started process (PID=38705) to work on /home/airflow/.local/lib/python3.12/site-packages/airflow/example_dags/example_params_trigger_ui.py
[2024-10-26T22:47:56.365+0000] {processor.py:914} INFO - Processing file /home/airflow/.local/lib/python3.12/site-packages/airflow/example_dags/example_params_trigger_ui.py for tasks to queue
[2024-10-26T22:47:56.369+0000] {logging_mixin.py:190} INFO - [2024-10-26T22:47:56.368+0000] {dagbag.py:588} INFO - Filling up the DagBag from /home/airflow/.local/lib/python3.12/site-packages/airflow/example_dags/example_params_trigger_ui.py
[2024-10-26T22:47:56.400+0000] {processor.py:925} INFO - DAG(s) 'example_params_trigger_ui' retrieved from /home/airflow/.local/lib/python3.12/site-packages/airflow/example_dags/example_params_trigger_ui.py
[2024-10-26T22:47:56.568+0000] {logging_mixin.py:190} INFO - [2024-10-26T22:47:56.567+0000] {dag.py:3239} INFO - Sync 1 DAGs
[2024-10-26T22:47:56.613+0000] {logging_mixin.py:190} INFO - [2024-10-26T22:47:56.613+0000] {dag.py:4180} INFO - Setting next_dagrun for example_params_trigger_ui to None, run_after=None
[2024-10-26T22:47:56.776+0000] {processor.py:208} INFO - Processing /home/airflow/.local/lib/python3.12/site-packages/airflow/example_dags/example_params_trigger_ui.py took 0.430 seconds
[2024-10-26T22:48:29.517+0000] {processor.py:186} INFO - Started process (PID=38769) to work on /home/airflow/.local/lib/python3.12/site-packages/airflow/example_dags/example_params_trigger_ui.py
[2024-10-26T22:48:29.519+0000] {processor.py:914} INFO - Processing file /home/airflow/.local/lib/python3.12/site-packages/airflow/example_dags/example_params_trigger_ui.py for tasks to queue
[2024-10-26T22:48:29.528+0000] {logging_mixin.py:190} INFO - [2024-10-26T22:48:29.528+0000] {dagbag.py:588} INFO - Filling up the DagBag from /home/airflow/.local/lib/python3.12/site-packages/airflow/example_dags/example_params_trigger_ui.py
[2024-10-26T22:48:29.545+0000] {processor.py:925} INFO - DAG(s) 'example_params_trigger_ui' retrieved from /home/airflow/.local/lib/python3.12/site-packages/airflow/example_dags/example_params_trigger_ui.py
[2024-10-26T22:48:29.622+0000] {logging_mixin.py:190} INFO - [2024-10-26T22:48:29.621+0000] {dag.py:3239} INFO - Sync 1 DAGs
[2024-10-26T22:48:29.669+0000] {logging_mixin.py:190} INFO - [2024-10-26T22:48:29.669+0000] {dag.py:4180} INFO - Setting next_dagrun for example_params_trigger_ui to None, run_after=None
[2024-10-26T22:48:29.721+0000] {processor.py:208} INFO - Processing /home/airflow/.local/lib/python3.12/site-packages/airflow/example_dags/example_params_trigger_ui.py took 0.220 seconds
[2024-10-26T22:49:02.338+0000] {processor.py:186} INFO - Started process (PID=38833) to work on /home/airflow/.local/lib/python3.12/site-packages/airflow/example_dags/example_params_trigger_ui.py
[2024-10-26T22:49:02.339+0000] {processor.py:914} INFO - Processing file /home/airflow/.local/lib/python3.12/site-packages/airflow/example_dags/example_params_trigger_ui.py for tasks to queue
[2024-10-26T22:49:02.342+0000] {logging_mixin.py:190} INFO - [2024-10-26T22:49:02.342+0000] {dagbag.py:588} INFO - Filling up the DagBag from /home/airflow/.local/lib/python3.12/site-packages/airflow/example_dags/example_params_trigger_ui.py
[2024-10-26T22:49:02.359+0000] {processor.py:925} INFO - DAG(s) 'example_params_trigger_ui' retrieved from /home/airflow/.local/lib/python3.12/site-packages/airflow/example_dags/example_params_trigger_ui.py
[2024-10-26T22:49:02.421+0000] {logging_mixin.py:190} INFO - [2024-10-26T22:49:02.421+0000] {dag.py:3239} INFO - Sync 1 DAGs
[2024-10-26T22:49:02.446+0000] {logging_mixin.py:190} INFO - [2024-10-26T22:49:02.445+0000] {dag.py:4180} INFO - Setting next_dagrun for example_params_trigger_ui to None, run_after=None
[2024-10-26T22:49:02.491+0000] {processor.py:208} INFO - Processing /home/airflow/.local/lib/python3.12/site-packages/airflow/example_dags/example_params_trigger_ui.py took 0.163 seconds
[2024-10-26T22:49:36.617+0000] {processor.py:186} INFO - Started process (PID=38898) to work on /home/airflow/.local/lib/python3.12/site-packages/airflow/example_dags/example_params_trigger_ui.py
[2024-10-26T22:49:36.637+0000] {processor.py:914} INFO - Processing file /home/airflow/.local/lib/python3.12/site-packages/airflow/example_dags/example_params_trigger_ui.py for tasks to queue
[2024-10-26T22:49:36.641+0000] {logging_mixin.py:190} INFO - [2024-10-26T22:49:36.640+0000] {dagbag.py:588} INFO - Filling up the DagBag from /home/airflow/.local/lib/python3.12/site-packages/airflow/example_dags/example_params_trigger_ui.py
[2024-10-26T22:49:36.672+0000] {processor.py:925} INFO - DAG(s) 'example_params_trigger_ui' retrieved from /home/airflow/.local/lib/python3.12/site-packages/airflow/example_dags/example_params_trigger_ui.py
[2024-10-26T22:49:36.775+0000] {logging_mixin.py:190} INFO - [2024-10-26T22:49:36.774+0000] {dag.py:3239} INFO - Sync 1 DAGs
[2024-10-26T22:49:36.808+0000] {logging_mixin.py:190} INFO - [2024-10-26T22:49:36.808+0000] {dag.py:4180} INFO - Setting next_dagrun for example_params_trigger_ui to None, run_after=None
[2024-10-26T22:49:36.870+0000] {processor.py:208} INFO - Processing /home/airflow/.local/lib/python3.12/site-packages/airflow/example_dags/example_params_trigger_ui.py took 0.262 seconds
[2024-10-26T22:50:09.571+0000] {processor.py:186} INFO - Started process (PID=38962) to work on /home/airflow/.local/lib/python3.12/site-packages/airflow/example_dags/example_params_trigger_ui.py
[2024-10-26T22:50:09.579+0000] {processor.py:914} INFO - Processing file /home/airflow/.local/lib/python3.12/site-packages/airflow/example_dags/example_params_trigger_ui.py for tasks to queue
[2024-10-26T22:50:09.589+0000] {logging_mixin.py:190} INFO - [2024-10-26T22:50:09.589+0000] {dagbag.py:588} INFO - Filling up the DagBag from /home/airflow/.local/lib/python3.12/site-packages/airflow/example_dags/example_params_trigger_ui.py
[2024-10-26T22:50:09.622+0000] {processor.py:925} INFO - DAG(s) 'example_params_trigger_ui' retrieved from /home/airflow/.local/lib/python3.12/site-packages/airflow/example_dags/example_params_trigger_ui.py
[2024-10-26T22:50:09.726+0000] {logging_mixin.py:190} INFO - [2024-10-26T22:50:09.726+0000] {dag.py:3239} INFO - Sync 1 DAGs
[2024-10-26T22:50:09.762+0000] {logging_mixin.py:190} INFO - [2024-10-26T22:50:09.762+0000] {dag.py:4180} INFO - Setting next_dagrun for example_params_trigger_ui to None, run_after=None
[2024-10-26T22:50:09.856+0000] {processor.py:208} INFO - Processing /home/airflow/.local/lib/python3.12/site-packages/airflow/example_dags/example_params_trigger_ui.py took 0.330 seconds
[2024-10-26T22:50:40.889+0000] {processor.py:186} INFO - Started process (PID=39026) to work on /home/airflow/.local/lib/python3.12/site-packages/airflow/example_dags/example_params_trigger_ui.py
[2024-10-26T22:50:40.938+0000] {processor.py:914} INFO - Processing file /home/airflow/.local/lib/python3.12/site-packages/airflow/example_dags/example_params_trigger_ui.py for tasks to queue
[2024-10-26T22:50:40.963+0000] {logging_mixin.py:190} INFO - [2024-10-26T22:50:40.963+0000] {dagbag.py:588} INFO - Filling up the DagBag from /home/airflow/.local/lib/python3.12/site-packages/airflow/example_dags/example_params_trigger_ui.py
[2024-10-26T22:50:40.986+0000] {processor.py:925} INFO - DAG(s) 'example_params_trigger_ui' retrieved from /home/airflow/.local/lib/python3.12/site-packages/airflow/example_dags/example_params_trigger_ui.py
[2024-10-26T22:50:41.244+0000] {logging_mixin.py:190} INFO - [2024-10-26T22:50:41.244+0000] {dag.py:3239} INFO - Sync 1 DAGs
[2024-10-26T22:50:41.289+0000] {logging_mixin.py:190} INFO - [2024-10-26T22:50:41.288+0000] {dag.py:4180} INFO - Setting next_dagrun for example_params_trigger_ui to None, run_after=None
[2024-10-26T22:50:41.345+0000] {processor.py:208} INFO - Processing /home/airflow/.local/lib/python3.12/site-packages/airflow/example_dags/example_params_trigger_ui.py took 0.473 seconds
[2024-10-26T22:51:16.136+0000] {processor.py:186} INFO - Started process (PID=39091) to work on /home/airflow/.local/lib/python3.12/site-packages/airflow/example_dags/example_params_trigger_ui.py
[2024-10-26T22:51:16.139+0000] {processor.py:914} INFO - Processing file /home/airflow/.local/lib/python3.12/site-packages/airflow/example_dags/example_params_trigger_ui.py for tasks to queue
[2024-10-26T22:51:16.145+0000] {logging_mixin.py:190} INFO - [2024-10-26T22:51:16.144+0000] {dagbag.py:588} INFO - Filling up the DagBag from /home/airflow/.local/lib/python3.12/site-packages/airflow/example_dags/example_params_trigger_ui.py
[2024-10-26T22:51:16.179+0000] {processor.py:925} INFO - DAG(s) 'example_params_trigger_ui' retrieved from /home/airflow/.local/lib/python3.12/site-packages/airflow/example_dags/example_params_trigger_ui.py
[2024-10-26T22:51:16.308+0000] {logging_mixin.py:190} INFO - [2024-10-26T22:51:16.308+0000] {dag.py:3239} INFO - Sync 1 DAGs
[2024-10-26T22:51:16.363+0000] {logging_mixin.py:190} INFO - [2024-10-26T22:51:16.362+0000] {dag.py:4180} INFO - Setting next_dagrun for example_params_trigger_ui to None, run_after=None
[2024-10-26T22:51:16.426+0000] {processor.py:208} INFO - Processing /home/airflow/.local/lib/python3.12/site-packages/airflow/example_dags/example_params_trigger_ui.py took 0.300 seconds
[2024-10-26T22:51:47.882+0000] {processor.py:186} INFO - Started process (PID=39155) to work on /home/airflow/.local/lib/python3.12/site-packages/airflow/example_dags/example_params_trigger_ui.py
[2024-10-26T22:51:47.883+0000] {processor.py:914} INFO - Processing file /home/airflow/.local/lib/python3.12/site-packages/airflow/example_dags/example_params_trigger_ui.py for tasks to queue
[2024-10-26T22:51:47.887+0000] {logging_mixin.py:190} INFO - [2024-10-26T22:51:47.886+0000] {dagbag.py:588} INFO - Filling up the DagBag from /home/airflow/.local/lib/python3.12/site-packages/airflow/example_dags/example_params_trigger_ui.py
[2024-10-26T22:51:47.908+0000] {processor.py:925} INFO - DAG(s) 'example_params_trigger_ui' retrieved from /home/airflow/.local/lib/python3.12/site-packages/airflow/example_dags/example_params_trigger_ui.py
[2024-10-26T22:51:48.054+0000] {logging_mixin.py:190} INFO - [2024-10-26T22:51:48.053+0000] {dag.py:3239} INFO - Sync 1 DAGs
[2024-10-26T22:51:48.175+0000] {logging_mixin.py:190} INFO - [2024-10-26T22:51:48.175+0000] {dag.py:4180} INFO - Setting next_dagrun for example_params_trigger_ui to None, run_after=None
[2024-10-26T22:51:48.231+0000] {processor.py:208} INFO - Processing /home/airflow/.local/lib/python3.12/site-packages/airflow/example_dags/example_params_trigger_ui.py took 0.367 seconds
[2024-10-26T22:52:18.757+0000] {processor.py:186} INFO - Started process (PID=39219) to work on /home/airflow/.local/lib/python3.12/site-packages/airflow/example_dags/example_params_trigger_ui.py
[2024-10-26T22:52:18.758+0000] {processor.py:914} INFO - Processing file /home/airflow/.local/lib/python3.12/site-packages/airflow/example_dags/example_params_trigger_ui.py for tasks to queue
[2024-10-26T22:52:18.762+0000] {logging_mixin.py:190} INFO - [2024-10-26T22:52:18.761+0000] {dagbag.py:588} INFO - Filling up the DagBag from /home/airflow/.local/lib/python3.12/site-packages/airflow/example_dags/example_params_trigger_ui.py
[2024-10-26T22:52:18.775+0000] {processor.py:925} INFO - DAG(s) 'example_params_trigger_ui' retrieved from /home/airflow/.local/lib/python3.12/site-packages/airflow/example_dags/example_params_trigger_ui.py
[2024-10-26T22:52:18.826+0000] {logging_mixin.py:190} INFO - [2024-10-26T22:52:18.826+0000] {dag.py:3239} INFO - Sync 1 DAGs
[2024-10-26T22:52:18.840+0000] {logging_mixin.py:190} INFO - [2024-10-26T22:52:18.840+0000] {dag.py:4180} INFO - Setting next_dagrun for example_params_trigger_ui to None, run_after=None
[2024-10-26T22:52:18.858+0000] {processor.py:208} INFO - Processing /home/airflow/.local/lib/python3.12/site-packages/airflow/example_dags/example_params_trigger_ui.py took 0.106 seconds
[2024-10-26T22:52:50.318+0000] {processor.py:186} INFO - Started process (PID=39283) to work on /home/airflow/.local/lib/python3.12/site-packages/airflow/example_dags/example_params_trigger_ui.py
[2024-10-26T22:52:50.320+0000] {processor.py:914} INFO - Processing file /home/airflow/.local/lib/python3.12/site-packages/airflow/example_dags/example_params_trigger_ui.py for tasks to queue
[2024-10-26T22:52:50.323+0000] {logging_mixin.py:190} INFO - [2024-10-26T22:52:50.322+0000] {dagbag.py:588} INFO - Filling up the DagBag from /home/airflow/.local/lib/python3.12/site-packages/airflow/example_dags/example_params_trigger_ui.py
[2024-10-26T22:52:50.335+0000] {processor.py:925} INFO - DAG(s) 'example_params_trigger_ui' retrieved from /home/airflow/.local/lib/python3.12/site-packages/airflow/example_dags/example_params_trigger_ui.py
[2024-10-26T22:52:50.383+0000] {logging_mixin.py:190} INFO - [2024-10-26T22:52:50.383+0000] {dag.py:3239} INFO - Sync 1 DAGs
[2024-10-26T22:52:50.401+0000] {logging_mixin.py:190} INFO - [2024-10-26T22:52:50.400+0000] {dag.py:4180} INFO - Setting next_dagrun for example_params_trigger_ui to None, run_after=None
[2024-10-26T22:52:50.427+0000] {processor.py:208} INFO - Processing /home/airflow/.local/lib/python3.12/site-packages/airflow/example_dags/example_params_trigger_ui.py took 0.116 seconds
[2024-10-26T22:53:22.619+0000] {processor.py:186} INFO - Started process (PID=39348) to work on /home/airflow/.local/lib/python3.12/site-packages/airflow/example_dags/example_params_trigger_ui.py
[2024-10-26T22:53:22.620+0000] {processor.py:914} INFO - Processing file /home/airflow/.local/lib/python3.12/site-packages/airflow/example_dags/example_params_trigger_ui.py for tasks to queue
[2024-10-26T22:53:22.623+0000] {logging_mixin.py:190} INFO - [2024-10-26T22:53:22.623+0000] {dagbag.py:588} INFO - Filling up the DagBag from /home/airflow/.local/lib/python3.12/site-packages/airflow/example_dags/example_params_trigger_ui.py
[2024-10-26T22:53:22.633+0000] {processor.py:925} INFO - DAG(s) 'example_params_trigger_ui' retrieved from /home/airflow/.local/lib/python3.12/site-packages/airflow/example_dags/example_params_trigger_ui.py
[2024-10-26T22:53:22.677+0000] {logging_mixin.py:190} INFO - [2024-10-26T22:53:22.676+0000] {dag.py:3239} INFO - Sync 1 DAGs
[2024-10-26T22:53:22.695+0000] {logging_mixin.py:190} INFO - [2024-10-26T22:53:22.695+0000] {dag.py:4180} INFO - Setting next_dagrun for example_params_trigger_ui to None, run_after=None
[2024-10-26T22:53:22.720+0000] {processor.py:208} INFO - Processing /home/airflow/.local/lib/python3.12/site-packages/airflow/example_dags/example_params_trigger_ui.py took 0.106 seconds
[2024-10-26T22:53:55.123+0000] {processor.py:186} INFO - Started process (PID=39412) to work on /home/airflow/.local/lib/python3.12/site-packages/airflow/example_dags/example_params_trigger_ui.py
[2024-10-26T22:53:55.124+0000] {processor.py:914} INFO - Processing file /home/airflow/.local/lib/python3.12/site-packages/airflow/example_dags/example_params_trigger_ui.py for tasks to queue
[2024-10-26T22:53:55.127+0000] {logging_mixin.py:190} INFO - [2024-10-26T22:53:55.127+0000] {dagbag.py:588} INFO - Filling up the DagBag from /home/airflow/.local/lib/python3.12/site-packages/airflow/example_dags/example_params_trigger_ui.py
[2024-10-26T22:53:55.141+0000] {processor.py:925} INFO - DAG(s) 'example_params_trigger_ui' retrieved from /home/airflow/.local/lib/python3.12/site-packages/airflow/example_dags/example_params_trigger_ui.py
[2024-10-26T22:53:55.187+0000] {logging_mixin.py:190} INFO - [2024-10-26T22:53:55.187+0000] {dag.py:3239} INFO - Sync 1 DAGs
[2024-10-26T22:53:55.205+0000] {logging_mixin.py:190} INFO - [2024-10-26T22:53:55.205+0000] {dag.py:4180} INFO - Setting next_dagrun for example_params_trigger_ui to None, run_after=None
[2024-10-26T22:53:55.226+0000] {processor.py:208} INFO - Processing /home/airflow/.local/lib/python3.12/site-packages/airflow/example_dags/example_params_trigger_ui.py took 0.111 seconds
[2024-10-26T22:54:27.571+0000] {processor.py:186} INFO - Started process (PID=39476) to work on /home/airflow/.local/lib/python3.12/site-packages/airflow/example_dags/example_params_trigger_ui.py
[2024-10-26T22:54:27.573+0000] {processor.py:914} INFO - Processing file /home/airflow/.local/lib/python3.12/site-packages/airflow/example_dags/example_params_trigger_ui.py for tasks to queue
[2024-10-26T22:54:27.575+0000] {logging_mixin.py:190} INFO - [2024-10-26T22:54:27.575+0000] {dagbag.py:588} INFO - Filling up the DagBag from /home/airflow/.local/lib/python3.12/site-packages/airflow/example_dags/example_params_trigger_ui.py
[2024-10-26T22:54:27.585+0000] {processor.py:925} INFO - DAG(s) 'example_params_trigger_ui' retrieved from /home/airflow/.local/lib/python3.12/site-packages/airflow/example_dags/example_params_trigger_ui.py
[2024-10-26T22:54:27.623+0000] {logging_mixin.py:190} INFO - [2024-10-26T22:54:27.623+0000] {dag.py:3239} INFO - Sync 1 DAGs
[2024-10-26T22:54:27.637+0000] {logging_mixin.py:190} INFO - [2024-10-26T22:54:27.637+0000] {dag.py:4180} INFO - Setting next_dagrun for example_params_trigger_ui to None, run_after=None
[2024-10-26T22:54:27.654+0000] {processor.py:208} INFO - Processing /home/airflow/.local/lib/python3.12/site-packages/airflow/example_dags/example_params_trigger_ui.py took 0.090 seconds
[2024-10-26T22:55:00.009+0000] {processor.py:186} INFO - Started process (PID=39540) to work on /home/airflow/.local/lib/python3.12/site-packages/airflow/example_dags/example_params_trigger_ui.py
[2024-10-26T22:55:00.010+0000] {processor.py:914} INFO - Processing file /home/airflow/.local/lib/python3.12/site-packages/airflow/example_dags/example_params_trigger_ui.py for tasks to queue
[2024-10-26T22:55:00.013+0000] {logging_mixin.py:190} INFO - [2024-10-26T22:55:00.013+0000] {dagbag.py:588} INFO - Filling up the DagBag from /home/airflow/.local/lib/python3.12/site-packages/airflow/example_dags/example_params_trigger_ui.py
[2024-10-26T22:55:00.025+0000] {processor.py:925} INFO - DAG(s) 'example_params_trigger_ui' retrieved from /home/airflow/.local/lib/python3.12/site-packages/airflow/example_dags/example_params_trigger_ui.py
[2024-10-26T22:55:00.065+0000] {logging_mixin.py:190} INFO - [2024-10-26T22:55:00.065+0000] {dag.py:3239} INFO - Sync 1 DAGs
[2024-10-26T22:55:00.079+0000] {logging_mixin.py:190} INFO - [2024-10-26T22:55:00.079+0000] {dag.py:4180} INFO - Setting next_dagrun for example_params_trigger_ui to None, run_after=None
[2024-10-26T22:55:00.102+0000] {processor.py:208} INFO - Processing /home/airflow/.local/lib/python3.12/site-packages/airflow/example_dags/example_params_trigger_ui.py took 0.100 seconds
[2024-10-26T22:55:33.077+0000] {processor.py:186} INFO - Started process (PID=39604) to work on /home/airflow/.local/lib/python3.12/site-packages/airflow/example_dags/example_params_trigger_ui.py
[2024-10-26T22:55:33.078+0000] {processor.py:914} INFO - Processing file /home/airflow/.local/lib/python3.12/site-packages/airflow/example_dags/example_params_trigger_ui.py for tasks to queue
[2024-10-26T22:55:33.081+0000] {logging_mixin.py:190} INFO - [2024-10-26T22:55:33.081+0000] {dagbag.py:588} INFO - Filling up the DagBag from /home/airflow/.local/lib/python3.12/site-packages/airflow/example_dags/example_params_trigger_ui.py
[2024-10-26T22:55:33.093+0000] {processor.py:925} INFO - DAG(s) 'example_params_trigger_ui' retrieved from /home/airflow/.local/lib/python3.12/site-packages/airflow/example_dags/example_params_trigger_ui.py
[2024-10-26T22:55:33.138+0000] {logging_mixin.py:190} INFO - [2024-10-26T22:55:33.138+0000] {dag.py:3239} INFO - Sync 1 DAGs
[2024-10-26T22:55:33.152+0000] {logging_mixin.py:190} INFO - [2024-10-26T22:55:33.152+0000] {dag.py:4180} INFO - Setting next_dagrun for example_params_trigger_ui to None, run_after=None
[2024-10-26T22:55:33.172+0000] {processor.py:208} INFO - Processing /home/airflow/.local/lib/python3.12/site-packages/airflow/example_dags/example_params_trigger_ui.py took 0.104 seconds
[2024-10-26T22:56:05.513+0000] {processor.py:186} INFO - Started process (PID=39668) to work on /home/airflow/.local/lib/python3.12/site-packages/airflow/example_dags/example_params_trigger_ui.py
[2024-10-26T22:56:05.514+0000] {processor.py:914} INFO - Processing file /home/airflow/.local/lib/python3.12/site-packages/airflow/example_dags/example_params_trigger_ui.py for tasks to queue
[2024-10-26T22:56:05.516+0000] {logging_mixin.py:190} INFO - [2024-10-26T22:56:05.516+0000] {dagbag.py:588} INFO - Filling up the DagBag from /home/airflow/.local/lib/python3.12/site-packages/airflow/example_dags/example_params_trigger_ui.py
[2024-10-26T22:56:05.527+0000] {processor.py:925} INFO - DAG(s) 'example_params_trigger_ui' retrieved from /home/airflow/.local/lib/python3.12/site-packages/airflow/example_dags/example_params_trigger_ui.py
[2024-10-26T22:56:05.568+0000] {logging_mixin.py:190} INFO - [2024-10-26T22:56:05.567+0000] {dag.py:3239} INFO - Sync 1 DAGs
[2024-10-26T22:56:05.582+0000] {logging_mixin.py:190} INFO - [2024-10-26T22:56:05.582+0000] {dag.py:4180} INFO - Setting next_dagrun for example_params_trigger_ui to None, run_after=None
[2024-10-26T22:56:05.601+0000] {processor.py:208} INFO - Processing /home/airflow/.local/lib/python3.12/site-packages/airflow/example_dags/example_params_trigger_ui.py took 0.093 seconds
[2024-10-26T22:56:39.301+0000] {processor.py:186} INFO - Started process (PID=39732) to work on /home/airflow/.local/lib/python3.12/site-packages/airflow/example_dags/example_params_trigger_ui.py
[2024-10-26T22:56:39.302+0000] {processor.py:914} INFO - Processing file /home/airflow/.local/lib/python3.12/site-packages/airflow/example_dags/example_params_trigger_ui.py for tasks to queue
[2024-10-26T22:56:39.304+0000] {logging_mixin.py:190} INFO - [2024-10-26T22:56:39.304+0000] {dagbag.py:588} INFO - Filling up the DagBag from /home/airflow/.local/lib/python3.12/site-packages/airflow/example_dags/example_params_trigger_ui.py
[2024-10-26T22:56:39.316+0000] {processor.py:925} INFO - DAG(s) 'example_params_trigger_ui' retrieved from /home/airflow/.local/lib/python3.12/site-packages/airflow/example_dags/example_params_trigger_ui.py
[2024-10-26T22:56:39.356+0000] {logging_mixin.py:190} INFO - [2024-10-26T22:56:39.355+0000] {dag.py:3239} INFO - Sync 1 DAGs
[2024-10-26T22:56:39.374+0000] {logging_mixin.py:190} INFO - [2024-10-26T22:56:39.374+0000] {dag.py:4180} INFO - Setting next_dagrun for example_params_trigger_ui to None, run_after=None
[2024-10-26T22:56:39.397+0000] {processor.py:208} INFO - Processing /home/airflow/.local/lib/python3.12/site-packages/airflow/example_dags/example_params_trigger_ui.py took 0.102 seconds
[2024-10-26T22:57:11.478+0000] {processor.py:186} INFO - Started process (PID=39796) to work on /home/airflow/.local/lib/python3.12/site-packages/airflow/example_dags/example_params_trigger_ui.py
[2024-10-26T22:57:11.479+0000] {processor.py:914} INFO - Processing file /home/airflow/.local/lib/python3.12/site-packages/airflow/example_dags/example_params_trigger_ui.py for tasks to queue
[2024-10-26T22:57:11.482+0000] {logging_mixin.py:190} INFO - [2024-10-26T22:57:11.481+0000] {dagbag.py:588} INFO - Filling up the DagBag from /home/airflow/.local/lib/python3.12/site-packages/airflow/example_dags/example_params_trigger_ui.py
[2024-10-26T22:57:11.491+0000] {processor.py:925} INFO - DAG(s) 'example_params_trigger_ui' retrieved from /home/airflow/.local/lib/python3.12/site-packages/airflow/example_dags/example_params_trigger_ui.py
[2024-10-26T22:57:11.530+0000] {logging_mixin.py:190} INFO - [2024-10-26T22:57:11.530+0000] {dag.py:3239} INFO - Sync 1 DAGs
[2024-10-26T22:57:11.700+0000] {logging_mixin.py:190} INFO - [2024-10-26T22:57:11.700+0000] {dag.py:4180} INFO - Setting next_dagrun for example_params_trigger_ui to None, run_after=None
[2024-10-26T22:57:11.731+0000] {processor.py:208} INFO - Processing /home/airflow/.local/lib/python3.12/site-packages/airflow/example_dags/example_params_trigger_ui.py took 0.258 seconds
[2024-10-26T22:57:44.240+0000] {processor.py:186} INFO - Started process (PID=39860) to work on /home/airflow/.local/lib/python3.12/site-packages/airflow/example_dags/example_params_trigger_ui.py
[2024-10-26T22:57:44.241+0000] {processor.py:914} INFO - Processing file /home/airflow/.local/lib/python3.12/site-packages/airflow/example_dags/example_params_trigger_ui.py for tasks to queue
[2024-10-26T22:57:44.243+0000] {logging_mixin.py:190} INFO - [2024-10-26T22:57:44.243+0000] {dagbag.py:588} INFO - Filling up the DagBag from /home/airflow/.local/lib/python3.12/site-packages/airflow/example_dags/example_params_trigger_ui.py
[2024-10-26T22:57:44.253+0000] {processor.py:925} INFO - DAG(s) 'example_params_trigger_ui' retrieved from /home/airflow/.local/lib/python3.12/site-packages/airflow/example_dags/example_params_trigger_ui.py
[2024-10-26T22:57:44.299+0000] {logging_mixin.py:190} INFO - [2024-10-26T22:57:44.299+0000] {dag.py:3239} INFO - Sync 1 DAGs
[2024-10-26T22:57:44.312+0000] {logging_mixin.py:190} INFO - [2024-10-26T22:57:44.312+0000] {dag.py:4180} INFO - Setting next_dagrun for example_params_trigger_ui to None, run_after=None
[2024-10-26T22:57:44.474+0000] {processor.py:208} INFO - Processing /home/airflow/.local/lib/python3.12/site-packages/airflow/example_dags/example_params_trigger_ui.py took 0.240 seconds
[2024-10-26T22:58:16.430+0000] {processor.py:186} INFO - Started process (PID=39924) to work on /home/airflow/.local/lib/python3.12/site-packages/airflow/example_dags/example_params_trigger_ui.py
[2024-10-26T22:58:16.431+0000] {processor.py:914} INFO - Processing file /home/airflow/.local/lib/python3.12/site-packages/airflow/example_dags/example_params_trigger_ui.py for tasks to queue
[2024-10-26T22:58:16.433+0000] {logging_mixin.py:190} INFO - [2024-10-26T22:58:16.433+0000] {dagbag.py:588} INFO - Filling up the DagBag from /home/airflow/.local/lib/python3.12/site-packages/airflow/example_dags/example_params_trigger_ui.py
[2024-10-26T22:58:16.444+0000] {processor.py:925} INFO - DAG(s) 'example_params_trigger_ui' retrieved from /home/airflow/.local/lib/python3.12/site-packages/airflow/example_dags/example_params_trigger_ui.py
[2024-10-26T22:58:16.485+0000] {logging_mixin.py:190} INFO - [2024-10-26T22:58:16.485+0000] {dag.py:3239} INFO - Sync 1 DAGs
[2024-10-26T22:58:16.499+0000] {logging_mixin.py:190} INFO - [2024-10-26T22:58:16.498+0000] {dag.py:4180} INFO - Setting next_dagrun for example_params_trigger_ui to None, run_after=None
[2024-10-26T22:58:16.519+0000] {processor.py:208} INFO - Processing /home/airflow/.local/lib/python3.12/site-packages/airflow/example_dags/example_params_trigger_ui.py took 0.096 seconds
[2024-10-26T22:58:49.624+0000] {processor.py:186} INFO - Started process (PID=39988) to work on /home/airflow/.local/lib/python3.12/site-packages/airflow/example_dags/example_params_trigger_ui.py
[2024-10-26T22:58:49.625+0000] {processor.py:914} INFO - Processing file /home/airflow/.local/lib/python3.12/site-packages/airflow/example_dags/example_params_trigger_ui.py for tasks to queue
[2024-10-26T22:58:49.629+0000] {logging_mixin.py:190} INFO - [2024-10-26T22:58:49.628+0000] {dagbag.py:588} INFO - Filling up the DagBag from /home/airflow/.local/lib/python3.12/site-packages/airflow/example_dags/example_params_trigger_ui.py
[2024-10-26T22:58:49.651+0000] {processor.py:925} INFO - DAG(s) 'example_params_trigger_ui' retrieved from /home/airflow/.local/lib/python3.12/site-packages/airflow/example_dags/example_params_trigger_ui.py
[2024-10-26T22:58:49.728+0000] {logging_mixin.py:190} INFO - [2024-10-26T22:58:49.727+0000] {dag.py:3239} INFO - Sync 1 DAGs
[2024-10-26T22:58:49.748+0000] {logging_mixin.py:190} INFO - [2024-10-26T22:58:49.747+0000] {dag.py:4180} INFO - Setting next_dagrun for example_params_trigger_ui to None, run_after=None
[2024-10-26T22:58:49.774+0000] {processor.py:208} INFO - Processing /home/airflow/.local/lib/python3.12/site-packages/airflow/example_dags/example_params_trigger_ui.py took 0.158 seconds
[2024-10-26T22:59:22.586+0000] {processor.py:186} INFO - Started process (PID=40052) to work on /home/airflow/.local/lib/python3.12/site-packages/airflow/example_dags/example_params_trigger_ui.py
[2024-10-26T22:59:22.587+0000] {processor.py:914} INFO - Processing file /home/airflow/.local/lib/python3.12/site-packages/airflow/example_dags/example_params_trigger_ui.py for tasks to queue
[2024-10-26T22:59:22.590+0000] {logging_mixin.py:190} INFO - [2024-10-26T22:59:22.589+0000] {dagbag.py:588} INFO - Filling up the DagBag from /home/airflow/.local/lib/python3.12/site-packages/airflow/example_dags/example_params_trigger_ui.py
[2024-10-26T22:59:22.601+0000] {processor.py:925} INFO - DAG(s) 'example_params_trigger_ui' retrieved from /home/airflow/.local/lib/python3.12/site-packages/airflow/example_dags/example_params_trigger_ui.py
[2024-10-26T22:59:22.650+0000] {logging_mixin.py:190} INFO - [2024-10-26T22:59:22.649+0000] {dag.py:3239} INFO - Sync 1 DAGs
[2024-10-26T22:59:22.667+0000] {logging_mixin.py:190} INFO - [2024-10-26T22:59:22.667+0000] {dag.py:4180} INFO - Setting next_dagrun for example_params_trigger_ui to None, run_after=None
[2024-10-26T22:59:22.690+0000] {processor.py:208} INFO - Processing /home/airflow/.local/lib/python3.12/site-packages/airflow/example_dags/example_params_trigger_ui.py took 0.110 seconds
[2024-10-26T22:59:54.553+0000] {processor.py:186} INFO - Started process (PID=40116) to work on /home/airflow/.local/lib/python3.12/site-packages/airflow/example_dags/example_params_trigger_ui.py
[2024-10-26T22:59:54.554+0000] {processor.py:914} INFO - Processing file /home/airflow/.local/lib/python3.12/site-packages/airflow/example_dags/example_params_trigger_ui.py for tasks to queue
[2024-10-26T22:59:54.557+0000] {logging_mixin.py:190} INFO - [2024-10-26T22:59:54.556+0000] {dagbag.py:588} INFO - Filling up the DagBag from /home/airflow/.local/lib/python3.12/site-packages/airflow/example_dags/example_params_trigger_ui.py
[2024-10-26T22:59:54.568+0000] {processor.py:925} INFO - DAG(s) 'example_params_trigger_ui' retrieved from /home/airflow/.local/lib/python3.12/site-packages/airflow/example_dags/example_params_trigger_ui.py
[2024-10-26T22:59:54.613+0000] {logging_mixin.py:190} INFO - [2024-10-26T22:59:54.613+0000] {dag.py:3239} INFO - Sync 1 DAGs
[2024-10-26T22:59:54.627+0000] {logging_mixin.py:190} INFO - [2024-10-26T22:59:54.627+0000] {dag.py:4180} INFO - Setting next_dagrun for example_params_trigger_ui to None, run_after=None
[2024-10-26T22:59:54.647+0000] {processor.py:208} INFO - Processing /home/airflow/.local/lib/python3.12/site-packages/airflow/example_dags/example_params_trigger_ui.py took 0.100 seconds
[2024-10-26T23:00:27.728+0000] {processor.py:186} INFO - Started process (PID=40180) to work on /home/airflow/.local/lib/python3.12/site-packages/airflow/example_dags/example_params_trigger_ui.py
[2024-10-26T23:00:27.729+0000] {processor.py:914} INFO - Processing file /home/airflow/.local/lib/python3.12/site-packages/airflow/example_dags/example_params_trigger_ui.py for tasks to queue
[2024-10-26T23:00:27.731+0000] {logging_mixin.py:190} INFO - [2024-10-26T23:00:27.731+0000] {dagbag.py:588} INFO - Filling up the DagBag from /home/airflow/.local/lib/python3.12/site-packages/airflow/example_dags/example_params_trigger_ui.py
[2024-10-26T23:00:27.744+0000] {processor.py:925} INFO - DAG(s) 'example_params_trigger_ui' retrieved from /home/airflow/.local/lib/python3.12/site-packages/airflow/example_dags/example_params_trigger_ui.py
[2024-10-26T23:00:27.787+0000] {logging_mixin.py:190} INFO - [2024-10-26T23:00:27.787+0000] {dag.py:3239} INFO - Sync 1 DAGs
[2024-10-26T23:00:27.800+0000] {logging_mixin.py:190} INFO - [2024-10-26T23:00:27.800+0000] {dag.py:4180} INFO - Setting next_dagrun for example_params_trigger_ui to None, run_after=None
[2024-10-26T23:00:27.820+0000] {processor.py:208} INFO - Processing /home/airflow/.local/lib/python3.12/site-packages/airflow/example_dags/example_params_trigger_ui.py took 0.098 seconds
[2024-10-26T23:01:00.462+0000] {processor.py:186} INFO - Started process (PID=40244) to work on /home/airflow/.local/lib/python3.12/site-packages/airflow/example_dags/example_params_trigger_ui.py
[2024-10-26T23:01:00.463+0000] {processor.py:914} INFO - Processing file /home/airflow/.local/lib/python3.12/site-packages/airflow/example_dags/example_params_trigger_ui.py for tasks to queue
[2024-10-26T23:01:00.465+0000] {logging_mixin.py:190} INFO - [2024-10-26T23:01:00.465+0000] {dagbag.py:588} INFO - Filling up the DagBag from /home/airflow/.local/lib/python3.12/site-packages/airflow/example_dags/example_params_trigger_ui.py
[2024-10-26T23:01:00.476+0000] {processor.py:925} INFO - DAG(s) 'example_params_trigger_ui' retrieved from /home/airflow/.local/lib/python3.12/site-packages/airflow/example_dags/example_params_trigger_ui.py
[2024-10-26T23:01:00.528+0000] {logging_mixin.py:190} INFO - [2024-10-26T23:01:00.528+0000] {dag.py:3239} INFO - Sync 1 DAGs
[2024-10-26T23:01:00.551+0000] {logging_mixin.py:190} INFO - [2024-10-26T23:01:00.551+0000] {dag.py:4180} INFO - Setting next_dagrun for example_params_trigger_ui to None, run_after=None
[2024-10-26T23:01:00.578+0000] {processor.py:208} INFO - Processing /home/airflow/.local/lib/python3.12/site-packages/airflow/example_dags/example_params_trigger_ui.py took 0.121 seconds
[2024-10-26T23:01:32.713+0000] {processor.py:186} INFO - Started process (PID=40308) to work on /home/airflow/.local/lib/python3.12/site-packages/airflow/example_dags/example_params_trigger_ui.py
[2024-10-26T23:01:32.714+0000] {processor.py:914} INFO - Processing file /home/airflow/.local/lib/python3.12/site-packages/airflow/example_dags/example_params_trigger_ui.py for tasks to queue
[2024-10-26T23:01:32.716+0000] {logging_mixin.py:190} INFO - [2024-10-26T23:01:32.716+0000] {dagbag.py:588} INFO - Filling up the DagBag from /home/airflow/.local/lib/python3.12/site-packages/airflow/example_dags/example_params_trigger_ui.py
[2024-10-26T23:01:32.728+0000] {processor.py:925} INFO - DAG(s) 'example_params_trigger_ui' retrieved from /home/airflow/.local/lib/python3.12/site-packages/airflow/example_dags/example_params_trigger_ui.py
[2024-10-26T23:01:32.769+0000] {logging_mixin.py:190} INFO - [2024-10-26T23:01:32.769+0000] {dag.py:3239} INFO - Sync 1 DAGs
[2024-10-26T23:01:32.781+0000] {logging_mixin.py:190} INFO - [2024-10-26T23:01:32.781+0000] {dag.py:4180} INFO - Setting next_dagrun for example_params_trigger_ui to None, run_after=None
[2024-10-26T23:01:32.801+0000] {processor.py:208} INFO - Processing /home/airflow/.local/lib/python3.12/site-packages/airflow/example_dags/example_params_trigger_ui.py took 0.095 seconds
[2024-10-26T23:02:05.836+0000] {processor.py:186} INFO - Started process (PID=40372) to work on /home/airflow/.local/lib/python3.12/site-packages/airflow/example_dags/example_params_trigger_ui.py
[2024-10-26T23:02:05.837+0000] {processor.py:914} INFO - Processing file /home/airflow/.local/lib/python3.12/site-packages/airflow/example_dags/example_params_trigger_ui.py for tasks to queue
[2024-10-26T23:02:05.839+0000] {logging_mixin.py:190} INFO - [2024-10-26T23:02:05.839+0000] {dagbag.py:588} INFO - Filling up the DagBag from /home/airflow/.local/lib/python3.12/site-packages/airflow/example_dags/example_params_trigger_ui.py
[2024-10-26T23:02:05.850+0000] {processor.py:925} INFO - DAG(s) 'example_params_trigger_ui' retrieved from /home/airflow/.local/lib/python3.12/site-packages/airflow/example_dags/example_params_trigger_ui.py
[2024-10-26T23:02:05.895+0000] {logging_mixin.py:190} INFO - [2024-10-26T23:02:05.895+0000] {dag.py:3239} INFO - Sync 1 DAGs
[2024-10-26T23:02:05.908+0000] {logging_mixin.py:190} INFO - [2024-10-26T23:02:05.908+0000] {dag.py:4180} INFO - Setting next_dagrun for example_params_trigger_ui to None, run_after=None
[2024-10-26T23:02:05.930+0000] {processor.py:208} INFO - Processing /home/airflow/.local/lib/python3.12/site-packages/airflow/example_dags/example_params_trigger_ui.py took 0.099 seconds
[2024-10-26T23:02:38.700+0000] {processor.py:186} INFO - Started process (PID=40436) to work on /home/airflow/.local/lib/python3.12/site-packages/airflow/example_dags/example_params_trigger_ui.py
[2024-10-26T23:02:38.701+0000] {processor.py:914} INFO - Processing file /home/airflow/.local/lib/python3.12/site-packages/airflow/example_dags/example_params_trigger_ui.py for tasks to queue
[2024-10-26T23:02:38.704+0000] {logging_mixin.py:190} INFO - [2024-10-26T23:02:38.703+0000] {dagbag.py:588} INFO - Filling up the DagBag from /home/airflow/.local/lib/python3.12/site-packages/airflow/example_dags/example_params_trigger_ui.py
[2024-10-26T23:02:38.717+0000] {processor.py:925} INFO - DAG(s) 'example_params_trigger_ui' retrieved from /home/airflow/.local/lib/python3.12/site-packages/airflow/example_dags/example_params_trigger_ui.py
[2024-10-26T23:02:38.764+0000] {logging_mixin.py:190} INFO - [2024-10-26T23:02:38.763+0000] {dag.py:3239} INFO - Sync 1 DAGs
[2024-10-26T23:02:38.780+0000] {logging_mixin.py:190} INFO - [2024-10-26T23:02:38.780+0000] {dag.py:4180} INFO - Setting next_dagrun for example_params_trigger_ui to None, run_after=None
[2024-10-26T23:02:38.800+0000] {processor.py:208} INFO - Processing /home/airflow/.local/lib/python3.12/site-packages/airflow/example_dags/example_params_trigger_ui.py took 0.105 seconds
[2024-10-26T23:03:10.603+0000] {processor.py:186} INFO - Started process (PID=40500) to work on /home/airflow/.local/lib/python3.12/site-packages/airflow/example_dags/example_params_trigger_ui.py
[2024-10-26T23:03:10.604+0000] {processor.py:914} INFO - Processing file /home/airflow/.local/lib/python3.12/site-packages/airflow/example_dags/example_params_trigger_ui.py for tasks to queue
[2024-10-26T23:03:10.607+0000] {logging_mixin.py:190} INFO - [2024-10-26T23:03:10.606+0000] {dagbag.py:588} INFO - Filling up the DagBag from /home/airflow/.local/lib/python3.12/site-packages/airflow/example_dags/example_params_trigger_ui.py
[2024-10-26T23:03:10.617+0000] {processor.py:925} INFO - DAG(s) 'example_params_trigger_ui' retrieved from /home/airflow/.local/lib/python3.12/site-packages/airflow/example_dags/example_params_trigger_ui.py
[2024-10-26T23:03:10.662+0000] {logging_mixin.py:190} INFO - [2024-10-26T23:03:10.662+0000] {dag.py:3239} INFO - Sync 1 DAGs
[2024-10-26T23:03:10.675+0000] {logging_mixin.py:190} INFO - [2024-10-26T23:03:10.675+0000] {dag.py:4180} INFO - Setting next_dagrun for example_params_trigger_ui to None, run_after=None
[2024-10-26T23:03:10.695+0000] {processor.py:208} INFO - Processing /home/airflow/.local/lib/python3.12/site-packages/airflow/example_dags/example_params_trigger_ui.py took 0.098 seconds
[2024-10-26T23:03:43.462+0000] {processor.py:186} INFO - Started process (PID=40564) to work on /home/airflow/.local/lib/python3.12/site-packages/airflow/example_dags/example_params_trigger_ui.py
[2024-10-26T23:03:43.464+0000] {processor.py:914} INFO - Processing file /home/airflow/.local/lib/python3.12/site-packages/airflow/example_dags/example_params_trigger_ui.py for tasks to queue
[2024-10-26T23:03:43.467+0000] {logging_mixin.py:190} INFO - [2024-10-26T23:03:43.467+0000] {dagbag.py:588} INFO - Filling up the DagBag from /home/airflow/.local/lib/python3.12/site-packages/airflow/example_dags/example_params_trigger_ui.py
[2024-10-26T23:03:43.480+0000] {processor.py:925} INFO - DAG(s) 'example_params_trigger_ui' retrieved from /home/airflow/.local/lib/python3.12/site-packages/airflow/example_dags/example_params_trigger_ui.py
[2024-10-26T23:03:43.530+0000] {logging_mixin.py:190} INFO - [2024-10-26T23:03:43.530+0000] {dag.py:3239} INFO - Sync 1 DAGs
[2024-10-26T23:03:43.548+0000] {logging_mixin.py:190} INFO - [2024-10-26T23:03:43.547+0000] {dag.py:4180} INFO - Setting next_dagrun for example_params_trigger_ui to None, run_after=None
[2024-10-26T23:03:43.569+0000] {processor.py:208} INFO - Processing /home/airflow/.local/lib/python3.12/site-packages/airflow/example_dags/example_params_trigger_ui.py took 0.114 seconds
[2024-10-26T23:04:16.547+0000] {processor.py:186} INFO - Started process (PID=40628) to work on /home/airflow/.local/lib/python3.12/site-packages/airflow/example_dags/example_params_trigger_ui.py
[2024-10-26T23:04:16.548+0000] {processor.py:914} INFO - Processing file /home/airflow/.local/lib/python3.12/site-packages/airflow/example_dags/example_params_trigger_ui.py for tasks to queue
[2024-10-26T23:04:16.551+0000] {logging_mixin.py:190} INFO - [2024-10-26T23:04:16.551+0000] {dagbag.py:588} INFO - Filling up the DagBag from /home/airflow/.local/lib/python3.12/site-packages/airflow/example_dags/example_params_trigger_ui.py
[2024-10-26T23:04:16.563+0000] {processor.py:925} INFO - DAG(s) 'example_params_trigger_ui' retrieved from /home/airflow/.local/lib/python3.12/site-packages/airflow/example_dags/example_params_trigger_ui.py
[2024-10-26T23:04:16.609+0000] {logging_mixin.py:190} INFO - [2024-10-26T23:04:16.609+0000] {dag.py:3239} INFO - Sync 1 DAGs
[2024-10-26T23:04:16.623+0000] {logging_mixin.py:190} INFO - [2024-10-26T23:04:16.623+0000] {dag.py:4180} INFO - Setting next_dagrun for example_params_trigger_ui to None, run_after=None
[2024-10-26T23:04:16.645+0000] {processor.py:208} INFO - Processing /home/airflow/.local/lib/python3.12/site-packages/airflow/example_dags/example_params_trigger_ui.py took 0.104 seconds
[2024-10-26T23:04:49.419+0000] {processor.py:186} INFO - Started process (PID=40693) to work on /home/airflow/.local/lib/python3.12/site-packages/airflow/example_dags/example_params_trigger_ui.py
[2024-10-26T23:04:49.421+0000] {processor.py:914} INFO - Processing file /home/airflow/.local/lib/python3.12/site-packages/airflow/example_dags/example_params_trigger_ui.py for tasks to queue
[2024-10-26T23:04:49.425+0000] {logging_mixin.py:190} INFO - [2024-10-26T23:04:49.424+0000] {dagbag.py:588} INFO - Filling up the DagBag from /home/airflow/.local/lib/python3.12/site-packages/airflow/example_dags/example_params_trigger_ui.py
[2024-10-26T23:04:49.442+0000] {processor.py:925} INFO - DAG(s) 'example_params_trigger_ui' retrieved from /home/airflow/.local/lib/python3.12/site-packages/airflow/example_dags/example_params_trigger_ui.py
[2024-10-26T23:04:49.488+0000] {logging_mixin.py:190} INFO - [2024-10-26T23:04:49.488+0000] {dag.py:3239} INFO - Sync 1 DAGs
[2024-10-26T23:04:49.506+0000] {logging_mixin.py:190} INFO - [2024-10-26T23:04:49.506+0000] {dag.py:4180} INFO - Setting next_dagrun for example_params_trigger_ui to None, run_after=None
[2024-10-26T23:04:49.533+0000] {processor.py:208} INFO - Processing /home/airflow/.local/lib/python3.12/site-packages/airflow/example_dags/example_params_trigger_ui.py took 0.122 seconds
[2024-10-26T23:05:22.369+0000] {processor.py:186} INFO - Started process (PID=40757) to work on /home/airflow/.local/lib/python3.12/site-packages/airflow/example_dags/example_params_trigger_ui.py
[2024-10-26T23:05:22.370+0000] {processor.py:914} INFO - Processing file /home/airflow/.local/lib/python3.12/site-packages/airflow/example_dags/example_params_trigger_ui.py for tasks to queue
[2024-10-26T23:05:22.373+0000] {logging_mixin.py:190} INFO - [2024-10-26T23:05:22.372+0000] {dagbag.py:588} INFO - Filling up the DagBag from /home/airflow/.local/lib/python3.12/site-packages/airflow/example_dags/example_params_trigger_ui.py
[2024-10-26T23:05:22.383+0000] {processor.py:925} INFO - DAG(s) 'example_params_trigger_ui' retrieved from /home/airflow/.local/lib/python3.12/site-packages/airflow/example_dags/example_params_trigger_ui.py
[2024-10-26T23:05:22.425+0000] {logging_mixin.py:190} INFO - [2024-10-26T23:05:22.425+0000] {dag.py:3239} INFO - Sync 1 DAGs
[2024-10-26T23:05:22.437+0000] {logging_mixin.py:190} INFO - [2024-10-26T23:05:22.437+0000] {dag.py:4180} INFO - Setting next_dagrun for example_params_trigger_ui to None, run_after=None
[2024-10-26T23:05:22.459+0000] {processor.py:208} INFO - Processing /home/airflow/.local/lib/python3.12/site-packages/airflow/example_dags/example_params_trigger_ui.py took 0.095 seconds
[2024-10-26T23:05:55.113+0000] {processor.py:186} INFO - Started process (PID=40822) to work on /home/airflow/.local/lib/python3.12/site-packages/airflow/example_dags/example_params_trigger_ui.py
[2024-10-26T23:05:55.114+0000] {processor.py:914} INFO - Processing file /home/airflow/.local/lib/python3.12/site-packages/airflow/example_dags/example_params_trigger_ui.py for tasks to queue
[2024-10-26T23:05:55.116+0000] {logging_mixin.py:190} INFO - [2024-10-26T23:05:55.116+0000] {dagbag.py:588} INFO - Filling up the DagBag from /home/airflow/.local/lib/python3.12/site-packages/airflow/example_dags/example_params_trigger_ui.py
[2024-10-26T23:05:55.126+0000] {processor.py:925} INFO - DAG(s) 'example_params_trigger_ui' retrieved from /home/airflow/.local/lib/python3.12/site-packages/airflow/example_dags/example_params_trigger_ui.py
[2024-10-26T23:05:55.166+0000] {logging_mixin.py:190} INFO - [2024-10-26T23:05:55.165+0000] {dag.py:3239} INFO - Sync 1 DAGs
[2024-10-26T23:05:55.181+0000] {logging_mixin.py:190} INFO - [2024-10-26T23:05:55.180+0000] {dag.py:4180} INFO - Setting next_dagrun for example_params_trigger_ui to None, run_after=None
[2024-10-26T23:05:55.199+0000] {processor.py:208} INFO - Processing /home/airflow/.local/lib/python3.12/site-packages/airflow/example_dags/example_params_trigger_ui.py took 0.091 seconds
[2024-10-26T23:06:27.089+0000] {processor.py:186} INFO - Started process (PID=40886) to work on /home/airflow/.local/lib/python3.12/site-packages/airflow/example_dags/example_params_trigger_ui.py
[2024-10-26T23:06:27.089+0000] {processor.py:914} INFO - Processing file /home/airflow/.local/lib/python3.12/site-packages/airflow/example_dags/example_params_trigger_ui.py for tasks to queue
[2024-10-26T23:06:27.092+0000] {logging_mixin.py:190} INFO - [2024-10-26T23:06:27.092+0000] {dagbag.py:588} INFO - Filling up the DagBag from /home/airflow/.local/lib/python3.12/site-packages/airflow/example_dags/example_params_trigger_ui.py
[2024-10-26T23:06:27.105+0000] {processor.py:925} INFO - DAG(s) 'example_params_trigger_ui' retrieved from /home/airflow/.local/lib/python3.12/site-packages/airflow/example_dags/example_params_trigger_ui.py
[2024-10-26T23:06:27.149+0000] {logging_mixin.py:190} INFO - [2024-10-26T23:06:27.149+0000] {dag.py:3239} INFO - Sync 1 DAGs
[2024-10-26T23:06:27.163+0000] {logging_mixin.py:190} INFO - [2024-10-26T23:06:27.163+0000] {dag.py:4180} INFO - Setting next_dagrun for example_params_trigger_ui to None, run_after=None
[2024-10-26T23:06:27.183+0000] {processor.py:208} INFO - Processing /home/airflow/.local/lib/python3.12/site-packages/airflow/example_dags/example_params_trigger_ui.py took 0.100 seconds
[2024-10-26T23:07:00.027+0000] {processor.py:186} INFO - Started process (PID=40950) to work on /home/airflow/.local/lib/python3.12/site-packages/airflow/example_dags/example_params_trigger_ui.py
[2024-10-26T23:07:00.029+0000] {processor.py:914} INFO - Processing file /home/airflow/.local/lib/python3.12/site-packages/airflow/example_dags/example_params_trigger_ui.py for tasks to queue
[2024-10-26T23:07:00.032+0000] {logging_mixin.py:190} INFO - [2024-10-26T23:07:00.031+0000] {dagbag.py:588} INFO - Filling up the DagBag from /home/airflow/.local/lib/python3.12/site-packages/airflow/example_dags/example_params_trigger_ui.py
[2024-10-26T23:07:00.042+0000] {processor.py:925} INFO - DAG(s) 'example_params_trigger_ui' retrieved from /home/airflow/.local/lib/python3.12/site-packages/airflow/example_dags/example_params_trigger_ui.py
[2024-10-26T23:07:00.080+0000] {logging_mixin.py:190} INFO - [2024-10-26T23:07:00.080+0000] {dag.py:3239} INFO - Sync 1 DAGs
[2024-10-26T23:07:00.095+0000] {logging_mixin.py:190} INFO - [2024-10-26T23:07:00.094+0000] {dag.py:4180} INFO - Setting next_dagrun for example_params_trigger_ui to None, run_after=None
[2024-10-26T23:07:00.117+0000] {processor.py:208} INFO - Processing /home/airflow/.local/lib/python3.12/site-packages/airflow/example_dags/example_params_trigger_ui.py took 0.097 seconds
[2024-10-26T23:07:32.507+0000] {processor.py:186} INFO - Started process (PID=41014) to work on /home/airflow/.local/lib/python3.12/site-packages/airflow/example_dags/example_params_trigger_ui.py
[2024-10-26T23:07:32.508+0000] {processor.py:914} INFO - Processing file /home/airflow/.local/lib/python3.12/site-packages/airflow/example_dags/example_params_trigger_ui.py for tasks to queue
[2024-10-26T23:07:32.510+0000] {logging_mixin.py:190} INFO - [2024-10-26T23:07:32.510+0000] {dagbag.py:588} INFO - Filling up the DagBag from /home/airflow/.local/lib/python3.12/site-packages/airflow/example_dags/example_params_trigger_ui.py
[2024-10-26T23:07:32.523+0000] {processor.py:925} INFO - DAG(s) 'example_params_trigger_ui' retrieved from /home/airflow/.local/lib/python3.12/site-packages/airflow/example_dags/example_params_trigger_ui.py
[2024-10-26T23:07:32.585+0000] {logging_mixin.py:190} INFO - [2024-10-26T23:07:32.584+0000] {dag.py:3239} INFO - Sync 1 DAGs
[2024-10-26T23:07:32.614+0000] {logging_mixin.py:190} INFO - [2024-10-26T23:07:32.614+0000] {dag.py:4180} INFO - Setting next_dagrun for example_params_trigger_ui to None, run_after=None
[2024-10-26T23:07:32.634+0000] {processor.py:208} INFO - Processing /home/airflow/.local/lib/python3.12/site-packages/airflow/example_dags/example_params_trigger_ui.py took 0.133 seconds
[2024-10-26T23:08:05.315+0000] {processor.py:186} INFO - Started process (PID=41078) to work on /home/airflow/.local/lib/python3.12/site-packages/airflow/example_dags/example_params_trigger_ui.py
[2024-10-26T23:08:05.317+0000] {processor.py:914} INFO - Processing file /home/airflow/.local/lib/python3.12/site-packages/airflow/example_dags/example_params_trigger_ui.py for tasks to queue
[2024-10-26T23:08:05.319+0000] {logging_mixin.py:190} INFO - [2024-10-26T23:08:05.319+0000] {dagbag.py:588} INFO - Filling up the DagBag from /home/airflow/.local/lib/python3.12/site-packages/airflow/example_dags/example_params_trigger_ui.py
[2024-10-26T23:08:05.330+0000] {processor.py:925} INFO - DAG(s) 'example_params_trigger_ui' retrieved from /home/airflow/.local/lib/python3.12/site-packages/airflow/example_dags/example_params_trigger_ui.py
[2024-10-26T23:08:05.372+0000] {logging_mixin.py:190} INFO - [2024-10-26T23:08:05.371+0000] {dag.py:3239} INFO - Sync 1 DAGs
[2024-10-26T23:08:05.385+0000] {logging_mixin.py:190} INFO - [2024-10-26T23:08:05.385+0000] {dag.py:4180} INFO - Setting next_dagrun for example_params_trigger_ui to None, run_after=None
[2024-10-26T23:08:05.406+0000] {processor.py:208} INFO - Processing /home/airflow/.local/lib/python3.12/site-packages/airflow/example_dags/example_params_trigger_ui.py took 0.096 seconds
[2024-10-26T23:08:37.941+0000] {processor.py:186} INFO - Started process (PID=41142) to work on /home/airflow/.local/lib/python3.12/site-packages/airflow/example_dags/example_params_trigger_ui.py
[2024-10-26T23:08:37.942+0000] {processor.py:914} INFO - Processing file /home/airflow/.local/lib/python3.12/site-packages/airflow/example_dags/example_params_trigger_ui.py for tasks to queue
[2024-10-26T23:08:37.945+0000] {logging_mixin.py:190} INFO - [2024-10-26T23:08:37.944+0000] {dagbag.py:588} INFO - Filling up the DagBag from /home/airflow/.local/lib/python3.12/site-packages/airflow/example_dags/example_params_trigger_ui.py
[2024-10-26T23:08:37.957+0000] {processor.py:925} INFO - DAG(s) 'example_params_trigger_ui' retrieved from /home/airflow/.local/lib/python3.12/site-packages/airflow/example_dags/example_params_trigger_ui.py
[2024-10-26T23:08:38.000+0000] {logging_mixin.py:190} INFO - [2024-10-26T23:08:38.000+0000] {dag.py:3239} INFO - Sync 1 DAGs
[2024-10-26T23:08:38.014+0000] {logging_mixin.py:190} INFO - [2024-10-26T23:08:38.014+0000] {dag.py:4180} INFO - Setting next_dagrun for example_params_trigger_ui to None, run_after=None
[2024-10-26T23:08:38.034+0000] {processor.py:208} INFO - Processing /home/airflow/.local/lib/python3.12/site-packages/airflow/example_dags/example_params_trigger_ui.py took 0.099 seconds
[2024-10-26T23:09:10.707+0000] {processor.py:186} INFO - Started process (PID=41206) to work on /home/airflow/.local/lib/python3.12/site-packages/airflow/example_dags/example_params_trigger_ui.py
[2024-10-26T23:09:10.708+0000] {processor.py:914} INFO - Processing file /home/airflow/.local/lib/python3.12/site-packages/airflow/example_dags/example_params_trigger_ui.py for tasks to queue
[2024-10-26T23:09:10.712+0000] {logging_mixin.py:190} INFO - [2024-10-26T23:09:10.711+0000] {dagbag.py:588} INFO - Filling up the DagBag from /home/airflow/.local/lib/python3.12/site-packages/airflow/example_dags/example_params_trigger_ui.py
[2024-10-26T23:09:10.726+0000] {processor.py:925} INFO - DAG(s) 'example_params_trigger_ui' retrieved from /home/airflow/.local/lib/python3.12/site-packages/airflow/example_dags/example_params_trigger_ui.py
[2024-10-26T23:09:10.778+0000] {logging_mixin.py:190} INFO - [2024-10-26T23:09:10.777+0000] {dag.py:3239} INFO - Sync 1 DAGs
[2024-10-26T23:09:10.793+0000] {logging_mixin.py:190} INFO - [2024-10-26T23:09:10.792+0000] {dag.py:4180} INFO - Setting next_dagrun for example_params_trigger_ui to None, run_after=None
[2024-10-26T23:09:10.811+0000] {processor.py:208} INFO - Processing /home/airflow/.local/lib/python3.12/site-packages/airflow/example_dags/example_params_trigger_ui.py took 0.110 seconds
[2024-10-26T23:09:43.507+0000] {processor.py:186} INFO - Started process (PID=41270) to work on /home/airflow/.local/lib/python3.12/site-packages/airflow/example_dags/example_params_trigger_ui.py
[2024-10-26T23:09:43.509+0000] {processor.py:914} INFO - Processing file /home/airflow/.local/lib/python3.12/site-packages/airflow/example_dags/example_params_trigger_ui.py for tasks to queue
[2024-10-26T23:09:43.513+0000] {logging_mixin.py:190} INFO - [2024-10-26T23:09:43.512+0000] {dagbag.py:588} INFO - Filling up the DagBag from /home/airflow/.local/lib/python3.12/site-packages/airflow/example_dags/example_params_trigger_ui.py
[2024-10-26T23:09:43.528+0000] {processor.py:925} INFO - DAG(s) 'example_params_trigger_ui' retrieved from /home/airflow/.local/lib/python3.12/site-packages/airflow/example_dags/example_params_trigger_ui.py
[2024-10-26T23:09:43.573+0000] {logging_mixin.py:190} INFO - [2024-10-26T23:09:43.573+0000] {dag.py:3239} INFO - Sync 1 DAGs
[2024-10-26T23:09:43.588+0000] {logging_mixin.py:190} INFO - [2024-10-26T23:09:43.588+0000] {dag.py:4180} INFO - Setting next_dagrun for example_params_trigger_ui to None, run_after=None
[2024-10-26T23:09:43.605+0000] {processor.py:208} INFO - Processing /home/airflow/.local/lib/python3.12/site-packages/airflow/example_dags/example_params_trigger_ui.py took 0.106 seconds
[2024-10-26T23:10:16.676+0000] {processor.py:186} INFO - Started process (PID=41334) to work on /home/airflow/.local/lib/python3.12/site-packages/airflow/example_dags/example_params_trigger_ui.py
[2024-10-26T23:10:16.677+0000] {processor.py:914} INFO - Processing file /home/airflow/.local/lib/python3.12/site-packages/airflow/example_dags/example_params_trigger_ui.py for tasks to queue
[2024-10-26T23:10:16.680+0000] {logging_mixin.py:190} INFO - [2024-10-26T23:10:16.679+0000] {dagbag.py:588} INFO - Filling up the DagBag from /home/airflow/.local/lib/python3.12/site-packages/airflow/example_dags/example_params_trigger_ui.py
[2024-10-26T23:10:16.690+0000] {processor.py:925} INFO - DAG(s) 'example_params_trigger_ui' retrieved from /home/airflow/.local/lib/python3.12/site-packages/airflow/example_dags/example_params_trigger_ui.py
[2024-10-26T23:10:16.739+0000] {logging_mixin.py:190} INFO - [2024-10-26T23:10:16.739+0000] {dag.py:3239} INFO - Sync 1 DAGs
[2024-10-26T23:10:16.755+0000] {logging_mixin.py:190} INFO - [2024-10-26T23:10:16.754+0000] {dag.py:4180} INFO - Setting next_dagrun for example_params_trigger_ui to None, run_after=None
[2024-10-26T23:10:16.775+0000] {processor.py:208} INFO - Processing /home/airflow/.local/lib/python3.12/site-packages/airflow/example_dags/example_params_trigger_ui.py took 0.104 seconds
[2024-10-26T23:10:48.943+0000] {processor.py:186} INFO - Started process (PID=41398) to work on /home/airflow/.local/lib/python3.12/site-packages/airflow/example_dags/example_params_trigger_ui.py
[2024-10-26T23:10:48.944+0000] {processor.py:914} INFO - Processing file /home/airflow/.local/lib/python3.12/site-packages/airflow/example_dags/example_params_trigger_ui.py for tasks to queue
[2024-10-26T23:10:48.946+0000] {logging_mixin.py:190} INFO - [2024-10-26T23:10:48.946+0000] {dagbag.py:588} INFO - Filling up the DagBag from /home/airflow/.local/lib/python3.12/site-packages/airflow/example_dags/example_params_trigger_ui.py
[2024-10-26T23:10:48.959+0000] {processor.py:925} INFO - DAG(s) 'example_params_trigger_ui' retrieved from /home/airflow/.local/lib/python3.12/site-packages/airflow/example_dags/example_params_trigger_ui.py
[2024-10-26T23:10:48.998+0000] {logging_mixin.py:190} INFO - [2024-10-26T23:10:48.998+0000] {dag.py:3239} INFO - Sync 1 DAGs
[2024-10-26T23:10:49.013+0000] {logging_mixin.py:190} INFO - [2024-10-26T23:10:49.012+0000] {dag.py:4180} INFO - Setting next_dagrun for example_params_trigger_ui to None, run_after=None
[2024-10-26T23:10:49.033+0000] {processor.py:208} INFO - Processing /home/airflow/.local/lib/python3.12/site-packages/airflow/example_dags/example_params_trigger_ui.py took 0.097 seconds
[2024-10-26T23:11:22.167+0000] {processor.py:186} INFO - Started process (PID=41462) to work on /home/airflow/.local/lib/python3.12/site-packages/airflow/example_dags/example_params_trigger_ui.py
[2024-10-26T23:11:22.169+0000] {processor.py:914} INFO - Processing file /home/airflow/.local/lib/python3.12/site-packages/airflow/example_dags/example_params_trigger_ui.py for tasks to queue
[2024-10-26T23:11:22.172+0000] {logging_mixin.py:190} INFO - [2024-10-26T23:11:22.172+0000] {dagbag.py:588} INFO - Filling up the DagBag from /home/airflow/.local/lib/python3.12/site-packages/airflow/example_dags/example_params_trigger_ui.py
[2024-10-26T23:11:22.187+0000] {processor.py:925} INFO - DAG(s) 'example_params_trigger_ui' retrieved from /home/airflow/.local/lib/python3.12/site-packages/airflow/example_dags/example_params_trigger_ui.py
[2024-10-26T23:11:22.235+0000] {logging_mixin.py:190} INFO - [2024-10-26T23:11:22.234+0000] {dag.py:3239} INFO - Sync 1 DAGs
[2024-10-26T23:11:22.249+0000] {logging_mixin.py:190} INFO - [2024-10-26T23:11:22.249+0000] {dag.py:4180} INFO - Setting next_dagrun for example_params_trigger_ui to None, run_after=None
[2024-10-26T23:11:22.272+0000] {processor.py:208} INFO - Processing /home/airflow/.local/lib/python3.12/site-packages/airflow/example_dags/example_params_trigger_ui.py took 0.110 seconds
[2024-10-26T23:11:54.603+0000] {processor.py:186} INFO - Started process (PID=41526) to work on /home/airflow/.local/lib/python3.12/site-packages/airflow/example_dags/example_params_trigger_ui.py
[2024-10-26T23:11:54.604+0000] {processor.py:914} INFO - Processing file /home/airflow/.local/lib/python3.12/site-packages/airflow/example_dags/example_params_trigger_ui.py for tasks to queue
[2024-10-26T23:11:54.609+0000] {logging_mixin.py:190} INFO - [2024-10-26T23:11:54.608+0000] {dagbag.py:588} INFO - Filling up the DagBag from /home/airflow/.local/lib/python3.12/site-packages/airflow/example_dags/example_params_trigger_ui.py
[2024-10-26T23:11:54.633+0000] {processor.py:925} INFO - DAG(s) 'example_params_trigger_ui' retrieved from /home/airflow/.local/lib/python3.12/site-packages/airflow/example_dags/example_params_trigger_ui.py
[2024-10-26T23:11:54.735+0000] {logging_mixin.py:190} INFO - [2024-10-26T23:11:54.726+0000] {dag.py:3239} INFO - Sync 1 DAGs
[2024-10-26T23:11:54.759+0000] {logging_mixin.py:190} INFO - [2024-10-26T23:11:54.759+0000] {dag.py:4180} INFO - Setting next_dagrun for example_params_trigger_ui to None, run_after=None
[2024-10-26T23:11:54.790+0000] {processor.py:208} INFO - Processing /home/airflow/.local/lib/python3.12/site-packages/airflow/example_dags/example_params_trigger_ui.py took 0.195 seconds
[2024-10-26T23:12:27.760+0000] {processor.py:186} INFO - Started process (PID=41590) to work on /home/airflow/.local/lib/python3.12/site-packages/airflow/example_dags/example_params_trigger_ui.py
[2024-10-26T23:12:27.761+0000] {processor.py:914} INFO - Processing file /home/airflow/.local/lib/python3.12/site-packages/airflow/example_dags/example_params_trigger_ui.py for tasks to queue
[2024-10-26T23:12:27.766+0000] {logging_mixin.py:190} INFO - [2024-10-26T23:12:27.766+0000] {dagbag.py:588} INFO - Filling up the DagBag from /home/airflow/.local/lib/python3.12/site-packages/airflow/example_dags/example_params_trigger_ui.py
[2024-10-26T23:12:27.786+0000] {processor.py:925} INFO - DAG(s) 'example_params_trigger_ui' retrieved from /home/airflow/.local/lib/python3.12/site-packages/airflow/example_dags/example_params_trigger_ui.py
[2024-10-26T23:12:27.853+0000] {logging_mixin.py:190} INFO - [2024-10-26T23:12:27.853+0000] {dag.py:3239} INFO - Sync 1 DAGs
[2024-10-26T23:12:27.875+0000] {logging_mixin.py:190} INFO - [2024-10-26T23:12:27.874+0000] {dag.py:4180} INFO - Setting next_dagrun for example_params_trigger_ui to None, run_after=None
[2024-10-26T23:12:27.901+0000] {processor.py:208} INFO - Processing /home/airflow/.local/lib/python3.12/site-packages/airflow/example_dags/example_params_trigger_ui.py took 0.151 seconds
[2024-10-26T23:13:00.653+0000] {processor.py:186} INFO - Started process (PID=41654) to work on /home/airflow/.local/lib/python3.12/site-packages/airflow/example_dags/example_params_trigger_ui.py
[2024-10-26T23:13:00.655+0000] {processor.py:914} INFO - Processing file /home/airflow/.local/lib/python3.12/site-packages/airflow/example_dags/example_params_trigger_ui.py for tasks to queue
[2024-10-26T23:13:00.659+0000] {logging_mixin.py:190} INFO - [2024-10-26T23:13:00.658+0000] {dagbag.py:588} INFO - Filling up the DagBag from /home/airflow/.local/lib/python3.12/site-packages/airflow/example_dags/example_params_trigger_ui.py
[2024-10-26T23:13:00.674+0000] {processor.py:925} INFO - DAG(s) 'example_params_trigger_ui' retrieved from /home/airflow/.local/lib/python3.12/site-packages/airflow/example_dags/example_params_trigger_ui.py
[2024-10-26T23:13:00.737+0000] {logging_mixin.py:190} INFO - [2024-10-26T23:13:00.737+0000] {dag.py:3239} INFO - Sync 1 DAGs
[2024-10-26T23:13:00.758+0000] {logging_mixin.py:190} INFO - [2024-10-26T23:13:00.758+0000] {dag.py:4180} INFO - Setting next_dagrun for example_params_trigger_ui to None, run_after=None
[2024-10-26T23:13:00.782+0000] {processor.py:208} INFO - Processing /home/airflow/.local/lib/python3.12/site-packages/airflow/example_dags/example_params_trigger_ui.py took 0.137 seconds
[2024-10-26T23:13:33.326+0000] {processor.py:186} INFO - Started process (PID=41718) to work on /home/airflow/.local/lib/python3.12/site-packages/airflow/example_dags/example_params_trigger_ui.py
[2024-10-26T23:13:33.327+0000] {processor.py:914} INFO - Processing file /home/airflow/.local/lib/python3.12/site-packages/airflow/example_dags/example_params_trigger_ui.py for tasks to queue
[2024-10-26T23:13:33.330+0000] {logging_mixin.py:190} INFO - [2024-10-26T23:13:33.329+0000] {dagbag.py:588} INFO - Filling up the DagBag from /home/airflow/.local/lib/python3.12/site-packages/airflow/example_dags/example_params_trigger_ui.py
[2024-10-26T23:13:33.344+0000] {processor.py:925} INFO - DAG(s) 'example_params_trigger_ui' retrieved from /home/airflow/.local/lib/python3.12/site-packages/airflow/example_dags/example_params_trigger_ui.py
[2024-10-26T23:13:33.404+0000] {logging_mixin.py:190} INFO - [2024-10-26T23:13:33.404+0000] {dag.py:3239} INFO - Sync 1 DAGs
[2024-10-26T23:13:33.422+0000] {logging_mixin.py:190} INFO - [2024-10-26T23:13:33.422+0000] {dag.py:4180} INFO - Setting next_dagrun for example_params_trigger_ui to None, run_after=None
[2024-10-26T23:13:33.447+0000] {processor.py:208} INFO - Processing /home/airflow/.local/lib/python3.12/site-packages/airflow/example_dags/example_params_trigger_ui.py took 0.127 seconds
[2024-10-26T23:14:06.298+0000] {processor.py:186} INFO - Started process (PID=41782) to work on /home/airflow/.local/lib/python3.12/site-packages/airflow/example_dags/example_params_trigger_ui.py
[2024-10-26T23:14:06.299+0000] {processor.py:914} INFO - Processing file /home/airflow/.local/lib/python3.12/site-packages/airflow/example_dags/example_params_trigger_ui.py for tasks to queue
[2024-10-26T23:14:06.302+0000] {logging_mixin.py:190} INFO - [2024-10-26T23:14:06.301+0000] {dagbag.py:588} INFO - Filling up the DagBag from /home/airflow/.local/lib/python3.12/site-packages/airflow/example_dags/example_params_trigger_ui.py
[2024-10-26T23:14:06.315+0000] {processor.py:925} INFO - DAG(s) 'example_params_trigger_ui' retrieved from /home/airflow/.local/lib/python3.12/site-packages/airflow/example_dags/example_params_trigger_ui.py
[2024-10-26T23:14:06.363+0000] {logging_mixin.py:190} INFO - [2024-10-26T23:14:06.362+0000] {dag.py:3239} INFO - Sync 1 DAGs
[2024-10-26T23:14:06.385+0000] {logging_mixin.py:190} INFO - [2024-10-26T23:14:06.385+0000] {dag.py:4180} INFO - Setting next_dagrun for example_params_trigger_ui to None, run_after=None
[2024-10-26T23:14:06.415+0000] {processor.py:208} INFO - Processing /home/airflow/.local/lib/python3.12/site-packages/airflow/example_dags/example_params_trigger_ui.py took 0.123 seconds
[2024-10-26T23:14:38.993+0000] {processor.py:186} INFO - Started process (PID=41846) to work on /home/airflow/.local/lib/python3.12/site-packages/airflow/example_dags/example_params_trigger_ui.py
[2024-10-26T23:14:38.994+0000] {processor.py:914} INFO - Processing file /home/airflow/.local/lib/python3.12/site-packages/airflow/example_dags/example_params_trigger_ui.py for tasks to queue
[2024-10-26T23:14:38.997+0000] {logging_mixin.py:190} INFO - [2024-10-26T23:14:38.996+0000] {dagbag.py:588} INFO - Filling up the DagBag from /home/airflow/.local/lib/python3.12/site-packages/airflow/example_dags/example_params_trigger_ui.py
[2024-10-26T23:14:39.010+0000] {processor.py:925} INFO - DAG(s) 'example_params_trigger_ui' retrieved from /home/airflow/.local/lib/python3.12/site-packages/airflow/example_dags/example_params_trigger_ui.py
[2024-10-26T23:14:39.067+0000] {logging_mixin.py:190} INFO - [2024-10-26T23:14:39.067+0000] {dag.py:3239} INFO - Sync 1 DAGs
[2024-10-26T23:14:39.089+0000] {logging_mixin.py:190} INFO - [2024-10-26T23:14:39.089+0000] {dag.py:4180} INFO - Setting next_dagrun for example_params_trigger_ui to None, run_after=None
[2024-10-26T23:14:39.112+0000] {processor.py:208} INFO - Processing /home/airflow/.local/lib/python3.12/site-packages/airflow/example_dags/example_params_trigger_ui.py took 0.126 seconds
[2024-10-26T23:15:10.965+0000] {processor.py:186} INFO - Started process (PID=41910) to work on /home/airflow/.local/lib/python3.12/site-packages/airflow/example_dags/example_params_trigger_ui.py
[2024-10-26T23:15:10.967+0000] {processor.py:914} INFO - Processing file /home/airflow/.local/lib/python3.12/site-packages/airflow/example_dags/example_params_trigger_ui.py for tasks to queue
[2024-10-26T23:15:10.970+0000] {logging_mixin.py:190} INFO - [2024-10-26T23:15:10.969+0000] {dagbag.py:588} INFO - Filling up the DagBag from /home/airflow/.local/lib/python3.12/site-packages/airflow/example_dags/example_params_trigger_ui.py
[2024-10-26T23:15:10.984+0000] {processor.py:925} INFO - DAG(s) 'example_params_trigger_ui' retrieved from /home/airflow/.local/lib/python3.12/site-packages/airflow/example_dags/example_params_trigger_ui.py
[2024-10-26T23:15:11.036+0000] {logging_mixin.py:190} INFO - [2024-10-26T23:15:11.036+0000] {dag.py:3239} INFO - Sync 1 DAGs
[2024-10-26T23:15:11.054+0000] {logging_mixin.py:190} INFO - [2024-10-26T23:15:11.053+0000] {dag.py:4180} INFO - Setting next_dagrun for example_params_trigger_ui to None, run_after=None
[2024-10-26T23:15:11.084+0000] {processor.py:208} INFO - Processing /home/airflow/.local/lib/python3.12/site-packages/airflow/example_dags/example_params_trigger_ui.py took 0.126 seconds
[2024-10-26T23:15:44.184+0000] {processor.py:186} INFO - Started process (PID=41974) to work on /home/airflow/.local/lib/python3.12/site-packages/airflow/example_dags/example_params_trigger_ui.py
[2024-10-26T23:15:44.185+0000] {processor.py:914} INFO - Processing file /home/airflow/.local/lib/python3.12/site-packages/airflow/example_dags/example_params_trigger_ui.py for tasks to queue
[2024-10-26T23:15:44.188+0000] {logging_mixin.py:190} INFO - [2024-10-26T23:15:44.187+0000] {dagbag.py:588} INFO - Filling up the DagBag from /home/airflow/.local/lib/python3.12/site-packages/airflow/example_dags/example_params_trigger_ui.py
[2024-10-26T23:15:44.203+0000] {processor.py:925} INFO - DAG(s) 'example_params_trigger_ui' retrieved from /home/airflow/.local/lib/python3.12/site-packages/airflow/example_dags/example_params_trigger_ui.py
[2024-10-26T23:15:44.252+0000] {logging_mixin.py:190} INFO - [2024-10-26T23:15:44.252+0000] {dag.py:3239} INFO - Sync 1 DAGs
[2024-10-26T23:15:44.267+0000] {logging_mixin.py:190} INFO - [2024-10-26T23:15:44.267+0000] {dag.py:4180} INFO - Setting next_dagrun for example_params_trigger_ui to None, run_after=None
[2024-10-26T23:15:44.293+0000] {processor.py:208} INFO - Processing /home/airflow/.local/lib/python3.12/site-packages/airflow/example_dags/example_params_trigger_ui.py took 0.118 seconds
[2024-10-26T23:16:17.204+0000] {processor.py:186} INFO - Started process (PID=42037) to work on /home/airflow/.local/lib/python3.12/site-packages/airflow/example_dags/example_params_trigger_ui.py
[2024-10-26T23:16:17.207+0000] {processor.py:914} INFO - Processing file /home/airflow/.local/lib/python3.12/site-packages/airflow/example_dags/example_params_trigger_ui.py for tasks to queue
[2024-10-26T23:16:17.211+0000] {logging_mixin.py:190} INFO - [2024-10-26T23:16:17.211+0000] {dagbag.py:588} INFO - Filling up the DagBag from /home/airflow/.local/lib/python3.12/site-packages/airflow/example_dags/example_params_trigger_ui.py
[2024-10-26T23:16:17.227+0000] {processor.py:925} INFO - DAG(s) 'example_params_trigger_ui' retrieved from /home/airflow/.local/lib/python3.12/site-packages/airflow/example_dags/example_params_trigger_ui.py
[2024-10-26T23:16:17.279+0000] {logging_mixin.py:190} INFO - [2024-10-26T23:16:17.279+0000] {dag.py:3239} INFO - Sync 1 DAGs
[2024-10-26T23:16:17.299+0000] {logging_mixin.py:190} INFO - [2024-10-26T23:16:17.299+0000] {dag.py:4180} INFO - Setting next_dagrun for example_params_trigger_ui to None, run_after=None
[2024-10-26T23:16:17.322+0000] {processor.py:208} INFO - Processing /home/airflow/.local/lib/python3.12/site-packages/airflow/example_dags/example_params_trigger_ui.py took 0.124 seconds
[2024-10-26T23:16:50.929+0000] {processor.py:186} INFO - Started process (PID=42101) to work on /home/airflow/.local/lib/python3.12/site-packages/airflow/example_dags/example_params_trigger_ui.py
[2024-10-26T23:16:50.930+0000] {processor.py:914} INFO - Processing file /home/airflow/.local/lib/python3.12/site-packages/airflow/example_dags/example_params_trigger_ui.py for tasks to queue
[2024-10-26T23:16:50.934+0000] {logging_mixin.py:190} INFO - [2024-10-26T23:16:50.934+0000] {dagbag.py:588} INFO - Filling up the DagBag from /home/airflow/.local/lib/python3.12/site-packages/airflow/example_dags/example_params_trigger_ui.py
[2024-10-26T23:16:50.955+0000] {processor.py:925} INFO - DAG(s) 'example_params_trigger_ui' retrieved from /home/airflow/.local/lib/python3.12/site-packages/airflow/example_dags/example_params_trigger_ui.py
[2024-10-26T23:16:51.044+0000] {logging_mixin.py:190} INFO - [2024-10-26T23:16:51.043+0000] {dag.py:3239} INFO - Sync 1 DAGs
[2024-10-26T23:16:51.091+0000] {logging_mixin.py:190} INFO - [2024-10-26T23:16:51.091+0000] {dag.py:4180} INFO - Setting next_dagrun for example_params_trigger_ui to None, run_after=None
[2024-10-26T23:16:51.151+0000] {processor.py:208} INFO - Processing /home/airflow/.local/lib/python3.12/site-packages/airflow/example_dags/example_params_trigger_ui.py took 0.230 seconds
[2024-10-26T23:17:22.349+0000] {processor.py:186} INFO - Started process (PID=42165) to work on /home/airflow/.local/lib/python3.12/site-packages/airflow/example_dags/example_params_trigger_ui.py
[2024-10-26T23:17:22.352+0000] {processor.py:914} INFO - Processing file /home/airflow/.local/lib/python3.12/site-packages/airflow/example_dags/example_params_trigger_ui.py for tasks to queue
[2024-10-26T23:17:22.362+0000] {logging_mixin.py:190} INFO - [2024-10-26T23:17:22.362+0000] {dagbag.py:588} INFO - Filling up the DagBag from /home/airflow/.local/lib/python3.12/site-packages/airflow/example_dags/example_params_trigger_ui.py
[2024-10-26T23:17:22.411+0000] {processor.py:925} INFO - DAG(s) 'example_params_trigger_ui' retrieved from /home/airflow/.local/lib/python3.12/site-packages/airflow/example_dags/example_params_trigger_ui.py
[2024-10-26T23:17:22.509+0000] {logging_mixin.py:190} INFO - [2024-10-26T23:17:22.509+0000] {dag.py:3239} INFO - Sync 1 DAGs
[2024-10-26T23:17:22.532+0000] {logging_mixin.py:190} INFO - [2024-10-26T23:17:22.530+0000] {dag.py:4180} INFO - Setting next_dagrun for example_params_trigger_ui to None, run_after=None
[2024-10-26T23:17:22.559+0000] {processor.py:208} INFO - Processing /home/airflow/.local/lib/python3.12/site-packages/airflow/example_dags/example_params_trigger_ui.py took 0.221 seconds
[2024-10-26T23:17:55.651+0000] {processor.py:186} INFO - Started process (PID=42229) to work on /home/airflow/.local/lib/python3.12/site-packages/airflow/example_dags/example_params_trigger_ui.py
[2024-10-26T23:17:55.653+0000] {processor.py:914} INFO - Processing file /home/airflow/.local/lib/python3.12/site-packages/airflow/example_dags/example_params_trigger_ui.py for tasks to queue
[2024-10-26T23:17:55.660+0000] {logging_mixin.py:190} INFO - [2024-10-26T23:17:55.658+0000] {dagbag.py:588} INFO - Filling up the DagBag from /home/airflow/.local/lib/python3.12/site-packages/airflow/example_dags/example_params_trigger_ui.py
[2024-10-26T23:17:55.680+0000] {processor.py:925} INFO - DAG(s) 'example_params_trigger_ui' retrieved from /home/airflow/.local/lib/python3.12/site-packages/airflow/example_dags/example_params_trigger_ui.py
[2024-10-26T23:17:55.749+0000] {logging_mixin.py:190} INFO - [2024-10-26T23:17:55.749+0000] {dag.py:3239} INFO - Sync 1 DAGs
[2024-10-26T23:17:55.774+0000] {logging_mixin.py:190} INFO - [2024-10-26T23:17:55.773+0000] {dag.py:4180} INFO - Setting next_dagrun for example_params_trigger_ui to None, run_after=None
[2024-10-26T23:17:55.808+0000] {processor.py:208} INFO - Processing /home/airflow/.local/lib/python3.12/site-packages/airflow/example_dags/example_params_trigger_ui.py took 0.167 seconds
[2024-10-26T23:18:28.657+0000] {processor.py:186} INFO - Started process (PID=42293) to work on /home/airflow/.local/lib/python3.12/site-packages/airflow/example_dags/example_params_trigger_ui.py
[2024-10-26T23:18:28.658+0000] {processor.py:914} INFO - Processing file /home/airflow/.local/lib/python3.12/site-packages/airflow/example_dags/example_params_trigger_ui.py for tasks to queue
[2024-10-26T23:18:28.662+0000] {logging_mixin.py:190} INFO - [2024-10-26T23:18:28.661+0000] {dagbag.py:588} INFO - Filling up the DagBag from /home/airflow/.local/lib/python3.12/site-packages/airflow/example_dags/example_params_trigger_ui.py
[2024-10-26T23:18:28.684+0000] {processor.py:925} INFO - DAG(s) 'example_params_trigger_ui' retrieved from /home/airflow/.local/lib/python3.12/site-packages/airflow/example_dags/example_params_trigger_ui.py
[2024-10-26T23:18:28.753+0000] {logging_mixin.py:190} INFO - [2024-10-26T23:18:28.753+0000] {dag.py:3239} INFO - Sync 1 DAGs
[2024-10-26T23:18:28.772+0000] {logging_mixin.py:190} INFO - [2024-10-26T23:18:28.771+0000] {dag.py:4180} INFO - Setting next_dagrun for example_params_trigger_ui to None, run_after=None
[2024-10-26T23:18:28.797+0000] {processor.py:208} INFO - Processing /home/airflow/.local/lib/python3.12/site-packages/airflow/example_dags/example_params_trigger_ui.py took 0.149 seconds
[2024-10-26T23:19:00.986+0000] {processor.py:186} INFO - Started process (PID=42357) to work on /home/airflow/.local/lib/python3.12/site-packages/airflow/example_dags/example_params_trigger_ui.py
[2024-10-26T23:19:00.987+0000] {processor.py:914} INFO - Processing file /home/airflow/.local/lib/python3.12/site-packages/airflow/example_dags/example_params_trigger_ui.py for tasks to queue
[2024-10-26T23:19:00.990+0000] {logging_mixin.py:190} INFO - [2024-10-26T23:19:00.989+0000] {dagbag.py:588} INFO - Filling up the DagBag from /home/airflow/.local/lib/python3.12/site-packages/airflow/example_dags/example_params_trigger_ui.py
[2024-10-26T23:19:01.002+0000] {processor.py:925} INFO - DAG(s) 'example_params_trigger_ui' retrieved from /home/airflow/.local/lib/python3.12/site-packages/airflow/example_dags/example_params_trigger_ui.py
[2024-10-26T23:19:01.057+0000] {logging_mixin.py:190} INFO - [2024-10-26T23:19:01.057+0000] {dag.py:3239} INFO - Sync 1 DAGs
[2024-10-26T23:19:01.073+0000] {logging_mixin.py:190} INFO - [2024-10-26T23:19:01.073+0000] {dag.py:4180} INFO - Setting next_dagrun for example_params_trigger_ui to None, run_after=None
[2024-10-26T23:19:01.095+0000] {processor.py:208} INFO - Processing /home/airflow/.local/lib/python3.12/site-packages/airflow/example_dags/example_params_trigger_ui.py took 0.116 seconds
[2024-10-26T23:19:34.029+0000] {processor.py:186} INFO - Started process (PID=42421) to work on /home/airflow/.local/lib/python3.12/site-packages/airflow/example_dags/example_params_trigger_ui.py
[2024-10-26T23:19:34.031+0000] {processor.py:914} INFO - Processing file /home/airflow/.local/lib/python3.12/site-packages/airflow/example_dags/example_params_trigger_ui.py for tasks to queue
[2024-10-26T23:19:34.035+0000] {logging_mixin.py:190} INFO - [2024-10-26T23:19:34.034+0000] {dagbag.py:588} INFO - Filling up the DagBag from /home/airflow/.local/lib/python3.12/site-packages/airflow/example_dags/example_params_trigger_ui.py
[2024-10-26T23:19:34.050+0000] {processor.py:925} INFO - DAG(s) 'example_params_trigger_ui' retrieved from /home/airflow/.local/lib/python3.12/site-packages/airflow/example_dags/example_params_trigger_ui.py
[2024-10-26T23:19:34.110+0000] {logging_mixin.py:190} INFO - [2024-10-26T23:19:34.110+0000] {dag.py:3239} INFO - Sync 1 DAGs
[2024-10-26T23:19:34.129+0000] {logging_mixin.py:190} INFO - [2024-10-26T23:19:34.128+0000] {dag.py:4180} INFO - Setting next_dagrun for example_params_trigger_ui to None, run_after=None
[2024-10-26T23:19:34.157+0000] {processor.py:208} INFO - Processing /home/airflow/.local/lib/python3.12/site-packages/airflow/example_dags/example_params_trigger_ui.py took 0.134 seconds
[2024-10-26T23:20:06.118+0000] {processor.py:186} INFO - Started process (PID=42485) to work on /home/airflow/.local/lib/python3.12/site-packages/airflow/example_dags/example_params_trigger_ui.py
[2024-10-26T23:20:06.120+0000] {processor.py:914} INFO - Processing file /home/airflow/.local/lib/python3.12/site-packages/airflow/example_dags/example_params_trigger_ui.py for tasks to queue
[2024-10-26T23:20:06.125+0000] {logging_mixin.py:190} INFO - [2024-10-26T23:20:06.125+0000] {dagbag.py:588} INFO - Filling up the DagBag from /home/airflow/.local/lib/python3.12/site-packages/airflow/example_dags/example_params_trigger_ui.py
[2024-10-26T23:20:06.139+0000] {processor.py:925} INFO - DAG(s) 'example_params_trigger_ui' retrieved from /home/airflow/.local/lib/python3.12/site-packages/airflow/example_dags/example_params_trigger_ui.py
[2024-10-26T23:20:06.212+0000] {logging_mixin.py:190} INFO - [2024-10-26T23:20:06.212+0000] {dag.py:3239} INFO - Sync 1 DAGs
[2024-10-26T23:20:06.241+0000] {logging_mixin.py:190} INFO - [2024-10-26T23:20:06.240+0000] {dag.py:4180} INFO - Setting next_dagrun for example_params_trigger_ui to None, run_after=None
[2024-10-26T23:20:06.278+0000] {processor.py:208} INFO - Processing /home/airflow/.local/lib/python3.12/site-packages/airflow/example_dags/example_params_trigger_ui.py took 0.166 seconds
[2024-10-26T23:20:39.022+0000] {processor.py:186} INFO - Started process (PID=42549) to work on /home/airflow/.local/lib/python3.12/site-packages/airflow/example_dags/example_params_trigger_ui.py
[2024-10-26T23:20:39.024+0000] {processor.py:914} INFO - Processing file /home/airflow/.local/lib/python3.12/site-packages/airflow/example_dags/example_params_trigger_ui.py for tasks to queue
[2024-10-26T23:20:39.026+0000] {logging_mixin.py:190} INFO - [2024-10-26T23:20:39.026+0000] {dagbag.py:588} INFO - Filling up the DagBag from /home/airflow/.local/lib/python3.12/site-packages/airflow/example_dags/example_params_trigger_ui.py
[2024-10-26T23:20:39.042+0000] {processor.py:925} INFO - DAG(s) 'example_params_trigger_ui' retrieved from /home/airflow/.local/lib/python3.12/site-packages/airflow/example_dags/example_params_trigger_ui.py
[2024-10-26T23:20:39.102+0000] {logging_mixin.py:190} INFO - [2024-10-26T23:20:39.102+0000] {dag.py:3239} INFO - Sync 1 DAGs
[2024-10-26T23:20:39.124+0000] {logging_mixin.py:190} INFO - [2024-10-26T23:20:39.123+0000] {dag.py:4180} INFO - Setting next_dagrun for example_params_trigger_ui to None, run_after=None
[2024-10-26T23:20:39.150+0000] {processor.py:208} INFO - Processing /home/airflow/.local/lib/python3.12/site-packages/airflow/example_dags/example_params_trigger_ui.py took 0.136 seconds
[2024-10-26T23:21:12.315+0000] {processor.py:186} INFO - Started process (PID=42613) to work on /home/airflow/.local/lib/python3.12/site-packages/airflow/example_dags/example_params_trigger_ui.py
[2024-10-26T23:21:12.317+0000] {processor.py:914} INFO - Processing file /home/airflow/.local/lib/python3.12/site-packages/airflow/example_dags/example_params_trigger_ui.py for tasks to queue
[2024-10-26T23:21:12.320+0000] {logging_mixin.py:190} INFO - [2024-10-26T23:21:12.320+0000] {dagbag.py:588} INFO - Filling up the DagBag from /home/airflow/.local/lib/python3.12/site-packages/airflow/example_dags/example_params_trigger_ui.py
[2024-10-26T23:21:12.350+0000] {processor.py:925} INFO - DAG(s) 'example_params_trigger_ui' retrieved from /home/airflow/.local/lib/python3.12/site-packages/airflow/example_dags/example_params_trigger_ui.py
[2024-10-26T23:21:12.433+0000] {logging_mixin.py:190} INFO - [2024-10-26T23:21:12.432+0000] {dag.py:3239} INFO - Sync 1 DAGs
[2024-10-26T23:21:12.454+0000] {logging_mixin.py:190} INFO - [2024-10-26T23:21:12.453+0000] {dag.py:4180} INFO - Setting next_dagrun for example_params_trigger_ui to None, run_after=None
[2024-10-26T23:21:12.488+0000] {processor.py:208} INFO - Processing /home/airflow/.local/lib/python3.12/site-packages/airflow/example_dags/example_params_trigger_ui.py took 0.188 seconds
[2024-10-26T23:21:44.434+0000] {processor.py:186} INFO - Started process (PID=42677) to work on /home/airflow/.local/lib/python3.12/site-packages/airflow/example_dags/example_params_trigger_ui.py
[2024-10-26T23:21:44.435+0000] {processor.py:914} INFO - Processing file /home/airflow/.local/lib/python3.12/site-packages/airflow/example_dags/example_params_trigger_ui.py for tasks to queue
[2024-10-26T23:21:44.438+0000] {logging_mixin.py:190} INFO - [2024-10-26T23:21:44.438+0000] {dagbag.py:588} INFO - Filling up the DagBag from /home/airflow/.local/lib/python3.12/site-packages/airflow/example_dags/example_params_trigger_ui.py
[2024-10-26T23:21:44.452+0000] {processor.py:925} INFO - DAG(s) 'example_params_trigger_ui' retrieved from /home/airflow/.local/lib/python3.12/site-packages/airflow/example_dags/example_params_trigger_ui.py
[2024-10-26T23:21:44.510+0000] {logging_mixin.py:190} INFO - [2024-10-26T23:21:44.509+0000] {dag.py:3239} INFO - Sync 1 DAGs
[2024-10-26T23:21:44.526+0000] {logging_mixin.py:190} INFO - [2024-10-26T23:21:44.525+0000] {dag.py:4180} INFO - Setting next_dagrun for example_params_trigger_ui to None, run_after=None
[2024-10-26T23:21:44.547+0000] {processor.py:208} INFO - Processing /home/airflow/.local/lib/python3.12/site-packages/airflow/example_dags/example_params_trigger_ui.py took 0.120 seconds
[2024-10-26T23:22:17.087+0000] {processor.py:186} INFO - Started process (PID=42741) to work on /home/airflow/.local/lib/python3.12/site-packages/airflow/example_dags/example_params_trigger_ui.py
[2024-10-26T23:22:17.089+0000] {processor.py:914} INFO - Processing file /home/airflow/.local/lib/python3.12/site-packages/airflow/example_dags/example_params_trigger_ui.py for tasks to queue
[2024-10-26T23:22:17.092+0000] {logging_mixin.py:190} INFO - [2024-10-26T23:22:17.092+0000] {dagbag.py:588} INFO - Filling up the DagBag from /home/airflow/.local/lib/python3.12/site-packages/airflow/example_dags/example_params_trigger_ui.py
[2024-10-26T23:22:17.106+0000] {processor.py:925} INFO - DAG(s) 'example_params_trigger_ui' retrieved from /home/airflow/.local/lib/python3.12/site-packages/airflow/example_dags/example_params_trigger_ui.py
[2024-10-26T23:22:17.166+0000] {logging_mixin.py:190} INFO - [2024-10-26T23:22:17.166+0000] {dag.py:3239} INFO - Sync 1 DAGs
[2024-10-26T23:22:17.180+0000] {logging_mixin.py:190} INFO - [2024-10-26T23:22:17.180+0000] {dag.py:4180} INFO - Setting next_dagrun for example_params_trigger_ui to None, run_after=None
[2024-10-26T23:22:17.204+0000] {processor.py:208} INFO - Processing /home/airflow/.local/lib/python3.12/site-packages/airflow/example_dags/example_params_trigger_ui.py took 0.127 seconds
[2024-10-26T23:22:49.134+0000] {processor.py:186} INFO - Started process (PID=42805) to work on /home/airflow/.local/lib/python3.12/site-packages/airflow/example_dags/example_params_trigger_ui.py
[2024-10-26T23:22:49.137+0000] {processor.py:914} INFO - Processing file /home/airflow/.local/lib/python3.12/site-packages/airflow/example_dags/example_params_trigger_ui.py for tasks to queue
[2024-10-26T23:22:49.142+0000] {logging_mixin.py:190} INFO - [2024-10-26T23:22:49.141+0000] {dagbag.py:588} INFO - Filling up the DagBag from /home/airflow/.local/lib/python3.12/site-packages/airflow/example_dags/example_params_trigger_ui.py
[2024-10-26T23:22:49.176+0000] {processor.py:925} INFO - DAG(s) 'example_params_trigger_ui' retrieved from /home/airflow/.local/lib/python3.12/site-packages/airflow/example_dags/example_params_trigger_ui.py
[2024-10-26T23:22:49.294+0000] {logging_mixin.py:190} INFO - [2024-10-26T23:22:49.294+0000] {dag.py:3239} INFO - Sync 1 DAGs
[2024-10-26T23:22:49.345+0000] {logging_mixin.py:190} INFO - [2024-10-26T23:22:49.344+0000] {dag.py:4180} INFO - Setting next_dagrun for example_params_trigger_ui to None, run_after=None
[2024-10-26T23:22:49.382+0000] {processor.py:208} INFO - Processing /home/airflow/.local/lib/python3.12/site-packages/airflow/example_dags/example_params_trigger_ui.py took 0.258 seconds
[2024-10-26T23:23:22.079+0000] {processor.py:186} INFO - Started process (PID=42869) to work on /home/airflow/.local/lib/python3.12/site-packages/airflow/example_dags/example_params_trigger_ui.py
[2024-10-26T23:23:22.080+0000] {processor.py:914} INFO - Processing file /home/airflow/.local/lib/python3.12/site-packages/airflow/example_dags/example_params_trigger_ui.py for tasks to queue
[2024-10-26T23:23:22.083+0000] {logging_mixin.py:190} INFO - [2024-10-26T23:23:22.082+0000] {dagbag.py:588} INFO - Filling up the DagBag from /home/airflow/.local/lib/python3.12/site-packages/airflow/example_dags/example_params_trigger_ui.py
[2024-10-26T23:23:22.093+0000] {processor.py:925} INFO - DAG(s) 'example_params_trigger_ui' retrieved from /home/airflow/.local/lib/python3.12/site-packages/airflow/example_dags/example_params_trigger_ui.py
[2024-10-26T23:23:22.134+0000] {logging_mixin.py:190} INFO - [2024-10-26T23:23:22.133+0000] {dag.py:3239} INFO - Sync 1 DAGs
[2024-10-26T23:23:22.150+0000] {logging_mixin.py:190} INFO - [2024-10-26T23:23:22.150+0000] {dag.py:4180} INFO - Setting next_dagrun for example_params_trigger_ui to None, run_after=None
[2024-10-26T23:23:22.174+0000] {processor.py:208} INFO - Processing /home/airflow/.local/lib/python3.12/site-packages/airflow/example_dags/example_params_trigger_ui.py took 0.102 seconds
[2024-10-26T23:23:54.755+0000] {processor.py:186} INFO - Started process (PID=42933) to work on /home/airflow/.local/lib/python3.12/site-packages/airflow/example_dags/example_params_trigger_ui.py
[2024-10-26T23:23:54.756+0000] {processor.py:914} INFO - Processing file /home/airflow/.local/lib/python3.12/site-packages/airflow/example_dags/example_params_trigger_ui.py for tasks to queue
[2024-10-26T23:23:54.759+0000] {logging_mixin.py:190} INFO - [2024-10-26T23:23:54.758+0000] {dagbag.py:588} INFO - Filling up the DagBag from /home/airflow/.local/lib/python3.12/site-packages/airflow/example_dags/example_params_trigger_ui.py
[2024-10-26T23:23:54.769+0000] {processor.py:925} INFO - DAG(s) 'example_params_trigger_ui' retrieved from /home/airflow/.local/lib/python3.12/site-packages/airflow/example_dags/example_params_trigger_ui.py
[2024-10-26T23:23:54.810+0000] {logging_mixin.py:190} INFO - [2024-10-26T23:23:54.810+0000] {dag.py:3239} INFO - Sync 1 DAGs
[2024-10-26T23:23:54.825+0000] {logging_mixin.py:190} INFO - [2024-10-26T23:23:54.825+0000] {dag.py:4180} INFO - Setting next_dagrun for example_params_trigger_ui to None, run_after=None
[2024-10-26T23:23:54.845+0000] {processor.py:208} INFO - Processing /home/airflow/.local/lib/python3.12/site-packages/airflow/example_dags/example_params_trigger_ui.py took 0.095 seconds
[2024-10-26T23:24:27.381+0000] {processor.py:186} INFO - Started process (PID=42997) to work on /home/airflow/.local/lib/python3.12/site-packages/airflow/example_dags/example_params_trigger_ui.py
[2024-10-26T23:24:27.383+0000] {processor.py:914} INFO - Processing file /home/airflow/.local/lib/python3.12/site-packages/airflow/example_dags/example_params_trigger_ui.py for tasks to queue
[2024-10-26T23:24:27.385+0000] {logging_mixin.py:190} INFO - [2024-10-26T23:24:27.385+0000] {dagbag.py:588} INFO - Filling up the DagBag from /home/airflow/.local/lib/python3.12/site-packages/airflow/example_dags/example_params_trigger_ui.py
[2024-10-26T23:24:27.405+0000] {processor.py:925} INFO - DAG(s) 'example_params_trigger_ui' retrieved from /home/airflow/.local/lib/python3.12/site-packages/airflow/example_dags/example_params_trigger_ui.py
[2024-10-26T23:24:27.472+0000] {logging_mixin.py:190} INFO - [2024-10-26T23:24:27.472+0000] {dag.py:3239} INFO - Sync 1 DAGs
[2024-10-26T23:24:27.492+0000] {logging_mixin.py:190} INFO - [2024-10-26T23:24:27.492+0000] {dag.py:4180} INFO - Setting next_dagrun for example_params_trigger_ui to None, run_after=None
[2024-10-26T23:24:27.534+0000] {processor.py:208} INFO - Processing /home/airflow/.local/lib/python3.12/site-packages/airflow/example_dags/example_params_trigger_ui.py took 0.158 seconds
[2024-10-26T23:25:00.302+0000] {processor.py:186} INFO - Started process (PID=43061) to work on /home/airflow/.local/lib/python3.12/site-packages/airflow/example_dags/example_params_trigger_ui.py
[2024-10-26T23:25:00.303+0000] {processor.py:914} INFO - Processing file /home/airflow/.local/lib/python3.12/site-packages/airflow/example_dags/example_params_trigger_ui.py for tasks to queue
[2024-10-26T23:25:00.306+0000] {logging_mixin.py:190} INFO - [2024-10-26T23:25:00.306+0000] {dagbag.py:588} INFO - Filling up the DagBag from /home/airflow/.local/lib/python3.12/site-packages/airflow/example_dags/example_params_trigger_ui.py
[2024-10-26T23:25:00.317+0000] {processor.py:925} INFO - DAG(s) 'example_params_trigger_ui' retrieved from /home/airflow/.local/lib/python3.12/site-packages/airflow/example_dags/example_params_trigger_ui.py
[2024-10-26T23:25:00.356+0000] {logging_mixin.py:190} INFO - [2024-10-26T23:25:00.356+0000] {dag.py:3239} INFO - Sync 1 DAGs
[2024-10-26T23:25:00.370+0000] {logging_mixin.py:190} INFO - [2024-10-26T23:25:00.370+0000] {dag.py:4180} INFO - Setting next_dagrun for example_params_trigger_ui to None, run_after=None
[2024-10-26T23:25:00.389+0000] {processor.py:208} INFO - Processing /home/airflow/.local/lib/python3.12/site-packages/airflow/example_dags/example_params_trigger_ui.py took 0.092 seconds
[2024-10-26T23:25:33.101+0000] {processor.py:186} INFO - Started process (PID=43125) to work on /home/airflow/.local/lib/python3.12/site-packages/airflow/example_dags/example_params_trigger_ui.py
[2024-10-26T23:25:33.103+0000] {processor.py:914} INFO - Processing file /home/airflow/.local/lib/python3.12/site-packages/airflow/example_dags/example_params_trigger_ui.py for tasks to queue
[2024-10-26T23:25:33.105+0000] {logging_mixin.py:190} INFO - [2024-10-26T23:25:33.105+0000] {dagbag.py:588} INFO - Filling up the DagBag from /home/airflow/.local/lib/python3.12/site-packages/airflow/example_dags/example_params_trigger_ui.py
[2024-10-26T23:25:33.116+0000] {processor.py:925} INFO - DAG(s) 'example_params_trigger_ui' retrieved from /home/airflow/.local/lib/python3.12/site-packages/airflow/example_dags/example_params_trigger_ui.py
[2024-10-26T23:25:33.154+0000] {logging_mixin.py:190} INFO - [2024-10-26T23:25:33.154+0000] {dag.py:3239} INFO - Sync 1 DAGs
[2024-10-26T23:25:33.167+0000] {logging_mixin.py:190} INFO - [2024-10-26T23:25:33.167+0000] {dag.py:4180} INFO - Setting next_dagrun for example_params_trigger_ui to None, run_after=None
[2024-10-26T23:25:33.187+0000] {processor.py:208} INFO - Processing /home/airflow/.local/lib/python3.12/site-packages/airflow/example_dags/example_params_trigger_ui.py took 0.091 seconds
[2024-10-26T23:26:05.820+0000] {processor.py:186} INFO - Started process (PID=43189) to work on /home/airflow/.local/lib/python3.12/site-packages/airflow/example_dags/example_params_trigger_ui.py
[2024-10-26T23:26:05.821+0000] {processor.py:914} INFO - Processing file /home/airflow/.local/lib/python3.12/site-packages/airflow/example_dags/example_params_trigger_ui.py for tasks to queue
[2024-10-26T23:26:05.823+0000] {logging_mixin.py:190} INFO - [2024-10-26T23:26:05.823+0000] {dagbag.py:588} INFO - Filling up the DagBag from /home/airflow/.local/lib/python3.12/site-packages/airflow/example_dags/example_params_trigger_ui.py
[2024-10-26T23:26:05.837+0000] {processor.py:925} INFO - DAG(s) 'example_params_trigger_ui' retrieved from /home/airflow/.local/lib/python3.12/site-packages/airflow/example_dags/example_params_trigger_ui.py
[2024-10-26T23:26:05.877+0000] {logging_mixin.py:190} INFO - [2024-10-26T23:26:05.877+0000] {dag.py:3239} INFO - Sync 1 DAGs
[2024-10-26T23:26:05.893+0000] {logging_mixin.py:190} INFO - [2024-10-26T23:26:05.893+0000] {dag.py:4180} INFO - Setting next_dagrun for example_params_trigger_ui to None, run_after=None
[2024-10-26T23:26:05.915+0000] {processor.py:208} INFO - Processing /home/airflow/.local/lib/python3.12/site-packages/airflow/example_dags/example_params_trigger_ui.py took 0.102 seconds
[2024-10-26T23:26:38.499+0000] {processor.py:186} INFO - Started process (PID=43253) to work on /home/airflow/.local/lib/python3.12/site-packages/airflow/example_dags/example_params_trigger_ui.py
[2024-10-26T23:26:38.500+0000] {processor.py:914} INFO - Processing file /home/airflow/.local/lib/python3.12/site-packages/airflow/example_dags/example_params_trigger_ui.py for tasks to queue
[2024-10-26T23:26:38.502+0000] {logging_mixin.py:190} INFO - [2024-10-26T23:26:38.502+0000] {dagbag.py:588} INFO - Filling up the DagBag from /home/airflow/.local/lib/python3.12/site-packages/airflow/example_dags/example_params_trigger_ui.py
[2024-10-26T23:26:38.512+0000] {processor.py:925} INFO - DAG(s) 'example_params_trigger_ui' retrieved from /home/airflow/.local/lib/python3.12/site-packages/airflow/example_dags/example_params_trigger_ui.py
[2024-10-26T23:26:38.551+0000] {logging_mixin.py:190} INFO - [2024-10-26T23:26:38.551+0000] {dag.py:3239} INFO - Sync 1 DAGs
[2024-10-26T23:26:38.564+0000] {logging_mixin.py:190} INFO - [2024-10-26T23:26:38.563+0000] {dag.py:4180} INFO - Setting next_dagrun for example_params_trigger_ui to None, run_after=None
[2024-10-26T23:26:38.582+0000] {processor.py:208} INFO - Processing /home/airflow/.local/lib/python3.12/site-packages/airflow/example_dags/example_params_trigger_ui.py took 0.089 seconds
[2024-10-26T23:27:11.124+0000] {processor.py:186} INFO - Started process (PID=43317) to work on /home/airflow/.local/lib/python3.12/site-packages/airflow/example_dags/example_params_trigger_ui.py
[2024-10-26T23:27:11.125+0000] {processor.py:914} INFO - Processing file /home/airflow/.local/lib/python3.12/site-packages/airflow/example_dags/example_params_trigger_ui.py for tasks to queue
[2024-10-26T23:27:11.127+0000] {logging_mixin.py:190} INFO - [2024-10-26T23:27:11.127+0000] {dagbag.py:588} INFO - Filling up the DagBag from /home/airflow/.local/lib/python3.12/site-packages/airflow/example_dags/example_params_trigger_ui.py
[2024-10-26T23:27:11.139+0000] {processor.py:925} INFO - DAG(s) 'example_params_trigger_ui' retrieved from /home/airflow/.local/lib/python3.12/site-packages/airflow/example_dags/example_params_trigger_ui.py
[2024-10-26T23:27:11.178+0000] {logging_mixin.py:190} INFO - [2024-10-26T23:27:11.178+0000] {dag.py:3239} INFO - Sync 1 DAGs
[2024-10-26T23:27:11.191+0000] {logging_mixin.py:190} INFO - [2024-10-26T23:27:11.191+0000] {dag.py:4180} INFO - Setting next_dagrun for example_params_trigger_ui to None, run_after=None
[2024-10-26T23:27:11.213+0000] {processor.py:208} INFO - Processing /home/airflow/.local/lib/python3.12/site-packages/airflow/example_dags/example_params_trigger_ui.py took 0.094 seconds
[2024-10-26T23:27:44.616+0000] {processor.py:186} INFO - Started process (PID=43381) to work on /home/airflow/.local/lib/python3.12/site-packages/airflow/example_dags/example_params_trigger_ui.py
[2024-10-26T23:27:44.617+0000] {processor.py:914} INFO - Processing file /home/airflow/.local/lib/python3.12/site-packages/airflow/example_dags/example_params_trigger_ui.py for tasks to queue
[2024-10-26T23:27:44.621+0000] {logging_mixin.py:190} INFO - [2024-10-26T23:27:44.620+0000] {dagbag.py:588} INFO - Filling up the DagBag from /home/airflow/.local/lib/python3.12/site-packages/airflow/example_dags/example_params_trigger_ui.py
[2024-10-26T23:27:44.632+0000] {processor.py:925} INFO - DAG(s) 'example_params_trigger_ui' retrieved from /home/airflow/.local/lib/python3.12/site-packages/airflow/example_dags/example_params_trigger_ui.py
[2024-10-26T23:27:44.675+0000] {logging_mixin.py:190} INFO - [2024-10-26T23:27:44.675+0000] {dag.py:3239} INFO - Sync 1 DAGs
[2024-10-26T23:27:44.688+0000] {logging_mixin.py:190} INFO - [2024-10-26T23:27:44.688+0000] {dag.py:4180} INFO - Setting next_dagrun for example_params_trigger_ui to None, run_after=None
[2024-10-26T23:27:44.709+0000] {processor.py:208} INFO - Processing /home/airflow/.local/lib/python3.12/site-packages/airflow/example_dags/example_params_trigger_ui.py took 0.098 seconds
[2024-10-26T23:28:16.806+0000] {processor.py:186} INFO - Started process (PID=43445) to work on /home/airflow/.local/lib/python3.12/site-packages/airflow/example_dags/example_params_trigger_ui.py
[2024-10-26T23:28:16.807+0000] {processor.py:914} INFO - Processing file /home/airflow/.local/lib/python3.12/site-packages/airflow/example_dags/example_params_trigger_ui.py for tasks to queue
[2024-10-26T23:28:16.810+0000] {logging_mixin.py:190} INFO - [2024-10-26T23:28:16.810+0000] {dagbag.py:588} INFO - Filling up the DagBag from /home/airflow/.local/lib/python3.12/site-packages/airflow/example_dags/example_params_trigger_ui.py
[2024-10-26T23:28:16.825+0000] {processor.py:925} INFO - DAG(s) 'example_params_trigger_ui' retrieved from /home/airflow/.local/lib/python3.12/site-packages/airflow/example_dags/example_params_trigger_ui.py
[2024-10-26T23:28:16.879+0000] {logging_mixin.py:190} INFO - [2024-10-26T23:28:16.879+0000] {dag.py:3239} INFO - Sync 1 DAGs
[2024-10-26T23:28:16.895+0000] {logging_mixin.py:190} INFO - [2024-10-26T23:28:16.895+0000] {dag.py:4180} INFO - Setting next_dagrun for example_params_trigger_ui to None, run_after=None
[2024-10-26T23:28:16.913+0000] {processor.py:208} INFO - Processing /home/airflow/.local/lib/python3.12/site-packages/airflow/example_dags/example_params_trigger_ui.py took 0.114 seconds
[2024-10-26T23:28:49.518+0000] {processor.py:186} INFO - Started process (PID=43509) to work on /home/airflow/.local/lib/python3.12/site-packages/airflow/example_dags/example_params_trigger_ui.py
[2024-10-26T23:28:49.519+0000] {processor.py:914} INFO - Processing file /home/airflow/.local/lib/python3.12/site-packages/airflow/example_dags/example_params_trigger_ui.py for tasks to queue
[2024-10-26T23:28:49.522+0000] {logging_mixin.py:190} INFO - [2024-10-26T23:28:49.522+0000] {dagbag.py:588} INFO - Filling up the DagBag from /home/airflow/.local/lib/python3.12/site-packages/airflow/example_dags/example_params_trigger_ui.py
[2024-10-26T23:28:49.535+0000] {processor.py:925} INFO - DAG(s) 'example_params_trigger_ui' retrieved from /home/airflow/.local/lib/python3.12/site-packages/airflow/example_dags/example_params_trigger_ui.py
[2024-10-26T23:28:49.582+0000] {logging_mixin.py:190} INFO - [2024-10-26T23:28:49.582+0000] {dag.py:3239} INFO - Sync 1 DAGs
[2024-10-26T23:28:49.603+0000] {logging_mixin.py:190} INFO - [2024-10-26T23:28:49.603+0000] {dag.py:4180} INFO - Setting next_dagrun for example_params_trigger_ui to None, run_after=None
[2024-10-26T23:28:49.626+0000] {processor.py:208} INFO - Processing /home/airflow/.local/lib/python3.12/site-packages/airflow/example_dags/example_params_trigger_ui.py took 0.114 seconds
[2024-10-26T23:29:22.417+0000] {processor.py:186} INFO - Started process (PID=43573) to work on /home/airflow/.local/lib/python3.12/site-packages/airflow/example_dags/example_params_trigger_ui.py
[2024-10-26T23:29:22.418+0000] {processor.py:914} INFO - Processing file /home/airflow/.local/lib/python3.12/site-packages/airflow/example_dags/example_params_trigger_ui.py for tasks to queue
[2024-10-26T23:29:22.421+0000] {logging_mixin.py:190} INFO - [2024-10-26T23:29:22.420+0000] {dagbag.py:588} INFO - Filling up the DagBag from /home/airflow/.local/lib/python3.12/site-packages/airflow/example_dags/example_params_trigger_ui.py
[2024-10-26T23:29:22.433+0000] {processor.py:925} INFO - DAG(s) 'example_params_trigger_ui' retrieved from /home/airflow/.local/lib/python3.12/site-packages/airflow/example_dags/example_params_trigger_ui.py
[2024-10-26T23:29:22.481+0000] {logging_mixin.py:190} INFO - [2024-10-26T23:29:22.480+0000] {dag.py:3239} INFO - Sync 1 DAGs
[2024-10-26T23:29:22.501+0000] {logging_mixin.py:190} INFO - [2024-10-26T23:29:22.501+0000] {dag.py:4180} INFO - Setting next_dagrun for example_params_trigger_ui to None, run_after=None
[2024-10-26T23:29:22.526+0000] {processor.py:208} INFO - Processing /home/airflow/.local/lib/python3.12/site-packages/airflow/example_dags/example_params_trigger_ui.py took 0.115 seconds
[2024-10-26T23:29:55.356+0000] {processor.py:186} INFO - Started process (PID=43637) to work on /home/airflow/.local/lib/python3.12/site-packages/airflow/example_dags/example_params_trigger_ui.py
[2024-10-26T23:29:55.357+0000] {processor.py:914} INFO - Processing file /home/airflow/.local/lib/python3.12/site-packages/airflow/example_dags/example_params_trigger_ui.py for tasks to queue
[2024-10-26T23:29:55.361+0000] {logging_mixin.py:190} INFO - [2024-10-26T23:29:55.360+0000] {dagbag.py:588} INFO - Filling up the DagBag from /home/airflow/.local/lib/python3.12/site-packages/airflow/example_dags/example_params_trigger_ui.py
[2024-10-26T23:29:55.373+0000] {processor.py:925} INFO - DAG(s) 'example_params_trigger_ui' retrieved from /home/airflow/.local/lib/python3.12/site-packages/airflow/example_dags/example_params_trigger_ui.py
[2024-10-26T23:29:55.416+0000] {logging_mixin.py:190} INFO - [2024-10-26T23:29:55.416+0000] {dag.py:3239} INFO - Sync 1 DAGs
[2024-10-26T23:29:55.435+0000] {logging_mixin.py:190} INFO - [2024-10-26T23:29:55.435+0000] {dag.py:4180} INFO - Setting next_dagrun for example_params_trigger_ui to None, run_after=None
[2024-10-26T23:29:55.458+0000] {processor.py:208} INFO - Processing /home/airflow/.local/lib/python3.12/site-packages/airflow/example_dags/example_params_trigger_ui.py took 0.107 seconds
[2024-10-26T23:30:28.157+0000] {processor.py:186} INFO - Started process (PID=43701) to work on /home/airflow/.local/lib/python3.12/site-packages/airflow/example_dags/example_params_trigger_ui.py
[2024-10-26T23:30:28.158+0000] {processor.py:914} INFO - Processing file /home/airflow/.local/lib/python3.12/site-packages/airflow/example_dags/example_params_trigger_ui.py for tasks to queue
[2024-10-26T23:30:28.161+0000] {logging_mixin.py:190} INFO - [2024-10-26T23:30:28.160+0000] {dagbag.py:588} INFO - Filling up the DagBag from /home/airflow/.local/lib/python3.12/site-packages/airflow/example_dags/example_params_trigger_ui.py
[2024-10-26T23:30:28.171+0000] {processor.py:925} INFO - DAG(s) 'example_params_trigger_ui' retrieved from /home/airflow/.local/lib/python3.12/site-packages/airflow/example_dags/example_params_trigger_ui.py
[2024-10-26T23:30:28.213+0000] {logging_mixin.py:190} INFO - [2024-10-26T23:30:28.213+0000] {dag.py:3239} INFO - Sync 1 DAGs
[2024-10-26T23:30:28.227+0000] {logging_mixin.py:190} INFO - [2024-10-26T23:30:28.227+0000] {dag.py:4180} INFO - Setting next_dagrun for example_params_trigger_ui to None, run_after=None
[2024-10-26T23:30:28.248+0000] {processor.py:208} INFO - Processing /home/airflow/.local/lib/python3.12/site-packages/airflow/example_dags/example_params_trigger_ui.py took 0.097 seconds
[2024-10-26T23:31:00.628+0000] {processor.py:186} INFO - Started process (PID=43765) to work on /home/airflow/.local/lib/python3.12/site-packages/airflow/example_dags/example_params_trigger_ui.py
[2024-10-26T23:31:00.629+0000] {processor.py:914} INFO - Processing file /home/airflow/.local/lib/python3.12/site-packages/airflow/example_dags/example_params_trigger_ui.py for tasks to queue
[2024-10-26T23:31:00.632+0000] {logging_mixin.py:190} INFO - [2024-10-26T23:31:00.631+0000] {dagbag.py:588} INFO - Filling up the DagBag from /home/airflow/.local/lib/python3.12/site-packages/airflow/example_dags/example_params_trigger_ui.py
[2024-10-26T23:31:00.642+0000] {processor.py:925} INFO - DAG(s) 'example_params_trigger_ui' retrieved from /home/airflow/.local/lib/python3.12/site-packages/airflow/example_dags/example_params_trigger_ui.py
[2024-10-26T23:31:00.684+0000] {logging_mixin.py:190} INFO - [2024-10-26T23:31:00.684+0000] {dag.py:3239} INFO - Sync 1 DAGs
[2024-10-26T23:31:00.700+0000] {logging_mixin.py:190} INFO - [2024-10-26T23:31:00.700+0000] {dag.py:4180} INFO - Setting next_dagrun for example_params_trigger_ui to None, run_after=None
[2024-10-26T23:31:00.724+0000] {processor.py:208} INFO - Processing /home/airflow/.local/lib/python3.12/site-packages/airflow/example_dags/example_params_trigger_ui.py took 0.100 seconds
[2024-10-26T23:31:32.691+0000] {processor.py:186} INFO - Started process (PID=43829) to work on /home/airflow/.local/lib/python3.12/site-packages/airflow/example_dags/example_params_trigger_ui.py
[2024-10-26T23:31:32.693+0000] {processor.py:914} INFO - Processing file /home/airflow/.local/lib/python3.12/site-packages/airflow/example_dags/example_params_trigger_ui.py for tasks to queue
[2024-10-26T23:31:32.696+0000] {logging_mixin.py:190} INFO - [2024-10-26T23:31:32.695+0000] {dagbag.py:588} INFO - Filling up the DagBag from /home/airflow/.local/lib/python3.12/site-packages/airflow/example_dags/example_params_trigger_ui.py
[2024-10-26T23:31:32.709+0000] {processor.py:925} INFO - DAG(s) 'example_params_trigger_ui' retrieved from /home/airflow/.local/lib/python3.12/site-packages/airflow/example_dags/example_params_trigger_ui.py
[2024-10-26T23:31:32.761+0000] {logging_mixin.py:190} INFO - [2024-10-26T23:31:32.760+0000] {dag.py:3239} INFO - Sync 1 DAGs
[2024-10-26T23:31:32.777+0000] {logging_mixin.py:190} INFO - [2024-10-26T23:31:32.776+0000] {dag.py:4180} INFO - Setting next_dagrun for example_params_trigger_ui to None, run_after=None
[2024-10-26T23:31:32.800+0000] {processor.py:208} INFO - Processing /home/airflow/.local/lib/python3.12/site-packages/airflow/example_dags/example_params_trigger_ui.py took 0.116 seconds
[2024-10-26T23:32:05.310+0000] {processor.py:186} INFO - Started process (PID=43893) to work on /home/airflow/.local/lib/python3.12/site-packages/airflow/example_dags/example_params_trigger_ui.py
[2024-10-26T23:32:05.311+0000] {processor.py:914} INFO - Processing file /home/airflow/.local/lib/python3.12/site-packages/airflow/example_dags/example_params_trigger_ui.py for tasks to queue
[2024-10-26T23:32:05.314+0000] {logging_mixin.py:190} INFO - [2024-10-26T23:32:05.313+0000] {dagbag.py:588} INFO - Filling up the DagBag from /home/airflow/.local/lib/python3.12/site-packages/airflow/example_dags/example_params_trigger_ui.py
[2024-10-26T23:32:05.325+0000] {processor.py:925} INFO - DAG(s) 'example_params_trigger_ui' retrieved from /home/airflow/.local/lib/python3.12/site-packages/airflow/example_dags/example_params_trigger_ui.py
[2024-10-26T23:32:05.366+0000] {logging_mixin.py:190} INFO - [2024-10-26T23:32:05.366+0000] {dag.py:3239} INFO - Sync 1 DAGs
[2024-10-26T23:32:05.380+0000] {logging_mixin.py:190} INFO - [2024-10-26T23:32:05.380+0000] {dag.py:4180} INFO - Setting next_dagrun for example_params_trigger_ui to None, run_after=None
[2024-10-26T23:32:05.402+0000] {processor.py:208} INFO - Processing /home/airflow/.local/lib/python3.12/site-packages/airflow/example_dags/example_params_trigger_ui.py took 0.098 seconds
[2024-10-26T23:32:38.186+0000] {processor.py:186} INFO - Started process (PID=43957) to work on /home/airflow/.local/lib/python3.12/site-packages/airflow/example_dags/example_params_trigger_ui.py
[2024-10-26T23:32:38.187+0000] {processor.py:914} INFO - Processing file /home/airflow/.local/lib/python3.12/site-packages/airflow/example_dags/example_params_trigger_ui.py for tasks to queue
[2024-10-26T23:32:38.190+0000] {logging_mixin.py:190} INFO - [2024-10-26T23:32:38.189+0000] {dagbag.py:588} INFO - Filling up the DagBag from /home/airflow/.local/lib/python3.12/site-packages/airflow/example_dags/example_params_trigger_ui.py
[2024-10-26T23:32:38.200+0000] {processor.py:925} INFO - DAG(s) 'example_params_trigger_ui' retrieved from /home/airflow/.local/lib/python3.12/site-packages/airflow/example_dags/example_params_trigger_ui.py
[2024-10-26T23:32:38.242+0000] {logging_mixin.py:190} INFO - [2024-10-26T23:32:38.242+0000] {dag.py:3239} INFO - Sync 1 DAGs
[2024-10-26T23:32:38.256+0000] {logging_mixin.py:190} INFO - [2024-10-26T23:32:38.255+0000] {dag.py:4180} INFO - Setting next_dagrun for example_params_trigger_ui to None, run_after=None
[2024-10-26T23:32:38.279+0000] {processor.py:208} INFO - Processing /home/airflow/.local/lib/python3.12/site-packages/airflow/example_dags/example_params_trigger_ui.py took 0.099 seconds
[2024-10-26T23:33:11.008+0000] {processor.py:186} INFO - Started process (PID=44021) to work on /home/airflow/.local/lib/python3.12/site-packages/airflow/example_dags/example_params_trigger_ui.py
[2024-10-26T23:33:11.010+0000] {processor.py:914} INFO - Processing file /home/airflow/.local/lib/python3.12/site-packages/airflow/example_dags/example_params_trigger_ui.py for tasks to queue
[2024-10-26T23:33:11.012+0000] {logging_mixin.py:190} INFO - [2024-10-26T23:33:11.012+0000] {dagbag.py:588} INFO - Filling up the DagBag from /home/airflow/.local/lib/python3.12/site-packages/airflow/example_dags/example_params_trigger_ui.py
[2024-10-26T23:33:11.024+0000] {processor.py:925} INFO - DAG(s) 'example_params_trigger_ui' retrieved from /home/airflow/.local/lib/python3.12/site-packages/airflow/example_dags/example_params_trigger_ui.py
[2024-10-26T23:33:11.070+0000] {logging_mixin.py:190} INFO - [2024-10-26T23:33:11.070+0000] {dag.py:3239} INFO - Sync 1 DAGs
[2024-10-26T23:33:11.088+0000] {logging_mixin.py:190} INFO - [2024-10-26T23:33:11.088+0000] {dag.py:4180} INFO - Setting next_dagrun for example_params_trigger_ui to None, run_after=None
[2024-10-26T23:33:11.111+0000] {processor.py:208} INFO - Processing /home/airflow/.local/lib/python3.12/site-packages/airflow/example_dags/example_params_trigger_ui.py took 0.110 seconds
[2024-10-26T23:33:44.225+0000] {processor.py:186} INFO - Started process (PID=44085) to work on /home/airflow/.local/lib/python3.12/site-packages/airflow/example_dags/example_params_trigger_ui.py
[2024-10-26T23:33:44.226+0000] {processor.py:914} INFO - Processing file /home/airflow/.local/lib/python3.12/site-packages/airflow/example_dags/example_params_trigger_ui.py for tasks to queue
[2024-10-26T23:33:44.228+0000] {logging_mixin.py:190} INFO - [2024-10-26T23:33:44.228+0000] {dagbag.py:588} INFO - Filling up the DagBag from /home/airflow/.local/lib/python3.12/site-packages/airflow/example_dags/example_params_trigger_ui.py
[2024-10-26T23:33:44.241+0000] {processor.py:925} INFO - DAG(s) 'example_params_trigger_ui' retrieved from /home/airflow/.local/lib/python3.12/site-packages/airflow/example_dags/example_params_trigger_ui.py
[2024-10-26T23:33:44.280+0000] {logging_mixin.py:190} INFO - [2024-10-26T23:33:44.280+0000] {dag.py:3239} INFO - Sync 1 DAGs
[2024-10-26T23:33:44.293+0000] {logging_mixin.py:190} INFO - [2024-10-26T23:33:44.293+0000] {dag.py:4180} INFO - Setting next_dagrun for example_params_trigger_ui to None, run_after=None
[2024-10-26T23:33:44.315+0000] {processor.py:208} INFO - Processing /home/airflow/.local/lib/python3.12/site-packages/airflow/example_dags/example_params_trigger_ui.py took 0.096 seconds
[2024-10-26T23:34:16.840+0000] {processor.py:186} INFO - Started process (PID=44149) to work on /home/airflow/.local/lib/python3.12/site-packages/airflow/example_dags/example_params_trigger_ui.py
[2024-10-26T23:34:16.841+0000] {processor.py:914} INFO - Processing file /home/airflow/.local/lib/python3.12/site-packages/airflow/example_dags/example_params_trigger_ui.py for tasks to queue
[2024-10-26T23:34:16.844+0000] {logging_mixin.py:190} INFO - [2024-10-26T23:34:16.843+0000] {dagbag.py:588} INFO - Filling up the DagBag from /home/airflow/.local/lib/python3.12/site-packages/airflow/example_dags/example_params_trigger_ui.py
[2024-10-26T23:34:16.856+0000] {processor.py:925} INFO - DAG(s) 'example_params_trigger_ui' retrieved from /home/airflow/.local/lib/python3.12/site-packages/airflow/example_dags/example_params_trigger_ui.py
[2024-10-26T23:34:16.895+0000] {logging_mixin.py:190} INFO - [2024-10-26T23:34:16.894+0000] {dag.py:3239} INFO - Sync 1 DAGs
[2024-10-26T23:34:16.912+0000] {logging_mixin.py:190} INFO - [2024-10-26T23:34:16.912+0000] {dag.py:4180} INFO - Setting next_dagrun for example_params_trigger_ui to None, run_after=None
[2024-10-26T23:34:16.937+0000] {processor.py:208} INFO - Processing /home/airflow/.local/lib/python3.12/site-packages/airflow/example_dags/example_params_trigger_ui.py took 0.103 seconds
[2024-10-26T23:34:49.832+0000] {processor.py:186} INFO - Started process (PID=44213) to work on /home/airflow/.local/lib/python3.12/site-packages/airflow/example_dags/example_params_trigger_ui.py
[2024-10-26T23:34:49.833+0000] {processor.py:914} INFO - Processing file /home/airflow/.local/lib/python3.12/site-packages/airflow/example_dags/example_params_trigger_ui.py for tasks to queue
[2024-10-26T23:34:49.836+0000] {logging_mixin.py:190} INFO - [2024-10-26T23:34:49.835+0000] {dagbag.py:588} INFO - Filling up the DagBag from /home/airflow/.local/lib/python3.12/site-packages/airflow/example_dags/example_params_trigger_ui.py
[2024-10-26T23:34:49.846+0000] {processor.py:925} INFO - DAG(s) 'example_params_trigger_ui' retrieved from /home/airflow/.local/lib/python3.12/site-packages/airflow/example_dags/example_params_trigger_ui.py
[2024-10-26T23:34:49.891+0000] {logging_mixin.py:190} INFO - [2024-10-26T23:34:49.891+0000] {dag.py:3239} INFO - Sync 1 DAGs
[2024-10-26T23:34:49.904+0000] {logging_mixin.py:190} INFO - [2024-10-26T23:34:49.904+0000] {dag.py:4180} INFO - Setting next_dagrun for example_params_trigger_ui to None, run_after=None
[2024-10-26T23:34:49.924+0000] {processor.py:208} INFO - Processing /home/airflow/.local/lib/python3.12/site-packages/airflow/example_dags/example_params_trigger_ui.py took 0.097 seconds
[2024-10-26T23:35:22.323+0000] {processor.py:186} INFO - Started process (PID=44277) to work on /home/airflow/.local/lib/python3.12/site-packages/airflow/example_dags/example_params_trigger_ui.py
[2024-10-26T23:35:22.325+0000] {processor.py:914} INFO - Processing file /home/airflow/.local/lib/python3.12/site-packages/airflow/example_dags/example_params_trigger_ui.py for tasks to queue
[2024-10-26T23:35:22.327+0000] {logging_mixin.py:190} INFO - [2024-10-26T23:35:22.327+0000] {dagbag.py:588} INFO - Filling up the DagBag from /home/airflow/.local/lib/python3.12/site-packages/airflow/example_dags/example_params_trigger_ui.py
[2024-10-26T23:35:22.339+0000] {processor.py:925} INFO - DAG(s) 'example_params_trigger_ui' retrieved from /home/airflow/.local/lib/python3.12/site-packages/airflow/example_dags/example_params_trigger_ui.py
[2024-10-26T23:35:22.385+0000] {logging_mixin.py:190} INFO - [2024-10-26T23:35:22.385+0000] {dag.py:3239} INFO - Sync 1 DAGs
[2024-10-26T23:35:22.399+0000] {logging_mixin.py:190} INFO - [2024-10-26T23:35:22.399+0000] {dag.py:4180} INFO - Setting next_dagrun for example_params_trigger_ui to None, run_after=None
[2024-10-26T23:35:22.419+0000] {processor.py:208} INFO - Processing /home/airflow/.local/lib/python3.12/site-packages/airflow/example_dags/example_params_trigger_ui.py took 0.100 seconds
[2024-10-26T23:35:55.129+0000] {processor.py:186} INFO - Started process (PID=44341) to work on /home/airflow/.local/lib/python3.12/site-packages/airflow/example_dags/example_params_trigger_ui.py
[2024-10-26T23:35:55.130+0000] {processor.py:914} INFO - Processing file /home/airflow/.local/lib/python3.12/site-packages/airflow/example_dags/example_params_trigger_ui.py for tasks to queue
[2024-10-26T23:35:55.133+0000] {logging_mixin.py:190} INFO - [2024-10-26T23:35:55.132+0000] {dagbag.py:588} INFO - Filling up the DagBag from /home/airflow/.local/lib/python3.12/site-packages/airflow/example_dags/example_params_trigger_ui.py
[2024-10-26T23:35:55.147+0000] {processor.py:925} INFO - DAG(s) 'example_params_trigger_ui' retrieved from /home/airflow/.local/lib/python3.12/site-packages/airflow/example_dags/example_params_trigger_ui.py
[2024-10-26T23:35:55.189+0000] {logging_mixin.py:190} INFO - [2024-10-26T23:35:55.189+0000] {dag.py:3239} INFO - Sync 1 DAGs
[2024-10-26T23:35:55.202+0000] {logging_mixin.py:190} INFO - [2024-10-26T23:35:55.202+0000] {dag.py:4180} INFO - Setting next_dagrun for example_params_trigger_ui to None, run_after=None
[2024-10-26T23:35:55.233+0000] {processor.py:208} INFO - Processing /home/airflow/.local/lib/python3.12/site-packages/airflow/example_dags/example_params_trigger_ui.py took 0.110 seconds
[2024-10-26T23:36:27.907+0000] {processor.py:186} INFO - Started process (PID=44405) to work on /home/airflow/.local/lib/python3.12/site-packages/airflow/example_dags/example_params_trigger_ui.py
[2024-10-26T23:36:27.908+0000] {processor.py:914} INFO - Processing file /home/airflow/.local/lib/python3.12/site-packages/airflow/example_dags/example_params_trigger_ui.py for tasks to queue
[2024-10-26T23:36:27.912+0000] {logging_mixin.py:190} INFO - [2024-10-26T23:36:27.911+0000] {dagbag.py:588} INFO - Filling up the DagBag from /home/airflow/.local/lib/python3.12/site-packages/airflow/example_dags/example_params_trigger_ui.py
[2024-10-26T23:36:27.925+0000] {processor.py:925} INFO - DAG(s) 'example_params_trigger_ui' retrieved from /home/airflow/.local/lib/python3.12/site-packages/airflow/example_dags/example_params_trigger_ui.py
[2024-10-26T23:36:27.971+0000] {logging_mixin.py:190} INFO - [2024-10-26T23:36:27.970+0000] {dag.py:3239} INFO - Sync 1 DAGs
[2024-10-26T23:36:27.985+0000] {logging_mixin.py:190} INFO - [2024-10-26T23:36:27.984+0000] {dag.py:4180} INFO - Setting next_dagrun for example_params_trigger_ui to None, run_after=None
[2024-10-26T23:36:28.006+0000] {processor.py:208} INFO - Processing /home/airflow/.local/lib/python3.12/site-packages/airflow/example_dags/example_params_trigger_ui.py took 0.108 seconds
[2024-10-26T23:37:00.804+0000] {processor.py:186} INFO - Started process (PID=44469) to work on /home/airflow/.local/lib/python3.12/site-packages/airflow/example_dags/example_params_trigger_ui.py
[2024-10-26T23:37:00.806+0000] {processor.py:914} INFO - Processing file /home/airflow/.local/lib/python3.12/site-packages/airflow/example_dags/example_params_trigger_ui.py for tasks to queue
[2024-10-26T23:37:00.809+0000] {logging_mixin.py:190} INFO - [2024-10-26T23:37:00.808+0000] {dagbag.py:588} INFO - Filling up the DagBag from /home/airflow/.local/lib/python3.12/site-packages/airflow/example_dags/example_params_trigger_ui.py
[2024-10-26T23:37:00.822+0000] {processor.py:925} INFO - DAG(s) 'example_params_trigger_ui' retrieved from /home/airflow/.local/lib/python3.12/site-packages/airflow/example_dags/example_params_trigger_ui.py
[2024-10-26T23:37:00.869+0000] {logging_mixin.py:190} INFO - [2024-10-26T23:37:00.869+0000] {dag.py:3239} INFO - Sync 1 DAGs
[2024-10-26T23:37:00.885+0000] {logging_mixin.py:190} INFO - [2024-10-26T23:37:00.884+0000] {dag.py:4180} INFO - Setting next_dagrun for example_params_trigger_ui to None, run_after=None
[2024-10-26T23:37:00.911+0000] {processor.py:208} INFO - Processing /home/airflow/.local/lib/python3.12/site-packages/airflow/example_dags/example_params_trigger_ui.py took 0.115 seconds
[2024-10-26T23:37:33.059+0000] {processor.py:186} INFO - Started process (PID=44533) to work on /home/airflow/.local/lib/python3.12/site-packages/airflow/example_dags/example_params_trigger_ui.py
[2024-10-26T23:37:33.060+0000] {processor.py:914} INFO - Processing file /home/airflow/.local/lib/python3.12/site-packages/airflow/example_dags/example_params_trigger_ui.py for tasks to queue
[2024-10-26T23:37:33.063+0000] {logging_mixin.py:190} INFO - [2024-10-26T23:37:33.063+0000] {dagbag.py:588} INFO - Filling up the DagBag from /home/airflow/.local/lib/python3.12/site-packages/airflow/example_dags/example_params_trigger_ui.py
[2024-10-26T23:37:33.085+0000] {processor.py:925} INFO - DAG(s) 'example_params_trigger_ui' retrieved from /home/airflow/.local/lib/python3.12/site-packages/airflow/example_dags/example_params_trigger_ui.py
[2024-10-26T23:37:33.159+0000] {logging_mixin.py:190} INFO - [2024-10-26T23:37:33.159+0000] {dag.py:3239} INFO - Sync 1 DAGs
[2024-10-26T23:37:33.175+0000] {logging_mixin.py:190} INFO - [2024-10-26T23:37:33.175+0000] {dag.py:4180} INFO - Setting next_dagrun for example_params_trigger_ui to None, run_after=None
[2024-10-26T23:37:33.194+0000] {processor.py:208} INFO - Processing /home/airflow/.local/lib/python3.12/site-packages/airflow/example_dags/example_params_trigger_ui.py took 0.142 seconds
[2024-10-26T23:38:05.600+0000] {processor.py:186} INFO - Started process (PID=44597) to work on /home/airflow/.local/lib/python3.12/site-packages/airflow/example_dags/example_params_trigger_ui.py
[2024-10-26T23:38:05.601+0000] {processor.py:914} INFO - Processing file /home/airflow/.local/lib/python3.12/site-packages/airflow/example_dags/example_params_trigger_ui.py for tasks to queue
[2024-10-26T23:38:05.603+0000] {logging_mixin.py:190} INFO - [2024-10-26T23:38:05.603+0000] {dagbag.py:588} INFO - Filling up the DagBag from /home/airflow/.local/lib/python3.12/site-packages/airflow/example_dags/example_params_trigger_ui.py
[2024-10-26T23:38:05.615+0000] {processor.py:925} INFO - DAG(s) 'example_params_trigger_ui' retrieved from /home/airflow/.local/lib/python3.12/site-packages/airflow/example_dags/example_params_trigger_ui.py
[2024-10-26T23:38:05.654+0000] {logging_mixin.py:190} INFO - [2024-10-26T23:38:05.653+0000] {dag.py:3239} INFO - Sync 1 DAGs
[2024-10-26T23:38:05.668+0000] {logging_mixin.py:190} INFO - [2024-10-26T23:38:05.668+0000] {dag.py:4180} INFO - Setting next_dagrun for example_params_trigger_ui to None, run_after=None
[2024-10-26T23:38:05.689+0000] {processor.py:208} INFO - Processing /home/airflow/.local/lib/python3.12/site-packages/airflow/example_dags/example_params_trigger_ui.py took 0.096 seconds
[2024-10-26T23:38:38.789+0000] {processor.py:186} INFO - Started process (PID=44661) to work on /home/airflow/.local/lib/python3.12/site-packages/airflow/example_dags/example_params_trigger_ui.py
[2024-10-26T23:38:38.790+0000] {processor.py:914} INFO - Processing file /home/airflow/.local/lib/python3.12/site-packages/airflow/example_dags/example_params_trigger_ui.py for tasks to queue
[2024-10-26T23:38:38.793+0000] {logging_mixin.py:190} INFO - [2024-10-26T23:38:38.792+0000] {dagbag.py:588} INFO - Filling up the DagBag from /home/airflow/.local/lib/python3.12/site-packages/airflow/example_dags/example_params_trigger_ui.py
[2024-10-26T23:38:38.804+0000] {processor.py:925} INFO - DAG(s) 'example_params_trigger_ui' retrieved from /home/airflow/.local/lib/python3.12/site-packages/airflow/example_dags/example_params_trigger_ui.py
[2024-10-26T23:38:38.848+0000] {logging_mixin.py:190} INFO - [2024-10-26T23:38:38.847+0000] {dag.py:3239} INFO - Sync 1 DAGs
[2024-10-26T23:38:38.865+0000] {logging_mixin.py:190} INFO - [2024-10-26T23:38:38.865+0000] {dag.py:4180} INFO - Setting next_dagrun for example_params_trigger_ui to None, run_after=None
[2024-10-26T23:38:38.888+0000] {processor.py:208} INFO - Processing /home/airflow/.local/lib/python3.12/site-packages/airflow/example_dags/example_params_trigger_ui.py took 0.104 seconds
[2024-10-26T23:39:10.965+0000] {processor.py:186} INFO - Started process (PID=44725) to work on /home/airflow/.local/lib/python3.12/site-packages/airflow/example_dags/example_params_trigger_ui.py
[2024-10-26T23:39:10.966+0000] {processor.py:914} INFO - Processing file /home/airflow/.local/lib/python3.12/site-packages/airflow/example_dags/example_params_trigger_ui.py for tasks to queue
[2024-10-26T23:39:10.971+0000] {logging_mixin.py:190} INFO - [2024-10-26T23:39:10.970+0000] {dagbag.py:588} INFO - Filling up the DagBag from /home/airflow/.local/lib/python3.12/site-packages/airflow/example_dags/example_params_trigger_ui.py
[2024-10-26T23:39:10.988+0000] {processor.py:925} INFO - DAG(s) 'example_params_trigger_ui' retrieved from /home/airflow/.local/lib/python3.12/site-packages/airflow/example_dags/example_params_trigger_ui.py
[2024-10-26T23:39:11.073+0000] {logging_mixin.py:190} INFO - [2024-10-26T23:39:11.072+0000] {dag.py:3239} INFO - Sync 1 DAGs
[2024-10-26T23:39:11.121+0000] {logging_mixin.py:190} INFO - [2024-10-26T23:39:11.121+0000] {dag.py:4180} INFO - Setting next_dagrun for example_params_trigger_ui to None, run_after=None
[2024-10-26T23:39:11.185+0000] {processor.py:208} INFO - Processing /home/airflow/.local/lib/python3.12/site-packages/airflow/example_dags/example_params_trigger_ui.py took 0.228 seconds
[2024-10-26T23:39:44.767+0000] {processor.py:186} INFO - Started process (PID=44789) to work on /home/airflow/.local/lib/python3.12/site-packages/airflow/example_dags/example_params_trigger_ui.py
[2024-10-26T23:39:44.768+0000] {processor.py:914} INFO - Processing file /home/airflow/.local/lib/python3.12/site-packages/airflow/example_dags/example_params_trigger_ui.py for tasks to queue
[2024-10-26T23:39:44.771+0000] {logging_mixin.py:190} INFO - [2024-10-26T23:39:44.770+0000] {dagbag.py:588} INFO - Filling up the DagBag from /home/airflow/.local/lib/python3.12/site-packages/airflow/example_dags/example_params_trigger_ui.py
[2024-10-26T23:39:44.792+0000] {processor.py:925} INFO - DAG(s) 'example_params_trigger_ui' retrieved from /home/airflow/.local/lib/python3.12/site-packages/airflow/example_dags/example_params_trigger_ui.py
[2024-10-26T23:39:44.861+0000] {logging_mixin.py:190} INFO - [2024-10-26T23:39:44.861+0000] {dag.py:3239} INFO - Sync 1 DAGs
[2024-10-26T23:39:44.877+0000] {logging_mixin.py:190} INFO - [2024-10-26T23:39:44.877+0000] {dag.py:4180} INFO - Setting next_dagrun for example_params_trigger_ui to None, run_after=None
[2024-10-26T23:39:44.898+0000] {processor.py:208} INFO - Processing /home/airflow/.local/lib/python3.12/site-packages/airflow/example_dags/example_params_trigger_ui.py took 0.139 seconds
[2024-10-26T23:40:17.629+0000] {processor.py:186} INFO - Started process (PID=44853) to work on /home/airflow/.local/lib/python3.12/site-packages/airflow/example_dags/example_params_trigger_ui.py
[2024-10-26T23:40:17.630+0000] {processor.py:914} INFO - Processing file /home/airflow/.local/lib/python3.12/site-packages/airflow/example_dags/example_params_trigger_ui.py for tasks to queue
[2024-10-26T23:40:17.633+0000] {logging_mixin.py:190} INFO - [2024-10-26T23:40:17.632+0000] {dagbag.py:588} INFO - Filling up the DagBag from /home/airflow/.local/lib/python3.12/site-packages/airflow/example_dags/example_params_trigger_ui.py
[2024-10-26T23:40:17.647+0000] {processor.py:925} INFO - DAG(s) 'example_params_trigger_ui' retrieved from /home/airflow/.local/lib/python3.12/site-packages/airflow/example_dags/example_params_trigger_ui.py
[2024-10-26T23:40:17.687+0000] {logging_mixin.py:190} INFO - [2024-10-26T23:40:17.687+0000] {dag.py:3239} INFO - Sync 1 DAGs
[2024-10-26T23:40:17.699+0000] {logging_mixin.py:190} INFO - [2024-10-26T23:40:17.699+0000] {dag.py:4180} INFO - Setting next_dagrun for example_params_trigger_ui to None, run_after=None
[2024-10-26T23:40:17.719+0000] {processor.py:208} INFO - Processing /home/airflow/.local/lib/python3.12/site-packages/airflow/example_dags/example_params_trigger_ui.py took 0.101 seconds
[2024-10-26T23:40:50.074+0000] {processor.py:186} INFO - Started process (PID=44917) to work on /home/airflow/.local/lib/python3.12/site-packages/airflow/example_dags/example_params_trigger_ui.py
[2024-10-26T23:40:50.076+0000] {processor.py:914} INFO - Processing file /home/airflow/.local/lib/python3.12/site-packages/airflow/example_dags/example_params_trigger_ui.py for tasks to queue
[2024-10-26T23:40:50.078+0000] {logging_mixin.py:190} INFO - [2024-10-26T23:40:50.078+0000] {dagbag.py:588} INFO - Filling up the DagBag from /home/airflow/.local/lib/python3.12/site-packages/airflow/example_dags/example_params_trigger_ui.py
[2024-10-26T23:40:50.088+0000] {processor.py:925} INFO - DAG(s) 'example_params_trigger_ui' retrieved from /home/airflow/.local/lib/python3.12/site-packages/airflow/example_dags/example_params_trigger_ui.py
[2024-10-26T23:40:50.130+0000] {logging_mixin.py:190} INFO - [2024-10-26T23:40:50.130+0000] {dag.py:3239} INFO - Sync 1 DAGs
[2024-10-26T23:40:50.143+0000] {logging_mixin.py:190} INFO - [2024-10-26T23:40:50.143+0000] {dag.py:4180} INFO - Setting next_dagrun for example_params_trigger_ui to None, run_after=None
[2024-10-26T23:40:50.160+0000] {processor.py:208} INFO - Processing /home/airflow/.local/lib/python3.12/site-packages/airflow/example_dags/example_params_trigger_ui.py took 0.092 seconds
[2024-10-26T23:41:22.271+0000] {processor.py:186} INFO - Started process (PID=44981) to work on /home/airflow/.local/lib/python3.12/site-packages/airflow/example_dags/example_params_trigger_ui.py
[2024-10-26T23:41:22.272+0000] {processor.py:914} INFO - Processing file /home/airflow/.local/lib/python3.12/site-packages/airflow/example_dags/example_params_trigger_ui.py for tasks to queue
[2024-10-26T23:41:22.274+0000] {logging_mixin.py:190} INFO - [2024-10-26T23:41:22.274+0000] {dagbag.py:588} INFO - Filling up the DagBag from /home/airflow/.local/lib/python3.12/site-packages/airflow/example_dags/example_params_trigger_ui.py
[2024-10-26T23:41:22.289+0000] {processor.py:925} INFO - DAG(s) 'example_params_trigger_ui' retrieved from /home/airflow/.local/lib/python3.12/site-packages/airflow/example_dags/example_params_trigger_ui.py
[2024-10-26T23:41:22.336+0000] {logging_mixin.py:190} INFO - [2024-10-26T23:41:22.336+0000] {dag.py:3239} INFO - Sync 1 DAGs
[2024-10-26T23:41:22.349+0000] {logging_mixin.py:190} INFO - [2024-10-26T23:41:22.349+0000] {dag.py:4180} INFO - Setting next_dagrun for example_params_trigger_ui to None, run_after=None
[2024-10-26T23:41:22.368+0000] {processor.py:208} INFO - Processing /home/airflow/.local/lib/python3.12/site-packages/airflow/example_dags/example_params_trigger_ui.py took 0.103 seconds
[2024-10-26T23:41:54.967+0000] {processor.py:186} INFO - Started process (PID=45045) to work on /home/airflow/.local/lib/python3.12/site-packages/airflow/example_dags/example_params_trigger_ui.py
[2024-10-26T23:41:54.968+0000] {processor.py:914} INFO - Processing file /home/airflow/.local/lib/python3.12/site-packages/airflow/example_dags/example_params_trigger_ui.py for tasks to queue
[2024-10-26T23:41:54.972+0000] {logging_mixin.py:190} INFO - [2024-10-26T23:41:54.972+0000] {dagbag.py:588} INFO - Filling up the DagBag from /home/airflow/.local/lib/python3.12/site-packages/airflow/example_dags/example_params_trigger_ui.py
[2024-10-26T23:41:54.986+0000] {processor.py:925} INFO - DAG(s) 'example_params_trigger_ui' retrieved from /home/airflow/.local/lib/python3.12/site-packages/airflow/example_dags/example_params_trigger_ui.py
[2024-10-26T23:41:55.036+0000] {logging_mixin.py:190} INFO - [2024-10-26T23:41:55.036+0000] {dag.py:3239} INFO - Sync 1 DAGs
[2024-10-26T23:41:55.054+0000] {logging_mixin.py:190} INFO - [2024-10-26T23:41:55.053+0000] {dag.py:4180} INFO - Setting next_dagrun for example_params_trigger_ui to None, run_after=None
[2024-10-26T23:41:55.083+0000] {processor.py:208} INFO - Processing /home/airflow/.local/lib/python3.12/site-packages/airflow/example_dags/example_params_trigger_ui.py took 0.123 seconds
[2024-10-26T23:42:28.205+0000] {processor.py:186} INFO - Started process (PID=45109) to work on /home/airflow/.local/lib/python3.12/site-packages/airflow/example_dags/example_params_trigger_ui.py
[2024-10-26T23:42:28.206+0000] {processor.py:914} INFO - Processing file /home/airflow/.local/lib/python3.12/site-packages/airflow/example_dags/example_params_trigger_ui.py for tasks to queue
[2024-10-26T23:42:28.208+0000] {logging_mixin.py:190} INFO - [2024-10-26T23:42:28.208+0000] {dagbag.py:588} INFO - Filling up the DagBag from /home/airflow/.local/lib/python3.12/site-packages/airflow/example_dags/example_params_trigger_ui.py
[2024-10-26T23:42:28.222+0000] {processor.py:925} INFO - DAG(s) 'example_params_trigger_ui' retrieved from /home/airflow/.local/lib/python3.12/site-packages/airflow/example_dags/example_params_trigger_ui.py
[2024-10-26T23:42:28.263+0000] {logging_mixin.py:190} INFO - [2024-10-26T23:42:28.263+0000] {dag.py:3239} INFO - Sync 1 DAGs
[2024-10-26T23:42:28.276+0000] {logging_mixin.py:190} INFO - [2024-10-26T23:42:28.275+0000] {dag.py:4180} INFO - Setting next_dagrun for example_params_trigger_ui to None, run_after=None
[2024-10-26T23:42:28.296+0000] {processor.py:208} INFO - Processing /home/airflow/.local/lib/python3.12/site-packages/airflow/example_dags/example_params_trigger_ui.py took 0.097 seconds
[2024-10-26T23:43:00.597+0000] {processor.py:186} INFO - Started process (PID=45173) to work on /home/airflow/.local/lib/python3.12/site-packages/airflow/example_dags/example_params_trigger_ui.py
[2024-10-26T23:43:00.598+0000] {processor.py:914} INFO - Processing file /home/airflow/.local/lib/python3.12/site-packages/airflow/example_dags/example_params_trigger_ui.py for tasks to queue
[2024-10-26T23:43:00.601+0000] {logging_mixin.py:190} INFO - [2024-10-26T23:43:00.601+0000] {dagbag.py:588} INFO - Filling up the DagBag from /home/airflow/.local/lib/python3.12/site-packages/airflow/example_dags/example_params_trigger_ui.py
[2024-10-26T23:43:00.612+0000] {processor.py:925} INFO - DAG(s) 'example_params_trigger_ui' retrieved from /home/airflow/.local/lib/python3.12/site-packages/airflow/example_dags/example_params_trigger_ui.py
[2024-10-26T23:43:00.665+0000] {logging_mixin.py:190} INFO - [2024-10-26T23:43:00.664+0000] {dag.py:3239} INFO - Sync 1 DAGs
[2024-10-26T23:43:00.684+0000] {logging_mixin.py:190} INFO - [2024-10-26T23:43:00.684+0000] {dag.py:4180} INFO - Setting next_dagrun for example_params_trigger_ui to None, run_after=None
[2024-10-26T23:43:00.711+0000] {processor.py:208} INFO - Processing /home/airflow/.local/lib/python3.12/site-packages/airflow/example_dags/example_params_trigger_ui.py took 0.120 seconds
[2024-10-26T23:43:33.133+0000] {processor.py:186} INFO - Started process (PID=45237) to work on /home/airflow/.local/lib/python3.12/site-packages/airflow/example_dags/example_params_trigger_ui.py
[2024-10-26T23:43:33.134+0000] {processor.py:914} INFO - Processing file /home/airflow/.local/lib/python3.12/site-packages/airflow/example_dags/example_params_trigger_ui.py for tasks to queue
[2024-10-26T23:43:33.136+0000] {logging_mixin.py:190} INFO - [2024-10-26T23:43:33.136+0000] {dagbag.py:588} INFO - Filling up the DagBag from /home/airflow/.local/lib/python3.12/site-packages/airflow/example_dags/example_params_trigger_ui.py
[2024-10-26T23:43:33.146+0000] {processor.py:925} INFO - DAG(s) 'example_params_trigger_ui' retrieved from /home/airflow/.local/lib/python3.12/site-packages/airflow/example_dags/example_params_trigger_ui.py
[2024-10-26T23:43:33.191+0000] {logging_mixin.py:190} INFO - [2024-10-26T23:43:33.191+0000] {dag.py:3239} INFO - Sync 1 DAGs
[2024-10-26T23:43:33.207+0000] {logging_mixin.py:190} INFO - [2024-10-26T23:43:33.207+0000] {dag.py:4180} INFO - Setting next_dagrun for example_params_trigger_ui to None, run_after=None
[2024-10-26T23:43:33.227+0000] {processor.py:208} INFO - Processing /home/airflow/.local/lib/python3.12/site-packages/airflow/example_dags/example_params_trigger_ui.py took 0.100 seconds
[2024-10-26T23:44:05.713+0000] {processor.py:186} INFO - Started process (PID=45301) to work on /home/airflow/.local/lib/python3.12/site-packages/airflow/example_dags/example_params_trigger_ui.py
[2024-10-26T23:44:05.714+0000] {processor.py:914} INFO - Processing file /home/airflow/.local/lib/python3.12/site-packages/airflow/example_dags/example_params_trigger_ui.py for tasks to queue
[2024-10-26T23:44:05.717+0000] {logging_mixin.py:190} INFO - [2024-10-26T23:44:05.717+0000] {dagbag.py:588} INFO - Filling up the DagBag from /home/airflow/.local/lib/python3.12/site-packages/airflow/example_dags/example_params_trigger_ui.py
[2024-10-26T23:44:05.732+0000] {processor.py:925} INFO - DAG(s) 'example_params_trigger_ui' retrieved from /home/airflow/.local/lib/python3.12/site-packages/airflow/example_dags/example_params_trigger_ui.py
[2024-10-26T23:44:05.780+0000] {logging_mixin.py:190} INFO - [2024-10-26T23:44:05.780+0000] {dag.py:3239} INFO - Sync 1 DAGs
[2024-10-26T23:44:05.794+0000] {logging_mixin.py:190} INFO - [2024-10-26T23:44:05.793+0000] {dag.py:4180} INFO - Setting next_dagrun for example_params_trigger_ui to None, run_after=None
[2024-10-26T23:44:05.816+0000] {processor.py:208} INFO - Processing /home/airflow/.local/lib/python3.12/site-packages/airflow/example_dags/example_params_trigger_ui.py took 0.109 seconds
[2024-10-26T23:44:39.035+0000] {processor.py:186} INFO - Started process (PID=45365) to work on /home/airflow/.local/lib/python3.12/site-packages/airflow/example_dags/example_params_trigger_ui.py
[2024-10-26T23:44:39.036+0000] {processor.py:914} INFO - Processing file /home/airflow/.local/lib/python3.12/site-packages/airflow/example_dags/example_params_trigger_ui.py for tasks to queue
[2024-10-26T23:44:39.038+0000] {logging_mixin.py:190} INFO - [2024-10-26T23:44:39.038+0000] {dagbag.py:588} INFO - Filling up the DagBag from /home/airflow/.local/lib/python3.12/site-packages/airflow/example_dags/example_params_trigger_ui.py
[2024-10-26T23:44:39.052+0000] {processor.py:925} INFO - DAG(s) 'example_params_trigger_ui' retrieved from /home/airflow/.local/lib/python3.12/site-packages/airflow/example_dags/example_params_trigger_ui.py
[2024-10-26T23:44:39.093+0000] {logging_mixin.py:190} INFO - [2024-10-26T23:44:39.092+0000] {dag.py:3239} INFO - Sync 1 DAGs
[2024-10-26T23:44:39.108+0000] {logging_mixin.py:190} INFO - [2024-10-26T23:44:39.107+0000] {dag.py:4180} INFO - Setting next_dagrun for example_params_trigger_ui to None, run_after=None
[2024-10-26T23:44:39.126+0000] {processor.py:208} INFO - Processing /home/airflow/.local/lib/python3.12/site-packages/airflow/example_dags/example_params_trigger_ui.py took 0.100 seconds
[2024-10-26T23:45:12.322+0000] {processor.py:186} INFO - Started process (PID=45429) to work on /home/airflow/.local/lib/python3.12/site-packages/airflow/example_dags/example_params_trigger_ui.py
[2024-10-26T23:45:12.323+0000] {processor.py:914} INFO - Processing file /home/airflow/.local/lib/python3.12/site-packages/airflow/example_dags/example_params_trigger_ui.py for tasks to queue
[2024-10-26T23:45:12.327+0000] {logging_mixin.py:190} INFO - [2024-10-26T23:45:12.327+0000] {dagbag.py:588} INFO - Filling up the DagBag from /home/airflow/.local/lib/python3.12/site-packages/airflow/example_dags/example_params_trigger_ui.py
[2024-10-26T23:45:12.344+0000] {processor.py:925} INFO - DAG(s) 'example_params_trigger_ui' retrieved from /home/airflow/.local/lib/python3.12/site-packages/airflow/example_dags/example_params_trigger_ui.py
[2024-10-26T23:45:12.397+0000] {logging_mixin.py:190} INFO - [2024-10-26T23:45:12.397+0000] {dag.py:3239} INFO - Sync 1 DAGs
[2024-10-26T23:45:12.411+0000] {logging_mixin.py:190} INFO - [2024-10-26T23:45:12.411+0000] {dag.py:4180} INFO - Setting next_dagrun for example_params_trigger_ui to None, run_after=None
[2024-10-26T23:45:12.430+0000] {processor.py:208} INFO - Processing /home/airflow/.local/lib/python3.12/site-packages/airflow/example_dags/example_params_trigger_ui.py took 0.115 seconds
[2024-10-26T23:45:44.256+0000] {processor.py:186} INFO - Started process (PID=45493) to work on /home/airflow/.local/lib/python3.12/site-packages/airflow/example_dags/example_params_trigger_ui.py
[2024-10-26T23:45:44.257+0000] {processor.py:914} INFO - Processing file /home/airflow/.local/lib/python3.12/site-packages/airflow/example_dags/example_params_trigger_ui.py for tasks to queue
[2024-10-26T23:45:44.260+0000] {logging_mixin.py:190} INFO - [2024-10-26T23:45:44.259+0000] {dagbag.py:588} INFO - Filling up the DagBag from /home/airflow/.local/lib/python3.12/site-packages/airflow/example_dags/example_params_trigger_ui.py
[2024-10-26T23:45:44.270+0000] {processor.py:925} INFO - DAG(s) 'example_params_trigger_ui' retrieved from /home/airflow/.local/lib/python3.12/site-packages/airflow/example_dags/example_params_trigger_ui.py
[2024-10-26T23:45:44.307+0000] {logging_mixin.py:190} INFO - [2024-10-26T23:45:44.307+0000] {dag.py:3239} INFO - Sync 1 DAGs
[2024-10-26T23:45:44.320+0000] {logging_mixin.py:190} INFO - [2024-10-26T23:45:44.319+0000] {dag.py:4180} INFO - Setting next_dagrun for example_params_trigger_ui to None, run_after=None
[2024-10-26T23:45:44.343+0000] {processor.py:208} INFO - Processing /home/airflow/.local/lib/python3.12/site-packages/airflow/example_dags/example_params_trigger_ui.py took 0.093 seconds
[2024-10-26T23:46:16.590+0000] {processor.py:186} INFO - Started process (PID=45557) to work on /home/airflow/.local/lib/python3.12/site-packages/airflow/example_dags/example_params_trigger_ui.py
[2024-10-26T23:46:16.591+0000] {processor.py:914} INFO - Processing file /home/airflow/.local/lib/python3.12/site-packages/airflow/example_dags/example_params_trigger_ui.py for tasks to queue
[2024-10-26T23:46:16.593+0000] {logging_mixin.py:190} INFO - [2024-10-26T23:46:16.593+0000] {dagbag.py:588} INFO - Filling up the DagBag from /home/airflow/.local/lib/python3.12/site-packages/airflow/example_dags/example_params_trigger_ui.py
[2024-10-26T23:46:16.603+0000] {processor.py:925} INFO - DAG(s) 'example_params_trigger_ui' retrieved from /home/airflow/.local/lib/python3.12/site-packages/airflow/example_dags/example_params_trigger_ui.py
[2024-10-26T23:46:16.644+0000] {logging_mixin.py:190} INFO - [2024-10-26T23:46:16.644+0000] {dag.py:3239} INFO - Sync 1 DAGs
[2024-10-26T23:46:16.657+0000] {logging_mixin.py:190} INFO - [2024-10-26T23:46:16.657+0000] {dag.py:4180} INFO - Setting next_dagrun for example_params_trigger_ui to None, run_after=None
[2024-10-26T23:46:16.677+0000] {processor.py:208} INFO - Processing /home/airflow/.local/lib/python3.12/site-packages/airflow/example_dags/example_params_trigger_ui.py took 0.093 seconds
[2024-10-26T23:46:51.122+0000] {processor.py:186} INFO - Started process (PID=45621) to work on /home/airflow/.local/lib/python3.12/site-packages/airflow/example_dags/example_params_trigger_ui.py
[2024-10-26T23:46:51.123+0000] {processor.py:914} INFO - Processing file /home/airflow/.local/lib/python3.12/site-packages/airflow/example_dags/example_params_trigger_ui.py for tasks to queue
[2024-10-26T23:46:51.125+0000] {logging_mixin.py:190} INFO - [2024-10-26T23:46:51.125+0000] {dagbag.py:588} INFO - Filling up the DagBag from /home/airflow/.local/lib/python3.12/site-packages/airflow/example_dags/example_params_trigger_ui.py
[2024-10-26T23:46:51.137+0000] {processor.py:925} INFO - DAG(s) 'example_params_trigger_ui' retrieved from /home/airflow/.local/lib/python3.12/site-packages/airflow/example_dags/example_params_trigger_ui.py
[2024-10-26T23:46:51.202+0000] {logging_mixin.py:190} INFO - [2024-10-26T23:46:51.202+0000] {dag.py:3239} INFO - Sync 1 DAGs
[2024-10-26T23:46:51.229+0000] {logging_mixin.py:190} INFO - [2024-10-26T23:46:51.229+0000] {dag.py:4180} INFO - Setting next_dagrun for example_params_trigger_ui to None, run_after=None
[2024-10-26T23:46:51.259+0000] {processor.py:208} INFO - Processing /home/airflow/.local/lib/python3.12/site-packages/airflow/example_dags/example_params_trigger_ui.py took 0.147 seconds
[2024-10-26T23:47:22.151+0000] {processor.py:186} INFO - Started process (PID=45685) to work on /home/airflow/.local/lib/python3.12/site-packages/airflow/example_dags/example_params_trigger_ui.py
[2024-10-26T23:47:22.152+0000] {processor.py:914} INFO - Processing file /home/airflow/.local/lib/python3.12/site-packages/airflow/example_dags/example_params_trigger_ui.py for tasks to queue
[2024-10-26T23:47:22.154+0000] {logging_mixin.py:190} INFO - [2024-10-26T23:47:22.154+0000] {dagbag.py:588} INFO - Filling up the DagBag from /home/airflow/.local/lib/python3.12/site-packages/airflow/example_dags/example_params_trigger_ui.py
[2024-10-26T23:47:22.167+0000] {processor.py:925} INFO - DAG(s) 'example_params_trigger_ui' retrieved from /home/airflow/.local/lib/python3.12/site-packages/airflow/example_dags/example_params_trigger_ui.py
[2024-10-26T23:47:22.211+0000] {logging_mixin.py:190} INFO - [2024-10-26T23:47:22.211+0000] {dag.py:3239} INFO - Sync 1 DAGs
[2024-10-26T23:47:22.225+0000] {logging_mixin.py:190} INFO - [2024-10-26T23:47:22.225+0000] {dag.py:4180} INFO - Setting next_dagrun for example_params_trigger_ui to None, run_after=None
[2024-10-26T23:47:22.248+0000] {processor.py:208} INFO - Processing /home/airflow/.local/lib/python3.12/site-packages/airflow/example_dags/example_params_trigger_ui.py took 0.105 seconds
[2024-10-26T23:47:54.776+0000] {processor.py:186} INFO - Started process (PID=45749) to work on /home/airflow/.local/lib/python3.12/site-packages/airflow/example_dags/example_params_trigger_ui.py
[2024-10-26T23:47:54.778+0000] {processor.py:914} INFO - Processing file /home/airflow/.local/lib/python3.12/site-packages/airflow/example_dags/example_params_trigger_ui.py for tasks to queue
[2024-10-26T23:47:54.780+0000] {logging_mixin.py:190} INFO - [2024-10-26T23:47:54.780+0000] {dagbag.py:588} INFO - Filling up the DagBag from /home/airflow/.local/lib/python3.12/site-packages/airflow/example_dags/example_params_trigger_ui.py
[2024-10-26T23:47:54.791+0000] {processor.py:925} INFO - DAG(s) 'example_params_trigger_ui' retrieved from /home/airflow/.local/lib/python3.12/site-packages/airflow/example_dags/example_params_trigger_ui.py
[2024-10-26T23:47:54.836+0000] {logging_mixin.py:190} INFO - [2024-10-26T23:47:54.836+0000] {dag.py:3239} INFO - Sync 1 DAGs
[2024-10-26T23:47:54.853+0000] {logging_mixin.py:190} INFO - [2024-10-26T23:47:54.853+0000] {dag.py:4180} INFO - Setting next_dagrun for example_params_trigger_ui to None, run_after=None
[2024-10-26T23:47:54.875+0000] {processor.py:208} INFO - Processing /home/airflow/.local/lib/python3.12/site-packages/airflow/example_dags/example_params_trigger_ui.py took 0.104 seconds
[2024-10-26T23:48:28.145+0000] {processor.py:186} INFO - Started process (PID=45813) to work on /home/airflow/.local/lib/python3.12/site-packages/airflow/example_dags/example_params_trigger_ui.py
[2024-10-26T23:48:28.146+0000] {processor.py:914} INFO - Processing file /home/airflow/.local/lib/python3.12/site-packages/airflow/example_dags/example_params_trigger_ui.py for tasks to queue
[2024-10-26T23:48:28.148+0000] {logging_mixin.py:190} INFO - [2024-10-26T23:48:28.148+0000] {dagbag.py:588} INFO - Filling up the DagBag from /home/airflow/.local/lib/python3.12/site-packages/airflow/example_dags/example_params_trigger_ui.py
[2024-10-26T23:48:28.160+0000] {processor.py:925} INFO - DAG(s) 'example_params_trigger_ui' retrieved from /home/airflow/.local/lib/python3.12/site-packages/airflow/example_dags/example_params_trigger_ui.py
[2024-10-26T23:48:28.202+0000] {logging_mixin.py:190} INFO - [2024-10-26T23:48:28.201+0000] {dag.py:3239} INFO - Sync 1 DAGs
[2024-10-26T23:48:28.217+0000] {logging_mixin.py:190} INFO - [2024-10-26T23:48:28.216+0000] {dag.py:4180} INFO - Setting next_dagrun for example_params_trigger_ui to None, run_after=None
[2024-10-26T23:48:28.237+0000] {processor.py:208} INFO - Processing /home/airflow/.local/lib/python3.12/site-packages/airflow/example_dags/example_params_trigger_ui.py took 0.100 seconds
[2024-10-26T23:49:00.865+0000] {processor.py:186} INFO - Started process (PID=45877) to work on /home/airflow/.local/lib/python3.12/site-packages/airflow/example_dags/example_params_trigger_ui.py
[2024-10-26T23:49:00.867+0000] {processor.py:914} INFO - Processing file /home/airflow/.local/lib/python3.12/site-packages/airflow/example_dags/example_params_trigger_ui.py for tasks to queue
[2024-10-26T23:49:00.871+0000] {logging_mixin.py:190} INFO - [2024-10-26T23:49:00.870+0000] {dagbag.py:588} INFO - Filling up the DagBag from /home/airflow/.local/lib/python3.12/site-packages/airflow/example_dags/example_params_trigger_ui.py
[2024-10-26T23:49:00.882+0000] {processor.py:925} INFO - DAG(s) 'example_params_trigger_ui' retrieved from /home/airflow/.local/lib/python3.12/site-packages/airflow/example_dags/example_params_trigger_ui.py
[2024-10-26T23:49:00.925+0000] {logging_mixin.py:190} INFO - [2024-10-26T23:49:00.925+0000] {dag.py:3239} INFO - Sync 1 DAGs
[2024-10-26T23:49:00.942+0000] {logging_mixin.py:190} INFO - [2024-10-26T23:49:00.941+0000] {dag.py:4180} INFO - Setting next_dagrun for example_params_trigger_ui to None, run_after=None
[2024-10-26T23:49:00.967+0000] {processor.py:208} INFO - Processing /home/airflow/.local/lib/python3.12/site-packages/airflow/example_dags/example_params_trigger_ui.py took 0.107 seconds
[2024-10-26T23:49:33.949+0000] {processor.py:186} INFO - Started process (PID=45941) to work on /home/airflow/.local/lib/python3.12/site-packages/airflow/example_dags/example_params_trigger_ui.py
[2024-10-26T23:49:33.951+0000] {processor.py:914} INFO - Processing file /home/airflow/.local/lib/python3.12/site-packages/airflow/example_dags/example_params_trigger_ui.py for tasks to queue
[2024-10-26T23:49:33.954+0000] {logging_mixin.py:190} INFO - [2024-10-26T23:49:33.954+0000] {dagbag.py:588} INFO - Filling up the DagBag from /home/airflow/.local/lib/python3.12/site-packages/airflow/example_dags/example_params_trigger_ui.py
[2024-10-26T23:49:33.970+0000] {processor.py:925} INFO - DAG(s) 'example_params_trigger_ui' retrieved from /home/airflow/.local/lib/python3.12/site-packages/airflow/example_dags/example_params_trigger_ui.py
[2024-10-26T23:49:34.032+0000] {logging_mixin.py:190} INFO - [2024-10-26T23:49:34.032+0000] {dag.py:3239} INFO - Sync 1 DAGs
[2024-10-26T23:49:34.054+0000] {logging_mixin.py:190} INFO - [2024-10-26T23:49:34.053+0000] {dag.py:4180} INFO - Setting next_dagrun for example_params_trigger_ui to None, run_after=None
[2024-10-26T23:49:34.082+0000] {processor.py:208} INFO - Processing /home/airflow/.local/lib/python3.12/site-packages/airflow/example_dags/example_params_trigger_ui.py took 0.140 seconds
[2024-10-26T23:50:07.631+0000] {processor.py:186} INFO - Started process (PID=46005) to work on /home/airflow/.local/lib/python3.12/site-packages/airflow/example_dags/example_params_trigger_ui.py
[2024-10-26T23:50:07.632+0000] {processor.py:914} INFO - Processing file /home/airflow/.local/lib/python3.12/site-packages/airflow/example_dags/example_params_trigger_ui.py for tasks to queue
[2024-10-26T23:50:07.635+0000] {logging_mixin.py:190} INFO - [2024-10-26T23:50:07.634+0000] {dagbag.py:588} INFO - Filling up the DagBag from /home/airflow/.local/lib/python3.12/site-packages/airflow/example_dags/example_params_trigger_ui.py
[2024-10-26T23:50:07.651+0000] {processor.py:925} INFO - DAG(s) 'example_params_trigger_ui' retrieved from /home/airflow/.local/lib/python3.12/site-packages/airflow/example_dags/example_params_trigger_ui.py
[2024-10-26T23:50:07.713+0000] {logging_mixin.py:190} INFO - [2024-10-26T23:50:07.713+0000] {dag.py:3239} INFO - Sync 1 DAGs
[2024-10-26T23:50:08.026+0000] {logging_mixin.py:190} INFO - [2024-10-26T23:50:08.026+0000] {dag.py:4180} INFO - Setting next_dagrun for example_params_trigger_ui to None, run_after=None
[2024-10-26T23:50:08.063+0000] {processor.py:208} INFO - Processing /home/airflow/.local/lib/python3.12/site-packages/airflow/example_dags/example_params_trigger_ui.py took 0.439 seconds
[2024-10-26T23:50:40.546+0000] {processor.py:186} INFO - Started process (PID=46069) to work on /home/airflow/.local/lib/python3.12/site-packages/airflow/example_dags/example_params_trigger_ui.py
[2024-10-26T23:50:40.547+0000] {processor.py:914} INFO - Processing file /home/airflow/.local/lib/python3.12/site-packages/airflow/example_dags/example_params_trigger_ui.py for tasks to queue
[2024-10-26T23:50:40.550+0000] {logging_mixin.py:190} INFO - [2024-10-26T23:50:40.550+0000] {dagbag.py:588} INFO - Filling up the DagBag from /home/airflow/.local/lib/python3.12/site-packages/airflow/example_dags/example_params_trigger_ui.py
[2024-10-26T23:50:40.565+0000] {processor.py:925} INFO - DAG(s) 'example_params_trigger_ui' retrieved from /home/airflow/.local/lib/python3.12/site-packages/airflow/example_dags/example_params_trigger_ui.py
[2024-10-26T23:50:40.627+0000] {logging_mixin.py:190} INFO - [2024-10-26T23:50:40.626+0000] {dag.py:3239} INFO - Sync 1 DAGs
[2024-10-26T23:50:40.853+0000] {logging_mixin.py:190} INFO - [2024-10-26T23:50:40.852+0000] {dag.py:4180} INFO - Setting next_dagrun for example_params_trigger_ui to None, run_after=None
[2024-10-26T23:50:40.886+0000] {processor.py:208} INFO - Processing /home/airflow/.local/lib/python3.12/site-packages/airflow/example_dags/example_params_trigger_ui.py took 0.349 seconds
[2024-10-26T23:51:11.508+0000] {processor.py:186} INFO - Started process (PID=46133) to work on /home/airflow/.local/lib/python3.12/site-packages/airflow/example_dags/example_params_trigger_ui.py
[2024-10-26T23:51:11.509+0000] {processor.py:914} INFO - Processing file /home/airflow/.local/lib/python3.12/site-packages/airflow/example_dags/example_params_trigger_ui.py for tasks to queue
[2024-10-26T23:51:11.512+0000] {logging_mixin.py:190} INFO - [2024-10-26T23:51:11.512+0000] {dagbag.py:588} INFO - Filling up the DagBag from /home/airflow/.local/lib/python3.12/site-packages/airflow/example_dags/example_params_trigger_ui.py
[2024-10-26T23:51:11.527+0000] {processor.py:925} INFO - DAG(s) 'example_params_trigger_ui' retrieved from /home/airflow/.local/lib/python3.12/site-packages/airflow/example_dags/example_params_trigger_ui.py
[2024-10-26T23:51:11.573+0000] {logging_mixin.py:190} INFO - [2024-10-26T23:51:11.573+0000] {dag.py:3239} INFO - Sync 1 DAGs
[2024-10-26T23:51:11.588+0000] {logging_mixin.py:190} INFO - [2024-10-26T23:51:11.588+0000] {dag.py:4180} INFO - Setting next_dagrun for example_params_trigger_ui to None, run_after=None
[2024-10-26T23:51:11.770+0000] {processor.py:208} INFO - Processing /home/airflow/.local/lib/python3.12/site-packages/airflow/example_dags/example_params_trigger_ui.py took 0.269 seconds
[2024-10-26T23:51:44.287+0000] {processor.py:186} INFO - Started process (PID=46197) to work on /home/airflow/.local/lib/python3.12/site-packages/airflow/example_dags/example_params_trigger_ui.py
[2024-10-26T23:51:44.288+0000] {processor.py:914} INFO - Processing file /home/airflow/.local/lib/python3.12/site-packages/airflow/example_dags/example_params_trigger_ui.py for tasks to queue
[2024-10-26T23:51:44.290+0000] {logging_mixin.py:190} INFO - [2024-10-26T23:51:44.290+0000] {dagbag.py:588} INFO - Filling up the DagBag from /home/airflow/.local/lib/python3.12/site-packages/airflow/example_dags/example_params_trigger_ui.py
[2024-10-26T23:51:44.301+0000] {processor.py:925} INFO - DAG(s) 'example_params_trigger_ui' retrieved from /home/airflow/.local/lib/python3.12/site-packages/airflow/example_dags/example_params_trigger_ui.py
[2024-10-26T23:51:44.349+0000] {logging_mixin.py:190} INFO - [2024-10-26T23:51:44.348+0000] {dag.py:3239} INFO - Sync 1 DAGs
[2024-10-26T23:51:44.371+0000] {logging_mixin.py:190} INFO - [2024-10-26T23:51:44.371+0000] {dag.py:4180} INFO - Setting next_dagrun for example_params_trigger_ui to None, run_after=None
[2024-10-26T23:51:44.400+0000] {processor.py:208} INFO - Processing /home/airflow/.local/lib/python3.12/site-packages/airflow/example_dags/example_params_trigger_ui.py took 0.120 seconds
[2024-10-26T23:52:16.782+0000] {processor.py:186} INFO - Started process (PID=46261) to work on /home/airflow/.local/lib/python3.12/site-packages/airflow/example_dags/example_params_trigger_ui.py
[2024-10-26T23:52:16.783+0000] {processor.py:914} INFO - Processing file /home/airflow/.local/lib/python3.12/site-packages/airflow/example_dags/example_params_trigger_ui.py for tasks to queue
[2024-10-26T23:52:16.787+0000] {logging_mixin.py:190} INFO - [2024-10-26T23:52:16.786+0000] {dagbag.py:588} INFO - Filling up the DagBag from /home/airflow/.local/lib/python3.12/site-packages/airflow/example_dags/example_params_trigger_ui.py
[2024-10-26T23:52:16.802+0000] {processor.py:925} INFO - DAG(s) 'example_params_trigger_ui' retrieved from /home/airflow/.local/lib/python3.12/site-packages/airflow/example_dags/example_params_trigger_ui.py
[2024-10-26T23:52:16.866+0000] {logging_mixin.py:190} INFO - [2024-10-26T23:52:16.866+0000] {dag.py:3239} INFO - Sync 1 DAGs
[2024-10-26T23:52:16.887+0000] {logging_mixin.py:190} INFO - [2024-10-26T23:52:16.887+0000] {dag.py:4180} INFO - Setting next_dagrun for example_params_trigger_ui to None, run_after=None
[2024-10-26T23:52:16.909+0000] {processor.py:208} INFO - Processing /home/airflow/.local/lib/python3.12/site-packages/airflow/example_dags/example_params_trigger_ui.py took 0.135 seconds
[2024-10-26T23:52:50.172+0000] {processor.py:186} INFO - Started process (PID=46326) to work on /home/airflow/.local/lib/python3.12/site-packages/airflow/example_dags/example_params_trigger_ui.py
[2024-10-26T23:52:50.173+0000] {processor.py:914} INFO - Processing file /home/airflow/.local/lib/python3.12/site-packages/airflow/example_dags/example_params_trigger_ui.py for tasks to queue
[2024-10-26T23:52:50.176+0000] {logging_mixin.py:190} INFO - [2024-10-26T23:52:50.175+0000] {dagbag.py:588} INFO - Filling up the DagBag from /home/airflow/.local/lib/python3.12/site-packages/airflow/example_dags/example_params_trigger_ui.py
[2024-10-26T23:52:50.188+0000] {processor.py:925} INFO - DAG(s) 'example_params_trigger_ui' retrieved from /home/airflow/.local/lib/python3.12/site-packages/airflow/example_dags/example_params_trigger_ui.py
[2024-10-26T23:52:50.237+0000] {logging_mixin.py:190} INFO - [2024-10-26T23:52:50.236+0000] {dag.py:3239} INFO - Sync 1 DAGs
[2024-10-26T23:52:50.258+0000] {logging_mixin.py:190} INFO - [2024-10-26T23:52:50.258+0000] {dag.py:4180} INFO - Setting next_dagrun for example_params_trigger_ui to None, run_after=None
[2024-10-26T23:52:50.280+0000] {processor.py:208} INFO - Processing /home/airflow/.local/lib/python3.12/site-packages/airflow/example_dags/example_params_trigger_ui.py took 0.113 seconds
[2024-10-26T23:53:22.324+0000] {processor.py:186} INFO - Started process (PID=46390) to work on /home/airflow/.local/lib/python3.12/site-packages/airflow/example_dags/example_params_trigger_ui.py
[2024-10-26T23:53:22.325+0000] {processor.py:914} INFO - Processing file /home/airflow/.local/lib/python3.12/site-packages/airflow/example_dags/example_params_trigger_ui.py for tasks to queue
[2024-10-26T23:53:22.329+0000] {logging_mixin.py:190} INFO - [2024-10-26T23:53:22.329+0000] {dagbag.py:588} INFO - Filling up the DagBag from /home/airflow/.local/lib/python3.12/site-packages/airflow/example_dags/example_params_trigger_ui.py
[2024-10-26T23:53:22.341+0000] {processor.py:925} INFO - DAG(s) 'example_params_trigger_ui' retrieved from /home/airflow/.local/lib/python3.12/site-packages/airflow/example_dags/example_params_trigger_ui.py
[2024-10-26T23:53:22.387+0000] {logging_mixin.py:190} INFO - [2024-10-26T23:53:22.387+0000] {dag.py:3239} INFO - Sync 1 DAGs
[2024-10-26T23:53:22.405+0000] {logging_mixin.py:190} INFO - [2024-10-26T23:53:22.405+0000] {dag.py:4180} INFO - Setting next_dagrun for example_params_trigger_ui to None, run_after=None
[2024-10-26T23:53:22.426+0000] {processor.py:208} INFO - Processing /home/airflow/.local/lib/python3.12/site-packages/airflow/example_dags/example_params_trigger_ui.py took 0.108 seconds
[2024-10-26T23:53:54.891+0000] {processor.py:186} INFO - Started process (PID=46454) to work on /home/airflow/.local/lib/python3.12/site-packages/airflow/example_dags/example_params_trigger_ui.py
[2024-10-26T23:53:54.892+0000] {processor.py:914} INFO - Processing file /home/airflow/.local/lib/python3.12/site-packages/airflow/example_dags/example_params_trigger_ui.py for tasks to queue
[2024-10-26T23:53:54.894+0000] {logging_mixin.py:190} INFO - [2024-10-26T23:53:54.894+0000] {dagbag.py:588} INFO - Filling up the DagBag from /home/airflow/.local/lib/python3.12/site-packages/airflow/example_dags/example_params_trigger_ui.py
[2024-10-26T23:53:54.906+0000] {processor.py:925} INFO - DAG(s) 'example_params_trigger_ui' retrieved from /home/airflow/.local/lib/python3.12/site-packages/airflow/example_dags/example_params_trigger_ui.py
[2024-10-26T23:53:54.951+0000] {logging_mixin.py:190} INFO - [2024-10-26T23:53:54.951+0000] {dag.py:3239} INFO - Sync 1 DAGs
[2024-10-26T23:53:54.970+0000] {logging_mixin.py:190} INFO - [2024-10-26T23:53:54.970+0000] {dag.py:4180} INFO - Setting next_dagrun for example_params_trigger_ui to None, run_after=None
[2024-10-26T23:53:54.990+0000] {processor.py:208} INFO - Processing /home/airflow/.local/lib/python3.12/site-packages/airflow/example_dags/example_params_trigger_ui.py took 0.106 seconds
[2024-10-26T23:54:28.163+0000] {processor.py:186} INFO - Started process (PID=46518) to work on /home/airflow/.local/lib/python3.12/site-packages/airflow/example_dags/example_params_trigger_ui.py
[2024-10-26T23:54:28.164+0000] {processor.py:914} INFO - Processing file /home/airflow/.local/lib/python3.12/site-packages/airflow/example_dags/example_params_trigger_ui.py for tasks to queue
[2024-10-26T23:54:28.169+0000] {logging_mixin.py:190} INFO - [2024-10-26T23:54:28.168+0000] {dagbag.py:588} INFO - Filling up the DagBag from /home/airflow/.local/lib/python3.12/site-packages/airflow/example_dags/example_params_trigger_ui.py
[2024-10-26T23:54:28.191+0000] {processor.py:925} INFO - DAG(s) 'example_params_trigger_ui' retrieved from /home/airflow/.local/lib/python3.12/site-packages/airflow/example_dags/example_params_trigger_ui.py
[2024-10-26T23:54:28.256+0000] {logging_mixin.py:190} INFO - [2024-10-26T23:54:28.256+0000] {dag.py:3239} INFO - Sync 1 DAGs
[2024-10-26T23:54:28.276+0000] {logging_mixin.py:190} INFO - [2024-10-26T23:54:28.276+0000] {dag.py:4180} INFO - Setting next_dagrun for example_params_trigger_ui to None, run_after=None
[2024-10-26T23:54:28.305+0000] {processor.py:208} INFO - Processing /home/airflow/.local/lib/python3.12/site-packages/airflow/example_dags/example_params_trigger_ui.py took 0.153 seconds
[2024-10-26T23:55:00.651+0000] {processor.py:186} INFO - Started process (PID=46582) to work on /home/airflow/.local/lib/python3.12/site-packages/airflow/example_dags/example_params_trigger_ui.py
[2024-10-26T23:55:00.652+0000] {processor.py:914} INFO - Processing file /home/airflow/.local/lib/python3.12/site-packages/airflow/example_dags/example_params_trigger_ui.py for tasks to queue
[2024-10-26T23:55:00.655+0000] {logging_mixin.py:190} INFO - [2024-10-26T23:55:00.654+0000] {dagbag.py:588} INFO - Filling up the DagBag from /home/airflow/.local/lib/python3.12/site-packages/airflow/example_dags/example_params_trigger_ui.py
[2024-10-26T23:55:00.668+0000] {processor.py:925} INFO - DAG(s) 'example_params_trigger_ui' retrieved from /home/airflow/.local/lib/python3.12/site-packages/airflow/example_dags/example_params_trigger_ui.py
[2024-10-26T23:55:00.718+0000] {logging_mixin.py:190} INFO - [2024-10-26T23:55:00.718+0000] {dag.py:3239} INFO - Sync 1 DAGs
[2024-10-26T23:55:00.733+0000] {logging_mixin.py:190} INFO - [2024-10-26T23:55:00.733+0000] {dag.py:4180} INFO - Setting next_dagrun for example_params_trigger_ui to None, run_after=None
[2024-10-26T23:55:00.760+0000] {processor.py:208} INFO - Processing /home/airflow/.local/lib/python3.12/site-packages/airflow/example_dags/example_params_trigger_ui.py took 0.115 seconds
[2024-10-26T23:55:33.333+0000] {processor.py:186} INFO - Started process (PID=46646) to work on /home/airflow/.local/lib/python3.12/site-packages/airflow/example_dags/example_params_trigger_ui.py
[2024-10-26T23:55:33.335+0000] {processor.py:914} INFO - Processing file /home/airflow/.local/lib/python3.12/site-packages/airflow/example_dags/example_params_trigger_ui.py for tasks to queue
[2024-10-26T23:55:33.337+0000] {logging_mixin.py:190} INFO - [2024-10-26T23:55:33.337+0000] {dagbag.py:588} INFO - Filling up the DagBag from /home/airflow/.local/lib/python3.12/site-packages/airflow/example_dags/example_params_trigger_ui.py
[2024-10-26T23:55:33.351+0000] {processor.py:925} INFO - DAG(s) 'example_params_trigger_ui' retrieved from /home/airflow/.local/lib/python3.12/site-packages/airflow/example_dags/example_params_trigger_ui.py
[2024-10-26T23:55:33.402+0000] {logging_mixin.py:190} INFO - [2024-10-26T23:55:33.402+0000] {dag.py:3239} INFO - Sync 1 DAGs
[2024-10-26T23:55:33.419+0000] {logging_mixin.py:190} INFO - [2024-10-26T23:55:33.419+0000] {dag.py:4180} INFO - Setting next_dagrun for example_params_trigger_ui to None, run_after=None
[2024-10-26T23:55:33.444+0000] {processor.py:208} INFO - Processing /home/airflow/.local/lib/python3.12/site-packages/airflow/example_dags/example_params_trigger_ui.py took 0.118 seconds
[2024-10-26T23:56:06.123+0000] {processor.py:186} INFO - Started process (PID=46710) to work on /home/airflow/.local/lib/python3.12/site-packages/airflow/example_dags/example_params_trigger_ui.py
[2024-10-26T23:56:06.123+0000] {processor.py:914} INFO - Processing file /home/airflow/.local/lib/python3.12/site-packages/airflow/example_dags/example_params_trigger_ui.py for tasks to queue
[2024-10-26T23:56:06.126+0000] {logging_mixin.py:190} INFO - [2024-10-26T23:56:06.125+0000] {dagbag.py:588} INFO - Filling up the DagBag from /home/airflow/.local/lib/python3.12/site-packages/airflow/example_dags/example_params_trigger_ui.py
[2024-10-26T23:56:06.139+0000] {processor.py:925} INFO - DAG(s) 'example_params_trigger_ui' retrieved from /home/airflow/.local/lib/python3.12/site-packages/airflow/example_dags/example_params_trigger_ui.py
[2024-10-26T23:56:06.186+0000] {logging_mixin.py:190} INFO - [2024-10-26T23:56:06.186+0000] {dag.py:3239} INFO - Sync 1 DAGs
[2024-10-26T23:56:06.201+0000] {logging_mixin.py:190} INFO - [2024-10-26T23:56:06.201+0000] {dag.py:4180} INFO - Setting next_dagrun for example_params_trigger_ui to None, run_after=None
[2024-10-26T23:56:06.232+0000] {processor.py:208} INFO - Processing /home/airflow/.local/lib/python3.12/site-packages/airflow/example_dags/example_params_trigger_ui.py took 0.117 seconds
[2024-10-26T23:56:38.586+0000] {processor.py:186} INFO - Started process (PID=46774) to work on /home/airflow/.local/lib/python3.12/site-packages/airflow/example_dags/example_params_trigger_ui.py
[2024-10-26T23:56:38.587+0000] {processor.py:914} INFO - Processing file /home/airflow/.local/lib/python3.12/site-packages/airflow/example_dags/example_params_trigger_ui.py for tasks to queue
[2024-10-26T23:56:38.590+0000] {logging_mixin.py:190} INFO - [2024-10-26T23:56:38.589+0000] {dagbag.py:588} INFO - Filling up the DagBag from /home/airflow/.local/lib/python3.12/site-packages/airflow/example_dags/example_params_trigger_ui.py
[2024-10-26T23:56:38.601+0000] {processor.py:925} INFO - DAG(s) 'example_params_trigger_ui' retrieved from /home/airflow/.local/lib/python3.12/site-packages/airflow/example_dags/example_params_trigger_ui.py
[2024-10-26T23:56:38.648+0000] {logging_mixin.py:190} INFO - [2024-10-26T23:56:38.648+0000] {dag.py:3239} INFO - Sync 1 DAGs
[2024-10-26T23:56:38.671+0000] {logging_mixin.py:190} INFO - [2024-10-26T23:56:38.670+0000] {dag.py:4180} INFO - Setting next_dagrun for example_params_trigger_ui to None, run_after=None
[2024-10-26T23:56:38.733+0000] {processor.py:208} INFO - Processing /home/airflow/.local/lib/python3.12/site-packages/airflow/example_dags/example_params_trigger_ui.py took 0.155 seconds
[2024-10-26T23:57:11.803+0000] {processor.py:186} INFO - Started process (PID=46838) to work on /home/airflow/.local/lib/python3.12/site-packages/airflow/example_dags/example_params_trigger_ui.py
[2024-10-26T23:57:11.804+0000] {processor.py:914} INFO - Processing file /home/airflow/.local/lib/python3.12/site-packages/airflow/example_dags/example_params_trigger_ui.py for tasks to queue
[2024-10-26T23:57:11.806+0000] {logging_mixin.py:190} INFO - [2024-10-26T23:57:11.806+0000] {dagbag.py:588} INFO - Filling up the DagBag from /home/airflow/.local/lib/python3.12/site-packages/airflow/example_dags/example_params_trigger_ui.py
[2024-10-26T23:57:11.818+0000] {processor.py:925} INFO - DAG(s) 'example_params_trigger_ui' retrieved from /home/airflow/.local/lib/python3.12/site-packages/airflow/example_dags/example_params_trigger_ui.py
[2024-10-26T23:57:11.866+0000] {logging_mixin.py:190} INFO - [2024-10-26T23:57:11.866+0000] {dag.py:3239} INFO - Sync 1 DAGs
[2024-10-26T23:57:11.887+0000] {logging_mixin.py:190} INFO - [2024-10-26T23:57:11.886+0000] {dag.py:4180} INFO - Setting next_dagrun for example_params_trigger_ui to None, run_after=None
[2024-10-26T23:57:11.905+0000] {processor.py:208} INFO - Processing /home/airflow/.local/lib/python3.12/site-packages/airflow/example_dags/example_params_trigger_ui.py took 0.108 seconds
[2024-10-26T23:57:44.391+0000] {processor.py:186} INFO - Started process (PID=46902) to work on /home/airflow/.local/lib/python3.12/site-packages/airflow/example_dags/example_params_trigger_ui.py
[2024-10-26T23:57:44.393+0000] {processor.py:914} INFO - Processing file /home/airflow/.local/lib/python3.12/site-packages/airflow/example_dags/example_params_trigger_ui.py for tasks to queue
[2024-10-26T23:57:44.397+0000] {logging_mixin.py:190} INFO - [2024-10-26T23:57:44.397+0000] {dagbag.py:588} INFO - Filling up the DagBag from /home/airflow/.local/lib/python3.12/site-packages/airflow/example_dags/example_params_trigger_ui.py
[2024-10-26T23:57:44.414+0000] {processor.py:925} INFO - DAG(s) 'example_params_trigger_ui' retrieved from /home/airflow/.local/lib/python3.12/site-packages/airflow/example_dags/example_params_trigger_ui.py
[2024-10-26T23:57:44.481+0000] {logging_mixin.py:190} INFO - [2024-10-26T23:57:44.481+0000] {dag.py:3239} INFO - Sync 1 DAGs
[2024-10-26T23:57:44.508+0000] {logging_mixin.py:190} INFO - [2024-10-26T23:57:44.508+0000] {dag.py:4180} INFO - Setting next_dagrun for example_params_trigger_ui to None, run_after=None
[2024-10-26T23:57:44.541+0000] {processor.py:208} INFO - Processing /home/airflow/.local/lib/python3.12/site-packages/airflow/example_dags/example_params_trigger_ui.py took 0.155 seconds
[2024-10-26T23:58:16.879+0000] {processor.py:186} INFO - Started process (PID=46966) to work on /home/airflow/.local/lib/python3.12/site-packages/airflow/example_dags/example_params_trigger_ui.py
[2024-10-26T23:58:16.880+0000] {processor.py:914} INFO - Processing file /home/airflow/.local/lib/python3.12/site-packages/airflow/example_dags/example_params_trigger_ui.py for tasks to queue
[2024-10-26T23:58:16.883+0000] {logging_mixin.py:190} INFO - [2024-10-26T23:58:16.882+0000] {dagbag.py:588} INFO - Filling up the DagBag from /home/airflow/.local/lib/python3.12/site-packages/airflow/example_dags/example_params_trigger_ui.py
[2024-10-26T23:58:16.898+0000] {processor.py:925} INFO - DAG(s) 'example_params_trigger_ui' retrieved from /home/airflow/.local/lib/python3.12/site-packages/airflow/example_dags/example_params_trigger_ui.py
[2024-10-26T23:58:16.948+0000] {logging_mixin.py:190} INFO - [2024-10-26T23:58:16.948+0000] {dag.py:3239} INFO - Sync 1 DAGs
[2024-10-26T23:58:16.964+0000] {logging_mixin.py:190} INFO - [2024-10-26T23:58:16.964+0000] {dag.py:4180} INFO - Setting next_dagrun for example_params_trigger_ui to None, run_after=None
[2024-10-26T23:58:16.984+0000] {processor.py:208} INFO - Processing /home/airflow/.local/lib/python3.12/site-packages/airflow/example_dags/example_params_trigger_ui.py took 0.112 seconds
[2024-10-26T23:58:49.449+0000] {processor.py:186} INFO - Started process (PID=47031) to work on /home/airflow/.local/lib/python3.12/site-packages/airflow/example_dags/example_params_trigger_ui.py
[2024-10-26T23:58:49.451+0000] {processor.py:914} INFO - Processing file /home/airflow/.local/lib/python3.12/site-packages/airflow/example_dags/example_params_trigger_ui.py for tasks to queue
[2024-10-26T23:58:49.454+0000] {logging_mixin.py:190} INFO - [2024-10-26T23:58:49.453+0000] {dagbag.py:588} INFO - Filling up the DagBag from /home/airflow/.local/lib/python3.12/site-packages/airflow/example_dags/example_params_trigger_ui.py
[2024-10-26T23:58:49.466+0000] {processor.py:925} INFO - DAG(s) 'example_params_trigger_ui' retrieved from /home/airflow/.local/lib/python3.12/site-packages/airflow/example_dags/example_params_trigger_ui.py
[2024-10-26T23:58:49.508+0000] {logging_mixin.py:190} INFO - [2024-10-26T23:58:49.508+0000] {dag.py:3239} INFO - Sync 1 DAGs
[2024-10-26T23:58:49.523+0000] {logging_mixin.py:190} INFO - [2024-10-26T23:58:49.523+0000] {dag.py:4180} INFO - Setting next_dagrun for example_params_trigger_ui to None, run_after=None
[2024-10-26T23:58:49.547+0000] {processor.py:208} INFO - Processing /home/airflow/.local/lib/python3.12/site-packages/airflow/example_dags/example_params_trigger_ui.py took 0.106 seconds
[2024-10-26T23:59:22.846+0000] {processor.py:186} INFO - Started process (PID=47095) to work on /home/airflow/.local/lib/python3.12/site-packages/airflow/example_dags/example_params_trigger_ui.py
[2024-10-26T23:59:22.847+0000] {processor.py:914} INFO - Processing file /home/airflow/.local/lib/python3.12/site-packages/airflow/example_dags/example_params_trigger_ui.py for tasks to queue
[2024-10-26T23:59:22.849+0000] {logging_mixin.py:190} INFO - [2024-10-26T23:59:22.849+0000] {dagbag.py:588} INFO - Filling up the DagBag from /home/airflow/.local/lib/python3.12/site-packages/airflow/example_dags/example_params_trigger_ui.py
[2024-10-26T23:59:22.862+0000] {processor.py:925} INFO - DAG(s) 'example_params_trigger_ui' retrieved from /home/airflow/.local/lib/python3.12/site-packages/airflow/example_dags/example_params_trigger_ui.py
[2024-10-26T23:59:22.908+0000] {logging_mixin.py:190} INFO - [2024-10-26T23:59:22.908+0000] {dag.py:3239} INFO - Sync 1 DAGs
[2024-10-26T23:59:22.921+0000] {logging_mixin.py:190} INFO - [2024-10-26T23:59:22.921+0000] {dag.py:4180} INFO - Setting next_dagrun for example_params_trigger_ui to None, run_after=None
[2024-10-26T23:59:22.944+0000] {processor.py:208} INFO - Processing /home/airflow/.local/lib/python3.12/site-packages/airflow/example_dags/example_params_trigger_ui.py took 0.104 seconds
[2024-10-26T23:59:55.143+0000] {processor.py:186} INFO - Started process (PID=47159) to work on /home/airflow/.local/lib/python3.12/site-packages/airflow/example_dags/example_params_trigger_ui.py
[2024-10-26T23:59:55.144+0000] {processor.py:914} INFO - Processing file /home/airflow/.local/lib/python3.12/site-packages/airflow/example_dags/example_params_trigger_ui.py for tasks to queue
[2024-10-26T23:59:55.147+0000] {logging_mixin.py:190} INFO - [2024-10-26T23:59:55.147+0000] {dagbag.py:588} INFO - Filling up the DagBag from /home/airflow/.local/lib/python3.12/site-packages/airflow/example_dags/example_params_trigger_ui.py
[2024-10-26T23:59:55.160+0000] {processor.py:925} INFO - DAG(s) 'example_params_trigger_ui' retrieved from /home/airflow/.local/lib/python3.12/site-packages/airflow/example_dags/example_params_trigger_ui.py
[2024-10-26T23:59:55.206+0000] {logging_mixin.py:190} INFO - [2024-10-26T23:59:55.206+0000] {dag.py:3239} INFO - Sync 1 DAGs
[2024-10-26T23:59:55.222+0000] {logging_mixin.py:190} INFO - [2024-10-26T23:59:55.222+0000] {dag.py:4180} INFO - Setting next_dagrun for example_params_trigger_ui to None, run_after=None
[2024-10-26T23:59:55.248+0000] {processor.py:208} INFO - Processing /home/airflow/.local/lib/python3.12/site-packages/airflow/example_dags/example_params_trigger_ui.py took 0.110 seconds
