[2024-10-26T17:19:19.260+0000] {processor.py:186} INFO - Started process (PID=66) to work on /home/airflow/.local/lib/python3.12/site-packages/airflow/example_dags/example_sla_dag.py
[2024-10-26T17:19:19.262+0000] {processor.py:914} INFO - Processing file /home/airflow/.local/lib/python3.12/site-packages/airflow/example_dags/example_sla_dag.py for tasks to queue
[2024-10-26T17:19:19.266+0000] {logging_mixin.py:190} INFO - [2024-10-26T17:19:19.265+0000] {dagbag.py:588} INFO - Filling up the DagBag from /home/airflow/.local/lib/python3.12/site-packages/airflow/example_dags/example_sla_dag.py
[2024-10-26T17:19:19.296+0000] {processor.py:925} INFO - DAG(s) 'example_sla_dag' retrieved from /home/airflow/.local/lib/python3.12/site-packages/airflow/example_dags/example_sla_dag.py
[2024-10-26T17:19:19.358+0000] {logging_mixin.py:190} INFO - [2024-10-26T17:19:19.358+0000] {dag.py:3239} INFO - Sync 1 DAGs
[2024-10-26T17:19:19.408+0000] {logging_mixin.py:190} INFO - [2024-10-26T17:19:19.408+0000] {dag.py:4180} INFO - Setting next_dagrun for example_sla_dag to 2024-10-26 17:16:00+00:00, run_after=2024-10-26 17:18:00+00:00
[2024-10-26T17:19:19.441+0000] {processor.py:208} INFO - Processing /home/airflow/.local/lib/python3.12/site-packages/airflow/example_dags/example_sla_dag.py took 0.189 seconds
[2024-10-26T17:19:50.138+0000] {processor.py:186} INFO - Started process (PID=131) to work on /home/airflow/.local/lib/python3.12/site-packages/airflow/example_dags/example_sla_dag.py
[2024-10-26T17:19:50.139+0000] {processor.py:914} INFO - Processing file /home/airflow/.local/lib/python3.12/site-packages/airflow/example_dags/example_sla_dag.py for tasks to queue
[2024-10-26T17:19:50.141+0000] {logging_mixin.py:190} INFO - [2024-10-26T17:19:50.141+0000] {dagbag.py:588} INFO - Filling up the DagBag from /home/airflow/.local/lib/python3.12/site-packages/airflow/example_dags/example_sla_dag.py
[2024-10-26T17:19:50.161+0000] {processor.py:925} INFO - DAG(s) 'example_sla_dag' retrieved from /home/airflow/.local/lib/python3.12/site-packages/airflow/example_dags/example_sla_dag.py
[2024-10-26T17:19:50.187+0000] {logging_mixin.py:190} INFO - [2024-10-26T17:19:50.187+0000] {dag.py:3239} INFO - Sync 1 DAGs
[2024-10-26T17:19:50.219+0000] {logging_mixin.py:190} INFO - [2024-10-26T17:19:50.219+0000] {dag.py:4180} INFO - Setting next_dagrun for example_sla_dag to 2024-10-26 17:16:00+00:00, run_after=2024-10-26 17:18:00+00:00
[2024-10-26T17:19:50.244+0000] {processor.py:208} INFO - Processing /home/airflow/.local/lib/python3.12/site-packages/airflow/example_dags/example_sla_dag.py took 0.114 seconds
[2024-10-26T17:20:20.779+0000] {processor.py:186} INFO - Started process (PID=196) to work on /home/airflow/.local/lib/python3.12/site-packages/airflow/example_dags/example_sla_dag.py
[2024-10-26T17:20:20.782+0000] {processor.py:914} INFO - Processing file /home/airflow/.local/lib/python3.12/site-packages/airflow/example_dags/example_sla_dag.py for tasks to queue
[2024-10-26T17:20:20.796+0000] {logging_mixin.py:190} INFO - [2024-10-26T17:20:20.794+0000] {dagbag.py:588} INFO - Filling up the DagBag from /home/airflow/.local/lib/python3.12/site-packages/airflow/example_dags/example_sla_dag.py
[2024-10-26T17:20:20.870+0000] {processor.py:925} INFO - DAG(s) 'example_sla_dag' retrieved from /home/airflow/.local/lib/python3.12/site-packages/airflow/example_dags/example_sla_dag.py
[2024-10-26T17:20:20.982+0000] {logging_mixin.py:190} INFO - [2024-10-26T17:20:20.982+0000] {dag.py:3239} INFO - Sync 1 DAGs
[2024-10-26T17:20:21.171+0000] {logging_mixin.py:190} INFO - [2024-10-26T17:20:21.170+0000] {dag.py:4180} INFO - Setting next_dagrun for example_sla_dag to 2024-10-26 17:18:00+00:00, run_after=2024-10-26 17:20:00+00:00
[2024-10-26T17:20:21.443+0000] {processor.py:208} INFO - Processing /home/airflow/.local/lib/python3.12/site-packages/airflow/example_dags/example_sla_dag.py took 0.698 seconds
[2024-10-26T17:20:51.493+0000] {processor.py:186} INFO - Started process (PID=259) to work on /home/airflow/.local/lib/python3.12/site-packages/airflow/example_dags/example_sla_dag.py
[2024-10-26T17:20:51.494+0000] {processor.py:914} INFO - Processing file /home/airflow/.local/lib/python3.12/site-packages/airflow/example_dags/example_sla_dag.py for tasks to queue
[2024-10-26T17:20:51.496+0000] {logging_mixin.py:190} INFO - [2024-10-26T17:20:51.496+0000] {dagbag.py:588} INFO - Filling up the DagBag from /home/airflow/.local/lib/python3.12/site-packages/airflow/example_dags/example_sla_dag.py
[2024-10-26T17:20:51.504+0000] {processor.py:925} INFO - DAG(s) 'example_sla_dag' retrieved from /home/airflow/.local/lib/python3.12/site-packages/airflow/example_dags/example_sla_dag.py
[2024-10-26T17:20:51.542+0000] {logging_mixin.py:190} INFO - [2024-10-26T17:20:51.541+0000] {dag.py:3239} INFO - Sync 1 DAGs
[2024-10-26T17:20:51.589+0000] {logging_mixin.py:190} INFO - [2024-10-26T17:20:51.589+0000] {dag.py:4180} INFO - Setting next_dagrun for example_sla_dag to 2024-10-26 17:18:00+00:00, run_after=2024-10-26 17:20:00+00:00
[2024-10-26T17:20:51.622+0000] {processor.py:208} INFO - Processing /home/airflow/.local/lib/python3.12/site-packages/airflow/example_dags/example_sla_dag.py took 0.134 seconds
[2024-10-26T17:21:21.890+0000] {processor.py:186} INFO - Started process (PID=324) to work on /home/airflow/.local/lib/python3.12/site-packages/airflow/example_dags/example_sla_dag.py
[2024-10-26T17:21:21.891+0000] {processor.py:914} INFO - Processing file /home/airflow/.local/lib/python3.12/site-packages/airflow/example_dags/example_sla_dag.py for tasks to queue
[2024-10-26T17:21:21.894+0000] {logging_mixin.py:190} INFO - [2024-10-26T17:21:21.894+0000] {dagbag.py:588} INFO - Filling up the DagBag from /home/airflow/.local/lib/python3.12/site-packages/airflow/example_dags/example_sla_dag.py
[2024-10-26T17:21:21.902+0000] {processor.py:925} INFO - DAG(s) 'example_sla_dag' retrieved from /home/airflow/.local/lib/python3.12/site-packages/airflow/example_dags/example_sla_dag.py
[2024-10-26T17:21:21.924+0000] {logging_mixin.py:190} INFO - [2024-10-26T17:21:21.924+0000] {dag.py:3239} INFO - Sync 1 DAGs
[2024-10-26T17:21:21.946+0000] {logging_mixin.py:190} INFO - [2024-10-26T17:21:21.946+0000] {dag.py:4180} INFO - Setting next_dagrun for example_sla_dag to 2024-10-26 17:18:00+00:00, run_after=2024-10-26 17:20:00+00:00
[2024-10-26T17:21:21.965+0000] {processor.py:208} INFO - Processing /home/airflow/.local/lib/python3.12/site-packages/airflow/example_dags/example_sla_dag.py took 0.080 seconds
[2024-10-26T17:21:52.792+0000] {processor.py:186} INFO - Started process (PID=388) to work on /home/airflow/.local/lib/python3.12/site-packages/airflow/example_dags/example_sla_dag.py
[2024-10-26T17:21:52.793+0000] {processor.py:914} INFO - Processing file /home/airflow/.local/lib/python3.12/site-packages/airflow/example_dags/example_sla_dag.py for tasks to queue
[2024-10-26T17:21:52.795+0000] {logging_mixin.py:190} INFO - [2024-10-26T17:21:52.795+0000] {dagbag.py:588} INFO - Filling up the DagBag from /home/airflow/.local/lib/python3.12/site-packages/airflow/example_dags/example_sla_dag.py
[2024-10-26T17:21:52.804+0000] {processor.py:925} INFO - DAG(s) 'example_sla_dag' retrieved from /home/airflow/.local/lib/python3.12/site-packages/airflow/example_dags/example_sla_dag.py
[2024-10-26T17:21:52.822+0000] {logging_mixin.py:190} INFO - [2024-10-26T17:21:52.822+0000] {dag.py:3239} INFO - Sync 1 DAGs
[2024-10-26T17:21:52.847+0000] {logging_mixin.py:190} INFO - [2024-10-26T17:21:52.847+0000] {dag.py:4180} INFO - Setting next_dagrun for example_sla_dag to 2024-10-26 17:18:00+00:00, run_after=2024-10-26 17:20:00+00:00
[2024-10-26T17:21:52.871+0000] {processor.py:208} INFO - Processing /home/airflow/.local/lib/python3.12/site-packages/airflow/example_dags/example_sla_dag.py took 0.084 seconds
[2024-10-26T17:22:23.748+0000] {processor.py:186} INFO - Started process (PID=452) to work on /home/airflow/.local/lib/python3.12/site-packages/airflow/example_dags/example_sla_dag.py
[2024-10-26T17:22:23.749+0000] {processor.py:914} INFO - Processing file /home/airflow/.local/lib/python3.12/site-packages/airflow/example_dags/example_sla_dag.py for tasks to queue
[2024-10-26T17:22:23.752+0000] {logging_mixin.py:190} INFO - [2024-10-26T17:22:23.751+0000] {dagbag.py:588} INFO - Filling up the DagBag from /home/airflow/.local/lib/python3.12/site-packages/airflow/example_dags/example_sla_dag.py
[2024-10-26T17:22:23.762+0000] {processor.py:925} INFO - DAG(s) 'example_sla_dag' retrieved from /home/airflow/.local/lib/python3.12/site-packages/airflow/example_dags/example_sla_dag.py
[2024-10-26T17:22:23.781+0000] {logging_mixin.py:190} INFO - [2024-10-26T17:22:23.780+0000] {dag.py:3239} INFO - Sync 1 DAGs
[2024-10-26T17:22:23.803+0000] {logging_mixin.py:190} INFO - [2024-10-26T17:22:23.803+0000] {dag.py:4180} INFO - Setting next_dagrun for example_sla_dag to 2024-10-26 17:20:00+00:00, run_after=2024-10-26 17:22:00+00:00
[2024-10-26T17:22:23.823+0000] {processor.py:208} INFO - Processing /home/airflow/.local/lib/python3.12/site-packages/airflow/example_dags/example_sla_dag.py took 0.080 seconds
[2024-10-26T17:22:53.903+0000] {processor.py:186} INFO - Started process (PID=516) to work on /home/airflow/.local/lib/python3.12/site-packages/airflow/example_dags/example_sla_dag.py
[2024-10-26T17:22:53.904+0000] {processor.py:914} INFO - Processing file /home/airflow/.local/lib/python3.12/site-packages/airflow/example_dags/example_sla_dag.py for tasks to queue
[2024-10-26T17:22:53.907+0000] {logging_mixin.py:190} INFO - [2024-10-26T17:22:53.907+0000] {dagbag.py:588} INFO - Filling up the DagBag from /home/airflow/.local/lib/python3.12/site-packages/airflow/example_dags/example_sla_dag.py
[2024-10-26T17:22:53.918+0000] {processor.py:925} INFO - DAG(s) 'example_sla_dag' retrieved from /home/airflow/.local/lib/python3.12/site-packages/airflow/example_dags/example_sla_dag.py
[2024-10-26T17:22:53.938+0000] {logging_mixin.py:190} INFO - [2024-10-26T17:22:53.937+0000] {dag.py:3239} INFO - Sync 1 DAGs
[2024-10-26T17:22:53.960+0000] {logging_mixin.py:190} INFO - [2024-10-26T17:22:53.960+0000] {dag.py:4180} INFO - Setting next_dagrun for example_sla_dag to 2024-10-26 17:20:00+00:00, run_after=2024-10-26 17:22:00+00:00
[2024-10-26T17:22:53.978+0000] {processor.py:208} INFO - Processing /home/airflow/.local/lib/python3.12/site-packages/airflow/example_dags/example_sla_dag.py took 0.080 seconds
[2024-10-26T17:23:24.587+0000] {processor.py:186} INFO - Started process (PID=581) to work on /home/airflow/.local/lib/python3.12/site-packages/airflow/example_dags/example_sla_dag.py
[2024-10-26T17:23:24.588+0000] {processor.py:914} INFO - Processing file /home/airflow/.local/lib/python3.12/site-packages/airflow/example_dags/example_sla_dag.py for tasks to queue
[2024-10-26T17:23:24.591+0000] {logging_mixin.py:190} INFO - [2024-10-26T17:23:24.591+0000] {dagbag.py:588} INFO - Filling up the DagBag from /home/airflow/.local/lib/python3.12/site-packages/airflow/example_dags/example_sla_dag.py
[2024-10-26T17:23:24.605+0000] {processor.py:925} INFO - DAG(s) 'example_sla_dag' retrieved from /home/airflow/.local/lib/python3.12/site-packages/airflow/example_dags/example_sla_dag.py
[2024-10-26T17:23:24.626+0000] {logging_mixin.py:190} INFO - [2024-10-26T17:23:24.625+0000] {dag.py:3239} INFO - Sync 1 DAGs
[2024-10-26T17:23:24.652+0000] {logging_mixin.py:190} INFO - [2024-10-26T17:23:24.652+0000] {dag.py:4180} INFO - Setting next_dagrun for example_sla_dag to 2024-10-26 17:20:00+00:00, run_after=2024-10-26 17:22:00+00:00
[2024-10-26T17:23:24.672+0000] {processor.py:208} INFO - Processing /home/airflow/.local/lib/python3.12/site-packages/airflow/example_dags/example_sla_dag.py took 0.090 seconds
[2024-10-26T17:23:54.966+0000] {processor.py:186} INFO - Started process (PID=639) to work on /home/airflow/.local/lib/python3.12/site-packages/airflow/example_dags/example_sla_dag.py
[2024-10-26T17:23:54.967+0000] {processor.py:914} INFO - Processing file /home/airflow/.local/lib/python3.12/site-packages/airflow/example_dags/example_sla_dag.py for tasks to queue
[2024-10-26T17:23:54.970+0000] {logging_mixin.py:190} INFO - [2024-10-26T17:23:54.970+0000] {dagbag.py:588} INFO - Filling up the DagBag from /home/airflow/.local/lib/python3.12/site-packages/airflow/example_dags/example_sla_dag.py
[2024-10-26T17:23:54.981+0000] {processor.py:925} INFO - DAG(s) 'example_sla_dag' retrieved from /home/airflow/.local/lib/python3.12/site-packages/airflow/example_dags/example_sla_dag.py
[2024-10-26T17:23:55.003+0000] {logging_mixin.py:190} INFO - [2024-10-26T17:23:55.003+0000] {dag.py:3239} INFO - Sync 1 DAGs
[2024-10-26T17:23:55.029+0000] {logging_mixin.py:190} INFO - [2024-10-26T17:23:55.028+0000] {dag.py:4180} INFO - Setting next_dagrun for example_sla_dag to 2024-10-26 17:20:00+00:00, run_after=2024-10-26 17:22:00+00:00
[2024-10-26T17:23:55.055+0000] {processor.py:208} INFO - Processing /home/airflow/.local/lib/python3.12/site-packages/airflow/example_dags/example_sla_dag.py took 0.096 seconds
[2024-10-26T17:24:25.485+0000] {processor.py:186} INFO - Started process (PID=703) to work on /home/airflow/.local/lib/python3.12/site-packages/airflow/example_dags/example_sla_dag.py
[2024-10-26T17:24:25.486+0000] {processor.py:914} INFO - Processing file /home/airflow/.local/lib/python3.12/site-packages/airflow/example_dags/example_sla_dag.py for tasks to queue
[2024-10-26T17:24:25.490+0000] {logging_mixin.py:190} INFO - [2024-10-26T17:24:25.489+0000] {dagbag.py:588} INFO - Filling up the DagBag from /home/airflow/.local/lib/python3.12/site-packages/airflow/example_dags/example_sla_dag.py
[2024-10-26T17:24:25.502+0000] {processor.py:925} INFO - DAG(s) 'example_sla_dag' retrieved from /home/airflow/.local/lib/python3.12/site-packages/airflow/example_dags/example_sla_dag.py
[2024-10-26T17:24:25.526+0000] {logging_mixin.py:190} INFO - [2024-10-26T17:24:25.526+0000] {dag.py:3239} INFO - Sync 1 DAGs
[2024-10-26T17:24:25.560+0000] {logging_mixin.py:190} INFO - [2024-10-26T17:24:25.559+0000] {dag.py:4180} INFO - Setting next_dagrun for example_sla_dag to 2024-10-26 17:22:00+00:00, run_after=2024-10-26 17:24:00+00:00
[2024-10-26T17:24:25.586+0000] {processor.py:208} INFO - Processing /home/airflow/.local/lib/python3.12/site-packages/airflow/example_dags/example_sla_dag.py took 0.110 seconds
[2024-10-26T17:24:57.173+0000] {processor.py:186} INFO - Started process (PID=767) to work on /home/airflow/.local/lib/python3.12/site-packages/airflow/example_dags/example_sla_dag.py
[2024-10-26T17:24:57.174+0000] {processor.py:914} INFO - Processing file /home/airflow/.local/lib/python3.12/site-packages/airflow/example_dags/example_sla_dag.py for tasks to queue
[2024-10-26T17:24:57.178+0000] {logging_mixin.py:190} INFO - [2024-10-26T17:24:57.178+0000] {dagbag.py:588} INFO - Filling up the DagBag from /home/airflow/.local/lib/python3.12/site-packages/airflow/example_dags/example_sla_dag.py
[2024-10-26T17:24:57.190+0000] {processor.py:925} INFO - DAG(s) 'example_sla_dag' retrieved from /home/airflow/.local/lib/python3.12/site-packages/airflow/example_dags/example_sla_dag.py
[2024-10-26T17:24:57.216+0000] {logging_mixin.py:190} INFO - [2024-10-26T17:24:57.215+0000] {dag.py:3239} INFO - Sync 1 DAGs
[2024-10-26T17:24:57.246+0000] {logging_mixin.py:190} INFO - [2024-10-26T17:24:57.246+0000] {dag.py:4180} INFO - Setting next_dagrun for example_sla_dag to 2024-10-26 17:22:00+00:00, run_after=2024-10-26 17:24:00+00:00
[2024-10-26T17:24:57.275+0000] {processor.py:208} INFO - Processing /home/airflow/.local/lib/python3.12/site-packages/airflow/example_dags/example_sla_dag.py took 0.108 seconds
[2024-10-26T17:25:30.035+0000] {processor.py:186} INFO - Started process (PID=831) to work on /home/airflow/.local/lib/python3.12/site-packages/airflow/example_dags/example_sla_dag.py
[2024-10-26T17:25:30.037+0000] {processor.py:914} INFO - Processing file /home/airflow/.local/lib/python3.12/site-packages/airflow/example_dags/example_sla_dag.py for tasks to queue
[2024-10-26T17:25:30.040+0000] {logging_mixin.py:190} INFO - [2024-10-26T17:25:30.040+0000] {dagbag.py:588} INFO - Filling up the DagBag from /home/airflow/.local/lib/python3.12/site-packages/airflow/example_dags/example_sla_dag.py
[2024-10-26T17:25:30.053+0000] {processor.py:925} INFO - DAG(s) 'example_sla_dag' retrieved from /home/airflow/.local/lib/python3.12/site-packages/airflow/example_dags/example_sla_dag.py
[2024-10-26T17:25:30.078+0000] {logging_mixin.py:190} INFO - [2024-10-26T17:25:30.078+0000] {dag.py:3239} INFO - Sync 1 DAGs
[2024-10-26T17:25:30.121+0000] {logging_mixin.py:190} INFO - [2024-10-26T17:25:30.121+0000] {dag.py:4180} INFO - Setting next_dagrun for example_sla_dag to 2024-10-26 17:22:00+00:00, run_after=2024-10-26 17:24:00+00:00
[2024-10-26T17:25:30.146+0000] {processor.py:208} INFO - Processing /home/airflow/.local/lib/python3.12/site-packages/airflow/example_dags/example_sla_dag.py took 0.117 seconds
[2024-10-26T17:26:02.716+0000] {processor.py:186} INFO - Started process (PID=895) to work on /home/airflow/.local/lib/python3.12/site-packages/airflow/example_dags/example_sla_dag.py
[2024-10-26T17:26:02.717+0000] {processor.py:914} INFO - Processing file /home/airflow/.local/lib/python3.12/site-packages/airflow/example_dags/example_sla_dag.py for tasks to queue
[2024-10-26T17:26:02.721+0000] {logging_mixin.py:190} INFO - [2024-10-26T17:26:02.720+0000] {dagbag.py:588} INFO - Filling up the DagBag from /home/airflow/.local/lib/python3.12/site-packages/airflow/example_dags/example_sla_dag.py
[2024-10-26T17:26:02.732+0000] {processor.py:925} INFO - DAG(s) 'example_sla_dag' retrieved from /home/airflow/.local/lib/python3.12/site-packages/airflow/example_dags/example_sla_dag.py
[2024-10-26T17:26:02.752+0000] {logging_mixin.py:190} INFO - [2024-10-26T17:26:02.751+0000] {dag.py:3239} INFO - Sync 1 DAGs
[2024-10-26T17:26:02.780+0000] {logging_mixin.py:190} INFO - [2024-10-26T17:26:02.779+0000] {dag.py:4180} INFO - Setting next_dagrun for example_sla_dag to 2024-10-26 17:24:00+00:00, run_after=2024-10-26 17:26:00+00:00
[2024-10-26T17:26:02.805+0000] {processor.py:208} INFO - Processing /home/airflow/.local/lib/python3.12/site-packages/airflow/example_dags/example_sla_dag.py took 0.096 seconds
[2024-10-26T17:26:34.851+0000] {processor.py:186} INFO - Started process (PID=960) to work on /home/airflow/.local/lib/python3.12/site-packages/airflow/example_dags/example_sla_dag.py
[2024-10-26T17:26:34.853+0000] {processor.py:914} INFO - Processing file /home/airflow/.local/lib/python3.12/site-packages/airflow/example_dags/example_sla_dag.py for tasks to queue
[2024-10-26T17:26:34.858+0000] {logging_mixin.py:190} INFO - [2024-10-26T17:26:34.857+0000] {dagbag.py:588} INFO - Filling up the DagBag from /home/airflow/.local/lib/python3.12/site-packages/airflow/example_dags/example_sla_dag.py
[2024-10-26T17:26:34.870+0000] {processor.py:925} INFO - DAG(s) 'example_sla_dag' retrieved from /home/airflow/.local/lib/python3.12/site-packages/airflow/example_dags/example_sla_dag.py
[2024-10-26T17:26:34.895+0000] {logging_mixin.py:190} INFO - [2024-10-26T17:26:34.895+0000] {dag.py:3239} INFO - Sync 1 DAGs
[2024-10-26T17:26:34.925+0000] {logging_mixin.py:190} INFO - [2024-10-26T17:26:34.925+0000] {dag.py:4180} INFO - Setting next_dagrun for example_sla_dag to 2024-10-26 17:24:00+00:00, run_after=2024-10-26 17:26:00+00:00
[2024-10-26T17:26:34.955+0000] {processor.py:208} INFO - Processing /home/airflow/.local/lib/python3.12/site-packages/airflow/example_dags/example_sla_dag.py took 0.111 seconds
[2024-10-26T17:27:07.797+0000] {processor.py:186} INFO - Started process (PID=1024) to work on /home/airflow/.local/lib/python3.12/site-packages/airflow/example_dags/example_sla_dag.py
[2024-10-26T17:27:07.798+0000] {processor.py:914} INFO - Processing file /home/airflow/.local/lib/python3.12/site-packages/airflow/example_dags/example_sla_dag.py for tasks to queue
[2024-10-26T17:27:07.802+0000] {logging_mixin.py:190} INFO - [2024-10-26T17:27:07.801+0000] {dagbag.py:588} INFO - Filling up the DagBag from /home/airflow/.local/lib/python3.12/site-packages/airflow/example_dags/example_sla_dag.py
[2024-10-26T17:27:07.823+0000] {processor.py:925} INFO - DAG(s) 'example_sla_dag' retrieved from /home/airflow/.local/lib/python3.12/site-packages/airflow/example_dags/example_sla_dag.py
[2024-10-26T17:27:07.849+0000] {logging_mixin.py:190} INFO - [2024-10-26T17:27:07.848+0000] {dag.py:3239} INFO - Sync 1 DAGs
[2024-10-26T17:27:07.887+0000] {logging_mixin.py:190} INFO - [2024-10-26T17:27:07.886+0000] {dag.py:4180} INFO - Setting next_dagrun for example_sla_dag to 2024-10-26 17:24:00+00:00, run_after=2024-10-26 17:26:00+00:00
[2024-10-26T17:27:07.919+0000] {processor.py:208} INFO - Processing /home/airflow/.local/lib/python3.12/site-packages/airflow/example_dags/example_sla_dag.py took 0.132 seconds
[2024-10-26T17:27:40.263+0000] {processor.py:186} INFO - Started process (PID=1088) to work on /home/airflow/.local/lib/python3.12/site-packages/airflow/example_dags/example_sla_dag.py
[2024-10-26T17:27:40.264+0000] {processor.py:914} INFO - Processing file /home/airflow/.local/lib/python3.12/site-packages/airflow/example_dags/example_sla_dag.py for tasks to queue
[2024-10-26T17:27:40.267+0000] {logging_mixin.py:190} INFO - [2024-10-26T17:27:40.267+0000] {dagbag.py:588} INFO - Filling up the DagBag from /home/airflow/.local/lib/python3.12/site-packages/airflow/example_dags/example_sla_dag.py
[2024-10-26T17:27:40.300+0000] {processor.py:925} INFO - DAG(s) 'example_sla_dag' retrieved from /home/airflow/.local/lib/python3.12/site-packages/airflow/example_dags/example_sla_dag.py
[2024-10-26T17:27:40.364+0000] {logging_mixin.py:190} INFO - [2024-10-26T17:27:40.363+0000] {dag.py:3239} INFO - Sync 1 DAGs
[2024-10-26T17:27:40.419+0000] {logging_mixin.py:190} INFO - [2024-10-26T17:27:40.419+0000] {dag.py:4180} INFO - Setting next_dagrun for example_sla_dag to 2024-10-26 17:24:00+00:00, run_after=2024-10-26 17:26:00+00:00
[2024-10-26T17:27:40.459+0000] {processor.py:208} INFO - Processing /home/airflow/.local/lib/python3.12/site-packages/airflow/example_dags/example_sla_dag.py took 0.206 seconds
[2024-10-26T17:28:12.885+0000] {processor.py:186} INFO - Started process (PID=1152) to work on /home/airflow/.local/lib/python3.12/site-packages/airflow/example_dags/example_sla_dag.py
[2024-10-26T17:28:12.887+0000] {processor.py:914} INFO - Processing file /home/airflow/.local/lib/python3.12/site-packages/airflow/example_dags/example_sla_dag.py for tasks to queue
[2024-10-26T17:28:12.891+0000] {logging_mixin.py:190} INFO - [2024-10-26T17:28:12.890+0000] {dagbag.py:588} INFO - Filling up the DagBag from /home/airflow/.local/lib/python3.12/site-packages/airflow/example_dags/example_sla_dag.py
[2024-10-26T17:28:12.908+0000] {processor.py:925} INFO - DAG(s) 'example_sla_dag' retrieved from /home/airflow/.local/lib/python3.12/site-packages/airflow/example_dags/example_sla_dag.py
[2024-10-26T17:28:12.936+0000] {logging_mixin.py:190} INFO - [2024-10-26T17:28:12.935+0000] {dag.py:3239} INFO - Sync 1 DAGs
[2024-10-26T17:28:12.974+0000] {logging_mixin.py:190} INFO - [2024-10-26T17:28:12.974+0000] {dag.py:4180} INFO - Setting next_dagrun for example_sla_dag to 2024-10-26 17:26:00+00:00, run_after=2024-10-26 17:28:00+00:00
[2024-10-26T17:28:13.000+0000] {processor.py:208} INFO - Processing /home/airflow/.local/lib/python3.12/site-packages/airflow/example_dags/example_sla_dag.py took 0.121 seconds
[2024-10-26T17:28:45.400+0000] {processor.py:186} INFO - Started process (PID=1217) to work on /home/airflow/.local/lib/python3.12/site-packages/airflow/example_dags/example_sla_dag.py
[2024-10-26T17:28:45.401+0000] {processor.py:914} INFO - Processing file /home/airflow/.local/lib/python3.12/site-packages/airflow/example_dags/example_sla_dag.py for tasks to queue
[2024-10-26T17:28:45.404+0000] {logging_mixin.py:190} INFO - [2024-10-26T17:28:45.404+0000] {dagbag.py:588} INFO - Filling up the DagBag from /home/airflow/.local/lib/python3.12/site-packages/airflow/example_dags/example_sla_dag.py
[2024-10-26T17:28:45.422+0000] {processor.py:925} INFO - DAG(s) 'example_sla_dag' retrieved from /home/airflow/.local/lib/python3.12/site-packages/airflow/example_dags/example_sla_dag.py
[2024-10-26T17:28:45.446+0000] {logging_mixin.py:190} INFO - [2024-10-26T17:28:45.445+0000] {dag.py:3239} INFO - Sync 1 DAGs
[2024-10-26T17:28:45.477+0000] {logging_mixin.py:190} INFO - [2024-10-26T17:28:45.476+0000] {dag.py:4180} INFO - Setting next_dagrun for example_sla_dag to 2024-10-26 17:26:00+00:00, run_after=2024-10-26 17:28:00+00:00
[2024-10-26T17:28:45.502+0000] {processor.py:208} INFO - Processing /home/airflow/.local/lib/python3.12/site-packages/airflow/example_dags/example_sla_dag.py took 0.109 seconds
[2024-10-26T17:29:18.475+0000] {processor.py:186} INFO - Started process (PID=1281) to work on /home/airflow/.local/lib/python3.12/site-packages/airflow/example_dags/example_sla_dag.py
[2024-10-26T17:29:18.476+0000] {processor.py:914} INFO - Processing file /home/airflow/.local/lib/python3.12/site-packages/airflow/example_dags/example_sla_dag.py for tasks to queue
[2024-10-26T17:29:18.481+0000] {logging_mixin.py:190} INFO - [2024-10-26T17:29:18.480+0000] {dagbag.py:588} INFO - Filling up the DagBag from /home/airflow/.local/lib/python3.12/site-packages/airflow/example_dags/example_sla_dag.py
[2024-10-26T17:29:18.493+0000] {processor.py:925} INFO - DAG(s) 'example_sla_dag' retrieved from /home/airflow/.local/lib/python3.12/site-packages/airflow/example_dags/example_sla_dag.py
[2024-10-26T17:29:18.513+0000] {logging_mixin.py:190} INFO - [2024-10-26T17:29:18.513+0000] {dag.py:3239} INFO - Sync 1 DAGs
[2024-10-26T17:29:18.546+0000] {logging_mixin.py:190} INFO - [2024-10-26T17:29:18.546+0000] {dag.py:4180} INFO - Setting next_dagrun for example_sla_dag to 2024-10-26 17:26:00+00:00, run_after=2024-10-26 17:28:00+00:00
[2024-10-26T17:29:18.569+0000] {processor.py:208} INFO - Processing /home/airflow/.local/lib/python3.12/site-packages/airflow/example_dags/example_sla_dag.py took 0.103 seconds
[2024-10-26T17:29:51.335+0000] {processor.py:186} INFO - Started process (PID=1345) to work on /home/airflow/.local/lib/python3.12/site-packages/airflow/example_dags/example_sla_dag.py
[2024-10-26T17:29:51.337+0000] {processor.py:914} INFO - Processing file /home/airflow/.local/lib/python3.12/site-packages/airflow/example_dags/example_sla_dag.py for tasks to queue
[2024-10-26T17:29:51.340+0000] {logging_mixin.py:190} INFO - [2024-10-26T17:29:51.339+0000] {dagbag.py:588} INFO - Filling up the DagBag from /home/airflow/.local/lib/python3.12/site-packages/airflow/example_dags/example_sla_dag.py
[2024-10-26T17:29:51.350+0000] {processor.py:925} INFO - DAG(s) 'example_sla_dag' retrieved from /home/airflow/.local/lib/python3.12/site-packages/airflow/example_dags/example_sla_dag.py
[2024-10-26T17:29:51.371+0000] {logging_mixin.py:190} INFO - [2024-10-26T17:29:51.371+0000] {dag.py:3239} INFO - Sync 1 DAGs
[2024-10-26T17:29:51.399+0000] {logging_mixin.py:190} INFO - [2024-10-26T17:29:51.398+0000] {dag.py:4180} INFO - Setting next_dagrun for example_sla_dag to 2024-10-26 17:26:00+00:00, run_after=2024-10-26 17:28:00+00:00
[2024-10-26T17:29:51.421+0000] {processor.py:208} INFO - Processing /home/airflow/.local/lib/python3.12/site-packages/airflow/example_dags/example_sla_dag.py took 0.092 seconds
[2024-10-26T17:30:24.220+0000] {processor.py:186} INFO - Started process (PID=1409) to work on /home/airflow/.local/lib/python3.12/site-packages/airflow/example_dags/example_sla_dag.py
[2024-10-26T17:30:24.221+0000] {processor.py:914} INFO - Processing file /home/airflow/.local/lib/python3.12/site-packages/airflow/example_dags/example_sla_dag.py for tasks to queue
[2024-10-26T17:30:24.224+0000] {logging_mixin.py:190} INFO - [2024-10-26T17:30:24.224+0000] {dagbag.py:588} INFO - Filling up the DagBag from /home/airflow/.local/lib/python3.12/site-packages/airflow/example_dags/example_sla_dag.py
[2024-10-26T17:30:24.236+0000] {processor.py:925} INFO - DAG(s) 'example_sla_dag' retrieved from /home/airflow/.local/lib/python3.12/site-packages/airflow/example_dags/example_sla_dag.py
[2024-10-26T17:30:24.258+0000] {logging_mixin.py:190} INFO - [2024-10-26T17:30:24.258+0000] {dag.py:3239} INFO - Sync 1 DAGs
[2024-10-26T17:30:24.284+0000] {logging_mixin.py:190} INFO - [2024-10-26T17:30:24.284+0000] {dag.py:4180} INFO - Setting next_dagrun for example_sla_dag to 2024-10-26 17:28:00+00:00, run_after=2024-10-26 17:30:00+00:00
[2024-10-26T17:30:24.323+0000] {processor.py:208} INFO - Processing /home/airflow/.local/lib/python3.12/site-packages/airflow/example_dags/example_sla_dag.py took 0.109 seconds
[2024-10-26T17:30:56.807+0000] {processor.py:186} INFO - Started process (PID=1473) to work on /home/airflow/.local/lib/python3.12/site-packages/airflow/example_dags/example_sla_dag.py
[2024-10-26T17:30:56.808+0000] {processor.py:914} INFO - Processing file /home/airflow/.local/lib/python3.12/site-packages/airflow/example_dags/example_sla_dag.py for tasks to queue
[2024-10-26T17:30:56.811+0000] {logging_mixin.py:190} INFO - [2024-10-26T17:30:56.810+0000] {dagbag.py:588} INFO - Filling up the DagBag from /home/airflow/.local/lib/python3.12/site-packages/airflow/example_dags/example_sla_dag.py
[2024-10-26T17:30:56.823+0000] {processor.py:925} INFO - DAG(s) 'example_sla_dag' retrieved from /home/airflow/.local/lib/python3.12/site-packages/airflow/example_dags/example_sla_dag.py
[2024-10-26T17:30:56.847+0000] {logging_mixin.py:190} INFO - [2024-10-26T17:30:56.845+0000] {dag.py:3239} INFO - Sync 1 DAGs
[2024-10-26T17:30:56.883+0000] {logging_mixin.py:190} INFO - [2024-10-26T17:30:56.882+0000] {dag.py:4180} INFO - Setting next_dagrun for example_sla_dag to 2024-10-26 17:28:00+00:00, run_after=2024-10-26 17:30:00+00:00
[2024-10-26T17:30:56.904+0000] {processor.py:208} INFO - Processing /home/airflow/.local/lib/python3.12/site-packages/airflow/example_dags/example_sla_dag.py took 0.108 seconds
[2024-10-26T17:31:29.527+0000] {processor.py:186} INFO - Started process (PID=1537) to work on /home/airflow/.local/lib/python3.12/site-packages/airflow/example_dags/example_sla_dag.py
[2024-10-26T17:31:29.528+0000] {processor.py:914} INFO - Processing file /home/airflow/.local/lib/python3.12/site-packages/airflow/example_dags/example_sla_dag.py for tasks to queue
[2024-10-26T17:31:29.531+0000] {logging_mixin.py:190} INFO - [2024-10-26T17:31:29.531+0000] {dagbag.py:588} INFO - Filling up the DagBag from /home/airflow/.local/lib/python3.12/site-packages/airflow/example_dags/example_sla_dag.py
[2024-10-26T17:31:29.544+0000] {processor.py:925} INFO - DAG(s) 'example_sla_dag' retrieved from /home/airflow/.local/lib/python3.12/site-packages/airflow/example_dags/example_sla_dag.py
[2024-10-26T17:31:29.569+0000] {logging_mixin.py:190} INFO - [2024-10-26T17:31:29.568+0000] {dag.py:3239} INFO - Sync 1 DAGs
[2024-10-26T17:31:29.610+0000] {logging_mixin.py:190} INFO - [2024-10-26T17:31:29.609+0000] {dag.py:4180} INFO - Setting next_dagrun for example_sla_dag to 2024-10-26 17:28:00+00:00, run_after=2024-10-26 17:30:00+00:00
[2024-10-26T17:31:29.647+0000] {processor.py:208} INFO - Processing /home/airflow/.local/lib/python3.12/site-packages/airflow/example_dags/example_sla_dag.py took 0.127 seconds
[2024-10-26T17:32:01.462+0000] {processor.py:186} INFO - Started process (PID=1601) to work on /home/airflow/.local/lib/python3.12/site-packages/airflow/example_dags/example_sla_dag.py
[2024-10-26T17:32:01.464+0000] {processor.py:914} INFO - Processing file /home/airflow/.local/lib/python3.12/site-packages/airflow/example_dags/example_sla_dag.py for tasks to queue
[2024-10-26T17:32:01.469+0000] {logging_mixin.py:190} INFO - [2024-10-26T17:32:01.468+0000] {dagbag.py:588} INFO - Filling up the DagBag from /home/airflow/.local/lib/python3.12/site-packages/airflow/example_dags/example_sla_dag.py
[2024-10-26T17:32:01.485+0000] {processor.py:925} INFO - DAG(s) 'example_sla_dag' retrieved from /home/airflow/.local/lib/python3.12/site-packages/airflow/example_dags/example_sla_dag.py
[2024-10-26T17:32:01.505+0000] {logging_mixin.py:190} INFO - [2024-10-26T17:32:01.505+0000] {dag.py:3239} INFO - Sync 1 DAGs
[2024-10-26T17:32:01.540+0000] {logging_mixin.py:190} INFO - [2024-10-26T17:32:01.539+0000] {dag.py:4180} INFO - Setting next_dagrun for example_sla_dag to 2024-10-26 17:30:00+00:00, run_after=2024-10-26 17:32:00+00:00
[2024-10-26T17:32:01.568+0000] {processor.py:208} INFO - Processing /home/airflow/.local/lib/python3.12/site-packages/airflow/example_dags/example_sla_dag.py took 0.112 seconds
[2024-10-26T17:32:34.257+0000] {processor.py:186} INFO - Started process (PID=1665) to work on /home/airflow/.local/lib/python3.12/site-packages/airflow/example_dags/example_sla_dag.py
[2024-10-26T17:32:34.259+0000] {processor.py:914} INFO - Processing file /home/airflow/.local/lib/python3.12/site-packages/airflow/example_dags/example_sla_dag.py for tasks to queue
[2024-10-26T17:32:34.262+0000] {logging_mixin.py:190} INFO - [2024-10-26T17:32:34.262+0000] {dagbag.py:588} INFO - Filling up the DagBag from /home/airflow/.local/lib/python3.12/site-packages/airflow/example_dags/example_sla_dag.py
[2024-10-26T17:32:34.274+0000] {processor.py:925} INFO - DAG(s) 'example_sla_dag' retrieved from /home/airflow/.local/lib/python3.12/site-packages/airflow/example_dags/example_sla_dag.py
[2024-10-26T17:32:34.299+0000] {logging_mixin.py:190} INFO - [2024-10-26T17:32:34.298+0000] {dag.py:3239} INFO - Sync 1 DAGs
[2024-10-26T17:32:34.332+0000] {logging_mixin.py:190} INFO - [2024-10-26T17:32:34.331+0000] {dag.py:4180} INFO - Setting next_dagrun for example_sla_dag to 2024-10-26 17:30:00+00:00, run_after=2024-10-26 17:32:00+00:00
[2024-10-26T17:32:34.358+0000] {processor.py:208} INFO - Processing /home/airflow/.local/lib/python3.12/site-packages/airflow/example_dags/example_sla_dag.py took 0.107 seconds
[2024-10-26T17:33:07.514+0000] {processor.py:186} INFO - Started process (PID=1729) to work on /home/airflow/.local/lib/python3.12/site-packages/airflow/example_dags/example_sla_dag.py
[2024-10-26T17:33:07.516+0000] {processor.py:914} INFO - Processing file /home/airflow/.local/lib/python3.12/site-packages/airflow/example_dags/example_sla_dag.py for tasks to queue
[2024-10-26T17:33:07.519+0000] {logging_mixin.py:190} INFO - [2024-10-26T17:33:07.519+0000] {dagbag.py:588} INFO - Filling up the DagBag from /home/airflow/.local/lib/python3.12/site-packages/airflow/example_dags/example_sla_dag.py
[2024-10-26T17:33:07.533+0000] {processor.py:925} INFO - DAG(s) 'example_sla_dag' retrieved from /home/airflow/.local/lib/python3.12/site-packages/airflow/example_dags/example_sla_dag.py
[2024-10-26T17:33:07.560+0000] {logging_mixin.py:190} INFO - [2024-10-26T17:33:07.559+0000] {dag.py:3239} INFO - Sync 1 DAGs
[2024-10-26T17:33:07.598+0000] {logging_mixin.py:190} INFO - [2024-10-26T17:33:07.597+0000] {dag.py:4180} INFO - Setting next_dagrun for example_sla_dag to 2024-10-26 17:30:00+00:00, run_after=2024-10-26 17:32:00+00:00
[2024-10-26T17:33:07.633+0000] {processor.py:208} INFO - Processing /home/airflow/.local/lib/python3.12/site-packages/airflow/example_dags/example_sla_dag.py took 0.125 seconds
[2024-10-26T17:33:39.756+0000] {processor.py:186} INFO - Started process (PID=1793) to work on /home/airflow/.local/lib/python3.12/site-packages/airflow/example_dags/example_sla_dag.py
[2024-10-26T17:33:39.757+0000] {processor.py:914} INFO - Processing file /home/airflow/.local/lib/python3.12/site-packages/airflow/example_dags/example_sla_dag.py for tasks to queue
[2024-10-26T17:33:39.760+0000] {logging_mixin.py:190} INFO - [2024-10-26T17:33:39.759+0000] {dagbag.py:588} INFO - Filling up the DagBag from /home/airflow/.local/lib/python3.12/site-packages/airflow/example_dags/example_sla_dag.py
[2024-10-26T17:33:39.775+0000] {processor.py:925} INFO - DAG(s) 'example_sla_dag' retrieved from /home/airflow/.local/lib/python3.12/site-packages/airflow/example_dags/example_sla_dag.py
[2024-10-26T17:33:39.799+0000] {logging_mixin.py:190} INFO - [2024-10-26T17:33:39.799+0000] {dag.py:3239} INFO - Sync 1 DAGs
[2024-10-26T17:33:39.836+0000] {logging_mixin.py:190} INFO - [2024-10-26T17:33:39.835+0000] {dag.py:4180} INFO - Setting next_dagrun for example_sla_dag to 2024-10-26 17:30:00+00:00, run_after=2024-10-26 17:32:00+00:00
[2024-10-26T17:33:39.898+0000] {processor.py:208} INFO - Processing /home/airflow/.local/lib/python3.12/site-packages/airflow/example_dags/example_sla_dag.py took 0.150 seconds
[2024-10-26T17:34:12.539+0000] {processor.py:186} INFO - Started process (PID=1857) to work on /home/airflow/.local/lib/python3.12/site-packages/airflow/example_dags/example_sla_dag.py
[2024-10-26T17:34:12.541+0000] {processor.py:914} INFO - Processing file /home/airflow/.local/lib/python3.12/site-packages/airflow/example_dags/example_sla_dag.py for tasks to queue
[2024-10-26T17:34:12.544+0000] {logging_mixin.py:190} INFO - [2024-10-26T17:34:12.543+0000] {dagbag.py:588} INFO - Filling up the DagBag from /home/airflow/.local/lib/python3.12/site-packages/airflow/example_dags/example_sla_dag.py
[2024-10-26T17:34:12.563+0000] {processor.py:925} INFO - DAG(s) 'example_sla_dag' retrieved from /home/airflow/.local/lib/python3.12/site-packages/airflow/example_dags/example_sla_dag.py
[2024-10-26T17:34:12.585+0000] {logging_mixin.py:190} INFO - [2024-10-26T17:34:12.585+0000] {dag.py:3239} INFO - Sync 1 DAGs
[2024-10-26T17:34:12.617+0000] {logging_mixin.py:190} INFO - [2024-10-26T17:34:12.617+0000] {dag.py:4180} INFO - Setting next_dagrun for example_sla_dag to 2024-10-26 17:32:00+00:00, run_after=2024-10-26 17:34:00+00:00
[2024-10-26T17:34:12.645+0000] {processor.py:208} INFO - Processing /home/airflow/.local/lib/python3.12/site-packages/airflow/example_dags/example_sla_dag.py took 0.116 seconds
[2024-10-26T17:34:45.033+0000] {processor.py:186} INFO - Started process (PID=1921) to work on /home/airflow/.local/lib/python3.12/site-packages/airflow/example_dags/example_sla_dag.py
[2024-10-26T17:34:45.035+0000] {processor.py:914} INFO - Processing file /home/airflow/.local/lib/python3.12/site-packages/airflow/example_dags/example_sla_dag.py for tasks to queue
[2024-10-26T17:34:45.038+0000] {logging_mixin.py:190} INFO - [2024-10-26T17:34:45.038+0000] {dagbag.py:588} INFO - Filling up the DagBag from /home/airflow/.local/lib/python3.12/site-packages/airflow/example_dags/example_sla_dag.py
[2024-10-26T17:34:45.051+0000] {processor.py:925} INFO - DAG(s) 'example_sla_dag' retrieved from /home/airflow/.local/lib/python3.12/site-packages/airflow/example_dags/example_sla_dag.py
[2024-10-26T17:34:45.072+0000] {logging_mixin.py:190} INFO - [2024-10-26T17:34:45.072+0000] {dag.py:3239} INFO - Sync 1 DAGs
[2024-10-26T17:34:45.100+0000] {logging_mixin.py:190} INFO - [2024-10-26T17:34:45.100+0000] {dag.py:4180} INFO - Setting next_dagrun for example_sla_dag to 2024-10-26 17:32:00+00:00, run_after=2024-10-26 17:34:00+00:00
[2024-10-26T17:34:45.127+0000] {processor.py:208} INFO - Processing /home/airflow/.local/lib/python3.12/site-packages/airflow/example_dags/example_sla_dag.py took 0.101 seconds
[2024-10-26T17:35:18.204+0000] {processor.py:186} INFO - Started process (PID=1985) to work on /home/airflow/.local/lib/python3.12/site-packages/airflow/example_dags/example_sla_dag.py
[2024-10-26T17:35:18.205+0000] {processor.py:914} INFO - Processing file /home/airflow/.local/lib/python3.12/site-packages/airflow/example_dags/example_sla_dag.py for tasks to queue
[2024-10-26T17:35:18.208+0000] {logging_mixin.py:190} INFO - [2024-10-26T17:35:18.207+0000] {dagbag.py:588} INFO - Filling up the DagBag from /home/airflow/.local/lib/python3.12/site-packages/airflow/example_dags/example_sla_dag.py
[2024-10-26T17:35:18.223+0000] {processor.py:925} INFO - DAG(s) 'example_sla_dag' retrieved from /home/airflow/.local/lib/python3.12/site-packages/airflow/example_dags/example_sla_dag.py
[2024-10-26T17:35:18.254+0000] {logging_mixin.py:190} INFO - [2024-10-26T17:35:18.254+0000] {dag.py:3239} INFO - Sync 1 DAGs
[2024-10-26T17:35:18.298+0000] {logging_mixin.py:190} INFO - [2024-10-26T17:35:18.297+0000] {dag.py:4180} INFO - Setting next_dagrun for example_sla_dag to 2024-10-26 17:32:00+00:00, run_after=2024-10-26 17:34:00+00:00
[2024-10-26T17:35:18.341+0000] {processor.py:208} INFO - Processing /home/airflow/.local/lib/python3.12/site-packages/airflow/example_dags/example_sla_dag.py took 0.144 seconds
[2024-10-26T17:35:51.190+0000] {processor.py:186} INFO - Started process (PID=2050) to work on /home/airflow/.local/lib/python3.12/site-packages/airflow/example_dags/example_sla_dag.py
[2024-10-26T17:35:51.192+0000] {processor.py:914} INFO - Processing file /home/airflow/.local/lib/python3.12/site-packages/airflow/example_dags/example_sla_dag.py for tasks to queue
[2024-10-26T17:35:51.195+0000] {logging_mixin.py:190} INFO - [2024-10-26T17:35:51.195+0000] {dagbag.py:588} INFO - Filling up the DagBag from /home/airflow/.local/lib/python3.12/site-packages/airflow/example_dags/example_sla_dag.py
[2024-10-26T17:35:51.208+0000] {processor.py:925} INFO - DAG(s) 'example_sla_dag' retrieved from /home/airflow/.local/lib/python3.12/site-packages/airflow/example_dags/example_sla_dag.py
[2024-10-26T17:35:51.233+0000] {logging_mixin.py:190} INFO - [2024-10-26T17:35:51.233+0000] {dag.py:3239} INFO - Sync 1 DAGs
[2024-10-26T17:35:51.267+0000] {logging_mixin.py:190} INFO - [2024-10-26T17:35:51.267+0000] {dag.py:4180} INFO - Setting next_dagrun for example_sla_dag to 2024-10-26 17:32:00+00:00, run_after=2024-10-26 17:34:00+00:00
[2024-10-26T17:35:51.292+0000] {processor.py:208} INFO - Processing /home/airflow/.local/lib/python3.12/site-packages/airflow/example_dags/example_sla_dag.py took 0.107 seconds
[2024-10-26T17:36:23.894+0000] {processor.py:186} INFO - Started process (PID=2114) to work on /home/airflow/.local/lib/python3.12/site-packages/airflow/example_dags/example_sla_dag.py
[2024-10-26T17:36:23.896+0000] {processor.py:914} INFO - Processing file /home/airflow/.local/lib/python3.12/site-packages/airflow/example_dags/example_sla_dag.py for tasks to queue
[2024-10-26T17:36:23.899+0000] {logging_mixin.py:190} INFO - [2024-10-26T17:36:23.898+0000] {dagbag.py:588} INFO - Filling up the DagBag from /home/airflow/.local/lib/python3.12/site-packages/airflow/example_dags/example_sla_dag.py
[2024-10-26T17:36:23.915+0000] {processor.py:925} INFO - DAG(s) 'example_sla_dag' retrieved from /home/airflow/.local/lib/python3.12/site-packages/airflow/example_dags/example_sla_dag.py
[2024-10-26T17:36:23.938+0000] {logging_mixin.py:190} INFO - [2024-10-26T17:36:23.937+0000] {dag.py:3239} INFO - Sync 1 DAGs
[2024-10-26T17:36:23.966+0000] {logging_mixin.py:190} INFO - [2024-10-26T17:36:23.966+0000] {dag.py:4180} INFO - Setting next_dagrun for example_sla_dag to 2024-10-26 17:34:00+00:00, run_after=2024-10-26 17:36:00+00:00
[2024-10-26T17:36:23.993+0000] {processor.py:208} INFO - Processing /home/airflow/.local/lib/python3.12/site-packages/airflow/example_dags/example_sla_dag.py took 0.108 seconds
[2024-10-26T17:36:56.125+0000] {processor.py:186} INFO - Started process (PID=2178) to work on /home/airflow/.local/lib/python3.12/site-packages/airflow/example_dags/example_sla_dag.py
[2024-10-26T17:36:56.126+0000] {processor.py:914} INFO - Processing file /home/airflow/.local/lib/python3.12/site-packages/airflow/example_dags/example_sla_dag.py for tasks to queue
[2024-10-26T17:36:56.130+0000] {logging_mixin.py:190} INFO - [2024-10-26T17:36:56.129+0000] {dagbag.py:588} INFO - Filling up the DagBag from /home/airflow/.local/lib/python3.12/site-packages/airflow/example_dags/example_sla_dag.py
[2024-10-26T17:36:56.142+0000] {processor.py:925} INFO - DAG(s) 'example_sla_dag' retrieved from /home/airflow/.local/lib/python3.12/site-packages/airflow/example_dags/example_sla_dag.py
[2024-10-26T17:36:56.165+0000] {logging_mixin.py:190} INFO - [2024-10-26T17:36:56.164+0000] {dag.py:3239} INFO - Sync 1 DAGs
[2024-10-26T17:36:56.202+0000] {logging_mixin.py:190} INFO - [2024-10-26T17:36:56.201+0000] {dag.py:4180} INFO - Setting next_dagrun for example_sla_dag to 2024-10-26 17:34:00+00:00, run_after=2024-10-26 17:36:00+00:00
[2024-10-26T17:36:56.225+0000] {processor.py:208} INFO - Processing /home/airflow/.local/lib/python3.12/site-packages/airflow/example_dags/example_sla_dag.py took 0.106 seconds
[2024-10-26T17:37:28.777+0000] {processor.py:186} INFO - Started process (PID=2242) to work on /home/airflow/.local/lib/python3.12/site-packages/airflow/example_dags/example_sla_dag.py
[2024-10-26T17:37:28.778+0000] {processor.py:914} INFO - Processing file /home/airflow/.local/lib/python3.12/site-packages/airflow/example_dags/example_sla_dag.py for tasks to queue
[2024-10-26T17:37:28.780+0000] {logging_mixin.py:190} INFO - [2024-10-26T17:37:28.780+0000] {dagbag.py:588} INFO - Filling up the DagBag from /home/airflow/.local/lib/python3.12/site-packages/airflow/example_dags/example_sla_dag.py
[2024-10-26T17:37:28.792+0000] {processor.py:925} INFO - DAG(s) 'example_sla_dag' retrieved from /home/airflow/.local/lib/python3.12/site-packages/airflow/example_dags/example_sla_dag.py
[2024-10-26T17:37:28.813+0000] {logging_mixin.py:190} INFO - [2024-10-26T17:37:28.813+0000] {dag.py:3239} INFO - Sync 1 DAGs
[2024-10-26T17:37:28.843+0000] {logging_mixin.py:190} INFO - [2024-10-26T17:37:28.843+0000] {dag.py:4180} INFO - Setting next_dagrun for example_sla_dag to 2024-10-26 17:34:00+00:00, run_after=2024-10-26 17:36:00+00:00
[2024-10-26T17:37:28.868+0000] {processor.py:208} INFO - Processing /home/airflow/.local/lib/python3.12/site-packages/airflow/example_dags/example_sla_dag.py took 0.099 seconds
[2024-10-26T17:38:01.502+0000] {processor.py:186} INFO - Started process (PID=2306) to work on /home/airflow/.local/lib/python3.12/site-packages/airflow/example_dags/example_sla_dag.py
[2024-10-26T17:38:01.503+0000] {processor.py:914} INFO - Processing file /home/airflow/.local/lib/python3.12/site-packages/airflow/example_dags/example_sla_dag.py for tasks to queue
[2024-10-26T17:38:01.507+0000] {logging_mixin.py:190} INFO - [2024-10-26T17:38:01.506+0000] {dagbag.py:588} INFO - Filling up the DagBag from /home/airflow/.local/lib/python3.12/site-packages/airflow/example_dags/example_sla_dag.py
[2024-10-26T17:38:01.521+0000] {processor.py:925} INFO - DAG(s) 'example_sla_dag' retrieved from /home/airflow/.local/lib/python3.12/site-packages/airflow/example_dags/example_sla_dag.py
[2024-10-26T17:38:01.543+0000] {logging_mixin.py:190} INFO - [2024-10-26T17:38:01.543+0000] {dag.py:3239} INFO - Sync 1 DAGs
[2024-10-26T17:38:01.575+0000] {logging_mixin.py:190} INFO - [2024-10-26T17:38:01.574+0000] {dag.py:4180} INFO - Setting next_dagrun for example_sla_dag to 2024-10-26 17:36:00+00:00, run_after=2024-10-26 17:38:00+00:00
[2024-10-26T17:38:01.602+0000] {processor.py:208} INFO - Processing /home/airflow/.local/lib/python3.12/site-packages/airflow/example_dags/example_sla_dag.py took 0.108 seconds
[2024-10-26T17:38:34.693+0000] {processor.py:186} INFO - Started process (PID=2370) to work on /home/airflow/.local/lib/python3.12/site-packages/airflow/example_dags/example_sla_dag.py
[2024-10-26T17:38:34.695+0000] {processor.py:914} INFO - Processing file /home/airflow/.local/lib/python3.12/site-packages/airflow/example_dags/example_sla_dag.py for tasks to queue
[2024-10-26T17:38:34.698+0000] {logging_mixin.py:190} INFO - [2024-10-26T17:38:34.697+0000] {dagbag.py:588} INFO - Filling up the DagBag from /home/airflow/.local/lib/python3.12/site-packages/airflow/example_dags/example_sla_dag.py
[2024-10-26T17:38:34.712+0000] {processor.py:925} INFO - DAG(s) 'example_sla_dag' retrieved from /home/airflow/.local/lib/python3.12/site-packages/airflow/example_dags/example_sla_dag.py
[2024-10-26T17:38:34.737+0000] {logging_mixin.py:190} INFO - [2024-10-26T17:38:34.737+0000] {dag.py:3239} INFO - Sync 1 DAGs
[2024-10-26T17:38:34.777+0000] {logging_mixin.py:190} INFO - [2024-10-26T17:38:34.776+0000] {dag.py:4180} INFO - Setting next_dagrun for example_sla_dag to 2024-10-26 17:36:00+00:00, run_after=2024-10-26 17:38:00+00:00
[2024-10-26T17:38:34.805+0000] {processor.py:208} INFO - Processing /home/airflow/.local/lib/python3.12/site-packages/airflow/example_dags/example_sla_dag.py took 0.120 seconds
[2024-10-26T17:39:07.610+0000] {processor.py:186} INFO - Started process (PID=2434) to work on /home/airflow/.local/lib/python3.12/site-packages/airflow/example_dags/example_sla_dag.py
[2024-10-26T17:39:07.612+0000] {processor.py:914} INFO - Processing file /home/airflow/.local/lib/python3.12/site-packages/airflow/example_dags/example_sla_dag.py for tasks to queue
[2024-10-26T17:39:07.616+0000] {logging_mixin.py:190} INFO - [2024-10-26T17:39:07.615+0000] {dagbag.py:588} INFO - Filling up the DagBag from /home/airflow/.local/lib/python3.12/site-packages/airflow/example_dags/example_sla_dag.py
[2024-10-26T17:39:07.627+0000] {processor.py:925} INFO - DAG(s) 'example_sla_dag' retrieved from /home/airflow/.local/lib/python3.12/site-packages/airflow/example_dags/example_sla_dag.py
[2024-10-26T17:39:07.649+0000] {logging_mixin.py:190} INFO - [2024-10-26T17:39:07.649+0000] {dag.py:3239} INFO - Sync 1 DAGs
[2024-10-26T17:39:07.681+0000] {logging_mixin.py:190} INFO - [2024-10-26T17:39:07.681+0000] {dag.py:4180} INFO - Setting next_dagrun for example_sla_dag to 2024-10-26 17:36:00+00:00, run_after=2024-10-26 17:38:00+00:00
[2024-10-26T17:39:07.714+0000] {processor.py:208} INFO - Processing /home/airflow/.local/lib/python3.12/site-packages/airflow/example_dags/example_sla_dag.py took 0.111 seconds
[2024-10-26T17:39:40.349+0000] {processor.py:186} INFO - Started process (PID=2498) to work on /home/airflow/.local/lib/python3.12/site-packages/airflow/example_dags/example_sla_dag.py
[2024-10-26T17:39:40.350+0000] {processor.py:914} INFO - Processing file /home/airflow/.local/lib/python3.12/site-packages/airflow/example_dags/example_sla_dag.py for tasks to queue
[2024-10-26T17:39:40.353+0000] {logging_mixin.py:190} INFO - [2024-10-26T17:39:40.353+0000] {dagbag.py:588} INFO - Filling up the DagBag from /home/airflow/.local/lib/python3.12/site-packages/airflow/example_dags/example_sla_dag.py
[2024-10-26T17:39:40.371+0000] {processor.py:925} INFO - DAG(s) 'example_sla_dag' retrieved from /home/airflow/.local/lib/python3.12/site-packages/airflow/example_dags/example_sla_dag.py
[2024-10-26T17:39:40.402+0000] {logging_mixin.py:190} INFO - [2024-10-26T17:39:40.401+0000] {dag.py:3239} INFO - Sync 1 DAGs
[2024-10-26T17:39:40.438+0000] {logging_mixin.py:190} INFO - [2024-10-26T17:39:40.437+0000] {dag.py:4180} INFO - Setting next_dagrun for example_sla_dag to 2024-10-26 17:36:00+00:00, run_after=2024-10-26 17:38:00+00:00
[2024-10-26T17:39:40.466+0000] {processor.py:208} INFO - Processing /home/airflow/.local/lib/python3.12/site-packages/airflow/example_dags/example_sla_dag.py took 0.125 seconds
[2024-10-26T17:40:12.430+0000] {processor.py:186} INFO - Started process (PID=2562) to work on /home/airflow/.local/lib/python3.12/site-packages/airflow/example_dags/example_sla_dag.py
[2024-10-26T17:40:12.432+0000] {processor.py:914} INFO - Processing file /home/airflow/.local/lib/python3.12/site-packages/airflow/example_dags/example_sla_dag.py for tasks to queue
[2024-10-26T17:40:12.436+0000] {logging_mixin.py:190} INFO - [2024-10-26T17:40:12.436+0000] {dagbag.py:588} INFO - Filling up the DagBag from /home/airflow/.local/lib/python3.12/site-packages/airflow/example_dags/example_sla_dag.py
[2024-10-26T17:40:12.450+0000] {processor.py:925} INFO - DAG(s) 'example_sla_dag' retrieved from /home/airflow/.local/lib/python3.12/site-packages/airflow/example_dags/example_sla_dag.py
[2024-10-26T17:40:12.472+0000] {logging_mixin.py:190} INFO - [2024-10-26T17:40:12.472+0000] {dag.py:3239} INFO - Sync 1 DAGs
[2024-10-26T17:40:12.506+0000] {logging_mixin.py:190} INFO - [2024-10-26T17:40:12.506+0000] {dag.py:4180} INFO - Setting next_dagrun for example_sla_dag to 2024-10-26 17:38:00+00:00, run_after=2024-10-26 17:40:00+00:00
[2024-10-26T17:40:12.535+0000] {processor.py:208} INFO - Processing /home/airflow/.local/lib/python3.12/site-packages/airflow/example_dags/example_sla_dag.py took 0.113 seconds
[2024-10-26T17:40:45.184+0000] {processor.py:186} INFO - Started process (PID=2626) to work on /home/airflow/.local/lib/python3.12/site-packages/airflow/example_dags/example_sla_dag.py
[2024-10-26T17:40:45.187+0000] {processor.py:914} INFO - Processing file /home/airflow/.local/lib/python3.12/site-packages/airflow/example_dags/example_sla_dag.py for tasks to queue
[2024-10-26T17:40:45.195+0000] {logging_mixin.py:190} INFO - [2024-10-26T17:40:45.195+0000] {dagbag.py:588} INFO - Filling up the DagBag from /home/airflow/.local/lib/python3.12/site-packages/airflow/example_dags/example_sla_dag.py
[2024-10-26T17:40:45.215+0000] {processor.py:925} INFO - DAG(s) 'example_sla_dag' retrieved from /home/airflow/.local/lib/python3.12/site-packages/airflow/example_dags/example_sla_dag.py
[2024-10-26T17:40:45.245+0000] {logging_mixin.py:190} INFO - [2024-10-26T17:40:45.245+0000] {dag.py:3239} INFO - Sync 1 DAGs
[2024-10-26T17:40:45.295+0000] {logging_mixin.py:190} INFO - [2024-10-26T17:40:45.295+0000] {dag.py:4180} INFO - Setting next_dagrun for example_sla_dag to 2024-10-26 17:38:00+00:00, run_after=2024-10-26 17:40:00+00:00
[2024-10-26T17:40:45.328+0000] {processor.py:208} INFO - Processing /home/airflow/.local/lib/python3.12/site-packages/airflow/example_dags/example_sla_dag.py took 0.156 seconds
[2024-10-26T17:41:17.991+0000] {processor.py:186} INFO - Started process (PID=2690) to work on /home/airflow/.local/lib/python3.12/site-packages/airflow/example_dags/example_sla_dag.py
[2024-10-26T17:41:17.992+0000] {processor.py:914} INFO - Processing file /home/airflow/.local/lib/python3.12/site-packages/airflow/example_dags/example_sla_dag.py for tasks to queue
[2024-10-26T17:41:17.996+0000] {logging_mixin.py:190} INFO - [2024-10-26T17:41:17.995+0000] {dagbag.py:588} INFO - Filling up the DagBag from /home/airflow/.local/lib/python3.12/site-packages/airflow/example_dags/example_sla_dag.py
[2024-10-26T17:41:18.008+0000] {processor.py:925} INFO - DAG(s) 'example_sla_dag' retrieved from /home/airflow/.local/lib/python3.12/site-packages/airflow/example_dags/example_sla_dag.py
[2024-10-26T17:41:18.031+0000] {logging_mixin.py:190} INFO - [2024-10-26T17:41:18.031+0000] {dag.py:3239} INFO - Sync 1 DAGs
[2024-10-26T17:41:18.059+0000] {logging_mixin.py:190} INFO - [2024-10-26T17:41:18.059+0000] {dag.py:4180} INFO - Setting next_dagrun for example_sla_dag to 2024-10-26 17:38:00+00:00, run_after=2024-10-26 17:40:00+00:00
[2024-10-26T17:41:18.083+0000] {processor.py:208} INFO - Processing /home/airflow/.local/lib/python3.12/site-packages/airflow/example_dags/example_sla_dag.py took 0.099 seconds
[2024-10-26T17:41:50.952+0000] {processor.py:186} INFO - Started process (PID=2754) to work on /home/airflow/.local/lib/python3.12/site-packages/airflow/example_dags/example_sla_dag.py
[2024-10-26T17:41:50.954+0000] {processor.py:914} INFO - Processing file /home/airflow/.local/lib/python3.12/site-packages/airflow/example_dags/example_sla_dag.py for tasks to queue
[2024-10-26T17:41:50.958+0000] {logging_mixin.py:190} INFO - [2024-10-26T17:41:50.957+0000] {dagbag.py:588} INFO - Filling up the DagBag from /home/airflow/.local/lib/python3.12/site-packages/airflow/example_dags/example_sla_dag.py
[2024-10-26T17:41:50.969+0000] {processor.py:925} INFO - DAG(s) 'example_sla_dag' retrieved from /home/airflow/.local/lib/python3.12/site-packages/airflow/example_dags/example_sla_dag.py
[2024-10-26T17:41:50.994+0000] {logging_mixin.py:190} INFO - [2024-10-26T17:41:50.994+0000] {dag.py:3239} INFO - Sync 1 DAGs
[2024-10-26T17:41:51.027+0000] {logging_mixin.py:190} INFO - [2024-10-26T17:41:51.027+0000] {dag.py:4180} INFO - Setting next_dagrun for example_sla_dag to 2024-10-26 17:38:00+00:00, run_after=2024-10-26 17:40:00+00:00
[2024-10-26T17:41:51.062+0000] {processor.py:208} INFO - Processing /home/airflow/.local/lib/python3.12/site-packages/airflow/example_dags/example_sla_dag.py took 0.118 seconds
[2024-10-26T17:42:23.933+0000] {processor.py:186} INFO - Started process (PID=2818) to work on /home/airflow/.local/lib/python3.12/site-packages/airflow/example_dags/example_sla_dag.py
[2024-10-26T17:42:23.935+0000] {processor.py:914} INFO - Processing file /home/airflow/.local/lib/python3.12/site-packages/airflow/example_dags/example_sla_dag.py for tasks to queue
[2024-10-26T17:42:23.939+0000] {logging_mixin.py:190} INFO - [2024-10-26T17:42:23.938+0000] {dagbag.py:588} INFO - Filling up the DagBag from /home/airflow/.local/lib/python3.12/site-packages/airflow/example_dags/example_sla_dag.py
[2024-10-26T17:42:23.952+0000] {processor.py:925} INFO - DAG(s) 'example_sla_dag' retrieved from /home/airflow/.local/lib/python3.12/site-packages/airflow/example_dags/example_sla_dag.py
[2024-10-26T17:42:23.978+0000] {logging_mixin.py:190} INFO - [2024-10-26T17:42:23.977+0000] {dag.py:3239} INFO - Sync 1 DAGs
[2024-10-26T17:42:24.008+0000] {logging_mixin.py:190} INFO - [2024-10-26T17:42:24.008+0000] {dag.py:4180} INFO - Setting next_dagrun for example_sla_dag to 2024-10-26 17:40:00+00:00, run_after=2024-10-26 17:42:00+00:00
[2024-10-26T17:42:24.032+0000] {processor.py:208} INFO - Processing /home/airflow/.local/lib/python3.12/site-packages/airflow/example_dags/example_sla_dag.py took 0.105 seconds
[2024-10-26T17:42:56.004+0000] {processor.py:186} INFO - Started process (PID=2882) to work on /home/airflow/.local/lib/python3.12/site-packages/airflow/example_dags/example_sla_dag.py
[2024-10-26T17:42:56.006+0000] {processor.py:914} INFO - Processing file /home/airflow/.local/lib/python3.12/site-packages/airflow/example_dags/example_sla_dag.py for tasks to queue
[2024-10-26T17:42:56.008+0000] {logging_mixin.py:190} INFO - [2024-10-26T17:42:56.008+0000] {dagbag.py:588} INFO - Filling up the DagBag from /home/airflow/.local/lib/python3.12/site-packages/airflow/example_dags/example_sla_dag.py
[2024-10-26T17:42:56.021+0000] {processor.py:925} INFO - DAG(s) 'example_sla_dag' retrieved from /home/airflow/.local/lib/python3.12/site-packages/airflow/example_dags/example_sla_dag.py
[2024-10-26T17:42:56.046+0000] {logging_mixin.py:190} INFO - [2024-10-26T17:42:56.045+0000] {dag.py:3239} INFO - Sync 1 DAGs
[2024-10-26T17:42:56.079+0000] {logging_mixin.py:190} INFO - [2024-10-26T17:42:56.078+0000] {dag.py:4180} INFO - Setting next_dagrun for example_sla_dag to 2024-10-26 17:40:00+00:00, run_after=2024-10-26 17:42:00+00:00
[2024-10-26T17:42:56.106+0000] {processor.py:208} INFO - Processing /home/airflow/.local/lib/python3.12/site-packages/airflow/example_dags/example_sla_dag.py took 0.110 seconds
[2024-10-26T17:43:28.851+0000] {processor.py:186} INFO - Started process (PID=2946) to work on /home/airflow/.local/lib/python3.12/site-packages/airflow/example_dags/example_sla_dag.py
[2024-10-26T17:43:28.853+0000] {processor.py:914} INFO - Processing file /home/airflow/.local/lib/python3.12/site-packages/airflow/example_dags/example_sla_dag.py for tasks to queue
[2024-10-26T17:43:28.855+0000] {logging_mixin.py:190} INFO - [2024-10-26T17:43:28.855+0000] {dagbag.py:588} INFO - Filling up the DagBag from /home/airflow/.local/lib/python3.12/site-packages/airflow/example_dags/example_sla_dag.py
[2024-10-26T17:43:28.867+0000] {processor.py:925} INFO - DAG(s) 'example_sla_dag' retrieved from /home/airflow/.local/lib/python3.12/site-packages/airflow/example_dags/example_sla_dag.py
[2024-10-26T17:43:28.890+0000] {logging_mixin.py:190} INFO - [2024-10-26T17:43:28.890+0000] {dag.py:3239} INFO - Sync 1 DAGs
[2024-10-26T17:43:29.123+0000] {logging_mixin.py:190} INFO - [2024-10-26T17:43:29.123+0000] {dag.py:4180} INFO - Setting next_dagrun for example_sla_dag to 2024-10-26 17:40:00+00:00, run_after=2024-10-26 17:42:00+00:00
[2024-10-26T17:43:29.142+0000] {processor.py:208} INFO - Processing /home/airflow/.local/lib/python3.12/site-packages/airflow/example_dags/example_sla_dag.py took 0.299 seconds
[2024-10-26T17:44:01.592+0000] {processor.py:186} INFO - Started process (PID=3010) to work on /home/airflow/.local/lib/python3.12/site-packages/airflow/example_dags/example_sla_dag.py
[2024-10-26T17:44:01.594+0000] {processor.py:914} INFO - Processing file /home/airflow/.local/lib/python3.12/site-packages/airflow/example_dags/example_sla_dag.py for tasks to queue
[2024-10-26T17:44:01.597+0000] {logging_mixin.py:190} INFO - [2024-10-26T17:44:01.597+0000] {dagbag.py:588} INFO - Filling up the DagBag from /home/airflow/.local/lib/python3.12/site-packages/airflow/example_dags/example_sla_dag.py
[2024-10-26T17:44:01.609+0000] {processor.py:925} INFO - DAG(s) 'example_sla_dag' retrieved from /home/airflow/.local/lib/python3.12/site-packages/airflow/example_dags/example_sla_dag.py
[2024-10-26T17:44:01.635+0000] {logging_mixin.py:190} INFO - [2024-10-26T17:44:01.635+0000] {dag.py:3239} INFO - Sync 1 DAGs
[2024-10-26T17:44:01.850+0000] {logging_mixin.py:190} INFO - [2024-10-26T17:44:01.850+0000] {dag.py:4180} INFO - Setting next_dagrun for example_sla_dag to 2024-10-26 17:42:00+00:00, run_after=2024-10-26 17:44:00+00:00
[2024-10-26T17:44:01.873+0000] {processor.py:208} INFO - Processing /home/airflow/.local/lib/python3.12/site-packages/airflow/example_dags/example_sla_dag.py took 0.287 seconds
[2024-10-26T17:44:34.660+0000] {processor.py:186} INFO - Started process (PID=3075) to work on /home/airflow/.local/lib/python3.12/site-packages/airflow/example_dags/example_sla_dag.py
[2024-10-26T17:44:34.663+0000] {processor.py:914} INFO - Processing file /home/airflow/.local/lib/python3.12/site-packages/airflow/example_dags/example_sla_dag.py for tasks to queue
[2024-10-26T17:44:34.667+0000] {logging_mixin.py:190} INFO - [2024-10-26T17:44:34.667+0000] {dagbag.py:588} INFO - Filling up the DagBag from /home/airflow/.local/lib/python3.12/site-packages/airflow/example_dags/example_sla_dag.py
[2024-10-26T17:44:34.684+0000] {processor.py:925} INFO - DAG(s) 'example_sla_dag' retrieved from /home/airflow/.local/lib/python3.12/site-packages/airflow/example_dags/example_sla_dag.py
[2024-10-26T17:44:34.708+0000] {logging_mixin.py:190} INFO - [2024-10-26T17:44:34.707+0000] {dag.py:3239} INFO - Sync 1 DAGs
[2024-10-26T17:44:34.756+0000] {logging_mixin.py:190} INFO - [2024-10-26T17:44:34.755+0000] {dag.py:4180} INFO - Setting next_dagrun for example_sla_dag to 2024-10-26 17:42:00+00:00, run_after=2024-10-26 17:44:00+00:00
[2024-10-26T17:44:35.010+0000] {processor.py:208} INFO - Processing /home/airflow/.local/lib/python3.12/site-packages/airflow/example_dags/example_sla_dag.py took 0.357 seconds
[2024-10-26T17:45:07.508+0000] {processor.py:186} INFO - Started process (PID=3139) to work on /home/airflow/.local/lib/python3.12/site-packages/airflow/example_dags/example_sla_dag.py
[2024-10-26T17:45:07.509+0000] {processor.py:914} INFO - Processing file /home/airflow/.local/lib/python3.12/site-packages/airflow/example_dags/example_sla_dag.py for tasks to queue
[2024-10-26T17:45:07.514+0000] {logging_mixin.py:190} INFO - [2024-10-26T17:45:07.513+0000] {dagbag.py:588} INFO - Filling up the DagBag from /home/airflow/.local/lib/python3.12/site-packages/airflow/example_dags/example_sla_dag.py
[2024-10-26T17:45:07.534+0000] {processor.py:925} INFO - DAG(s) 'example_sla_dag' retrieved from /home/airflow/.local/lib/python3.12/site-packages/airflow/example_dags/example_sla_dag.py
[2024-10-26T17:45:07.565+0000] {logging_mixin.py:190} INFO - [2024-10-26T17:45:07.564+0000] {dag.py:3239} INFO - Sync 1 DAGs
[2024-10-26T17:45:07.607+0000] {logging_mixin.py:190} INFO - [2024-10-26T17:45:07.607+0000] {dag.py:4180} INFO - Setting next_dagrun for example_sla_dag to 2024-10-26 17:42:00+00:00, run_after=2024-10-26 17:44:00+00:00
[2024-10-26T17:45:07.637+0000] {processor.py:208} INFO - Processing /home/airflow/.local/lib/python3.12/site-packages/airflow/example_dags/example_sla_dag.py took 0.138 seconds
[2024-10-26T17:45:40.563+0000] {processor.py:186} INFO - Started process (PID=3203) to work on /home/airflow/.local/lib/python3.12/site-packages/airflow/example_dags/example_sla_dag.py
[2024-10-26T17:45:40.565+0000] {processor.py:914} INFO - Processing file /home/airflow/.local/lib/python3.12/site-packages/airflow/example_dags/example_sla_dag.py for tasks to queue
[2024-10-26T17:45:40.568+0000] {logging_mixin.py:190} INFO - [2024-10-26T17:45:40.568+0000] {dagbag.py:588} INFO - Filling up the DagBag from /home/airflow/.local/lib/python3.12/site-packages/airflow/example_dags/example_sla_dag.py
[2024-10-26T17:45:40.581+0000] {processor.py:925} INFO - DAG(s) 'example_sla_dag' retrieved from /home/airflow/.local/lib/python3.12/site-packages/airflow/example_dags/example_sla_dag.py
[2024-10-26T17:45:40.603+0000] {logging_mixin.py:190} INFO - [2024-10-26T17:45:40.601+0000] {dag.py:3239} INFO - Sync 1 DAGs
[2024-10-26T17:45:40.636+0000] {logging_mixin.py:190} INFO - [2024-10-26T17:45:40.635+0000] {dag.py:4180} INFO - Setting next_dagrun for example_sla_dag to 2024-10-26 17:42:00+00:00, run_after=2024-10-26 17:44:00+00:00
[2024-10-26T17:45:40.660+0000] {processor.py:208} INFO - Processing /home/airflow/.local/lib/python3.12/site-packages/airflow/example_dags/example_sla_dag.py took 0.104 seconds
[2024-10-26T17:46:12.923+0000] {processor.py:186} INFO - Started process (PID=3267) to work on /home/airflow/.local/lib/python3.12/site-packages/airflow/example_dags/example_sla_dag.py
[2024-10-26T17:46:12.925+0000] {processor.py:914} INFO - Processing file /home/airflow/.local/lib/python3.12/site-packages/airflow/example_dags/example_sla_dag.py for tasks to queue
[2024-10-26T17:46:12.929+0000] {logging_mixin.py:190} INFO - [2024-10-26T17:46:12.928+0000] {dagbag.py:588} INFO - Filling up the DagBag from /home/airflow/.local/lib/python3.12/site-packages/airflow/example_dags/example_sla_dag.py
[2024-10-26T17:46:12.941+0000] {processor.py:925} INFO - DAG(s) 'example_sla_dag' retrieved from /home/airflow/.local/lib/python3.12/site-packages/airflow/example_dags/example_sla_dag.py
[2024-10-26T17:46:12.964+0000] {logging_mixin.py:190} INFO - [2024-10-26T17:46:12.964+0000] {dag.py:3239} INFO - Sync 1 DAGs
[2024-10-26T17:46:12.998+0000] {logging_mixin.py:190} INFO - [2024-10-26T17:46:12.998+0000] {dag.py:4180} INFO - Setting next_dagrun for example_sla_dag to 2024-10-26 17:44:00+00:00, run_after=2024-10-26 17:46:00+00:00
[2024-10-26T17:46:13.025+0000] {processor.py:208} INFO - Processing /home/airflow/.local/lib/python3.12/site-packages/airflow/example_dags/example_sla_dag.py took 0.110 seconds
[2024-10-26T17:46:45.275+0000] {processor.py:186} INFO - Started process (PID=3331) to work on /home/airflow/.local/lib/python3.12/site-packages/airflow/example_dags/example_sla_dag.py
[2024-10-26T17:46:45.279+0000] {processor.py:914} INFO - Processing file /home/airflow/.local/lib/python3.12/site-packages/airflow/example_dags/example_sla_dag.py for tasks to queue
[2024-10-26T17:46:45.282+0000] {logging_mixin.py:190} INFO - [2024-10-26T17:46:45.282+0000] {dagbag.py:588} INFO - Filling up the DagBag from /home/airflow/.local/lib/python3.12/site-packages/airflow/example_dags/example_sla_dag.py
[2024-10-26T17:46:45.296+0000] {processor.py:925} INFO - DAG(s) 'example_sla_dag' retrieved from /home/airflow/.local/lib/python3.12/site-packages/airflow/example_dags/example_sla_dag.py
[2024-10-26T17:46:45.321+0000] {logging_mixin.py:190} INFO - [2024-10-26T17:46:45.321+0000] {dag.py:3239} INFO - Sync 1 DAGs
[2024-10-26T17:46:45.354+0000] {logging_mixin.py:190} INFO - [2024-10-26T17:46:45.354+0000] {dag.py:4180} INFO - Setting next_dagrun for example_sla_dag to 2024-10-26 17:44:00+00:00, run_after=2024-10-26 17:46:00+00:00
[2024-10-26T17:46:45.380+0000] {processor.py:208} INFO - Processing /home/airflow/.local/lib/python3.12/site-packages/airflow/example_dags/example_sla_dag.py took 0.112 seconds
[2024-10-26T17:47:17.926+0000] {processor.py:186} INFO - Started process (PID=3395) to work on /home/airflow/.local/lib/python3.12/site-packages/airflow/example_dags/example_sla_dag.py
[2024-10-26T17:47:17.929+0000] {processor.py:914} INFO - Processing file /home/airflow/.local/lib/python3.12/site-packages/airflow/example_dags/example_sla_dag.py for tasks to queue
[2024-10-26T17:47:17.934+0000] {logging_mixin.py:190} INFO - [2024-10-26T17:47:17.934+0000] {dagbag.py:588} INFO - Filling up the DagBag from /home/airflow/.local/lib/python3.12/site-packages/airflow/example_dags/example_sla_dag.py
[2024-10-26T17:47:17.950+0000] {processor.py:925} INFO - DAG(s) 'example_sla_dag' retrieved from /home/airflow/.local/lib/python3.12/site-packages/airflow/example_dags/example_sla_dag.py
[2024-10-26T17:47:17.983+0000] {logging_mixin.py:190} INFO - [2024-10-26T17:47:17.983+0000] {dag.py:3239} INFO - Sync 1 DAGs
[2024-10-26T17:47:18.028+0000] {logging_mixin.py:190} INFO - [2024-10-26T17:47:18.027+0000] {dag.py:4180} INFO - Setting next_dagrun for example_sla_dag to 2024-10-26 17:44:00+00:00, run_after=2024-10-26 17:46:00+00:00
[2024-10-26T17:47:18.059+0000] {processor.py:208} INFO - Processing /home/airflow/.local/lib/python3.12/site-packages/airflow/example_dags/example_sla_dag.py took 0.141 seconds
[2024-10-26T17:47:50.945+0000] {processor.py:186} INFO - Started process (PID=3459) to work on /home/airflow/.local/lib/python3.12/site-packages/airflow/example_dags/example_sla_dag.py
[2024-10-26T17:47:50.947+0000] {processor.py:914} INFO - Processing file /home/airflow/.local/lib/python3.12/site-packages/airflow/example_dags/example_sla_dag.py for tasks to queue
[2024-10-26T17:47:50.953+0000] {logging_mixin.py:190} INFO - [2024-10-26T17:47:50.952+0000] {dagbag.py:588} INFO - Filling up the DagBag from /home/airflow/.local/lib/python3.12/site-packages/airflow/example_dags/example_sla_dag.py
[2024-10-26T17:47:50.967+0000] {processor.py:925} INFO - DAG(s) 'example_sla_dag' retrieved from /home/airflow/.local/lib/python3.12/site-packages/airflow/example_dags/example_sla_dag.py
[2024-10-26T17:47:50.995+0000] {logging_mixin.py:190} INFO - [2024-10-26T17:47:50.994+0000] {dag.py:3239} INFO - Sync 1 DAGs
[2024-10-26T17:47:51.026+0000] {logging_mixin.py:190} INFO - [2024-10-26T17:47:51.026+0000] {dag.py:4180} INFO - Setting next_dagrun for example_sla_dag to 2024-10-26 17:44:00+00:00, run_after=2024-10-26 17:46:00+00:00
[2024-10-26T17:47:51.050+0000] {processor.py:208} INFO - Processing /home/airflow/.local/lib/python3.12/site-packages/airflow/example_dags/example_sla_dag.py took 0.116 seconds
[2024-10-26T17:48:24.097+0000] {processor.py:186} INFO - Started process (PID=3523) to work on /home/airflow/.local/lib/python3.12/site-packages/airflow/example_dags/example_sla_dag.py
[2024-10-26T17:48:24.099+0000] {processor.py:914} INFO - Processing file /home/airflow/.local/lib/python3.12/site-packages/airflow/example_dags/example_sla_dag.py for tasks to queue
[2024-10-26T17:48:24.104+0000] {logging_mixin.py:190} INFO - [2024-10-26T17:48:24.104+0000] {dagbag.py:588} INFO - Filling up the DagBag from /home/airflow/.local/lib/python3.12/site-packages/airflow/example_dags/example_sla_dag.py
[2024-10-26T17:48:24.117+0000] {processor.py:925} INFO - DAG(s) 'example_sla_dag' retrieved from /home/airflow/.local/lib/python3.12/site-packages/airflow/example_dags/example_sla_dag.py
[2024-10-26T17:48:24.139+0000] {logging_mixin.py:190} INFO - [2024-10-26T17:48:24.139+0000] {dag.py:3239} INFO - Sync 1 DAGs
[2024-10-26T17:48:24.170+0000] {logging_mixin.py:190} INFO - [2024-10-26T17:48:24.169+0000] {dag.py:4180} INFO - Setting next_dagrun for example_sla_dag to 2024-10-26 17:46:00+00:00, run_after=2024-10-26 17:48:00+00:00
[2024-10-26T17:48:24.198+0000] {processor.py:208} INFO - Processing /home/airflow/.local/lib/python3.12/site-packages/airflow/example_dags/example_sla_dag.py took 0.109 seconds
[2024-10-26T17:48:56.241+0000] {processor.py:186} INFO - Started process (PID=3587) to work on /home/airflow/.local/lib/python3.12/site-packages/airflow/example_dags/example_sla_dag.py
[2024-10-26T17:48:56.243+0000] {processor.py:914} INFO - Processing file /home/airflow/.local/lib/python3.12/site-packages/airflow/example_dags/example_sla_dag.py for tasks to queue
[2024-10-26T17:48:56.246+0000] {logging_mixin.py:190} INFO - [2024-10-26T17:48:56.245+0000] {dagbag.py:588} INFO - Filling up the DagBag from /home/airflow/.local/lib/python3.12/site-packages/airflow/example_dags/example_sla_dag.py
[2024-10-26T17:48:56.258+0000] {processor.py:925} INFO - DAG(s) 'example_sla_dag' retrieved from /home/airflow/.local/lib/python3.12/site-packages/airflow/example_dags/example_sla_dag.py
[2024-10-26T17:48:56.285+0000] {logging_mixin.py:190} INFO - [2024-10-26T17:48:56.285+0000] {dag.py:3239} INFO - Sync 1 DAGs
[2024-10-26T17:48:56.319+0000] {logging_mixin.py:190} INFO - [2024-10-26T17:48:56.319+0000] {dag.py:4180} INFO - Setting next_dagrun for example_sla_dag to 2024-10-26 17:46:00+00:00, run_after=2024-10-26 17:48:00+00:00
[2024-10-26T17:48:56.345+0000] {processor.py:208} INFO - Processing /home/airflow/.local/lib/python3.12/site-packages/airflow/example_dags/example_sla_dag.py took 0.113 seconds
[2024-10-26T17:49:29.606+0000] {processor.py:186} INFO - Started process (PID=3651) to work on /home/airflow/.local/lib/python3.12/site-packages/airflow/example_dags/example_sla_dag.py
[2024-10-26T17:49:29.608+0000] {processor.py:914} INFO - Processing file /home/airflow/.local/lib/python3.12/site-packages/airflow/example_dags/example_sla_dag.py for tasks to queue
[2024-10-26T17:49:29.610+0000] {logging_mixin.py:190} INFO - [2024-10-26T17:49:29.610+0000] {dagbag.py:588} INFO - Filling up the DagBag from /home/airflow/.local/lib/python3.12/site-packages/airflow/example_dags/example_sla_dag.py
[2024-10-26T17:49:29.623+0000] {processor.py:925} INFO - DAG(s) 'example_sla_dag' retrieved from /home/airflow/.local/lib/python3.12/site-packages/airflow/example_dags/example_sla_dag.py
[2024-10-26T17:49:29.644+0000] {logging_mixin.py:190} INFO - [2024-10-26T17:49:29.644+0000] {dag.py:3239} INFO - Sync 1 DAGs
[2024-10-26T17:49:29.675+0000] {logging_mixin.py:190} INFO - [2024-10-26T17:49:29.675+0000] {dag.py:4180} INFO - Setting next_dagrun for example_sla_dag to 2024-10-26 17:46:00+00:00, run_after=2024-10-26 17:48:00+00:00
[2024-10-26T17:49:29.703+0000] {processor.py:208} INFO - Processing /home/airflow/.local/lib/python3.12/site-packages/airflow/example_dags/example_sla_dag.py took 0.103 seconds
[2024-10-26T17:50:02.140+0000] {processor.py:186} INFO - Started process (PID=3715) to work on /home/airflow/.local/lib/python3.12/site-packages/airflow/example_dags/example_sla_dag.py
[2024-10-26T17:50:02.142+0000] {processor.py:914} INFO - Processing file /home/airflow/.local/lib/python3.12/site-packages/airflow/example_dags/example_sla_dag.py for tasks to queue
[2024-10-26T17:50:02.145+0000] {logging_mixin.py:190} INFO - [2024-10-26T17:50:02.145+0000] {dagbag.py:588} INFO - Filling up the DagBag from /home/airflow/.local/lib/python3.12/site-packages/airflow/example_dags/example_sla_dag.py
[2024-10-26T17:50:02.158+0000] {processor.py:925} INFO - DAG(s) 'example_sla_dag' retrieved from /home/airflow/.local/lib/python3.12/site-packages/airflow/example_dags/example_sla_dag.py
[2024-10-26T17:50:02.181+0000] {logging_mixin.py:190} INFO - [2024-10-26T17:50:02.181+0000] {dag.py:3239} INFO - Sync 1 DAGs
[2024-10-26T17:50:02.213+0000] {logging_mixin.py:190} INFO - [2024-10-26T17:50:02.213+0000] {dag.py:4180} INFO - Setting next_dagrun for example_sla_dag to 2024-10-26 17:48:00+00:00, run_after=2024-10-26 17:50:00+00:00
[2024-10-26T17:50:02.242+0000] {processor.py:208} INFO - Processing /home/airflow/.local/lib/python3.12/site-packages/airflow/example_dags/example_sla_dag.py took 0.110 seconds
[2024-10-26T17:50:35.004+0000] {processor.py:186} INFO - Started process (PID=3779) to work on /home/airflow/.local/lib/python3.12/site-packages/airflow/example_dags/example_sla_dag.py
[2024-10-26T17:50:35.005+0000] {processor.py:914} INFO - Processing file /home/airflow/.local/lib/python3.12/site-packages/airflow/example_dags/example_sla_dag.py for tasks to queue
[2024-10-26T17:50:35.009+0000] {logging_mixin.py:190} INFO - [2024-10-26T17:50:35.008+0000] {dagbag.py:588} INFO - Filling up the DagBag from /home/airflow/.local/lib/python3.12/site-packages/airflow/example_dags/example_sla_dag.py
[2024-10-26T17:50:35.025+0000] {processor.py:925} INFO - DAG(s) 'example_sla_dag' retrieved from /home/airflow/.local/lib/python3.12/site-packages/airflow/example_dags/example_sla_dag.py
[2024-10-26T17:50:35.051+0000] {logging_mixin.py:190} INFO - [2024-10-26T17:50:35.050+0000] {dag.py:3239} INFO - Sync 1 DAGs
[2024-10-26T17:50:35.082+0000] {logging_mixin.py:190} INFO - [2024-10-26T17:50:35.082+0000] {dag.py:4180} INFO - Setting next_dagrun for example_sla_dag to 2024-10-26 17:48:00+00:00, run_after=2024-10-26 17:50:00+00:00
[2024-10-26T17:50:35.108+0000] {processor.py:208} INFO - Processing /home/airflow/.local/lib/python3.12/site-packages/airflow/example_dags/example_sla_dag.py took 0.113 seconds
[2024-10-26T17:51:07.619+0000] {processor.py:186} INFO - Started process (PID=3843) to work on /home/airflow/.local/lib/python3.12/site-packages/airflow/example_dags/example_sla_dag.py
[2024-10-26T17:51:07.620+0000] {processor.py:914} INFO - Processing file /home/airflow/.local/lib/python3.12/site-packages/airflow/example_dags/example_sla_dag.py for tasks to queue
[2024-10-26T17:51:07.623+0000] {logging_mixin.py:190} INFO - [2024-10-26T17:51:07.623+0000] {dagbag.py:588} INFO - Filling up the DagBag from /home/airflow/.local/lib/python3.12/site-packages/airflow/example_dags/example_sla_dag.py
[2024-10-26T17:51:07.636+0000] {processor.py:925} INFO - DAG(s) 'example_sla_dag' retrieved from /home/airflow/.local/lib/python3.12/site-packages/airflow/example_dags/example_sla_dag.py
[2024-10-26T17:51:07.662+0000] {logging_mixin.py:190} INFO - [2024-10-26T17:51:07.662+0000] {dag.py:3239} INFO - Sync 1 DAGs
[2024-10-26T17:51:07.700+0000] {logging_mixin.py:190} INFO - [2024-10-26T17:51:07.699+0000] {dag.py:4180} INFO - Setting next_dagrun for example_sla_dag to 2024-10-26 17:48:00+00:00, run_after=2024-10-26 17:50:00+00:00
[2024-10-26T17:51:07.729+0000] {processor.py:208} INFO - Processing /home/airflow/.local/lib/python3.12/site-packages/airflow/example_dags/example_sla_dag.py took 0.119 seconds
[2024-10-26T17:51:40.031+0000] {processor.py:186} INFO - Started process (PID=3907) to work on /home/airflow/.local/lib/python3.12/site-packages/airflow/example_dags/example_sla_dag.py
[2024-10-26T17:51:40.033+0000] {processor.py:914} INFO - Processing file /home/airflow/.local/lib/python3.12/site-packages/airflow/example_dags/example_sla_dag.py for tasks to queue
[2024-10-26T17:51:40.036+0000] {logging_mixin.py:190} INFO - [2024-10-26T17:51:40.036+0000] {dagbag.py:588} INFO - Filling up the DagBag from /home/airflow/.local/lib/python3.12/site-packages/airflow/example_dags/example_sla_dag.py
[2024-10-26T17:51:40.049+0000] {processor.py:925} INFO - DAG(s) 'example_sla_dag' retrieved from /home/airflow/.local/lib/python3.12/site-packages/airflow/example_dags/example_sla_dag.py
[2024-10-26T17:51:40.069+0000] {logging_mixin.py:190} INFO - [2024-10-26T17:51:40.069+0000] {dag.py:3239} INFO - Sync 1 DAGs
[2024-10-26T17:51:40.100+0000] {logging_mixin.py:190} INFO - [2024-10-26T17:51:40.099+0000] {dag.py:4180} INFO - Setting next_dagrun for example_sla_dag to 2024-10-26 17:48:00+00:00, run_after=2024-10-26 17:50:00+00:00
[2024-10-26T17:51:40.124+0000] {processor.py:208} INFO - Processing /home/airflow/.local/lib/python3.12/site-packages/airflow/example_dags/example_sla_dag.py took 0.104 seconds
[2024-10-26T17:52:12.980+0000] {processor.py:186} INFO - Started process (PID=3971) to work on /home/airflow/.local/lib/python3.12/site-packages/airflow/example_dags/example_sla_dag.py
[2024-10-26T17:52:12.981+0000] {processor.py:914} INFO - Processing file /home/airflow/.local/lib/python3.12/site-packages/airflow/example_dags/example_sla_dag.py for tasks to queue
[2024-10-26T17:52:12.985+0000] {logging_mixin.py:190} INFO - [2024-10-26T17:52:12.985+0000] {dagbag.py:588} INFO - Filling up the DagBag from /home/airflow/.local/lib/python3.12/site-packages/airflow/example_dags/example_sla_dag.py
[2024-10-26T17:52:12.996+0000] {processor.py:925} INFO - DAG(s) 'example_sla_dag' retrieved from /home/airflow/.local/lib/python3.12/site-packages/airflow/example_dags/example_sla_dag.py
[2024-10-26T17:52:13.020+0000] {logging_mixin.py:190} INFO - [2024-10-26T17:52:13.020+0000] {dag.py:3239} INFO - Sync 1 DAGs
[2024-10-26T17:52:13.052+0000] {logging_mixin.py:190} INFO - [2024-10-26T17:52:13.052+0000] {dag.py:4180} INFO - Setting next_dagrun for example_sla_dag to 2024-10-26 17:50:00+00:00, run_after=2024-10-26 17:52:00+00:00
[2024-10-26T17:52:13.078+0000] {processor.py:208} INFO - Processing /home/airflow/.local/lib/python3.12/site-packages/airflow/example_dags/example_sla_dag.py took 0.105 seconds
[2024-10-26T17:52:45.286+0000] {processor.py:186} INFO - Started process (PID=4036) to work on /home/airflow/.local/lib/python3.12/site-packages/airflow/example_dags/example_sla_dag.py
[2024-10-26T17:52:45.288+0000] {processor.py:914} INFO - Processing file /home/airflow/.local/lib/python3.12/site-packages/airflow/example_dags/example_sla_dag.py for tasks to queue
[2024-10-26T17:52:45.291+0000] {logging_mixin.py:190} INFO - [2024-10-26T17:52:45.291+0000] {dagbag.py:588} INFO - Filling up the DagBag from /home/airflow/.local/lib/python3.12/site-packages/airflow/example_dags/example_sla_dag.py
[2024-10-26T17:52:45.304+0000] {processor.py:925} INFO - DAG(s) 'example_sla_dag' retrieved from /home/airflow/.local/lib/python3.12/site-packages/airflow/example_dags/example_sla_dag.py
[2024-10-26T17:52:45.324+0000] {logging_mixin.py:190} INFO - [2024-10-26T17:52:45.324+0000] {dag.py:3239} INFO - Sync 1 DAGs
[2024-10-26T17:52:45.351+0000] {logging_mixin.py:190} INFO - [2024-10-26T17:52:45.351+0000] {dag.py:4180} INFO - Setting next_dagrun for example_sla_dag to 2024-10-26 17:50:00+00:00, run_after=2024-10-26 17:52:00+00:00
[2024-10-26T17:52:45.373+0000] {processor.py:208} INFO - Processing /home/airflow/.local/lib/python3.12/site-packages/airflow/example_dags/example_sla_dag.py took 0.097 seconds
[2024-10-26T17:53:18.378+0000] {processor.py:186} INFO - Started process (PID=4100) to work on /home/airflow/.local/lib/python3.12/site-packages/airflow/example_dags/example_sla_dag.py
[2024-10-26T17:53:18.379+0000] {processor.py:914} INFO - Processing file /home/airflow/.local/lib/python3.12/site-packages/airflow/example_dags/example_sla_dag.py for tasks to queue
[2024-10-26T17:53:18.382+0000] {logging_mixin.py:190} INFO - [2024-10-26T17:53:18.382+0000] {dagbag.py:588} INFO - Filling up the DagBag from /home/airflow/.local/lib/python3.12/site-packages/airflow/example_dags/example_sla_dag.py
[2024-10-26T17:53:18.393+0000] {processor.py:925} INFO - DAG(s) 'example_sla_dag' retrieved from /home/airflow/.local/lib/python3.12/site-packages/airflow/example_dags/example_sla_dag.py
[2024-10-26T17:53:18.415+0000] {logging_mixin.py:190} INFO - [2024-10-26T17:53:18.414+0000] {dag.py:3239} INFO - Sync 1 DAGs
[2024-10-26T17:53:18.442+0000] {logging_mixin.py:190} INFO - [2024-10-26T17:53:18.442+0000] {dag.py:4180} INFO - Setting next_dagrun for example_sla_dag to 2024-10-26 17:50:00+00:00, run_after=2024-10-26 17:52:00+00:00
[2024-10-26T17:53:18.465+0000] {processor.py:208} INFO - Processing /home/airflow/.local/lib/python3.12/site-packages/airflow/example_dags/example_sla_dag.py took 0.095 seconds
[2024-10-26T17:53:51.275+0000] {processor.py:186} INFO - Started process (PID=4164) to work on /home/airflow/.local/lib/python3.12/site-packages/airflow/example_dags/example_sla_dag.py
[2024-10-26T17:53:51.277+0000] {processor.py:914} INFO - Processing file /home/airflow/.local/lib/python3.12/site-packages/airflow/example_dags/example_sla_dag.py for tasks to queue
[2024-10-26T17:53:51.281+0000] {logging_mixin.py:190} INFO - [2024-10-26T17:53:51.281+0000] {dagbag.py:588} INFO - Filling up the DagBag from /home/airflow/.local/lib/python3.12/site-packages/airflow/example_dags/example_sla_dag.py
[2024-10-26T17:53:51.311+0000] {processor.py:925} INFO - DAG(s) 'example_sla_dag' retrieved from /home/airflow/.local/lib/python3.12/site-packages/airflow/example_dags/example_sla_dag.py
[2024-10-26T17:53:51.346+0000] {logging_mixin.py:190} INFO - [2024-10-26T17:53:51.345+0000] {dag.py:3239} INFO - Sync 1 DAGs
[2024-10-26T17:53:51.382+0000] {logging_mixin.py:190} INFO - [2024-10-26T17:53:51.381+0000] {dag.py:4180} INFO - Setting next_dagrun for example_sla_dag to 2024-10-26 17:50:00+00:00, run_after=2024-10-26 17:52:00+00:00
[2024-10-26T17:53:51.410+0000] {processor.py:208} INFO - Processing /home/airflow/.local/lib/python3.12/site-packages/airflow/example_dags/example_sla_dag.py took 0.150 seconds
[2024-10-26T17:54:24.418+0000] {processor.py:186} INFO - Started process (PID=4228) to work on /home/airflow/.local/lib/python3.12/site-packages/airflow/example_dags/example_sla_dag.py
[2024-10-26T17:54:24.419+0000] {processor.py:914} INFO - Processing file /home/airflow/.local/lib/python3.12/site-packages/airflow/example_dags/example_sla_dag.py for tasks to queue
[2024-10-26T17:54:24.423+0000] {logging_mixin.py:190} INFO - [2024-10-26T17:54:24.423+0000] {dagbag.py:588} INFO - Filling up the DagBag from /home/airflow/.local/lib/python3.12/site-packages/airflow/example_dags/example_sla_dag.py
[2024-10-26T17:54:24.436+0000] {processor.py:925} INFO - DAG(s) 'example_sla_dag' retrieved from /home/airflow/.local/lib/python3.12/site-packages/airflow/example_dags/example_sla_dag.py
[2024-10-26T17:54:24.463+0000] {logging_mixin.py:190} INFO - [2024-10-26T17:54:24.461+0000] {dag.py:3239} INFO - Sync 1 DAGs
[2024-10-26T17:54:24.494+0000] {logging_mixin.py:190} INFO - [2024-10-26T17:54:24.493+0000] {dag.py:4180} INFO - Setting next_dagrun for example_sla_dag to 2024-10-26 17:52:00+00:00, run_after=2024-10-26 17:54:00+00:00
[2024-10-26T17:54:24.522+0000] {processor.py:208} INFO - Processing /home/airflow/.local/lib/python3.12/site-packages/airflow/example_dags/example_sla_dag.py took 0.113 seconds
[2024-10-26T17:54:56.467+0000] {processor.py:186} INFO - Started process (PID=4292) to work on /home/airflow/.local/lib/python3.12/site-packages/airflow/example_dags/example_sla_dag.py
[2024-10-26T17:54:56.469+0000] {processor.py:914} INFO - Processing file /home/airflow/.local/lib/python3.12/site-packages/airflow/example_dags/example_sla_dag.py for tasks to queue
[2024-10-26T17:54:56.472+0000] {logging_mixin.py:190} INFO - [2024-10-26T17:54:56.471+0000] {dagbag.py:588} INFO - Filling up the DagBag from /home/airflow/.local/lib/python3.12/site-packages/airflow/example_dags/example_sla_dag.py
[2024-10-26T17:54:56.484+0000] {processor.py:925} INFO - DAG(s) 'example_sla_dag' retrieved from /home/airflow/.local/lib/python3.12/site-packages/airflow/example_dags/example_sla_dag.py
[2024-10-26T17:54:56.505+0000] {logging_mixin.py:190} INFO - [2024-10-26T17:54:56.505+0000] {dag.py:3239} INFO - Sync 1 DAGs
[2024-10-26T17:54:56.531+0000] {logging_mixin.py:190} INFO - [2024-10-26T17:54:56.531+0000] {dag.py:4180} INFO - Setting next_dagrun for example_sla_dag to 2024-10-26 17:52:00+00:00, run_after=2024-10-26 17:54:00+00:00
[2024-10-26T17:54:56.555+0000] {processor.py:208} INFO - Processing /home/airflow/.local/lib/python3.12/site-packages/airflow/example_dags/example_sla_dag.py took 0.098 seconds
[2024-10-26T17:55:29.488+0000] {processor.py:186} INFO - Started process (PID=4356) to work on /home/airflow/.local/lib/python3.12/site-packages/airflow/example_dags/example_sla_dag.py
[2024-10-26T17:55:29.489+0000] {processor.py:914} INFO - Processing file /home/airflow/.local/lib/python3.12/site-packages/airflow/example_dags/example_sla_dag.py for tasks to queue
[2024-10-26T17:55:29.491+0000] {logging_mixin.py:190} INFO - [2024-10-26T17:55:29.490+0000] {dagbag.py:588} INFO - Filling up the DagBag from /home/airflow/.local/lib/python3.12/site-packages/airflow/example_dags/example_sla_dag.py
[2024-10-26T17:55:29.500+0000] {processor.py:925} INFO - DAG(s) 'example_sla_dag' retrieved from /home/airflow/.local/lib/python3.12/site-packages/airflow/example_dags/example_sla_dag.py
[2024-10-26T17:55:29.518+0000] {logging_mixin.py:190} INFO - [2024-10-26T17:55:29.518+0000] {dag.py:3239} INFO - Sync 1 DAGs
[2024-10-26T17:55:29.543+0000] {logging_mixin.py:190} INFO - [2024-10-26T17:55:29.543+0000] {dag.py:4180} INFO - Setting next_dagrun for example_sla_dag to 2024-10-26 17:52:00+00:00, run_after=2024-10-26 17:54:00+00:00
[2024-10-26T17:55:29.565+0000] {processor.py:208} INFO - Processing /home/airflow/.local/lib/python3.12/site-packages/airflow/example_dags/example_sla_dag.py took 0.084 seconds
[2024-10-26T17:56:02.389+0000] {processor.py:186} INFO - Started process (PID=4420) to work on /home/airflow/.local/lib/python3.12/site-packages/airflow/example_dags/example_sla_dag.py
[2024-10-26T17:56:02.390+0000] {processor.py:914} INFO - Processing file /home/airflow/.local/lib/python3.12/site-packages/airflow/example_dags/example_sla_dag.py for tasks to queue
[2024-10-26T17:56:02.393+0000] {logging_mixin.py:190} INFO - [2024-10-26T17:56:02.392+0000] {dagbag.py:588} INFO - Filling up the DagBag from /home/airflow/.local/lib/python3.12/site-packages/airflow/example_dags/example_sla_dag.py
[2024-10-26T17:56:02.403+0000] {processor.py:925} INFO - DAG(s) 'example_sla_dag' retrieved from /home/airflow/.local/lib/python3.12/site-packages/airflow/example_dags/example_sla_dag.py
[2024-10-26T17:56:02.421+0000] {logging_mixin.py:190} INFO - [2024-10-26T17:56:02.421+0000] {dag.py:3239} INFO - Sync 1 DAGs
[2024-10-26T17:56:02.445+0000] {logging_mixin.py:190} INFO - [2024-10-26T17:56:02.445+0000] {dag.py:4180} INFO - Setting next_dagrun for example_sla_dag to 2024-10-26 17:54:00+00:00, run_after=2024-10-26 17:56:00+00:00
[2024-10-26T17:56:02.466+0000] {processor.py:208} INFO - Processing /home/airflow/.local/lib/python3.12/site-packages/airflow/example_dags/example_sla_dag.py took 0.082 seconds
[2024-10-26T17:56:34.232+0000] {processor.py:186} INFO - Started process (PID=4484) to work on /home/airflow/.local/lib/python3.12/site-packages/airflow/example_dags/example_sla_dag.py
[2024-10-26T17:56:34.233+0000] {processor.py:914} INFO - Processing file /home/airflow/.local/lib/python3.12/site-packages/airflow/example_dags/example_sla_dag.py for tasks to queue
[2024-10-26T17:56:34.236+0000] {logging_mixin.py:190} INFO - [2024-10-26T17:56:34.235+0000] {dagbag.py:588} INFO - Filling up the DagBag from /home/airflow/.local/lib/python3.12/site-packages/airflow/example_dags/example_sla_dag.py
[2024-10-26T17:56:34.244+0000] {processor.py:925} INFO - DAG(s) 'example_sla_dag' retrieved from /home/airflow/.local/lib/python3.12/site-packages/airflow/example_dags/example_sla_dag.py
[2024-10-26T17:56:34.262+0000] {logging_mixin.py:190} INFO - [2024-10-26T17:56:34.262+0000] {dag.py:3239} INFO - Sync 1 DAGs
[2024-10-26T17:56:34.284+0000] {logging_mixin.py:190} INFO - [2024-10-26T17:56:34.284+0000] {dag.py:4180} INFO - Setting next_dagrun for example_sla_dag to 2024-10-26 17:54:00+00:00, run_after=2024-10-26 17:56:00+00:00
[2024-10-26T17:56:34.305+0000] {processor.py:208} INFO - Processing /home/airflow/.local/lib/python3.12/site-packages/airflow/example_dags/example_sla_dag.py took 0.078 seconds
[2024-10-26T17:57:06.924+0000] {processor.py:186} INFO - Started process (PID=4548) to work on /home/airflow/.local/lib/python3.12/site-packages/airflow/example_dags/example_sla_dag.py
[2024-10-26T17:57:06.925+0000] {processor.py:914} INFO - Processing file /home/airflow/.local/lib/python3.12/site-packages/airflow/example_dags/example_sla_dag.py for tasks to queue
[2024-10-26T17:57:06.927+0000] {logging_mixin.py:190} INFO - [2024-10-26T17:57:06.927+0000] {dagbag.py:588} INFO - Filling up the DagBag from /home/airflow/.local/lib/python3.12/site-packages/airflow/example_dags/example_sla_dag.py
[2024-10-26T17:57:06.940+0000] {processor.py:925} INFO - DAG(s) 'example_sla_dag' retrieved from /home/airflow/.local/lib/python3.12/site-packages/airflow/example_dags/example_sla_dag.py
[2024-10-26T17:57:06.961+0000] {logging_mixin.py:190} INFO - [2024-10-26T17:57:06.961+0000] {dag.py:3239} INFO - Sync 1 DAGs
[2024-10-26T17:57:06.989+0000] {logging_mixin.py:190} INFO - [2024-10-26T17:57:06.989+0000] {dag.py:4180} INFO - Setting next_dagrun for example_sla_dag to 2024-10-26 17:54:00+00:00, run_after=2024-10-26 17:56:00+00:00
[2024-10-26T17:57:07.010+0000] {processor.py:208} INFO - Processing /home/airflow/.local/lib/python3.12/site-packages/airflow/example_dags/example_sla_dag.py took 0.094 seconds
[2024-10-26T17:57:40.061+0000] {processor.py:186} INFO - Started process (PID=4612) to work on /home/airflow/.local/lib/python3.12/site-packages/airflow/example_dags/example_sla_dag.py
[2024-10-26T17:57:40.063+0000] {processor.py:914} INFO - Processing file /home/airflow/.local/lib/python3.12/site-packages/airflow/example_dags/example_sla_dag.py for tasks to queue
[2024-10-26T17:57:40.066+0000] {logging_mixin.py:190} INFO - [2024-10-26T17:57:40.065+0000] {dagbag.py:588} INFO - Filling up the DagBag from /home/airflow/.local/lib/python3.12/site-packages/airflow/example_dags/example_sla_dag.py
[2024-10-26T17:57:40.075+0000] {processor.py:925} INFO - DAG(s) 'example_sla_dag' retrieved from /home/airflow/.local/lib/python3.12/site-packages/airflow/example_dags/example_sla_dag.py
[2024-10-26T17:57:40.094+0000] {logging_mixin.py:190} INFO - [2024-10-26T17:57:40.094+0000] {dag.py:3239} INFO - Sync 1 DAGs
[2024-10-26T17:57:40.115+0000] {logging_mixin.py:190} INFO - [2024-10-26T17:57:40.115+0000] {dag.py:4180} INFO - Setting next_dagrun for example_sla_dag to 2024-10-26 17:54:00+00:00, run_after=2024-10-26 17:56:00+00:00
[2024-10-26T17:57:40.131+0000] {processor.py:208} INFO - Processing /home/airflow/.local/lib/python3.12/site-packages/airflow/example_dags/example_sla_dag.py took 0.077 seconds
[2024-10-26T17:58:13.097+0000] {processor.py:186} INFO - Started process (PID=4676) to work on /home/airflow/.local/lib/python3.12/site-packages/airflow/example_dags/example_sla_dag.py
[2024-10-26T17:58:13.098+0000] {processor.py:914} INFO - Processing file /home/airflow/.local/lib/python3.12/site-packages/airflow/example_dags/example_sla_dag.py for tasks to queue
[2024-10-26T17:58:13.100+0000] {logging_mixin.py:190} INFO - [2024-10-26T17:58:13.100+0000] {dagbag.py:588} INFO - Filling up the DagBag from /home/airflow/.local/lib/python3.12/site-packages/airflow/example_dags/example_sla_dag.py
[2024-10-26T17:58:13.109+0000] {processor.py:925} INFO - DAG(s) 'example_sla_dag' retrieved from /home/airflow/.local/lib/python3.12/site-packages/airflow/example_dags/example_sla_dag.py
[2024-10-26T17:58:13.126+0000] {logging_mixin.py:190} INFO - [2024-10-26T17:58:13.126+0000] {dag.py:3239} INFO - Sync 1 DAGs
[2024-10-26T17:58:13.151+0000] {logging_mixin.py:190} INFO - [2024-10-26T17:58:13.151+0000] {dag.py:4180} INFO - Setting next_dagrun for example_sla_dag to 2024-10-26 17:56:00+00:00, run_after=2024-10-26 17:58:00+00:00
[2024-10-26T17:58:13.171+0000] {processor.py:208} INFO - Processing /home/airflow/.local/lib/python3.12/site-packages/airflow/example_dags/example_sla_dag.py took 0.079 seconds
[2024-10-26T17:58:45.711+0000] {processor.py:186} INFO - Started process (PID=4740) to work on /home/airflow/.local/lib/python3.12/site-packages/airflow/example_dags/example_sla_dag.py
[2024-10-26T17:58:45.713+0000] {processor.py:914} INFO - Processing file /home/airflow/.local/lib/python3.12/site-packages/airflow/example_dags/example_sla_dag.py for tasks to queue
[2024-10-26T17:58:45.715+0000] {logging_mixin.py:190} INFO - [2024-10-26T17:58:45.715+0000] {dagbag.py:588} INFO - Filling up the DagBag from /home/airflow/.local/lib/python3.12/site-packages/airflow/example_dags/example_sla_dag.py
[2024-10-26T17:58:45.732+0000] {processor.py:925} INFO - DAG(s) 'example_sla_dag' retrieved from /home/airflow/.local/lib/python3.12/site-packages/airflow/example_dags/example_sla_dag.py
[2024-10-26T17:58:45.754+0000] {logging_mixin.py:190} INFO - [2024-10-26T17:58:45.753+0000] {dag.py:3239} INFO - Sync 1 DAGs
[2024-10-26T17:58:45.778+0000] {logging_mixin.py:190} INFO - [2024-10-26T17:58:45.777+0000] {dag.py:4180} INFO - Setting next_dagrun for example_sla_dag to 2024-10-26 17:56:00+00:00, run_after=2024-10-26 17:58:00+00:00
[2024-10-26T17:58:45.796+0000] {processor.py:208} INFO - Processing /home/airflow/.local/lib/python3.12/site-packages/airflow/example_dags/example_sla_dag.py took 0.093 seconds
[2024-10-26T17:59:18.571+0000] {processor.py:186} INFO - Started process (PID=4804) to work on /home/airflow/.local/lib/python3.12/site-packages/airflow/example_dags/example_sla_dag.py
[2024-10-26T17:59:18.571+0000] {processor.py:914} INFO - Processing file /home/airflow/.local/lib/python3.12/site-packages/airflow/example_dags/example_sla_dag.py for tasks to queue
[2024-10-26T17:59:18.574+0000] {logging_mixin.py:190} INFO - [2024-10-26T17:59:18.573+0000] {dagbag.py:588} INFO - Filling up the DagBag from /home/airflow/.local/lib/python3.12/site-packages/airflow/example_dags/example_sla_dag.py
[2024-10-26T17:59:18.584+0000] {processor.py:925} INFO - DAG(s) 'example_sla_dag' retrieved from /home/airflow/.local/lib/python3.12/site-packages/airflow/example_dags/example_sla_dag.py
[2024-10-26T17:59:18.603+0000] {logging_mixin.py:190} INFO - [2024-10-26T17:59:18.602+0000] {dag.py:3239} INFO - Sync 1 DAGs
[2024-10-26T17:59:18.628+0000] {logging_mixin.py:190} INFO - [2024-10-26T17:59:18.628+0000] {dag.py:4180} INFO - Setting next_dagrun for example_sla_dag to 2024-10-26 17:56:00+00:00, run_after=2024-10-26 17:58:00+00:00
[2024-10-26T17:59:18.648+0000] {processor.py:208} INFO - Processing /home/airflow/.local/lib/python3.12/site-packages/airflow/example_dags/example_sla_dag.py took 0.082 seconds
[2024-10-26T17:59:51.421+0000] {processor.py:186} INFO - Started process (PID=4868) to work on /home/airflow/.local/lib/python3.12/site-packages/airflow/example_dags/example_sla_dag.py
[2024-10-26T17:59:51.422+0000] {processor.py:914} INFO - Processing file /home/airflow/.local/lib/python3.12/site-packages/airflow/example_dags/example_sla_dag.py for tasks to queue
[2024-10-26T17:59:51.425+0000] {logging_mixin.py:190} INFO - [2024-10-26T17:59:51.424+0000] {dagbag.py:588} INFO - Filling up the DagBag from /home/airflow/.local/lib/python3.12/site-packages/airflow/example_dags/example_sla_dag.py
[2024-10-26T17:59:51.434+0000] {processor.py:925} INFO - DAG(s) 'example_sla_dag' retrieved from /home/airflow/.local/lib/python3.12/site-packages/airflow/example_dags/example_sla_dag.py
[2024-10-26T17:59:51.453+0000] {logging_mixin.py:190} INFO - [2024-10-26T17:59:51.453+0000] {dag.py:3239} INFO - Sync 1 DAGs
[2024-10-26T17:59:51.476+0000] {logging_mixin.py:190} INFO - [2024-10-26T17:59:51.475+0000] {dag.py:4180} INFO - Setting next_dagrun for example_sla_dag to 2024-10-26 17:56:00+00:00, run_after=2024-10-26 17:58:00+00:00
[2024-10-26T17:59:51.493+0000] {processor.py:208} INFO - Processing /home/airflow/.local/lib/python3.12/site-packages/airflow/example_dags/example_sla_dag.py took 0.078 seconds
[2024-10-26T18:00:23.897+0000] {processor.py:186} INFO - Started process (PID=4932) to work on /home/airflow/.local/lib/python3.12/site-packages/airflow/example_dags/example_sla_dag.py
[2024-10-26T18:00:23.897+0000] {processor.py:914} INFO - Processing file /home/airflow/.local/lib/python3.12/site-packages/airflow/example_dags/example_sla_dag.py for tasks to queue
[2024-10-26T18:00:23.900+0000] {logging_mixin.py:190} INFO - [2024-10-26T18:00:23.900+0000] {dagbag.py:588} INFO - Filling up the DagBag from /home/airflow/.local/lib/python3.12/site-packages/airflow/example_dags/example_sla_dag.py
[2024-10-26T18:00:23.910+0000] {processor.py:925} INFO - DAG(s) 'example_sla_dag' retrieved from /home/airflow/.local/lib/python3.12/site-packages/airflow/example_dags/example_sla_dag.py
[2024-10-26T18:00:23.928+0000] {logging_mixin.py:190} INFO - [2024-10-26T18:00:23.928+0000] {dag.py:3239} INFO - Sync 1 DAGs
[2024-10-26T18:00:23.954+0000] {logging_mixin.py:190} INFO - [2024-10-26T18:00:23.954+0000] {dag.py:4180} INFO - Setting next_dagrun for example_sla_dag to 2024-10-26 17:58:00+00:00, run_after=2024-10-26 18:00:00+00:00
[2024-10-26T18:00:23.974+0000] {processor.py:208} INFO - Processing /home/airflow/.local/lib/python3.12/site-packages/airflow/example_dags/example_sla_dag.py took 0.085 seconds
[2024-10-26T18:00:56.944+0000] {processor.py:186} INFO - Started process (PID=4996) to work on /home/airflow/.local/lib/python3.12/site-packages/airflow/example_dags/example_sla_dag.py
[2024-10-26T18:00:56.945+0000] {processor.py:914} INFO - Processing file /home/airflow/.local/lib/python3.12/site-packages/airflow/example_dags/example_sla_dag.py for tasks to queue
[2024-10-26T18:00:56.947+0000] {logging_mixin.py:190} INFO - [2024-10-26T18:00:56.947+0000] {dagbag.py:588} INFO - Filling up the DagBag from /home/airflow/.local/lib/python3.12/site-packages/airflow/example_dags/example_sla_dag.py
[2024-10-26T18:00:56.958+0000] {processor.py:925} INFO - DAG(s) 'example_sla_dag' retrieved from /home/airflow/.local/lib/python3.12/site-packages/airflow/example_dags/example_sla_dag.py
[2024-10-26T18:00:56.976+0000] {logging_mixin.py:190} INFO - [2024-10-26T18:00:56.975+0000] {dag.py:3239} INFO - Sync 1 DAGs
[2024-10-26T18:00:56.999+0000] {logging_mixin.py:190} INFO - [2024-10-26T18:00:56.999+0000] {dag.py:4180} INFO - Setting next_dagrun for example_sla_dag to 2024-10-26 17:58:00+00:00, run_after=2024-10-26 18:00:00+00:00
[2024-10-26T18:00:57.020+0000] {processor.py:208} INFO - Processing /home/airflow/.local/lib/python3.12/site-packages/airflow/example_dags/example_sla_dag.py took 0.082 seconds
[2024-10-26T18:01:29.141+0000] {processor.py:186} INFO - Started process (PID=5060) to work on /home/airflow/.local/lib/python3.12/site-packages/airflow/example_dags/example_sla_dag.py
[2024-10-26T18:01:29.142+0000] {processor.py:914} INFO - Processing file /home/airflow/.local/lib/python3.12/site-packages/airflow/example_dags/example_sla_dag.py for tasks to queue
[2024-10-26T18:01:29.144+0000] {logging_mixin.py:190} INFO - [2024-10-26T18:01:29.144+0000] {dagbag.py:588} INFO - Filling up the DagBag from /home/airflow/.local/lib/python3.12/site-packages/airflow/example_dags/example_sla_dag.py
[2024-10-26T18:01:29.155+0000] {processor.py:925} INFO - DAG(s) 'example_sla_dag' retrieved from /home/airflow/.local/lib/python3.12/site-packages/airflow/example_dags/example_sla_dag.py
[2024-10-26T18:01:29.179+0000] {logging_mixin.py:190} INFO - [2024-10-26T18:01:29.179+0000] {dag.py:3239} INFO - Sync 1 DAGs
[2024-10-26T18:01:29.203+0000] {logging_mixin.py:190} INFO - [2024-10-26T18:01:29.203+0000] {dag.py:4180} INFO - Setting next_dagrun for example_sla_dag to 2024-10-26 17:58:00+00:00, run_after=2024-10-26 18:00:00+00:00
[2024-10-26T18:01:29.222+0000] {processor.py:208} INFO - Processing /home/airflow/.local/lib/python3.12/site-packages/airflow/example_dags/example_sla_dag.py took 0.087 seconds
[2024-10-26T18:02:02.272+0000] {processor.py:186} INFO - Started process (PID=5125) to work on /home/airflow/.local/lib/python3.12/site-packages/airflow/example_dags/example_sla_dag.py
[2024-10-26T18:02:02.273+0000] {processor.py:914} INFO - Processing file /home/airflow/.local/lib/python3.12/site-packages/airflow/example_dags/example_sla_dag.py for tasks to queue
[2024-10-26T18:02:02.279+0000] {logging_mixin.py:190} INFO - [2024-10-26T18:02:02.278+0000] {dagbag.py:588} INFO - Filling up the DagBag from /home/airflow/.local/lib/python3.12/site-packages/airflow/example_dags/example_sla_dag.py
[2024-10-26T18:02:02.294+0000] {processor.py:925} INFO - DAG(s) 'example_sla_dag' retrieved from /home/airflow/.local/lib/python3.12/site-packages/airflow/example_dags/example_sla_dag.py
[2024-10-26T18:02:02.311+0000] {logging_mixin.py:190} INFO - [2024-10-26T18:02:02.311+0000] {dag.py:3239} INFO - Sync 1 DAGs
[2024-10-26T18:02:02.336+0000] {logging_mixin.py:190} INFO - [2024-10-26T18:02:02.336+0000] {dag.py:4180} INFO - Setting next_dagrun for example_sla_dag to 2024-10-26 18:00:00+00:00, run_after=2024-10-26 18:02:00+00:00
[2024-10-26T18:02:02.355+0000] {processor.py:208} INFO - Processing /home/airflow/.local/lib/python3.12/site-packages/airflow/example_dags/example_sla_dag.py took 0.091 seconds
[2024-10-26T18:02:34.282+0000] {processor.py:186} INFO - Started process (PID=5189) to work on /home/airflow/.local/lib/python3.12/site-packages/airflow/example_dags/example_sla_dag.py
[2024-10-26T18:02:34.290+0000] {processor.py:914} INFO - Processing file /home/airflow/.local/lib/python3.12/site-packages/airflow/example_dags/example_sla_dag.py for tasks to queue
[2024-10-26T18:02:34.294+0000] {logging_mixin.py:190} INFO - [2024-10-26T18:02:34.293+0000] {dagbag.py:588} INFO - Filling up the DagBag from /home/airflow/.local/lib/python3.12/site-packages/airflow/example_dags/example_sla_dag.py
[2024-10-26T18:02:34.309+0000] {processor.py:925} INFO - DAG(s) 'example_sla_dag' retrieved from /home/airflow/.local/lib/python3.12/site-packages/airflow/example_dags/example_sla_dag.py
[2024-10-26T18:02:34.326+0000] {logging_mixin.py:190} INFO - [2024-10-26T18:02:34.326+0000] {dag.py:3239} INFO - Sync 1 DAGs
[2024-10-26T18:02:34.350+0000] {logging_mixin.py:190} INFO - [2024-10-26T18:02:34.350+0000] {dag.py:4180} INFO - Setting next_dagrun for example_sla_dag to 2024-10-26 18:00:00+00:00, run_after=2024-10-26 18:02:00+00:00
[2024-10-26T18:02:34.368+0000] {processor.py:208} INFO - Processing /home/airflow/.local/lib/python3.12/site-packages/airflow/example_dags/example_sla_dag.py took 0.096 seconds
[2024-10-26T18:03:07.551+0000] {processor.py:186} INFO - Started process (PID=5253) to work on /home/airflow/.local/lib/python3.12/site-packages/airflow/example_dags/example_sla_dag.py
[2024-10-26T18:03:07.552+0000] {processor.py:914} INFO - Processing file /home/airflow/.local/lib/python3.12/site-packages/airflow/example_dags/example_sla_dag.py for tasks to queue
[2024-10-26T18:03:07.554+0000] {logging_mixin.py:190} INFO - [2024-10-26T18:03:07.554+0000] {dagbag.py:588} INFO - Filling up the DagBag from /home/airflow/.local/lib/python3.12/site-packages/airflow/example_dags/example_sla_dag.py
[2024-10-26T18:03:07.564+0000] {processor.py:925} INFO - DAG(s) 'example_sla_dag' retrieved from /home/airflow/.local/lib/python3.12/site-packages/airflow/example_dags/example_sla_dag.py
[2024-10-26T18:03:07.583+0000] {logging_mixin.py:190} INFO - [2024-10-26T18:03:07.583+0000] {dag.py:3239} INFO - Sync 1 DAGs
[2024-10-26T18:03:07.610+0000] {logging_mixin.py:190} INFO - [2024-10-26T18:03:07.610+0000] {dag.py:4180} INFO - Setting next_dagrun for example_sla_dag to 2024-10-26 18:00:00+00:00, run_after=2024-10-26 18:02:00+00:00
[2024-10-26T18:03:07.631+0000] {processor.py:208} INFO - Processing /home/airflow/.local/lib/python3.12/site-packages/airflow/example_dags/example_sla_dag.py took 0.085 seconds
[2024-10-26T18:03:39.765+0000] {processor.py:186} INFO - Started process (PID=5317) to work on /home/airflow/.local/lib/python3.12/site-packages/airflow/example_dags/example_sla_dag.py
[2024-10-26T18:03:39.765+0000] {processor.py:914} INFO - Processing file /home/airflow/.local/lib/python3.12/site-packages/airflow/example_dags/example_sla_dag.py for tasks to queue
[2024-10-26T18:03:39.768+0000] {logging_mixin.py:190} INFO - [2024-10-26T18:03:39.767+0000] {dagbag.py:588} INFO - Filling up the DagBag from /home/airflow/.local/lib/python3.12/site-packages/airflow/example_dags/example_sla_dag.py
[2024-10-26T18:03:39.778+0000] {processor.py:925} INFO - DAG(s) 'example_sla_dag' retrieved from /home/airflow/.local/lib/python3.12/site-packages/airflow/example_dags/example_sla_dag.py
[2024-10-26T18:03:39.797+0000] {logging_mixin.py:190} INFO - [2024-10-26T18:03:39.796+0000] {dag.py:3239} INFO - Sync 1 DAGs
[2024-10-26T18:03:39.822+0000] {logging_mixin.py:190} INFO - [2024-10-26T18:03:39.822+0000] {dag.py:4180} INFO - Setting next_dagrun for example_sla_dag to 2024-10-26 18:00:00+00:00, run_after=2024-10-26 18:02:00+00:00
[2024-10-26T18:03:39.843+0000] {processor.py:208} INFO - Processing /home/airflow/.local/lib/python3.12/site-packages/airflow/example_dags/example_sla_dag.py took 0.083 seconds
[2024-10-26T18:04:12.536+0000] {processor.py:186} INFO - Started process (PID=5381) to work on /home/airflow/.local/lib/python3.12/site-packages/airflow/example_dags/example_sla_dag.py
[2024-10-26T18:04:12.538+0000] {processor.py:914} INFO - Processing file /home/airflow/.local/lib/python3.12/site-packages/airflow/example_dags/example_sla_dag.py for tasks to queue
[2024-10-26T18:04:12.540+0000] {logging_mixin.py:190} INFO - [2024-10-26T18:04:12.540+0000] {dagbag.py:588} INFO - Filling up the DagBag from /home/airflow/.local/lib/python3.12/site-packages/airflow/example_dags/example_sla_dag.py
[2024-10-26T18:04:12.550+0000] {processor.py:925} INFO - DAG(s) 'example_sla_dag' retrieved from /home/airflow/.local/lib/python3.12/site-packages/airflow/example_dags/example_sla_dag.py
[2024-10-26T18:04:12.568+0000] {logging_mixin.py:190} INFO - [2024-10-26T18:04:12.567+0000] {dag.py:3239} INFO - Sync 1 DAGs
[2024-10-26T18:04:12.595+0000] {logging_mixin.py:190} INFO - [2024-10-26T18:04:12.595+0000] {dag.py:4180} INFO - Setting next_dagrun for example_sla_dag to 2024-10-26 18:02:00+00:00, run_after=2024-10-26 18:04:00+00:00
[2024-10-26T18:04:12.616+0000] {processor.py:208} INFO - Processing /home/airflow/.local/lib/python3.12/site-packages/airflow/example_dags/example_sla_dag.py took 0.085 seconds
[2024-10-26T18:04:45.208+0000] {processor.py:186} INFO - Started process (PID=5445) to work on /home/airflow/.local/lib/python3.12/site-packages/airflow/example_dags/example_sla_dag.py
[2024-10-26T18:04:45.209+0000] {processor.py:914} INFO - Processing file /home/airflow/.local/lib/python3.12/site-packages/airflow/example_dags/example_sla_dag.py for tasks to queue
[2024-10-26T18:04:45.211+0000] {logging_mixin.py:190} INFO - [2024-10-26T18:04:45.211+0000] {dagbag.py:588} INFO - Filling up the DagBag from /home/airflow/.local/lib/python3.12/site-packages/airflow/example_dags/example_sla_dag.py
[2024-10-26T18:04:45.221+0000] {processor.py:925} INFO - DAG(s) 'example_sla_dag' retrieved from /home/airflow/.local/lib/python3.12/site-packages/airflow/example_dags/example_sla_dag.py
[2024-10-26T18:04:45.238+0000] {logging_mixin.py:190} INFO - [2024-10-26T18:04:45.238+0000] {dag.py:3239} INFO - Sync 1 DAGs
[2024-10-26T18:04:45.262+0000] {logging_mixin.py:190} INFO - [2024-10-26T18:04:45.262+0000] {dag.py:4180} INFO - Setting next_dagrun for example_sla_dag to 2024-10-26 18:02:00+00:00, run_after=2024-10-26 18:04:00+00:00
[2024-10-26T18:04:45.283+0000] {processor.py:208} INFO - Processing /home/airflow/.local/lib/python3.12/site-packages/airflow/example_dags/example_sla_dag.py took 0.081 seconds
[2024-10-26T18:05:18.111+0000] {processor.py:186} INFO - Started process (PID=5509) to work on /home/airflow/.local/lib/python3.12/site-packages/airflow/example_dags/example_sla_dag.py
[2024-10-26T18:05:18.113+0000] {processor.py:914} INFO - Processing file /home/airflow/.local/lib/python3.12/site-packages/airflow/example_dags/example_sla_dag.py for tasks to queue
[2024-10-26T18:05:18.125+0000] {logging_mixin.py:190} INFO - [2024-10-26T18:05:18.125+0000] {dagbag.py:588} INFO - Filling up the DagBag from /home/airflow/.local/lib/python3.12/site-packages/airflow/example_dags/example_sla_dag.py
[2024-10-26T18:05:18.146+0000] {processor.py:925} INFO - DAG(s) 'example_sla_dag' retrieved from /home/airflow/.local/lib/python3.12/site-packages/airflow/example_dags/example_sla_dag.py
[2024-10-26T18:05:18.186+0000] {logging_mixin.py:190} INFO - [2024-10-26T18:05:18.185+0000] {dag.py:3239} INFO - Sync 1 DAGs
[2024-10-26T18:05:18.233+0000] {logging_mixin.py:190} INFO - [2024-10-26T18:05:18.233+0000] {dag.py:4180} INFO - Setting next_dagrun for example_sla_dag to 2024-10-26 18:02:00+00:00, run_after=2024-10-26 18:04:00+00:00
[2024-10-26T18:05:18.263+0000] {processor.py:208} INFO - Processing /home/airflow/.local/lib/python3.12/site-packages/airflow/example_dags/example_sla_dag.py took 0.161 seconds
[2024-10-26T18:05:51.008+0000] {processor.py:186} INFO - Started process (PID=5573) to work on /home/airflow/.local/lib/python3.12/site-packages/airflow/example_dags/example_sla_dag.py
[2024-10-26T18:05:51.009+0000] {processor.py:914} INFO - Processing file /home/airflow/.local/lib/python3.12/site-packages/airflow/example_dags/example_sla_dag.py for tasks to queue
[2024-10-26T18:05:51.012+0000] {logging_mixin.py:190} INFO - [2024-10-26T18:05:51.012+0000] {dagbag.py:588} INFO - Filling up the DagBag from /home/airflow/.local/lib/python3.12/site-packages/airflow/example_dags/example_sla_dag.py
[2024-10-26T18:05:51.029+0000] {processor.py:925} INFO - DAG(s) 'example_sla_dag' retrieved from /home/airflow/.local/lib/python3.12/site-packages/airflow/example_dags/example_sla_dag.py
[2024-10-26T18:05:51.051+0000] {logging_mixin.py:190} INFO - [2024-10-26T18:05:51.051+0000] {dag.py:3239} INFO - Sync 1 DAGs
[2024-10-26T18:05:51.081+0000] {logging_mixin.py:190} INFO - [2024-10-26T18:05:51.081+0000] {dag.py:4180} INFO - Setting next_dagrun for example_sla_dag to 2024-10-26 18:02:00+00:00, run_after=2024-10-26 18:04:00+00:00
[2024-10-26T18:05:51.111+0000] {processor.py:208} INFO - Processing /home/airflow/.local/lib/python3.12/site-packages/airflow/example_dags/example_sla_dag.py took 0.110 seconds
[2024-10-26T18:06:24.285+0000] {processor.py:186} INFO - Started process (PID=5637) to work on /home/airflow/.local/lib/python3.12/site-packages/airflow/example_dags/example_sla_dag.py
[2024-10-26T18:06:24.286+0000] {processor.py:914} INFO - Processing file /home/airflow/.local/lib/python3.12/site-packages/airflow/example_dags/example_sla_dag.py for tasks to queue
[2024-10-26T18:06:24.289+0000] {logging_mixin.py:190} INFO - [2024-10-26T18:06:24.289+0000] {dagbag.py:588} INFO - Filling up the DagBag from /home/airflow/.local/lib/python3.12/site-packages/airflow/example_dags/example_sla_dag.py
[2024-10-26T18:06:24.317+0000] {processor.py:925} INFO - DAG(s) 'example_sla_dag' retrieved from /home/airflow/.local/lib/python3.12/site-packages/airflow/example_dags/example_sla_dag.py
[2024-10-26T18:06:24.368+0000] {logging_mixin.py:190} INFO - [2024-10-26T18:06:24.362+0000] {dag.py:3239} INFO - Sync 1 DAGs
[2024-10-26T18:06:24.470+0000] {logging_mixin.py:190} INFO - [2024-10-26T18:06:24.469+0000] {dag.py:4180} INFO - Setting next_dagrun for example_sla_dag to 2024-10-26 18:04:00+00:00, run_after=2024-10-26 18:06:00+00:00
[2024-10-26T18:06:24.523+0000] {processor.py:208} INFO - Processing /home/airflow/.local/lib/python3.12/site-packages/airflow/example_dags/example_sla_dag.py took 0.246 seconds
[2024-10-26T18:06:56.971+0000] {processor.py:186} INFO - Started process (PID=5701) to work on /home/airflow/.local/lib/python3.12/site-packages/airflow/example_dags/example_sla_dag.py
[2024-10-26T18:06:56.972+0000] {processor.py:914} INFO - Processing file /home/airflow/.local/lib/python3.12/site-packages/airflow/example_dags/example_sla_dag.py for tasks to queue
[2024-10-26T18:06:56.975+0000] {logging_mixin.py:190} INFO - [2024-10-26T18:06:56.974+0000] {dagbag.py:588} INFO - Filling up the DagBag from /home/airflow/.local/lib/python3.12/site-packages/airflow/example_dags/example_sla_dag.py
[2024-10-26T18:06:56.987+0000] {processor.py:925} INFO - DAG(s) 'example_sla_dag' retrieved from /home/airflow/.local/lib/python3.12/site-packages/airflow/example_dags/example_sla_dag.py
[2024-10-26T18:06:57.006+0000] {logging_mixin.py:190} INFO - [2024-10-26T18:06:57.006+0000] {dag.py:3239} INFO - Sync 1 DAGs
[2024-10-26T18:06:57.029+0000] {logging_mixin.py:190} INFO - [2024-10-26T18:06:57.029+0000] {dag.py:4180} INFO - Setting next_dagrun for example_sla_dag to 2024-10-26 18:04:00+00:00, run_after=2024-10-26 18:06:00+00:00
[2024-10-26T18:06:57.048+0000] {processor.py:208} INFO - Processing /home/airflow/.local/lib/python3.12/site-packages/airflow/example_dags/example_sla_dag.py took 0.083 seconds
[2024-10-26T18:07:29.487+0000] {processor.py:186} INFO - Started process (PID=5765) to work on /home/airflow/.local/lib/python3.12/site-packages/airflow/example_dags/example_sla_dag.py
[2024-10-26T18:07:29.488+0000] {processor.py:914} INFO - Processing file /home/airflow/.local/lib/python3.12/site-packages/airflow/example_dags/example_sla_dag.py for tasks to queue
[2024-10-26T18:07:29.490+0000] {logging_mixin.py:190} INFO - [2024-10-26T18:07:29.490+0000] {dagbag.py:588} INFO - Filling up the DagBag from /home/airflow/.local/lib/python3.12/site-packages/airflow/example_dags/example_sla_dag.py
[2024-10-26T18:07:29.499+0000] {processor.py:925} INFO - DAG(s) 'example_sla_dag' retrieved from /home/airflow/.local/lib/python3.12/site-packages/airflow/example_dags/example_sla_dag.py
[2024-10-26T18:07:29.516+0000] {logging_mixin.py:190} INFO - [2024-10-26T18:07:29.516+0000] {dag.py:3239} INFO - Sync 1 DAGs
[2024-10-26T18:07:29.539+0000] {logging_mixin.py:190} INFO - [2024-10-26T18:07:29.538+0000] {dag.py:4180} INFO - Setting next_dagrun for example_sla_dag to 2024-10-26 18:04:00+00:00, run_after=2024-10-26 18:06:00+00:00
[2024-10-26T18:07:29.558+0000] {processor.py:208} INFO - Processing /home/airflow/.local/lib/python3.12/site-packages/airflow/example_dags/example_sla_dag.py took 0.076 seconds
[2024-10-26T18:08:02.345+0000] {processor.py:186} INFO - Started process (PID=5829) to work on /home/airflow/.local/lib/python3.12/site-packages/airflow/example_dags/example_sla_dag.py
[2024-10-26T18:08:02.346+0000] {processor.py:914} INFO - Processing file /home/airflow/.local/lib/python3.12/site-packages/airflow/example_dags/example_sla_dag.py for tasks to queue
[2024-10-26T18:08:02.349+0000] {logging_mixin.py:190} INFO - [2024-10-26T18:08:02.349+0000] {dagbag.py:588} INFO - Filling up the DagBag from /home/airflow/.local/lib/python3.12/site-packages/airflow/example_dags/example_sla_dag.py
[2024-10-26T18:08:02.359+0000] {processor.py:925} INFO - DAG(s) 'example_sla_dag' retrieved from /home/airflow/.local/lib/python3.12/site-packages/airflow/example_dags/example_sla_dag.py
[2024-10-26T18:08:02.379+0000] {logging_mixin.py:190} INFO - [2024-10-26T18:08:02.378+0000] {dag.py:3239} INFO - Sync 1 DAGs
[2024-10-26T18:08:02.402+0000] {logging_mixin.py:190} INFO - [2024-10-26T18:08:02.402+0000] {dag.py:4180} INFO - Setting next_dagrun for example_sla_dag to 2024-10-26 18:06:00+00:00, run_after=2024-10-26 18:08:00+00:00
[2024-10-26T18:08:02.424+0000] {processor.py:208} INFO - Processing /home/airflow/.local/lib/python3.12/site-packages/airflow/example_dags/example_sla_dag.py took 0.084 seconds
[2024-10-26T18:08:34.745+0000] {processor.py:186} INFO - Started process (PID=5893) to work on /home/airflow/.local/lib/python3.12/site-packages/airflow/example_dags/example_sla_dag.py
[2024-10-26T18:08:34.748+0000] {processor.py:914} INFO - Processing file /home/airflow/.local/lib/python3.12/site-packages/airflow/example_dags/example_sla_dag.py for tasks to queue
[2024-10-26T18:08:34.751+0000] {logging_mixin.py:190} INFO - [2024-10-26T18:08:34.751+0000] {dagbag.py:588} INFO - Filling up the DagBag from /home/airflow/.local/lib/python3.12/site-packages/airflow/example_dags/example_sla_dag.py
[2024-10-26T18:08:34.766+0000] {processor.py:925} INFO - DAG(s) 'example_sla_dag' retrieved from /home/airflow/.local/lib/python3.12/site-packages/airflow/example_dags/example_sla_dag.py
[2024-10-26T18:08:34.792+0000] {logging_mixin.py:190} INFO - [2024-10-26T18:08:34.791+0000] {dag.py:3239} INFO - Sync 1 DAGs
[2024-10-26T18:08:34.844+0000] {logging_mixin.py:190} INFO - [2024-10-26T18:08:34.843+0000] {dag.py:4180} INFO - Setting next_dagrun for example_sla_dag to 2024-10-26 18:06:00+00:00, run_after=2024-10-26 18:08:00+00:00
[2024-10-26T18:08:34.900+0000] {processor.py:208} INFO - Processing /home/airflow/.local/lib/python3.12/site-packages/airflow/example_dags/example_sla_dag.py took 0.166 seconds
[2024-10-26T18:09:07.579+0000] {processor.py:186} INFO - Started process (PID=5957) to work on /home/airflow/.local/lib/python3.12/site-packages/airflow/example_dags/example_sla_dag.py
[2024-10-26T18:09:07.583+0000] {processor.py:914} INFO - Processing file /home/airflow/.local/lib/python3.12/site-packages/airflow/example_dags/example_sla_dag.py for tasks to queue
[2024-10-26T18:09:07.586+0000] {logging_mixin.py:190} INFO - [2024-10-26T18:09:07.586+0000] {dagbag.py:588} INFO - Filling up the DagBag from /home/airflow/.local/lib/python3.12/site-packages/airflow/example_dags/example_sla_dag.py
[2024-10-26T18:09:07.599+0000] {processor.py:925} INFO - DAG(s) 'example_sla_dag' retrieved from /home/airflow/.local/lib/python3.12/site-packages/airflow/example_dags/example_sla_dag.py
[2024-10-26T18:09:07.622+0000] {logging_mixin.py:190} INFO - [2024-10-26T18:09:07.621+0000] {dag.py:3239} INFO - Sync 1 DAGs
[2024-10-26T18:09:07.677+0000] {logging_mixin.py:190} INFO - [2024-10-26T18:09:07.677+0000] {dag.py:4180} INFO - Setting next_dagrun for example_sla_dag to 2024-10-26 18:06:00+00:00, run_after=2024-10-26 18:08:00+00:00
[2024-10-26T18:09:07.736+0000] {processor.py:208} INFO - Processing /home/airflow/.local/lib/python3.12/site-packages/airflow/example_dags/example_sla_dag.py took 0.165 seconds
[2024-10-26T18:09:40.172+0000] {processor.py:186} INFO - Started process (PID=6021) to work on /home/airflow/.local/lib/python3.12/site-packages/airflow/example_dags/example_sla_dag.py
[2024-10-26T18:09:40.173+0000] {processor.py:914} INFO - Processing file /home/airflow/.local/lib/python3.12/site-packages/airflow/example_dags/example_sla_dag.py for tasks to queue
[2024-10-26T18:09:40.175+0000] {logging_mixin.py:190} INFO - [2024-10-26T18:09:40.175+0000] {dagbag.py:588} INFO - Filling up the DagBag from /home/airflow/.local/lib/python3.12/site-packages/airflow/example_dags/example_sla_dag.py
[2024-10-26T18:09:40.188+0000] {processor.py:925} INFO - DAG(s) 'example_sla_dag' retrieved from /home/airflow/.local/lib/python3.12/site-packages/airflow/example_dags/example_sla_dag.py
[2024-10-26T18:09:40.208+0000] {logging_mixin.py:190} INFO - [2024-10-26T18:09:40.208+0000] {dag.py:3239} INFO - Sync 1 DAGs
[2024-10-26T18:09:40.236+0000] {logging_mixin.py:190} INFO - [2024-10-26T18:09:40.235+0000] {dag.py:4180} INFO - Setting next_dagrun for example_sla_dag to 2024-10-26 18:06:00+00:00, run_after=2024-10-26 18:08:00+00:00
[2024-10-26T18:09:40.255+0000] {processor.py:208} INFO - Processing /home/airflow/.local/lib/python3.12/site-packages/airflow/example_dags/example_sla_dag.py took 0.090 seconds
[2024-10-26T18:10:12.406+0000] {processor.py:186} INFO - Started process (PID=6085) to work on /home/airflow/.local/lib/python3.12/site-packages/airflow/example_dags/example_sla_dag.py
[2024-10-26T18:10:12.407+0000] {processor.py:914} INFO - Processing file /home/airflow/.local/lib/python3.12/site-packages/airflow/example_dags/example_sla_dag.py for tasks to queue
[2024-10-26T18:10:12.410+0000] {logging_mixin.py:190} INFO - [2024-10-26T18:10:12.409+0000] {dagbag.py:588} INFO - Filling up the DagBag from /home/airflow/.local/lib/python3.12/site-packages/airflow/example_dags/example_sla_dag.py
[2024-10-26T18:10:12.421+0000] {processor.py:925} INFO - DAG(s) 'example_sla_dag' retrieved from /home/airflow/.local/lib/python3.12/site-packages/airflow/example_dags/example_sla_dag.py
[2024-10-26T18:10:12.444+0000] {logging_mixin.py:190} INFO - [2024-10-26T18:10:12.443+0000] {dag.py:3239} INFO - Sync 1 DAGs
[2024-10-26T18:10:12.471+0000] {logging_mixin.py:190} INFO - [2024-10-26T18:10:12.471+0000] {dag.py:4180} INFO - Setting next_dagrun for example_sla_dag to 2024-10-26 18:08:00+00:00, run_after=2024-10-26 18:10:00+00:00
[2024-10-26T18:10:12.495+0000] {processor.py:208} INFO - Processing /home/airflow/.local/lib/python3.12/site-packages/airflow/example_dags/example_sla_dag.py took 0.095 seconds
[2024-10-26T18:10:45.145+0000] {processor.py:186} INFO - Started process (PID=6149) to work on /home/airflow/.local/lib/python3.12/site-packages/airflow/example_dags/example_sla_dag.py
[2024-10-26T18:10:45.146+0000] {processor.py:914} INFO - Processing file /home/airflow/.local/lib/python3.12/site-packages/airflow/example_dags/example_sla_dag.py for tasks to queue
[2024-10-26T18:10:45.148+0000] {logging_mixin.py:190} INFO - [2024-10-26T18:10:45.148+0000] {dagbag.py:588} INFO - Filling up the DagBag from /home/airflow/.local/lib/python3.12/site-packages/airflow/example_dags/example_sla_dag.py
[2024-10-26T18:10:45.157+0000] {processor.py:925} INFO - DAG(s) 'example_sla_dag' retrieved from /home/airflow/.local/lib/python3.12/site-packages/airflow/example_dags/example_sla_dag.py
[2024-10-26T18:10:45.175+0000] {logging_mixin.py:190} INFO - [2024-10-26T18:10:45.175+0000] {dag.py:3239} INFO - Sync 1 DAGs
[2024-10-26T18:10:45.198+0000] {logging_mixin.py:190} INFO - [2024-10-26T18:10:45.198+0000] {dag.py:4180} INFO - Setting next_dagrun for example_sla_dag to 2024-10-26 18:08:00+00:00, run_after=2024-10-26 18:10:00+00:00
[2024-10-26T18:10:45.221+0000] {processor.py:208} INFO - Processing /home/airflow/.local/lib/python3.12/site-packages/airflow/example_dags/example_sla_dag.py took 0.081 seconds
[2024-10-26T18:11:18.059+0000] {processor.py:186} INFO - Started process (PID=6213) to work on /home/airflow/.local/lib/python3.12/site-packages/airflow/example_dags/example_sla_dag.py
[2024-10-26T18:11:18.060+0000] {processor.py:914} INFO - Processing file /home/airflow/.local/lib/python3.12/site-packages/airflow/example_dags/example_sla_dag.py for tasks to queue
[2024-10-26T18:11:18.064+0000] {logging_mixin.py:190} INFO - [2024-10-26T18:11:18.063+0000] {dagbag.py:588} INFO - Filling up the DagBag from /home/airflow/.local/lib/python3.12/site-packages/airflow/example_dags/example_sla_dag.py
[2024-10-26T18:11:18.074+0000] {processor.py:925} INFO - DAG(s) 'example_sla_dag' retrieved from /home/airflow/.local/lib/python3.12/site-packages/airflow/example_dags/example_sla_dag.py
[2024-10-26T18:11:18.093+0000] {logging_mixin.py:190} INFO - [2024-10-26T18:11:18.092+0000] {dag.py:3239} INFO - Sync 1 DAGs
[2024-10-26T18:11:18.118+0000] {logging_mixin.py:190} INFO - [2024-10-26T18:11:18.118+0000] {dag.py:4180} INFO - Setting next_dagrun for example_sla_dag to 2024-10-26 18:08:00+00:00, run_after=2024-10-26 18:10:00+00:00
[2024-10-26T18:11:18.143+0000] {processor.py:208} INFO - Processing /home/airflow/.local/lib/python3.12/site-packages/airflow/example_dags/example_sla_dag.py took 0.089 seconds
[2024-10-26T18:11:51.161+0000] {processor.py:186} INFO - Started process (PID=6277) to work on /home/airflow/.local/lib/python3.12/site-packages/airflow/example_dags/example_sla_dag.py
[2024-10-26T18:11:51.162+0000] {processor.py:914} INFO - Processing file /home/airflow/.local/lib/python3.12/site-packages/airflow/example_dags/example_sla_dag.py for tasks to queue
[2024-10-26T18:11:51.165+0000] {logging_mixin.py:190} INFO - [2024-10-26T18:11:51.164+0000] {dagbag.py:588} INFO - Filling up the DagBag from /home/airflow/.local/lib/python3.12/site-packages/airflow/example_dags/example_sla_dag.py
[2024-10-26T18:11:51.180+0000] {processor.py:925} INFO - DAG(s) 'example_sla_dag' retrieved from /home/airflow/.local/lib/python3.12/site-packages/airflow/example_dags/example_sla_dag.py
[2024-10-26T18:11:51.205+0000] {logging_mixin.py:190} INFO - [2024-10-26T18:11:51.205+0000] {dag.py:3239} INFO - Sync 1 DAGs
[2024-10-26T18:11:51.239+0000] {logging_mixin.py:190} INFO - [2024-10-26T18:11:51.238+0000] {dag.py:4180} INFO - Setting next_dagrun for example_sla_dag to 2024-10-26 18:08:00+00:00, run_after=2024-10-26 18:10:00+00:00
[2024-10-26T18:11:51.262+0000] {processor.py:208} INFO - Processing /home/airflow/.local/lib/python3.12/site-packages/airflow/example_dags/example_sla_dag.py took 0.110 seconds
[2024-10-26T18:12:23.322+0000] {processor.py:186} INFO - Started process (PID=6341) to work on /home/airflow/.local/lib/python3.12/site-packages/airflow/example_dags/example_sla_dag.py
[2024-10-26T18:12:23.323+0000] {processor.py:914} INFO - Processing file /home/airflow/.local/lib/python3.12/site-packages/airflow/example_dags/example_sla_dag.py for tasks to queue
[2024-10-26T18:12:23.326+0000] {logging_mixin.py:190} INFO - [2024-10-26T18:12:23.326+0000] {dagbag.py:588} INFO - Filling up the DagBag from /home/airflow/.local/lib/python3.12/site-packages/airflow/example_dags/example_sla_dag.py
[2024-10-26T18:12:23.335+0000] {processor.py:925} INFO - DAG(s) 'example_sla_dag' retrieved from /home/airflow/.local/lib/python3.12/site-packages/airflow/example_dags/example_sla_dag.py
[2024-10-26T18:12:23.354+0000] {logging_mixin.py:190} INFO - [2024-10-26T18:12:23.354+0000] {dag.py:3239} INFO - Sync 1 DAGs
[2024-10-26T18:12:23.377+0000] {logging_mixin.py:190} INFO - [2024-10-26T18:12:23.376+0000] {dag.py:4180} INFO - Setting next_dagrun for example_sla_dag to 2024-10-26 18:10:00+00:00, run_after=2024-10-26 18:12:00+00:00
[2024-10-26T18:12:23.398+0000] {processor.py:208} INFO - Processing /home/airflow/.local/lib/python3.12/site-packages/airflow/example_dags/example_sla_dag.py took 0.082 seconds
[2024-10-26T18:12:56.343+0000] {processor.py:186} INFO - Started process (PID=6405) to work on /home/airflow/.local/lib/python3.12/site-packages/airflow/example_dags/example_sla_dag.py
[2024-10-26T18:12:56.344+0000] {processor.py:914} INFO - Processing file /home/airflow/.local/lib/python3.12/site-packages/airflow/example_dags/example_sla_dag.py for tasks to queue
[2024-10-26T18:12:56.347+0000] {logging_mixin.py:190} INFO - [2024-10-26T18:12:56.347+0000] {dagbag.py:588} INFO - Filling up the DagBag from /home/airflow/.local/lib/python3.12/site-packages/airflow/example_dags/example_sla_dag.py
[2024-10-26T18:12:56.358+0000] {processor.py:925} INFO - DAG(s) 'example_sla_dag' retrieved from /home/airflow/.local/lib/python3.12/site-packages/airflow/example_dags/example_sla_dag.py
[2024-10-26T18:12:56.377+0000] {logging_mixin.py:190} INFO - [2024-10-26T18:12:56.377+0000] {dag.py:3239} INFO - Sync 1 DAGs
[2024-10-26T18:12:56.404+0000] {logging_mixin.py:190} INFO - [2024-10-26T18:12:56.404+0000] {dag.py:4180} INFO - Setting next_dagrun for example_sla_dag to 2024-10-26 18:10:00+00:00, run_after=2024-10-26 18:12:00+00:00
[2024-10-26T18:12:56.426+0000] {processor.py:208} INFO - Processing /home/airflow/.local/lib/python3.12/site-packages/airflow/example_dags/example_sla_dag.py took 0.089 seconds
[2024-10-26T18:13:29.360+0000] {processor.py:186} INFO - Started process (PID=6469) to work on /home/airflow/.local/lib/python3.12/site-packages/airflow/example_dags/example_sla_dag.py
[2024-10-26T18:13:29.361+0000] {processor.py:914} INFO - Processing file /home/airflow/.local/lib/python3.12/site-packages/airflow/example_dags/example_sla_dag.py for tasks to queue
[2024-10-26T18:13:29.364+0000] {logging_mixin.py:190} INFO - [2024-10-26T18:13:29.363+0000] {dagbag.py:588} INFO - Filling up the DagBag from /home/airflow/.local/lib/python3.12/site-packages/airflow/example_dags/example_sla_dag.py
[2024-10-26T18:13:29.373+0000] {processor.py:925} INFO - DAG(s) 'example_sla_dag' retrieved from /home/airflow/.local/lib/python3.12/site-packages/airflow/example_dags/example_sla_dag.py
[2024-10-26T18:13:29.395+0000] {logging_mixin.py:190} INFO - [2024-10-26T18:13:29.395+0000] {dag.py:3239} INFO - Sync 1 DAGs
[2024-10-26T18:13:29.426+0000] {logging_mixin.py:190} INFO - [2024-10-26T18:13:29.425+0000] {dag.py:4180} INFO - Setting next_dagrun for example_sla_dag to 2024-10-26 18:10:00+00:00, run_after=2024-10-26 18:12:00+00:00
[2024-10-26T18:13:29.449+0000] {processor.py:208} INFO - Processing /home/airflow/.local/lib/python3.12/site-packages/airflow/example_dags/example_sla_dag.py took 0.095 seconds
[2024-10-26T18:14:02.435+0000] {processor.py:186} INFO - Started process (PID=6533) to work on /home/airflow/.local/lib/python3.12/site-packages/airflow/example_dags/example_sla_dag.py
[2024-10-26T18:14:02.436+0000] {processor.py:914} INFO - Processing file /home/airflow/.local/lib/python3.12/site-packages/airflow/example_dags/example_sla_dag.py for tasks to queue
[2024-10-26T18:14:02.438+0000] {logging_mixin.py:190} INFO - [2024-10-26T18:14:02.438+0000] {dagbag.py:588} INFO - Filling up the DagBag from /home/airflow/.local/lib/python3.12/site-packages/airflow/example_dags/example_sla_dag.py
[2024-10-26T18:14:02.450+0000] {processor.py:925} INFO - DAG(s) 'example_sla_dag' retrieved from /home/airflow/.local/lib/python3.12/site-packages/airflow/example_dags/example_sla_dag.py
[2024-10-26T18:14:02.472+0000] {logging_mixin.py:190} INFO - [2024-10-26T18:14:02.472+0000] {dag.py:3239} INFO - Sync 1 DAGs
[2024-10-26T18:14:02.503+0000] {logging_mixin.py:190} INFO - [2024-10-26T18:14:02.503+0000] {dag.py:4180} INFO - Setting next_dagrun for example_sla_dag to 2024-10-26 18:12:00+00:00, run_after=2024-10-26 18:14:00+00:00
[2024-10-26T18:14:02.525+0000] {processor.py:208} INFO - Processing /home/airflow/.local/lib/python3.12/site-packages/airflow/example_dags/example_sla_dag.py took 0.098 seconds
[2024-10-26T18:14:34.256+0000] {processor.py:186} INFO - Started process (PID=6597) to work on /home/airflow/.local/lib/python3.12/site-packages/airflow/example_dags/example_sla_dag.py
[2024-10-26T18:14:34.258+0000] {processor.py:914} INFO - Processing file /home/airflow/.local/lib/python3.12/site-packages/airflow/example_dags/example_sla_dag.py for tasks to queue
[2024-10-26T18:14:34.260+0000] {logging_mixin.py:190} INFO - [2024-10-26T18:14:34.259+0000] {dagbag.py:588} INFO - Filling up the DagBag from /home/airflow/.local/lib/python3.12/site-packages/airflow/example_dags/example_sla_dag.py
[2024-10-26T18:14:34.269+0000] {processor.py:925} INFO - DAG(s) 'example_sla_dag' retrieved from /home/airflow/.local/lib/python3.12/site-packages/airflow/example_dags/example_sla_dag.py
[2024-10-26T18:14:34.286+0000] {logging_mixin.py:190} INFO - [2024-10-26T18:14:34.286+0000] {dag.py:3239} INFO - Sync 1 DAGs
[2024-10-26T18:14:34.309+0000] {logging_mixin.py:190} INFO - [2024-10-26T18:14:34.309+0000] {dag.py:4180} INFO - Setting next_dagrun for example_sla_dag to 2024-10-26 18:12:00+00:00, run_after=2024-10-26 18:14:00+00:00
[2024-10-26T18:14:34.327+0000] {processor.py:208} INFO - Processing /home/airflow/.local/lib/python3.12/site-packages/airflow/example_dags/example_sla_dag.py took 0.076 seconds
[2024-10-26T18:15:07.116+0000] {processor.py:186} INFO - Started process (PID=6661) to work on /home/airflow/.local/lib/python3.12/site-packages/airflow/example_dags/example_sla_dag.py
[2024-10-26T18:15:07.117+0000] {processor.py:914} INFO - Processing file /home/airflow/.local/lib/python3.12/site-packages/airflow/example_dags/example_sla_dag.py for tasks to queue
[2024-10-26T18:15:07.119+0000] {logging_mixin.py:190} INFO - [2024-10-26T18:15:07.119+0000] {dagbag.py:588} INFO - Filling up the DagBag from /home/airflow/.local/lib/python3.12/site-packages/airflow/example_dags/example_sla_dag.py
[2024-10-26T18:15:07.132+0000] {processor.py:925} INFO - DAG(s) 'example_sla_dag' retrieved from /home/airflow/.local/lib/python3.12/site-packages/airflow/example_dags/example_sla_dag.py
[2024-10-26T18:15:07.150+0000] {logging_mixin.py:190} INFO - [2024-10-26T18:15:07.150+0000] {dag.py:3239} INFO - Sync 1 DAGs
[2024-10-26T18:15:07.175+0000] {logging_mixin.py:190} INFO - [2024-10-26T18:15:07.174+0000] {dag.py:4180} INFO - Setting next_dagrun for example_sla_dag to 2024-10-26 18:12:00+00:00, run_after=2024-10-26 18:14:00+00:00
[2024-10-26T18:15:07.194+0000] {processor.py:208} INFO - Processing /home/airflow/.local/lib/python3.12/site-packages/airflow/example_dags/example_sla_dag.py took 0.083 seconds
[2024-10-26T18:15:39.801+0000] {processor.py:186} INFO - Started process (PID=6725) to work on /home/airflow/.local/lib/python3.12/site-packages/airflow/example_dags/example_sla_dag.py
[2024-10-26T18:15:39.802+0000] {processor.py:914} INFO - Processing file /home/airflow/.local/lib/python3.12/site-packages/airflow/example_dags/example_sla_dag.py for tasks to queue
[2024-10-26T18:15:39.805+0000] {logging_mixin.py:190} INFO - [2024-10-26T18:15:39.804+0000] {dagbag.py:588} INFO - Filling up the DagBag from /home/airflow/.local/lib/python3.12/site-packages/airflow/example_dags/example_sla_dag.py
[2024-10-26T18:15:39.816+0000] {processor.py:925} INFO - DAG(s) 'example_sla_dag' retrieved from /home/airflow/.local/lib/python3.12/site-packages/airflow/example_dags/example_sla_dag.py
[2024-10-26T18:15:39.834+0000] {logging_mixin.py:190} INFO - [2024-10-26T18:15:39.834+0000] {dag.py:3239} INFO - Sync 1 DAGs
[2024-10-26T18:15:39.863+0000] {logging_mixin.py:190} INFO - [2024-10-26T18:15:39.862+0000] {dag.py:4180} INFO - Setting next_dagrun for example_sla_dag to 2024-10-26 18:12:00+00:00, run_after=2024-10-26 18:14:00+00:00
[2024-10-26T18:15:39.880+0000] {processor.py:208} INFO - Processing /home/airflow/.local/lib/python3.12/site-packages/airflow/example_dags/example_sla_dag.py took 0.085 seconds
[2024-10-26T18:16:12.707+0000] {processor.py:186} INFO - Started process (PID=6789) to work on /home/airflow/.local/lib/python3.12/site-packages/airflow/example_dags/example_sla_dag.py
[2024-10-26T18:16:12.708+0000] {processor.py:914} INFO - Processing file /home/airflow/.local/lib/python3.12/site-packages/airflow/example_dags/example_sla_dag.py for tasks to queue
[2024-10-26T18:16:12.711+0000] {logging_mixin.py:190} INFO - [2024-10-26T18:16:12.710+0000] {dagbag.py:588} INFO - Filling up the DagBag from /home/airflow/.local/lib/python3.12/site-packages/airflow/example_dags/example_sla_dag.py
[2024-10-26T18:16:12.721+0000] {processor.py:925} INFO - DAG(s) 'example_sla_dag' retrieved from /home/airflow/.local/lib/python3.12/site-packages/airflow/example_dags/example_sla_dag.py
[2024-10-26T18:16:12.740+0000] {logging_mixin.py:190} INFO - [2024-10-26T18:16:12.740+0000] {dag.py:3239} INFO - Sync 1 DAGs
[2024-10-26T18:16:12.763+0000] {logging_mixin.py:190} INFO - [2024-10-26T18:16:12.763+0000] {dag.py:4180} INFO - Setting next_dagrun for example_sla_dag to 2024-10-26 18:14:00+00:00, run_after=2024-10-26 18:16:00+00:00
[2024-10-26T18:16:12.785+0000] {processor.py:208} INFO - Processing /home/airflow/.local/lib/python3.12/site-packages/airflow/example_dags/example_sla_dag.py took 0.084 seconds
[2024-10-26T18:16:45.542+0000] {processor.py:186} INFO - Started process (PID=6853) to work on /home/airflow/.local/lib/python3.12/site-packages/airflow/example_dags/example_sla_dag.py
[2024-10-26T18:16:45.546+0000] {processor.py:914} INFO - Processing file /home/airflow/.local/lib/python3.12/site-packages/airflow/example_dags/example_sla_dag.py for tasks to queue
[2024-10-26T18:16:45.549+0000] {logging_mixin.py:190} INFO - [2024-10-26T18:16:45.548+0000] {dagbag.py:588} INFO - Filling up the DagBag from /home/airflow/.local/lib/python3.12/site-packages/airflow/example_dags/example_sla_dag.py
[2024-10-26T18:16:45.564+0000] {processor.py:925} INFO - DAG(s) 'example_sla_dag' retrieved from /home/airflow/.local/lib/python3.12/site-packages/airflow/example_dags/example_sla_dag.py
[2024-10-26T18:16:45.583+0000] {logging_mixin.py:190} INFO - [2024-10-26T18:16:45.583+0000] {dag.py:3239} INFO - Sync 1 DAGs
[2024-10-26T18:16:45.611+0000] {logging_mixin.py:190} INFO - [2024-10-26T18:16:45.611+0000] {dag.py:4180} INFO - Setting next_dagrun for example_sla_dag to 2024-10-26 18:14:00+00:00, run_after=2024-10-26 18:16:00+00:00
[2024-10-26T18:16:45.633+0000] {processor.py:208} INFO - Processing /home/airflow/.local/lib/python3.12/site-packages/airflow/example_dags/example_sla_dag.py took 0.102 seconds
[2024-10-26T18:17:18.486+0000] {processor.py:186} INFO - Started process (PID=6917) to work on /home/airflow/.local/lib/python3.12/site-packages/airflow/example_dags/example_sla_dag.py
[2024-10-26T18:17:18.487+0000] {processor.py:914} INFO - Processing file /home/airflow/.local/lib/python3.12/site-packages/airflow/example_dags/example_sla_dag.py for tasks to queue
[2024-10-26T18:17:18.490+0000] {logging_mixin.py:190} INFO - [2024-10-26T18:17:18.489+0000] {dagbag.py:588} INFO - Filling up the DagBag from /home/airflow/.local/lib/python3.12/site-packages/airflow/example_dags/example_sla_dag.py
[2024-10-26T18:17:18.501+0000] {processor.py:925} INFO - DAG(s) 'example_sla_dag' retrieved from /home/airflow/.local/lib/python3.12/site-packages/airflow/example_dags/example_sla_dag.py
[2024-10-26T18:17:18.520+0000] {logging_mixin.py:190} INFO - [2024-10-26T18:17:18.519+0000] {dag.py:3239} INFO - Sync 1 DAGs
[2024-10-26T18:17:18.550+0000] {logging_mixin.py:190} INFO - [2024-10-26T18:17:18.550+0000] {dag.py:4180} INFO - Setting next_dagrun for example_sla_dag to 2024-10-26 18:14:00+00:00, run_after=2024-10-26 18:16:00+00:00
[2024-10-26T18:17:18.573+0000] {processor.py:208} INFO - Processing /home/airflow/.local/lib/python3.12/site-packages/airflow/example_dags/example_sla_dag.py took 0.096 seconds
[2024-10-26T18:17:50.803+0000] {processor.py:186} INFO - Started process (PID=6981) to work on /home/airflow/.local/lib/python3.12/site-packages/airflow/example_dags/example_sla_dag.py
[2024-10-26T18:17:50.804+0000] {processor.py:914} INFO - Processing file /home/airflow/.local/lib/python3.12/site-packages/airflow/example_dags/example_sla_dag.py for tasks to queue
[2024-10-26T18:17:50.807+0000] {logging_mixin.py:190} INFO - [2024-10-26T18:17:50.807+0000] {dagbag.py:588} INFO - Filling up the DagBag from /home/airflow/.local/lib/python3.12/site-packages/airflow/example_dags/example_sla_dag.py
[2024-10-26T18:17:50.816+0000] {processor.py:925} INFO - DAG(s) 'example_sla_dag' retrieved from /home/airflow/.local/lib/python3.12/site-packages/airflow/example_dags/example_sla_dag.py
[2024-10-26T18:17:50.833+0000] {logging_mixin.py:190} INFO - [2024-10-26T18:17:50.833+0000] {dag.py:3239} INFO - Sync 1 DAGs
[2024-10-26T18:17:50.857+0000] {logging_mixin.py:190} INFO - [2024-10-26T18:17:50.856+0000] {dag.py:4180} INFO - Setting next_dagrun for example_sla_dag to 2024-10-26 18:14:00+00:00, run_after=2024-10-26 18:16:00+00:00
[2024-10-26T18:17:50.877+0000] {processor.py:208} INFO - Processing /home/airflow/.local/lib/python3.12/site-packages/airflow/example_dags/example_sla_dag.py took 0.078 seconds
[2024-10-26T18:18:23.784+0000] {processor.py:186} INFO - Started process (PID=7045) to work on /home/airflow/.local/lib/python3.12/site-packages/airflow/example_dags/example_sla_dag.py
[2024-10-26T18:18:23.785+0000] {processor.py:914} INFO - Processing file /home/airflow/.local/lib/python3.12/site-packages/airflow/example_dags/example_sla_dag.py for tasks to queue
[2024-10-26T18:18:23.787+0000] {logging_mixin.py:190} INFO - [2024-10-26T18:18:23.787+0000] {dagbag.py:588} INFO - Filling up the DagBag from /home/airflow/.local/lib/python3.12/site-packages/airflow/example_dags/example_sla_dag.py
[2024-10-26T18:18:23.800+0000] {processor.py:925} INFO - DAG(s) 'example_sla_dag' retrieved from /home/airflow/.local/lib/python3.12/site-packages/airflow/example_dags/example_sla_dag.py
[2024-10-26T18:18:23.819+0000] {logging_mixin.py:190} INFO - [2024-10-26T18:18:23.819+0000] {dag.py:3239} INFO - Sync 1 DAGs
[2024-10-26T18:18:23.845+0000] {logging_mixin.py:190} INFO - [2024-10-26T18:18:23.845+0000] {dag.py:4180} INFO - Setting next_dagrun for example_sla_dag to 2024-10-26 18:16:00+00:00, run_after=2024-10-26 18:18:00+00:00
[2024-10-26T18:18:23.866+0000] {processor.py:208} INFO - Processing /home/airflow/.local/lib/python3.12/site-packages/airflow/example_dags/example_sla_dag.py took 0.089 seconds
[2024-10-26T18:18:56.489+0000] {processor.py:186} INFO - Started process (PID=7109) to work on /home/airflow/.local/lib/python3.12/site-packages/airflow/example_dags/example_sla_dag.py
[2024-10-26T18:18:56.490+0000] {processor.py:914} INFO - Processing file /home/airflow/.local/lib/python3.12/site-packages/airflow/example_dags/example_sla_dag.py for tasks to queue
[2024-10-26T18:18:56.493+0000] {logging_mixin.py:190} INFO - [2024-10-26T18:18:56.493+0000] {dagbag.py:588} INFO - Filling up the DagBag from /home/airflow/.local/lib/python3.12/site-packages/airflow/example_dags/example_sla_dag.py
[2024-10-26T18:18:56.502+0000] {processor.py:925} INFO - DAG(s) 'example_sla_dag' retrieved from /home/airflow/.local/lib/python3.12/site-packages/airflow/example_dags/example_sla_dag.py
[2024-10-26T18:18:56.521+0000] {logging_mixin.py:190} INFO - [2024-10-26T18:18:56.521+0000] {dag.py:3239} INFO - Sync 1 DAGs
[2024-10-26T18:18:56.543+0000] {logging_mixin.py:190} INFO - [2024-10-26T18:18:56.543+0000] {dag.py:4180} INFO - Setting next_dagrun for example_sla_dag to 2024-10-26 18:16:00+00:00, run_after=2024-10-26 18:18:00+00:00
[2024-10-26T18:18:56.564+0000] {processor.py:208} INFO - Processing /home/airflow/.local/lib/python3.12/site-packages/airflow/example_dags/example_sla_dag.py took 0.081 seconds
[2024-10-26T18:19:29.345+0000] {processor.py:186} INFO - Started process (PID=7173) to work on /home/airflow/.local/lib/python3.12/site-packages/airflow/example_dags/example_sla_dag.py
[2024-10-26T18:19:29.347+0000] {processor.py:914} INFO - Processing file /home/airflow/.local/lib/python3.12/site-packages/airflow/example_dags/example_sla_dag.py for tasks to queue
[2024-10-26T18:19:29.350+0000] {logging_mixin.py:190} INFO - [2024-10-26T18:19:29.349+0000] {dagbag.py:588} INFO - Filling up the DagBag from /home/airflow/.local/lib/python3.12/site-packages/airflow/example_dags/example_sla_dag.py
[2024-10-26T18:19:29.363+0000] {processor.py:925} INFO - DAG(s) 'example_sla_dag' retrieved from /home/airflow/.local/lib/python3.12/site-packages/airflow/example_dags/example_sla_dag.py
[2024-10-26T18:19:29.386+0000] {logging_mixin.py:190} INFO - [2024-10-26T18:19:29.385+0000] {dag.py:3239} INFO - Sync 1 DAGs
[2024-10-26T18:19:29.408+0000] {logging_mixin.py:190} INFO - [2024-10-26T18:19:29.408+0000] {dag.py:4180} INFO - Setting next_dagrun for example_sla_dag to 2024-10-26 18:16:00+00:00, run_after=2024-10-26 18:18:00+00:00
[2024-10-26T18:19:29.424+0000] {processor.py:208} INFO - Processing /home/airflow/.local/lib/python3.12/site-packages/airflow/example_dags/example_sla_dag.py took 0.086 seconds
[2024-10-26T18:20:02.175+0000] {processor.py:186} INFO - Started process (PID=7237) to work on /home/airflow/.local/lib/python3.12/site-packages/airflow/example_dags/example_sla_dag.py
[2024-10-26T18:20:02.176+0000] {processor.py:914} INFO - Processing file /home/airflow/.local/lib/python3.12/site-packages/airflow/example_dags/example_sla_dag.py for tasks to queue
[2024-10-26T18:20:02.179+0000] {logging_mixin.py:190} INFO - [2024-10-26T18:20:02.178+0000] {dagbag.py:588} INFO - Filling up the DagBag from /home/airflow/.local/lib/python3.12/site-packages/airflow/example_dags/example_sla_dag.py
[2024-10-26T18:20:02.189+0000] {processor.py:925} INFO - DAG(s) 'example_sla_dag' retrieved from /home/airflow/.local/lib/python3.12/site-packages/airflow/example_dags/example_sla_dag.py
[2024-10-26T18:20:02.208+0000] {logging_mixin.py:190} INFO - [2024-10-26T18:20:02.208+0000] {dag.py:3239} INFO - Sync 1 DAGs
[2024-10-26T18:20:02.233+0000] {logging_mixin.py:190} INFO - [2024-10-26T18:20:02.233+0000] {dag.py:4180} INFO - Setting next_dagrun for example_sla_dag to 2024-10-26 18:18:00+00:00, run_after=2024-10-26 18:20:00+00:00
[2024-10-26T18:20:02.253+0000] {processor.py:208} INFO - Processing /home/airflow/.local/lib/python3.12/site-packages/airflow/example_dags/example_sla_dag.py took 0.082 seconds
[2024-10-26T18:20:34.850+0000] {processor.py:186} INFO - Started process (PID=7301) to work on /home/airflow/.local/lib/python3.12/site-packages/airflow/example_dags/example_sla_dag.py
[2024-10-26T18:20:34.851+0000] {processor.py:914} INFO - Processing file /home/airflow/.local/lib/python3.12/site-packages/airflow/example_dags/example_sla_dag.py for tasks to queue
[2024-10-26T18:20:34.853+0000] {logging_mixin.py:190} INFO - [2024-10-26T18:20:34.853+0000] {dagbag.py:588} INFO - Filling up the DagBag from /home/airflow/.local/lib/python3.12/site-packages/airflow/example_dags/example_sla_dag.py
[2024-10-26T18:20:34.862+0000] {processor.py:925} INFO - DAG(s) 'example_sla_dag' retrieved from /home/airflow/.local/lib/python3.12/site-packages/airflow/example_dags/example_sla_dag.py
[2024-10-26T18:20:34.883+0000] {logging_mixin.py:190} INFO - [2024-10-26T18:20:34.883+0000] {dag.py:3239} INFO - Sync 1 DAGs
[2024-10-26T18:20:34.908+0000] {logging_mixin.py:190} INFO - [2024-10-26T18:20:34.908+0000] {dag.py:4180} INFO - Setting next_dagrun for example_sla_dag to 2024-10-26 18:18:00+00:00, run_after=2024-10-26 18:20:00+00:00
[2024-10-26T18:20:34.931+0000] {processor.py:208} INFO - Processing /home/airflow/.local/lib/python3.12/site-packages/airflow/example_dags/example_sla_dag.py took 0.086 seconds
[2024-10-26T18:21:07.410+0000] {processor.py:186} INFO - Started process (PID=7365) to work on /home/airflow/.local/lib/python3.12/site-packages/airflow/example_dags/example_sla_dag.py
[2024-10-26T18:21:07.411+0000] {processor.py:914} INFO - Processing file /home/airflow/.local/lib/python3.12/site-packages/airflow/example_dags/example_sla_dag.py for tasks to queue
[2024-10-26T18:21:07.414+0000] {logging_mixin.py:190} INFO - [2024-10-26T18:21:07.414+0000] {dagbag.py:588} INFO - Filling up the DagBag from /home/airflow/.local/lib/python3.12/site-packages/airflow/example_dags/example_sla_dag.py
[2024-10-26T18:21:07.425+0000] {processor.py:925} INFO - DAG(s) 'example_sla_dag' retrieved from /home/airflow/.local/lib/python3.12/site-packages/airflow/example_dags/example_sla_dag.py
[2024-10-26T18:21:07.445+0000] {logging_mixin.py:190} INFO - [2024-10-26T18:21:07.444+0000] {dag.py:3239} INFO - Sync 1 DAGs
[2024-10-26T18:21:07.471+0000] {logging_mixin.py:190} INFO - [2024-10-26T18:21:07.471+0000] {dag.py:4180} INFO - Setting next_dagrun for example_sla_dag to 2024-10-26 18:18:00+00:00, run_after=2024-10-26 18:20:00+00:00
[2024-10-26T18:21:07.493+0000] {processor.py:208} INFO - Processing /home/airflow/.local/lib/python3.12/site-packages/airflow/example_dags/example_sla_dag.py took 0.088 seconds
[2024-10-26T18:21:40.460+0000] {processor.py:186} INFO - Started process (PID=7429) to work on /home/airflow/.local/lib/python3.12/site-packages/airflow/example_dags/example_sla_dag.py
[2024-10-26T18:21:40.461+0000] {processor.py:914} INFO - Processing file /home/airflow/.local/lib/python3.12/site-packages/airflow/example_dags/example_sla_dag.py for tasks to queue
[2024-10-26T18:21:40.464+0000] {logging_mixin.py:190} INFO - [2024-10-26T18:21:40.463+0000] {dagbag.py:588} INFO - Filling up the DagBag from /home/airflow/.local/lib/python3.12/site-packages/airflow/example_dags/example_sla_dag.py
[2024-10-26T18:21:40.474+0000] {processor.py:925} INFO - DAG(s) 'example_sla_dag' retrieved from /home/airflow/.local/lib/python3.12/site-packages/airflow/example_dags/example_sla_dag.py
[2024-10-26T18:21:40.493+0000] {logging_mixin.py:190} INFO - [2024-10-26T18:21:40.493+0000] {dag.py:3239} INFO - Sync 1 DAGs
[2024-10-26T18:21:40.516+0000] {logging_mixin.py:190} INFO - [2024-10-26T18:21:40.516+0000] {dag.py:4180} INFO - Setting next_dagrun for example_sla_dag to 2024-10-26 18:18:00+00:00, run_after=2024-10-26 18:20:00+00:00
[2024-10-26T18:21:40.536+0000] {processor.py:208} INFO - Processing /home/airflow/.local/lib/python3.12/site-packages/airflow/example_dags/example_sla_dag.py took 0.081 seconds
[2024-10-26T18:22:13.504+0000] {processor.py:186} INFO - Started process (PID=7493) to work on /home/airflow/.local/lib/python3.12/site-packages/airflow/example_dags/example_sla_dag.py
[2024-10-26T18:22:13.505+0000] {processor.py:914} INFO - Processing file /home/airflow/.local/lib/python3.12/site-packages/airflow/example_dags/example_sla_dag.py for tasks to queue
[2024-10-26T18:22:13.508+0000] {logging_mixin.py:190} INFO - [2024-10-26T18:22:13.507+0000] {dagbag.py:588} INFO - Filling up the DagBag from /home/airflow/.local/lib/python3.12/site-packages/airflow/example_dags/example_sla_dag.py
[2024-10-26T18:22:13.522+0000] {processor.py:925} INFO - DAG(s) 'example_sla_dag' retrieved from /home/airflow/.local/lib/python3.12/site-packages/airflow/example_dags/example_sla_dag.py
[2024-10-26T18:22:13.542+0000] {logging_mixin.py:190} INFO - [2024-10-26T18:22:13.541+0000] {dag.py:3239} INFO - Sync 1 DAGs
[2024-10-26T18:22:13.574+0000] {logging_mixin.py:190} INFO - [2024-10-26T18:22:13.573+0000] {dag.py:4180} INFO - Setting next_dagrun for example_sla_dag to 2024-10-26 18:20:00+00:00, run_after=2024-10-26 18:22:00+00:00
[2024-10-26T18:22:13.600+0000] {processor.py:208} INFO - Processing /home/airflow/.local/lib/python3.12/site-packages/airflow/example_dags/example_sla_dag.py took 0.104 seconds
[2024-10-26T18:22:45.647+0000] {processor.py:186} INFO - Started process (PID=7557) to work on /home/airflow/.local/lib/python3.12/site-packages/airflow/example_dags/example_sla_dag.py
[2024-10-26T18:22:45.648+0000] {processor.py:914} INFO - Processing file /home/airflow/.local/lib/python3.12/site-packages/airflow/example_dags/example_sla_dag.py for tasks to queue
[2024-10-26T18:22:45.651+0000] {logging_mixin.py:190} INFO - [2024-10-26T18:22:45.650+0000] {dagbag.py:588} INFO - Filling up the DagBag from /home/airflow/.local/lib/python3.12/site-packages/airflow/example_dags/example_sla_dag.py
[2024-10-26T18:22:45.659+0000] {processor.py:925} INFO - DAG(s) 'example_sla_dag' retrieved from /home/airflow/.local/lib/python3.12/site-packages/airflow/example_dags/example_sla_dag.py
[2024-10-26T18:22:45.676+0000] {logging_mixin.py:190} INFO - [2024-10-26T18:22:45.676+0000] {dag.py:3239} INFO - Sync 1 DAGs
[2024-10-26T18:22:45.699+0000] {logging_mixin.py:190} INFO - [2024-10-26T18:22:45.699+0000] {dag.py:4180} INFO - Setting next_dagrun for example_sla_dag to 2024-10-26 18:20:00+00:00, run_after=2024-10-26 18:22:00+00:00
[2024-10-26T18:22:45.720+0000] {processor.py:208} INFO - Processing /home/airflow/.local/lib/python3.12/site-packages/airflow/example_dags/example_sla_dag.py took 0.078 seconds
[2024-10-26T18:23:18.571+0000] {processor.py:186} INFO - Started process (PID=7621) to work on /home/airflow/.local/lib/python3.12/site-packages/airflow/example_dags/example_sla_dag.py
[2024-10-26T18:23:18.572+0000] {processor.py:914} INFO - Processing file /home/airflow/.local/lib/python3.12/site-packages/airflow/example_dags/example_sla_dag.py for tasks to queue
[2024-10-26T18:23:18.574+0000] {logging_mixin.py:190} INFO - [2024-10-26T18:23:18.574+0000] {dagbag.py:588} INFO - Filling up the DagBag from /home/airflow/.local/lib/python3.12/site-packages/airflow/example_dags/example_sla_dag.py
[2024-10-26T18:23:18.582+0000] {processor.py:925} INFO - DAG(s) 'example_sla_dag' retrieved from /home/airflow/.local/lib/python3.12/site-packages/airflow/example_dags/example_sla_dag.py
[2024-10-26T18:23:18.600+0000] {logging_mixin.py:190} INFO - [2024-10-26T18:23:18.600+0000] {dag.py:3239} INFO - Sync 1 DAGs
[2024-10-26T18:23:18.623+0000] {logging_mixin.py:190} INFO - [2024-10-26T18:23:18.622+0000] {dag.py:4180} INFO - Setting next_dagrun for example_sla_dag to 2024-10-26 18:20:00+00:00, run_after=2024-10-26 18:22:00+00:00
[2024-10-26T18:23:18.642+0000] {processor.py:208} INFO - Processing /home/airflow/.local/lib/python3.12/site-packages/airflow/example_dags/example_sla_dag.py took 0.077 seconds
[2024-10-26T18:23:51.646+0000] {processor.py:186} INFO - Started process (PID=7685) to work on /home/airflow/.local/lib/python3.12/site-packages/airflow/example_dags/example_sla_dag.py
[2024-10-26T18:23:51.647+0000] {processor.py:914} INFO - Processing file /home/airflow/.local/lib/python3.12/site-packages/airflow/example_dags/example_sla_dag.py for tasks to queue
[2024-10-26T18:23:51.650+0000] {logging_mixin.py:190} INFO - [2024-10-26T18:23:51.649+0000] {dagbag.py:588} INFO - Filling up the DagBag from /home/airflow/.local/lib/python3.12/site-packages/airflow/example_dags/example_sla_dag.py
[2024-10-26T18:23:51.660+0000] {processor.py:925} INFO - DAG(s) 'example_sla_dag' retrieved from /home/airflow/.local/lib/python3.12/site-packages/airflow/example_dags/example_sla_dag.py
[2024-10-26T18:23:51.678+0000] {logging_mixin.py:190} INFO - [2024-10-26T18:23:51.677+0000] {dag.py:3239} INFO - Sync 1 DAGs
[2024-10-26T18:23:51.702+0000] {logging_mixin.py:190} INFO - [2024-10-26T18:23:51.702+0000] {dag.py:4180} INFO - Setting next_dagrun for example_sla_dag to 2024-10-26 18:20:00+00:00, run_after=2024-10-26 18:22:00+00:00
[2024-10-26T18:23:51.723+0000] {processor.py:208} INFO - Processing /home/airflow/.local/lib/python3.12/site-packages/airflow/example_dags/example_sla_dag.py took 0.082 seconds
[2024-10-26T18:24:23.519+0000] {processor.py:186} INFO - Started process (PID=7749) to work on /home/airflow/.local/lib/python3.12/site-packages/airflow/example_dags/example_sla_dag.py
[2024-10-26T18:24:23.520+0000] {processor.py:914} INFO - Processing file /home/airflow/.local/lib/python3.12/site-packages/airflow/example_dags/example_sla_dag.py for tasks to queue
[2024-10-26T18:24:23.523+0000] {logging_mixin.py:190} INFO - [2024-10-26T18:24:23.523+0000] {dagbag.py:588} INFO - Filling up the DagBag from /home/airflow/.local/lib/python3.12/site-packages/airflow/example_dags/example_sla_dag.py
[2024-10-26T18:24:23.533+0000] {processor.py:925} INFO - DAG(s) 'example_sla_dag' retrieved from /home/airflow/.local/lib/python3.12/site-packages/airflow/example_dags/example_sla_dag.py
[2024-10-26T18:24:23.552+0000] {logging_mixin.py:190} INFO - [2024-10-26T18:24:23.551+0000] {dag.py:3239} INFO - Sync 1 DAGs
[2024-10-26T18:24:23.575+0000] {logging_mixin.py:190} INFO - [2024-10-26T18:24:23.575+0000] {dag.py:4180} INFO - Setting next_dagrun for example_sla_dag to 2024-10-26 18:22:00+00:00, run_after=2024-10-26 18:24:00+00:00
[2024-10-26T18:24:23.594+0000] {processor.py:208} INFO - Processing /home/airflow/.local/lib/python3.12/site-packages/airflow/example_dags/example_sla_dag.py took 0.083 seconds
[2024-10-26T18:24:56.544+0000] {processor.py:186} INFO - Started process (PID=7813) to work on /home/airflow/.local/lib/python3.12/site-packages/airflow/example_dags/example_sla_dag.py
[2024-10-26T18:24:56.546+0000] {processor.py:914} INFO - Processing file /home/airflow/.local/lib/python3.12/site-packages/airflow/example_dags/example_sla_dag.py for tasks to queue
[2024-10-26T18:24:56.548+0000] {logging_mixin.py:190} INFO - [2024-10-26T18:24:56.548+0000] {dagbag.py:588} INFO - Filling up the DagBag from /home/airflow/.local/lib/python3.12/site-packages/airflow/example_dags/example_sla_dag.py
[2024-10-26T18:24:56.559+0000] {processor.py:925} INFO - DAG(s) 'example_sla_dag' retrieved from /home/airflow/.local/lib/python3.12/site-packages/airflow/example_dags/example_sla_dag.py
[2024-10-26T18:24:56.578+0000] {logging_mixin.py:190} INFO - [2024-10-26T18:24:56.577+0000] {dag.py:3239} INFO - Sync 1 DAGs
[2024-10-26T18:24:56.600+0000] {logging_mixin.py:190} INFO - [2024-10-26T18:24:56.600+0000] {dag.py:4180} INFO - Setting next_dagrun for example_sla_dag to 2024-10-26 18:22:00+00:00, run_after=2024-10-26 18:24:00+00:00
[2024-10-26T18:24:56.621+0000] {processor.py:208} INFO - Processing /home/airflow/.local/lib/python3.12/site-packages/airflow/example_dags/example_sla_dag.py took 0.082 seconds
[2024-10-26T18:25:29.492+0000] {processor.py:186} INFO - Started process (PID=7877) to work on /home/airflow/.local/lib/python3.12/site-packages/airflow/example_dags/example_sla_dag.py
[2024-10-26T18:25:29.493+0000] {processor.py:914} INFO - Processing file /home/airflow/.local/lib/python3.12/site-packages/airflow/example_dags/example_sla_dag.py for tasks to queue
[2024-10-26T18:25:29.496+0000] {logging_mixin.py:190} INFO - [2024-10-26T18:25:29.495+0000] {dagbag.py:588} INFO - Filling up the DagBag from /home/airflow/.local/lib/python3.12/site-packages/airflow/example_dags/example_sla_dag.py
[2024-10-26T18:25:29.506+0000] {processor.py:925} INFO - DAG(s) 'example_sla_dag' retrieved from /home/airflow/.local/lib/python3.12/site-packages/airflow/example_dags/example_sla_dag.py
[2024-10-26T18:25:29.526+0000] {logging_mixin.py:190} INFO - [2024-10-26T18:25:29.526+0000] {dag.py:3239} INFO - Sync 1 DAGs
[2024-10-26T18:25:29.549+0000] {logging_mixin.py:190} INFO - [2024-10-26T18:25:29.549+0000] {dag.py:4180} INFO - Setting next_dagrun for example_sla_dag to 2024-10-26 18:22:00+00:00, run_after=2024-10-26 18:24:00+00:00
[2024-10-26T18:25:29.569+0000] {processor.py:208} INFO - Processing /home/airflow/.local/lib/python3.12/site-packages/airflow/example_dags/example_sla_dag.py took 0.082 seconds
[2024-10-26T18:26:01.608+0000] {processor.py:186} INFO - Started process (PID=7941) to work on /home/airflow/.local/lib/python3.12/site-packages/airflow/example_dags/example_sla_dag.py
[2024-10-26T18:26:01.609+0000] {processor.py:914} INFO - Processing file /home/airflow/.local/lib/python3.12/site-packages/airflow/example_dags/example_sla_dag.py for tasks to queue
[2024-10-26T18:26:01.612+0000] {logging_mixin.py:190} INFO - [2024-10-26T18:26:01.612+0000] {dagbag.py:588} INFO - Filling up the DagBag from /home/airflow/.local/lib/python3.12/site-packages/airflow/example_dags/example_sla_dag.py
[2024-10-26T18:26:01.621+0000] {processor.py:925} INFO - DAG(s) 'example_sla_dag' retrieved from /home/airflow/.local/lib/python3.12/site-packages/airflow/example_dags/example_sla_dag.py
[2024-10-26T18:26:01.639+0000] {logging_mixin.py:190} INFO - [2024-10-26T18:26:01.639+0000] {dag.py:3239} INFO - Sync 1 DAGs
[2024-10-26T18:26:01.661+0000] {logging_mixin.py:190} INFO - [2024-10-26T18:26:01.661+0000] {dag.py:4180} INFO - Setting next_dagrun for example_sla_dag to 2024-10-26 18:24:00+00:00, run_after=2024-10-26 18:26:00+00:00
[2024-10-26T18:26:01.680+0000] {processor.py:208} INFO - Processing /home/airflow/.local/lib/python3.12/site-packages/airflow/example_dags/example_sla_dag.py took 0.079 seconds
[2024-10-26T18:26:34.785+0000] {processor.py:186} INFO - Started process (PID=8005) to work on /home/airflow/.local/lib/python3.12/site-packages/airflow/example_dags/example_sla_dag.py
[2024-10-26T18:26:34.786+0000] {processor.py:914} INFO - Processing file /home/airflow/.local/lib/python3.12/site-packages/airflow/example_dags/example_sla_dag.py for tasks to queue
[2024-10-26T18:26:34.788+0000] {logging_mixin.py:190} INFO - [2024-10-26T18:26:34.788+0000] {dagbag.py:588} INFO - Filling up the DagBag from /home/airflow/.local/lib/python3.12/site-packages/airflow/example_dags/example_sla_dag.py
[2024-10-26T18:26:34.800+0000] {processor.py:925} INFO - DAG(s) 'example_sla_dag' retrieved from /home/airflow/.local/lib/python3.12/site-packages/airflow/example_dags/example_sla_dag.py
[2024-10-26T18:26:34.818+0000] {logging_mixin.py:190} INFO - [2024-10-26T18:26:34.818+0000] {dag.py:3239} INFO - Sync 1 DAGs
[2024-10-26T18:26:34.842+0000] {logging_mixin.py:190} INFO - [2024-10-26T18:26:34.842+0000] {dag.py:4180} INFO - Setting next_dagrun for example_sla_dag to 2024-10-26 18:24:00+00:00, run_after=2024-10-26 18:26:00+00:00
[2024-10-26T18:26:34.864+0000] {processor.py:208} INFO - Processing /home/airflow/.local/lib/python3.12/site-packages/airflow/example_dags/example_sla_dag.py took 0.084 seconds
[2024-10-26T18:27:07.223+0000] {processor.py:186} INFO - Started process (PID=8069) to work on /home/airflow/.local/lib/python3.12/site-packages/airflow/example_dags/example_sla_dag.py
[2024-10-26T18:27:07.224+0000] {processor.py:914} INFO - Processing file /home/airflow/.local/lib/python3.12/site-packages/airflow/example_dags/example_sla_dag.py for tasks to queue
[2024-10-26T18:27:07.226+0000] {logging_mixin.py:190} INFO - [2024-10-26T18:27:07.226+0000] {dagbag.py:588} INFO - Filling up the DagBag from /home/airflow/.local/lib/python3.12/site-packages/airflow/example_dags/example_sla_dag.py
[2024-10-26T18:27:07.238+0000] {processor.py:925} INFO - DAG(s) 'example_sla_dag' retrieved from /home/airflow/.local/lib/python3.12/site-packages/airflow/example_dags/example_sla_dag.py
[2024-10-26T18:27:07.262+0000] {logging_mixin.py:190} INFO - [2024-10-26T18:27:07.261+0000] {dag.py:3239} INFO - Sync 1 DAGs
[2024-10-26T18:27:07.291+0000] {logging_mixin.py:190} INFO - [2024-10-26T18:27:07.291+0000] {dag.py:4180} INFO - Setting next_dagrun for example_sla_dag to 2024-10-26 18:24:00+00:00, run_after=2024-10-26 18:26:00+00:00
[2024-10-26T18:27:07.319+0000] {processor.py:208} INFO - Processing /home/airflow/.local/lib/python3.12/site-packages/airflow/example_dags/example_sla_dag.py took 0.100 seconds
[2024-10-26T18:27:40.204+0000] {processor.py:186} INFO - Started process (PID=8133) to work on /home/airflow/.local/lib/python3.12/site-packages/airflow/example_dags/example_sla_dag.py
[2024-10-26T18:27:40.205+0000] {processor.py:914} INFO - Processing file /home/airflow/.local/lib/python3.12/site-packages/airflow/example_dags/example_sla_dag.py for tasks to queue
[2024-10-26T18:27:40.208+0000] {logging_mixin.py:190} INFO - [2024-10-26T18:27:40.207+0000] {dagbag.py:588} INFO - Filling up the DagBag from /home/airflow/.local/lib/python3.12/site-packages/airflow/example_dags/example_sla_dag.py
[2024-10-26T18:27:40.217+0000] {processor.py:925} INFO - DAG(s) 'example_sla_dag' retrieved from /home/airflow/.local/lib/python3.12/site-packages/airflow/example_dags/example_sla_dag.py
[2024-10-26T18:27:40.237+0000] {logging_mixin.py:190} INFO - [2024-10-26T18:27:40.237+0000] {dag.py:3239} INFO - Sync 1 DAGs
[2024-10-26T18:27:40.263+0000] {logging_mixin.py:190} INFO - [2024-10-26T18:27:40.262+0000] {dag.py:4180} INFO - Setting next_dagrun for example_sla_dag to 2024-10-26 18:24:00+00:00, run_after=2024-10-26 18:26:00+00:00
[2024-10-26T18:27:40.283+0000] {processor.py:208} INFO - Processing /home/airflow/.local/lib/python3.12/site-packages/airflow/example_dags/example_sla_dag.py took 0.084 seconds
[2024-10-26T18:28:13.480+0000] {processor.py:186} INFO - Started process (PID=8197) to work on /home/airflow/.local/lib/python3.12/site-packages/airflow/example_dags/example_sla_dag.py
[2024-10-26T18:28:13.481+0000] {processor.py:914} INFO - Processing file /home/airflow/.local/lib/python3.12/site-packages/airflow/example_dags/example_sla_dag.py for tasks to queue
[2024-10-26T18:28:13.484+0000] {logging_mixin.py:190} INFO - [2024-10-26T18:28:13.483+0000] {dagbag.py:588} INFO - Filling up the DagBag from /home/airflow/.local/lib/python3.12/site-packages/airflow/example_dags/example_sla_dag.py
[2024-10-26T18:28:13.492+0000] {processor.py:925} INFO - DAG(s) 'example_sla_dag' retrieved from /home/airflow/.local/lib/python3.12/site-packages/airflow/example_dags/example_sla_dag.py
[2024-10-26T18:28:13.509+0000] {logging_mixin.py:190} INFO - [2024-10-26T18:28:13.509+0000] {dag.py:3239} INFO - Sync 1 DAGs
[2024-10-26T18:28:13.532+0000] {logging_mixin.py:190} INFO - [2024-10-26T18:28:13.531+0000] {dag.py:4180} INFO - Setting next_dagrun for example_sla_dag to 2024-10-26 18:26:00+00:00, run_after=2024-10-26 18:28:00+00:00
[2024-10-26T18:28:13.550+0000] {processor.py:208} INFO - Processing /home/airflow/.local/lib/python3.12/site-packages/airflow/example_dags/example_sla_dag.py took 0.075 seconds
[2024-10-26T18:28:45.390+0000] {processor.py:186} INFO - Started process (PID=8261) to work on /home/airflow/.local/lib/python3.12/site-packages/airflow/example_dags/example_sla_dag.py
[2024-10-26T18:28:45.391+0000] {processor.py:914} INFO - Processing file /home/airflow/.local/lib/python3.12/site-packages/airflow/example_dags/example_sla_dag.py for tasks to queue
[2024-10-26T18:28:45.394+0000] {logging_mixin.py:190} INFO - [2024-10-26T18:28:45.393+0000] {dagbag.py:588} INFO - Filling up the DagBag from /home/airflow/.local/lib/python3.12/site-packages/airflow/example_dags/example_sla_dag.py
[2024-10-26T18:28:45.404+0000] {processor.py:925} INFO - DAG(s) 'example_sla_dag' retrieved from /home/airflow/.local/lib/python3.12/site-packages/airflow/example_dags/example_sla_dag.py
[2024-10-26T18:28:45.424+0000] {logging_mixin.py:190} INFO - [2024-10-26T18:28:45.423+0000] {dag.py:3239} INFO - Sync 1 DAGs
[2024-10-26T18:28:45.447+0000] {logging_mixin.py:190} INFO - [2024-10-26T18:28:45.447+0000] {dag.py:4180} INFO - Setting next_dagrun for example_sla_dag to 2024-10-26 18:26:00+00:00, run_after=2024-10-26 18:28:00+00:00
[2024-10-26T18:28:45.467+0000] {processor.py:208} INFO - Processing /home/airflow/.local/lib/python3.12/site-packages/airflow/example_dags/example_sla_dag.py took 0.083 seconds
[2024-10-26T18:29:18.696+0000] {processor.py:186} INFO - Started process (PID=8325) to work on /home/airflow/.local/lib/python3.12/site-packages/airflow/example_dags/example_sla_dag.py
[2024-10-26T18:29:18.703+0000] {processor.py:914} INFO - Processing file /home/airflow/.local/lib/python3.12/site-packages/airflow/example_dags/example_sla_dag.py for tasks to queue
[2024-10-26T18:29:18.706+0000] {logging_mixin.py:190} INFO - [2024-10-26T18:29:18.705+0000] {dagbag.py:588} INFO - Filling up the DagBag from /home/airflow/.local/lib/python3.12/site-packages/airflow/example_dags/example_sla_dag.py
[2024-10-26T18:29:18.727+0000] {processor.py:925} INFO - DAG(s) 'example_sla_dag' retrieved from /home/airflow/.local/lib/python3.12/site-packages/airflow/example_dags/example_sla_dag.py
[2024-10-26T18:29:18.756+0000] {logging_mixin.py:190} INFO - [2024-10-26T18:29:18.756+0000] {dag.py:3239} INFO - Sync 1 DAGs
[2024-10-26T18:29:18.794+0000] {logging_mixin.py:190} INFO - [2024-10-26T18:29:18.793+0000] {dag.py:4180} INFO - Setting next_dagrun for example_sla_dag to 2024-10-26 18:26:00+00:00, run_after=2024-10-26 18:28:00+00:00
[2024-10-26T18:29:18.825+0000] {processor.py:208} INFO - Processing /home/airflow/.local/lib/python3.12/site-packages/airflow/example_dags/example_sla_dag.py took 0.144 seconds
[2024-10-26T18:29:50.750+0000] {processor.py:186} INFO - Started process (PID=8389) to work on /home/airflow/.local/lib/python3.12/site-packages/airflow/example_dags/example_sla_dag.py
[2024-10-26T18:29:50.751+0000] {processor.py:914} INFO - Processing file /home/airflow/.local/lib/python3.12/site-packages/airflow/example_dags/example_sla_dag.py for tasks to queue
[2024-10-26T18:29:50.754+0000] {logging_mixin.py:190} INFO - [2024-10-26T18:29:50.753+0000] {dagbag.py:588} INFO - Filling up the DagBag from /home/airflow/.local/lib/python3.12/site-packages/airflow/example_dags/example_sla_dag.py
[2024-10-26T18:29:50.767+0000] {processor.py:925} INFO - DAG(s) 'example_sla_dag' retrieved from /home/airflow/.local/lib/python3.12/site-packages/airflow/example_dags/example_sla_dag.py
[2024-10-26T18:29:50.787+0000] {logging_mixin.py:190} INFO - [2024-10-26T18:29:50.786+0000] {dag.py:3239} INFO - Sync 1 DAGs
[2024-10-26T18:29:50.813+0000] {logging_mixin.py:190} INFO - [2024-10-26T18:29:50.812+0000] {dag.py:4180} INFO - Setting next_dagrun for example_sla_dag to 2024-10-26 18:26:00+00:00, run_after=2024-10-26 18:28:00+00:00
[2024-10-26T18:29:50.833+0000] {processor.py:208} INFO - Processing /home/airflow/.local/lib/python3.12/site-packages/airflow/example_dags/example_sla_dag.py took 0.090 seconds
[2024-10-26T18:30:23.673+0000] {processor.py:186} INFO - Started process (PID=8453) to work on /home/airflow/.local/lib/python3.12/site-packages/airflow/example_dags/example_sla_dag.py
[2024-10-26T18:30:23.674+0000] {processor.py:914} INFO - Processing file /home/airflow/.local/lib/python3.12/site-packages/airflow/example_dags/example_sla_dag.py for tasks to queue
[2024-10-26T18:30:23.677+0000] {logging_mixin.py:190} INFO - [2024-10-26T18:30:23.677+0000] {dagbag.py:588} INFO - Filling up the DagBag from /home/airflow/.local/lib/python3.12/site-packages/airflow/example_dags/example_sla_dag.py
[2024-10-26T18:30:23.686+0000] {processor.py:925} INFO - DAG(s) 'example_sla_dag' retrieved from /home/airflow/.local/lib/python3.12/site-packages/airflow/example_dags/example_sla_dag.py
[2024-10-26T18:30:23.706+0000] {logging_mixin.py:190} INFO - [2024-10-26T18:30:23.706+0000] {dag.py:3239} INFO - Sync 1 DAGs
[2024-10-26T18:30:23.728+0000] {logging_mixin.py:190} INFO - [2024-10-26T18:30:23.728+0000] {dag.py:4180} INFO - Setting next_dagrun for example_sla_dag to 2024-10-26 18:28:00+00:00, run_after=2024-10-26 18:30:00+00:00
[2024-10-26T18:30:23.749+0000] {processor.py:208} INFO - Processing /home/airflow/.local/lib/python3.12/site-packages/airflow/example_dags/example_sla_dag.py took 0.083 seconds
[2024-10-26T18:30:56.589+0000] {processor.py:186} INFO - Started process (PID=8517) to work on /home/airflow/.local/lib/python3.12/site-packages/airflow/example_dags/example_sla_dag.py
[2024-10-26T18:30:56.590+0000] {processor.py:914} INFO - Processing file /home/airflow/.local/lib/python3.12/site-packages/airflow/example_dags/example_sla_dag.py for tasks to queue
[2024-10-26T18:30:56.592+0000] {logging_mixin.py:190} INFO - [2024-10-26T18:30:56.592+0000] {dagbag.py:588} INFO - Filling up the DagBag from /home/airflow/.local/lib/python3.12/site-packages/airflow/example_dags/example_sla_dag.py
[2024-10-26T18:30:56.600+0000] {processor.py:925} INFO - DAG(s) 'example_sla_dag' retrieved from /home/airflow/.local/lib/python3.12/site-packages/airflow/example_dags/example_sla_dag.py
[2024-10-26T18:30:56.617+0000] {logging_mixin.py:190} INFO - [2024-10-26T18:30:56.617+0000] {dag.py:3239} INFO - Sync 1 DAGs
[2024-10-26T18:30:56.637+0000] {logging_mixin.py:190} INFO - [2024-10-26T18:30:56.637+0000] {dag.py:4180} INFO - Setting next_dagrun for example_sla_dag to 2024-10-26 18:28:00+00:00, run_after=2024-10-26 18:30:00+00:00
[2024-10-26T18:30:56.658+0000] {processor.py:208} INFO - Processing /home/airflow/.local/lib/python3.12/site-packages/airflow/example_dags/example_sla_dag.py took 0.074 seconds
[2024-10-26T18:31:29.712+0000] {processor.py:186} INFO - Started process (PID=8581) to work on /home/airflow/.local/lib/python3.12/site-packages/airflow/example_dags/example_sla_dag.py
[2024-10-26T18:31:29.714+0000] {processor.py:914} INFO - Processing file /home/airflow/.local/lib/python3.12/site-packages/airflow/example_dags/example_sla_dag.py for tasks to queue
[2024-10-26T18:31:29.717+0000] {logging_mixin.py:190} INFO - [2024-10-26T18:31:29.717+0000] {dagbag.py:588} INFO - Filling up the DagBag from /home/airflow/.local/lib/python3.12/site-packages/airflow/example_dags/example_sla_dag.py
[2024-10-26T18:31:29.729+0000] {processor.py:925} INFO - DAG(s) 'example_sla_dag' retrieved from /home/airflow/.local/lib/python3.12/site-packages/airflow/example_dags/example_sla_dag.py
[2024-10-26T18:31:29.747+0000] {logging_mixin.py:190} INFO - [2024-10-26T18:31:29.746+0000] {dag.py:3239} INFO - Sync 1 DAGs
[2024-10-26T18:31:29.769+0000] {logging_mixin.py:190} INFO - [2024-10-26T18:31:29.768+0000] {dag.py:4180} INFO - Setting next_dagrun for example_sla_dag to 2024-10-26 18:28:00+00:00, run_after=2024-10-26 18:30:00+00:00
[2024-10-26T18:31:29.788+0000] {processor.py:208} INFO - Processing /home/airflow/.local/lib/python3.12/site-packages/airflow/example_dags/example_sla_dag.py took 0.083 seconds
[2024-10-26T18:32:01.886+0000] {processor.py:186} INFO - Started process (PID=8645) to work on /home/airflow/.local/lib/python3.12/site-packages/airflow/example_dags/example_sla_dag.py
[2024-10-26T18:32:01.887+0000] {processor.py:914} INFO - Processing file /home/airflow/.local/lib/python3.12/site-packages/airflow/example_dags/example_sla_dag.py for tasks to queue
[2024-10-26T18:32:01.889+0000] {logging_mixin.py:190} INFO - [2024-10-26T18:32:01.889+0000] {dagbag.py:588} INFO - Filling up the DagBag from /home/airflow/.local/lib/python3.12/site-packages/airflow/example_dags/example_sla_dag.py
[2024-10-26T18:32:01.898+0000] {processor.py:925} INFO - DAG(s) 'example_sla_dag' retrieved from /home/airflow/.local/lib/python3.12/site-packages/airflow/example_dags/example_sla_dag.py
[2024-10-26T18:32:01.917+0000] {logging_mixin.py:190} INFO - [2024-10-26T18:32:01.917+0000] {dag.py:3239} INFO - Sync 1 DAGs
[2024-10-26T18:32:01.939+0000] {logging_mixin.py:190} INFO - [2024-10-26T18:32:01.938+0000] {dag.py:4180} INFO - Setting next_dagrun for example_sla_dag to 2024-10-26 18:30:00+00:00, run_after=2024-10-26 18:32:00+00:00
[2024-10-26T18:32:01.958+0000] {processor.py:208} INFO - Processing /home/airflow/.local/lib/python3.12/site-packages/airflow/example_dags/example_sla_dag.py took 0.076 seconds
[2024-10-26T18:32:34.827+0000] {processor.py:186} INFO - Started process (PID=8709) to work on /home/airflow/.local/lib/python3.12/site-packages/airflow/example_dags/example_sla_dag.py
[2024-10-26T18:32:34.829+0000] {processor.py:914} INFO - Processing file /home/airflow/.local/lib/python3.12/site-packages/airflow/example_dags/example_sla_dag.py for tasks to queue
[2024-10-26T18:32:34.831+0000] {logging_mixin.py:190} INFO - [2024-10-26T18:32:34.831+0000] {dagbag.py:588} INFO - Filling up the DagBag from /home/airflow/.local/lib/python3.12/site-packages/airflow/example_dags/example_sla_dag.py
[2024-10-26T18:32:34.843+0000] {processor.py:925} INFO - DAG(s) 'example_sla_dag' retrieved from /home/airflow/.local/lib/python3.12/site-packages/airflow/example_dags/example_sla_dag.py
[2024-10-26T18:32:34.862+0000] {logging_mixin.py:190} INFO - [2024-10-26T18:32:34.862+0000] {dag.py:3239} INFO - Sync 1 DAGs
[2024-10-26T18:32:34.884+0000] {logging_mixin.py:190} INFO - [2024-10-26T18:32:34.884+0000] {dag.py:4180} INFO - Setting next_dagrun for example_sla_dag to 2024-10-26 18:30:00+00:00, run_after=2024-10-26 18:32:00+00:00
[2024-10-26T18:32:34.903+0000] {processor.py:208} INFO - Processing /home/airflow/.local/lib/python3.12/site-packages/airflow/example_dags/example_sla_dag.py took 0.082 seconds
[2024-10-26T18:33:07.567+0000] {processor.py:186} INFO - Started process (PID=8773) to work on /home/airflow/.local/lib/python3.12/site-packages/airflow/example_dags/example_sla_dag.py
[2024-10-26T18:33:07.568+0000] {processor.py:914} INFO - Processing file /home/airflow/.local/lib/python3.12/site-packages/airflow/example_dags/example_sla_dag.py for tasks to queue
[2024-10-26T18:33:07.571+0000] {logging_mixin.py:190} INFO - [2024-10-26T18:33:07.570+0000] {dagbag.py:588} INFO - Filling up the DagBag from /home/airflow/.local/lib/python3.12/site-packages/airflow/example_dags/example_sla_dag.py
[2024-10-26T18:33:07.581+0000] {processor.py:925} INFO - DAG(s) 'example_sla_dag' retrieved from /home/airflow/.local/lib/python3.12/site-packages/airflow/example_dags/example_sla_dag.py
[2024-10-26T18:33:07.606+0000] {logging_mixin.py:190} INFO - [2024-10-26T18:33:07.605+0000] {dag.py:3239} INFO - Sync 1 DAGs
[2024-10-26T18:33:07.630+0000] {logging_mixin.py:190} INFO - [2024-10-26T18:33:07.630+0000] {dag.py:4180} INFO - Setting next_dagrun for example_sla_dag to 2024-10-26 18:30:00+00:00, run_after=2024-10-26 18:32:00+00:00
[2024-10-26T18:33:07.646+0000] {processor.py:208} INFO - Processing /home/airflow/.local/lib/python3.12/site-packages/airflow/example_dags/example_sla_dag.py took 0.087 seconds
[2024-10-26T18:33:40.779+0000] {processor.py:186} INFO - Started process (PID=8837) to work on /home/airflow/.local/lib/python3.12/site-packages/airflow/example_dags/example_sla_dag.py
[2024-10-26T18:33:40.780+0000] {processor.py:914} INFO - Processing file /home/airflow/.local/lib/python3.12/site-packages/airflow/example_dags/example_sla_dag.py for tasks to queue
[2024-10-26T18:33:40.782+0000] {logging_mixin.py:190} INFO - [2024-10-26T18:33:40.782+0000] {dagbag.py:588} INFO - Filling up the DagBag from /home/airflow/.local/lib/python3.12/site-packages/airflow/example_dags/example_sla_dag.py
[2024-10-26T18:33:40.792+0000] {processor.py:925} INFO - DAG(s) 'example_sla_dag' retrieved from /home/airflow/.local/lib/python3.12/site-packages/airflow/example_dags/example_sla_dag.py
[2024-10-26T18:33:40.809+0000] {logging_mixin.py:190} INFO - [2024-10-26T18:33:40.809+0000] {dag.py:3239} INFO - Sync 1 DAGs
[2024-10-26T18:33:41.022+0000] {logging_mixin.py:190} INFO - [2024-10-26T18:33:41.022+0000] {dag.py:4180} INFO - Setting next_dagrun for example_sla_dag to 2024-10-26 18:30:00+00:00, run_after=2024-10-26 18:32:00+00:00
[2024-10-26T18:33:41.045+0000] {processor.py:208} INFO - Processing /home/airflow/.local/lib/python3.12/site-packages/airflow/example_dags/example_sla_dag.py took 0.271 seconds
[2024-10-26T18:34:13.444+0000] {processor.py:186} INFO - Started process (PID=8901) to work on /home/airflow/.local/lib/python3.12/site-packages/airflow/example_dags/example_sla_dag.py
[2024-10-26T18:34:13.445+0000] {processor.py:914} INFO - Processing file /home/airflow/.local/lib/python3.12/site-packages/airflow/example_dags/example_sla_dag.py for tasks to queue
[2024-10-26T18:34:13.447+0000] {logging_mixin.py:190} INFO - [2024-10-26T18:34:13.447+0000] {dagbag.py:588} INFO - Filling up the DagBag from /home/airflow/.local/lib/python3.12/site-packages/airflow/example_dags/example_sla_dag.py
[2024-10-26T18:34:13.456+0000] {processor.py:925} INFO - DAG(s) 'example_sla_dag' retrieved from /home/airflow/.local/lib/python3.12/site-packages/airflow/example_dags/example_sla_dag.py
[2024-10-26T18:34:13.472+0000] {logging_mixin.py:190} INFO - [2024-10-26T18:34:13.472+0000] {dag.py:3239} INFO - Sync 1 DAGs
[2024-10-26T18:34:13.493+0000] {logging_mixin.py:190} INFO - [2024-10-26T18:34:13.493+0000] {dag.py:4180} INFO - Setting next_dagrun for example_sla_dag to 2024-10-26 18:32:00+00:00, run_after=2024-10-26 18:34:00+00:00
[2024-10-26T18:34:13.657+0000] {processor.py:208} INFO - Processing /home/airflow/.local/lib/python3.12/site-packages/airflow/example_dags/example_sla_dag.py took 0.218 seconds
[2024-10-26T18:34:46.155+0000] {processor.py:186} INFO - Started process (PID=8965) to work on /home/airflow/.local/lib/python3.12/site-packages/airflow/example_dags/example_sla_dag.py
[2024-10-26T18:34:46.157+0000] {processor.py:914} INFO - Processing file /home/airflow/.local/lib/python3.12/site-packages/airflow/example_dags/example_sla_dag.py for tasks to queue
[2024-10-26T18:34:46.159+0000] {logging_mixin.py:190} INFO - [2024-10-26T18:34:46.159+0000] {dagbag.py:588} INFO - Filling up the DagBag from /home/airflow/.local/lib/python3.12/site-packages/airflow/example_dags/example_sla_dag.py
[2024-10-26T18:34:46.169+0000] {processor.py:925} INFO - DAG(s) 'example_sla_dag' retrieved from /home/airflow/.local/lib/python3.12/site-packages/airflow/example_dags/example_sla_dag.py
[2024-10-26T18:34:46.186+0000] {logging_mixin.py:190} INFO - [2024-10-26T18:34:46.185+0000] {dag.py:3239} INFO - Sync 1 DAGs
[2024-10-26T18:34:46.206+0000] {logging_mixin.py:190} INFO - [2024-10-26T18:34:46.206+0000] {dag.py:4180} INFO - Setting next_dagrun for example_sla_dag to 2024-10-26 18:32:00+00:00, run_after=2024-10-26 18:34:00+00:00
[2024-10-26T18:34:46.364+0000] {processor.py:208} INFO - Processing /home/airflow/.local/lib/python3.12/site-packages/airflow/example_dags/example_sla_dag.py took 0.216 seconds
[2024-10-26T18:35:18.039+0000] {processor.py:186} INFO - Started process (PID=9029) to work on /home/airflow/.local/lib/python3.12/site-packages/airflow/example_dags/example_sla_dag.py
[2024-10-26T18:35:18.040+0000] {processor.py:914} INFO - Processing file /home/airflow/.local/lib/python3.12/site-packages/airflow/example_dags/example_sla_dag.py for tasks to queue
[2024-10-26T18:35:18.042+0000] {logging_mixin.py:190} INFO - [2024-10-26T18:35:18.042+0000] {dagbag.py:588} INFO - Filling up the DagBag from /home/airflow/.local/lib/python3.12/site-packages/airflow/example_dags/example_sla_dag.py
[2024-10-26T18:35:18.053+0000] {processor.py:925} INFO - DAG(s) 'example_sla_dag' retrieved from /home/airflow/.local/lib/python3.12/site-packages/airflow/example_dags/example_sla_dag.py
[2024-10-26T18:35:18.070+0000] {logging_mixin.py:190} INFO - [2024-10-26T18:35:18.070+0000] {dag.py:3239} INFO - Sync 1 DAGs
[2024-10-26T18:35:18.094+0000] {logging_mixin.py:190} INFO - [2024-10-26T18:35:18.094+0000] {dag.py:4180} INFO - Setting next_dagrun for example_sla_dag to 2024-10-26 18:32:00+00:00, run_after=2024-10-26 18:34:00+00:00
[2024-10-26T18:35:18.116+0000] {processor.py:208} INFO - Processing /home/airflow/.local/lib/python3.12/site-packages/airflow/example_dags/example_sla_dag.py took 0.084 seconds
[2024-10-26T18:35:51.158+0000] {processor.py:186} INFO - Started process (PID=9093) to work on /home/airflow/.local/lib/python3.12/site-packages/airflow/example_dags/example_sla_dag.py
[2024-10-26T18:35:51.159+0000] {processor.py:914} INFO - Processing file /home/airflow/.local/lib/python3.12/site-packages/airflow/example_dags/example_sla_dag.py for tasks to queue
[2024-10-26T18:35:51.163+0000] {logging_mixin.py:190} INFO - [2024-10-26T18:35:51.162+0000] {dagbag.py:588} INFO - Filling up the DagBag from /home/airflow/.local/lib/python3.12/site-packages/airflow/example_dags/example_sla_dag.py
[2024-10-26T18:35:51.177+0000] {processor.py:925} INFO - DAG(s) 'example_sla_dag' retrieved from /home/airflow/.local/lib/python3.12/site-packages/airflow/example_dags/example_sla_dag.py
[2024-10-26T18:35:51.200+0000] {logging_mixin.py:190} INFO - [2024-10-26T18:35:51.199+0000] {dag.py:3239} INFO - Sync 1 DAGs
[2024-10-26T18:35:51.228+0000] {logging_mixin.py:190} INFO - [2024-10-26T18:35:51.228+0000] {dag.py:4180} INFO - Setting next_dagrun for example_sla_dag to 2024-10-26 18:32:00+00:00, run_after=2024-10-26 18:34:00+00:00
[2024-10-26T18:35:51.250+0000] {processor.py:208} INFO - Processing /home/airflow/.local/lib/python3.12/site-packages/airflow/example_dags/example_sla_dag.py took 0.103 seconds
[2024-10-26T18:36:24.299+0000] {processor.py:186} INFO - Started process (PID=9157) to work on /home/airflow/.local/lib/python3.12/site-packages/airflow/example_dags/example_sla_dag.py
[2024-10-26T18:36:24.300+0000] {processor.py:914} INFO - Processing file /home/airflow/.local/lib/python3.12/site-packages/airflow/example_dags/example_sla_dag.py for tasks to queue
[2024-10-26T18:36:24.302+0000] {logging_mixin.py:190} INFO - [2024-10-26T18:36:24.302+0000] {dagbag.py:588} INFO - Filling up the DagBag from /home/airflow/.local/lib/python3.12/site-packages/airflow/example_dags/example_sla_dag.py
[2024-10-26T18:36:24.312+0000] {processor.py:925} INFO - DAG(s) 'example_sla_dag' retrieved from /home/airflow/.local/lib/python3.12/site-packages/airflow/example_dags/example_sla_dag.py
[2024-10-26T18:36:24.331+0000] {logging_mixin.py:190} INFO - [2024-10-26T18:36:24.331+0000] {dag.py:3239} INFO - Sync 1 DAGs
[2024-10-26T18:36:24.355+0000] {logging_mixin.py:190} INFO - [2024-10-26T18:36:24.355+0000] {dag.py:4180} INFO - Setting next_dagrun for example_sla_dag to 2024-10-26 18:34:00+00:00, run_after=2024-10-26 18:36:00+00:00
[2024-10-26T18:36:24.377+0000] {processor.py:208} INFO - Processing /home/airflow/.local/lib/python3.12/site-packages/airflow/example_dags/example_sla_dag.py took 0.085 seconds
[2024-10-26T18:36:56.574+0000] {processor.py:186} INFO - Started process (PID=9221) to work on /home/airflow/.local/lib/python3.12/site-packages/airflow/example_dags/example_sla_dag.py
[2024-10-26T18:36:56.576+0000] {processor.py:914} INFO - Processing file /home/airflow/.local/lib/python3.12/site-packages/airflow/example_dags/example_sla_dag.py for tasks to queue
[2024-10-26T18:36:56.578+0000] {logging_mixin.py:190} INFO - [2024-10-26T18:36:56.578+0000] {dagbag.py:588} INFO - Filling up the DagBag from /home/airflow/.local/lib/python3.12/site-packages/airflow/example_dags/example_sla_dag.py
[2024-10-26T18:36:56.586+0000] {processor.py:925} INFO - DAG(s) 'example_sla_dag' retrieved from /home/airflow/.local/lib/python3.12/site-packages/airflow/example_dags/example_sla_dag.py
[2024-10-26T18:36:56.604+0000] {logging_mixin.py:190} INFO - [2024-10-26T18:36:56.603+0000] {dag.py:3239} INFO - Sync 1 DAGs
[2024-10-26T18:36:56.625+0000] {logging_mixin.py:190} INFO - [2024-10-26T18:36:56.624+0000] {dag.py:4180} INFO - Setting next_dagrun for example_sla_dag to 2024-10-26 18:34:00+00:00, run_after=2024-10-26 18:36:00+00:00
[2024-10-26T18:36:56.644+0000] {processor.py:208} INFO - Processing /home/airflow/.local/lib/python3.12/site-packages/airflow/example_dags/example_sla_dag.py took 0.075 seconds
[2024-10-26T18:37:29.298+0000] {processor.py:186} INFO - Started process (PID=9285) to work on /home/airflow/.local/lib/python3.12/site-packages/airflow/example_dags/example_sla_dag.py
[2024-10-26T18:37:29.299+0000] {processor.py:914} INFO - Processing file /home/airflow/.local/lib/python3.12/site-packages/airflow/example_dags/example_sla_dag.py for tasks to queue
[2024-10-26T18:37:29.302+0000] {logging_mixin.py:190} INFO - [2024-10-26T18:37:29.302+0000] {dagbag.py:588} INFO - Filling up the DagBag from /home/airflow/.local/lib/python3.12/site-packages/airflow/example_dags/example_sla_dag.py
[2024-10-26T18:37:29.310+0000] {processor.py:925} INFO - DAG(s) 'example_sla_dag' retrieved from /home/airflow/.local/lib/python3.12/site-packages/airflow/example_dags/example_sla_dag.py
[2024-10-26T18:37:29.326+0000] {logging_mixin.py:190} INFO - [2024-10-26T18:37:29.326+0000] {dag.py:3239} INFO - Sync 1 DAGs
[2024-10-26T18:37:29.348+0000] {logging_mixin.py:190} INFO - [2024-10-26T18:37:29.347+0000] {dag.py:4180} INFO - Setting next_dagrun for example_sla_dag to 2024-10-26 18:34:00+00:00, run_after=2024-10-26 18:36:00+00:00
[2024-10-26T18:37:29.367+0000] {processor.py:208} INFO - Processing /home/airflow/.local/lib/python3.12/site-packages/airflow/example_dags/example_sla_dag.py took 0.074 seconds
[2024-10-26T18:38:01.968+0000] {processor.py:186} INFO - Started process (PID=9349) to work on /home/airflow/.local/lib/python3.12/site-packages/airflow/example_dags/example_sla_dag.py
[2024-10-26T18:38:01.969+0000] {processor.py:914} INFO - Processing file /home/airflow/.local/lib/python3.12/site-packages/airflow/example_dags/example_sla_dag.py for tasks to queue
[2024-10-26T18:38:01.972+0000] {logging_mixin.py:190} INFO - [2024-10-26T18:38:01.971+0000] {dagbag.py:588} INFO - Filling up the DagBag from /home/airflow/.local/lib/python3.12/site-packages/airflow/example_dags/example_sla_dag.py
[2024-10-26T18:38:01.981+0000] {processor.py:925} INFO - DAG(s) 'example_sla_dag' retrieved from /home/airflow/.local/lib/python3.12/site-packages/airflow/example_dags/example_sla_dag.py
[2024-10-26T18:38:02.001+0000] {logging_mixin.py:190} INFO - [2024-10-26T18:38:02.001+0000] {dag.py:3239} INFO - Sync 1 DAGs
[2024-10-26T18:38:02.023+0000] {logging_mixin.py:190} INFO - [2024-10-26T18:38:02.022+0000] {dag.py:4180} INFO - Setting next_dagrun for example_sla_dag to 2024-10-26 18:36:00+00:00, run_after=2024-10-26 18:38:00+00:00
[2024-10-26T18:38:02.042+0000] {processor.py:208} INFO - Processing /home/airflow/.local/lib/python3.12/site-packages/airflow/example_dags/example_sla_dag.py took 0.079 seconds
[2024-10-26T18:38:34.872+0000] {processor.py:186} INFO - Started process (PID=9413) to work on /home/airflow/.local/lib/python3.12/site-packages/airflow/example_dags/example_sla_dag.py
[2024-10-26T18:38:34.873+0000] {processor.py:914} INFO - Processing file /home/airflow/.local/lib/python3.12/site-packages/airflow/example_dags/example_sla_dag.py for tasks to queue
[2024-10-26T18:38:34.876+0000] {logging_mixin.py:190} INFO - [2024-10-26T18:38:34.876+0000] {dagbag.py:588} INFO - Filling up the DagBag from /home/airflow/.local/lib/python3.12/site-packages/airflow/example_dags/example_sla_dag.py
[2024-10-26T18:38:34.885+0000] {processor.py:925} INFO - DAG(s) 'example_sla_dag' retrieved from /home/airflow/.local/lib/python3.12/site-packages/airflow/example_dags/example_sla_dag.py
[2024-10-26T18:38:34.903+0000] {logging_mixin.py:190} INFO - [2024-10-26T18:38:34.903+0000] {dag.py:3239} INFO - Sync 1 DAGs
[2024-10-26T18:38:34.929+0000] {logging_mixin.py:190} INFO - [2024-10-26T18:38:34.928+0000] {dag.py:4180} INFO - Setting next_dagrun for example_sla_dag to 2024-10-26 18:36:00+00:00, run_after=2024-10-26 18:38:00+00:00
[2024-10-26T18:38:34.951+0000] {processor.py:208} INFO - Processing /home/airflow/.local/lib/python3.12/site-packages/airflow/example_dags/example_sla_dag.py took 0.085 seconds
[2024-10-26T18:39:07.764+0000] {processor.py:186} INFO - Started process (PID=9477) to work on /home/airflow/.local/lib/python3.12/site-packages/airflow/example_dags/example_sla_dag.py
[2024-10-26T18:39:07.765+0000] {processor.py:914} INFO - Processing file /home/airflow/.local/lib/python3.12/site-packages/airflow/example_dags/example_sla_dag.py for tasks to queue
[2024-10-26T18:39:07.767+0000] {logging_mixin.py:190} INFO - [2024-10-26T18:39:07.767+0000] {dagbag.py:588} INFO - Filling up the DagBag from /home/airflow/.local/lib/python3.12/site-packages/airflow/example_dags/example_sla_dag.py
[2024-10-26T18:39:07.777+0000] {processor.py:925} INFO - DAG(s) 'example_sla_dag' retrieved from /home/airflow/.local/lib/python3.12/site-packages/airflow/example_dags/example_sla_dag.py
[2024-10-26T18:39:07.797+0000] {logging_mixin.py:190} INFO - [2024-10-26T18:39:07.797+0000] {dag.py:3239} INFO - Sync 1 DAGs
[2024-10-26T18:39:07.822+0000] {logging_mixin.py:190} INFO - [2024-10-26T18:39:07.822+0000] {dag.py:4180} INFO - Setting next_dagrun for example_sla_dag to 2024-10-26 18:36:00+00:00, run_after=2024-10-26 18:38:00+00:00
[2024-10-26T18:39:07.841+0000] {processor.py:208} INFO - Processing /home/airflow/.local/lib/python3.12/site-packages/airflow/example_dags/example_sla_dag.py took 0.083 seconds
[2024-10-26T18:39:40.920+0000] {processor.py:186} INFO - Started process (PID=9541) to work on /home/airflow/.local/lib/python3.12/site-packages/airflow/example_dags/example_sla_dag.py
[2024-10-26T18:39:40.921+0000] {processor.py:914} INFO - Processing file /home/airflow/.local/lib/python3.12/site-packages/airflow/example_dags/example_sla_dag.py for tasks to queue
[2024-10-26T18:39:40.923+0000] {logging_mixin.py:190} INFO - [2024-10-26T18:39:40.923+0000] {dagbag.py:588} INFO - Filling up the DagBag from /home/airflow/.local/lib/python3.12/site-packages/airflow/example_dags/example_sla_dag.py
[2024-10-26T18:39:40.933+0000] {processor.py:925} INFO - DAG(s) 'example_sla_dag' retrieved from /home/airflow/.local/lib/python3.12/site-packages/airflow/example_dags/example_sla_dag.py
[2024-10-26T18:39:40.950+0000] {logging_mixin.py:190} INFO - [2024-10-26T18:39:40.950+0000] {dag.py:3239} INFO - Sync 1 DAGs
[2024-10-26T18:39:40.975+0000] {logging_mixin.py:190} INFO - [2024-10-26T18:39:40.975+0000] {dag.py:4180} INFO - Setting next_dagrun for example_sla_dag to 2024-10-26 18:36:00+00:00, run_after=2024-10-26 18:38:00+00:00
[2024-10-26T18:39:41.003+0000] {processor.py:208} INFO - Processing /home/airflow/.local/lib/python3.12/site-packages/airflow/example_dags/example_sla_dag.py took 0.089 seconds
[2024-10-26T18:40:12.651+0000] {processor.py:186} INFO - Started process (PID=9605) to work on /home/airflow/.local/lib/python3.12/site-packages/airflow/example_dags/example_sla_dag.py
[2024-10-26T18:40:12.652+0000] {processor.py:914} INFO - Processing file /home/airflow/.local/lib/python3.12/site-packages/airflow/example_dags/example_sla_dag.py for tasks to queue
[2024-10-26T18:40:12.654+0000] {logging_mixin.py:190} INFO - [2024-10-26T18:40:12.654+0000] {dagbag.py:588} INFO - Filling up the DagBag from /home/airflow/.local/lib/python3.12/site-packages/airflow/example_dags/example_sla_dag.py
[2024-10-26T18:40:12.663+0000] {processor.py:925} INFO - DAG(s) 'example_sla_dag' retrieved from /home/airflow/.local/lib/python3.12/site-packages/airflow/example_dags/example_sla_dag.py
[2024-10-26T18:40:12.680+0000] {logging_mixin.py:190} INFO - [2024-10-26T18:40:12.679+0000] {dag.py:3239} INFO - Sync 1 DAGs
[2024-10-26T18:40:12.702+0000] {logging_mixin.py:190} INFO - [2024-10-26T18:40:12.702+0000] {dag.py:4180} INFO - Setting next_dagrun for example_sla_dag to 2024-10-26 18:38:00+00:00, run_after=2024-10-26 18:40:00+00:00
[2024-10-26T18:40:12.724+0000] {processor.py:208} INFO - Processing /home/airflow/.local/lib/python3.12/site-packages/airflow/example_dags/example_sla_dag.py took 0.080 seconds
[2024-10-26T18:40:46.220+0000] {processor.py:186} INFO - Started process (PID=9669) to work on /home/airflow/.local/lib/python3.12/site-packages/airflow/example_dags/example_sla_dag.py
[2024-10-26T18:40:46.221+0000] {processor.py:914} INFO - Processing file /home/airflow/.local/lib/python3.12/site-packages/airflow/example_dags/example_sla_dag.py for tasks to queue
[2024-10-26T18:40:46.224+0000] {logging_mixin.py:190} INFO - [2024-10-26T18:40:46.224+0000] {dagbag.py:588} INFO - Filling up the DagBag from /home/airflow/.local/lib/python3.12/site-packages/airflow/example_dags/example_sla_dag.py
[2024-10-26T18:40:46.233+0000] {processor.py:925} INFO - DAG(s) 'example_sla_dag' retrieved from /home/airflow/.local/lib/python3.12/site-packages/airflow/example_dags/example_sla_dag.py
[2024-10-26T18:40:46.253+0000] {logging_mixin.py:190} INFO - [2024-10-26T18:40:46.253+0000] {dag.py:3239} INFO - Sync 1 DAGs
[2024-10-26T18:40:46.276+0000] {logging_mixin.py:190} INFO - [2024-10-26T18:40:46.276+0000] {dag.py:4180} INFO - Setting next_dagrun for example_sla_dag to 2024-10-26 18:38:00+00:00, run_after=2024-10-26 18:40:00+00:00
[2024-10-26T18:40:46.297+0000] {processor.py:208} INFO - Processing /home/airflow/.local/lib/python3.12/site-packages/airflow/example_dags/example_sla_dag.py took 0.082 seconds
[2024-10-26T18:41:19.017+0000] {processor.py:186} INFO - Started process (PID=9733) to work on /home/airflow/.local/lib/python3.12/site-packages/airflow/example_dags/example_sla_dag.py
[2024-10-26T18:41:19.018+0000] {processor.py:914} INFO - Processing file /home/airflow/.local/lib/python3.12/site-packages/airflow/example_dags/example_sla_dag.py for tasks to queue
[2024-10-26T18:41:19.021+0000] {logging_mixin.py:190} INFO - [2024-10-26T18:41:19.020+0000] {dagbag.py:588} INFO - Filling up the DagBag from /home/airflow/.local/lib/python3.12/site-packages/airflow/example_dags/example_sla_dag.py
[2024-10-26T18:41:19.030+0000] {processor.py:925} INFO - DAG(s) 'example_sla_dag' retrieved from /home/airflow/.local/lib/python3.12/site-packages/airflow/example_dags/example_sla_dag.py
[2024-10-26T18:41:19.047+0000] {logging_mixin.py:190} INFO - [2024-10-26T18:41:19.047+0000] {dag.py:3239} INFO - Sync 1 DAGs
[2024-10-26T18:41:19.069+0000] {logging_mixin.py:190} INFO - [2024-10-26T18:41:19.069+0000] {dag.py:4180} INFO - Setting next_dagrun for example_sla_dag to 2024-10-26 18:38:00+00:00, run_after=2024-10-26 18:40:00+00:00
[2024-10-26T18:41:19.088+0000] {processor.py:208} INFO - Processing /home/airflow/.local/lib/python3.12/site-packages/airflow/example_dags/example_sla_dag.py took 0.076 seconds
[2024-10-26T18:41:50.727+0000] {processor.py:186} INFO - Started process (PID=9797) to work on /home/airflow/.local/lib/python3.12/site-packages/airflow/example_dags/example_sla_dag.py
[2024-10-26T18:41:50.728+0000] {processor.py:914} INFO - Processing file /home/airflow/.local/lib/python3.12/site-packages/airflow/example_dags/example_sla_dag.py for tasks to queue
[2024-10-26T18:41:50.730+0000] {logging_mixin.py:190} INFO - [2024-10-26T18:41:50.730+0000] {dagbag.py:588} INFO - Filling up the DagBag from /home/airflow/.local/lib/python3.12/site-packages/airflow/example_dags/example_sla_dag.py
[2024-10-26T18:41:50.739+0000] {processor.py:925} INFO - DAG(s) 'example_sla_dag' retrieved from /home/airflow/.local/lib/python3.12/site-packages/airflow/example_dags/example_sla_dag.py
[2024-10-26T18:41:50.758+0000] {logging_mixin.py:190} INFO - [2024-10-26T18:41:50.758+0000] {dag.py:3239} INFO - Sync 1 DAGs
[2024-10-26T18:41:50.780+0000] {logging_mixin.py:190} INFO - [2024-10-26T18:41:50.779+0000] {dag.py:4180} INFO - Setting next_dagrun for example_sla_dag to 2024-10-26 18:38:00+00:00, run_after=2024-10-26 18:40:00+00:00
[2024-10-26T18:41:50.799+0000] {processor.py:208} INFO - Processing /home/airflow/.local/lib/python3.12/site-packages/airflow/example_dags/example_sla_dag.py took 0.077 seconds
[2024-10-26T18:42:23.612+0000] {processor.py:186} INFO - Started process (PID=9861) to work on /home/airflow/.local/lib/python3.12/site-packages/airflow/example_dags/example_sla_dag.py
[2024-10-26T18:42:23.614+0000] {processor.py:914} INFO - Processing file /home/airflow/.local/lib/python3.12/site-packages/airflow/example_dags/example_sla_dag.py for tasks to queue
[2024-10-26T18:42:23.616+0000] {logging_mixin.py:190} INFO - [2024-10-26T18:42:23.616+0000] {dagbag.py:588} INFO - Filling up the DagBag from /home/airflow/.local/lib/python3.12/site-packages/airflow/example_dags/example_sla_dag.py
[2024-10-26T18:42:23.630+0000] {processor.py:925} INFO - DAG(s) 'example_sla_dag' retrieved from /home/airflow/.local/lib/python3.12/site-packages/airflow/example_dags/example_sla_dag.py
[2024-10-26T18:42:23.650+0000] {logging_mixin.py:190} INFO - [2024-10-26T18:42:23.650+0000] {dag.py:3239} INFO - Sync 1 DAGs
[2024-10-26T18:42:23.677+0000] {logging_mixin.py:190} INFO - [2024-10-26T18:42:23.677+0000] {dag.py:4180} INFO - Setting next_dagrun for example_sla_dag to 2024-10-26 18:40:00+00:00, run_after=2024-10-26 18:42:00+00:00
[2024-10-26T18:42:23.701+0000] {processor.py:208} INFO - Processing /home/airflow/.local/lib/python3.12/site-packages/airflow/example_dags/example_sla_dag.py took 0.100 seconds
[2024-10-26T18:42:56.452+0000] {processor.py:186} INFO - Started process (PID=9925) to work on /home/airflow/.local/lib/python3.12/site-packages/airflow/example_dags/example_sla_dag.py
[2024-10-26T18:42:56.454+0000] {processor.py:914} INFO - Processing file /home/airflow/.local/lib/python3.12/site-packages/airflow/example_dags/example_sla_dag.py for tasks to queue
[2024-10-26T18:42:56.456+0000] {logging_mixin.py:190} INFO - [2024-10-26T18:42:56.456+0000] {dagbag.py:588} INFO - Filling up the DagBag from /home/airflow/.local/lib/python3.12/site-packages/airflow/example_dags/example_sla_dag.py
[2024-10-26T18:42:56.467+0000] {processor.py:925} INFO - DAG(s) 'example_sla_dag' retrieved from /home/airflow/.local/lib/python3.12/site-packages/airflow/example_dags/example_sla_dag.py
[2024-10-26T18:42:56.484+0000] {logging_mixin.py:190} INFO - [2024-10-26T18:42:56.483+0000] {dag.py:3239} INFO - Sync 1 DAGs
[2024-10-26T18:42:56.506+0000] {logging_mixin.py:190} INFO - [2024-10-26T18:42:56.506+0000] {dag.py:4180} INFO - Setting next_dagrun for example_sla_dag to 2024-10-26 18:40:00+00:00, run_after=2024-10-26 18:42:00+00:00
[2024-10-26T18:42:56.525+0000] {processor.py:208} INFO - Processing /home/airflow/.local/lib/python3.12/site-packages/airflow/example_dags/example_sla_dag.py took 0.079 seconds
[2024-10-26T18:43:29.887+0000] {processor.py:186} INFO - Started process (PID=9989) to work on /home/airflow/.local/lib/python3.12/site-packages/airflow/example_dags/example_sla_dag.py
[2024-10-26T18:43:29.891+0000] {processor.py:914} INFO - Processing file /home/airflow/.local/lib/python3.12/site-packages/airflow/example_dags/example_sla_dag.py for tasks to queue
[2024-10-26T18:43:29.895+0000] {logging_mixin.py:190} INFO - [2024-10-26T18:43:29.894+0000] {dagbag.py:588} INFO - Filling up the DagBag from /home/airflow/.local/lib/python3.12/site-packages/airflow/example_dags/example_sla_dag.py
[2024-10-26T18:43:29.910+0000] {processor.py:925} INFO - DAG(s) 'example_sla_dag' retrieved from /home/airflow/.local/lib/python3.12/site-packages/airflow/example_dags/example_sla_dag.py
[2024-10-26T18:43:29.942+0000] {logging_mixin.py:190} INFO - [2024-10-26T18:43:29.941+0000] {dag.py:3239} INFO - Sync 1 DAGs
[2024-10-26T18:43:29.983+0000] {logging_mixin.py:190} INFO - [2024-10-26T18:43:29.982+0000] {dag.py:4180} INFO - Setting next_dagrun for example_sla_dag to 2024-10-26 18:40:00+00:00, run_after=2024-10-26 18:42:00+00:00
[2024-10-26T18:43:30.016+0000] {processor.py:208} INFO - Processing /home/airflow/.local/lib/python3.12/site-packages/airflow/example_dags/example_sla_dag.py took 0.137 seconds
[2024-10-26T18:44:01.934+0000] {processor.py:186} INFO - Started process (PID=10053) to work on /home/airflow/.local/lib/python3.12/site-packages/airflow/example_dags/example_sla_dag.py
[2024-10-26T18:44:01.935+0000] {processor.py:914} INFO - Processing file /home/airflow/.local/lib/python3.12/site-packages/airflow/example_dags/example_sla_dag.py for tasks to queue
[2024-10-26T18:44:01.937+0000] {logging_mixin.py:190} INFO - [2024-10-26T18:44:01.937+0000] {dagbag.py:588} INFO - Filling up the DagBag from /home/airflow/.local/lib/python3.12/site-packages/airflow/example_dags/example_sla_dag.py
[2024-10-26T18:44:01.947+0000] {processor.py:925} INFO - DAG(s) 'example_sla_dag' retrieved from /home/airflow/.local/lib/python3.12/site-packages/airflow/example_dags/example_sla_dag.py
[2024-10-26T18:44:01.965+0000] {logging_mixin.py:190} INFO - [2024-10-26T18:44:01.965+0000] {dag.py:3239} INFO - Sync 1 DAGs
[2024-10-26T18:44:01.987+0000] {logging_mixin.py:190} INFO - [2024-10-26T18:44:01.987+0000] {dag.py:4180} INFO - Setting next_dagrun for example_sla_dag to 2024-10-26 18:42:00+00:00, run_after=2024-10-26 18:44:00+00:00
[2024-10-26T18:44:02.007+0000] {processor.py:208} INFO - Processing /home/airflow/.local/lib/python3.12/site-packages/airflow/example_dags/example_sla_dag.py took 0.078 seconds
[2024-10-26T18:44:34.819+0000] {processor.py:186} INFO - Started process (PID=10117) to work on /home/airflow/.local/lib/python3.12/site-packages/airflow/example_dags/example_sla_dag.py
[2024-10-26T18:44:34.820+0000] {processor.py:914} INFO - Processing file /home/airflow/.local/lib/python3.12/site-packages/airflow/example_dags/example_sla_dag.py for tasks to queue
[2024-10-26T18:44:34.822+0000] {logging_mixin.py:190} INFO - [2024-10-26T18:44:34.822+0000] {dagbag.py:588} INFO - Filling up the DagBag from /home/airflow/.local/lib/python3.12/site-packages/airflow/example_dags/example_sla_dag.py
[2024-10-26T18:44:34.832+0000] {processor.py:925} INFO - DAG(s) 'example_sla_dag' retrieved from /home/airflow/.local/lib/python3.12/site-packages/airflow/example_dags/example_sla_dag.py
[2024-10-26T18:44:34.850+0000] {logging_mixin.py:190} INFO - [2024-10-26T18:44:34.849+0000] {dag.py:3239} INFO - Sync 1 DAGs
[2024-10-26T18:44:34.872+0000] {logging_mixin.py:190} INFO - [2024-10-26T18:44:34.872+0000] {dag.py:4180} INFO - Setting next_dagrun for example_sla_dag to 2024-10-26 18:42:00+00:00, run_after=2024-10-26 18:44:00+00:00
[2024-10-26T18:44:34.892+0000] {processor.py:208} INFO - Processing /home/airflow/.local/lib/python3.12/site-packages/airflow/example_dags/example_sla_dag.py took 0.078 seconds
[2024-10-26T18:45:07.812+0000] {processor.py:186} INFO - Started process (PID=10181) to work on /home/airflow/.local/lib/python3.12/site-packages/airflow/example_dags/example_sla_dag.py
[2024-10-26T18:45:07.813+0000] {processor.py:914} INFO - Processing file /home/airflow/.local/lib/python3.12/site-packages/airflow/example_dags/example_sla_dag.py for tasks to queue
[2024-10-26T18:45:07.815+0000] {logging_mixin.py:190} INFO - [2024-10-26T18:45:07.815+0000] {dagbag.py:588} INFO - Filling up the DagBag from /home/airflow/.local/lib/python3.12/site-packages/airflow/example_dags/example_sla_dag.py
[2024-10-26T18:45:07.825+0000] {processor.py:925} INFO - DAG(s) 'example_sla_dag' retrieved from /home/airflow/.local/lib/python3.12/site-packages/airflow/example_dags/example_sla_dag.py
[2024-10-26T18:45:07.845+0000] {logging_mixin.py:190} INFO - [2024-10-26T18:45:07.844+0000] {dag.py:3239} INFO - Sync 1 DAGs
[2024-10-26T18:45:07.873+0000] {logging_mixin.py:190} INFO - [2024-10-26T18:45:07.872+0000] {dag.py:4180} INFO - Setting next_dagrun for example_sla_dag to 2024-10-26 18:42:00+00:00, run_after=2024-10-26 18:44:00+00:00
[2024-10-26T18:45:07.893+0000] {processor.py:208} INFO - Processing /home/airflow/.local/lib/python3.12/site-packages/airflow/example_dags/example_sla_dag.py took 0.087 seconds
[2024-10-26T18:45:40.777+0000] {processor.py:186} INFO - Started process (PID=10245) to work on /home/airflow/.local/lib/python3.12/site-packages/airflow/example_dags/example_sla_dag.py
[2024-10-26T18:45:40.778+0000] {processor.py:914} INFO - Processing file /home/airflow/.local/lib/python3.12/site-packages/airflow/example_dags/example_sla_dag.py for tasks to queue
[2024-10-26T18:45:40.781+0000] {logging_mixin.py:190} INFO - [2024-10-26T18:45:40.781+0000] {dagbag.py:588} INFO - Filling up the DagBag from /home/airflow/.local/lib/python3.12/site-packages/airflow/example_dags/example_sla_dag.py
[2024-10-26T18:45:40.791+0000] {processor.py:925} INFO - DAG(s) 'example_sla_dag' retrieved from /home/airflow/.local/lib/python3.12/site-packages/airflow/example_dags/example_sla_dag.py
[2024-10-26T18:45:40.812+0000] {logging_mixin.py:190} INFO - [2024-10-26T18:45:40.812+0000] {dag.py:3239} INFO - Sync 1 DAGs
[2024-10-26T18:45:40.838+0000] {logging_mixin.py:190} INFO - [2024-10-26T18:45:40.837+0000] {dag.py:4180} INFO - Setting next_dagrun for example_sla_dag to 2024-10-26 18:42:00+00:00, run_after=2024-10-26 18:44:00+00:00
[2024-10-26T18:45:40.857+0000] {processor.py:208} INFO - Processing /home/airflow/.local/lib/python3.12/site-packages/airflow/example_dags/example_sla_dag.py took 0.086 seconds
[2024-10-26T18:46:13.600+0000] {processor.py:186} INFO - Started process (PID=10309) to work on /home/airflow/.local/lib/python3.12/site-packages/airflow/example_dags/example_sla_dag.py
[2024-10-26T18:46:13.601+0000] {processor.py:914} INFO - Processing file /home/airflow/.local/lib/python3.12/site-packages/airflow/example_dags/example_sla_dag.py for tasks to queue
[2024-10-26T18:46:13.604+0000] {logging_mixin.py:190} INFO - [2024-10-26T18:46:13.604+0000] {dagbag.py:588} INFO - Filling up the DagBag from /home/airflow/.local/lib/python3.12/site-packages/airflow/example_dags/example_sla_dag.py
[2024-10-26T18:46:13.615+0000] {processor.py:925} INFO - DAG(s) 'example_sla_dag' retrieved from /home/airflow/.local/lib/python3.12/site-packages/airflow/example_dags/example_sla_dag.py
[2024-10-26T18:46:13.633+0000] {logging_mixin.py:190} INFO - [2024-10-26T18:46:13.633+0000] {dag.py:3239} INFO - Sync 1 DAGs
[2024-10-26T18:46:13.655+0000] {logging_mixin.py:190} INFO - [2024-10-26T18:46:13.654+0000] {dag.py:4180} INFO - Setting next_dagrun for example_sla_dag to 2024-10-26 18:44:00+00:00, run_after=2024-10-26 18:46:00+00:00
[2024-10-26T18:46:13.674+0000] {processor.py:208} INFO - Processing /home/airflow/.local/lib/python3.12/site-packages/airflow/example_dags/example_sla_dag.py took 0.079 seconds
[2024-10-26T18:46:46.229+0000] {processor.py:186} INFO - Started process (PID=10373) to work on /home/airflow/.local/lib/python3.12/site-packages/airflow/example_dags/example_sla_dag.py
[2024-10-26T18:46:46.230+0000] {processor.py:914} INFO - Processing file /home/airflow/.local/lib/python3.12/site-packages/airflow/example_dags/example_sla_dag.py for tasks to queue
[2024-10-26T18:46:46.232+0000] {logging_mixin.py:190} INFO - [2024-10-26T18:46:46.231+0000] {dagbag.py:588} INFO - Filling up the DagBag from /home/airflow/.local/lib/python3.12/site-packages/airflow/example_dags/example_sla_dag.py
[2024-10-26T18:46:46.240+0000] {processor.py:925} INFO - DAG(s) 'example_sla_dag' retrieved from /home/airflow/.local/lib/python3.12/site-packages/airflow/example_dags/example_sla_dag.py
[2024-10-26T18:46:46.258+0000] {logging_mixin.py:190} INFO - [2024-10-26T18:46:46.258+0000] {dag.py:3239} INFO - Sync 1 DAGs
[2024-10-26T18:46:46.278+0000] {logging_mixin.py:190} INFO - [2024-10-26T18:46:46.278+0000] {dag.py:4180} INFO - Setting next_dagrun for example_sla_dag to 2024-10-26 18:44:00+00:00, run_after=2024-10-26 18:46:00+00:00
[2024-10-26T18:46:46.298+0000] {processor.py:208} INFO - Processing /home/airflow/.local/lib/python3.12/site-packages/airflow/example_dags/example_sla_dag.py took 0.074 seconds
[2024-10-26T18:47:18.646+0000] {processor.py:186} INFO - Started process (PID=10438) to work on /home/airflow/.local/lib/python3.12/site-packages/airflow/example_dags/example_sla_dag.py
[2024-10-26T18:47:18.647+0000] {processor.py:914} INFO - Processing file /home/airflow/.local/lib/python3.12/site-packages/airflow/example_dags/example_sla_dag.py for tasks to queue
[2024-10-26T18:47:18.650+0000] {logging_mixin.py:190} INFO - [2024-10-26T18:47:18.649+0000] {dagbag.py:588} INFO - Filling up the DagBag from /home/airflow/.local/lib/python3.12/site-packages/airflow/example_dags/example_sla_dag.py
[2024-10-26T18:47:18.658+0000] {processor.py:925} INFO - DAG(s) 'example_sla_dag' retrieved from /home/airflow/.local/lib/python3.12/site-packages/airflow/example_dags/example_sla_dag.py
[2024-10-26T18:47:18.678+0000] {logging_mixin.py:190} INFO - [2024-10-26T18:47:18.677+0000] {dag.py:3239} INFO - Sync 1 DAGs
[2024-10-26T18:47:18.700+0000] {logging_mixin.py:190} INFO - [2024-10-26T18:47:18.700+0000] {dag.py:4180} INFO - Setting next_dagrun for example_sla_dag to 2024-10-26 18:44:00+00:00, run_after=2024-10-26 18:46:00+00:00
[2024-10-26T18:47:18.720+0000] {processor.py:208} INFO - Processing /home/airflow/.local/lib/python3.12/site-packages/airflow/example_dags/example_sla_dag.py took 0.078 seconds
[2024-10-26T18:47:51.216+0000] {processor.py:186} INFO - Started process (PID=10502) to work on /home/airflow/.local/lib/python3.12/site-packages/airflow/example_dags/example_sla_dag.py
[2024-10-26T18:47:51.217+0000] {processor.py:914} INFO - Processing file /home/airflow/.local/lib/python3.12/site-packages/airflow/example_dags/example_sla_dag.py for tasks to queue
[2024-10-26T18:47:51.219+0000] {logging_mixin.py:190} INFO - [2024-10-26T18:47:51.219+0000] {dagbag.py:588} INFO - Filling up the DagBag from /home/airflow/.local/lib/python3.12/site-packages/airflow/example_dags/example_sla_dag.py
[2024-10-26T18:47:51.228+0000] {processor.py:925} INFO - DAG(s) 'example_sla_dag' retrieved from /home/airflow/.local/lib/python3.12/site-packages/airflow/example_dags/example_sla_dag.py
[2024-10-26T18:47:51.246+0000] {logging_mixin.py:190} INFO - [2024-10-26T18:47:51.246+0000] {dag.py:3239} INFO - Sync 1 DAGs
[2024-10-26T18:47:51.267+0000] {logging_mixin.py:190} INFO - [2024-10-26T18:47:51.267+0000] {dag.py:4180} INFO - Setting next_dagrun for example_sla_dag to 2024-10-26 18:44:00+00:00, run_after=2024-10-26 18:46:00+00:00
[2024-10-26T18:47:51.285+0000] {processor.py:208} INFO - Processing /home/airflow/.local/lib/python3.12/site-packages/airflow/example_dags/example_sla_dag.py took 0.075 seconds
[2024-10-26T18:48:23.821+0000] {processor.py:186} INFO - Started process (PID=10567) to work on /home/airflow/.local/lib/python3.12/site-packages/airflow/example_dags/example_sla_dag.py
[2024-10-26T18:48:23.822+0000] {processor.py:914} INFO - Processing file /home/airflow/.local/lib/python3.12/site-packages/airflow/example_dags/example_sla_dag.py for tasks to queue
[2024-10-26T18:48:23.824+0000] {logging_mixin.py:190} INFO - [2024-10-26T18:48:23.824+0000] {dagbag.py:588} INFO - Filling up the DagBag from /home/airflow/.local/lib/python3.12/site-packages/airflow/example_dags/example_sla_dag.py
[2024-10-26T18:48:23.833+0000] {processor.py:925} INFO - DAG(s) 'example_sla_dag' retrieved from /home/airflow/.local/lib/python3.12/site-packages/airflow/example_dags/example_sla_dag.py
[2024-10-26T18:48:23.852+0000] {logging_mixin.py:190} INFO - [2024-10-26T18:48:23.852+0000] {dag.py:3239} INFO - Sync 1 DAGs
[2024-10-26T18:48:23.872+0000] {logging_mixin.py:190} INFO - [2024-10-26T18:48:23.872+0000] {dag.py:4180} INFO - Setting next_dagrun for example_sla_dag to 2024-10-26 18:46:00+00:00, run_after=2024-10-26 18:48:00+00:00
[2024-10-26T18:48:23.893+0000] {processor.py:208} INFO - Processing /home/airflow/.local/lib/python3.12/site-packages/airflow/example_dags/example_sla_dag.py took 0.079 seconds
[2024-10-26T18:48:56.421+0000] {processor.py:186} INFO - Started process (PID=10631) to work on /home/airflow/.local/lib/python3.12/site-packages/airflow/example_dags/example_sla_dag.py
[2024-10-26T18:48:56.423+0000] {processor.py:914} INFO - Processing file /home/airflow/.local/lib/python3.12/site-packages/airflow/example_dags/example_sla_dag.py for tasks to queue
[2024-10-26T18:48:56.425+0000] {logging_mixin.py:190} INFO - [2024-10-26T18:48:56.425+0000] {dagbag.py:588} INFO - Filling up the DagBag from /home/airflow/.local/lib/python3.12/site-packages/airflow/example_dags/example_sla_dag.py
[2024-10-26T18:48:56.434+0000] {processor.py:925} INFO - DAG(s) 'example_sla_dag' retrieved from /home/airflow/.local/lib/python3.12/site-packages/airflow/example_dags/example_sla_dag.py
[2024-10-26T18:48:56.452+0000] {logging_mixin.py:190} INFO - [2024-10-26T18:48:56.451+0000] {dag.py:3239} INFO - Sync 1 DAGs
[2024-10-26T18:48:56.473+0000] {logging_mixin.py:190} INFO - [2024-10-26T18:48:56.473+0000] {dag.py:4180} INFO - Setting next_dagrun for example_sla_dag to 2024-10-26 18:46:00+00:00, run_after=2024-10-26 18:48:00+00:00
[2024-10-26T18:48:56.491+0000] {processor.py:208} INFO - Processing /home/airflow/.local/lib/python3.12/site-packages/airflow/example_dags/example_sla_dag.py took 0.074 seconds
[2024-10-26T18:49:29.152+0000] {processor.py:186} INFO - Started process (PID=10695) to work on /home/airflow/.local/lib/python3.12/site-packages/airflow/example_dags/example_sla_dag.py
[2024-10-26T18:49:29.154+0000] {processor.py:914} INFO - Processing file /home/airflow/.local/lib/python3.12/site-packages/airflow/example_dags/example_sla_dag.py for tasks to queue
[2024-10-26T18:49:29.156+0000] {logging_mixin.py:190} INFO - [2024-10-26T18:49:29.156+0000] {dagbag.py:588} INFO - Filling up the DagBag from /home/airflow/.local/lib/python3.12/site-packages/airflow/example_dags/example_sla_dag.py
[2024-10-26T18:49:29.164+0000] {processor.py:925} INFO - DAG(s) 'example_sla_dag' retrieved from /home/airflow/.local/lib/python3.12/site-packages/airflow/example_dags/example_sla_dag.py
[2024-10-26T18:49:29.180+0000] {logging_mixin.py:190} INFO - [2024-10-26T18:49:29.180+0000] {dag.py:3239} INFO - Sync 1 DAGs
[2024-10-26T18:49:29.203+0000] {logging_mixin.py:190} INFO - [2024-10-26T18:49:29.203+0000] {dag.py:4180} INFO - Setting next_dagrun for example_sla_dag to 2024-10-26 18:46:00+00:00, run_after=2024-10-26 18:48:00+00:00
[2024-10-26T18:49:29.222+0000] {processor.py:208} INFO - Processing /home/airflow/.local/lib/python3.12/site-packages/airflow/example_dags/example_sla_dag.py took 0.075 seconds
[2024-10-26T18:50:01.721+0000] {processor.py:186} INFO - Started process (PID=10759) to work on /home/airflow/.local/lib/python3.12/site-packages/airflow/example_dags/example_sla_dag.py
[2024-10-26T18:50:01.722+0000] {processor.py:914} INFO - Processing file /home/airflow/.local/lib/python3.12/site-packages/airflow/example_dags/example_sla_dag.py for tasks to queue
[2024-10-26T18:50:01.725+0000] {logging_mixin.py:190} INFO - [2024-10-26T18:50:01.724+0000] {dagbag.py:588} INFO - Filling up the DagBag from /home/airflow/.local/lib/python3.12/site-packages/airflow/example_dags/example_sla_dag.py
[2024-10-26T18:50:01.738+0000] {processor.py:925} INFO - DAG(s) 'example_sla_dag' retrieved from /home/airflow/.local/lib/python3.12/site-packages/airflow/example_dags/example_sla_dag.py
[2024-10-26T18:50:01.759+0000] {logging_mixin.py:190} INFO - [2024-10-26T18:50:01.758+0000] {dag.py:3239} INFO - Sync 1 DAGs
[2024-10-26T18:50:01.794+0000] {logging_mixin.py:190} INFO - [2024-10-26T18:50:01.794+0000] {dag.py:4180} INFO - Setting next_dagrun for example_sla_dag to 2024-10-26 18:48:00+00:00, run_after=2024-10-26 18:50:00+00:00
[2024-10-26T18:50:01.819+0000] {processor.py:208} INFO - Processing /home/airflow/.local/lib/python3.12/site-packages/airflow/example_dags/example_sla_dag.py took 0.107 seconds
[2024-10-26T18:50:35.286+0000] {processor.py:186} INFO - Started process (PID=10823) to work on /home/airflow/.local/lib/python3.12/site-packages/airflow/example_dags/example_sla_dag.py
[2024-10-26T18:50:35.287+0000] {processor.py:914} INFO - Processing file /home/airflow/.local/lib/python3.12/site-packages/airflow/example_dags/example_sla_dag.py for tasks to queue
[2024-10-26T18:50:35.290+0000] {logging_mixin.py:190} INFO - [2024-10-26T18:50:35.290+0000] {dagbag.py:588} INFO - Filling up the DagBag from /home/airflow/.local/lib/python3.12/site-packages/airflow/example_dags/example_sla_dag.py
[2024-10-26T18:50:35.300+0000] {processor.py:925} INFO - DAG(s) 'example_sla_dag' retrieved from /home/airflow/.local/lib/python3.12/site-packages/airflow/example_dags/example_sla_dag.py
[2024-10-26T18:50:35.324+0000] {logging_mixin.py:190} INFO - [2024-10-26T18:50:35.323+0000] {dag.py:3239} INFO - Sync 1 DAGs
[2024-10-26T18:50:35.351+0000] {logging_mixin.py:190} INFO - [2024-10-26T18:50:35.350+0000] {dag.py:4180} INFO - Setting next_dagrun for example_sla_dag to 2024-10-26 18:48:00+00:00, run_after=2024-10-26 18:50:00+00:00
[2024-10-26T18:50:35.373+0000] {processor.py:208} INFO - Processing /home/airflow/.local/lib/python3.12/site-packages/airflow/example_dags/example_sla_dag.py took 0.093 seconds
[2024-10-26T18:51:07.611+0000] {processor.py:186} INFO - Started process (PID=10887) to work on /home/airflow/.local/lib/python3.12/site-packages/airflow/example_dags/example_sla_dag.py
[2024-10-26T18:51:07.612+0000] {processor.py:914} INFO - Processing file /home/airflow/.local/lib/python3.12/site-packages/airflow/example_dags/example_sla_dag.py for tasks to queue
[2024-10-26T18:51:07.615+0000] {logging_mixin.py:190} INFO - [2024-10-26T18:51:07.615+0000] {dagbag.py:588} INFO - Filling up the DagBag from /home/airflow/.local/lib/python3.12/site-packages/airflow/example_dags/example_sla_dag.py
[2024-10-26T18:51:07.624+0000] {processor.py:925} INFO - DAG(s) 'example_sla_dag' retrieved from /home/airflow/.local/lib/python3.12/site-packages/airflow/example_dags/example_sla_dag.py
[2024-10-26T18:51:07.640+0000] {logging_mixin.py:190} INFO - [2024-10-26T18:51:07.640+0000] {dag.py:3239} INFO - Sync 1 DAGs
[2024-10-26T18:51:07.666+0000] {logging_mixin.py:190} INFO - [2024-10-26T18:51:07.665+0000] {dag.py:4180} INFO - Setting next_dagrun for example_sla_dag to 2024-10-26 18:48:00+00:00, run_after=2024-10-26 18:50:00+00:00
[2024-10-26T18:51:07.682+0000] {processor.py:208} INFO - Processing /home/airflow/.local/lib/python3.12/site-packages/airflow/example_dags/example_sla_dag.py took 0.076 seconds
[2024-10-26T18:51:40.697+0000] {processor.py:186} INFO - Started process (PID=10951) to work on /home/airflow/.local/lib/python3.12/site-packages/airflow/example_dags/example_sla_dag.py
[2024-10-26T18:51:40.698+0000] {processor.py:914} INFO - Processing file /home/airflow/.local/lib/python3.12/site-packages/airflow/example_dags/example_sla_dag.py for tasks to queue
[2024-10-26T18:51:40.701+0000] {logging_mixin.py:190} INFO - [2024-10-26T18:51:40.700+0000] {dagbag.py:588} INFO - Filling up the DagBag from /home/airflow/.local/lib/python3.12/site-packages/airflow/example_dags/example_sla_dag.py
[2024-10-26T18:51:40.711+0000] {processor.py:925} INFO - DAG(s) 'example_sla_dag' retrieved from /home/airflow/.local/lib/python3.12/site-packages/airflow/example_dags/example_sla_dag.py
[2024-10-26T18:51:40.727+0000] {logging_mixin.py:190} INFO - [2024-10-26T18:51:40.727+0000] {dag.py:3239} INFO - Sync 1 DAGs
[2024-10-26T18:51:40.751+0000] {logging_mixin.py:190} INFO - [2024-10-26T18:51:40.751+0000] {dag.py:4180} INFO - Setting next_dagrun for example_sla_dag to 2024-10-26 18:48:00+00:00, run_after=2024-10-26 18:50:00+00:00
[2024-10-26T18:51:40.770+0000] {processor.py:208} INFO - Processing /home/airflow/.local/lib/python3.12/site-packages/airflow/example_dags/example_sla_dag.py took 0.078 seconds
[2024-10-26T18:52:13.434+0000] {processor.py:186} INFO - Started process (PID=11015) to work on /home/airflow/.local/lib/python3.12/site-packages/airflow/example_dags/example_sla_dag.py
[2024-10-26T18:52:13.435+0000] {processor.py:914} INFO - Processing file /home/airflow/.local/lib/python3.12/site-packages/airflow/example_dags/example_sla_dag.py for tasks to queue
[2024-10-26T18:52:13.439+0000] {logging_mixin.py:190} INFO - [2024-10-26T18:52:13.438+0000] {dagbag.py:588} INFO - Filling up the DagBag from /home/airflow/.local/lib/python3.12/site-packages/airflow/example_dags/example_sla_dag.py
[2024-10-26T18:52:13.449+0000] {processor.py:925} INFO - DAG(s) 'example_sla_dag' retrieved from /home/airflow/.local/lib/python3.12/site-packages/airflow/example_dags/example_sla_dag.py
[2024-10-26T18:52:13.481+0000] {logging_mixin.py:190} INFO - [2024-10-26T18:52:13.481+0000] {dag.py:3239} INFO - Sync 1 DAGs
[2024-10-26T18:52:13.521+0000] {logging_mixin.py:190} INFO - [2024-10-26T18:52:13.520+0000] {dag.py:4180} INFO - Setting next_dagrun for example_sla_dag to 2024-10-26 18:50:00+00:00, run_after=2024-10-26 18:52:00+00:00
[2024-10-26T18:52:13.539+0000] {processor.py:208} INFO - Processing /home/airflow/.local/lib/python3.12/site-packages/airflow/example_dags/example_sla_dag.py took 0.112 seconds
[2024-10-26T18:52:46.168+0000] {processor.py:186} INFO - Started process (PID=11079) to work on /home/airflow/.local/lib/python3.12/site-packages/airflow/example_dags/example_sla_dag.py
[2024-10-26T18:52:46.169+0000] {processor.py:914} INFO - Processing file /home/airflow/.local/lib/python3.12/site-packages/airflow/example_dags/example_sla_dag.py for tasks to queue
[2024-10-26T18:52:46.171+0000] {logging_mixin.py:190} INFO - [2024-10-26T18:52:46.170+0000] {dagbag.py:588} INFO - Filling up the DagBag from /home/airflow/.local/lib/python3.12/site-packages/airflow/example_dags/example_sla_dag.py
[2024-10-26T18:52:46.179+0000] {processor.py:925} INFO - DAG(s) 'example_sla_dag' retrieved from /home/airflow/.local/lib/python3.12/site-packages/airflow/example_dags/example_sla_dag.py
[2024-10-26T18:52:46.196+0000] {logging_mixin.py:190} INFO - [2024-10-26T18:52:46.196+0000] {dag.py:3239} INFO - Sync 1 DAGs
[2024-10-26T18:52:46.217+0000] {logging_mixin.py:190} INFO - [2024-10-26T18:52:46.217+0000] {dag.py:4180} INFO - Setting next_dagrun for example_sla_dag to 2024-10-26 18:50:00+00:00, run_after=2024-10-26 18:52:00+00:00
[2024-10-26T18:52:46.236+0000] {processor.py:208} INFO - Processing /home/airflow/.local/lib/python3.12/site-packages/airflow/example_dags/example_sla_dag.py took 0.073 seconds
[2024-10-26T18:53:18.776+0000] {processor.py:186} INFO - Started process (PID=11143) to work on /home/airflow/.local/lib/python3.12/site-packages/airflow/example_dags/example_sla_dag.py
[2024-10-26T18:53:18.777+0000] {processor.py:914} INFO - Processing file /home/airflow/.local/lib/python3.12/site-packages/airflow/example_dags/example_sla_dag.py for tasks to queue
[2024-10-26T18:53:18.779+0000] {logging_mixin.py:190} INFO - [2024-10-26T18:53:18.779+0000] {dagbag.py:588} INFO - Filling up the DagBag from /home/airflow/.local/lib/python3.12/site-packages/airflow/example_dags/example_sla_dag.py
[2024-10-26T18:53:18.788+0000] {processor.py:925} INFO - DAG(s) 'example_sla_dag' retrieved from /home/airflow/.local/lib/python3.12/site-packages/airflow/example_dags/example_sla_dag.py
[2024-10-26T18:53:18.805+0000] {logging_mixin.py:190} INFO - [2024-10-26T18:53:18.805+0000] {dag.py:3239} INFO - Sync 1 DAGs
[2024-10-26T18:53:18.827+0000] {logging_mixin.py:190} INFO - [2024-10-26T18:53:18.827+0000] {dag.py:4180} INFO - Setting next_dagrun for example_sla_dag to 2024-10-26 18:50:00+00:00, run_after=2024-10-26 18:52:00+00:00
[2024-10-26T18:53:18.888+0000] {processor.py:208} INFO - Processing /home/airflow/.local/lib/python3.12/site-packages/airflow/example_dags/example_sla_dag.py took 0.116 seconds
[2024-10-26T18:53:51.611+0000] {processor.py:186} INFO - Started process (PID=11207) to work on /home/airflow/.local/lib/python3.12/site-packages/airflow/example_dags/example_sla_dag.py
[2024-10-26T18:53:51.612+0000] {processor.py:914} INFO - Processing file /home/airflow/.local/lib/python3.12/site-packages/airflow/example_dags/example_sla_dag.py for tasks to queue
[2024-10-26T18:53:51.615+0000] {logging_mixin.py:190} INFO - [2024-10-26T18:53:51.614+0000] {dagbag.py:588} INFO - Filling up the DagBag from /home/airflow/.local/lib/python3.12/site-packages/airflow/example_dags/example_sla_dag.py
[2024-10-26T18:53:51.625+0000] {processor.py:925} INFO - DAG(s) 'example_sla_dag' retrieved from /home/airflow/.local/lib/python3.12/site-packages/airflow/example_dags/example_sla_dag.py
[2024-10-26T18:53:51.643+0000] {logging_mixin.py:190} INFO - [2024-10-26T18:53:51.642+0000] {dag.py:3239} INFO - Sync 1 DAGs
[2024-10-26T18:53:51.666+0000] {logging_mixin.py:190} INFO - [2024-10-26T18:53:51.666+0000] {dag.py:4180} INFO - Setting next_dagrun for example_sla_dag to 2024-10-26 18:50:00+00:00, run_after=2024-10-26 18:52:00+00:00
[2024-10-26T18:53:51.686+0000] {processor.py:208} INFO - Processing /home/airflow/.local/lib/python3.12/site-packages/airflow/example_dags/example_sla_dag.py took 0.080 seconds
[2024-10-26T18:54:24.445+0000] {processor.py:186} INFO - Started process (PID=11271) to work on /home/airflow/.local/lib/python3.12/site-packages/airflow/example_dags/example_sla_dag.py
[2024-10-26T18:54:24.446+0000] {processor.py:914} INFO - Processing file /home/airflow/.local/lib/python3.12/site-packages/airflow/example_dags/example_sla_dag.py for tasks to queue
[2024-10-26T18:54:24.448+0000] {logging_mixin.py:190} INFO - [2024-10-26T18:54:24.448+0000] {dagbag.py:588} INFO - Filling up the DagBag from /home/airflow/.local/lib/python3.12/site-packages/airflow/example_dags/example_sla_dag.py
[2024-10-26T18:54:24.459+0000] {processor.py:925} INFO - DAG(s) 'example_sla_dag' retrieved from /home/airflow/.local/lib/python3.12/site-packages/airflow/example_dags/example_sla_dag.py
[2024-10-26T18:54:24.479+0000] {logging_mixin.py:190} INFO - [2024-10-26T18:54:24.479+0000] {dag.py:3239} INFO - Sync 1 DAGs
[2024-10-26T18:54:24.504+0000] {logging_mixin.py:190} INFO - [2024-10-26T18:54:24.504+0000] {dag.py:4180} INFO - Setting next_dagrun for example_sla_dag to 2024-10-26 18:52:00+00:00, run_after=2024-10-26 18:54:00+00:00
[2024-10-26T18:54:24.524+0000] {processor.py:208} INFO - Processing /home/airflow/.local/lib/python3.12/site-packages/airflow/example_dags/example_sla_dag.py took 0.085 seconds
[2024-10-26T18:54:57.143+0000] {processor.py:186} INFO - Started process (PID=11335) to work on /home/airflow/.local/lib/python3.12/site-packages/airflow/example_dags/example_sla_dag.py
[2024-10-26T18:54:57.144+0000] {processor.py:914} INFO - Processing file /home/airflow/.local/lib/python3.12/site-packages/airflow/example_dags/example_sla_dag.py for tasks to queue
[2024-10-26T18:54:57.146+0000] {logging_mixin.py:190} INFO - [2024-10-26T18:54:57.146+0000] {dagbag.py:588} INFO - Filling up the DagBag from /home/airflow/.local/lib/python3.12/site-packages/airflow/example_dags/example_sla_dag.py
[2024-10-26T18:54:57.154+0000] {processor.py:925} INFO - DAG(s) 'example_sla_dag' retrieved from /home/airflow/.local/lib/python3.12/site-packages/airflow/example_dags/example_sla_dag.py
[2024-10-26T18:54:57.171+0000] {logging_mixin.py:190} INFO - [2024-10-26T18:54:57.170+0000] {dag.py:3239} INFO - Sync 1 DAGs
[2024-10-26T18:54:57.192+0000] {logging_mixin.py:190} INFO - [2024-10-26T18:54:57.191+0000] {dag.py:4180} INFO - Setting next_dagrun for example_sla_dag to 2024-10-26 18:52:00+00:00, run_after=2024-10-26 18:54:00+00:00
[2024-10-26T18:54:57.212+0000] {processor.py:208} INFO - Processing /home/airflow/.local/lib/python3.12/site-packages/airflow/example_dags/example_sla_dag.py took 0.075 seconds
[2024-10-26T18:55:29.897+0000] {processor.py:186} INFO - Started process (PID=11399) to work on /home/airflow/.local/lib/python3.12/site-packages/airflow/example_dags/example_sla_dag.py
[2024-10-26T18:55:29.898+0000] {processor.py:914} INFO - Processing file /home/airflow/.local/lib/python3.12/site-packages/airflow/example_dags/example_sla_dag.py for tasks to queue
[2024-10-26T18:55:29.900+0000] {logging_mixin.py:190} INFO - [2024-10-26T18:55:29.900+0000] {dagbag.py:588} INFO - Filling up the DagBag from /home/airflow/.local/lib/python3.12/site-packages/airflow/example_dags/example_sla_dag.py
[2024-10-26T18:55:29.909+0000] {processor.py:925} INFO - DAG(s) 'example_sla_dag' retrieved from /home/airflow/.local/lib/python3.12/site-packages/airflow/example_dags/example_sla_dag.py
[2024-10-26T18:55:29.926+0000] {logging_mixin.py:190} INFO - [2024-10-26T18:55:29.926+0000] {dag.py:3239} INFO - Sync 1 DAGs
[2024-10-26T18:55:29.946+0000] {logging_mixin.py:190} INFO - [2024-10-26T18:55:29.946+0000] {dag.py:4180} INFO - Setting next_dagrun for example_sla_dag to 2024-10-26 18:52:00+00:00, run_after=2024-10-26 18:54:00+00:00
[2024-10-26T18:55:29.965+0000] {processor.py:208} INFO - Processing /home/airflow/.local/lib/python3.12/site-packages/airflow/example_dags/example_sla_dag.py took 0.074 seconds
[2024-10-26T18:56:02.550+0000] {processor.py:186} INFO - Started process (PID=11464) to work on /home/airflow/.local/lib/python3.12/site-packages/airflow/example_dags/example_sla_dag.py
[2024-10-26T18:56:02.551+0000] {processor.py:914} INFO - Processing file /home/airflow/.local/lib/python3.12/site-packages/airflow/example_dags/example_sla_dag.py for tasks to queue
[2024-10-26T18:56:02.553+0000] {logging_mixin.py:190} INFO - [2024-10-26T18:56:02.553+0000] {dagbag.py:588} INFO - Filling up the DagBag from /home/airflow/.local/lib/python3.12/site-packages/airflow/example_dags/example_sla_dag.py
[2024-10-26T18:56:02.564+0000] {processor.py:925} INFO - DAG(s) 'example_sla_dag' retrieved from /home/airflow/.local/lib/python3.12/site-packages/airflow/example_dags/example_sla_dag.py
[2024-10-26T18:56:02.581+0000] {logging_mixin.py:190} INFO - [2024-10-26T18:56:02.581+0000] {dag.py:3239} INFO - Sync 1 DAGs
[2024-10-26T18:56:02.604+0000] {logging_mixin.py:190} INFO - [2024-10-26T18:56:02.603+0000] {dag.py:4180} INFO - Setting next_dagrun for example_sla_dag to 2024-10-26 18:54:00+00:00, run_after=2024-10-26 18:56:00+00:00
[2024-10-26T18:56:02.622+0000] {processor.py:208} INFO - Processing /home/airflow/.local/lib/python3.12/site-packages/airflow/example_dags/example_sla_dag.py took 0.077 seconds
[2024-10-26T18:56:35.243+0000] {processor.py:186} INFO - Started process (PID=11528) to work on /home/airflow/.local/lib/python3.12/site-packages/airflow/example_dags/example_sla_dag.py
[2024-10-26T18:56:35.245+0000] {processor.py:914} INFO - Processing file /home/airflow/.local/lib/python3.12/site-packages/airflow/example_dags/example_sla_dag.py for tasks to queue
[2024-10-26T18:56:35.247+0000] {logging_mixin.py:190} INFO - [2024-10-26T18:56:35.246+0000] {dagbag.py:588} INFO - Filling up the DagBag from /home/airflow/.local/lib/python3.12/site-packages/airflow/example_dags/example_sla_dag.py
[2024-10-26T18:56:35.256+0000] {processor.py:925} INFO - DAG(s) 'example_sla_dag' retrieved from /home/airflow/.local/lib/python3.12/site-packages/airflow/example_dags/example_sla_dag.py
[2024-10-26T18:56:35.276+0000] {logging_mixin.py:190} INFO - [2024-10-26T18:56:35.275+0000] {dag.py:3239} INFO - Sync 1 DAGs
[2024-10-26T18:56:35.300+0000] {logging_mixin.py:190} INFO - [2024-10-26T18:56:35.300+0000] {dag.py:4180} INFO - Setting next_dagrun for example_sla_dag to 2024-10-26 18:54:00+00:00, run_after=2024-10-26 18:56:00+00:00
[2024-10-26T18:56:35.320+0000] {processor.py:208} INFO - Processing /home/airflow/.local/lib/python3.12/site-packages/airflow/example_dags/example_sla_dag.py took 0.083 seconds
[2024-10-26T18:57:08.148+0000] {processor.py:186} INFO - Started process (PID=11592) to work on /home/airflow/.local/lib/python3.12/site-packages/airflow/example_dags/example_sla_dag.py
[2024-10-26T18:57:08.149+0000] {processor.py:914} INFO - Processing file /home/airflow/.local/lib/python3.12/site-packages/airflow/example_dags/example_sla_dag.py for tasks to queue
[2024-10-26T18:57:08.152+0000] {logging_mixin.py:190} INFO - [2024-10-26T18:57:08.151+0000] {dagbag.py:588} INFO - Filling up the DagBag from /home/airflow/.local/lib/python3.12/site-packages/airflow/example_dags/example_sla_dag.py
[2024-10-26T18:57:08.161+0000] {processor.py:925} INFO - DAG(s) 'example_sla_dag' retrieved from /home/airflow/.local/lib/python3.12/site-packages/airflow/example_dags/example_sla_dag.py
[2024-10-26T18:57:08.179+0000] {logging_mixin.py:190} INFO - [2024-10-26T18:57:08.179+0000] {dag.py:3239} INFO - Sync 1 DAGs
[2024-10-26T18:57:08.199+0000] {logging_mixin.py:190} INFO - [2024-10-26T18:57:08.199+0000] {dag.py:4180} INFO - Setting next_dagrun for example_sla_dag to 2024-10-26 18:54:00+00:00, run_after=2024-10-26 18:56:00+00:00
[2024-10-26T18:57:08.218+0000] {processor.py:208} INFO - Processing /home/airflow/.local/lib/python3.12/site-packages/airflow/example_dags/example_sla_dag.py took 0.075 seconds
[2024-10-26T18:57:40.872+0000] {processor.py:186} INFO - Started process (PID=11656) to work on /home/airflow/.local/lib/python3.12/site-packages/airflow/example_dags/example_sla_dag.py
[2024-10-26T18:57:40.873+0000] {processor.py:914} INFO - Processing file /home/airflow/.local/lib/python3.12/site-packages/airflow/example_dags/example_sla_dag.py for tasks to queue
[2024-10-26T18:57:40.877+0000] {logging_mixin.py:190} INFO - [2024-10-26T18:57:40.876+0000] {dagbag.py:588} INFO - Filling up the DagBag from /home/airflow/.local/lib/python3.12/site-packages/airflow/example_dags/example_sla_dag.py
[2024-10-26T18:57:40.890+0000] {processor.py:925} INFO - DAG(s) 'example_sla_dag' retrieved from /home/airflow/.local/lib/python3.12/site-packages/airflow/example_dags/example_sla_dag.py
[2024-10-26T18:57:40.911+0000] {logging_mixin.py:190} INFO - [2024-10-26T18:57:40.911+0000] {dag.py:3239} INFO - Sync 1 DAGs
[2024-10-26T18:57:40.933+0000] {logging_mixin.py:190} INFO - [2024-10-26T18:57:40.933+0000] {dag.py:4180} INFO - Setting next_dagrun for example_sla_dag to 2024-10-26 18:54:00+00:00, run_after=2024-10-26 18:56:00+00:00
[2024-10-26T18:57:40.951+0000] {processor.py:208} INFO - Processing /home/airflow/.local/lib/python3.12/site-packages/airflow/example_dags/example_sla_dag.py took 0.086 seconds
[2024-10-26T18:58:13.465+0000] {processor.py:186} INFO - Started process (PID=11720) to work on /home/airflow/.local/lib/python3.12/site-packages/airflow/example_dags/example_sla_dag.py
[2024-10-26T18:58:13.466+0000] {processor.py:914} INFO - Processing file /home/airflow/.local/lib/python3.12/site-packages/airflow/example_dags/example_sla_dag.py for tasks to queue
[2024-10-26T18:58:13.468+0000] {logging_mixin.py:190} INFO - [2024-10-26T18:58:13.467+0000] {dagbag.py:588} INFO - Filling up the DagBag from /home/airflow/.local/lib/python3.12/site-packages/airflow/example_dags/example_sla_dag.py
[2024-10-26T18:58:13.476+0000] {processor.py:925} INFO - DAG(s) 'example_sla_dag' retrieved from /home/airflow/.local/lib/python3.12/site-packages/airflow/example_dags/example_sla_dag.py
[2024-10-26T18:58:13.493+0000] {logging_mixin.py:190} INFO - [2024-10-26T18:58:13.493+0000] {dag.py:3239} INFO - Sync 1 DAGs
[2024-10-26T18:58:13.514+0000] {logging_mixin.py:190} INFO - [2024-10-26T18:58:13.514+0000] {dag.py:4180} INFO - Setting next_dagrun for example_sla_dag to 2024-10-26 18:56:00+00:00, run_after=2024-10-26 18:58:00+00:00
[2024-10-26T18:58:13.533+0000] {processor.py:208} INFO - Processing /home/airflow/.local/lib/python3.12/site-packages/airflow/example_dags/example_sla_dag.py took 0.074 seconds
[2024-10-26T18:58:46.079+0000] {processor.py:186} INFO - Started process (PID=11784) to work on /home/airflow/.local/lib/python3.12/site-packages/airflow/example_dags/example_sla_dag.py
[2024-10-26T18:58:46.080+0000] {processor.py:914} INFO - Processing file /home/airflow/.local/lib/python3.12/site-packages/airflow/example_dags/example_sla_dag.py for tasks to queue
[2024-10-26T18:58:46.082+0000] {logging_mixin.py:190} INFO - [2024-10-26T18:58:46.082+0000] {dagbag.py:588} INFO - Filling up the DagBag from /home/airflow/.local/lib/python3.12/site-packages/airflow/example_dags/example_sla_dag.py
[2024-10-26T18:58:46.091+0000] {processor.py:925} INFO - DAG(s) 'example_sla_dag' retrieved from /home/airflow/.local/lib/python3.12/site-packages/airflow/example_dags/example_sla_dag.py
[2024-10-26T18:58:46.110+0000] {logging_mixin.py:190} INFO - [2024-10-26T18:58:46.109+0000] {dag.py:3239} INFO - Sync 1 DAGs
[2024-10-26T18:58:46.133+0000] {logging_mixin.py:190} INFO - [2024-10-26T18:58:46.132+0000] {dag.py:4180} INFO - Setting next_dagrun for example_sla_dag to 2024-10-26 18:56:00+00:00, run_after=2024-10-26 18:58:00+00:00
[2024-10-26T18:58:46.151+0000] {processor.py:208} INFO - Processing /home/airflow/.local/lib/python3.12/site-packages/airflow/example_dags/example_sla_dag.py took 0.077 seconds
[2024-10-26T18:59:18.882+0000] {processor.py:186} INFO - Started process (PID=11848) to work on /home/airflow/.local/lib/python3.12/site-packages/airflow/example_dags/example_sla_dag.py
[2024-10-26T18:59:18.883+0000] {processor.py:914} INFO - Processing file /home/airflow/.local/lib/python3.12/site-packages/airflow/example_dags/example_sla_dag.py for tasks to queue
[2024-10-26T18:59:18.885+0000] {logging_mixin.py:190} INFO - [2024-10-26T18:59:18.885+0000] {dagbag.py:588} INFO - Filling up the DagBag from /home/airflow/.local/lib/python3.12/site-packages/airflow/example_dags/example_sla_dag.py
[2024-10-26T18:59:18.894+0000] {processor.py:925} INFO - DAG(s) 'example_sla_dag' retrieved from /home/airflow/.local/lib/python3.12/site-packages/airflow/example_dags/example_sla_dag.py
[2024-10-26T18:59:18.911+0000] {logging_mixin.py:190} INFO - [2024-10-26T18:59:18.910+0000] {dag.py:3239} INFO - Sync 1 DAGs
[2024-10-26T18:59:18.931+0000] {logging_mixin.py:190} INFO - [2024-10-26T18:59:18.931+0000] {dag.py:4180} INFO - Setting next_dagrun for example_sla_dag to 2024-10-26 18:56:00+00:00, run_after=2024-10-26 18:58:00+00:00
[2024-10-26T18:59:18.952+0000] {processor.py:208} INFO - Processing /home/airflow/.local/lib/python3.12/site-packages/airflow/example_dags/example_sla_dag.py took 0.075 seconds
[2024-10-26T18:59:51.660+0000] {processor.py:186} INFO - Started process (PID=11912) to work on /home/airflow/.local/lib/python3.12/site-packages/airflow/example_dags/example_sla_dag.py
[2024-10-26T18:59:51.662+0000] {processor.py:914} INFO - Processing file /home/airflow/.local/lib/python3.12/site-packages/airflow/example_dags/example_sla_dag.py for tasks to queue
[2024-10-26T18:59:51.664+0000] {logging_mixin.py:190} INFO - [2024-10-26T18:59:51.664+0000] {dagbag.py:588} INFO - Filling up the DagBag from /home/airflow/.local/lib/python3.12/site-packages/airflow/example_dags/example_sla_dag.py
[2024-10-26T18:59:51.675+0000] {processor.py:925} INFO - DAG(s) 'example_sla_dag' retrieved from /home/airflow/.local/lib/python3.12/site-packages/airflow/example_dags/example_sla_dag.py
[2024-10-26T18:59:51.694+0000] {logging_mixin.py:190} INFO - [2024-10-26T18:59:51.693+0000] {dag.py:3239} INFO - Sync 1 DAGs
[2024-10-26T18:59:51.715+0000] {logging_mixin.py:190} INFO - [2024-10-26T18:59:51.715+0000] {dag.py:4180} INFO - Setting next_dagrun for example_sla_dag to 2024-10-26 18:56:00+00:00, run_after=2024-10-26 18:58:00+00:00
[2024-10-26T18:59:51.734+0000] {processor.py:208} INFO - Processing /home/airflow/.local/lib/python3.12/site-packages/airflow/example_dags/example_sla_dag.py took 0.079 seconds
[2024-10-26T19:00:24.157+0000] {processor.py:186} INFO - Started process (PID=11976) to work on /home/airflow/.local/lib/python3.12/site-packages/airflow/example_dags/example_sla_dag.py
[2024-10-26T19:00:24.158+0000] {processor.py:914} INFO - Processing file /home/airflow/.local/lib/python3.12/site-packages/airflow/example_dags/example_sla_dag.py for tasks to queue
[2024-10-26T19:00:24.161+0000] {logging_mixin.py:190} INFO - [2024-10-26T19:00:24.161+0000] {dagbag.py:588} INFO - Filling up the DagBag from /home/airflow/.local/lib/python3.12/site-packages/airflow/example_dags/example_sla_dag.py
[2024-10-26T19:00:24.170+0000] {processor.py:925} INFO - DAG(s) 'example_sla_dag' retrieved from /home/airflow/.local/lib/python3.12/site-packages/airflow/example_dags/example_sla_dag.py
[2024-10-26T19:00:24.189+0000] {logging_mixin.py:190} INFO - [2024-10-26T19:00:24.189+0000] {dag.py:3239} INFO - Sync 1 DAGs
[2024-10-26T19:00:24.214+0000] {logging_mixin.py:190} INFO - [2024-10-26T19:00:24.213+0000] {dag.py:4180} INFO - Setting next_dagrun for example_sla_dag to 2024-10-26 18:58:00+00:00, run_after=2024-10-26 19:00:00+00:00
[2024-10-26T19:00:24.234+0000] {processor.py:208} INFO - Processing /home/airflow/.local/lib/python3.12/site-packages/airflow/example_dags/example_sla_dag.py took 0.082 seconds
[2024-10-26T19:00:56.646+0000] {processor.py:186} INFO - Started process (PID=12040) to work on /home/airflow/.local/lib/python3.12/site-packages/airflow/example_dags/example_sla_dag.py
[2024-10-26T19:00:56.647+0000] {processor.py:914} INFO - Processing file /home/airflow/.local/lib/python3.12/site-packages/airflow/example_dags/example_sla_dag.py for tasks to queue
[2024-10-26T19:00:56.649+0000] {logging_mixin.py:190} INFO - [2024-10-26T19:00:56.648+0000] {dagbag.py:588} INFO - Filling up the DagBag from /home/airflow/.local/lib/python3.12/site-packages/airflow/example_dags/example_sla_dag.py
[2024-10-26T19:00:56.658+0000] {processor.py:925} INFO - DAG(s) 'example_sla_dag' retrieved from /home/airflow/.local/lib/python3.12/site-packages/airflow/example_dags/example_sla_dag.py
[2024-10-26T19:00:56.675+0000] {logging_mixin.py:190} INFO - [2024-10-26T19:00:56.675+0000] {dag.py:3239} INFO - Sync 1 DAGs
[2024-10-26T19:00:56.695+0000] {logging_mixin.py:190} INFO - [2024-10-26T19:00:56.695+0000] {dag.py:4180} INFO - Setting next_dagrun for example_sla_dag to 2024-10-26 18:58:00+00:00, run_after=2024-10-26 19:00:00+00:00
[2024-10-26T19:00:56.714+0000] {processor.py:208} INFO - Processing /home/airflow/.local/lib/python3.12/site-packages/airflow/example_dags/example_sla_dag.py took 0.073 seconds
[2024-10-26T19:01:29.358+0000] {processor.py:186} INFO - Started process (PID=12104) to work on /home/airflow/.local/lib/python3.12/site-packages/airflow/example_dags/example_sla_dag.py
[2024-10-26T19:01:29.359+0000] {processor.py:914} INFO - Processing file /home/airflow/.local/lib/python3.12/site-packages/airflow/example_dags/example_sla_dag.py for tasks to queue
[2024-10-26T19:01:29.361+0000] {logging_mixin.py:190} INFO - [2024-10-26T19:01:29.361+0000] {dagbag.py:588} INFO - Filling up the DagBag from /home/airflow/.local/lib/python3.12/site-packages/airflow/example_dags/example_sla_dag.py
[2024-10-26T19:01:29.370+0000] {processor.py:925} INFO - DAG(s) 'example_sla_dag' retrieved from /home/airflow/.local/lib/python3.12/site-packages/airflow/example_dags/example_sla_dag.py
[2024-10-26T19:01:29.388+0000] {logging_mixin.py:190} INFO - [2024-10-26T19:01:29.388+0000] {dag.py:3239} INFO - Sync 1 DAGs
[2024-10-26T19:01:29.408+0000] {logging_mixin.py:190} INFO - [2024-10-26T19:01:29.408+0000] {dag.py:4180} INFO - Setting next_dagrun for example_sla_dag to 2024-10-26 18:58:00+00:00, run_after=2024-10-26 19:00:00+00:00
[2024-10-26T19:01:29.428+0000] {processor.py:208} INFO - Processing /home/airflow/.local/lib/python3.12/site-packages/airflow/example_dags/example_sla_dag.py took 0.076 seconds
[2024-10-26T19:02:01.885+0000] {processor.py:186} INFO - Started process (PID=12168) to work on /home/airflow/.local/lib/python3.12/site-packages/airflow/example_dags/example_sla_dag.py
[2024-10-26T19:02:01.886+0000] {processor.py:914} INFO - Processing file /home/airflow/.local/lib/python3.12/site-packages/airflow/example_dags/example_sla_dag.py for tasks to queue
[2024-10-26T19:02:01.888+0000] {logging_mixin.py:190} INFO - [2024-10-26T19:02:01.888+0000] {dagbag.py:588} INFO - Filling up the DagBag from /home/airflow/.local/lib/python3.12/site-packages/airflow/example_dags/example_sla_dag.py
[2024-10-26T19:02:01.897+0000] {processor.py:925} INFO - DAG(s) 'example_sla_dag' retrieved from /home/airflow/.local/lib/python3.12/site-packages/airflow/example_dags/example_sla_dag.py
[2024-10-26T19:02:01.915+0000] {logging_mixin.py:190} INFO - [2024-10-26T19:02:01.914+0000] {dag.py:3239} INFO - Sync 1 DAGs
[2024-10-26T19:02:01.936+0000] {logging_mixin.py:190} INFO - [2024-10-26T19:02:01.936+0000] {dag.py:4180} INFO - Setting next_dagrun for example_sla_dag to 2024-10-26 19:00:00+00:00, run_after=2024-10-26 19:02:00+00:00
[2024-10-26T19:02:01.956+0000] {processor.py:208} INFO - Processing /home/airflow/.local/lib/python3.12/site-packages/airflow/example_dags/example_sla_dag.py took 0.076 seconds
[2024-10-26T19:02:35.519+0000] {processor.py:186} INFO - Started process (PID=12232) to work on /home/airflow/.local/lib/python3.12/site-packages/airflow/example_dags/example_sla_dag.py
[2024-10-26T19:02:35.520+0000] {processor.py:914} INFO - Processing file /home/airflow/.local/lib/python3.12/site-packages/airflow/example_dags/example_sla_dag.py for tasks to queue
[2024-10-26T19:02:35.522+0000] {logging_mixin.py:190} INFO - [2024-10-26T19:02:35.522+0000] {dagbag.py:588} INFO - Filling up the DagBag from /home/airflow/.local/lib/python3.12/site-packages/airflow/example_dags/example_sla_dag.py
[2024-10-26T19:02:35.532+0000] {processor.py:925} INFO - DAG(s) 'example_sla_dag' retrieved from /home/airflow/.local/lib/python3.12/site-packages/airflow/example_dags/example_sla_dag.py
[2024-10-26T19:02:35.550+0000] {logging_mixin.py:190} INFO - [2024-10-26T19:02:35.550+0000] {dag.py:3239} INFO - Sync 1 DAGs
[2024-10-26T19:02:35.572+0000] {logging_mixin.py:190} INFO - [2024-10-26T19:02:35.571+0000] {dag.py:4180} INFO - Setting next_dagrun for example_sla_dag to 2024-10-26 19:00:00+00:00, run_after=2024-10-26 19:02:00+00:00
[2024-10-26T19:02:35.591+0000] {processor.py:208} INFO - Processing /home/airflow/.local/lib/python3.12/site-packages/airflow/example_dags/example_sla_dag.py took 0.078 seconds
[2024-10-26T19:03:08.133+0000] {processor.py:186} INFO - Started process (PID=12296) to work on /home/airflow/.local/lib/python3.12/site-packages/airflow/example_dags/example_sla_dag.py
[2024-10-26T19:03:08.134+0000] {processor.py:914} INFO - Processing file /home/airflow/.local/lib/python3.12/site-packages/airflow/example_dags/example_sla_dag.py for tasks to queue
[2024-10-26T19:03:08.136+0000] {logging_mixin.py:190} INFO - [2024-10-26T19:03:08.136+0000] {dagbag.py:588} INFO - Filling up the DagBag from /home/airflow/.local/lib/python3.12/site-packages/airflow/example_dags/example_sla_dag.py
[2024-10-26T19:03:08.145+0000] {processor.py:925} INFO - DAG(s) 'example_sla_dag' retrieved from /home/airflow/.local/lib/python3.12/site-packages/airflow/example_dags/example_sla_dag.py
[2024-10-26T19:03:08.163+0000] {logging_mixin.py:190} INFO - [2024-10-26T19:03:08.163+0000] {dag.py:3239} INFO - Sync 1 DAGs
[2024-10-26T19:03:08.184+0000] {logging_mixin.py:190} INFO - [2024-10-26T19:03:08.184+0000] {dag.py:4180} INFO - Setting next_dagrun for example_sla_dag to 2024-10-26 19:00:00+00:00, run_after=2024-10-26 19:02:00+00:00
[2024-10-26T19:03:08.203+0000] {processor.py:208} INFO - Processing /home/airflow/.local/lib/python3.12/site-packages/airflow/example_dags/example_sla_dag.py took 0.075 seconds
[2024-10-26T19:03:40.804+0000] {processor.py:186} INFO - Started process (PID=12360) to work on /home/airflow/.local/lib/python3.12/site-packages/airflow/example_dags/example_sla_dag.py
[2024-10-26T19:03:40.805+0000] {processor.py:914} INFO - Processing file /home/airflow/.local/lib/python3.12/site-packages/airflow/example_dags/example_sla_dag.py for tasks to queue
[2024-10-26T19:03:40.808+0000] {logging_mixin.py:190} INFO - [2024-10-26T19:03:40.808+0000] {dagbag.py:588} INFO - Filling up the DagBag from /home/airflow/.local/lib/python3.12/site-packages/airflow/example_dags/example_sla_dag.py
[2024-10-26T19:03:40.823+0000] {processor.py:925} INFO - DAG(s) 'example_sla_dag' retrieved from /home/airflow/.local/lib/python3.12/site-packages/airflow/example_dags/example_sla_dag.py
[2024-10-26T19:03:40.847+0000] {logging_mixin.py:190} INFO - [2024-10-26T19:03:40.847+0000] {dag.py:3239} INFO - Sync 1 DAGs
[2024-10-26T19:03:40.873+0000] {logging_mixin.py:190} INFO - [2024-10-26T19:03:40.872+0000] {dag.py:4180} INFO - Setting next_dagrun for example_sla_dag to 2024-10-26 19:00:00+00:00, run_after=2024-10-26 19:02:00+00:00
[2024-10-26T19:03:40.891+0000] {processor.py:208} INFO - Processing /home/airflow/.local/lib/python3.12/site-packages/airflow/example_dags/example_sla_dag.py took 0.093 seconds
[2024-10-26T19:04:13.508+0000] {processor.py:186} INFO - Started process (PID=12424) to work on /home/airflow/.local/lib/python3.12/site-packages/airflow/example_dags/example_sla_dag.py
[2024-10-26T19:04:13.509+0000] {processor.py:914} INFO - Processing file /home/airflow/.local/lib/python3.12/site-packages/airflow/example_dags/example_sla_dag.py for tasks to queue
[2024-10-26T19:04:13.511+0000] {logging_mixin.py:190} INFO - [2024-10-26T19:04:13.511+0000] {dagbag.py:588} INFO - Filling up the DagBag from /home/airflow/.local/lib/python3.12/site-packages/airflow/example_dags/example_sla_dag.py
[2024-10-26T19:04:13.520+0000] {processor.py:925} INFO - DAG(s) 'example_sla_dag' retrieved from /home/airflow/.local/lib/python3.12/site-packages/airflow/example_dags/example_sla_dag.py
[2024-10-26T19:04:13.538+0000] {logging_mixin.py:190} INFO - [2024-10-26T19:04:13.537+0000] {dag.py:3239} INFO - Sync 1 DAGs
[2024-10-26T19:04:13.562+0000] {logging_mixin.py:190} INFO - [2024-10-26T19:04:13.561+0000] {dag.py:4180} INFO - Setting next_dagrun for example_sla_dag to 2024-10-26 19:02:00+00:00, run_after=2024-10-26 19:04:00+00:00
[2024-10-26T19:04:13.581+0000] {processor.py:208} INFO - Processing /home/airflow/.local/lib/python3.12/site-packages/airflow/example_dags/example_sla_dag.py took 0.078 seconds
[2024-10-26T19:04:45.662+0000] {processor.py:186} INFO - Started process (PID=12488) to work on /home/airflow/.local/lib/python3.12/site-packages/airflow/example_dags/example_sla_dag.py
[2024-10-26T19:04:45.663+0000] {processor.py:914} INFO - Processing file /home/airflow/.local/lib/python3.12/site-packages/airflow/example_dags/example_sla_dag.py for tasks to queue
[2024-10-26T19:04:45.665+0000] {logging_mixin.py:190} INFO - [2024-10-26T19:04:45.665+0000] {dagbag.py:588} INFO - Filling up the DagBag from /home/airflow/.local/lib/python3.12/site-packages/airflow/example_dags/example_sla_dag.py
[2024-10-26T19:04:45.675+0000] {processor.py:925} INFO - DAG(s) 'example_sla_dag' retrieved from /home/airflow/.local/lib/python3.12/site-packages/airflow/example_dags/example_sla_dag.py
[2024-10-26T19:04:45.695+0000] {logging_mixin.py:190} INFO - [2024-10-26T19:04:45.695+0000] {dag.py:3239} INFO - Sync 1 DAGs
[2024-10-26T19:04:45.722+0000] {logging_mixin.py:190} INFO - [2024-10-26T19:04:45.721+0000] {dag.py:4180} INFO - Setting next_dagrun for example_sla_dag to 2024-10-26 19:02:00+00:00, run_after=2024-10-26 19:04:00+00:00
[2024-10-26T19:04:45.744+0000] {processor.py:208} INFO - Processing /home/airflow/.local/lib/python3.12/site-packages/airflow/example_dags/example_sla_dag.py took 0.088 seconds
[2024-10-26T19:05:19.219+0000] {processor.py:186} INFO - Started process (PID=12552) to work on /home/airflow/.local/lib/python3.12/site-packages/airflow/example_dags/example_sla_dag.py
[2024-10-26T19:05:19.220+0000] {processor.py:914} INFO - Processing file /home/airflow/.local/lib/python3.12/site-packages/airflow/example_dags/example_sla_dag.py for tasks to queue
[2024-10-26T19:05:19.222+0000] {logging_mixin.py:190} INFO - [2024-10-26T19:05:19.221+0000] {dagbag.py:588} INFO - Filling up the DagBag from /home/airflow/.local/lib/python3.12/site-packages/airflow/example_dags/example_sla_dag.py
[2024-10-26T19:05:19.230+0000] {processor.py:925} INFO - DAG(s) 'example_sla_dag' retrieved from /home/airflow/.local/lib/python3.12/site-packages/airflow/example_dags/example_sla_dag.py
[2024-10-26T19:05:19.248+0000] {logging_mixin.py:190} INFO - [2024-10-26T19:05:19.248+0000] {dag.py:3239} INFO - Sync 1 DAGs
[2024-10-26T19:05:19.270+0000] {logging_mixin.py:190} INFO - [2024-10-26T19:05:19.269+0000] {dag.py:4180} INFO - Setting next_dagrun for example_sla_dag to 2024-10-26 19:02:00+00:00, run_after=2024-10-26 19:04:00+00:00
[2024-10-26T19:05:19.289+0000] {processor.py:208} INFO - Processing /home/airflow/.local/lib/python3.12/site-packages/airflow/example_dags/example_sla_dag.py took 0.076 seconds
[2024-10-26T19:05:52.003+0000] {processor.py:186} INFO - Started process (PID=12616) to work on /home/airflow/.local/lib/python3.12/site-packages/airflow/example_dags/example_sla_dag.py
[2024-10-26T19:05:52.004+0000] {processor.py:914} INFO - Processing file /home/airflow/.local/lib/python3.12/site-packages/airflow/example_dags/example_sla_dag.py for tasks to queue
[2024-10-26T19:05:52.006+0000] {logging_mixin.py:190} INFO - [2024-10-26T19:05:52.005+0000] {dagbag.py:588} INFO - Filling up the DagBag from /home/airflow/.local/lib/python3.12/site-packages/airflow/example_dags/example_sla_dag.py
[2024-10-26T19:05:52.015+0000] {processor.py:925} INFO - DAG(s) 'example_sla_dag' retrieved from /home/airflow/.local/lib/python3.12/site-packages/airflow/example_dags/example_sla_dag.py
[2024-10-26T19:05:52.034+0000] {logging_mixin.py:190} INFO - [2024-10-26T19:05:52.034+0000] {dag.py:3239} INFO - Sync 1 DAGs
[2024-10-26T19:05:52.057+0000] {logging_mixin.py:190} INFO - [2024-10-26T19:05:52.056+0000] {dag.py:4180} INFO - Setting next_dagrun for example_sla_dag to 2024-10-26 19:02:00+00:00, run_after=2024-10-26 19:04:00+00:00
[2024-10-26T19:05:52.077+0000] {processor.py:208} INFO - Processing /home/airflow/.local/lib/python3.12/site-packages/airflow/example_dags/example_sla_dag.py took 0.080 seconds
[2024-10-26T19:06:24.523+0000] {processor.py:186} INFO - Started process (PID=12680) to work on /home/airflow/.local/lib/python3.12/site-packages/airflow/example_dags/example_sla_dag.py
[2024-10-26T19:06:24.524+0000] {processor.py:914} INFO - Processing file /home/airflow/.local/lib/python3.12/site-packages/airflow/example_dags/example_sla_dag.py for tasks to queue
[2024-10-26T19:06:24.526+0000] {logging_mixin.py:190} INFO - [2024-10-26T19:06:24.526+0000] {dagbag.py:588} INFO - Filling up the DagBag from /home/airflow/.local/lib/python3.12/site-packages/airflow/example_dags/example_sla_dag.py
[2024-10-26T19:06:24.538+0000] {processor.py:925} INFO - DAG(s) 'example_sla_dag' retrieved from /home/airflow/.local/lib/python3.12/site-packages/airflow/example_dags/example_sla_dag.py
[2024-10-26T19:06:24.556+0000] {logging_mixin.py:190} INFO - [2024-10-26T19:06:24.555+0000] {dag.py:3239} INFO - Sync 1 DAGs
[2024-10-26T19:06:24.578+0000] {logging_mixin.py:190} INFO - [2024-10-26T19:06:24.578+0000] {dag.py:4180} INFO - Setting next_dagrun for example_sla_dag to 2024-10-26 19:04:00+00:00, run_after=2024-10-26 19:06:00+00:00
[2024-10-26T19:06:24.598+0000] {processor.py:208} INFO - Processing /home/airflow/.local/lib/python3.12/site-packages/airflow/example_dags/example_sla_dag.py took 0.080 seconds
[2024-10-26T19:06:57.022+0000] {processor.py:186} INFO - Started process (PID=12744) to work on /home/airflow/.local/lib/python3.12/site-packages/airflow/example_dags/example_sla_dag.py
[2024-10-26T19:06:57.023+0000] {processor.py:914} INFO - Processing file /home/airflow/.local/lib/python3.12/site-packages/airflow/example_dags/example_sla_dag.py for tasks to queue
[2024-10-26T19:06:57.026+0000] {logging_mixin.py:190} INFO - [2024-10-26T19:06:57.025+0000] {dagbag.py:588} INFO - Filling up the DagBag from /home/airflow/.local/lib/python3.12/site-packages/airflow/example_dags/example_sla_dag.py
[2024-10-26T19:06:57.035+0000] {processor.py:925} INFO - DAG(s) 'example_sla_dag' retrieved from /home/airflow/.local/lib/python3.12/site-packages/airflow/example_dags/example_sla_dag.py
[2024-10-26T19:06:57.054+0000] {logging_mixin.py:190} INFO - [2024-10-26T19:06:57.054+0000] {dag.py:3239} INFO - Sync 1 DAGs
[2024-10-26T19:06:57.076+0000] {logging_mixin.py:190} INFO - [2024-10-26T19:06:57.076+0000] {dag.py:4180} INFO - Setting next_dagrun for example_sla_dag to 2024-10-26 19:04:00+00:00, run_after=2024-10-26 19:06:00+00:00
[2024-10-26T19:06:57.096+0000] {processor.py:208} INFO - Processing /home/airflow/.local/lib/python3.12/site-packages/airflow/example_dags/example_sla_dag.py took 0.079 seconds
[2024-10-26T19:07:29.595+0000] {processor.py:186} INFO - Started process (PID=12808) to work on /home/airflow/.local/lib/python3.12/site-packages/airflow/example_dags/example_sla_dag.py
[2024-10-26T19:07:29.595+0000] {processor.py:914} INFO - Processing file /home/airflow/.local/lib/python3.12/site-packages/airflow/example_dags/example_sla_dag.py for tasks to queue
[2024-10-26T19:07:29.598+0000] {logging_mixin.py:190} INFO - [2024-10-26T19:07:29.597+0000] {dagbag.py:588} INFO - Filling up the DagBag from /home/airflow/.local/lib/python3.12/site-packages/airflow/example_dags/example_sla_dag.py
[2024-10-26T19:07:29.606+0000] {processor.py:925} INFO - DAG(s) 'example_sla_dag' retrieved from /home/airflow/.local/lib/python3.12/site-packages/airflow/example_dags/example_sla_dag.py
[2024-10-26T19:07:29.624+0000] {logging_mixin.py:190} INFO - [2024-10-26T19:07:29.624+0000] {dag.py:3239} INFO - Sync 1 DAGs
[2024-10-26T19:07:29.646+0000] {logging_mixin.py:190} INFO - [2024-10-26T19:07:29.646+0000] {dag.py:4180} INFO - Setting next_dagrun for example_sla_dag to 2024-10-26 19:04:00+00:00, run_after=2024-10-26 19:06:00+00:00
[2024-10-26T19:07:29.665+0000] {processor.py:208} INFO - Processing /home/airflow/.local/lib/python3.12/site-packages/airflow/example_dags/example_sla_dag.py took 0.076 seconds
[2024-10-26T19:08:02.328+0000] {processor.py:186} INFO - Started process (PID=12872) to work on /home/airflow/.local/lib/python3.12/site-packages/airflow/example_dags/example_sla_dag.py
[2024-10-26T19:08:02.329+0000] {processor.py:914} INFO - Processing file /home/airflow/.local/lib/python3.12/site-packages/airflow/example_dags/example_sla_dag.py for tasks to queue
[2024-10-26T19:08:02.331+0000] {logging_mixin.py:190} INFO - [2024-10-26T19:08:02.331+0000] {dagbag.py:588} INFO - Filling up the DagBag from /home/airflow/.local/lib/python3.12/site-packages/airflow/example_dags/example_sla_dag.py
[2024-10-26T19:08:02.342+0000] {processor.py:925} INFO - DAG(s) 'example_sla_dag' retrieved from /home/airflow/.local/lib/python3.12/site-packages/airflow/example_dags/example_sla_dag.py
[2024-10-26T19:08:02.361+0000] {logging_mixin.py:190} INFO - [2024-10-26T19:08:02.361+0000] {dag.py:3239} INFO - Sync 1 DAGs
[2024-10-26T19:08:02.383+0000] {logging_mixin.py:190} INFO - [2024-10-26T19:08:02.382+0000] {dag.py:4180} INFO - Setting next_dagrun for example_sla_dag to 2024-10-26 19:06:00+00:00, run_after=2024-10-26 19:08:00+00:00
[2024-10-26T19:08:02.403+0000] {processor.py:208} INFO - Processing /home/airflow/.local/lib/python3.12/site-packages/airflow/example_dags/example_sla_dag.py took 0.079 seconds
[2024-10-26T19:08:35.004+0000] {processor.py:186} INFO - Started process (PID=12936) to work on /home/airflow/.local/lib/python3.12/site-packages/airflow/example_dags/example_sla_dag.py
[2024-10-26T19:08:35.005+0000] {processor.py:914} INFO - Processing file /home/airflow/.local/lib/python3.12/site-packages/airflow/example_dags/example_sla_dag.py for tasks to queue
[2024-10-26T19:08:35.008+0000] {logging_mixin.py:190} INFO - [2024-10-26T19:08:35.007+0000] {dagbag.py:588} INFO - Filling up the DagBag from /home/airflow/.local/lib/python3.12/site-packages/airflow/example_dags/example_sla_dag.py
[2024-10-26T19:08:35.016+0000] {processor.py:925} INFO - DAG(s) 'example_sla_dag' retrieved from /home/airflow/.local/lib/python3.12/site-packages/airflow/example_dags/example_sla_dag.py
[2024-10-26T19:08:35.032+0000] {logging_mixin.py:190} INFO - [2024-10-26T19:08:35.032+0000] {dag.py:3239} INFO - Sync 1 DAGs
[2024-10-26T19:08:35.053+0000] {logging_mixin.py:190} INFO - [2024-10-26T19:08:35.053+0000] {dag.py:4180} INFO - Setting next_dagrun for example_sla_dag to 2024-10-26 19:06:00+00:00, run_after=2024-10-26 19:08:00+00:00
[2024-10-26T19:08:35.071+0000] {processor.py:208} INFO - Processing /home/airflow/.local/lib/python3.12/site-packages/airflow/example_dags/example_sla_dag.py took 0.072 seconds
[2024-10-26T19:09:07.705+0000] {processor.py:186} INFO - Started process (PID=13000) to work on /home/airflow/.local/lib/python3.12/site-packages/airflow/example_dags/example_sla_dag.py
[2024-10-26T19:09:07.706+0000] {processor.py:914} INFO - Processing file /home/airflow/.local/lib/python3.12/site-packages/airflow/example_dags/example_sla_dag.py for tasks to queue
[2024-10-26T19:09:07.709+0000] {logging_mixin.py:190} INFO - [2024-10-26T19:09:07.708+0000] {dagbag.py:588} INFO - Filling up the DagBag from /home/airflow/.local/lib/python3.12/site-packages/airflow/example_dags/example_sla_dag.py
[2024-10-26T19:09:07.719+0000] {processor.py:925} INFO - DAG(s) 'example_sla_dag' retrieved from /home/airflow/.local/lib/python3.12/site-packages/airflow/example_dags/example_sla_dag.py
[2024-10-26T19:09:07.738+0000] {logging_mixin.py:190} INFO - [2024-10-26T19:09:07.738+0000] {dag.py:3239} INFO - Sync 1 DAGs
[2024-10-26T19:09:07.759+0000] {logging_mixin.py:190} INFO - [2024-10-26T19:09:07.759+0000] {dag.py:4180} INFO - Setting next_dagrun for example_sla_dag to 2024-10-26 19:06:00+00:00, run_after=2024-10-26 19:08:00+00:00
[2024-10-26T19:09:07.779+0000] {processor.py:208} INFO - Processing /home/airflow/.local/lib/python3.12/site-packages/airflow/example_dags/example_sla_dag.py took 0.080 seconds
[2024-10-26T19:09:40.444+0000] {processor.py:186} INFO - Started process (PID=13064) to work on /home/airflow/.local/lib/python3.12/site-packages/airflow/example_dags/example_sla_dag.py
[2024-10-26T19:09:40.444+0000] {processor.py:914} INFO - Processing file /home/airflow/.local/lib/python3.12/site-packages/airflow/example_dags/example_sla_dag.py for tasks to queue
[2024-10-26T19:09:40.446+0000] {logging_mixin.py:190} INFO - [2024-10-26T19:09:40.446+0000] {dagbag.py:588} INFO - Filling up the DagBag from /home/airflow/.local/lib/python3.12/site-packages/airflow/example_dags/example_sla_dag.py
[2024-10-26T19:09:40.455+0000] {processor.py:925} INFO - DAG(s) 'example_sla_dag' retrieved from /home/airflow/.local/lib/python3.12/site-packages/airflow/example_dags/example_sla_dag.py
[2024-10-26T19:09:40.474+0000] {logging_mixin.py:190} INFO - [2024-10-26T19:09:40.474+0000] {dag.py:3239} INFO - Sync 1 DAGs
[2024-10-26T19:09:40.495+0000] {logging_mixin.py:190} INFO - [2024-10-26T19:09:40.495+0000] {dag.py:4180} INFO - Setting next_dagrun for example_sla_dag to 2024-10-26 19:06:00+00:00, run_after=2024-10-26 19:08:00+00:00
[2024-10-26T19:09:40.514+0000] {processor.py:208} INFO - Processing /home/airflow/.local/lib/python3.12/site-packages/airflow/example_dags/example_sla_dag.py took 0.076 seconds
[2024-10-26T19:10:13.351+0000] {processor.py:186} INFO - Started process (PID=13128) to work on /home/airflow/.local/lib/python3.12/site-packages/airflow/example_dags/example_sla_dag.py
[2024-10-26T19:10:13.352+0000] {processor.py:914} INFO - Processing file /home/airflow/.local/lib/python3.12/site-packages/airflow/example_dags/example_sla_dag.py for tasks to queue
[2024-10-26T19:10:13.354+0000] {logging_mixin.py:190} INFO - [2024-10-26T19:10:13.354+0000] {dagbag.py:588} INFO - Filling up the DagBag from /home/airflow/.local/lib/python3.12/site-packages/airflow/example_dags/example_sla_dag.py
[2024-10-26T19:10:13.363+0000] {processor.py:925} INFO - DAG(s) 'example_sla_dag' retrieved from /home/airflow/.local/lib/python3.12/site-packages/airflow/example_dags/example_sla_dag.py
[2024-10-26T19:10:13.381+0000] {logging_mixin.py:190} INFO - [2024-10-26T19:10:13.381+0000] {dag.py:3239} INFO - Sync 1 DAGs
[2024-10-26T19:10:13.402+0000] {logging_mixin.py:190} INFO - [2024-10-26T19:10:13.402+0000] {dag.py:4180} INFO - Setting next_dagrun for example_sla_dag to 2024-10-26 19:08:00+00:00, run_after=2024-10-26 19:10:00+00:00
[2024-10-26T19:10:13.421+0000] {processor.py:208} INFO - Processing /home/airflow/.local/lib/python3.12/site-packages/airflow/example_dags/example_sla_dag.py took 0.076 seconds
[2024-10-26T19:10:45.807+0000] {processor.py:186} INFO - Started process (PID=13192) to work on /home/airflow/.local/lib/python3.12/site-packages/airflow/example_dags/example_sla_dag.py
[2024-10-26T19:10:45.808+0000] {processor.py:914} INFO - Processing file /home/airflow/.local/lib/python3.12/site-packages/airflow/example_dags/example_sla_dag.py for tasks to queue
[2024-10-26T19:10:45.810+0000] {logging_mixin.py:190} INFO - [2024-10-26T19:10:45.810+0000] {dagbag.py:588} INFO - Filling up the DagBag from /home/airflow/.local/lib/python3.12/site-packages/airflow/example_dags/example_sla_dag.py
[2024-10-26T19:10:45.820+0000] {processor.py:925} INFO - DAG(s) 'example_sla_dag' retrieved from /home/airflow/.local/lib/python3.12/site-packages/airflow/example_dags/example_sla_dag.py
[2024-10-26T19:10:45.840+0000] {logging_mixin.py:190} INFO - [2024-10-26T19:10:45.840+0000] {dag.py:3239} INFO - Sync 1 DAGs
[2024-10-26T19:10:45.864+0000] {logging_mixin.py:190} INFO - [2024-10-26T19:10:45.863+0000] {dag.py:4180} INFO - Setting next_dagrun for example_sla_dag to 2024-10-26 19:08:00+00:00, run_after=2024-10-26 19:10:00+00:00
[2024-10-26T19:10:45.885+0000] {processor.py:208} INFO - Processing /home/airflow/.local/lib/python3.12/site-packages/airflow/example_dags/example_sla_dag.py took 0.084 seconds
[2024-10-26T19:11:18.376+0000] {processor.py:186} INFO - Started process (PID=13256) to work on /home/airflow/.local/lib/python3.12/site-packages/airflow/example_dags/example_sla_dag.py
[2024-10-26T19:11:18.377+0000] {processor.py:914} INFO - Processing file /home/airflow/.local/lib/python3.12/site-packages/airflow/example_dags/example_sla_dag.py for tasks to queue
[2024-10-26T19:11:18.380+0000] {logging_mixin.py:190} INFO - [2024-10-26T19:11:18.380+0000] {dagbag.py:588} INFO - Filling up the DagBag from /home/airflow/.local/lib/python3.12/site-packages/airflow/example_dags/example_sla_dag.py
[2024-10-26T19:11:18.390+0000] {processor.py:925} INFO - DAG(s) 'example_sla_dag' retrieved from /home/airflow/.local/lib/python3.12/site-packages/airflow/example_dags/example_sla_dag.py
[2024-10-26T19:11:18.407+0000] {logging_mixin.py:190} INFO - [2024-10-26T19:11:18.407+0000] {dag.py:3239} INFO - Sync 1 DAGs
[2024-10-26T19:11:18.430+0000] {logging_mixin.py:190} INFO - [2024-10-26T19:11:18.430+0000] {dag.py:4180} INFO - Setting next_dagrun for example_sla_dag to 2024-10-26 19:08:00+00:00, run_after=2024-10-26 19:10:00+00:00
[2024-10-26T19:11:18.450+0000] {processor.py:208} INFO - Processing /home/airflow/.local/lib/python3.12/site-packages/airflow/example_dags/example_sla_dag.py took 0.079 seconds
[2024-10-26T19:11:50.990+0000] {processor.py:186} INFO - Started process (PID=13320) to work on /home/airflow/.local/lib/python3.12/site-packages/airflow/example_dags/example_sla_dag.py
[2024-10-26T19:11:50.991+0000] {processor.py:914} INFO - Processing file /home/airflow/.local/lib/python3.12/site-packages/airflow/example_dags/example_sla_dag.py for tasks to queue
[2024-10-26T19:11:50.993+0000] {logging_mixin.py:190} INFO - [2024-10-26T19:11:50.993+0000] {dagbag.py:588} INFO - Filling up the DagBag from /home/airflow/.local/lib/python3.12/site-packages/airflow/example_dags/example_sla_dag.py
[2024-10-26T19:11:51.002+0000] {processor.py:925} INFO - DAG(s) 'example_sla_dag' retrieved from /home/airflow/.local/lib/python3.12/site-packages/airflow/example_dags/example_sla_dag.py
[2024-10-26T19:11:51.021+0000] {logging_mixin.py:190} INFO - [2024-10-26T19:11:51.020+0000] {dag.py:3239} INFO - Sync 1 DAGs
[2024-10-26T19:11:51.042+0000] {logging_mixin.py:190} INFO - [2024-10-26T19:11:51.041+0000] {dag.py:4180} INFO - Setting next_dagrun for example_sla_dag to 2024-10-26 19:08:00+00:00, run_after=2024-10-26 19:10:00+00:00
[2024-10-26T19:11:51.062+0000] {processor.py:208} INFO - Processing /home/airflow/.local/lib/python3.12/site-packages/airflow/example_dags/example_sla_dag.py took 0.077 seconds
[2024-10-26T19:12:24.038+0000] {processor.py:186} INFO - Started process (PID=13384) to work on /home/airflow/.local/lib/python3.12/site-packages/airflow/example_dags/example_sla_dag.py
[2024-10-26T19:12:24.039+0000] {processor.py:914} INFO - Processing file /home/airflow/.local/lib/python3.12/site-packages/airflow/example_dags/example_sla_dag.py for tasks to queue
[2024-10-26T19:12:24.041+0000] {logging_mixin.py:190} INFO - [2024-10-26T19:12:24.041+0000] {dagbag.py:588} INFO - Filling up the DagBag from /home/airflow/.local/lib/python3.12/site-packages/airflow/example_dags/example_sla_dag.py
[2024-10-26T19:12:24.051+0000] {processor.py:925} INFO - DAG(s) 'example_sla_dag' retrieved from /home/airflow/.local/lib/python3.12/site-packages/airflow/example_dags/example_sla_dag.py
[2024-10-26T19:12:24.071+0000] {logging_mixin.py:190} INFO - [2024-10-26T19:12:24.071+0000] {dag.py:3239} INFO - Sync 1 DAGs
[2024-10-26T19:12:24.094+0000] {logging_mixin.py:190} INFO - [2024-10-26T19:12:24.093+0000] {dag.py:4180} INFO - Setting next_dagrun for example_sla_dag to 2024-10-26 19:10:00+00:00, run_after=2024-10-26 19:12:00+00:00
[2024-10-26T19:12:24.114+0000] {processor.py:208} INFO - Processing /home/airflow/.local/lib/python3.12/site-packages/airflow/example_dags/example_sla_dag.py took 0.081 seconds
[2024-10-26T19:12:56.794+0000] {processor.py:186} INFO - Started process (PID=13448) to work on /home/airflow/.local/lib/python3.12/site-packages/airflow/example_dags/example_sla_dag.py
[2024-10-26T19:12:56.795+0000] {processor.py:914} INFO - Processing file /home/airflow/.local/lib/python3.12/site-packages/airflow/example_dags/example_sla_dag.py for tasks to queue
[2024-10-26T19:12:56.797+0000] {logging_mixin.py:190} INFO - [2024-10-26T19:12:56.797+0000] {dagbag.py:588} INFO - Filling up the DagBag from /home/airflow/.local/lib/python3.12/site-packages/airflow/example_dags/example_sla_dag.py
[2024-10-26T19:12:56.806+0000] {processor.py:925} INFO - DAG(s) 'example_sla_dag' retrieved from /home/airflow/.local/lib/python3.12/site-packages/airflow/example_dags/example_sla_dag.py
[2024-10-26T19:12:56.824+0000] {logging_mixin.py:190} INFO - [2024-10-26T19:12:56.824+0000] {dag.py:3239} INFO - Sync 1 DAGs
[2024-10-26T19:12:56.845+0000] {logging_mixin.py:190} INFO - [2024-10-26T19:12:56.844+0000] {dag.py:4180} INFO - Setting next_dagrun for example_sla_dag to 2024-10-26 19:10:00+00:00, run_after=2024-10-26 19:12:00+00:00
[2024-10-26T19:12:56.865+0000] {processor.py:208} INFO - Processing /home/airflow/.local/lib/python3.12/site-packages/airflow/example_dags/example_sla_dag.py took 0.075 seconds
[2024-10-26T19:13:29.333+0000] {processor.py:186} INFO - Started process (PID=13512) to work on /home/airflow/.local/lib/python3.12/site-packages/airflow/example_dags/example_sla_dag.py
[2024-10-26T19:13:29.334+0000] {processor.py:914} INFO - Processing file /home/airflow/.local/lib/python3.12/site-packages/airflow/example_dags/example_sla_dag.py for tasks to queue
[2024-10-26T19:13:29.336+0000] {logging_mixin.py:190} INFO - [2024-10-26T19:13:29.336+0000] {dagbag.py:588} INFO - Filling up the DagBag from /home/airflow/.local/lib/python3.12/site-packages/airflow/example_dags/example_sla_dag.py
[2024-10-26T19:13:29.345+0000] {processor.py:925} INFO - DAG(s) 'example_sla_dag' retrieved from /home/airflow/.local/lib/python3.12/site-packages/airflow/example_dags/example_sla_dag.py
[2024-10-26T19:13:29.361+0000] {logging_mixin.py:190} INFO - [2024-10-26T19:13:29.361+0000] {dag.py:3239} INFO - Sync 1 DAGs
[2024-10-26T19:13:29.381+0000] {logging_mixin.py:190} INFO - [2024-10-26T19:13:29.381+0000] {dag.py:4180} INFO - Setting next_dagrun for example_sla_dag to 2024-10-26 19:10:00+00:00, run_after=2024-10-26 19:12:00+00:00
[2024-10-26T19:13:29.401+0000] {processor.py:208} INFO - Processing /home/airflow/.local/lib/python3.12/site-packages/airflow/example_dags/example_sla_dag.py took 0.072 seconds
[2024-10-26T19:14:02.036+0000] {processor.py:186} INFO - Started process (PID=13576) to work on /home/airflow/.local/lib/python3.12/site-packages/airflow/example_dags/example_sla_dag.py
[2024-10-26T19:14:02.037+0000] {processor.py:914} INFO - Processing file /home/airflow/.local/lib/python3.12/site-packages/airflow/example_dags/example_sla_dag.py for tasks to queue
[2024-10-26T19:14:02.039+0000] {logging_mixin.py:190} INFO - [2024-10-26T19:14:02.039+0000] {dagbag.py:588} INFO - Filling up the DagBag from /home/airflow/.local/lib/python3.12/site-packages/airflow/example_dags/example_sla_dag.py
[2024-10-26T19:14:02.049+0000] {processor.py:925} INFO - DAG(s) 'example_sla_dag' retrieved from /home/airflow/.local/lib/python3.12/site-packages/airflow/example_dags/example_sla_dag.py
[2024-10-26T19:14:02.066+0000] {logging_mixin.py:190} INFO - [2024-10-26T19:14:02.065+0000] {dag.py:3239} INFO - Sync 1 DAGs
[2024-10-26T19:14:02.088+0000] {logging_mixin.py:190} INFO - [2024-10-26T19:14:02.088+0000] {dag.py:4180} INFO - Setting next_dagrun for example_sla_dag to 2024-10-26 19:12:00+00:00, run_after=2024-10-26 19:14:00+00:00
[2024-10-26T19:14:02.107+0000] {processor.py:208} INFO - Processing /home/airflow/.local/lib/python3.12/site-packages/airflow/example_dags/example_sla_dag.py took 0.076 seconds
[2024-10-26T19:14:34.797+0000] {processor.py:186} INFO - Started process (PID=13640) to work on /home/airflow/.local/lib/python3.12/site-packages/airflow/example_dags/example_sla_dag.py
[2024-10-26T19:14:34.798+0000] {processor.py:914} INFO - Processing file /home/airflow/.local/lib/python3.12/site-packages/airflow/example_dags/example_sla_dag.py for tasks to queue
[2024-10-26T19:14:34.801+0000] {logging_mixin.py:190} INFO - [2024-10-26T19:14:34.801+0000] {dagbag.py:588} INFO - Filling up the DagBag from /home/airflow/.local/lib/python3.12/site-packages/airflow/example_dags/example_sla_dag.py
[2024-10-26T19:14:34.831+0000] {processor.py:925} INFO - DAG(s) 'example_sla_dag' retrieved from /home/airflow/.local/lib/python3.12/site-packages/airflow/example_dags/example_sla_dag.py
[2024-10-26T19:14:34.852+0000] {logging_mixin.py:190} INFO - [2024-10-26T19:14:34.851+0000] {dag.py:3239} INFO - Sync 1 DAGs
[2024-10-26T19:14:34.878+0000] {logging_mixin.py:190} INFO - [2024-10-26T19:14:34.878+0000] {dag.py:4180} INFO - Setting next_dagrun for example_sla_dag to 2024-10-26 19:12:00+00:00, run_after=2024-10-26 19:14:00+00:00
[2024-10-26T19:14:34.898+0000] {processor.py:208} INFO - Processing /home/airflow/.local/lib/python3.12/site-packages/airflow/example_dags/example_sla_dag.py took 0.108 seconds
[2024-10-26T19:15:08.388+0000] {processor.py:186} INFO - Started process (PID=13704) to work on /home/airflow/.local/lib/python3.12/site-packages/airflow/example_dags/example_sla_dag.py
[2024-10-26T19:15:08.390+0000] {processor.py:914} INFO - Processing file /home/airflow/.local/lib/python3.12/site-packages/airflow/example_dags/example_sla_dag.py for tasks to queue
[2024-10-26T19:15:08.393+0000] {logging_mixin.py:190} INFO - [2024-10-26T19:15:08.392+0000] {dagbag.py:588} INFO - Filling up the DagBag from /home/airflow/.local/lib/python3.12/site-packages/airflow/example_dags/example_sla_dag.py
[2024-10-26T19:15:08.406+0000] {processor.py:925} INFO - DAG(s) 'example_sla_dag' retrieved from /home/airflow/.local/lib/python3.12/site-packages/airflow/example_dags/example_sla_dag.py
[2024-10-26T19:15:08.429+0000] {logging_mixin.py:190} INFO - [2024-10-26T19:15:08.428+0000] {dag.py:3239} INFO - Sync 1 DAGs
[2024-10-26T19:15:08.457+0000] {logging_mixin.py:190} INFO - [2024-10-26T19:15:08.457+0000] {dag.py:4180} INFO - Setting next_dagrun for example_sla_dag to 2024-10-26 19:12:00+00:00, run_after=2024-10-26 19:14:00+00:00
[2024-10-26T19:15:08.478+0000] {processor.py:208} INFO - Processing /home/airflow/.local/lib/python3.12/site-packages/airflow/example_dags/example_sla_dag.py took 0.097 seconds
[2024-10-26T19:15:40.615+0000] {processor.py:186} INFO - Started process (PID=13768) to work on /home/airflow/.local/lib/python3.12/site-packages/airflow/example_dags/example_sla_dag.py
[2024-10-26T19:15:40.617+0000] {processor.py:914} INFO - Processing file /home/airflow/.local/lib/python3.12/site-packages/airflow/example_dags/example_sla_dag.py for tasks to queue
[2024-10-26T19:15:40.619+0000] {logging_mixin.py:190} INFO - [2024-10-26T19:15:40.619+0000] {dagbag.py:588} INFO - Filling up the DagBag from /home/airflow/.local/lib/python3.12/site-packages/airflow/example_dags/example_sla_dag.py
[2024-10-26T19:15:40.628+0000] {processor.py:925} INFO - DAG(s) 'example_sla_dag' retrieved from /home/airflow/.local/lib/python3.12/site-packages/airflow/example_dags/example_sla_dag.py
[2024-10-26T19:15:40.648+0000] {logging_mixin.py:190} INFO - [2024-10-26T19:15:40.647+0000] {dag.py:3239} INFO - Sync 1 DAGs
[2024-10-26T19:15:40.671+0000] {logging_mixin.py:190} INFO - [2024-10-26T19:15:40.671+0000] {dag.py:4180} INFO - Setting next_dagrun for example_sla_dag to 2024-10-26 19:12:00+00:00, run_after=2024-10-26 19:14:00+00:00
[2024-10-26T19:15:40.692+0000] {processor.py:208} INFO - Processing /home/airflow/.local/lib/python3.12/site-packages/airflow/example_dags/example_sla_dag.py took 0.083 seconds
[2024-10-26T19:16:13.812+0000] {processor.py:186} INFO - Started process (PID=13832) to work on /home/airflow/.local/lib/python3.12/site-packages/airflow/example_dags/example_sla_dag.py
[2024-10-26T19:16:13.813+0000] {processor.py:914} INFO - Processing file /home/airflow/.local/lib/python3.12/site-packages/airflow/example_dags/example_sla_dag.py for tasks to queue
[2024-10-26T19:16:13.816+0000] {logging_mixin.py:190} INFO - [2024-10-26T19:16:13.816+0000] {dagbag.py:588} INFO - Filling up the DagBag from /home/airflow/.local/lib/python3.12/site-packages/airflow/example_dags/example_sla_dag.py
[2024-10-26T19:16:13.828+0000] {processor.py:925} INFO - DAG(s) 'example_sla_dag' retrieved from /home/airflow/.local/lib/python3.12/site-packages/airflow/example_dags/example_sla_dag.py
[2024-10-26T19:16:13.850+0000] {logging_mixin.py:190} INFO - [2024-10-26T19:16:13.849+0000] {dag.py:3239} INFO - Sync 1 DAGs
[2024-10-26T19:16:13.874+0000] {logging_mixin.py:190} INFO - [2024-10-26T19:16:13.874+0000] {dag.py:4180} INFO - Setting next_dagrun for example_sla_dag to 2024-10-26 19:14:00+00:00, run_after=2024-10-26 19:16:00+00:00
[2024-10-26T19:16:13.896+0000] {processor.py:208} INFO - Processing /home/airflow/.local/lib/python3.12/site-packages/airflow/example_dags/example_sla_dag.py took 0.090 seconds
[2024-10-26T19:16:45.796+0000] {processor.py:186} INFO - Started process (PID=13896) to work on /home/airflow/.local/lib/python3.12/site-packages/airflow/example_dags/example_sla_dag.py
[2024-10-26T19:16:45.798+0000] {processor.py:914} INFO - Processing file /home/airflow/.local/lib/python3.12/site-packages/airflow/example_dags/example_sla_dag.py for tasks to queue
[2024-10-26T19:16:45.800+0000] {logging_mixin.py:190} INFO - [2024-10-26T19:16:45.800+0000] {dagbag.py:588} INFO - Filling up the DagBag from /home/airflow/.local/lib/python3.12/site-packages/airflow/example_dags/example_sla_dag.py
[2024-10-26T19:16:45.810+0000] {processor.py:925} INFO - DAG(s) 'example_sla_dag' retrieved from /home/airflow/.local/lib/python3.12/site-packages/airflow/example_dags/example_sla_dag.py
[2024-10-26T19:16:45.832+0000] {logging_mixin.py:190} INFO - [2024-10-26T19:16:45.832+0000] {dag.py:3239} INFO - Sync 1 DAGs
[2024-10-26T19:16:45.856+0000] {logging_mixin.py:190} INFO - [2024-10-26T19:16:45.856+0000] {dag.py:4180} INFO - Setting next_dagrun for example_sla_dag to 2024-10-26 19:14:00+00:00, run_after=2024-10-26 19:16:00+00:00
[2024-10-26T19:16:45.878+0000] {processor.py:208} INFO - Processing /home/airflow/.local/lib/python3.12/site-packages/airflow/example_dags/example_sla_dag.py took 0.088 seconds
[2024-10-26T19:17:18.787+0000] {processor.py:186} INFO - Started process (PID=13960) to work on /home/airflow/.local/lib/python3.12/site-packages/airflow/example_dags/example_sla_dag.py
[2024-10-26T19:17:18.788+0000] {processor.py:914} INFO - Processing file /home/airflow/.local/lib/python3.12/site-packages/airflow/example_dags/example_sla_dag.py for tasks to queue
[2024-10-26T19:17:18.791+0000] {logging_mixin.py:190} INFO - [2024-10-26T19:17:18.791+0000] {dagbag.py:588} INFO - Filling up the DagBag from /home/airflow/.local/lib/python3.12/site-packages/airflow/example_dags/example_sla_dag.py
[2024-10-26T19:17:18.802+0000] {processor.py:925} INFO - DAG(s) 'example_sla_dag' retrieved from /home/airflow/.local/lib/python3.12/site-packages/airflow/example_dags/example_sla_dag.py
[2024-10-26T19:17:18.825+0000] {logging_mixin.py:190} INFO - [2024-10-26T19:17:18.825+0000] {dag.py:3239} INFO - Sync 1 DAGs
[2024-10-26T19:17:18.850+0000] {logging_mixin.py:190} INFO - [2024-10-26T19:17:18.850+0000] {dag.py:4180} INFO - Setting next_dagrun for example_sla_dag to 2024-10-26 19:14:00+00:00, run_after=2024-10-26 19:16:00+00:00
[2024-10-26T19:17:18.871+0000] {processor.py:208} INFO - Processing /home/airflow/.local/lib/python3.12/site-packages/airflow/example_dags/example_sla_dag.py took 0.091 seconds
[2024-10-26T19:17:52.181+0000] {processor.py:186} INFO - Started process (PID=14024) to work on /home/airflow/.local/lib/python3.12/site-packages/airflow/example_dags/example_sla_dag.py
[2024-10-26T19:17:52.183+0000] {processor.py:914} INFO - Processing file /home/airflow/.local/lib/python3.12/site-packages/airflow/example_dags/example_sla_dag.py for tasks to queue
[2024-10-26T19:17:52.186+0000] {logging_mixin.py:190} INFO - [2024-10-26T19:17:52.185+0000] {dagbag.py:588} INFO - Filling up the DagBag from /home/airflow/.local/lib/python3.12/site-packages/airflow/example_dags/example_sla_dag.py
[2024-10-26T19:17:52.196+0000] {processor.py:925} INFO - DAG(s) 'example_sla_dag' retrieved from /home/airflow/.local/lib/python3.12/site-packages/airflow/example_dags/example_sla_dag.py
[2024-10-26T19:17:52.219+0000] {logging_mixin.py:190} INFO - [2024-10-26T19:17:52.219+0000] {dag.py:3239} INFO - Sync 1 DAGs
[2024-10-26T19:17:52.246+0000] {logging_mixin.py:190} INFO - [2024-10-26T19:17:52.245+0000] {dag.py:4180} INFO - Setting next_dagrun for example_sla_dag to 2024-10-26 19:14:00+00:00, run_after=2024-10-26 19:16:00+00:00
[2024-10-26T19:17:52.266+0000] {processor.py:208} INFO - Processing /home/airflow/.local/lib/python3.12/site-packages/airflow/example_dags/example_sla_dag.py took 0.093 seconds
[2024-10-26T19:18:24.390+0000] {processor.py:186} INFO - Started process (PID=14088) to work on /home/airflow/.local/lib/python3.12/site-packages/airflow/example_dags/example_sla_dag.py
[2024-10-26T19:18:24.391+0000] {processor.py:914} INFO - Processing file /home/airflow/.local/lib/python3.12/site-packages/airflow/example_dags/example_sla_dag.py for tasks to queue
[2024-10-26T19:18:24.394+0000] {logging_mixin.py:190} INFO - [2024-10-26T19:18:24.393+0000] {dagbag.py:588} INFO - Filling up the DagBag from /home/airflow/.local/lib/python3.12/site-packages/airflow/example_dags/example_sla_dag.py
[2024-10-26T19:18:24.405+0000] {processor.py:925} INFO - DAG(s) 'example_sla_dag' retrieved from /home/airflow/.local/lib/python3.12/site-packages/airflow/example_dags/example_sla_dag.py
[2024-10-26T19:18:24.425+0000] {logging_mixin.py:190} INFO - [2024-10-26T19:18:24.424+0000] {dag.py:3239} INFO - Sync 1 DAGs
[2024-10-26T19:18:24.453+0000] {logging_mixin.py:190} INFO - [2024-10-26T19:18:24.452+0000] {dag.py:4180} INFO - Setting next_dagrun for example_sla_dag to 2024-10-26 19:16:00+00:00, run_after=2024-10-26 19:18:00+00:00
[2024-10-26T19:18:24.477+0000] {processor.py:208} INFO - Processing /home/airflow/.local/lib/python3.12/site-packages/airflow/example_dags/example_sla_dag.py took 0.093 seconds
[2024-10-26T19:18:57.106+0000] {processor.py:186} INFO - Started process (PID=14152) to work on /home/airflow/.local/lib/python3.12/site-packages/airflow/example_dags/example_sla_dag.py
[2024-10-26T19:18:57.107+0000] {processor.py:914} INFO - Processing file /home/airflow/.local/lib/python3.12/site-packages/airflow/example_dags/example_sla_dag.py for tasks to queue
[2024-10-26T19:18:57.109+0000] {logging_mixin.py:190} INFO - [2024-10-26T19:18:57.109+0000] {dagbag.py:588} INFO - Filling up the DagBag from /home/airflow/.local/lib/python3.12/site-packages/airflow/example_dags/example_sla_dag.py
[2024-10-26T19:18:57.119+0000] {processor.py:925} INFO - DAG(s) 'example_sla_dag' retrieved from /home/airflow/.local/lib/python3.12/site-packages/airflow/example_dags/example_sla_dag.py
[2024-10-26T19:18:57.139+0000] {logging_mixin.py:190} INFO - [2024-10-26T19:18:57.138+0000] {dag.py:3239} INFO - Sync 1 DAGs
[2024-10-26T19:18:57.163+0000] {logging_mixin.py:190} INFO - [2024-10-26T19:18:57.163+0000] {dag.py:4180} INFO - Setting next_dagrun for example_sla_dag to 2024-10-26 19:16:00+00:00, run_after=2024-10-26 19:18:00+00:00
[2024-10-26T19:18:57.184+0000] {processor.py:208} INFO - Processing /home/airflow/.local/lib/python3.12/site-packages/airflow/example_dags/example_sla_dag.py took 0.084 seconds
[2024-10-26T19:19:29.663+0000] {processor.py:186} INFO - Started process (PID=14216) to work on /home/airflow/.local/lib/python3.12/site-packages/airflow/example_dags/example_sla_dag.py
[2024-10-26T19:19:29.664+0000] {processor.py:914} INFO - Processing file /home/airflow/.local/lib/python3.12/site-packages/airflow/example_dags/example_sla_dag.py for tasks to queue
[2024-10-26T19:19:29.667+0000] {logging_mixin.py:190} INFO - [2024-10-26T19:19:29.666+0000] {dagbag.py:588} INFO - Filling up the DagBag from /home/airflow/.local/lib/python3.12/site-packages/airflow/example_dags/example_sla_dag.py
[2024-10-26T19:19:29.676+0000] {processor.py:925} INFO - DAG(s) 'example_sla_dag' retrieved from /home/airflow/.local/lib/python3.12/site-packages/airflow/example_dags/example_sla_dag.py
[2024-10-26T19:19:29.696+0000] {logging_mixin.py:190} INFO - [2024-10-26T19:19:29.696+0000] {dag.py:3239} INFO - Sync 1 DAGs
[2024-10-26T19:19:29.722+0000] {logging_mixin.py:190} INFO - [2024-10-26T19:19:29.722+0000] {dag.py:4180} INFO - Setting next_dagrun for example_sla_dag to 2024-10-26 19:16:00+00:00, run_after=2024-10-26 19:18:00+00:00
[2024-10-26T19:19:29.746+0000] {processor.py:208} INFO - Processing /home/airflow/.local/lib/python3.12/site-packages/airflow/example_dags/example_sla_dag.py took 0.090 seconds
[2024-10-26T19:20:02.386+0000] {processor.py:186} INFO - Started process (PID=14281) to work on /home/airflow/.local/lib/python3.12/site-packages/airflow/example_dags/example_sla_dag.py
[2024-10-26T19:20:02.387+0000] {processor.py:914} INFO - Processing file /home/airflow/.local/lib/python3.12/site-packages/airflow/example_dags/example_sla_dag.py for tasks to queue
[2024-10-26T19:20:02.391+0000] {logging_mixin.py:190} INFO - [2024-10-26T19:20:02.391+0000] {dagbag.py:588} INFO - Filling up the DagBag from /home/airflow/.local/lib/python3.12/site-packages/airflow/example_dags/example_sla_dag.py
[2024-10-26T19:20:02.401+0000] {processor.py:925} INFO - DAG(s) 'example_sla_dag' retrieved from /home/airflow/.local/lib/python3.12/site-packages/airflow/example_dags/example_sla_dag.py
[2024-10-26T19:20:02.423+0000] {logging_mixin.py:190} INFO - [2024-10-26T19:20:02.423+0000] {dag.py:3239} INFO - Sync 1 DAGs
[2024-10-26T19:20:02.452+0000] {logging_mixin.py:190} INFO - [2024-10-26T19:20:02.451+0000] {dag.py:4180} INFO - Setting next_dagrun for example_sla_dag to 2024-10-26 19:18:00+00:00, run_after=2024-10-26 19:20:00+00:00
[2024-10-26T19:20:02.472+0000] {processor.py:208} INFO - Processing /home/airflow/.local/lib/python3.12/site-packages/airflow/example_dags/example_sla_dag.py took 0.093 seconds
[2024-10-26T19:20:35.684+0000] {processor.py:186} INFO - Started process (PID=14345) to work on /home/airflow/.local/lib/python3.12/site-packages/airflow/example_dags/example_sla_dag.py
[2024-10-26T19:20:35.685+0000] {processor.py:914} INFO - Processing file /home/airflow/.local/lib/python3.12/site-packages/airflow/example_dags/example_sla_dag.py for tasks to queue
[2024-10-26T19:20:35.688+0000] {logging_mixin.py:190} INFO - [2024-10-26T19:20:35.687+0000] {dagbag.py:588} INFO - Filling up the DagBag from /home/airflow/.local/lib/python3.12/site-packages/airflow/example_dags/example_sla_dag.py
[2024-10-26T19:20:35.698+0000] {processor.py:925} INFO - DAG(s) 'example_sla_dag' retrieved from /home/airflow/.local/lib/python3.12/site-packages/airflow/example_dags/example_sla_dag.py
[2024-10-26T19:20:35.718+0000] {logging_mixin.py:190} INFO - [2024-10-26T19:20:35.718+0000] {dag.py:3239} INFO - Sync 1 DAGs
[2024-10-26T19:20:35.744+0000] {logging_mixin.py:190} INFO - [2024-10-26T19:20:35.743+0000] {dag.py:4180} INFO - Setting next_dagrun for example_sla_dag to 2024-10-26 19:18:00+00:00, run_after=2024-10-26 19:20:00+00:00
[2024-10-26T19:20:35.764+0000] {processor.py:208} INFO - Processing /home/airflow/.local/lib/python3.12/site-packages/airflow/example_dags/example_sla_dag.py took 0.087 seconds
[2024-10-26T19:21:08.318+0000] {processor.py:186} INFO - Started process (PID=14409) to work on /home/airflow/.local/lib/python3.12/site-packages/airflow/example_dags/example_sla_dag.py
[2024-10-26T19:21:08.319+0000] {processor.py:914} INFO - Processing file /home/airflow/.local/lib/python3.12/site-packages/airflow/example_dags/example_sla_dag.py for tasks to queue
[2024-10-26T19:21:08.322+0000] {logging_mixin.py:190} INFO - [2024-10-26T19:21:08.322+0000] {dagbag.py:588} INFO - Filling up the DagBag from /home/airflow/.local/lib/python3.12/site-packages/airflow/example_dags/example_sla_dag.py
[2024-10-26T19:21:08.332+0000] {processor.py:925} INFO - DAG(s) 'example_sla_dag' retrieved from /home/airflow/.local/lib/python3.12/site-packages/airflow/example_dags/example_sla_dag.py
[2024-10-26T19:21:08.353+0000] {logging_mixin.py:190} INFO - [2024-10-26T19:21:08.353+0000] {dag.py:3239} INFO - Sync 1 DAGs
[2024-10-26T19:21:08.381+0000] {logging_mixin.py:190} INFO - [2024-10-26T19:21:08.381+0000] {dag.py:4180} INFO - Setting next_dagrun for example_sla_dag to 2024-10-26 19:18:00+00:00, run_after=2024-10-26 19:20:00+00:00
[2024-10-26T19:21:08.402+0000] {processor.py:208} INFO - Processing /home/airflow/.local/lib/python3.12/site-packages/airflow/example_dags/example_sla_dag.py took 0.090 seconds
[2024-10-26T19:21:40.878+0000] {processor.py:186} INFO - Started process (PID=14473) to work on /home/airflow/.local/lib/python3.12/site-packages/airflow/example_dags/example_sla_dag.py
[2024-10-26T19:21:40.879+0000] {processor.py:914} INFO - Processing file /home/airflow/.local/lib/python3.12/site-packages/airflow/example_dags/example_sla_dag.py for tasks to queue
[2024-10-26T19:21:40.882+0000] {logging_mixin.py:190} INFO - [2024-10-26T19:21:40.881+0000] {dagbag.py:588} INFO - Filling up the DagBag from /home/airflow/.local/lib/python3.12/site-packages/airflow/example_dags/example_sla_dag.py
[2024-10-26T19:21:40.892+0000] {processor.py:925} INFO - DAG(s) 'example_sla_dag' retrieved from /home/airflow/.local/lib/python3.12/site-packages/airflow/example_dags/example_sla_dag.py
[2024-10-26T19:21:40.911+0000] {logging_mixin.py:190} INFO - [2024-10-26T19:21:40.910+0000] {dag.py:3239} INFO - Sync 1 DAGs
[2024-10-26T19:21:40.935+0000] {logging_mixin.py:190} INFO - [2024-10-26T19:21:40.935+0000] {dag.py:4180} INFO - Setting next_dagrun for example_sla_dag to 2024-10-26 19:18:00+00:00, run_after=2024-10-26 19:20:00+00:00
[2024-10-26T19:21:40.956+0000] {processor.py:208} INFO - Processing /home/airflow/.local/lib/python3.12/site-packages/airflow/example_dags/example_sla_dag.py took 0.085 seconds
[2024-10-26T19:22:13.293+0000] {processor.py:186} INFO - Started process (PID=14537) to work on /home/airflow/.local/lib/python3.12/site-packages/airflow/example_dags/example_sla_dag.py
[2024-10-26T19:22:13.294+0000] {processor.py:914} INFO - Processing file /home/airflow/.local/lib/python3.12/site-packages/airflow/example_dags/example_sla_dag.py for tasks to queue
[2024-10-26T19:22:13.296+0000] {logging_mixin.py:190} INFO - [2024-10-26T19:22:13.296+0000] {dagbag.py:588} INFO - Filling up the DagBag from /home/airflow/.local/lib/python3.12/site-packages/airflow/example_dags/example_sla_dag.py
[2024-10-26T19:22:13.307+0000] {processor.py:925} INFO - DAG(s) 'example_sla_dag' retrieved from /home/airflow/.local/lib/python3.12/site-packages/airflow/example_dags/example_sla_dag.py
[2024-10-26T19:22:13.325+0000] {logging_mixin.py:190} INFO - [2024-10-26T19:22:13.325+0000] {dag.py:3239} INFO - Sync 1 DAGs
[2024-10-26T19:22:13.348+0000] {logging_mixin.py:190} INFO - [2024-10-26T19:22:13.348+0000] {dag.py:4180} INFO - Setting next_dagrun for example_sla_dag to 2024-10-26 19:20:00+00:00, run_after=2024-10-26 19:22:00+00:00
[2024-10-26T19:22:13.371+0000] {processor.py:208} INFO - Processing /home/airflow/.local/lib/python3.12/site-packages/airflow/example_dags/example_sla_dag.py took 0.083 seconds
[2024-10-26T19:22:46.658+0000] {processor.py:186} INFO - Started process (PID=14601) to work on /home/airflow/.local/lib/python3.12/site-packages/airflow/example_dags/example_sla_dag.py
[2024-10-26T19:22:46.659+0000] {processor.py:914} INFO - Processing file /home/airflow/.local/lib/python3.12/site-packages/airflow/example_dags/example_sla_dag.py for tasks to queue
[2024-10-26T19:22:46.661+0000] {logging_mixin.py:190} INFO - [2024-10-26T19:22:46.661+0000] {dagbag.py:588} INFO - Filling up the DagBag from /home/airflow/.local/lib/python3.12/site-packages/airflow/example_dags/example_sla_dag.py
[2024-10-26T19:22:46.672+0000] {processor.py:925} INFO - DAG(s) 'example_sla_dag' retrieved from /home/airflow/.local/lib/python3.12/site-packages/airflow/example_dags/example_sla_dag.py
[2024-10-26T19:22:46.691+0000] {logging_mixin.py:190} INFO - [2024-10-26T19:22:46.691+0000] {dag.py:3239} INFO - Sync 1 DAGs
[2024-10-26T19:22:46.716+0000] {logging_mixin.py:190} INFO - [2024-10-26T19:22:46.716+0000] {dag.py:4180} INFO - Setting next_dagrun for example_sla_dag to 2024-10-26 19:20:00+00:00, run_after=2024-10-26 19:22:00+00:00
[2024-10-26T19:22:46.736+0000] {processor.py:208} INFO - Processing /home/airflow/.local/lib/python3.12/site-packages/airflow/example_dags/example_sla_dag.py took 0.084 seconds
[2024-10-26T19:23:19.070+0000] {processor.py:186} INFO - Started process (PID=14665) to work on /home/airflow/.local/lib/python3.12/site-packages/airflow/example_dags/example_sla_dag.py
[2024-10-26T19:23:19.071+0000] {processor.py:914} INFO - Processing file /home/airflow/.local/lib/python3.12/site-packages/airflow/example_dags/example_sla_dag.py for tasks to queue
[2024-10-26T19:23:19.074+0000] {logging_mixin.py:190} INFO - [2024-10-26T19:23:19.074+0000] {dagbag.py:588} INFO - Filling up the DagBag from /home/airflow/.local/lib/python3.12/site-packages/airflow/example_dags/example_sla_dag.py
[2024-10-26T19:23:19.084+0000] {processor.py:925} INFO - DAG(s) 'example_sla_dag' retrieved from /home/airflow/.local/lib/python3.12/site-packages/airflow/example_dags/example_sla_dag.py
[2024-10-26T19:23:19.106+0000] {logging_mixin.py:190} INFO - [2024-10-26T19:23:19.106+0000] {dag.py:3239} INFO - Sync 1 DAGs
[2024-10-26T19:23:19.132+0000] {logging_mixin.py:190} INFO - [2024-10-26T19:23:19.131+0000] {dag.py:4180} INFO - Setting next_dagrun for example_sla_dag to 2024-10-26 19:20:00+00:00, run_after=2024-10-26 19:22:00+00:00
[2024-10-26T19:23:19.154+0000] {processor.py:208} INFO - Processing /home/airflow/.local/lib/python3.12/site-packages/airflow/example_dags/example_sla_dag.py took 0.093 seconds
[2024-10-26T19:23:51.877+0000] {processor.py:186} INFO - Started process (PID=14729) to work on /home/airflow/.local/lib/python3.12/site-packages/airflow/example_dags/example_sla_dag.py
[2024-10-26T19:23:51.879+0000] {processor.py:914} INFO - Processing file /home/airflow/.local/lib/python3.12/site-packages/airflow/example_dags/example_sla_dag.py for tasks to queue
[2024-10-26T19:23:51.882+0000] {logging_mixin.py:190} INFO - [2024-10-26T19:23:51.881+0000] {dagbag.py:588} INFO - Filling up the DagBag from /home/airflow/.local/lib/python3.12/site-packages/airflow/example_dags/example_sla_dag.py
[2024-10-26T19:23:51.893+0000] {processor.py:925} INFO - DAG(s) 'example_sla_dag' retrieved from /home/airflow/.local/lib/python3.12/site-packages/airflow/example_dags/example_sla_dag.py
[2024-10-26T19:23:51.915+0000] {logging_mixin.py:190} INFO - [2024-10-26T19:23:51.915+0000] {dag.py:3239} INFO - Sync 1 DAGs
[2024-10-26T19:23:51.973+0000] {logging_mixin.py:190} INFO - [2024-10-26T19:23:51.973+0000] {dag.py:4180} INFO - Setting next_dagrun for example_sla_dag to 2024-10-26 19:20:00+00:00, run_after=2024-10-26 19:22:00+00:00
[2024-10-26T19:23:51.996+0000] {processor.py:208} INFO - Processing /home/airflow/.local/lib/python3.12/site-packages/airflow/example_dags/example_sla_dag.py took 0.126 seconds
[2024-10-26T19:24:24.546+0000] {processor.py:186} INFO - Started process (PID=14793) to work on /home/airflow/.local/lib/python3.12/site-packages/airflow/example_dags/example_sla_dag.py
[2024-10-26T19:24:24.547+0000] {processor.py:914} INFO - Processing file /home/airflow/.local/lib/python3.12/site-packages/airflow/example_dags/example_sla_dag.py for tasks to queue
[2024-10-26T19:24:24.549+0000] {logging_mixin.py:190} INFO - [2024-10-26T19:24:24.549+0000] {dagbag.py:588} INFO - Filling up the DagBag from /home/airflow/.local/lib/python3.12/site-packages/airflow/example_dags/example_sla_dag.py
[2024-10-26T19:24:24.560+0000] {processor.py:925} INFO - DAG(s) 'example_sla_dag' retrieved from /home/airflow/.local/lib/python3.12/site-packages/airflow/example_dags/example_sla_dag.py
[2024-10-26T19:24:24.582+0000] {logging_mixin.py:190} INFO - [2024-10-26T19:24:24.582+0000] {dag.py:3239} INFO - Sync 1 DAGs
[2024-10-26T19:24:24.605+0000] {logging_mixin.py:190} INFO - [2024-10-26T19:24:24.605+0000] {dag.py:4180} INFO - Setting next_dagrun for example_sla_dag to 2024-10-26 19:22:00+00:00, run_after=2024-10-26 19:24:00+00:00
[2024-10-26T19:24:24.629+0000] {processor.py:208} INFO - Processing /home/airflow/.local/lib/python3.12/site-packages/airflow/example_dags/example_sla_dag.py took 0.090 seconds
[2024-10-26T19:24:57.357+0000] {processor.py:186} INFO - Started process (PID=14857) to work on /home/airflow/.local/lib/python3.12/site-packages/airflow/example_dags/example_sla_dag.py
[2024-10-26T19:24:57.359+0000] {processor.py:914} INFO - Processing file /home/airflow/.local/lib/python3.12/site-packages/airflow/example_dags/example_sla_dag.py for tasks to queue
[2024-10-26T19:24:57.362+0000] {logging_mixin.py:190} INFO - [2024-10-26T19:24:57.362+0000] {dagbag.py:588} INFO - Filling up the DagBag from /home/airflow/.local/lib/python3.12/site-packages/airflow/example_dags/example_sla_dag.py
[2024-10-26T19:24:57.376+0000] {processor.py:925} INFO - DAG(s) 'example_sla_dag' retrieved from /home/airflow/.local/lib/python3.12/site-packages/airflow/example_dags/example_sla_dag.py
[2024-10-26T19:24:57.399+0000] {logging_mixin.py:190} INFO - [2024-10-26T19:24:57.399+0000] {dag.py:3239} INFO - Sync 1 DAGs
[2024-10-26T19:24:57.427+0000] {logging_mixin.py:190} INFO - [2024-10-26T19:24:57.427+0000] {dag.py:4180} INFO - Setting next_dagrun for example_sla_dag to 2024-10-26 19:22:00+00:00, run_after=2024-10-26 19:24:00+00:00
[2024-10-26T19:24:57.453+0000] {processor.py:208} INFO - Processing /home/airflow/.local/lib/python3.12/site-packages/airflow/example_dags/example_sla_dag.py took 0.104 seconds
[2024-10-26T19:25:29.773+0000] {processor.py:186} INFO - Started process (PID=14921) to work on /home/airflow/.local/lib/python3.12/site-packages/airflow/example_dags/example_sla_dag.py
[2024-10-26T19:25:29.774+0000] {processor.py:914} INFO - Processing file /home/airflow/.local/lib/python3.12/site-packages/airflow/example_dags/example_sla_dag.py for tasks to queue
[2024-10-26T19:25:29.777+0000] {logging_mixin.py:190} INFO - [2024-10-26T19:25:29.777+0000] {dagbag.py:588} INFO - Filling up the DagBag from /home/airflow/.local/lib/python3.12/site-packages/airflow/example_dags/example_sla_dag.py
[2024-10-26T19:25:29.787+0000] {processor.py:925} INFO - DAG(s) 'example_sla_dag' retrieved from /home/airflow/.local/lib/python3.12/site-packages/airflow/example_dags/example_sla_dag.py
[2024-10-26T19:25:29.807+0000] {logging_mixin.py:190} INFO - [2024-10-26T19:25:29.807+0000] {dag.py:3239} INFO - Sync 1 DAGs
[2024-10-26T19:25:29.831+0000] {logging_mixin.py:190} INFO - [2024-10-26T19:25:29.831+0000] {dag.py:4180} INFO - Setting next_dagrun for example_sla_dag to 2024-10-26 19:22:00+00:00, run_after=2024-10-26 19:24:00+00:00
[2024-10-26T19:25:29.851+0000] {processor.py:208} INFO - Processing /home/airflow/.local/lib/python3.12/site-packages/airflow/example_dags/example_sla_dag.py took 0.084 seconds
[2024-10-26T19:26:03.022+0000] {processor.py:186} INFO - Started process (PID=14985) to work on /home/airflow/.local/lib/python3.12/site-packages/airflow/example_dags/example_sla_dag.py
[2024-10-26T19:26:03.023+0000] {processor.py:914} INFO - Processing file /home/airflow/.local/lib/python3.12/site-packages/airflow/example_dags/example_sla_dag.py for tasks to queue
[2024-10-26T19:26:03.026+0000] {logging_mixin.py:190} INFO - [2024-10-26T19:26:03.025+0000] {dagbag.py:588} INFO - Filling up the DagBag from /home/airflow/.local/lib/python3.12/site-packages/airflow/example_dags/example_sla_dag.py
[2024-10-26T19:26:03.037+0000] {processor.py:925} INFO - DAG(s) 'example_sla_dag' retrieved from /home/airflow/.local/lib/python3.12/site-packages/airflow/example_dags/example_sla_dag.py
[2024-10-26T19:26:03.057+0000] {logging_mixin.py:190} INFO - [2024-10-26T19:26:03.057+0000] {dag.py:3239} INFO - Sync 1 DAGs
[2024-10-26T19:26:03.082+0000] {logging_mixin.py:190} INFO - [2024-10-26T19:26:03.082+0000] {dag.py:4180} INFO - Setting next_dagrun for example_sla_dag to 2024-10-26 19:24:00+00:00, run_after=2024-10-26 19:26:00+00:00
[2024-10-26T19:26:03.104+0000] {processor.py:208} INFO - Processing /home/airflow/.local/lib/python3.12/site-packages/airflow/example_dags/example_sla_dag.py took 0.088 seconds
[2024-10-26T19:26:34.932+0000] {processor.py:186} INFO - Started process (PID=15049) to work on /home/airflow/.local/lib/python3.12/site-packages/airflow/example_dags/example_sla_dag.py
[2024-10-26T19:26:34.933+0000] {processor.py:914} INFO - Processing file /home/airflow/.local/lib/python3.12/site-packages/airflow/example_dags/example_sla_dag.py for tasks to queue
[2024-10-26T19:26:34.937+0000] {logging_mixin.py:190} INFO - [2024-10-26T19:26:34.936+0000] {dagbag.py:588} INFO - Filling up the DagBag from /home/airflow/.local/lib/python3.12/site-packages/airflow/example_dags/example_sla_dag.py
[2024-10-26T19:26:34.951+0000] {processor.py:925} INFO - DAG(s) 'example_sla_dag' retrieved from /home/airflow/.local/lib/python3.12/site-packages/airflow/example_dags/example_sla_dag.py
[2024-10-26T19:26:34.974+0000] {logging_mixin.py:190} INFO - [2024-10-26T19:26:34.974+0000] {dag.py:3239} INFO - Sync 1 DAGs
[2024-10-26T19:26:35.003+0000] {logging_mixin.py:190} INFO - [2024-10-26T19:26:35.003+0000] {dag.py:4180} INFO - Setting next_dagrun for example_sla_dag to 2024-10-26 19:24:00+00:00, run_after=2024-10-26 19:26:00+00:00
[2024-10-26T19:26:35.182+0000] {processor.py:208} INFO - Processing /home/airflow/.local/lib/python3.12/site-packages/airflow/example_dags/example_sla_dag.py took 0.256 seconds
[2024-10-26T19:27:08.300+0000] {processor.py:186} INFO - Started process (PID=15113) to work on /home/airflow/.local/lib/python3.12/site-packages/airflow/example_dags/example_sla_dag.py
[2024-10-26T19:27:08.302+0000] {processor.py:914} INFO - Processing file /home/airflow/.local/lib/python3.12/site-packages/airflow/example_dags/example_sla_dag.py for tasks to queue
[2024-10-26T19:27:08.306+0000] {logging_mixin.py:190} INFO - [2024-10-26T19:27:08.305+0000] {dagbag.py:588} INFO - Filling up the DagBag from /home/airflow/.local/lib/python3.12/site-packages/airflow/example_dags/example_sla_dag.py
[2024-10-26T19:27:08.317+0000] {processor.py:925} INFO - DAG(s) 'example_sla_dag' retrieved from /home/airflow/.local/lib/python3.12/site-packages/airflow/example_dags/example_sla_dag.py
[2024-10-26T19:27:08.338+0000] {logging_mixin.py:190} INFO - [2024-10-26T19:27:08.338+0000] {dag.py:3239} INFO - Sync 1 DAGs
[2024-10-26T19:27:08.361+0000] {logging_mixin.py:190} INFO - [2024-10-26T19:27:08.361+0000] {dag.py:4180} INFO - Setting next_dagrun for example_sla_dag to 2024-10-26 19:24:00+00:00, run_after=2024-10-26 19:26:00+00:00
[2024-10-26T19:27:08.384+0000] {processor.py:208} INFO - Processing /home/airflow/.local/lib/python3.12/site-packages/airflow/example_dags/example_sla_dag.py took 0.090 seconds
[2024-10-26T19:27:40.436+0000] {processor.py:186} INFO - Started process (PID=15177) to work on /home/airflow/.local/lib/python3.12/site-packages/airflow/example_dags/example_sla_dag.py
[2024-10-26T19:27:40.437+0000] {processor.py:914} INFO - Processing file /home/airflow/.local/lib/python3.12/site-packages/airflow/example_dags/example_sla_dag.py for tasks to queue
[2024-10-26T19:27:40.440+0000] {logging_mixin.py:190} INFO - [2024-10-26T19:27:40.440+0000] {dagbag.py:588} INFO - Filling up the DagBag from /home/airflow/.local/lib/python3.12/site-packages/airflow/example_dags/example_sla_dag.py
[2024-10-26T19:27:40.452+0000] {processor.py:925} INFO - DAG(s) 'example_sla_dag' retrieved from /home/airflow/.local/lib/python3.12/site-packages/airflow/example_dags/example_sla_dag.py
[2024-10-26T19:27:40.472+0000] {logging_mixin.py:190} INFO - [2024-10-26T19:27:40.472+0000] {dag.py:3239} INFO - Sync 1 DAGs
[2024-10-26T19:27:40.497+0000] {logging_mixin.py:190} INFO - [2024-10-26T19:27:40.497+0000] {dag.py:4180} INFO - Setting next_dagrun for example_sla_dag to 2024-10-26 19:24:00+00:00, run_after=2024-10-26 19:26:00+00:00
[2024-10-26T19:27:40.518+0000] {processor.py:208} INFO - Processing /home/airflow/.local/lib/python3.12/site-packages/airflow/example_dags/example_sla_dag.py took 0.089 seconds
[2024-10-26T19:28:13.170+0000] {processor.py:186} INFO - Started process (PID=15241) to work on /home/airflow/.local/lib/python3.12/site-packages/airflow/example_dags/example_sla_dag.py
[2024-10-26T19:28:13.171+0000] {processor.py:914} INFO - Processing file /home/airflow/.local/lib/python3.12/site-packages/airflow/example_dags/example_sla_dag.py for tasks to queue
[2024-10-26T19:28:13.174+0000] {logging_mixin.py:190} INFO - [2024-10-26T19:28:13.173+0000] {dagbag.py:588} INFO - Filling up the DagBag from /home/airflow/.local/lib/python3.12/site-packages/airflow/example_dags/example_sla_dag.py
[2024-10-26T19:28:13.184+0000] {processor.py:925} INFO - DAG(s) 'example_sla_dag' retrieved from /home/airflow/.local/lib/python3.12/site-packages/airflow/example_dags/example_sla_dag.py
[2024-10-26T19:28:13.203+0000] {logging_mixin.py:190} INFO - [2024-10-26T19:28:13.203+0000] {dag.py:3239} INFO - Sync 1 DAGs
[2024-10-26T19:28:13.228+0000] {logging_mixin.py:190} INFO - [2024-10-26T19:28:13.228+0000] {dag.py:4180} INFO - Setting next_dagrun for example_sla_dag to 2024-10-26 19:26:00+00:00, run_after=2024-10-26 19:28:00+00:00
[2024-10-26T19:28:13.250+0000] {processor.py:208} INFO - Processing /home/airflow/.local/lib/python3.12/site-packages/airflow/example_dags/example_sla_dag.py took 0.086 seconds
[2024-10-26T19:28:45.930+0000] {processor.py:186} INFO - Started process (PID=15305) to work on /home/airflow/.local/lib/python3.12/site-packages/airflow/example_dags/example_sla_dag.py
[2024-10-26T19:28:45.931+0000] {processor.py:914} INFO - Processing file /home/airflow/.local/lib/python3.12/site-packages/airflow/example_dags/example_sla_dag.py for tasks to queue
[2024-10-26T19:28:45.934+0000] {logging_mixin.py:190} INFO - [2024-10-26T19:28:45.934+0000] {dagbag.py:588} INFO - Filling up the DagBag from /home/airflow/.local/lib/python3.12/site-packages/airflow/example_dags/example_sla_dag.py
[2024-10-26T19:28:45.946+0000] {processor.py:925} INFO - DAG(s) 'example_sla_dag' retrieved from /home/airflow/.local/lib/python3.12/site-packages/airflow/example_dags/example_sla_dag.py
[2024-10-26T19:28:45.970+0000] {logging_mixin.py:190} INFO - [2024-10-26T19:28:45.969+0000] {dag.py:3239} INFO - Sync 1 DAGs
[2024-10-26T19:28:46.002+0000] {logging_mixin.py:190} INFO - [2024-10-26T19:28:46.002+0000] {dag.py:4180} INFO - Setting next_dagrun for example_sla_dag to 2024-10-26 19:26:00+00:00, run_after=2024-10-26 19:28:00+00:00
[2024-10-26T19:28:46.026+0000] {processor.py:208} INFO - Processing /home/airflow/.local/lib/python3.12/site-packages/airflow/example_dags/example_sla_dag.py took 0.105 seconds
[2024-10-26T19:29:19.316+0000] {processor.py:186} INFO - Started process (PID=15369) to work on /home/airflow/.local/lib/python3.12/site-packages/airflow/example_dags/example_sla_dag.py
[2024-10-26T19:29:19.317+0000] {processor.py:914} INFO - Processing file /home/airflow/.local/lib/python3.12/site-packages/airflow/example_dags/example_sla_dag.py for tasks to queue
[2024-10-26T19:29:19.319+0000] {logging_mixin.py:190} INFO - [2024-10-26T19:29:19.319+0000] {dagbag.py:588} INFO - Filling up the DagBag from /home/airflow/.local/lib/python3.12/site-packages/airflow/example_dags/example_sla_dag.py
[2024-10-26T19:29:19.328+0000] {processor.py:925} INFO - DAG(s) 'example_sla_dag' retrieved from /home/airflow/.local/lib/python3.12/site-packages/airflow/example_dags/example_sla_dag.py
[2024-10-26T19:29:19.347+0000] {logging_mixin.py:190} INFO - [2024-10-26T19:29:19.347+0000] {dag.py:3239} INFO - Sync 1 DAGs
[2024-10-26T19:29:19.379+0000] {logging_mixin.py:190} INFO - [2024-10-26T19:29:19.379+0000] {dag.py:4180} INFO - Setting next_dagrun for example_sla_dag to 2024-10-26 19:26:00+00:00, run_after=2024-10-26 19:28:00+00:00
[2024-10-26T19:29:19.407+0000] {processor.py:208} INFO - Processing /home/airflow/.local/lib/python3.12/site-packages/airflow/example_dags/example_sla_dag.py took 0.097 seconds
[2024-10-26T19:29:51.906+0000] {processor.py:186} INFO - Started process (PID=15433) to work on /home/airflow/.local/lib/python3.12/site-packages/airflow/example_dags/example_sla_dag.py
[2024-10-26T19:29:51.907+0000] {processor.py:914} INFO - Processing file /home/airflow/.local/lib/python3.12/site-packages/airflow/example_dags/example_sla_dag.py for tasks to queue
[2024-10-26T19:29:51.909+0000] {logging_mixin.py:190} INFO - [2024-10-26T19:29:51.909+0000] {dagbag.py:588} INFO - Filling up the DagBag from /home/airflow/.local/lib/python3.12/site-packages/airflow/example_dags/example_sla_dag.py
[2024-10-26T19:29:52.062+0000] {processor.py:925} INFO - DAG(s) 'example_sla_dag' retrieved from /home/airflow/.local/lib/python3.12/site-packages/airflow/example_dags/example_sla_dag.py
[2024-10-26T19:29:52.076+0000] {logging_mixin.py:190} INFO - [2024-10-26T19:29:52.075+0000] {dag.py:3239} INFO - Sync 1 DAGs
[2024-10-26T19:29:52.094+0000] {logging_mixin.py:190} INFO - [2024-10-26T19:29:52.094+0000] {dag.py:4180} INFO - Setting next_dagrun for example_sla_dag to 2024-10-26 19:26:00+00:00, run_after=2024-10-26 19:28:00+00:00
[2024-10-26T19:29:52.111+0000] {processor.py:208} INFO - Processing /home/airflow/.local/lib/python3.12/site-packages/airflow/example_dags/example_sla_dag.py took 0.210 seconds
[2024-10-26T19:30:24.924+0000] {processor.py:186} INFO - Started process (PID=15497) to work on /home/airflow/.local/lib/python3.12/site-packages/airflow/example_dags/example_sla_dag.py
[2024-10-26T19:30:24.928+0000] {processor.py:914} INFO - Processing file /home/airflow/.local/lib/python3.12/site-packages/airflow/example_dags/example_sla_dag.py for tasks to queue
[2024-10-26T19:30:24.931+0000] {logging_mixin.py:190} INFO - [2024-10-26T19:30:24.930+0000] {dagbag.py:588} INFO - Filling up the DagBag from /home/airflow/.local/lib/python3.12/site-packages/airflow/example_dags/example_sla_dag.py
[2024-10-26T19:30:24.947+0000] {processor.py:925} INFO - DAG(s) 'example_sla_dag' retrieved from /home/airflow/.local/lib/python3.12/site-packages/airflow/example_dags/example_sla_dag.py
[2024-10-26T19:30:24.978+0000] {logging_mixin.py:190} INFO - [2024-10-26T19:30:24.978+0000] {dag.py:3239} INFO - Sync 1 DAGs
[2024-10-26T19:30:25.008+0000] {logging_mixin.py:190} INFO - [2024-10-26T19:30:25.008+0000] {dag.py:4180} INFO - Setting next_dagrun for example_sla_dag to 2024-10-26 19:28:00+00:00, run_after=2024-10-26 19:30:00+00:00
[2024-10-26T19:30:25.034+0000] {processor.py:208} INFO - Processing /home/airflow/.local/lib/python3.12/site-packages/airflow/example_dags/example_sla_dag.py took 0.118 seconds
[2024-10-26T19:30:57.187+0000] {processor.py:186} INFO - Started process (PID=15561) to work on /home/airflow/.local/lib/python3.12/site-packages/airflow/example_dags/example_sla_dag.py
[2024-10-26T19:30:57.188+0000] {processor.py:914} INFO - Processing file /home/airflow/.local/lib/python3.12/site-packages/airflow/example_dags/example_sla_dag.py for tasks to queue
[2024-10-26T19:30:57.191+0000] {logging_mixin.py:190} INFO - [2024-10-26T19:30:57.191+0000] {dagbag.py:588} INFO - Filling up the DagBag from /home/airflow/.local/lib/python3.12/site-packages/airflow/example_dags/example_sla_dag.py
[2024-10-26T19:30:57.200+0000] {processor.py:925} INFO - DAG(s) 'example_sla_dag' retrieved from /home/airflow/.local/lib/python3.12/site-packages/airflow/example_dags/example_sla_dag.py
[2024-10-26T19:30:57.216+0000] {logging_mixin.py:190} INFO - [2024-10-26T19:30:57.216+0000] {dag.py:3239} INFO - Sync 1 DAGs
[2024-10-26T19:30:57.239+0000] {logging_mixin.py:190} INFO - [2024-10-26T19:30:57.239+0000] {dag.py:4180} INFO - Setting next_dagrun for example_sla_dag to 2024-10-26 19:28:00+00:00, run_after=2024-10-26 19:30:00+00:00
[2024-10-26T19:30:57.259+0000] {processor.py:208} INFO - Processing /home/airflow/.local/lib/python3.12/site-packages/airflow/example_dags/example_sla_dag.py took 0.077 seconds
[2024-10-26T19:31:30.264+0000] {processor.py:186} INFO - Started process (PID=15625) to work on /home/airflow/.local/lib/python3.12/site-packages/airflow/example_dags/example_sla_dag.py
[2024-10-26T19:31:30.265+0000] {processor.py:914} INFO - Processing file /home/airflow/.local/lib/python3.12/site-packages/airflow/example_dags/example_sla_dag.py for tasks to queue
[2024-10-26T19:31:30.267+0000] {logging_mixin.py:190} INFO - [2024-10-26T19:31:30.267+0000] {dagbag.py:588} INFO - Filling up the DagBag from /home/airflow/.local/lib/python3.12/site-packages/airflow/example_dags/example_sla_dag.py
[2024-10-26T19:31:30.277+0000] {processor.py:925} INFO - DAG(s) 'example_sla_dag' retrieved from /home/airflow/.local/lib/python3.12/site-packages/airflow/example_dags/example_sla_dag.py
[2024-10-26T19:31:30.296+0000] {logging_mixin.py:190} INFO - [2024-10-26T19:31:30.296+0000] {dag.py:3239} INFO - Sync 1 DAGs
[2024-10-26T19:31:30.320+0000] {logging_mixin.py:190} INFO - [2024-10-26T19:31:30.320+0000] {dag.py:4180} INFO - Setting next_dagrun for example_sla_dag to 2024-10-26 19:28:00+00:00, run_after=2024-10-26 19:30:00+00:00
[2024-10-26T19:31:30.338+0000] {processor.py:208} INFO - Processing /home/airflow/.local/lib/python3.12/site-packages/airflow/example_dags/example_sla_dag.py took 0.079 seconds
[2024-10-26T19:32:02.412+0000] {processor.py:186} INFO - Started process (PID=15689) to work on /home/airflow/.local/lib/python3.12/site-packages/airflow/example_dags/example_sla_dag.py
[2024-10-26T19:32:02.413+0000] {processor.py:914} INFO - Processing file /home/airflow/.local/lib/python3.12/site-packages/airflow/example_dags/example_sla_dag.py for tasks to queue
[2024-10-26T19:32:02.415+0000] {logging_mixin.py:190} INFO - [2024-10-26T19:32:02.415+0000] {dagbag.py:588} INFO - Filling up the DagBag from /home/airflow/.local/lib/python3.12/site-packages/airflow/example_dags/example_sla_dag.py
[2024-10-26T19:32:02.424+0000] {processor.py:925} INFO - DAG(s) 'example_sla_dag' retrieved from /home/airflow/.local/lib/python3.12/site-packages/airflow/example_dags/example_sla_dag.py
[2024-10-26T19:32:02.443+0000] {logging_mixin.py:190} INFO - [2024-10-26T19:32:02.442+0000] {dag.py:3239} INFO - Sync 1 DAGs
[2024-10-26T19:32:02.463+0000] {logging_mixin.py:190} INFO - [2024-10-26T19:32:02.463+0000] {dag.py:4180} INFO - Setting next_dagrun for example_sla_dag to 2024-10-26 19:30:00+00:00, run_after=2024-10-26 19:32:00+00:00
[2024-10-26T19:32:02.482+0000] {processor.py:208} INFO - Processing /home/airflow/.local/lib/python3.12/site-packages/airflow/example_dags/example_sla_dag.py took 0.077 seconds
[2024-10-26T19:32:35.422+0000] {processor.py:186} INFO - Started process (PID=15753) to work on /home/airflow/.local/lib/python3.12/site-packages/airflow/example_dags/example_sla_dag.py
[2024-10-26T19:32:35.423+0000] {processor.py:914} INFO - Processing file /home/airflow/.local/lib/python3.12/site-packages/airflow/example_dags/example_sla_dag.py for tasks to queue
[2024-10-26T19:32:35.426+0000] {logging_mixin.py:190} INFO - [2024-10-26T19:32:35.425+0000] {dagbag.py:588} INFO - Filling up the DagBag from /home/airflow/.local/lib/python3.12/site-packages/airflow/example_dags/example_sla_dag.py
[2024-10-26T19:32:35.438+0000] {processor.py:925} INFO - DAG(s) 'example_sla_dag' retrieved from /home/airflow/.local/lib/python3.12/site-packages/airflow/example_dags/example_sla_dag.py
[2024-10-26T19:32:35.459+0000] {logging_mixin.py:190} INFO - [2024-10-26T19:32:35.459+0000] {dag.py:3239} INFO - Sync 1 DAGs
[2024-10-26T19:32:35.491+0000] {logging_mixin.py:190} INFO - [2024-10-26T19:32:35.491+0000] {dag.py:4180} INFO - Setting next_dagrun for example_sla_dag to 2024-10-26 19:30:00+00:00, run_after=2024-10-26 19:32:00+00:00
[2024-10-26T19:32:35.518+0000] {processor.py:208} INFO - Processing /home/airflow/.local/lib/python3.12/site-packages/airflow/example_dags/example_sla_dag.py took 0.101 seconds
[2024-10-26T19:33:07.687+0000] {processor.py:186} INFO - Started process (PID=15817) to work on /home/airflow/.local/lib/python3.12/site-packages/airflow/example_dags/example_sla_dag.py
[2024-10-26T19:33:07.688+0000] {processor.py:914} INFO - Processing file /home/airflow/.local/lib/python3.12/site-packages/airflow/example_dags/example_sla_dag.py for tasks to queue
[2024-10-26T19:33:07.691+0000] {logging_mixin.py:190} INFO - [2024-10-26T19:33:07.690+0000] {dagbag.py:588} INFO - Filling up the DagBag from /home/airflow/.local/lib/python3.12/site-packages/airflow/example_dags/example_sla_dag.py
[2024-10-26T19:33:07.700+0000] {processor.py:925} INFO - DAG(s) 'example_sla_dag' retrieved from /home/airflow/.local/lib/python3.12/site-packages/airflow/example_dags/example_sla_dag.py
[2024-10-26T19:33:07.721+0000] {logging_mixin.py:190} INFO - [2024-10-26T19:33:07.721+0000] {dag.py:3239} INFO - Sync 1 DAGs
[2024-10-26T19:33:07.749+0000] {logging_mixin.py:190} INFO - [2024-10-26T19:33:07.748+0000] {dag.py:4180} INFO - Setting next_dagrun for example_sla_dag to 2024-10-26 19:30:00+00:00, run_after=2024-10-26 19:32:00+00:00
[2024-10-26T19:33:07.771+0000] {processor.py:208} INFO - Processing /home/airflow/.local/lib/python3.12/site-packages/airflow/example_dags/example_sla_dag.py took 0.090 seconds
[2024-10-26T19:33:40.977+0000] {processor.py:186} INFO - Started process (PID=15881) to work on /home/airflow/.local/lib/python3.12/site-packages/airflow/example_dags/example_sla_dag.py
[2024-10-26T19:33:40.979+0000] {processor.py:914} INFO - Processing file /home/airflow/.local/lib/python3.12/site-packages/airflow/example_dags/example_sla_dag.py for tasks to queue
[2024-10-26T19:33:40.981+0000] {logging_mixin.py:190} INFO - [2024-10-26T19:33:40.981+0000] {dagbag.py:588} INFO - Filling up the DagBag from /home/airflow/.local/lib/python3.12/site-packages/airflow/example_dags/example_sla_dag.py
[2024-10-26T19:33:40.991+0000] {processor.py:925} INFO - DAG(s) 'example_sla_dag' retrieved from /home/airflow/.local/lib/python3.12/site-packages/airflow/example_dags/example_sla_dag.py
[2024-10-26T19:33:41.009+0000] {logging_mixin.py:190} INFO - [2024-10-26T19:33:41.009+0000] {dag.py:3239} INFO - Sync 1 DAGs
[2024-10-26T19:33:41.032+0000] {logging_mixin.py:190} INFO - [2024-10-26T19:33:41.032+0000] {dag.py:4180} INFO - Setting next_dagrun for example_sla_dag to 2024-10-26 19:30:00+00:00, run_after=2024-10-26 19:32:00+00:00
[2024-10-26T19:33:41.053+0000] {processor.py:208} INFO - Processing /home/airflow/.local/lib/python3.12/site-packages/airflow/example_dags/example_sla_dag.py took 0.083 seconds
[2024-10-26T19:34:13.779+0000] {processor.py:186} INFO - Started process (PID=15945) to work on /home/airflow/.local/lib/python3.12/site-packages/airflow/example_dags/example_sla_dag.py
[2024-10-26T19:34:13.780+0000] {processor.py:914} INFO - Processing file /home/airflow/.local/lib/python3.12/site-packages/airflow/example_dags/example_sla_dag.py for tasks to queue
[2024-10-26T19:34:13.782+0000] {logging_mixin.py:190} INFO - [2024-10-26T19:34:13.782+0000] {dagbag.py:588} INFO - Filling up the DagBag from /home/airflow/.local/lib/python3.12/site-packages/airflow/example_dags/example_sla_dag.py
[2024-10-26T19:34:13.792+0000] {processor.py:925} INFO - DAG(s) 'example_sla_dag' retrieved from /home/airflow/.local/lib/python3.12/site-packages/airflow/example_dags/example_sla_dag.py
[2024-10-26T19:34:13.812+0000] {logging_mixin.py:190} INFO - [2024-10-26T19:34:13.812+0000] {dag.py:3239} INFO - Sync 1 DAGs
[2024-10-26T19:34:13.839+0000] {logging_mixin.py:190} INFO - [2024-10-26T19:34:13.839+0000] {dag.py:4180} INFO - Setting next_dagrun for example_sla_dag to 2024-10-26 19:32:00+00:00, run_after=2024-10-26 19:34:00+00:00
[2024-10-26T19:34:13.860+0000] {processor.py:208} INFO - Processing /home/airflow/.local/lib/python3.12/site-packages/airflow/example_dags/example_sla_dag.py took 0.087 seconds
[2024-10-26T19:34:46.391+0000] {processor.py:186} INFO - Started process (PID=16009) to work on /home/airflow/.local/lib/python3.12/site-packages/airflow/example_dags/example_sla_dag.py
[2024-10-26T19:34:46.392+0000] {processor.py:914} INFO - Processing file /home/airflow/.local/lib/python3.12/site-packages/airflow/example_dags/example_sla_dag.py for tasks to queue
[2024-10-26T19:34:46.394+0000] {logging_mixin.py:190} INFO - [2024-10-26T19:34:46.394+0000] {dagbag.py:588} INFO - Filling up the DagBag from /home/airflow/.local/lib/python3.12/site-packages/airflow/example_dags/example_sla_dag.py
[2024-10-26T19:34:46.404+0000] {processor.py:925} INFO - DAG(s) 'example_sla_dag' retrieved from /home/airflow/.local/lib/python3.12/site-packages/airflow/example_dags/example_sla_dag.py
[2024-10-26T19:34:46.423+0000] {logging_mixin.py:190} INFO - [2024-10-26T19:34:46.423+0000] {dag.py:3239} INFO - Sync 1 DAGs
[2024-10-26T19:34:46.447+0000] {logging_mixin.py:190} INFO - [2024-10-26T19:34:46.447+0000] {dag.py:4180} INFO - Setting next_dagrun for example_sla_dag to 2024-10-26 19:32:00+00:00, run_after=2024-10-26 19:34:00+00:00
[2024-10-26T19:34:46.468+0000] {processor.py:208} INFO - Processing /home/airflow/.local/lib/python3.12/site-packages/airflow/example_dags/example_sla_dag.py took 0.085 seconds
[2024-10-26T19:35:19.157+0000] {processor.py:186} INFO - Started process (PID=16073) to work on /home/airflow/.local/lib/python3.12/site-packages/airflow/example_dags/example_sla_dag.py
[2024-10-26T19:35:19.158+0000] {processor.py:914} INFO - Processing file /home/airflow/.local/lib/python3.12/site-packages/airflow/example_dags/example_sla_dag.py for tasks to queue
[2024-10-26T19:35:19.160+0000] {logging_mixin.py:190} INFO - [2024-10-26T19:35:19.159+0000] {dagbag.py:588} INFO - Filling up the DagBag from /home/airflow/.local/lib/python3.12/site-packages/airflow/example_dags/example_sla_dag.py
[2024-10-26T19:35:19.168+0000] {processor.py:925} INFO - DAG(s) 'example_sla_dag' retrieved from /home/airflow/.local/lib/python3.12/site-packages/airflow/example_dags/example_sla_dag.py
[2024-10-26T19:35:19.188+0000] {logging_mixin.py:190} INFO - [2024-10-26T19:35:19.188+0000] {dag.py:3239} INFO - Sync 1 DAGs
[2024-10-26T19:35:19.212+0000] {logging_mixin.py:190} INFO - [2024-10-26T19:35:19.211+0000] {dag.py:4180} INFO - Setting next_dagrun for example_sla_dag to 2024-10-26 19:32:00+00:00, run_after=2024-10-26 19:34:00+00:00
[2024-10-26T19:35:19.231+0000] {processor.py:208} INFO - Processing /home/airflow/.local/lib/python3.12/site-packages/airflow/example_dags/example_sla_dag.py took 0.081 seconds
[2024-10-26T19:35:52.102+0000] {processor.py:186} INFO - Started process (PID=16137) to work on /home/airflow/.local/lib/python3.12/site-packages/airflow/example_dags/example_sla_dag.py
[2024-10-26T19:35:52.103+0000] {processor.py:914} INFO - Processing file /home/airflow/.local/lib/python3.12/site-packages/airflow/example_dags/example_sla_dag.py for tasks to queue
[2024-10-26T19:35:52.105+0000] {logging_mixin.py:190} INFO - [2024-10-26T19:35:52.105+0000] {dagbag.py:588} INFO - Filling up the DagBag from /home/airflow/.local/lib/python3.12/site-packages/airflow/example_dags/example_sla_dag.py
[2024-10-26T19:35:52.114+0000] {processor.py:925} INFO - DAG(s) 'example_sla_dag' retrieved from /home/airflow/.local/lib/python3.12/site-packages/airflow/example_dags/example_sla_dag.py
[2024-10-26T19:35:52.130+0000] {logging_mixin.py:190} INFO - [2024-10-26T19:35:52.130+0000] {dag.py:3239} INFO - Sync 1 DAGs
[2024-10-26T19:35:52.153+0000] {logging_mixin.py:190} INFO - [2024-10-26T19:35:52.153+0000] {dag.py:4180} INFO - Setting next_dagrun for example_sla_dag to 2024-10-26 19:32:00+00:00, run_after=2024-10-26 19:34:00+00:00
[2024-10-26T19:35:52.173+0000] {processor.py:208} INFO - Processing /home/airflow/.local/lib/python3.12/site-packages/airflow/example_dags/example_sla_dag.py took 0.077 seconds
[2024-10-26T19:36:25.003+0000] {processor.py:186} INFO - Started process (PID=16201) to work on /home/airflow/.local/lib/python3.12/site-packages/airflow/example_dags/example_sla_dag.py
[2024-10-26T19:36:25.004+0000] {processor.py:914} INFO - Processing file /home/airflow/.local/lib/python3.12/site-packages/airflow/example_dags/example_sla_dag.py for tasks to queue
[2024-10-26T19:36:25.006+0000] {logging_mixin.py:190} INFO - [2024-10-26T19:36:25.006+0000] {dagbag.py:588} INFO - Filling up the DagBag from /home/airflow/.local/lib/python3.12/site-packages/airflow/example_dags/example_sla_dag.py
[2024-10-26T19:36:25.015+0000] {processor.py:925} INFO - DAG(s) 'example_sla_dag' retrieved from /home/airflow/.local/lib/python3.12/site-packages/airflow/example_dags/example_sla_dag.py
[2024-10-26T19:36:25.034+0000] {logging_mixin.py:190} INFO - [2024-10-26T19:36:25.034+0000] {dag.py:3239} INFO - Sync 1 DAGs
[2024-10-26T19:36:25.055+0000] {logging_mixin.py:190} INFO - [2024-10-26T19:36:25.055+0000] {dag.py:4180} INFO - Setting next_dagrun for example_sla_dag to 2024-10-26 19:34:00+00:00, run_after=2024-10-26 19:36:00+00:00
[2024-10-26T19:36:25.075+0000] {processor.py:208} INFO - Processing /home/airflow/.local/lib/python3.12/site-packages/airflow/example_dags/example_sla_dag.py took 0.078 seconds
[2024-10-26T19:36:56.865+0000] {processor.py:186} INFO - Started process (PID=16265) to work on /home/airflow/.local/lib/python3.12/site-packages/airflow/example_dags/example_sla_dag.py
[2024-10-26T19:36:56.867+0000] {processor.py:914} INFO - Processing file /home/airflow/.local/lib/python3.12/site-packages/airflow/example_dags/example_sla_dag.py for tasks to queue
[2024-10-26T19:36:56.869+0000] {logging_mixin.py:190} INFO - [2024-10-26T19:36:56.869+0000] {dagbag.py:588} INFO - Filling up the DagBag from /home/airflow/.local/lib/python3.12/site-packages/airflow/example_dags/example_sla_dag.py
[2024-10-26T19:36:56.878+0000] {processor.py:925} INFO - DAG(s) 'example_sla_dag' retrieved from /home/airflow/.local/lib/python3.12/site-packages/airflow/example_dags/example_sla_dag.py
[2024-10-26T19:36:56.895+0000] {logging_mixin.py:190} INFO - [2024-10-26T19:36:56.895+0000] {dag.py:3239} INFO - Sync 1 DAGs
[2024-10-26T19:36:56.917+0000] {logging_mixin.py:190} INFO - [2024-10-26T19:36:56.916+0000] {dag.py:4180} INFO - Setting next_dagrun for example_sla_dag to 2024-10-26 19:34:00+00:00, run_after=2024-10-26 19:36:00+00:00
[2024-10-26T19:36:56.936+0000] {processor.py:208} INFO - Processing /home/airflow/.local/lib/python3.12/site-packages/airflow/example_dags/example_sla_dag.py took 0.076 seconds
[2024-10-26T19:37:30.249+0000] {processor.py:186} INFO - Started process (PID=16329) to work on /home/airflow/.local/lib/python3.12/site-packages/airflow/example_dags/example_sla_dag.py
[2024-10-26T19:37:30.250+0000] {processor.py:914} INFO - Processing file /home/airflow/.local/lib/python3.12/site-packages/airflow/example_dags/example_sla_dag.py for tasks to queue
[2024-10-26T19:37:30.253+0000] {logging_mixin.py:190} INFO - [2024-10-26T19:37:30.252+0000] {dagbag.py:588} INFO - Filling up the DagBag from /home/airflow/.local/lib/python3.12/site-packages/airflow/example_dags/example_sla_dag.py
[2024-10-26T19:37:30.262+0000] {processor.py:925} INFO - DAG(s) 'example_sla_dag' retrieved from /home/airflow/.local/lib/python3.12/site-packages/airflow/example_dags/example_sla_dag.py
[2024-10-26T19:37:30.279+0000] {logging_mixin.py:190} INFO - [2024-10-26T19:37:30.279+0000] {dag.py:3239} INFO - Sync 1 DAGs
[2024-10-26T19:37:30.301+0000] {logging_mixin.py:190} INFO - [2024-10-26T19:37:30.301+0000] {dag.py:4180} INFO - Setting next_dagrun for example_sla_dag to 2024-10-26 19:34:00+00:00, run_after=2024-10-26 19:36:00+00:00
[2024-10-26T19:37:30.321+0000] {processor.py:208} INFO - Processing /home/airflow/.local/lib/python3.12/site-packages/airflow/example_dags/example_sla_dag.py took 0.077 seconds
[2024-10-26T19:38:03.266+0000] {processor.py:186} INFO - Started process (PID=16393) to work on /home/airflow/.local/lib/python3.12/site-packages/airflow/example_dags/example_sla_dag.py
[2024-10-26T19:38:03.267+0000] {processor.py:914} INFO - Processing file /home/airflow/.local/lib/python3.12/site-packages/airflow/example_dags/example_sla_dag.py for tasks to queue
[2024-10-26T19:38:03.269+0000] {logging_mixin.py:190} INFO - [2024-10-26T19:38:03.268+0000] {dagbag.py:588} INFO - Filling up the DagBag from /home/airflow/.local/lib/python3.12/site-packages/airflow/example_dags/example_sla_dag.py
[2024-10-26T19:38:03.278+0000] {processor.py:925} INFO - DAG(s) 'example_sla_dag' retrieved from /home/airflow/.local/lib/python3.12/site-packages/airflow/example_dags/example_sla_dag.py
[2024-10-26T19:38:03.298+0000] {logging_mixin.py:190} INFO - [2024-10-26T19:38:03.297+0000] {dag.py:3239} INFO - Sync 1 DAGs
[2024-10-26T19:38:03.323+0000] {logging_mixin.py:190} INFO - [2024-10-26T19:38:03.323+0000] {dag.py:4180} INFO - Setting next_dagrun for example_sla_dag to 2024-10-26 19:36:00+00:00, run_after=2024-10-26 19:38:00+00:00
[2024-10-26T19:38:03.343+0000] {processor.py:208} INFO - Processing /home/airflow/.local/lib/python3.12/site-packages/airflow/example_dags/example_sla_dag.py took 0.083 seconds
[2024-10-26T19:38:35.407+0000] {processor.py:186} INFO - Started process (PID=16457) to work on /home/airflow/.local/lib/python3.12/site-packages/airflow/example_dags/example_sla_dag.py
[2024-10-26T19:38:35.408+0000] {processor.py:914} INFO - Processing file /home/airflow/.local/lib/python3.12/site-packages/airflow/example_dags/example_sla_dag.py for tasks to queue
[2024-10-26T19:38:35.410+0000] {logging_mixin.py:190} INFO - [2024-10-26T19:38:35.410+0000] {dagbag.py:588} INFO - Filling up the DagBag from /home/airflow/.local/lib/python3.12/site-packages/airflow/example_dags/example_sla_dag.py
[2024-10-26T19:38:35.419+0000] {processor.py:925} INFO - DAG(s) 'example_sla_dag' retrieved from /home/airflow/.local/lib/python3.12/site-packages/airflow/example_dags/example_sla_dag.py
[2024-10-26T19:38:35.436+0000] {logging_mixin.py:190} INFO - [2024-10-26T19:38:35.436+0000] {dag.py:3239} INFO - Sync 1 DAGs
[2024-10-26T19:38:35.459+0000] {logging_mixin.py:190} INFO - [2024-10-26T19:38:35.459+0000] {dag.py:4180} INFO - Setting next_dagrun for example_sla_dag to 2024-10-26 19:36:00+00:00, run_after=2024-10-26 19:38:00+00:00
[2024-10-26T19:38:35.477+0000] {processor.py:208} INFO - Processing /home/airflow/.local/lib/python3.12/site-packages/airflow/example_dags/example_sla_dag.py took 0.075 seconds
[2024-10-26T19:39:08.096+0000] {processor.py:186} INFO - Started process (PID=16521) to work on /home/airflow/.local/lib/python3.12/site-packages/airflow/example_dags/example_sla_dag.py
[2024-10-26T19:39:08.097+0000] {processor.py:914} INFO - Processing file /home/airflow/.local/lib/python3.12/site-packages/airflow/example_dags/example_sla_dag.py for tasks to queue
[2024-10-26T19:39:08.100+0000] {logging_mixin.py:190} INFO - [2024-10-26T19:39:08.099+0000] {dagbag.py:588} INFO - Filling up the DagBag from /home/airflow/.local/lib/python3.12/site-packages/airflow/example_dags/example_sla_dag.py
[2024-10-26T19:39:08.109+0000] {processor.py:925} INFO - DAG(s) 'example_sla_dag' retrieved from /home/airflow/.local/lib/python3.12/site-packages/airflow/example_dags/example_sla_dag.py
[2024-10-26T19:39:08.127+0000] {logging_mixin.py:190} INFO - [2024-10-26T19:39:08.127+0000] {dag.py:3239} INFO - Sync 1 DAGs
[2024-10-26T19:39:08.149+0000] {logging_mixin.py:190} INFO - [2024-10-26T19:39:08.149+0000] {dag.py:4180} INFO - Setting next_dagrun for example_sla_dag to 2024-10-26 19:36:00+00:00, run_after=2024-10-26 19:38:00+00:00
[2024-10-26T19:39:08.169+0000] {processor.py:208} INFO - Processing /home/airflow/.local/lib/python3.12/site-packages/airflow/example_dags/example_sla_dag.py took 0.078 seconds
[2024-10-26T19:39:40.943+0000] {processor.py:186} INFO - Started process (PID=16585) to work on /home/airflow/.local/lib/python3.12/site-packages/airflow/example_dags/example_sla_dag.py
[2024-10-26T19:39:40.945+0000] {processor.py:914} INFO - Processing file /home/airflow/.local/lib/python3.12/site-packages/airflow/example_dags/example_sla_dag.py for tasks to queue
[2024-10-26T19:39:40.948+0000] {logging_mixin.py:190} INFO - [2024-10-26T19:39:40.947+0000] {dagbag.py:588} INFO - Filling up the DagBag from /home/airflow/.local/lib/python3.12/site-packages/airflow/example_dags/example_sla_dag.py
[2024-10-26T19:39:40.957+0000] {processor.py:925} INFO - DAG(s) 'example_sla_dag' retrieved from /home/airflow/.local/lib/python3.12/site-packages/airflow/example_dags/example_sla_dag.py
[2024-10-26T19:39:40.973+0000] {logging_mixin.py:190} INFO - [2024-10-26T19:39:40.973+0000] {dag.py:3239} INFO - Sync 1 DAGs
[2024-10-26T19:39:40.997+0000] {logging_mixin.py:190} INFO - [2024-10-26T19:39:40.997+0000] {dag.py:4180} INFO - Setting next_dagrun for example_sla_dag to 2024-10-26 19:36:00+00:00, run_after=2024-10-26 19:38:00+00:00
[2024-10-26T19:39:41.018+0000] {processor.py:208} INFO - Processing /home/airflow/.local/lib/python3.12/site-packages/airflow/example_dags/example_sla_dag.py took 0.080 seconds
[2024-10-26T19:40:13.804+0000] {processor.py:186} INFO - Started process (PID=16649) to work on /home/airflow/.local/lib/python3.12/site-packages/airflow/example_dags/example_sla_dag.py
[2024-10-26T19:40:13.805+0000] {processor.py:914} INFO - Processing file /home/airflow/.local/lib/python3.12/site-packages/airflow/example_dags/example_sla_dag.py for tasks to queue
[2024-10-26T19:40:13.809+0000] {logging_mixin.py:190} INFO - [2024-10-26T19:40:13.809+0000] {dagbag.py:588} INFO - Filling up the DagBag from /home/airflow/.local/lib/python3.12/site-packages/airflow/example_dags/example_sla_dag.py
[2024-10-26T19:40:13.818+0000] {processor.py:925} INFO - DAG(s) 'example_sla_dag' retrieved from /home/airflow/.local/lib/python3.12/site-packages/airflow/example_dags/example_sla_dag.py
[2024-10-26T19:40:13.845+0000] {logging_mixin.py:190} INFO - [2024-10-26T19:40:13.844+0000] {dag.py:3239} INFO - Sync 1 DAGs
[2024-10-26T19:40:13.871+0000] {logging_mixin.py:190} INFO - [2024-10-26T19:40:13.871+0000] {dag.py:4180} INFO - Setting next_dagrun for example_sla_dag to 2024-10-26 19:38:00+00:00, run_after=2024-10-26 19:40:00+00:00
[2024-10-26T19:40:13.892+0000] {processor.py:208} INFO - Processing /home/airflow/.local/lib/python3.12/site-packages/airflow/example_dags/example_sla_dag.py took 0.094 seconds
[2024-10-26T19:40:45.925+0000] {processor.py:186} INFO - Started process (PID=16713) to work on /home/airflow/.local/lib/python3.12/site-packages/airflow/example_dags/example_sla_dag.py
[2024-10-26T19:40:45.926+0000] {processor.py:914} INFO - Processing file /home/airflow/.local/lib/python3.12/site-packages/airflow/example_dags/example_sla_dag.py for tasks to queue
[2024-10-26T19:40:45.929+0000] {logging_mixin.py:190} INFO - [2024-10-26T19:40:45.928+0000] {dagbag.py:588} INFO - Filling up the DagBag from /home/airflow/.local/lib/python3.12/site-packages/airflow/example_dags/example_sla_dag.py
[2024-10-26T19:40:45.939+0000] {processor.py:925} INFO - DAG(s) 'example_sla_dag' retrieved from /home/airflow/.local/lib/python3.12/site-packages/airflow/example_dags/example_sla_dag.py
[2024-10-26T19:40:45.962+0000] {logging_mixin.py:190} INFO - [2024-10-26T19:40:45.962+0000] {dag.py:3239} INFO - Sync 1 DAGs
[2024-10-26T19:40:45.995+0000] {logging_mixin.py:190} INFO - [2024-10-26T19:40:45.995+0000] {dag.py:4180} INFO - Setting next_dagrun for example_sla_dag to 2024-10-26 19:38:00+00:00, run_after=2024-10-26 19:40:00+00:00
[2024-10-26T19:40:46.023+0000] {processor.py:208} INFO - Processing /home/airflow/.local/lib/python3.12/site-packages/airflow/example_dags/example_sla_dag.py took 0.104 seconds
[2024-10-26T19:41:18.639+0000] {processor.py:186} INFO - Started process (PID=16777) to work on /home/airflow/.local/lib/python3.12/site-packages/airflow/example_dags/example_sla_dag.py
[2024-10-26T19:41:18.640+0000] {processor.py:914} INFO - Processing file /home/airflow/.local/lib/python3.12/site-packages/airflow/example_dags/example_sla_dag.py for tasks to queue
[2024-10-26T19:41:18.643+0000] {logging_mixin.py:190} INFO - [2024-10-26T19:41:18.642+0000] {dagbag.py:588} INFO - Filling up the DagBag from /home/airflow/.local/lib/python3.12/site-packages/airflow/example_dags/example_sla_dag.py
[2024-10-26T19:41:18.651+0000] {processor.py:925} INFO - DAG(s) 'example_sla_dag' retrieved from /home/airflow/.local/lib/python3.12/site-packages/airflow/example_dags/example_sla_dag.py
[2024-10-26T19:41:18.668+0000] {logging_mixin.py:190} INFO - [2024-10-26T19:41:18.668+0000] {dag.py:3239} INFO - Sync 1 DAGs
[2024-10-26T19:41:18.690+0000] {logging_mixin.py:190} INFO - [2024-10-26T19:41:18.689+0000] {dag.py:4180} INFO - Setting next_dagrun for example_sla_dag to 2024-10-26 19:38:00+00:00, run_after=2024-10-26 19:40:00+00:00
[2024-10-26T19:41:18.709+0000] {processor.py:208} INFO - Processing /home/airflow/.local/lib/python3.12/site-packages/airflow/example_dags/example_sla_dag.py took 0.076 seconds
[2024-10-26T19:41:51.526+0000] {processor.py:186} INFO - Started process (PID=16841) to work on /home/airflow/.local/lib/python3.12/site-packages/airflow/example_dags/example_sla_dag.py
[2024-10-26T19:41:51.527+0000] {processor.py:914} INFO - Processing file /home/airflow/.local/lib/python3.12/site-packages/airflow/example_dags/example_sla_dag.py for tasks to queue
[2024-10-26T19:41:51.529+0000] {logging_mixin.py:190} INFO - [2024-10-26T19:41:51.529+0000] {dagbag.py:588} INFO - Filling up the DagBag from /home/airflow/.local/lib/python3.12/site-packages/airflow/example_dags/example_sla_dag.py
[2024-10-26T19:41:51.538+0000] {processor.py:925} INFO - DAG(s) 'example_sla_dag' retrieved from /home/airflow/.local/lib/python3.12/site-packages/airflow/example_dags/example_sla_dag.py
[2024-10-26T19:41:51.556+0000] {logging_mixin.py:190} INFO - [2024-10-26T19:41:51.556+0000] {dag.py:3239} INFO - Sync 1 DAGs
[2024-10-26T19:41:51.577+0000] {logging_mixin.py:190} INFO - [2024-10-26T19:41:51.577+0000] {dag.py:4180} INFO - Setting next_dagrun for example_sla_dag to 2024-10-26 19:38:00+00:00, run_after=2024-10-26 19:40:00+00:00
[2024-10-26T19:41:51.596+0000] {processor.py:208} INFO - Processing /home/airflow/.local/lib/python3.12/site-packages/airflow/example_dags/example_sla_dag.py took 0.075 seconds
[2024-10-26T19:42:24.203+0000] {processor.py:186} INFO - Started process (PID=16905) to work on /home/airflow/.local/lib/python3.12/site-packages/airflow/example_dags/example_sla_dag.py
[2024-10-26T19:42:24.203+0000] {processor.py:914} INFO - Processing file /home/airflow/.local/lib/python3.12/site-packages/airflow/example_dags/example_sla_dag.py for tasks to queue
[2024-10-26T19:42:24.206+0000] {logging_mixin.py:190} INFO - [2024-10-26T19:42:24.206+0000] {dagbag.py:588} INFO - Filling up the DagBag from /home/airflow/.local/lib/python3.12/site-packages/airflow/example_dags/example_sla_dag.py
[2024-10-26T19:42:24.215+0000] {processor.py:925} INFO - DAG(s) 'example_sla_dag' retrieved from /home/airflow/.local/lib/python3.12/site-packages/airflow/example_dags/example_sla_dag.py
[2024-10-26T19:42:24.232+0000] {logging_mixin.py:190} INFO - [2024-10-26T19:42:24.232+0000] {dag.py:3239} INFO - Sync 1 DAGs
[2024-10-26T19:42:24.253+0000] {logging_mixin.py:190} INFO - [2024-10-26T19:42:24.253+0000] {dag.py:4180} INFO - Setting next_dagrun for example_sla_dag to 2024-10-26 19:40:00+00:00, run_after=2024-10-26 19:42:00+00:00
[2024-10-26T19:42:24.272+0000] {processor.py:208} INFO - Processing /home/airflow/.local/lib/python3.12/site-packages/airflow/example_dags/example_sla_dag.py took 0.074 seconds
[2024-10-26T19:42:57.724+0000] {processor.py:186} INFO - Started process (PID=16969) to work on /home/airflow/.local/lib/python3.12/site-packages/airflow/example_dags/example_sla_dag.py
[2024-10-26T19:42:57.725+0000] {processor.py:914} INFO - Processing file /home/airflow/.local/lib/python3.12/site-packages/airflow/example_dags/example_sla_dag.py for tasks to queue
[2024-10-26T19:42:57.728+0000] {logging_mixin.py:190} INFO - [2024-10-26T19:42:57.727+0000] {dagbag.py:588} INFO - Filling up the DagBag from /home/airflow/.local/lib/python3.12/site-packages/airflow/example_dags/example_sla_dag.py
[2024-10-26T19:42:57.737+0000] {processor.py:925} INFO - DAG(s) 'example_sla_dag' retrieved from /home/airflow/.local/lib/python3.12/site-packages/airflow/example_dags/example_sla_dag.py
[2024-10-26T19:42:57.756+0000] {logging_mixin.py:190} INFO - [2024-10-26T19:42:57.756+0000] {dag.py:3239} INFO - Sync 1 DAGs
[2024-10-26T19:42:57.777+0000] {logging_mixin.py:190} INFO - [2024-10-26T19:42:57.777+0000] {dag.py:4180} INFO - Setting next_dagrun for example_sla_dag to 2024-10-26 19:40:00+00:00, run_after=2024-10-26 19:42:00+00:00
[2024-10-26T19:42:57.796+0000] {processor.py:208} INFO - Processing /home/airflow/.local/lib/python3.12/site-packages/airflow/example_dags/example_sla_dag.py took 0.078 seconds
[2024-10-26T19:43:30.336+0000] {processor.py:186} INFO - Started process (PID=17033) to work on /home/airflow/.local/lib/python3.12/site-packages/airflow/example_dags/example_sla_dag.py
[2024-10-26T19:43:30.338+0000] {processor.py:914} INFO - Processing file /home/airflow/.local/lib/python3.12/site-packages/airflow/example_dags/example_sla_dag.py for tasks to queue
[2024-10-26T19:43:30.340+0000] {logging_mixin.py:190} INFO - [2024-10-26T19:43:30.339+0000] {dagbag.py:588} INFO - Filling up the DagBag from /home/airflow/.local/lib/python3.12/site-packages/airflow/example_dags/example_sla_dag.py
[2024-10-26T19:43:30.348+0000] {processor.py:925} INFO - DAG(s) 'example_sla_dag' retrieved from /home/airflow/.local/lib/python3.12/site-packages/airflow/example_dags/example_sla_dag.py
[2024-10-26T19:43:30.367+0000] {logging_mixin.py:190} INFO - [2024-10-26T19:43:30.367+0000] {dag.py:3239} INFO - Sync 1 DAGs
[2024-10-26T19:43:30.390+0000] {logging_mixin.py:190} INFO - [2024-10-26T19:43:30.390+0000] {dag.py:4180} INFO - Setting next_dagrun for example_sla_dag to 2024-10-26 19:40:00+00:00, run_after=2024-10-26 19:42:00+00:00
[2024-10-26T19:43:30.410+0000] {processor.py:208} INFO - Processing /home/airflow/.local/lib/python3.12/site-packages/airflow/example_dags/example_sla_dag.py took 0.079 seconds
[2024-10-26T19:44:03.121+0000] {processor.py:186} INFO - Started process (PID=17097) to work on /home/airflow/.local/lib/python3.12/site-packages/airflow/example_dags/example_sla_dag.py
[2024-10-26T19:44:03.122+0000] {processor.py:914} INFO - Processing file /home/airflow/.local/lib/python3.12/site-packages/airflow/example_dags/example_sla_dag.py for tasks to queue
[2024-10-26T19:44:03.125+0000] {logging_mixin.py:190} INFO - [2024-10-26T19:44:03.125+0000] {dagbag.py:588} INFO - Filling up the DagBag from /home/airflow/.local/lib/python3.12/site-packages/airflow/example_dags/example_sla_dag.py
[2024-10-26T19:44:03.141+0000] {processor.py:925} INFO - DAG(s) 'example_sla_dag' retrieved from /home/airflow/.local/lib/python3.12/site-packages/airflow/example_dags/example_sla_dag.py
[2024-10-26T19:44:03.166+0000] {logging_mixin.py:190} INFO - [2024-10-26T19:44:03.166+0000] {dag.py:3239} INFO - Sync 1 DAGs
[2024-10-26T19:44:03.197+0000] {logging_mixin.py:190} INFO - [2024-10-26T19:44:03.197+0000] {dag.py:4180} INFO - Setting next_dagrun for example_sla_dag to 2024-10-26 19:42:00+00:00, run_after=2024-10-26 19:44:00+00:00
[2024-10-26T19:44:03.221+0000] {processor.py:208} INFO - Processing /home/airflow/.local/lib/python3.12/site-packages/airflow/example_dags/example_sla_dag.py took 0.107 seconds
[2024-10-26T19:44:35.848+0000] {processor.py:186} INFO - Started process (PID=17161) to work on /home/airflow/.local/lib/python3.12/site-packages/airflow/example_dags/example_sla_dag.py
[2024-10-26T19:44:35.849+0000] {processor.py:914} INFO - Processing file /home/airflow/.local/lib/python3.12/site-packages/airflow/example_dags/example_sla_dag.py for tasks to queue
[2024-10-26T19:44:35.851+0000] {logging_mixin.py:190} INFO - [2024-10-26T19:44:35.851+0000] {dagbag.py:588} INFO - Filling up the DagBag from /home/airflow/.local/lib/python3.12/site-packages/airflow/example_dags/example_sla_dag.py
[2024-10-26T19:44:35.861+0000] {processor.py:925} INFO - DAG(s) 'example_sla_dag' retrieved from /home/airflow/.local/lib/python3.12/site-packages/airflow/example_dags/example_sla_dag.py
[2024-10-26T19:44:35.882+0000] {logging_mixin.py:190} INFO - [2024-10-26T19:44:35.882+0000] {dag.py:3239} INFO - Sync 1 DAGs
[2024-10-26T19:44:35.904+0000] {logging_mixin.py:190} INFO - [2024-10-26T19:44:35.904+0000] {dag.py:4180} INFO - Setting next_dagrun for example_sla_dag to 2024-10-26 19:42:00+00:00, run_after=2024-10-26 19:44:00+00:00
[2024-10-26T19:44:35.924+0000] {processor.py:208} INFO - Processing /home/airflow/.local/lib/python3.12/site-packages/airflow/example_dags/example_sla_dag.py took 0.081 seconds
[2024-10-26T19:45:08.681+0000] {processor.py:186} INFO - Started process (PID=17225) to work on /home/airflow/.local/lib/python3.12/site-packages/airflow/example_dags/example_sla_dag.py
[2024-10-26T19:45:08.682+0000] {processor.py:914} INFO - Processing file /home/airflow/.local/lib/python3.12/site-packages/airflow/example_dags/example_sla_dag.py for tasks to queue
[2024-10-26T19:45:08.684+0000] {logging_mixin.py:190} INFO - [2024-10-26T19:45:08.684+0000] {dagbag.py:588} INFO - Filling up the DagBag from /home/airflow/.local/lib/python3.12/site-packages/airflow/example_dags/example_sla_dag.py
[2024-10-26T19:45:08.696+0000] {processor.py:925} INFO - DAG(s) 'example_sla_dag' retrieved from /home/airflow/.local/lib/python3.12/site-packages/airflow/example_dags/example_sla_dag.py
[2024-10-26T19:45:08.716+0000] {logging_mixin.py:190} INFO - [2024-10-26T19:45:08.716+0000] {dag.py:3239} INFO - Sync 1 DAGs
[2024-10-26T19:45:08.741+0000] {logging_mixin.py:190} INFO - [2024-10-26T19:45:08.741+0000] {dag.py:4180} INFO - Setting next_dagrun for example_sla_dag to 2024-10-26 19:42:00+00:00, run_after=2024-10-26 19:44:00+00:00
[2024-10-26T19:45:08.761+0000] {processor.py:208} INFO - Processing /home/airflow/.local/lib/python3.12/site-packages/airflow/example_dags/example_sla_dag.py took 0.086 seconds
[2024-10-26T19:45:40.551+0000] {processor.py:186} INFO - Started process (PID=17289) to work on /home/airflow/.local/lib/python3.12/site-packages/airflow/example_dags/example_sla_dag.py
[2024-10-26T19:45:40.552+0000] {processor.py:914} INFO - Processing file /home/airflow/.local/lib/python3.12/site-packages/airflow/example_dags/example_sla_dag.py for tasks to queue
[2024-10-26T19:45:40.554+0000] {logging_mixin.py:190} INFO - [2024-10-26T19:45:40.554+0000] {dagbag.py:588} INFO - Filling up the DagBag from /home/airflow/.local/lib/python3.12/site-packages/airflow/example_dags/example_sla_dag.py
[2024-10-26T19:45:40.565+0000] {processor.py:925} INFO - DAG(s) 'example_sla_dag' retrieved from /home/airflow/.local/lib/python3.12/site-packages/airflow/example_dags/example_sla_dag.py
[2024-10-26T19:45:40.585+0000] {logging_mixin.py:190} INFO - [2024-10-26T19:45:40.585+0000] {dag.py:3239} INFO - Sync 1 DAGs
[2024-10-26T19:45:40.610+0000] {logging_mixin.py:190} INFO - [2024-10-26T19:45:40.610+0000] {dag.py:4180} INFO - Setting next_dagrun for example_sla_dag to 2024-10-26 19:42:00+00:00, run_after=2024-10-26 19:44:00+00:00
[2024-10-26T19:45:40.631+0000] {processor.py:208} INFO - Processing /home/airflow/.local/lib/python3.12/site-packages/airflow/example_dags/example_sla_dag.py took 0.085 seconds
[2024-10-26T19:46:14.021+0000] {processor.py:186} INFO - Started process (PID=17353) to work on /home/airflow/.local/lib/python3.12/site-packages/airflow/example_dags/example_sla_dag.py
[2024-10-26T19:46:14.022+0000] {processor.py:914} INFO - Processing file /home/airflow/.local/lib/python3.12/site-packages/airflow/example_dags/example_sla_dag.py for tasks to queue
[2024-10-26T19:46:14.025+0000] {logging_mixin.py:190} INFO - [2024-10-26T19:46:14.024+0000] {dagbag.py:588} INFO - Filling up the DagBag from /home/airflow/.local/lib/python3.12/site-packages/airflow/example_dags/example_sla_dag.py
[2024-10-26T19:46:14.037+0000] {processor.py:925} INFO - DAG(s) 'example_sla_dag' retrieved from /home/airflow/.local/lib/python3.12/site-packages/airflow/example_dags/example_sla_dag.py
[2024-10-26T19:46:14.056+0000] {logging_mixin.py:190} INFO - [2024-10-26T19:46:14.055+0000] {dag.py:3239} INFO - Sync 1 DAGs
[2024-10-26T19:46:14.079+0000] {logging_mixin.py:190} INFO - [2024-10-26T19:46:14.079+0000] {dag.py:4180} INFO - Setting next_dagrun for example_sla_dag to 2024-10-26 19:44:00+00:00, run_after=2024-10-26 19:46:00+00:00
[2024-10-26T19:46:14.101+0000] {processor.py:208} INFO - Processing /home/airflow/.local/lib/python3.12/site-packages/airflow/example_dags/example_sla_dag.py took 0.087 seconds
[2024-10-26T19:46:45.962+0000] {processor.py:186} INFO - Started process (PID=17417) to work on /home/airflow/.local/lib/python3.12/site-packages/airflow/example_dags/example_sla_dag.py
[2024-10-26T19:46:45.963+0000] {processor.py:914} INFO - Processing file /home/airflow/.local/lib/python3.12/site-packages/airflow/example_dags/example_sla_dag.py for tasks to queue
[2024-10-26T19:46:45.966+0000] {logging_mixin.py:190} INFO - [2024-10-26T19:46:45.965+0000] {dagbag.py:588} INFO - Filling up the DagBag from /home/airflow/.local/lib/python3.12/site-packages/airflow/example_dags/example_sla_dag.py
[2024-10-26T19:46:45.976+0000] {processor.py:925} INFO - DAG(s) 'example_sla_dag' retrieved from /home/airflow/.local/lib/python3.12/site-packages/airflow/example_dags/example_sla_dag.py
[2024-10-26T19:46:45.995+0000] {logging_mixin.py:190} INFO - [2024-10-26T19:46:45.995+0000] {dag.py:3239} INFO - Sync 1 DAGs
[2024-10-26T19:46:46.019+0000] {logging_mixin.py:190} INFO - [2024-10-26T19:46:46.018+0000] {dag.py:4180} INFO - Setting next_dagrun for example_sla_dag to 2024-10-26 19:44:00+00:00, run_after=2024-10-26 19:46:00+00:00
[2024-10-26T19:46:46.038+0000] {processor.py:208} INFO - Processing /home/airflow/.local/lib/python3.12/site-packages/airflow/example_dags/example_sla_dag.py took 0.081 seconds
[2024-10-26T19:47:19.656+0000] {processor.py:186} INFO - Started process (PID=17481) to work on /home/airflow/.local/lib/python3.12/site-packages/airflow/example_dags/example_sla_dag.py
[2024-10-26T19:47:19.657+0000] {processor.py:914} INFO - Processing file /home/airflow/.local/lib/python3.12/site-packages/airflow/example_dags/example_sla_dag.py for tasks to queue
[2024-10-26T19:47:19.659+0000] {logging_mixin.py:190} INFO - [2024-10-26T19:47:19.659+0000] {dagbag.py:588} INFO - Filling up the DagBag from /home/airflow/.local/lib/python3.12/site-packages/airflow/example_dags/example_sla_dag.py
[2024-10-26T19:47:19.667+0000] {processor.py:925} INFO - DAG(s) 'example_sla_dag' retrieved from /home/airflow/.local/lib/python3.12/site-packages/airflow/example_dags/example_sla_dag.py
[2024-10-26T19:47:19.685+0000] {logging_mixin.py:190} INFO - [2024-10-26T19:47:19.685+0000] {dag.py:3239} INFO - Sync 1 DAGs
[2024-10-26T19:47:19.707+0000] {logging_mixin.py:190} INFO - [2024-10-26T19:47:19.706+0000] {dag.py:4180} INFO - Setting next_dagrun for example_sla_dag to 2024-10-26 19:44:00+00:00, run_after=2024-10-26 19:46:00+00:00
[2024-10-26T19:47:19.746+0000] {processor.py:208} INFO - Processing /home/airflow/.local/lib/python3.12/site-packages/airflow/example_dags/example_sla_dag.py took 0.095 seconds
[2024-10-26T19:47:52.257+0000] {processor.py:186} INFO - Started process (PID=17545) to work on /home/airflow/.local/lib/python3.12/site-packages/airflow/example_dags/example_sla_dag.py
[2024-10-26T19:47:52.258+0000] {processor.py:914} INFO - Processing file /home/airflow/.local/lib/python3.12/site-packages/airflow/example_dags/example_sla_dag.py for tasks to queue
[2024-10-26T19:47:52.260+0000] {logging_mixin.py:190} INFO - [2024-10-26T19:47:52.260+0000] {dagbag.py:588} INFO - Filling up the DagBag from /home/airflow/.local/lib/python3.12/site-packages/airflow/example_dags/example_sla_dag.py
[2024-10-26T19:47:52.268+0000] {processor.py:925} INFO - DAG(s) 'example_sla_dag' retrieved from /home/airflow/.local/lib/python3.12/site-packages/airflow/example_dags/example_sla_dag.py
[2024-10-26T19:47:52.286+0000] {logging_mixin.py:190} INFO - [2024-10-26T19:47:52.286+0000] {dag.py:3239} INFO - Sync 1 DAGs
[2024-10-26T19:47:52.308+0000] {logging_mixin.py:190} INFO - [2024-10-26T19:47:52.308+0000] {dag.py:4180} INFO - Setting next_dagrun for example_sla_dag to 2024-10-26 19:44:00+00:00, run_after=2024-10-26 19:46:00+00:00
[2024-10-26T19:47:52.327+0000] {processor.py:208} INFO - Processing /home/airflow/.local/lib/python3.12/site-packages/airflow/example_dags/example_sla_dag.py took 0.076 seconds
[2024-10-26T19:48:24.778+0000] {processor.py:186} INFO - Started process (PID=17609) to work on /home/airflow/.local/lib/python3.12/site-packages/airflow/example_dags/example_sla_dag.py
[2024-10-26T19:48:24.779+0000] {processor.py:914} INFO - Processing file /home/airflow/.local/lib/python3.12/site-packages/airflow/example_dags/example_sla_dag.py for tasks to queue
[2024-10-26T19:48:24.783+0000] {logging_mixin.py:190} INFO - [2024-10-26T19:48:24.783+0000] {dagbag.py:588} INFO - Filling up the DagBag from /home/airflow/.local/lib/python3.12/site-packages/airflow/example_dags/example_sla_dag.py
[2024-10-26T19:48:24.797+0000] {processor.py:925} INFO - DAG(s) 'example_sla_dag' retrieved from /home/airflow/.local/lib/python3.12/site-packages/airflow/example_dags/example_sla_dag.py
[2024-10-26T19:48:24.818+0000] {logging_mixin.py:190} INFO - [2024-10-26T19:48:24.817+0000] {dag.py:3239} INFO - Sync 1 DAGs
[2024-10-26T19:48:24.842+0000] {logging_mixin.py:190} INFO - [2024-10-26T19:48:24.842+0000] {dag.py:4180} INFO - Setting next_dagrun for example_sla_dag to 2024-10-26 19:46:00+00:00, run_after=2024-10-26 19:48:00+00:00
[2024-10-26T19:48:24.863+0000] {processor.py:208} INFO - Processing /home/airflow/.local/lib/python3.12/site-packages/airflow/example_dags/example_sla_dag.py took 0.091 seconds
[2024-10-26T19:48:57.587+0000] {processor.py:186} INFO - Started process (PID=17673) to work on /home/airflow/.local/lib/python3.12/site-packages/airflow/example_dags/example_sla_dag.py
[2024-10-26T19:48:57.588+0000] {processor.py:914} INFO - Processing file /home/airflow/.local/lib/python3.12/site-packages/airflow/example_dags/example_sla_dag.py for tasks to queue
[2024-10-26T19:48:57.591+0000] {logging_mixin.py:190} INFO - [2024-10-26T19:48:57.590+0000] {dagbag.py:588} INFO - Filling up the DagBag from /home/airflow/.local/lib/python3.12/site-packages/airflow/example_dags/example_sla_dag.py
[2024-10-26T19:48:57.599+0000] {processor.py:925} INFO - DAG(s) 'example_sla_dag' retrieved from /home/airflow/.local/lib/python3.12/site-packages/airflow/example_dags/example_sla_dag.py
[2024-10-26T19:48:57.617+0000] {logging_mixin.py:190} INFO - [2024-10-26T19:48:57.617+0000] {dag.py:3239} INFO - Sync 1 DAGs
[2024-10-26T19:48:57.641+0000] {logging_mixin.py:190} INFO - [2024-10-26T19:48:57.641+0000] {dag.py:4180} INFO - Setting next_dagrun for example_sla_dag to 2024-10-26 19:46:00+00:00, run_after=2024-10-26 19:48:00+00:00
[2024-10-26T19:48:57.662+0000] {processor.py:208} INFO - Processing /home/airflow/.local/lib/python3.12/site-packages/airflow/example_dags/example_sla_dag.py took 0.080 seconds
[2024-10-26T19:49:30.407+0000] {processor.py:186} INFO - Started process (PID=17737) to work on /home/airflow/.local/lib/python3.12/site-packages/airflow/example_dags/example_sla_dag.py
[2024-10-26T19:49:30.408+0000] {processor.py:914} INFO - Processing file /home/airflow/.local/lib/python3.12/site-packages/airflow/example_dags/example_sla_dag.py for tasks to queue
[2024-10-26T19:49:30.410+0000] {logging_mixin.py:190} INFO - [2024-10-26T19:49:30.409+0000] {dagbag.py:588} INFO - Filling up the DagBag from /home/airflow/.local/lib/python3.12/site-packages/airflow/example_dags/example_sla_dag.py
[2024-10-26T19:49:30.419+0000] {processor.py:925} INFO - DAG(s) 'example_sla_dag' retrieved from /home/airflow/.local/lib/python3.12/site-packages/airflow/example_dags/example_sla_dag.py
[2024-10-26T19:49:30.438+0000] {logging_mixin.py:190} INFO - [2024-10-26T19:49:30.438+0000] {dag.py:3239} INFO - Sync 1 DAGs
[2024-10-26T19:49:30.460+0000] {logging_mixin.py:190} INFO - [2024-10-26T19:49:30.460+0000] {dag.py:4180} INFO - Setting next_dagrun for example_sla_dag to 2024-10-26 19:46:00+00:00, run_after=2024-10-26 19:48:00+00:00
[2024-10-26T19:49:30.478+0000] {processor.py:208} INFO - Processing /home/airflow/.local/lib/python3.12/site-packages/airflow/example_dags/example_sla_dag.py took 0.078 seconds
[2024-10-26T19:50:03.086+0000] {processor.py:186} INFO - Started process (PID=17801) to work on /home/airflow/.local/lib/python3.12/site-packages/airflow/example_dags/example_sla_dag.py
[2024-10-26T19:50:03.087+0000] {processor.py:914} INFO - Processing file /home/airflow/.local/lib/python3.12/site-packages/airflow/example_dags/example_sla_dag.py for tasks to queue
[2024-10-26T19:50:03.089+0000] {logging_mixin.py:190} INFO - [2024-10-26T19:50:03.089+0000] {dagbag.py:588} INFO - Filling up the DagBag from /home/airflow/.local/lib/python3.12/site-packages/airflow/example_dags/example_sla_dag.py
[2024-10-26T19:50:03.101+0000] {processor.py:925} INFO - DAG(s) 'example_sla_dag' retrieved from /home/airflow/.local/lib/python3.12/site-packages/airflow/example_dags/example_sla_dag.py
[2024-10-26T19:50:03.119+0000] {logging_mixin.py:190} INFO - [2024-10-26T19:50:03.118+0000] {dag.py:3239} INFO - Sync 1 DAGs
[2024-10-26T19:50:03.143+0000] {logging_mixin.py:190} INFO - [2024-10-26T19:50:03.143+0000] {dag.py:4180} INFO - Setting next_dagrun for example_sla_dag to 2024-10-26 19:48:00+00:00, run_after=2024-10-26 19:50:00+00:00
[2024-10-26T19:50:03.162+0000] {processor.py:208} INFO - Processing /home/airflow/.local/lib/python3.12/site-packages/airflow/example_dags/example_sla_dag.py took 0.083 seconds
[2024-10-26T19:50:35.048+0000] {processor.py:186} INFO - Started process (PID=17865) to work on /home/airflow/.local/lib/python3.12/site-packages/airflow/example_dags/example_sla_dag.py
[2024-10-26T19:50:35.050+0000] {processor.py:914} INFO - Processing file /home/airflow/.local/lib/python3.12/site-packages/airflow/example_dags/example_sla_dag.py for tasks to queue
[2024-10-26T19:50:35.053+0000] {logging_mixin.py:190} INFO - [2024-10-26T19:50:35.052+0000] {dagbag.py:588} INFO - Filling up the DagBag from /home/airflow/.local/lib/python3.12/site-packages/airflow/example_dags/example_sla_dag.py
[2024-10-26T19:50:35.062+0000] {processor.py:925} INFO - DAG(s) 'example_sla_dag' retrieved from /home/airflow/.local/lib/python3.12/site-packages/airflow/example_dags/example_sla_dag.py
[2024-10-26T19:50:35.082+0000] {logging_mixin.py:190} INFO - [2024-10-26T19:50:35.082+0000] {dag.py:3239} INFO - Sync 1 DAGs
[2024-10-26T19:50:35.105+0000] {logging_mixin.py:190} INFO - [2024-10-26T19:50:35.105+0000] {dag.py:4180} INFO - Setting next_dagrun for example_sla_dag to 2024-10-26 19:48:00+00:00, run_after=2024-10-26 19:50:00+00:00
[2024-10-26T19:50:35.125+0000] {processor.py:208} INFO - Processing /home/airflow/.local/lib/python3.12/site-packages/airflow/example_dags/example_sla_dag.py took 0.084 seconds
[2024-10-26T19:51:07.856+0000] {processor.py:186} INFO - Started process (PID=17929) to work on /home/airflow/.local/lib/python3.12/site-packages/airflow/example_dags/example_sla_dag.py
[2024-10-26T19:51:07.857+0000] {processor.py:914} INFO - Processing file /home/airflow/.local/lib/python3.12/site-packages/airflow/example_dags/example_sla_dag.py for tasks to queue
[2024-10-26T19:51:07.860+0000] {logging_mixin.py:190} INFO - [2024-10-26T19:51:07.859+0000] {dagbag.py:588} INFO - Filling up the DagBag from /home/airflow/.local/lib/python3.12/site-packages/airflow/example_dags/example_sla_dag.py
[2024-10-26T19:51:07.868+0000] {processor.py:925} INFO - DAG(s) 'example_sla_dag' retrieved from /home/airflow/.local/lib/python3.12/site-packages/airflow/example_dags/example_sla_dag.py
[2024-10-26T19:51:07.886+0000] {logging_mixin.py:190} INFO - [2024-10-26T19:51:07.885+0000] {dag.py:3239} INFO - Sync 1 DAGs
[2024-10-26T19:51:07.908+0000] {logging_mixin.py:190} INFO - [2024-10-26T19:51:07.908+0000] {dag.py:4180} INFO - Setting next_dagrun for example_sla_dag to 2024-10-26 19:48:00+00:00, run_after=2024-10-26 19:50:00+00:00
[2024-10-26T19:51:07.928+0000] {processor.py:208} INFO - Processing /home/airflow/.local/lib/python3.12/site-packages/airflow/example_dags/example_sla_dag.py took 0.077 seconds
[2024-10-26T19:51:40.480+0000] {processor.py:186} INFO - Started process (PID=17993) to work on /home/airflow/.local/lib/python3.12/site-packages/airflow/example_dags/example_sla_dag.py
[2024-10-26T19:51:40.481+0000] {processor.py:914} INFO - Processing file /home/airflow/.local/lib/python3.12/site-packages/airflow/example_dags/example_sla_dag.py for tasks to queue
[2024-10-26T19:51:40.483+0000] {logging_mixin.py:190} INFO - [2024-10-26T19:51:40.483+0000] {dagbag.py:588} INFO - Filling up the DagBag from /home/airflow/.local/lib/python3.12/site-packages/airflow/example_dags/example_sla_dag.py
[2024-10-26T19:51:40.493+0000] {processor.py:925} INFO - DAG(s) 'example_sla_dag' retrieved from /home/airflow/.local/lib/python3.12/site-packages/airflow/example_dags/example_sla_dag.py
[2024-10-26T19:51:40.511+0000] {logging_mixin.py:190} INFO - [2024-10-26T19:51:40.511+0000] {dag.py:3239} INFO - Sync 1 DAGs
[2024-10-26T19:51:40.535+0000] {logging_mixin.py:190} INFO - [2024-10-26T19:51:40.534+0000] {dag.py:4180} INFO - Setting next_dagrun for example_sla_dag to 2024-10-26 19:48:00+00:00, run_after=2024-10-26 19:50:00+00:00
[2024-10-26T19:51:40.554+0000] {processor.py:208} INFO - Processing /home/airflow/.local/lib/python3.12/site-packages/airflow/example_dags/example_sla_dag.py took 0.079 seconds
[2024-10-26T19:52:13.310+0000] {processor.py:186} INFO - Started process (PID=18057) to work on /home/airflow/.local/lib/python3.12/site-packages/airflow/example_dags/example_sla_dag.py
[2024-10-26T19:52:13.311+0000] {processor.py:914} INFO - Processing file /home/airflow/.local/lib/python3.12/site-packages/airflow/example_dags/example_sla_dag.py for tasks to queue
[2024-10-26T19:52:13.314+0000] {logging_mixin.py:190} INFO - [2024-10-26T19:52:13.314+0000] {dagbag.py:588} INFO - Filling up the DagBag from /home/airflow/.local/lib/python3.12/site-packages/airflow/example_dags/example_sla_dag.py
[2024-10-26T19:52:13.323+0000] {processor.py:925} INFO - DAG(s) 'example_sla_dag' retrieved from /home/airflow/.local/lib/python3.12/site-packages/airflow/example_dags/example_sla_dag.py
[2024-10-26T19:52:13.341+0000] {logging_mixin.py:190} INFO - [2024-10-26T19:52:13.340+0000] {dag.py:3239} INFO - Sync 1 DAGs
[2024-10-26T19:52:13.363+0000] {logging_mixin.py:190} INFO - [2024-10-26T19:52:13.363+0000] {dag.py:4180} INFO - Setting next_dagrun for example_sla_dag to 2024-10-26 19:50:00+00:00, run_after=2024-10-26 19:52:00+00:00
[2024-10-26T19:52:13.385+0000] {processor.py:208} INFO - Processing /home/airflow/.local/lib/python3.12/site-packages/airflow/example_dags/example_sla_dag.py took 0.081 seconds
[2024-10-26T19:52:46.327+0000] {processor.py:186} INFO - Started process (PID=18121) to work on /home/airflow/.local/lib/python3.12/site-packages/airflow/example_dags/example_sla_dag.py
[2024-10-26T19:52:46.328+0000] {processor.py:914} INFO - Processing file /home/airflow/.local/lib/python3.12/site-packages/airflow/example_dags/example_sla_dag.py for tasks to queue
[2024-10-26T19:52:46.331+0000] {logging_mixin.py:190} INFO - [2024-10-26T19:52:46.330+0000] {dagbag.py:588} INFO - Filling up the DagBag from /home/airflow/.local/lib/python3.12/site-packages/airflow/example_dags/example_sla_dag.py
[2024-10-26T19:52:46.340+0000] {processor.py:925} INFO - DAG(s) 'example_sla_dag' retrieved from /home/airflow/.local/lib/python3.12/site-packages/airflow/example_dags/example_sla_dag.py
[2024-10-26T19:52:46.360+0000] {logging_mixin.py:190} INFO - [2024-10-26T19:52:46.360+0000] {dag.py:3239} INFO - Sync 1 DAGs
[2024-10-26T19:52:46.384+0000] {logging_mixin.py:190} INFO - [2024-10-26T19:52:46.384+0000] {dag.py:4180} INFO - Setting next_dagrun for example_sla_dag to 2024-10-26 19:50:00+00:00, run_after=2024-10-26 19:52:00+00:00
[2024-10-26T19:52:46.404+0000] {processor.py:208} INFO - Processing /home/airflow/.local/lib/python3.12/site-packages/airflow/example_dags/example_sla_dag.py took 0.082 seconds
[2024-10-26T19:53:19.030+0000] {processor.py:186} INFO - Started process (PID=18185) to work on /home/airflow/.local/lib/python3.12/site-packages/airflow/example_dags/example_sla_dag.py
[2024-10-26T19:53:19.031+0000] {processor.py:914} INFO - Processing file /home/airflow/.local/lib/python3.12/site-packages/airflow/example_dags/example_sla_dag.py for tasks to queue
[2024-10-26T19:53:19.034+0000] {logging_mixin.py:190} INFO - [2024-10-26T19:53:19.034+0000] {dagbag.py:588} INFO - Filling up the DagBag from /home/airflow/.local/lib/python3.12/site-packages/airflow/example_dags/example_sla_dag.py
[2024-10-26T19:53:19.044+0000] {processor.py:925} INFO - DAG(s) 'example_sla_dag' retrieved from /home/airflow/.local/lib/python3.12/site-packages/airflow/example_dags/example_sla_dag.py
[2024-10-26T19:53:19.065+0000] {logging_mixin.py:190} INFO - [2024-10-26T19:53:19.065+0000] {dag.py:3239} INFO - Sync 1 DAGs
[2024-10-26T19:53:19.089+0000] {logging_mixin.py:190} INFO - [2024-10-26T19:53:19.089+0000] {dag.py:4180} INFO - Setting next_dagrun for example_sla_dag to 2024-10-26 19:50:00+00:00, run_after=2024-10-26 19:52:00+00:00
[2024-10-26T19:53:19.109+0000] {processor.py:208} INFO - Processing /home/airflow/.local/lib/python3.12/site-packages/airflow/example_dags/example_sla_dag.py took 0.084 seconds
[2024-10-26T19:53:51.626+0000] {processor.py:186} INFO - Started process (PID=18249) to work on /home/airflow/.local/lib/python3.12/site-packages/airflow/example_dags/example_sla_dag.py
[2024-10-26T19:53:51.627+0000] {processor.py:914} INFO - Processing file /home/airflow/.local/lib/python3.12/site-packages/airflow/example_dags/example_sla_dag.py for tasks to queue
[2024-10-26T19:53:51.630+0000] {logging_mixin.py:190} INFO - [2024-10-26T19:53:51.630+0000] {dagbag.py:588} INFO - Filling up the DagBag from /home/airflow/.local/lib/python3.12/site-packages/airflow/example_dags/example_sla_dag.py
[2024-10-26T19:53:51.639+0000] {processor.py:925} INFO - DAG(s) 'example_sla_dag' retrieved from /home/airflow/.local/lib/python3.12/site-packages/airflow/example_dags/example_sla_dag.py
[2024-10-26T19:53:51.657+0000] {logging_mixin.py:190} INFO - [2024-10-26T19:53:51.657+0000] {dag.py:3239} INFO - Sync 1 DAGs
[2024-10-26T19:53:51.680+0000] {logging_mixin.py:190} INFO - [2024-10-26T19:53:51.679+0000] {dag.py:4180} INFO - Setting next_dagrun for example_sla_dag to 2024-10-26 19:50:00+00:00, run_after=2024-10-26 19:52:00+00:00
[2024-10-26T19:53:51.698+0000] {processor.py:208} INFO - Processing /home/airflow/.local/lib/python3.12/site-packages/airflow/example_dags/example_sla_dag.py took 0.078 seconds
[2024-10-26T19:54:24.372+0000] {processor.py:186} INFO - Started process (PID=18313) to work on /home/airflow/.local/lib/python3.12/site-packages/airflow/example_dags/example_sla_dag.py
[2024-10-26T19:54:24.373+0000] {processor.py:914} INFO - Processing file /home/airflow/.local/lib/python3.12/site-packages/airflow/example_dags/example_sla_dag.py for tasks to queue
[2024-10-26T19:54:24.376+0000] {logging_mixin.py:190} INFO - [2024-10-26T19:54:24.375+0000] {dagbag.py:588} INFO - Filling up the DagBag from /home/airflow/.local/lib/python3.12/site-packages/airflow/example_dags/example_sla_dag.py
[2024-10-26T19:54:24.385+0000] {processor.py:925} INFO - DAG(s) 'example_sla_dag' retrieved from /home/airflow/.local/lib/python3.12/site-packages/airflow/example_dags/example_sla_dag.py
[2024-10-26T19:54:24.403+0000] {logging_mixin.py:190} INFO - [2024-10-26T19:54:24.403+0000] {dag.py:3239} INFO - Sync 1 DAGs
[2024-10-26T19:54:24.427+0000] {logging_mixin.py:190} INFO - [2024-10-26T19:54:24.426+0000] {dag.py:4180} INFO - Setting next_dagrun for example_sla_dag to 2024-10-26 19:52:00+00:00, run_after=2024-10-26 19:54:00+00:00
[2024-10-26T19:54:24.447+0000] {processor.py:208} INFO - Processing /home/airflow/.local/lib/python3.12/site-packages/airflow/example_dags/example_sla_dag.py took 0.080 seconds
[2024-10-26T19:54:57.308+0000] {processor.py:186} INFO - Started process (PID=18377) to work on /home/airflow/.local/lib/python3.12/site-packages/airflow/example_dags/example_sla_dag.py
[2024-10-26T19:54:57.309+0000] {processor.py:914} INFO - Processing file /home/airflow/.local/lib/python3.12/site-packages/airflow/example_dags/example_sla_dag.py for tasks to queue
[2024-10-26T19:54:57.312+0000] {logging_mixin.py:190} INFO - [2024-10-26T19:54:57.311+0000] {dagbag.py:588} INFO - Filling up the DagBag from /home/airflow/.local/lib/python3.12/site-packages/airflow/example_dags/example_sla_dag.py
[2024-10-26T19:54:57.322+0000] {processor.py:925} INFO - DAG(s) 'example_sla_dag' retrieved from /home/airflow/.local/lib/python3.12/site-packages/airflow/example_dags/example_sla_dag.py
[2024-10-26T19:54:57.338+0000] {logging_mixin.py:190} INFO - [2024-10-26T19:54:57.338+0000] {dag.py:3239} INFO - Sync 1 DAGs
[2024-10-26T19:54:57.361+0000] {logging_mixin.py:190} INFO - [2024-10-26T19:54:57.360+0000] {dag.py:4180} INFO - Setting next_dagrun for example_sla_dag to 2024-10-26 19:52:00+00:00, run_after=2024-10-26 19:54:00+00:00
[2024-10-26T19:54:57.382+0000] {processor.py:208} INFO - Processing /home/airflow/.local/lib/python3.12/site-packages/airflow/example_dags/example_sla_dag.py took 0.080 seconds
[2024-10-26T19:55:29.909+0000] {processor.py:186} INFO - Started process (PID=18441) to work on /home/airflow/.local/lib/python3.12/site-packages/airflow/example_dags/example_sla_dag.py
[2024-10-26T19:55:29.910+0000] {processor.py:914} INFO - Processing file /home/airflow/.local/lib/python3.12/site-packages/airflow/example_dags/example_sla_dag.py for tasks to queue
[2024-10-26T19:55:29.912+0000] {logging_mixin.py:190} INFO - [2024-10-26T19:55:29.912+0000] {dagbag.py:588} INFO - Filling up the DagBag from /home/airflow/.local/lib/python3.12/site-packages/airflow/example_dags/example_sla_dag.py
[2024-10-26T19:55:29.923+0000] {processor.py:925} INFO - DAG(s) 'example_sla_dag' retrieved from /home/airflow/.local/lib/python3.12/site-packages/airflow/example_dags/example_sla_dag.py
[2024-10-26T19:55:29.940+0000] {logging_mixin.py:190} INFO - [2024-10-26T19:55:29.940+0000] {dag.py:3239} INFO - Sync 1 DAGs
[2024-10-26T19:55:29.962+0000] {logging_mixin.py:190} INFO - [2024-10-26T19:55:29.962+0000] {dag.py:4180} INFO - Setting next_dagrun for example_sla_dag to 2024-10-26 19:52:00+00:00, run_after=2024-10-26 19:54:00+00:00
[2024-10-26T19:55:29.981+0000] {processor.py:208} INFO - Processing /home/airflow/.local/lib/python3.12/site-packages/airflow/example_dags/example_sla_dag.py took 0.078 seconds
[2024-10-26T19:56:03.059+0000] {processor.py:186} INFO - Started process (PID=18505) to work on /home/airflow/.local/lib/python3.12/site-packages/airflow/example_dags/example_sla_dag.py
[2024-10-26T19:56:03.060+0000] {processor.py:914} INFO - Processing file /home/airflow/.local/lib/python3.12/site-packages/airflow/example_dags/example_sla_dag.py for tasks to queue
[2024-10-26T19:56:03.062+0000] {logging_mixin.py:190} INFO - [2024-10-26T19:56:03.061+0000] {dagbag.py:588} INFO - Filling up the DagBag from /home/airflow/.local/lib/python3.12/site-packages/airflow/example_dags/example_sla_dag.py
[2024-10-26T19:56:03.071+0000] {processor.py:925} INFO - DAG(s) 'example_sla_dag' retrieved from /home/airflow/.local/lib/python3.12/site-packages/airflow/example_dags/example_sla_dag.py
[2024-10-26T19:56:03.098+0000] {logging_mixin.py:190} INFO - [2024-10-26T19:56:03.097+0000] {dag.py:3239} INFO - Sync 1 DAGs
[2024-10-26T19:56:03.132+0000] {logging_mixin.py:190} INFO - [2024-10-26T19:56:03.132+0000] {dag.py:4180} INFO - Setting next_dagrun for example_sla_dag to 2024-10-26 19:54:00+00:00, run_after=2024-10-26 19:56:00+00:00
[2024-10-26T19:56:03.157+0000] {processor.py:208} INFO - Processing /home/airflow/.local/lib/python3.12/site-packages/airflow/example_dags/example_sla_dag.py took 0.104 seconds
[2024-10-26T19:56:35.707+0000] {processor.py:186} INFO - Started process (PID=18569) to work on /home/airflow/.local/lib/python3.12/site-packages/airflow/example_dags/example_sla_dag.py
[2024-10-26T19:56:35.708+0000] {processor.py:914} INFO - Processing file /home/airflow/.local/lib/python3.12/site-packages/airflow/example_dags/example_sla_dag.py for tasks to queue
[2024-10-26T19:56:35.710+0000] {logging_mixin.py:190} INFO - [2024-10-26T19:56:35.710+0000] {dagbag.py:588} INFO - Filling up the DagBag from /home/airflow/.local/lib/python3.12/site-packages/airflow/example_dags/example_sla_dag.py
[2024-10-26T19:56:35.723+0000] {processor.py:925} INFO - DAG(s) 'example_sla_dag' retrieved from /home/airflow/.local/lib/python3.12/site-packages/airflow/example_dags/example_sla_dag.py
[2024-10-26T19:56:35.746+0000] {logging_mixin.py:190} INFO - [2024-10-26T19:56:35.745+0000] {dag.py:3239} INFO - Sync 1 DAGs
[2024-10-26T19:56:35.776+0000] {logging_mixin.py:190} INFO - [2024-10-26T19:56:35.776+0000] {dag.py:4180} INFO - Setting next_dagrun for example_sla_dag to 2024-10-26 19:54:00+00:00, run_after=2024-10-26 19:56:00+00:00
[2024-10-26T19:56:35.798+0000] {processor.py:208} INFO - Processing /home/airflow/.local/lib/python3.12/site-packages/airflow/example_dags/example_sla_dag.py took 0.098 seconds
[2024-10-26T19:57:08.437+0000] {processor.py:186} INFO - Started process (PID=18633) to work on /home/airflow/.local/lib/python3.12/site-packages/airflow/example_dags/example_sla_dag.py
[2024-10-26T19:57:08.438+0000] {processor.py:914} INFO - Processing file /home/airflow/.local/lib/python3.12/site-packages/airflow/example_dags/example_sla_dag.py for tasks to queue
[2024-10-26T19:57:08.441+0000] {logging_mixin.py:190} INFO - [2024-10-26T19:57:08.440+0000] {dagbag.py:588} INFO - Filling up the DagBag from /home/airflow/.local/lib/python3.12/site-packages/airflow/example_dags/example_sla_dag.py
[2024-10-26T19:57:08.452+0000] {processor.py:925} INFO - DAG(s) 'example_sla_dag' retrieved from /home/airflow/.local/lib/python3.12/site-packages/airflow/example_dags/example_sla_dag.py
[2024-10-26T19:57:08.471+0000] {logging_mixin.py:190} INFO - [2024-10-26T19:57:08.471+0000] {dag.py:3239} INFO - Sync 1 DAGs
[2024-10-26T19:57:08.495+0000] {logging_mixin.py:190} INFO - [2024-10-26T19:57:08.495+0000] {dag.py:4180} INFO - Setting next_dagrun for example_sla_dag to 2024-10-26 19:54:00+00:00, run_after=2024-10-26 19:56:00+00:00
[2024-10-26T19:57:08.515+0000] {processor.py:208} INFO - Processing /home/airflow/.local/lib/python3.12/site-packages/airflow/example_dags/example_sla_dag.py took 0.083 seconds
[2024-10-26T19:57:41.116+0000] {processor.py:186} INFO - Started process (PID=18697) to work on /home/airflow/.local/lib/python3.12/site-packages/airflow/example_dags/example_sla_dag.py
[2024-10-26T19:57:41.118+0000] {processor.py:914} INFO - Processing file /home/airflow/.local/lib/python3.12/site-packages/airflow/example_dags/example_sla_dag.py for tasks to queue
[2024-10-26T19:57:41.120+0000] {logging_mixin.py:190} INFO - [2024-10-26T19:57:41.120+0000] {dagbag.py:588} INFO - Filling up the DagBag from /home/airflow/.local/lib/python3.12/site-packages/airflow/example_dags/example_sla_dag.py
[2024-10-26T19:57:41.130+0000] {processor.py:925} INFO - DAG(s) 'example_sla_dag' retrieved from /home/airflow/.local/lib/python3.12/site-packages/airflow/example_dags/example_sla_dag.py
[2024-10-26T19:57:41.147+0000] {logging_mixin.py:190} INFO - [2024-10-26T19:57:41.147+0000] {dag.py:3239} INFO - Sync 1 DAGs
[2024-10-26T19:57:41.170+0000] {logging_mixin.py:190} INFO - [2024-10-26T19:57:41.170+0000] {dag.py:4180} INFO - Setting next_dagrun for example_sla_dag to 2024-10-26 19:54:00+00:00, run_after=2024-10-26 19:56:00+00:00
[2024-10-26T19:57:41.191+0000] {processor.py:208} INFO - Processing /home/airflow/.local/lib/python3.12/site-packages/airflow/example_dags/example_sla_dag.py took 0.079 seconds
[2024-10-26T19:58:13.936+0000] {processor.py:186} INFO - Started process (PID=18761) to work on /home/airflow/.local/lib/python3.12/site-packages/airflow/example_dags/example_sla_dag.py
[2024-10-26T19:58:13.938+0000] {processor.py:914} INFO - Processing file /home/airflow/.local/lib/python3.12/site-packages/airflow/example_dags/example_sla_dag.py for tasks to queue
[2024-10-26T19:58:13.942+0000] {logging_mixin.py:190} INFO - [2024-10-26T19:58:13.941+0000] {dagbag.py:588} INFO - Filling up the DagBag from /home/airflow/.local/lib/python3.12/site-packages/airflow/example_dags/example_sla_dag.py
[2024-10-26T19:58:13.954+0000] {processor.py:925} INFO - DAG(s) 'example_sla_dag' retrieved from /home/airflow/.local/lib/python3.12/site-packages/airflow/example_dags/example_sla_dag.py
[2024-10-26T19:58:13.982+0000] {logging_mixin.py:190} INFO - [2024-10-26T19:58:13.981+0000] {dag.py:3239} INFO - Sync 1 DAGs
[2024-10-26T19:58:14.016+0000] {logging_mixin.py:190} INFO - [2024-10-26T19:58:14.016+0000] {dag.py:4180} INFO - Setting next_dagrun for example_sla_dag to 2024-10-26 19:56:00+00:00, run_after=2024-10-26 19:58:00+00:00
[2024-10-26T19:58:14.043+0000] {processor.py:208} INFO - Processing /home/airflow/.local/lib/python3.12/site-packages/airflow/example_dags/example_sla_dag.py took 0.116 seconds
[2024-10-26T19:58:46.776+0000] {processor.py:186} INFO - Started process (PID=18825) to work on /home/airflow/.local/lib/python3.12/site-packages/airflow/example_dags/example_sla_dag.py
[2024-10-26T19:58:46.777+0000] {processor.py:914} INFO - Processing file /home/airflow/.local/lib/python3.12/site-packages/airflow/example_dags/example_sla_dag.py for tasks to queue
[2024-10-26T19:58:46.779+0000] {logging_mixin.py:190} INFO - [2024-10-26T19:58:46.779+0000] {dagbag.py:588} INFO - Filling up the DagBag from /home/airflow/.local/lib/python3.12/site-packages/airflow/example_dags/example_sla_dag.py
[2024-10-26T19:58:46.789+0000] {processor.py:925} INFO - DAG(s) 'example_sla_dag' retrieved from /home/airflow/.local/lib/python3.12/site-packages/airflow/example_dags/example_sla_dag.py
[2024-10-26T19:58:46.808+0000] {logging_mixin.py:190} INFO - [2024-10-26T19:58:46.808+0000] {dag.py:3239} INFO - Sync 1 DAGs
[2024-10-26T19:58:46.832+0000] {logging_mixin.py:190} INFO - [2024-10-26T19:58:46.832+0000] {dag.py:4180} INFO - Setting next_dagrun for example_sla_dag to 2024-10-26 19:56:00+00:00, run_after=2024-10-26 19:58:00+00:00
[2024-10-26T19:58:46.858+0000] {processor.py:208} INFO - Processing /home/airflow/.local/lib/python3.12/site-packages/airflow/example_dags/example_sla_dag.py took 0.089 seconds
[2024-10-26T19:59:19.596+0000] {processor.py:186} INFO - Started process (PID=18889) to work on /home/airflow/.local/lib/python3.12/site-packages/airflow/example_dags/example_sla_dag.py
[2024-10-26T19:59:19.597+0000] {processor.py:914} INFO - Processing file /home/airflow/.local/lib/python3.12/site-packages/airflow/example_dags/example_sla_dag.py for tasks to queue
[2024-10-26T19:59:19.600+0000] {logging_mixin.py:190} INFO - [2024-10-26T19:59:19.600+0000] {dagbag.py:588} INFO - Filling up the DagBag from /home/airflow/.local/lib/python3.12/site-packages/airflow/example_dags/example_sla_dag.py
[2024-10-26T19:59:19.610+0000] {processor.py:925} INFO - DAG(s) 'example_sla_dag' retrieved from /home/airflow/.local/lib/python3.12/site-packages/airflow/example_dags/example_sla_dag.py
[2024-10-26T19:59:19.628+0000] {logging_mixin.py:190} INFO - [2024-10-26T19:59:19.628+0000] {dag.py:3239} INFO - Sync 1 DAGs
[2024-10-26T19:59:19.651+0000] {logging_mixin.py:190} INFO - [2024-10-26T19:59:19.651+0000] {dag.py:4180} INFO - Setting next_dagrun for example_sla_dag to 2024-10-26 19:56:00+00:00, run_after=2024-10-26 19:58:00+00:00
[2024-10-26T19:59:19.672+0000] {processor.py:208} INFO - Processing /home/airflow/.local/lib/python3.12/site-packages/airflow/example_dags/example_sla_dag.py took 0.081 seconds
[2024-10-26T19:59:51.618+0000] {processor.py:186} INFO - Started process (PID=18953) to work on /home/airflow/.local/lib/python3.12/site-packages/airflow/example_dags/example_sla_dag.py
[2024-10-26T19:59:51.619+0000] {processor.py:914} INFO - Processing file /home/airflow/.local/lib/python3.12/site-packages/airflow/example_dags/example_sla_dag.py for tasks to queue
[2024-10-26T19:59:51.621+0000] {logging_mixin.py:190} INFO - [2024-10-26T19:59:51.621+0000] {dagbag.py:588} INFO - Filling up the DagBag from /home/airflow/.local/lib/python3.12/site-packages/airflow/example_dags/example_sla_dag.py
[2024-10-26T19:59:51.632+0000] {processor.py:925} INFO - DAG(s) 'example_sla_dag' retrieved from /home/airflow/.local/lib/python3.12/site-packages/airflow/example_dags/example_sla_dag.py
[2024-10-26T19:59:51.656+0000] {logging_mixin.py:190} INFO - [2024-10-26T19:59:51.656+0000] {dag.py:3239} INFO - Sync 1 DAGs
[2024-10-26T19:59:51.691+0000] {logging_mixin.py:190} INFO - [2024-10-26T19:59:51.691+0000] {dag.py:4180} INFO - Setting next_dagrun for example_sla_dag to 2024-10-26 19:56:00+00:00, run_after=2024-10-26 19:58:00+00:00
[2024-10-26T19:59:51.717+0000] {processor.py:208} INFO - Processing /home/airflow/.local/lib/python3.12/site-packages/airflow/example_dags/example_sla_dag.py took 0.106 seconds
[2024-10-26T20:00:24.897+0000] {processor.py:186} INFO - Started process (PID=19017) to work on /home/airflow/.local/lib/python3.12/site-packages/airflow/example_dags/example_sla_dag.py
[2024-10-26T20:00:24.899+0000] {processor.py:914} INFO - Processing file /home/airflow/.local/lib/python3.12/site-packages/airflow/example_dags/example_sla_dag.py for tasks to queue
[2024-10-26T20:00:24.901+0000] {logging_mixin.py:190} INFO - [2024-10-26T20:00:24.901+0000] {dagbag.py:588} INFO - Filling up the DagBag from /home/airflow/.local/lib/python3.12/site-packages/airflow/example_dags/example_sla_dag.py
[2024-10-26T20:00:24.915+0000] {processor.py:925} INFO - DAG(s) 'example_sla_dag' retrieved from /home/airflow/.local/lib/python3.12/site-packages/airflow/example_dags/example_sla_dag.py
[2024-10-26T20:00:24.937+0000] {logging_mixin.py:190} INFO - [2024-10-26T20:00:24.937+0000] {dag.py:3239} INFO - Sync 1 DAGs
[2024-10-26T20:00:24.962+0000] {logging_mixin.py:190} INFO - [2024-10-26T20:00:24.962+0000] {dag.py:4180} INFO - Setting next_dagrun for example_sla_dag to 2024-10-26 19:58:00+00:00, run_after=2024-10-26 20:00:00+00:00
[2024-10-26T20:00:24.985+0000] {processor.py:208} INFO - Processing /home/airflow/.local/lib/python3.12/site-packages/airflow/example_dags/example_sla_dag.py took 0.096 seconds
[2024-10-26T20:00:57.438+0000] {processor.py:186} INFO - Started process (PID=19081) to work on /home/airflow/.local/lib/python3.12/site-packages/airflow/example_dags/example_sla_dag.py
[2024-10-26T20:00:57.440+0000] {processor.py:914} INFO - Processing file /home/airflow/.local/lib/python3.12/site-packages/airflow/example_dags/example_sla_dag.py for tasks to queue
[2024-10-26T20:00:57.443+0000] {logging_mixin.py:190} INFO - [2024-10-26T20:00:57.442+0000] {dagbag.py:588} INFO - Filling up the DagBag from /home/airflow/.local/lib/python3.12/site-packages/airflow/example_dags/example_sla_dag.py
[2024-10-26T20:00:57.458+0000] {processor.py:925} INFO - DAG(s) 'example_sla_dag' retrieved from /home/airflow/.local/lib/python3.12/site-packages/airflow/example_dags/example_sla_dag.py
[2024-10-26T20:00:57.478+0000] {logging_mixin.py:190} INFO - [2024-10-26T20:00:57.477+0000] {dag.py:3239} INFO - Sync 1 DAGs
[2024-10-26T20:00:57.505+0000] {logging_mixin.py:190} INFO - [2024-10-26T20:00:57.505+0000] {dag.py:4180} INFO - Setting next_dagrun for example_sla_dag to 2024-10-26 19:58:00+00:00, run_after=2024-10-26 20:00:00+00:00
[2024-10-26T20:00:57.530+0000] {processor.py:208} INFO - Processing /home/airflow/.local/lib/python3.12/site-packages/airflow/example_dags/example_sla_dag.py took 0.101 seconds
[2024-10-26T20:01:30.469+0000] {processor.py:186} INFO - Started process (PID=19145) to work on /home/airflow/.local/lib/python3.12/site-packages/airflow/example_dags/example_sla_dag.py
[2024-10-26T20:01:30.470+0000] {processor.py:914} INFO - Processing file /home/airflow/.local/lib/python3.12/site-packages/airflow/example_dags/example_sla_dag.py for tasks to queue
[2024-10-26T20:01:30.472+0000] {logging_mixin.py:190} INFO - [2024-10-26T20:01:30.472+0000] {dagbag.py:588} INFO - Filling up the DagBag from /home/airflow/.local/lib/python3.12/site-packages/airflow/example_dags/example_sla_dag.py
[2024-10-26T20:01:30.483+0000] {processor.py:925} INFO - DAG(s) 'example_sla_dag' retrieved from /home/airflow/.local/lib/python3.12/site-packages/airflow/example_dags/example_sla_dag.py
[2024-10-26T20:01:30.501+0000] {logging_mixin.py:190} INFO - [2024-10-26T20:01:30.501+0000] {dag.py:3239} INFO - Sync 1 DAGs
[2024-10-26T20:01:30.525+0000] {logging_mixin.py:190} INFO - [2024-10-26T20:01:30.525+0000] {dag.py:4180} INFO - Setting next_dagrun for example_sla_dag to 2024-10-26 19:58:00+00:00, run_after=2024-10-26 20:00:00+00:00
[2024-10-26T20:01:30.546+0000] {processor.py:208} INFO - Processing /home/airflow/.local/lib/python3.12/site-packages/airflow/example_dags/example_sla_dag.py took 0.085 seconds
[2024-10-26T20:02:02.648+0000] {processor.py:186} INFO - Started process (PID=19209) to work on /home/airflow/.local/lib/python3.12/site-packages/airflow/example_dags/example_sla_dag.py
[2024-10-26T20:02:02.649+0000] {processor.py:914} INFO - Processing file /home/airflow/.local/lib/python3.12/site-packages/airflow/example_dags/example_sla_dag.py for tasks to queue
[2024-10-26T20:02:02.651+0000] {logging_mixin.py:190} INFO - [2024-10-26T20:02:02.651+0000] {dagbag.py:588} INFO - Filling up the DagBag from /home/airflow/.local/lib/python3.12/site-packages/airflow/example_dags/example_sla_dag.py
[2024-10-26T20:02:02.662+0000] {processor.py:925} INFO - DAG(s) 'example_sla_dag' retrieved from /home/airflow/.local/lib/python3.12/site-packages/airflow/example_dags/example_sla_dag.py
[2024-10-26T20:02:02.680+0000] {logging_mixin.py:190} INFO - [2024-10-26T20:02:02.680+0000] {dag.py:3239} INFO - Sync 1 DAGs
[2024-10-26T20:02:02.707+0000] {logging_mixin.py:190} INFO - [2024-10-26T20:02:02.706+0000] {dag.py:4180} INFO - Setting next_dagrun for example_sla_dag to 2024-10-26 20:00:00+00:00, run_after=2024-10-26 20:02:00+00:00
[2024-10-26T20:02:02.730+0000] {processor.py:208} INFO - Processing /home/airflow/.local/lib/python3.12/site-packages/airflow/example_dags/example_sla_dag.py took 0.087 seconds
[2024-10-26T20:02:35.840+0000] {processor.py:186} INFO - Started process (PID=19273) to work on /home/airflow/.local/lib/python3.12/site-packages/airflow/example_dags/example_sla_dag.py
[2024-10-26T20:02:35.841+0000] {processor.py:914} INFO - Processing file /home/airflow/.local/lib/python3.12/site-packages/airflow/example_dags/example_sla_dag.py for tasks to queue
[2024-10-26T20:02:35.843+0000] {logging_mixin.py:190} INFO - [2024-10-26T20:02:35.842+0000] {dagbag.py:588} INFO - Filling up the DagBag from /home/airflow/.local/lib/python3.12/site-packages/airflow/example_dags/example_sla_dag.py
[2024-10-26T20:02:35.852+0000] {processor.py:925} INFO - DAG(s) 'example_sla_dag' retrieved from /home/airflow/.local/lib/python3.12/site-packages/airflow/example_dags/example_sla_dag.py
[2024-10-26T20:02:35.870+0000] {logging_mixin.py:190} INFO - [2024-10-26T20:02:35.869+0000] {dag.py:3239} INFO - Sync 1 DAGs
[2024-10-26T20:02:35.894+0000] {logging_mixin.py:190} INFO - [2024-10-26T20:02:35.893+0000] {dag.py:4180} INFO - Setting next_dagrun for example_sla_dag to 2024-10-26 20:00:00+00:00, run_after=2024-10-26 20:02:00+00:00
[2024-10-26T20:02:35.917+0000] {processor.py:208} INFO - Processing /home/airflow/.local/lib/python3.12/site-packages/airflow/example_dags/example_sla_dag.py took 0.082 seconds
[2024-10-26T20:03:08.084+0000] {processor.py:186} INFO - Started process (PID=19337) to work on /home/airflow/.local/lib/python3.12/site-packages/airflow/example_dags/example_sla_dag.py
[2024-10-26T20:03:08.085+0000] {processor.py:914} INFO - Processing file /home/airflow/.local/lib/python3.12/site-packages/airflow/example_dags/example_sla_dag.py for tasks to queue
[2024-10-26T20:03:08.088+0000] {logging_mixin.py:190} INFO - [2024-10-26T20:03:08.087+0000] {dagbag.py:588} INFO - Filling up the DagBag from /home/airflow/.local/lib/python3.12/site-packages/airflow/example_dags/example_sla_dag.py
[2024-10-26T20:03:08.101+0000] {processor.py:925} INFO - DAG(s) 'example_sla_dag' retrieved from /home/airflow/.local/lib/python3.12/site-packages/airflow/example_dags/example_sla_dag.py
[2024-10-26T20:03:08.120+0000] {logging_mixin.py:190} INFO - [2024-10-26T20:03:08.120+0000] {dag.py:3239} INFO - Sync 1 DAGs
[2024-10-26T20:03:08.146+0000] {logging_mixin.py:190} INFO - [2024-10-26T20:03:08.146+0000] {dag.py:4180} INFO - Setting next_dagrun for example_sla_dag to 2024-10-26 20:00:00+00:00, run_after=2024-10-26 20:02:00+00:00
[2024-10-26T20:03:08.171+0000] {processor.py:208} INFO - Processing /home/airflow/.local/lib/python3.12/site-packages/airflow/example_dags/example_sla_dag.py took 0.093 seconds
[2024-10-26T20:03:41.453+0000] {processor.py:186} INFO - Started process (PID=19401) to work on /home/airflow/.local/lib/python3.12/site-packages/airflow/example_dags/example_sla_dag.py
[2024-10-26T20:03:41.455+0000] {processor.py:914} INFO - Processing file /home/airflow/.local/lib/python3.12/site-packages/airflow/example_dags/example_sla_dag.py for tasks to queue
[2024-10-26T20:03:41.457+0000] {logging_mixin.py:190} INFO - [2024-10-26T20:03:41.456+0000] {dagbag.py:588} INFO - Filling up the DagBag from /home/airflow/.local/lib/python3.12/site-packages/airflow/example_dags/example_sla_dag.py
[2024-10-26T20:03:41.466+0000] {processor.py:925} INFO - DAG(s) 'example_sla_dag' retrieved from /home/airflow/.local/lib/python3.12/site-packages/airflow/example_dags/example_sla_dag.py
[2024-10-26T20:03:41.487+0000] {logging_mixin.py:190} INFO - [2024-10-26T20:03:41.487+0000] {dag.py:3239} INFO - Sync 1 DAGs
[2024-10-26T20:03:41.515+0000] {logging_mixin.py:190} INFO - [2024-10-26T20:03:41.514+0000] {dag.py:4180} INFO - Setting next_dagrun for example_sla_dag to 2024-10-26 20:00:00+00:00, run_after=2024-10-26 20:02:00+00:00
[2024-10-26T20:03:41.536+0000] {processor.py:208} INFO - Processing /home/airflow/.local/lib/python3.12/site-packages/airflow/example_dags/example_sla_dag.py took 0.090 seconds
[2024-10-26T20:04:13.618+0000] {processor.py:186} INFO - Started process (PID=19465) to work on /home/airflow/.local/lib/python3.12/site-packages/airflow/example_dags/example_sla_dag.py
[2024-10-26T20:04:13.619+0000] {processor.py:914} INFO - Processing file /home/airflow/.local/lib/python3.12/site-packages/airflow/example_dags/example_sla_dag.py for tasks to queue
[2024-10-26T20:04:13.623+0000] {logging_mixin.py:190} INFO - [2024-10-26T20:04:13.622+0000] {dagbag.py:588} INFO - Filling up the DagBag from /home/airflow/.local/lib/python3.12/site-packages/airflow/example_dags/example_sla_dag.py
[2024-10-26T20:04:13.632+0000] {processor.py:925} INFO - DAG(s) 'example_sla_dag' retrieved from /home/airflow/.local/lib/python3.12/site-packages/airflow/example_dags/example_sla_dag.py
[2024-10-26T20:04:13.653+0000] {logging_mixin.py:190} INFO - [2024-10-26T20:04:13.653+0000] {dag.py:3239} INFO - Sync 1 DAGs
[2024-10-26T20:04:13.676+0000] {logging_mixin.py:190} INFO - [2024-10-26T20:04:13.676+0000] {dag.py:4180} INFO - Setting next_dagrun for example_sla_dag to 2024-10-26 20:02:00+00:00, run_after=2024-10-26 20:04:00+00:00
[2024-10-26T20:04:13.700+0000] {processor.py:208} INFO - Processing /home/airflow/.local/lib/python3.12/site-packages/airflow/example_dags/example_sla_dag.py took 0.088 seconds
[2024-10-26T20:04:46.577+0000] {processor.py:186} INFO - Started process (PID=19529) to work on /home/airflow/.local/lib/python3.12/site-packages/airflow/example_dags/example_sla_dag.py
[2024-10-26T20:04:46.579+0000] {processor.py:914} INFO - Processing file /home/airflow/.local/lib/python3.12/site-packages/airflow/example_dags/example_sla_dag.py for tasks to queue
[2024-10-26T20:04:46.581+0000] {logging_mixin.py:190} INFO - [2024-10-26T20:04:46.581+0000] {dagbag.py:588} INFO - Filling up the DagBag from /home/airflow/.local/lib/python3.12/site-packages/airflow/example_dags/example_sla_dag.py
[2024-10-26T20:04:46.591+0000] {processor.py:925} INFO - DAG(s) 'example_sla_dag' retrieved from /home/airflow/.local/lib/python3.12/site-packages/airflow/example_dags/example_sla_dag.py
[2024-10-26T20:04:46.613+0000] {logging_mixin.py:190} INFO - [2024-10-26T20:04:46.613+0000] {dag.py:3239} INFO - Sync 1 DAGs
[2024-10-26T20:04:46.641+0000] {logging_mixin.py:190} INFO - [2024-10-26T20:04:46.641+0000] {dag.py:4180} INFO - Setting next_dagrun for example_sla_dag to 2024-10-26 20:02:00+00:00, run_after=2024-10-26 20:04:00+00:00
[2024-10-26T20:04:46.665+0000] {processor.py:208} INFO - Processing /home/airflow/.local/lib/python3.12/site-packages/airflow/example_dags/example_sla_dag.py took 0.094 seconds
[2024-10-26T20:05:19.454+0000] {processor.py:186} INFO - Started process (PID=19593) to work on /home/airflow/.local/lib/python3.12/site-packages/airflow/example_dags/example_sla_dag.py
[2024-10-26T20:05:19.455+0000] {processor.py:914} INFO - Processing file /home/airflow/.local/lib/python3.12/site-packages/airflow/example_dags/example_sla_dag.py for tasks to queue
[2024-10-26T20:05:19.458+0000] {logging_mixin.py:190} INFO - [2024-10-26T20:05:19.457+0000] {dagbag.py:588} INFO - Filling up the DagBag from /home/airflow/.local/lib/python3.12/site-packages/airflow/example_dags/example_sla_dag.py
[2024-10-26T20:05:19.470+0000] {processor.py:925} INFO - DAG(s) 'example_sla_dag' retrieved from /home/airflow/.local/lib/python3.12/site-packages/airflow/example_dags/example_sla_dag.py
[2024-10-26T20:05:19.488+0000] {logging_mixin.py:190} INFO - [2024-10-26T20:05:19.487+0000] {dag.py:3239} INFO - Sync 1 DAGs
[2024-10-26T20:05:19.513+0000] {logging_mixin.py:190} INFO - [2024-10-26T20:05:19.513+0000] {dag.py:4180} INFO - Setting next_dagrun for example_sla_dag to 2024-10-26 20:02:00+00:00, run_after=2024-10-26 20:04:00+00:00
[2024-10-26T20:05:19.538+0000] {processor.py:208} INFO - Processing /home/airflow/.local/lib/python3.12/site-packages/airflow/example_dags/example_sla_dag.py took 0.089 seconds
[2024-10-26T20:05:51.699+0000] {processor.py:186} INFO - Started process (PID=19657) to work on /home/airflow/.local/lib/python3.12/site-packages/airflow/example_dags/example_sla_dag.py
[2024-10-26T20:05:51.700+0000] {processor.py:914} INFO - Processing file /home/airflow/.local/lib/python3.12/site-packages/airflow/example_dags/example_sla_dag.py for tasks to queue
[2024-10-26T20:05:51.702+0000] {logging_mixin.py:190} INFO - [2024-10-26T20:05:51.702+0000] {dagbag.py:588} INFO - Filling up the DagBag from /home/airflow/.local/lib/python3.12/site-packages/airflow/example_dags/example_sla_dag.py
[2024-10-26T20:05:51.712+0000] {processor.py:925} INFO - DAG(s) 'example_sla_dag' retrieved from /home/airflow/.local/lib/python3.12/site-packages/airflow/example_dags/example_sla_dag.py
[2024-10-26T20:05:51.734+0000] {logging_mixin.py:190} INFO - [2024-10-26T20:05:51.734+0000] {dag.py:3239} INFO - Sync 1 DAGs
[2024-10-26T20:05:51.761+0000] {logging_mixin.py:190} INFO - [2024-10-26T20:05:51.761+0000] {dag.py:4180} INFO - Setting next_dagrun for example_sla_dag to 2024-10-26 20:02:00+00:00, run_after=2024-10-26 20:04:00+00:00
[2024-10-26T20:05:51.781+0000] {processor.py:208} INFO - Processing /home/airflow/.local/lib/python3.12/site-packages/airflow/example_dags/example_sla_dag.py took 0.089 seconds
[2024-10-26T20:06:24.784+0000] {processor.py:186} INFO - Started process (PID=19721) to work on /home/airflow/.local/lib/python3.12/site-packages/airflow/example_dags/example_sla_dag.py
[2024-10-26T20:06:24.785+0000] {processor.py:914} INFO - Processing file /home/airflow/.local/lib/python3.12/site-packages/airflow/example_dags/example_sla_dag.py for tasks to queue
[2024-10-26T20:06:24.788+0000] {logging_mixin.py:190} INFO - [2024-10-26T20:06:24.787+0000] {dagbag.py:588} INFO - Filling up the DagBag from /home/airflow/.local/lib/python3.12/site-packages/airflow/example_dags/example_sla_dag.py
[2024-10-26T20:06:24.797+0000] {processor.py:925} INFO - DAG(s) 'example_sla_dag' retrieved from /home/airflow/.local/lib/python3.12/site-packages/airflow/example_dags/example_sla_dag.py
[2024-10-26T20:06:24.818+0000] {logging_mixin.py:190} INFO - [2024-10-26T20:06:24.818+0000] {dag.py:3239} INFO - Sync 1 DAGs
[2024-10-26T20:06:24.844+0000] {logging_mixin.py:190} INFO - [2024-10-26T20:06:24.844+0000] {dag.py:4180} INFO - Setting next_dagrun for example_sla_dag to 2024-10-26 20:04:00+00:00, run_after=2024-10-26 20:06:00+00:00
[2024-10-26T20:06:24.865+0000] {processor.py:208} INFO - Processing /home/airflow/.local/lib/python3.12/site-packages/airflow/example_dags/example_sla_dag.py took 0.090 seconds
[2024-10-26T20:06:57.036+0000] {processor.py:186} INFO - Started process (PID=19785) to work on /home/airflow/.local/lib/python3.12/site-packages/airflow/example_dags/example_sla_dag.py
[2024-10-26T20:06:57.037+0000] {processor.py:914} INFO - Processing file /home/airflow/.local/lib/python3.12/site-packages/airflow/example_dags/example_sla_dag.py for tasks to queue
[2024-10-26T20:06:57.040+0000] {logging_mixin.py:190} INFO - [2024-10-26T20:06:57.039+0000] {dagbag.py:588} INFO - Filling up the DagBag from /home/airflow/.local/lib/python3.12/site-packages/airflow/example_dags/example_sla_dag.py
[2024-10-26T20:06:57.052+0000] {processor.py:925} INFO - DAG(s) 'example_sla_dag' retrieved from /home/airflow/.local/lib/python3.12/site-packages/airflow/example_dags/example_sla_dag.py
[2024-10-26T20:06:57.069+0000] {logging_mixin.py:190} INFO - [2024-10-26T20:06:57.069+0000] {dag.py:3239} INFO - Sync 1 DAGs
[2024-10-26T20:06:57.093+0000] {logging_mixin.py:190} INFO - [2024-10-26T20:06:57.093+0000] {dag.py:4180} INFO - Setting next_dagrun for example_sla_dag to 2024-10-26 20:04:00+00:00, run_after=2024-10-26 20:06:00+00:00
[2024-10-26T20:06:57.112+0000] {processor.py:208} INFO - Processing /home/airflow/.local/lib/python3.12/site-packages/airflow/example_dags/example_sla_dag.py took 0.082 seconds
[2024-10-26T20:07:29.955+0000] {processor.py:186} INFO - Started process (PID=19849) to work on /home/airflow/.local/lib/python3.12/site-packages/airflow/example_dags/example_sla_dag.py
[2024-10-26T20:07:29.957+0000] {processor.py:914} INFO - Processing file /home/airflow/.local/lib/python3.12/site-packages/airflow/example_dags/example_sla_dag.py for tasks to queue
[2024-10-26T20:07:29.960+0000] {logging_mixin.py:190} INFO - [2024-10-26T20:07:29.960+0000] {dagbag.py:588} INFO - Filling up the DagBag from /home/airflow/.local/lib/python3.12/site-packages/airflow/example_dags/example_sla_dag.py
[2024-10-26T20:07:29.970+0000] {processor.py:925} INFO - DAG(s) 'example_sla_dag' retrieved from /home/airflow/.local/lib/python3.12/site-packages/airflow/example_dags/example_sla_dag.py
[2024-10-26T20:07:29.992+0000] {logging_mixin.py:190} INFO - [2024-10-26T20:07:29.991+0000] {dag.py:3239} INFO - Sync 1 DAGs
[2024-10-26T20:07:30.024+0000] {logging_mixin.py:190} INFO - [2024-10-26T20:07:30.024+0000] {dag.py:4180} INFO - Setting next_dagrun for example_sla_dag to 2024-10-26 20:04:00+00:00, run_after=2024-10-26 20:06:00+00:00
[2024-10-26T20:07:30.050+0000] {processor.py:208} INFO - Processing /home/airflow/.local/lib/python3.12/site-packages/airflow/example_dags/example_sla_dag.py took 0.101 seconds
[2024-10-26T20:08:03.111+0000] {processor.py:186} INFO - Started process (PID=19913) to work on /home/airflow/.local/lib/python3.12/site-packages/airflow/example_dags/example_sla_dag.py
[2024-10-26T20:08:03.112+0000] {processor.py:914} INFO - Processing file /home/airflow/.local/lib/python3.12/site-packages/airflow/example_dags/example_sla_dag.py for tasks to queue
[2024-10-26T20:08:03.115+0000] {logging_mixin.py:190} INFO - [2024-10-26T20:08:03.115+0000] {dagbag.py:588} INFO - Filling up the DagBag from /home/airflow/.local/lib/python3.12/site-packages/airflow/example_dags/example_sla_dag.py
[2024-10-26T20:08:03.127+0000] {processor.py:925} INFO - DAG(s) 'example_sla_dag' retrieved from /home/airflow/.local/lib/python3.12/site-packages/airflow/example_dags/example_sla_dag.py
[2024-10-26T20:08:03.145+0000] {logging_mixin.py:190} INFO - [2024-10-26T20:08:03.144+0000] {dag.py:3239} INFO - Sync 1 DAGs
[2024-10-26T20:08:03.169+0000] {logging_mixin.py:190} INFO - [2024-10-26T20:08:03.169+0000] {dag.py:4180} INFO - Setting next_dagrun for example_sla_dag to 2024-10-26 20:06:00+00:00, run_after=2024-10-26 20:08:00+00:00
[2024-10-26T20:08:03.191+0000] {processor.py:208} INFO - Processing /home/airflow/.local/lib/python3.12/site-packages/airflow/example_dags/example_sla_dag.py took 0.085 seconds
[2024-10-26T20:08:35.323+0000] {processor.py:186} INFO - Started process (PID=19977) to work on /home/airflow/.local/lib/python3.12/site-packages/airflow/example_dags/example_sla_dag.py
[2024-10-26T20:08:35.324+0000] {processor.py:914} INFO - Processing file /home/airflow/.local/lib/python3.12/site-packages/airflow/example_dags/example_sla_dag.py for tasks to queue
[2024-10-26T20:08:35.327+0000] {logging_mixin.py:190} INFO - [2024-10-26T20:08:35.326+0000] {dagbag.py:588} INFO - Filling up the DagBag from /home/airflow/.local/lib/python3.12/site-packages/airflow/example_dags/example_sla_dag.py
[2024-10-26T20:08:35.339+0000] {processor.py:925} INFO - DAG(s) 'example_sla_dag' retrieved from /home/airflow/.local/lib/python3.12/site-packages/airflow/example_dags/example_sla_dag.py
[2024-10-26T20:08:35.355+0000] {logging_mixin.py:190} INFO - [2024-10-26T20:08:35.355+0000] {dag.py:3239} INFO - Sync 1 DAGs
[2024-10-26T20:08:35.382+0000] {logging_mixin.py:190} INFO - [2024-10-26T20:08:35.382+0000] {dag.py:4180} INFO - Setting next_dagrun for example_sla_dag to 2024-10-26 20:06:00+00:00, run_after=2024-10-26 20:08:00+00:00
[2024-10-26T20:08:35.403+0000] {processor.py:208} INFO - Processing /home/airflow/.local/lib/python3.12/site-packages/airflow/example_dags/example_sla_dag.py took 0.085 seconds
[2024-10-26T20:09:08.148+0000] {processor.py:186} INFO - Started process (PID=20041) to work on /home/airflow/.local/lib/python3.12/site-packages/airflow/example_dags/example_sla_dag.py
[2024-10-26T20:09:08.149+0000] {processor.py:914} INFO - Processing file /home/airflow/.local/lib/python3.12/site-packages/airflow/example_dags/example_sla_dag.py for tasks to queue
[2024-10-26T20:09:08.152+0000] {logging_mixin.py:190} INFO - [2024-10-26T20:09:08.152+0000] {dagbag.py:588} INFO - Filling up the DagBag from /home/airflow/.local/lib/python3.12/site-packages/airflow/example_dags/example_sla_dag.py
[2024-10-26T20:09:08.163+0000] {processor.py:925} INFO - DAG(s) 'example_sla_dag' retrieved from /home/airflow/.local/lib/python3.12/site-packages/airflow/example_dags/example_sla_dag.py
[2024-10-26T20:09:08.183+0000] {logging_mixin.py:190} INFO - [2024-10-26T20:09:08.183+0000] {dag.py:3239} INFO - Sync 1 DAGs
[2024-10-26T20:09:08.207+0000] {logging_mixin.py:190} INFO - [2024-10-26T20:09:08.207+0000] {dag.py:4180} INFO - Setting next_dagrun for example_sla_dag to 2024-10-26 20:06:00+00:00, run_after=2024-10-26 20:08:00+00:00
[2024-10-26T20:09:08.229+0000] {processor.py:208} INFO - Processing /home/airflow/.local/lib/python3.12/site-packages/airflow/example_dags/example_sla_dag.py took 0.086 seconds
[2024-10-26T20:09:41.228+0000] {processor.py:186} INFO - Started process (PID=20105) to work on /home/airflow/.local/lib/python3.12/site-packages/airflow/example_dags/example_sla_dag.py
[2024-10-26T20:09:41.229+0000] {processor.py:914} INFO - Processing file /home/airflow/.local/lib/python3.12/site-packages/airflow/example_dags/example_sla_dag.py for tasks to queue
[2024-10-26T20:09:41.232+0000] {logging_mixin.py:190} INFO - [2024-10-26T20:09:41.231+0000] {dagbag.py:588} INFO - Filling up the DagBag from /home/airflow/.local/lib/python3.12/site-packages/airflow/example_dags/example_sla_dag.py
[2024-10-26T20:09:41.243+0000] {processor.py:925} INFO - DAG(s) 'example_sla_dag' retrieved from /home/airflow/.local/lib/python3.12/site-packages/airflow/example_dags/example_sla_dag.py
[2024-10-26T20:09:41.263+0000] {logging_mixin.py:190} INFO - [2024-10-26T20:09:41.263+0000] {dag.py:3239} INFO - Sync 1 DAGs
[2024-10-26T20:09:41.295+0000] {logging_mixin.py:190} INFO - [2024-10-26T20:09:41.294+0000] {dag.py:4180} INFO - Setting next_dagrun for example_sla_dag to 2024-10-26 20:06:00+00:00, run_after=2024-10-26 20:08:00+00:00
[2024-10-26T20:09:41.315+0000] {processor.py:208} INFO - Processing /home/airflow/.local/lib/python3.12/site-packages/airflow/example_dags/example_sla_dag.py took 0.095 seconds
[2024-10-26T20:10:13.857+0000] {processor.py:186} INFO - Started process (PID=20169) to work on /home/airflow/.local/lib/python3.12/site-packages/airflow/example_dags/example_sla_dag.py
[2024-10-26T20:10:13.858+0000] {processor.py:914} INFO - Processing file /home/airflow/.local/lib/python3.12/site-packages/airflow/example_dags/example_sla_dag.py for tasks to queue
[2024-10-26T20:10:13.861+0000] {logging_mixin.py:190} INFO - [2024-10-26T20:10:13.861+0000] {dagbag.py:588} INFO - Filling up the DagBag from /home/airflow/.local/lib/python3.12/site-packages/airflow/example_dags/example_sla_dag.py
[2024-10-26T20:10:13.872+0000] {processor.py:925} INFO - DAG(s) 'example_sla_dag' retrieved from /home/airflow/.local/lib/python3.12/site-packages/airflow/example_dags/example_sla_dag.py
[2024-10-26T20:10:13.891+0000] {logging_mixin.py:190} INFO - [2024-10-26T20:10:13.891+0000] {dag.py:3239} INFO - Sync 1 DAGs
[2024-10-26T20:10:13.916+0000] {logging_mixin.py:190} INFO - [2024-10-26T20:10:13.916+0000] {dag.py:4180} INFO - Setting next_dagrun for example_sla_dag to 2024-10-26 20:08:00+00:00, run_after=2024-10-26 20:10:00+00:00
[2024-10-26T20:10:13.937+0000] {processor.py:208} INFO - Processing /home/airflow/.local/lib/python3.12/site-packages/airflow/example_dags/example_sla_dag.py took 0.089 seconds
[2024-10-26T20:10:46.116+0000] {processor.py:186} INFO - Started process (PID=20233) to work on /home/airflow/.local/lib/python3.12/site-packages/airflow/example_dags/example_sla_dag.py
[2024-10-26T20:10:46.117+0000] {processor.py:914} INFO - Processing file /home/airflow/.local/lib/python3.12/site-packages/airflow/example_dags/example_sla_dag.py for tasks to queue
[2024-10-26T20:10:46.120+0000] {logging_mixin.py:190} INFO - [2024-10-26T20:10:46.119+0000] {dagbag.py:588} INFO - Filling up the DagBag from /home/airflow/.local/lib/python3.12/site-packages/airflow/example_dags/example_sla_dag.py
[2024-10-26T20:10:46.132+0000] {processor.py:925} INFO - DAG(s) 'example_sla_dag' retrieved from /home/airflow/.local/lib/python3.12/site-packages/airflow/example_dags/example_sla_dag.py
[2024-10-26T20:10:46.152+0000] {logging_mixin.py:190} INFO - [2024-10-26T20:10:46.152+0000] {dag.py:3239} INFO - Sync 1 DAGs
[2024-10-26T20:10:46.181+0000] {logging_mixin.py:190} INFO - [2024-10-26T20:10:46.181+0000] {dag.py:4180} INFO - Setting next_dagrun for example_sla_dag to 2024-10-26 20:08:00+00:00, run_after=2024-10-26 20:10:00+00:00
[2024-10-26T20:10:46.202+0000] {processor.py:208} INFO - Processing /home/airflow/.local/lib/python3.12/site-packages/airflow/example_dags/example_sla_dag.py took 0.091 seconds
[2024-10-26T20:11:19.644+0000] {processor.py:186} INFO - Started process (PID=20297) to work on /home/airflow/.local/lib/python3.12/site-packages/airflow/example_dags/example_sla_dag.py
[2024-10-26T20:11:19.645+0000] {processor.py:914} INFO - Processing file /home/airflow/.local/lib/python3.12/site-packages/airflow/example_dags/example_sla_dag.py for tasks to queue
[2024-10-26T20:11:19.648+0000] {logging_mixin.py:190} INFO - [2024-10-26T20:11:19.648+0000] {dagbag.py:588} INFO - Filling up the DagBag from /home/airflow/.local/lib/python3.12/site-packages/airflow/example_dags/example_sla_dag.py
[2024-10-26T20:11:19.657+0000] {processor.py:925} INFO - DAG(s) 'example_sla_dag' retrieved from /home/airflow/.local/lib/python3.12/site-packages/airflow/example_dags/example_sla_dag.py
[2024-10-26T20:11:19.677+0000] {logging_mixin.py:190} INFO - [2024-10-26T20:11:19.677+0000] {dag.py:3239} INFO - Sync 1 DAGs
[2024-10-26T20:11:19.700+0000] {logging_mixin.py:190} INFO - [2024-10-26T20:11:19.700+0000] {dag.py:4180} INFO - Setting next_dagrun for example_sla_dag to 2024-10-26 20:08:00+00:00, run_after=2024-10-26 20:10:00+00:00
[2024-10-26T20:11:19.720+0000] {processor.py:208} INFO - Processing /home/airflow/.local/lib/python3.12/site-packages/airflow/example_dags/example_sla_dag.py took 0.081 seconds
[2024-10-26T20:11:52.118+0000] {processor.py:186} INFO - Started process (PID=20361) to work on /home/airflow/.local/lib/python3.12/site-packages/airflow/example_dags/example_sla_dag.py
[2024-10-26T20:11:52.119+0000] {processor.py:914} INFO - Processing file /home/airflow/.local/lib/python3.12/site-packages/airflow/example_dags/example_sla_dag.py for tasks to queue
[2024-10-26T20:11:52.121+0000] {logging_mixin.py:190} INFO - [2024-10-26T20:11:52.121+0000] {dagbag.py:588} INFO - Filling up the DagBag from /home/airflow/.local/lib/python3.12/site-packages/airflow/example_dags/example_sla_dag.py
[2024-10-26T20:11:52.130+0000] {processor.py:925} INFO - DAG(s) 'example_sla_dag' retrieved from /home/airflow/.local/lib/python3.12/site-packages/airflow/example_dags/example_sla_dag.py
[2024-10-26T20:11:52.148+0000] {logging_mixin.py:190} INFO - [2024-10-26T20:11:52.147+0000] {dag.py:3239} INFO - Sync 1 DAGs
[2024-10-26T20:11:52.170+0000] {logging_mixin.py:190} INFO - [2024-10-26T20:11:52.170+0000] {dag.py:4180} INFO - Setting next_dagrun for example_sla_dag to 2024-10-26 20:08:00+00:00, run_after=2024-10-26 20:10:00+00:00
[2024-10-26T20:11:52.189+0000] {processor.py:208} INFO - Processing /home/airflow/.local/lib/python3.12/site-packages/airflow/example_dags/example_sla_dag.py took 0.076 seconds
[2024-10-26T20:12:24.452+0000] {processor.py:186} INFO - Started process (PID=20425) to work on /home/airflow/.local/lib/python3.12/site-packages/airflow/example_dags/example_sla_dag.py
[2024-10-26T20:12:24.453+0000] {processor.py:914} INFO - Processing file /home/airflow/.local/lib/python3.12/site-packages/airflow/example_dags/example_sla_dag.py for tasks to queue
[2024-10-26T20:12:24.455+0000] {logging_mixin.py:190} INFO - [2024-10-26T20:12:24.455+0000] {dagbag.py:588} INFO - Filling up the DagBag from /home/airflow/.local/lib/python3.12/site-packages/airflow/example_dags/example_sla_dag.py
[2024-10-26T20:12:24.465+0000] {processor.py:925} INFO - DAG(s) 'example_sla_dag' retrieved from /home/airflow/.local/lib/python3.12/site-packages/airflow/example_dags/example_sla_dag.py
[2024-10-26T20:12:24.484+0000] {logging_mixin.py:190} INFO - [2024-10-26T20:12:24.484+0000] {dag.py:3239} INFO - Sync 1 DAGs
[2024-10-26T20:12:24.510+0000] {logging_mixin.py:190} INFO - [2024-10-26T20:12:24.510+0000] {dag.py:4180} INFO - Setting next_dagrun for example_sla_dag to 2024-10-26 20:10:00+00:00, run_after=2024-10-26 20:12:00+00:00
[2024-10-26T20:12:24.530+0000] {processor.py:208} INFO - Processing /home/airflow/.local/lib/python3.12/site-packages/airflow/example_dags/example_sla_dag.py took 0.085 seconds
[2024-10-26T20:12:57.182+0000] {processor.py:186} INFO - Started process (PID=20489) to work on /home/airflow/.local/lib/python3.12/site-packages/airflow/example_dags/example_sla_dag.py
[2024-10-26T20:12:57.183+0000] {processor.py:914} INFO - Processing file /home/airflow/.local/lib/python3.12/site-packages/airflow/example_dags/example_sla_dag.py for tasks to queue
[2024-10-26T20:12:57.186+0000] {logging_mixin.py:190} INFO - [2024-10-26T20:12:57.185+0000] {dagbag.py:588} INFO - Filling up the DagBag from /home/airflow/.local/lib/python3.12/site-packages/airflow/example_dags/example_sla_dag.py
[2024-10-26T20:12:57.195+0000] {processor.py:925} INFO - DAG(s) 'example_sla_dag' retrieved from /home/airflow/.local/lib/python3.12/site-packages/airflow/example_dags/example_sla_dag.py
[2024-10-26T20:12:57.216+0000] {logging_mixin.py:190} INFO - [2024-10-26T20:12:57.216+0000] {dag.py:3239} INFO - Sync 1 DAGs
[2024-10-26T20:12:57.240+0000] {logging_mixin.py:190} INFO - [2024-10-26T20:12:57.240+0000] {dag.py:4180} INFO - Setting next_dagrun for example_sla_dag to 2024-10-26 20:10:00+00:00, run_after=2024-10-26 20:12:00+00:00
[2024-10-26T20:12:57.262+0000] {processor.py:208} INFO - Processing /home/airflow/.local/lib/python3.12/site-packages/airflow/example_dags/example_sla_dag.py took 0.088 seconds
[2024-10-26T20:13:29.922+0000] {processor.py:186} INFO - Started process (PID=20553) to work on /home/airflow/.local/lib/python3.12/site-packages/airflow/example_dags/example_sla_dag.py
[2024-10-26T20:13:29.923+0000] {processor.py:914} INFO - Processing file /home/airflow/.local/lib/python3.12/site-packages/airflow/example_dags/example_sla_dag.py for tasks to queue
[2024-10-26T20:13:29.925+0000] {logging_mixin.py:190} INFO - [2024-10-26T20:13:29.925+0000] {dagbag.py:588} INFO - Filling up the DagBag from /home/airflow/.local/lib/python3.12/site-packages/airflow/example_dags/example_sla_dag.py
[2024-10-26T20:13:29.935+0000] {processor.py:925} INFO - DAG(s) 'example_sla_dag' retrieved from /home/airflow/.local/lib/python3.12/site-packages/airflow/example_dags/example_sla_dag.py
[2024-10-26T20:13:29.955+0000] {logging_mixin.py:190} INFO - [2024-10-26T20:13:29.954+0000] {dag.py:3239} INFO - Sync 1 DAGs
[2024-10-26T20:13:29.977+0000] {logging_mixin.py:190} INFO - [2024-10-26T20:13:29.976+0000] {dag.py:4180} INFO - Setting next_dagrun for example_sla_dag to 2024-10-26 20:10:00+00:00, run_after=2024-10-26 20:12:00+00:00
[2024-10-26T20:13:29.998+0000] {processor.py:208} INFO - Processing /home/airflow/.local/lib/python3.12/site-packages/airflow/example_dags/example_sla_dag.py took 0.082 seconds
[2024-10-26T20:14:02.936+0000] {processor.py:186} INFO - Started process (PID=20617) to work on /home/airflow/.local/lib/python3.12/site-packages/airflow/example_dags/example_sla_dag.py
[2024-10-26T20:14:02.937+0000] {processor.py:914} INFO - Processing file /home/airflow/.local/lib/python3.12/site-packages/airflow/example_dags/example_sla_dag.py for tasks to queue
[2024-10-26T20:14:02.939+0000] {logging_mixin.py:190} INFO - [2024-10-26T20:14:02.939+0000] {dagbag.py:588} INFO - Filling up the DagBag from /home/airflow/.local/lib/python3.12/site-packages/airflow/example_dags/example_sla_dag.py
[2024-10-26T20:14:02.948+0000] {processor.py:925} INFO - DAG(s) 'example_sla_dag' retrieved from /home/airflow/.local/lib/python3.12/site-packages/airflow/example_dags/example_sla_dag.py
[2024-10-26T20:14:02.970+0000] {logging_mixin.py:190} INFO - [2024-10-26T20:14:02.970+0000] {dag.py:3239} INFO - Sync 1 DAGs
[2024-10-26T20:14:03.012+0000] {logging_mixin.py:190} INFO - [2024-10-26T20:14:03.011+0000] {dag.py:4180} INFO - Setting next_dagrun for example_sla_dag to 2024-10-26 20:12:00+00:00, run_after=2024-10-26 20:14:00+00:00
[2024-10-26T20:14:03.036+0000] {processor.py:208} INFO - Processing /home/airflow/.local/lib/python3.12/site-packages/airflow/example_dags/example_sla_dag.py took 0.106 seconds
[2024-10-26T20:14:35.409+0000] {processor.py:186} INFO - Started process (PID=20681) to work on /home/airflow/.local/lib/python3.12/site-packages/airflow/example_dags/example_sla_dag.py
[2024-10-26T20:14:35.410+0000] {processor.py:914} INFO - Processing file /home/airflow/.local/lib/python3.12/site-packages/airflow/example_dags/example_sla_dag.py for tasks to queue
[2024-10-26T20:14:35.412+0000] {logging_mixin.py:190} INFO - [2024-10-26T20:14:35.412+0000] {dagbag.py:588} INFO - Filling up the DagBag from /home/airflow/.local/lib/python3.12/site-packages/airflow/example_dags/example_sla_dag.py
[2024-10-26T20:14:35.424+0000] {processor.py:925} INFO - DAG(s) 'example_sla_dag' retrieved from /home/airflow/.local/lib/python3.12/site-packages/airflow/example_dags/example_sla_dag.py
[2024-10-26T20:14:35.441+0000] {logging_mixin.py:190} INFO - [2024-10-26T20:14:35.441+0000] {dag.py:3239} INFO - Sync 1 DAGs
[2024-10-26T20:14:35.466+0000] {logging_mixin.py:190} INFO - [2024-10-26T20:14:35.465+0000] {dag.py:4180} INFO - Setting next_dagrun for example_sla_dag to 2024-10-26 20:12:00+00:00, run_after=2024-10-26 20:14:00+00:00
[2024-10-26T20:14:35.485+0000] {processor.py:208} INFO - Processing /home/airflow/.local/lib/python3.12/site-packages/airflow/example_dags/example_sla_dag.py took 0.082 seconds
[2024-10-26T20:15:08.563+0000] {processor.py:186} INFO - Started process (PID=20745) to work on /home/airflow/.local/lib/python3.12/site-packages/airflow/example_dags/example_sla_dag.py
[2024-10-26T20:15:08.564+0000] {processor.py:914} INFO - Processing file /home/airflow/.local/lib/python3.12/site-packages/airflow/example_dags/example_sla_dag.py for tasks to queue
[2024-10-26T20:15:08.566+0000] {logging_mixin.py:190} INFO - [2024-10-26T20:15:08.566+0000] {dagbag.py:588} INFO - Filling up the DagBag from /home/airflow/.local/lib/python3.12/site-packages/airflow/example_dags/example_sla_dag.py
[2024-10-26T20:15:08.575+0000] {processor.py:925} INFO - DAG(s) 'example_sla_dag' retrieved from /home/airflow/.local/lib/python3.12/site-packages/airflow/example_dags/example_sla_dag.py
[2024-10-26T20:15:08.593+0000] {logging_mixin.py:190} INFO - [2024-10-26T20:15:08.593+0000] {dag.py:3239} INFO - Sync 1 DAGs
[2024-10-26T20:15:08.616+0000] {logging_mixin.py:190} INFO - [2024-10-26T20:15:08.616+0000] {dag.py:4180} INFO - Setting next_dagrun for example_sla_dag to 2024-10-26 20:12:00+00:00, run_after=2024-10-26 20:14:00+00:00
[2024-10-26T20:15:08.636+0000] {processor.py:208} INFO - Processing /home/airflow/.local/lib/python3.12/site-packages/airflow/example_dags/example_sla_dag.py took 0.078 seconds
[2024-10-26T20:15:41.597+0000] {processor.py:186} INFO - Started process (PID=20809) to work on /home/airflow/.local/lib/python3.12/site-packages/airflow/example_dags/example_sla_dag.py
[2024-10-26T20:15:41.598+0000] {processor.py:914} INFO - Processing file /home/airflow/.local/lib/python3.12/site-packages/airflow/example_dags/example_sla_dag.py for tasks to queue
[2024-10-26T20:15:41.600+0000] {logging_mixin.py:190} INFO - [2024-10-26T20:15:41.600+0000] {dagbag.py:588} INFO - Filling up the DagBag from /home/airflow/.local/lib/python3.12/site-packages/airflow/example_dags/example_sla_dag.py
[2024-10-26T20:15:41.609+0000] {processor.py:925} INFO - DAG(s) 'example_sla_dag' retrieved from /home/airflow/.local/lib/python3.12/site-packages/airflow/example_dags/example_sla_dag.py
[2024-10-26T20:15:41.627+0000] {logging_mixin.py:190} INFO - [2024-10-26T20:15:41.626+0000] {dag.py:3239} INFO - Sync 1 DAGs
[2024-10-26T20:15:41.650+0000] {logging_mixin.py:190} INFO - [2024-10-26T20:15:41.650+0000] {dag.py:4180} INFO - Setting next_dagrun for example_sla_dag to 2024-10-26 20:12:00+00:00, run_after=2024-10-26 20:14:00+00:00
[2024-10-26T20:15:41.672+0000] {processor.py:208} INFO - Processing /home/airflow/.local/lib/python3.12/site-packages/airflow/example_dags/example_sla_dag.py took 0.081 seconds
[2024-10-26T20:16:13.909+0000] {processor.py:186} INFO - Started process (PID=20873) to work on /home/airflow/.local/lib/python3.12/site-packages/airflow/example_dags/example_sla_dag.py
[2024-10-26T20:16:13.910+0000] {processor.py:914} INFO - Processing file /home/airflow/.local/lib/python3.12/site-packages/airflow/example_dags/example_sla_dag.py for tasks to queue
[2024-10-26T20:16:13.913+0000] {logging_mixin.py:190} INFO - [2024-10-26T20:16:13.912+0000] {dagbag.py:588} INFO - Filling up the DagBag from /home/airflow/.local/lib/python3.12/site-packages/airflow/example_dags/example_sla_dag.py
[2024-10-26T20:16:13.924+0000] {processor.py:925} INFO - DAG(s) 'example_sla_dag' retrieved from /home/airflow/.local/lib/python3.12/site-packages/airflow/example_dags/example_sla_dag.py
[2024-10-26T20:16:13.943+0000] {logging_mixin.py:190} INFO - [2024-10-26T20:16:13.943+0000] {dag.py:3239} INFO - Sync 1 DAGs
[2024-10-26T20:16:13.972+0000] {logging_mixin.py:190} INFO - [2024-10-26T20:16:13.972+0000] {dag.py:4180} INFO - Setting next_dagrun for example_sla_dag to 2024-10-26 20:14:00+00:00, run_after=2024-10-26 20:16:00+00:00
[2024-10-26T20:16:13.998+0000] {processor.py:208} INFO - Processing /home/airflow/.local/lib/python3.12/site-packages/airflow/example_dags/example_sla_dag.py took 0.096 seconds
[2024-10-26T20:16:46.105+0000] {processor.py:186} INFO - Started process (PID=20937) to work on /home/airflow/.local/lib/python3.12/site-packages/airflow/example_dags/example_sla_dag.py
[2024-10-26T20:16:46.106+0000] {processor.py:914} INFO - Processing file /home/airflow/.local/lib/python3.12/site-packages/airflow/example_dags/example_sla_dag.py for tasks to queue
[2024-10-26T20:16:46.109+0000] {logging_mixin.py:190} INFO - [2024-10-26T20:16:46.108+0000] {dagbag.py:588} INFO - Filling up the DagBag from /home/airflow/.local/lib/python3.12/site-packages/airflow/example_dags/example_sla_dag.py
[2024-10-26T20:16:46.118+0000] {processor.py:925} INFO - DAG(s) 'example_sla_dag' retrieved from /home/airflow/.local/lib/python3.12/site-packages/airflow/example_dags/example_sla_dag.py
[2024-10-26T20:16:46.138+0000] {logging_mixin.py:190} INFO - [2024-10-26T20:16:46.138+0000] {dag.py:3239} INFO - Sync 1 DAGs
[2024-10-26T20:16:46.161+0000] {logging_mixin.py:190} INFO - [2024-10-26T20:16:46.161+0000] {dag.py:4180} INFO - Setting next_dagrun for example_sla_dag to 2024-10-26 20:14:00+00:00, run_after=2024-10-26 20:16:00+00:00
[2024-10-26T20:16:46.181+0000] {processor.py:208} INFO - Processing /home/airflow/.local/lib/python3.12/site-packages/airflow/example_dags/example_sla_dag.py took 0.081 seconds
[2024-10-26T20:17:19.522+0000] {processor.py:186} INFO - Started process (PID=21001) to work on /home/airflow/.local/lib/python3.12/site-packages/airflow/example_dags/example_sla_dag.py
[2024-10-26T20:17:19.523+0000] {processor.py:914} INFO - Processing file /home/airflow/.local/lib/python3.12/site-packages/airflow/example_dags/example_sla_dag.py for tasks to queue
[2024-10-26T20:17:19.526+0000] {logging_mixin.py:190} INFO - [2024-10-26T20:17:19.525+0000] {dagbag.py:588} INFO - Filling up the DagBag from /home/airflow/.local/lib/python3.12/site-packages/airflow/example_dags/example_sla_dag.py
[2024-10-26T20:17:19.536+0000] {processor.py:925} INFO - DAG(s) 'example_sla_dag' retrieved from /home/airflow/.local/lib/python3.12/site-packages/airflow/example_dags/example_sla_dag.py
[2024-10-26T20:17:19.557+0000] {logging_mixin.py:190} INFO - [2024-10-26T20:17:19.557+0000] {dag.py:3239} INFO - Sync 1 DAGs
[2024-10-26T20:17:19.580+0000] {logging_mixin.py:190} INFO - [2024-10-26T20:17:19.580+0000] {dag.py:4180} INFO - Setting next_dagrun for example_sla_dag to 2024-10-26 20:14:00+00:00, run_after=2024-10-26 20:16:00+00:00
[2024-10-26T20:17:19.601+0000] {processor.py:208} INFO - Processing /home/airflow/.local/lib/python3.12/site-packages/airflow/example_dags/example_sla_dag.py took 0.085 seconds
[2024-10-26T20:17:51.895+0000] {processor.py:186} INFO - Started process (PID=21065) to work on /home/airflow/.local/lib/python3.12/site-packages/airflow/example_dags/example_sla_dag.py
[2024-10-26T20:17:51.896+0000] {processor.py:914} INFO - Processing file /home/airflow/.local/lib/python3.12/site-packages/airflow/example_dags/example_sla_dag.py for tasks to queue
[2024-10-26T20:17:51.898+0000] {logging_mixin.py:190} INFO - [2024-10-26T20:17:51.897+0000] {dagbag.py:588} INFO - Filling up the DagBag from /home/airflow/.local/lib/python3.12/site-packages/airflow/example_dags/example_sla_dag.py
[2024-10-26T20:17:51.907+0000] {processor.py:925} INFO - DAG(s) 'example_sla_dag' retrieved from /home/airflow/.local/lib/python3.12/site-packages/airflow/example_dags/example_sla_dag.py
[2024-10-26T20:17:51.926+0000] {logging_mixin.py:190} INFO - [2024-10-26T20:17:51.926+0000] {dag.py:3239} INFO - Sync 1 DAGs
[2024-10-26T20:17:51.949+0000] {logging_mixin.py:190} INFO - [2024-10-26T20:17:51.949+0000] {dag.py:4180} INFO - Setting next_dagrun for example_sla_dag to 2024-10-26 20:14:00+00:00, run_after=2024-10-26 20:16:00+00:00
[2024-10-26T20:17:51.969+0000] {processor.py:208} INFO - Processing /home/airflow/.local/lib/python3.12/site-packages/airflow/example_dags/example_sla_dag.py took 0.080 seconds
[2024-10-26T20:18:24.331+0000] {processor.py:186} INFO - Started process (PID=21129) to work on /home/airflow/.local/lib/python3.12/site-packages/airflow/example_dags/example_sla_dag.py
[2024-10-26T20:18:24.332+0000] {processor.py:914} INFO - Processing file /home/airflow/.local/lib/python3.12/site-packages/airflow/example_dags/example_sla_dag.py for tasks to queue
[2024-10-26T20:18:24.335+0000] {logging_mixin.py:190} INFO - [2024-10-26T20:18:24.335+0000] {dagbag.py:588} INFO - Filling up the DagBag from /home/airflow/.local/lib/python3.12/site-packages/airflow/example_dags/example_sla_dag.py
[2024-10-26T20:18:24.345+0000] {processor.py:925} INFO - DAG(s) 'example_sla_dag' retrieved from /home/airflow/.local/lib/python3.12/site-packages/airflow/example_dags/example_sla_dag.py
[2024-10-26T20:18:24.367+0000] {logging_mixin.py:190} INFO - [2024-10-26T20:18:24.366+0000] {dag.py:3239} INFO - Sync 1 DAGs
[2024-10-26T20:18:24.390+0000] {logging_mixin.py:190} INFO - [2024-10-26T20:18:24.390+0000] {dag.py:4180} INFO - Setting next_dagrun for example_sla_dag to 2024-10-26 20:16:00+00:00, run_after=2024-10-26 20:18:00+00:00
[2024-10-26T20:18:24.414+0000] {processor.py:208} INFO - Processing /home/airflow/.local/lib/python3.12/site-packages/airflow/example_dags/example_sla_dag.py took 0.088 seconds
[2024-10-26T20:18:57.460+0000] {processor.py:186} INFO - Started process (PID=21193) to work on /home/airflow/.local/lib/python3.12/site-packages/airflow/example_dags/example_sla_dag.py
[2024-10-26T20:18:57.461+0000] {processor.py:914} INFO - Processing file /home/airflow/.local/lib/python3.12/site-packages/airflow/example_dags/example_sla_dag.py for tasks to queue
[2024-10-26T20:18:57.463+0000] {logging_mixin.py:190} INFO - [2024-10-26T20:18:57.463+0000] {dagbag.py:588} INFO - Filling up the DagBag from /home/airflow/.local/lib/python3.12/site-packages/airflow/example_dags/example_sla_dag.py
[2024-10-26T20:18:57.472+0000] {processor.py:925} INFO - DAG(s) 'example_sla_dag' retrieved from /home/airflow/.local/lib/python3.12/site-packages/airflow/example_dags/example_sla_dag.py
[2024-10-26T20:18:57.491+0000] {logging_mixin.py:190} INFO - [2024-10-26T20:18:57.491+0000] {dag.py:3239} INFO - Sync 1 DAGs
[2024-10-26T20:18:57.516+0000] {logging_mixin.py:190} INFO - [2024-10-26T20:18:57.516+0000] {dag.py:4180} INFO - Setting next_dagrun for example_sla_dag to 2024-10-26 20:16:00+00:00, run_after=2024-10-26 20:18:00+00:00
[2024-10-26T20:18:57.536+0000] {processor.py:208} INFO - Processing /home/airflow/.local/lib/python3.12/site-packages/airflow/example_dags/example_sla_dag.py took 0.080 seconds
[2024-10-26T20:19:29.998+0000] {processor.py:186} INFO - Started process (PID=21257) to work on /home/airflow/.local/lib/python3.12/site-packages/airflow/example_dags/example_sla_dag.py
[2024-10-26T20:19:29.999+0000] {processor.py:914} INFO - Processing file /home/airflow/.local/lib/python3.12/site-packages/airflow/example_dags/example_sla_dag.py for tasks to queue
[2024-10-26T20:19:30.003+0000] {logging_mixin.py:190} INFO - [2024-10-26T20:19:30.002+0000] {dagbag.py:588} INFO - Filling up the DagBag from /home/airflow/.local/lib/python3.12/site-packages/airflow/example_dags/example_sla_dag.py
[2024-10-26T20:19:30.015+0000] {processor.py:925} INFO - DAG(s) 'example_sla_dag' retrieved from /home/airflow/.local/lib/python3.12/site-packages/airflow/example_dags/example_sla_dag.py
[2024-10-26T20:19:30.041+0000] {logging_mixin.py:190} INFO - [2024-10-26T20:19:30.041+0000] {dag.py:3239} INFO - Sync 1 DAGs
[2024-10-26T20:19:30.073+0000] {logging_mixin.py:190} INFO - [2024-10-26T20:19:30.073+0000] {dag.py:4180} INFO - Setting next_dagrun for example_sla_dag to 2024-10-26 20:16:00+00:00, run_after=2024-10-26 20:18:00+00:00
[2024-10-26T20:19:30.097+0000] {processor.py:208} INFO - Processing /home/airflow/.local/lib/python3.12/site-packages/airflow/example_dags/example_sla_dag.py took 0.104 seconds
[2024-10-26T20:20:03.494+0000] {processor.py:186} INFO - Started process (PID=21322) to work on /home/airflow/.local/lib/python3.12/site-packages/airflow/example_dags/example_sla_dag.py
[2024-10-26T20:20:03.495+0000] {processor.py:914} INFO - Processing file /home/airflow/.local/lib/python3.12/site-packages/airflow/example_dags/example_sla_dag.py for tasks to queue
[2024-10-26T20:20:03.497+0000] {logging_mixin.py:190} INFO - [2024-10-26T20:20:03.497+0000] {dagbag.py:588} INFO - Filling up the DagBag from /home/airflow/.local/lib/python3.12/site-packages/airflow/example_dags/example_sla_dag.py
[2024-10-26T20:20:03.506+0000] {processor.py:925} INFO - DAG(s) 'example_sla_dag' retrieved from /home/airflow/.local/lib/python3.12/site-packages/airflow/example_dags/example_sla_dag.py
[2024-10-26T20:20:03.526+0000] {logging_mixin.py:190} INFO - [2024-10-26T20:20:03.525+0000] {dag.py:3239} INFO - Sync 1 DAGs
[2024-10-26T20:20:03.693+0000] {logging_mixin.py:190} INFO - [2024-10-26T20:20:03.693+0000] {dag.py:4180} INFO - Setting next_dagrun for example_sla_dag to 2024-10-26 20:18:00+00:00, run_after=2024-10-26 20:20:00+00:00
[2024-10-26T20:20:03.712+0000] {processor.py:208} INFO - Processing /home/airflow/.local/lib/python3.12/site-packages/airflow/example_dags/example_sla_dag.py took 0.223 seconds
[2024-10-26T20:20:36.024+0000] {processor.py:186} INFO - Started process (PID=21386) to work on /home/airflow/.local/lib/python3.12/site-packages/airflow/example_dags/example_sla_dag.py
[2024-10-26T20:20:36.025+0000] {processor.py:914} INFO - Processing file /home/airflow/.local/lib/python3.12/site-packages/airflow/example_dags/example_sla_dag.py for tasks to queue
[2024-10-26T20:20:36.027+0000] {logging_mixin.py:190} INFO - [2024-10-26T20:20:36.027+0000] {dagbag.py:588} INFO - Filling up the DagBag from /home/airflow/.local/lib/python3.12/site-packages/airflow/example_dags/example_sla_dag.py
[2024-10-26T20:20:36.037+0000] {processor.py:925} INFO - DAG(s) 'example_sla_dag' retrieved from /home/airflow/.local/lib/python3.12/site-packages/airflow/example_dags/example_sla_dag.py
[2024-10-26T20:20:36.055+0000] {logging_mixin.py:190} INFO - [2024-10-26T20:20:36.055+0000] {dag.py:3239} INFO - Sync 1 DAGs
[2024-10-26T20:20:36.237+0000] {logging_mixin.py:190} INFO - [2024-10-26T20:20:36.236+0000] {dag.py:4180} INFO - Setting next_dagrun for example_sla_dag to 2024-10-26 20:18:00+00:00, run_after=2024-10-26 20:20:00+00:00
[2024-10-26T20:20:36.255+0000] {processor.py:208} INFO - Processing /home/airflow/.local/lib/python3.12/site-packages/airflow/example_dags/example_sla_dag.py took 0.236 seconds
[2024-10-26T20:21:08.436+0000] {processor.py:186} INFO - Started process (PID=21450) to work on /home/airflow/.local/lib/python3.12/site-packages/airflow/example_dags/example_sla_dag.py
[2024-10-26T20:21:08.438+0000] {processor.py:914} INFO - Processing file /home/airflow/.local/lib/python3.12/site-packages/airflow/example_dags/example_sla_dag.py for tasks to queue
[2024-10-26T20:21:08.440+0000] {logging_mixin.py:190} INFO - [2024-10-26T20:21:08.439+0000] {dagbag.py:588} INFO - Filling up the DagBag from /home/airflow/.local/lib/python3.12/site-packages/airflow/example_dags/example_sla_dag.py
[2024-10-26T20:21:08.448+0000] {processor.py:925} INFO - DAG(s) 'example_sla_dag' retrieved from /home/airflow/.local/lib/python3.12/site-packages/airflow/example_dags/example_sla_dag.py
[2024-10-26T20:21:08.466+0000] {logging_mixin.py:190} INFO - [2024-10-26T20:21:08.465+0000] {dag.py:3239} INFO - Sync 1 DAGs
[2024-10-26T20:21:08.490+0000] {logging_mixin.py:190} INFO - [2024-10-26T20:21:08.490+0000] {dag.py:4180} INFO - Setting next_dagrun for example_sla_dag to 2024-10-26 20:18:00+00:00, run_after=2024-10-26 20:20:00+00:00
[2024-10-26T20:21:08.510+0000] {processor.py:208} INFO - Processing /home/airflow/.local/lib/python3.12/site-packages/airflow/example_dags/example_sla_dag.py took 0.078 seconds
[2024-10-26T20:21:41.334+0000] {processor.py:186} INFO - Started process (PID=21514) to work on /home/airflow/.local/lib/python3.12/site-packages/airflow/example_dags/example_sla_dag.py
[2024-10-26T20:21:41.335+0000] {processor.py:914} INFO - Processing file /home/airflow/.local/lib/python3.12/site-packages/airflow/example_dags/example_sla_dag.py for tasks to queue
[2024-10-26T20:21:41.337+0000] {logging_mixin.py:190} INFO - [2024-10-26T20:21:41.337+0000] {dagbag.py:588} INFO - Filling up the DagBag from /home/airflow/.local/lib/python3.12/site-packages/airflow/example_dags/example_sla_dag.py
[2024-10-26T20:21:41.347+0000] {processor.py:925} INFO - DAG(s) 'example_sla_dag' retrieved from /home/airflow/.local/lib/python3.12/site-packages/airflow/example_dags/example_sla_dag.py
[2024-10-26T20:21:41.365+0000] {logging_mixin.py:190} INFO - [2024-10-26T20:21:41.365+0000] {dag.py:3239} INFO - Sync 1 DAGs
[2024-10-26T20:21:41.390+0000] {logging_mixin.py:190} INFO - [2024-10-26T20:21:41.389+0000] {dag.py:4180} INFO - Setting next_dagrun for example_sla_dag to 2024-10-26 20:18:00+00:00, run_after=2024-10-26 20:20:00+00:00
[2024-10-26T20:21:41.410+0000] {processor.py:208} INFO - Processing /home/airflow/.local/lib/python3.12/site-packages/airflow/example_dags/example_sla_dag.py took 0.081 seconds
[2024-10-26T20:22:14.083+0000] {processor.py:186} INFO - Started process (PID=21578) to work on /home/airflow/.local/lib/python3.12/site-packages/airflow/example_dags/example_sla_dag.py
[2024-10-26T20:22:14.084+0000] {processor.py:914} INFO - Processing file /home/airflow/.local/lib/python3.12/site-packages/airflow/example_dags/example_sla_dag.py for tasks to queue
[2024-10-26T20:22:14.086+0000] {logging_mixin.py:190} INFO - [2024-10-26T20:22:14.086+0000] {dagbag.py:588} INFO - Filling up the DagBag from /home/airflow/.local/lib/python3.12/site-packages/airflow/example_dags/example_sla_dag.py
[2024-10-26T20:22:14.095+0000] {processor.py:925} INFO - DAG(s) 'example_sla_dag' retrieved from /home/airflow/.local/lib/python3.12/site-packages/airflow/example_dags/example_sla_dag.py
[2024-10-26T20:22:14.111+0000] {logging_mixin.py:190} INFO - [2024-10-26T20:22:14.111+0000] {dag.py:3239} INFO - Sync 1 DAGs
[2024-10-26T20:22:14.133+0000] {logging_mixin.py:190} INFO - [2024-10-26T20:22:14.132+0000] {dag.py:4180} INFO - Setting next_dagrun for example_sla_dag to 2024-10-26 20:20:00+00:00, run_after=2024-10-26 20:22:00+00:00
[2024-10-26T20:22:14.153+0000] {processor.py:208} INFO - Processing /home/airflow/.local/lib/python3.12/site-packages/airflow/example_dags/example_sla_dag.py took 0.075 seconds
[2024-10-26T20:22:46.989+0000] {processor.py:186} INFO - Started process (PID=21642) to work on /home/airflow/.local/lib/python3.12/site-packages/airflow/example_dags/example_sla_dag.py
[2024-10-26T20:22:46.990+0000] {processor.py:914} INFO - Processing file /home/airflow/.local/lib/python3.12/site-packages/airflow/example_dags/example_sla_dag.py for tasks to queue
[2024-10-26T20:22:46.992+0000] {logging_mixin.py:190} INFO - [2024-10-26T20:22:46.992+0000] {dagbag.py:588} INFO - Filling up the DagBag from /home/airflow/.local/lib/python3.12/site-packages/airflow/example_dags/example_sla_dag.py
[2024-10-26T20:22:47.003+0000] {processor.py:925} INFO - DAG(s) 'example_sla_dag' retrieved from /home/airflow/.local/lib/python3.12/site-packages/airflow/example_dags/example_sla_dag.py
[2024-10-26T20:22:47.021+0000] {logging_mixin.py:190} INFO - [2024-10-26T20:22:47.021+0000] {dag.py:3239} INFO - Sync 1 DAGs
[2024-10-26T20:22:47.043+0000] {logging_mixin.py:190} INFO - [2024-10-26T20:22:47.043+0000] {dag.py:4180} INFO - Setting next_dagrun for example_sla_dag to 2024-10-26 20:20:00+00:00, run_after=2024-10-26 20:22:00+00:00
[2024-10-26T20:22:47.064+0000] {processor.py:208} INFO - Processing /home/airflow/.local/lib/python3.12/site-packages/airflow/example_dags/example_sla_dag.py took 0.080 seconds
[2024-10-26T20:23:19.520+0000] {processor.py:186} INFO - Started process (PID=21706) to work on /home/airflow/.local/lib/python3.12/site-packages/airflow/example_dags/example_sla_dag.py
[2024-10-26T20:23:19.521+0000] {processor.py:914} INFO - Processing file /home/airflow/.local/lib/python3.12/site-packages/airflow/example_dags/example_sla_dag.py for tasks to queue
[2024-10-26T20:23:19.523+0000] {logging_mixin.py:190} INFO - [2024-10-26T20:23:19.522+0000] {dagbag.py:588} INFO - Filling up the DagBag from /home/airflow/.local/lib/python3.12/site-packages/airflow/example_dags/example_sla_dag.py
[2024-10-26T20:23:19.533+0000] {processor.py:925} INFO - DAG(s) 'example_sla_dag' retrieved from /home/airflow/.local/lib/python3.12/site-packages/airflow/example_dags/example_sla_dag.py
[2024-10-26T20:23:19.550+0000] {logging_mixin.py:190} INFO - [2024-10-26T20:23:19.550+0000] {dag.py:3239} INFO - Sync 1 DAGs
[2024-10-26T20:23:19.573+0000] {logging_mixin.py:190} INFO - [2024-10-26T20:23:19.573+0000] {dag.py:4180} INFO - Setting next_dagrun for example_sla_dag to 2024-10-26 20:20:00+00:00, run_after=2024-10-26 20:22:00+00:00
[2024-10-26T20:23:19.593+0000] {processor.py:208} INFO - Processing /home/airflow/.local/lib/python3.12/site-packages/airflow/example_dags/example_sla_dag.py took 0.080 seconds
[2024-10-26T20:23:52.279+0000] {processor.py:186} INFO - Started process (PID=21770) to work on /home/airflow/.local/lib/python3.12/site-packages/airflow/example_dags/example_sla_dag.py
[2024-10-26T20:23:52.280+0000] {processor.py:914} INFO - Processing file /home/airflow/.local/lib/python3.12/site-packages/airflow/example_dags/example_sla_dag.py for tasks to queue
[2024-10-26T20:23:52.282+0000] {logging_mixin.py:190} INFO - [2024-10-26T20:23:52.282+0000] {dagbag.py:588} INFO - Filling up the DagBag from /home/airflow/.local/lib/python3.12/site-packages/airflow/example_dags/example_sla_dag.py
[2024-10-26T20:23:52.294+0000] {processor.py:925} INFO - DAG(s) 'example_sla_dag' retrieved from /home/airflow/.local/lib/python3.12/site-packages/airflow/example_dags/example_sla_dag.py
[2024-10-26T20:23:52.322+0000] {logging_mixin.py:190} INFO - [2024-10-26T20:23:52.321+0000] {dag.py:3239} INFO - Sync 1 DAGs
[2024-10-26T20:23:52.361+0000] {logging_mixin.py:190} INFO - [2024-10-26T20:23:52.361+0000] {dag.py:4180} INFO - Setting next_dagrun for example_sla_dag to 2024-10-26 20:20:00+00:00, run_after=2024-10-26 20:22:00+00:00
[2024-10-26T20:23:52.382+0000] {processor.py:208} INFO - Processing /home/airflow/.local/lib/python3.12/site-packages/airflow/example_dags/example_sla_dag.py took 0.109 seconds
[2024-10-26T20:24:24.635+0000] {processor.py:186} INFO - Started process (PID=21834) to work on /home/airflow/.local/lib/python3.12/site-packages/airflow/example_dags/example_sla_dag.py
[2024-10-26T20:24:24.637+0000] {processor.py:914} INFO - Processing file /home/airflow/.local/lib/python3.12/site-packages/airflow/example_dags/example_sla_dag.py for tasks to queue
[2024-10-26T20:24:24.639+0000] {logging_mixin.py:190} INFO - [2024-10-26T20:24:24.639+0000] {dagbag.py:588} INFO - Filling up the DagBag from /home/airflow/.local/lib/python3.12/site-packages/airflow/example_dags/example_sla_dag.py
[2024-10-26T20:24:24.649+0000] {processor.py:925} INFO - DAG(s) 'example_sla_dag' retrieved from /home/airflow/.local/lib/python3.12/site-packages/airflow/example_dags/example_sla_dag.py
[2024-10-26T20:24:24.668+0000] {logging_mixin.py:190} INFO - [2024-10-26T20:24:24.668+0000] {dag.py:3239} INFO - Sync 1 DAGs
[2024-10-26T20:24:24.693+0000] {logging_mixin.py:190} INFO - [2024-10-26T20:24:24.693+0000] {dag.py:4180} INFO - Setting next_dagrun for example_sla_dag to 2024-10-26 20:22:00+00:00, run_after=2024-10-26 20:24:00+00:00
[2024-10-26T20:24:24.713+0000] {processor.py:208} INFO - Processing /home/airflow/.local/lib/python3.12/site-packages/airflow/example_dags/example_sla_dag.py took 0.083 seconds
[2024-10-26T20:24:58.021+0000] {processor.py:186} INFO - Started process (PID=21898) to work on /home/airflow/.local/lib/python3.12/site-packages/airflow/example_dags/example_sla_dag.py
[2024-10-26T20:24:58.022+0000] {processor.py:914} INFO - Processing file /home/airflow/.local/lib/python3.12/site-packages/airflow/example_dags/example_sla_dag.py for tasks to queue
[2024-10-26T20:24:58.025+0000] {logging_mixin.py:190} INFO - [2024-10-26T20:24:58.024+0000] {dagbag.py:588} INFO - Filling up the DagBag from /home/airflow/.local/lib/python3.12/site-packages/airflow/example_dags/example_sla_dag.py
[2024-10-26T20:24:58.034+0000] {processor.py:925} INFO - DAG(s) 'example_sla_dag' retrieved from /home/airflow/.local/lib/python3.12/site-packages/airflow/example_dags/example_sla_dag.py
[2024-10-26T20:24:58.054+0000] {logging_mixin.py:190} INFO - [2024-10-26T20:24:58.054+0000] {dag.py:3239} INFO - Sync 1 DAGs
[2024-10-26T20:24:58.081+0000] {logging_mixin.py:190} INFO - [2024-10-26T20:24:58.081+0000] {dag.py:4180} INFO - Setting next_dagrun for example_sla_dag to 2024-10-26 20:22:00+00:00, run_after=2024-10-26 20:24:00+00:00
[2024-10-26T20:24:58.103+0000] {processor.py:208} INFO - Processing /home/airflow/.local/lib/python3.12/site-packages/airflow/example_dags/example_sla_dag.py took 0.087 seconds
[2024-10-26T20:25:30.774+0000] {processor.py:186} INFO - Started process (PID=21962) to work on /home/airflow/.local/lib/python3.12/site-packages/airflow/example_dags/example_sla_dag.py
[2024-10-26T20:25:30.775+0000] {processor.py:914} INFO - Processing file /home/airflow/.local/lib/python3.12/site-packages/airflow/example_dags/example_sla_dag.py for tasks to queue
[2024-10-26T20:25:30.778+0000] {logging_mixin.py:190} INFO - [2024-10-26T20:25:30.777+0000] {dagbag.py:588} INFO - Filling up the DagBag from /home/airflow/.local/lib/python3.12/site-packages/airflow/example_dags/example_sla_dag.py
[2024-10-26T20:25:30.787+0000] {processor.py:925} INFO - DAG(s) 'example_sla_dag' retrieved from /home/airflow/.local/lib/python3.12/site-packages/airflow/example_dags/example_sla_dag.py
[2024-10-26T20:25:30.806+0000] {logging_mixin.py:190} INFO - [2024-10-26T20:25:30.806+0000] {dag.py:3239} INFO - Sync 1 DAGs
[2024-10-26T20:25:30.832+0000] {logging_mixin.py:190} INFO - [2024-10-26T20:25:30.832+0000] {dag.py:4180} INFO - Setting next_dagrun for example_sla_dag to 2024-10-26 20:22:00+00:00, run_after=2024-10-26 20:24:00+00:00
[2024-10-26T20:25:30.853+0000] {processor.py:208} INFO - Processing /home/airflow/.local/lib/python3.12/site-packages/airflow/example_dags/example_sla_dag.py took 0.086 seconds
[2024-10-26T20:26:03.498+0000] {processor.py:186} INFO - Started process (PID=22026) to work on /home/airflow/.local/lib/python3.12/site-packages/airflow/example_dags/example_sla_dag.py
[2024-10-26T20:26:03.499+0000] {processor.py:914} INFO - Processing file /home/airflow/.local/lib/python3.12/site-packages/airflow/example_dags/example_sla_dag.py for tasks to queue
[2024-10-26T20:26:03.501+0000] {logging_mixin.py:190} INFO - [2024-10-26T20:26:03.501+0000] {dagbag.py:588} INFO - Filling up the DagBag from /home/airflow/.local/lib/python3.12/site-packages/airflow/example_dags/example_sla_dag.py
[2024-10-26T20:26:03.510+0000] {processor.py:925} INFO - DAG(s) 'example_sla_dag' retrieved from /home/airflow/.local/lib/python3.12/site-packages/airflow/example_dags/example_sla_dag.py
[2024-10-26T20:26:03.528+0000] {logging_mixin.py:190} INFO - [2024-10-26T20:26:03.528+0000] {dag.py:3239} INFO - Sync 1 DAGs
[2024-10-26T20:26:03.551+0000] {logging_mixin.py:190} INFO - [2024-10-26T20:26:03.551+0000] {dag.py:4180} INFO - Setting next_dagrun for example_sla_dag to 2024-10-26 20:24:00+00:00, run_after=2024-10-26 20:26:00+00:00
[2024-10-26T20:26:03.571+0000] {processor.py:208} INFO - Processing /home/airflow/.local/lib/python3.12/site-packages/airflow/example_dags/example_sla_dag.py took 0.079 seconds
[2024-10-26T20:26:35.596+0000] {processor.py:186} INFO - Started process (PID=22090) to work on /home/airflow/.local/lib/python3.12/site-packages/airflow/example_dags/example_sla_dag.py
[2024-10-26T20:26:35.597+0000] {processor.py:914} INFO - Processing file /home/airflow/.local/lib/python3.12/site-packages/airflow/example_dags/example_sla_dag.py for tasks to queue
[2024-10-26T20:26:35.599+0000] {logging_mixin.py:190} INFO - [2024-10-26T20:26:35.599+0000] {dagbag.py:588} INFO - Filling up the DagBag from /home/airflow/.local/lib/python3.12/site-packages/airflow/example_dags/example_sla_dag.py
[2024-10-26T20:26:35.609+0000] {processor.py:925} INFO - DAG(s) 'example_sla_dag' retrieved from /home/airflow/.local/lib/python3.12/site-packages/airflow/example_dags/example_sla_dag.py
[2024-10-26T20:26:35.627+0000] {logging_mixin.py:190} INFO - [2024-10-26T20:26:35.627+0000] {dag.py:3239} INFO - Sync 1 DAGs
[2024-10-26T20:26:35.650+0000] {logging_mixin.py:190} INFO - [2024-10-26T20:26:35.650+0000] {dag.py:4180} INFO - Setting next_dagrun for example_sla_dag to 2024-10-26 20:24:00+00:00, run_after=2024-10-26 20:26:00+00:00
[2024-10-26T20:26:35.671+0000] {processor.py:208} INFO - Processing /home/airflow/.local/lib/python3.12/site-packages/airflow/example_dags/example_sla_dag.py took 0.081 seconds
[2024-10-26T20:27:08.664+0000] {processor.py:186} INFO - Started process (PID=22154) to work on /home/airflow/.local/lib/python3.12/site-packages/airflow/example_dags/example_sla_dag.py
[2024-10-26T20:27:08.665+0000] {processor.py:914} INFO - Processing file /home/airflow/.local/lib/python3.12/site-packages/airflow/example_dags/example_sla_dag.py for tasks to queue
[2024-10-26T20:27:08.669+0000] {logging_mixin.py:190} INFO - [2024-10-26T20:27:08.668+0000] {dagbag.py:588} INFO - Filling up the DagBag from /home/airflow/.local/lib/python3.12/site-packages/airflow/example_dags/example_sla_dag.py
[2024-10-26T20:27:08.683+0000] {processor.py:925} INFO - DAG(s) 'example_sla_dag' retrieved from /home/airflow/.local/lib/python3.12/site-packages/airflow/example_dags/example_sla_dag.py
[2024-10-26T20:27:08.705+0000] {logging_mixin.py:190} INFO - [2024-10-26T20:27:08.704+0000] {dag.py:3239} INFO - Sync 1 DAGs
[2024-10-26T20:27:08.730+0000] {logging_mixin.py:190} INFO - [2024-10-26T20:27:08.730+0000] {dag.py:4180} INFO - Setting next_dagrun for example_sla_dag to 2024-10-26 20:24:00+00:00, run_after=2024-10-26 20:26:00+00:00
[2024-10-26T20:27:08.751+0000] {processor.py:208} INFO - Processing /home/airflow/.local/lib/python3.12/site-packages/airflow/example_dags/example_sla_dag.py took 0.095 seconds
[2024-10-26T20:27:41.429+0000] {processor.py:186} INFO - Started process (PID=22218) to work on /home/airflow/.local/lib/python3.12/site-packages/airflow/example_dags/example_sla_dag.py
[2024-10-26T20:27:41.431+0000] {processor.py:914} INFO - Processing file /home/airflow/.local/lib/python3.12/site-packages/airflow/example_dags/example_sla_dag.py for tasks to queue
[2024-10-26T20:27:41.433+0000] {logging_mixin.py:190} INFO - [2024-10-26T20:27:41.432+0000] {dagbag.py:588} INFO - Filling up the DagBag from /home/airflow/.local/lib/python3.12/site-packages/airflow/example_dags/example_sla_dag.py
[2024-10-26T20:27:41.443+0000] {processor.py:925} INFO - DAG(s) 'example_sla_dag' retrieved from /home/airflow/.local/lib/python3.12/site-packages/airflow/example_dags/example_sla_dag.py
[2024-10-26T20:27:41.464+0000] {logging_mixin.py:190} INFO - [2024-10-26T20:27:41.464+0000] {dag.py:3239} INFO - Sync 1 DAGs
[2024-10-26T20:27:41.489+0000] {logging_mixin.py:190} INFO - [2024-10-26T20:27:41.489+0000] {dag.py:4180} INFO - Setting next_dagrun for example_sla_dag to 2024-10-26 20:24:00+00:00, run_after=2024-10-26 20:26:00+00:00
[2024-10-26T20:27:41.512+0000] {processor.py:208} INFO - Processing /home/airflow/.local/lib/python3.12/site-packages/airflow/example_dags/example_sla_dag.py took 0.089 seconds
[2024-10-26T20:28:14.335+0000] {processor.py:186} INFO - Started process (PID=22282) to work on /home/airflow/.local/lib/python3.12/site-packages/airflow/example_dags/example_sla_dag.py
[2024-10-26T20:28:14.336+0000] {processor.py:914} INFO - Processing file /home/airflow/.local/lib/python3.12/site-packages/airflow/example_dags/example_sla_dag.py for tasks to queue
[2024-10-26T20:28:14.338+0000] {logging_mixin.py:190} INFO - [2024-10-26T20:28:14.337+0000] {dagbag.py:588} INFO - Filling up the DagBag from /home/airflow/.local/lib/python3.12/site-packages/airflow/example_dags/example_sla_dag.py
[2024-10-26T20:28:14.347+0000] {processor.py:925} INFO - DAG(s) 'example_sla_dag' retrieved from /home/airflow/.local/lib/python3.12/site-packages/airflow/example_dags/example_sla_dag.py
[2024-10-26T20:28:14.365+0000] {logging_mixin.py:190} INFO - [2024-10-26T20:28:14.365+0000] {dag.py:3239} INFO - Sync 1 DAGs
[2024-10-26T20:28:14.386+0000] {logging_mixin.py:190} INFO - [2024-10-26T20:28:14.386+0000] {dag.py:4180} INFO - Setting next_dagrun for example_sla_dag to 2024-10-26 20:26:00+00:00, run_after=2024-10-26 20:28:00+00:00
[2024-10-26T20:28:14.407+0000] {processor.py:208} INFO - Processing /home/airflow/.local/lib/python3.12/site-packages/airflow/example_dags/example_sla_dag.py took 0.079 seconds
[2024-10-26T20:28:46.994+0000] {processor.py:186} INFO - Started process (PID=22346) to work on /home/airflow/.local/lib/python3.12/site-packages/airflow/example_dags/example_sla_dag.py
[2024-10-26T20:28:46.995+0000] {processor.py:914} INFO - Processing file /home/airflow/.local/lib/python3.12/site-packages/airflow/example_dags/example_sla_dag.py for tasks to queue
[2024-10-26T20:28:46.998+0000] {logging_mixin.py:190} INFO - [2024-10-26T20:28:46.997+0000] {dagbag.py:588} INFO - Filling up the DagBag from /home/airflow/.local/lib/python3.12/site-packages/airflow/example_dags/example_sla_dag.py
[2024-10-26T20:28:47.009+0000] {processor.py:925} INFO - DAG(s) 'example_sla_dag' retrieved from /home/airflow/.local/lib/python3.12/site-packages/airflow/example_dags/example_sla_dag.py
[2024-10-26T20:28:47.030+0000] {logging_mixin.py:190} INFO - [2024-10-26T20:28:47.030+0000] {dag.py:3239} INFO - Sync 1 DAGs
[2024-10-26T20:28:47.058+0000] {logging_mixin.py:190} INFO - [2024-10-26T20:28:47.058+0000] {dag.py:4180} INFO - Setting next_dagrun for example_sla_dag to 2024-10-26 20:26:00+00:00, run_after=2024-10-26 20:28:00+00:00
[2024-10-26T20:28:47.079+0000] {processor.py:208} INFO - Processing /home/airflow/.local/lib/python3.12/site-packages/airflow/example_dags/example_sla_dag.py took 0.091 seconds
[2024-10-26T20:29:19.597+0000] {processor.py:186} INFO - Started process (PID=22410) to work on /home/airflow/.local/lib/python3.12/site-packages/airflow/example_dags/example_sla_dag.py
[2024-10-26T20:29:19.598+0000] {processor.py:914} INFO - Processing file /home/airflow/.local/lib/python3.12/site-packages/airflow/example_dags/example_sla_dag.py for tasks to queue
[2024-10-26T20:29:19.600+0000] {logging_mixin.py:190} INFO - [2024-10-26T20:29:19.600+0000] {dagbag.py:588} INFO - Filling up the DagBag from /home/airflow/.local/lib/python3.12/site-packages/airflow/example_dags/example_sla_dag.py
[2024-10-26T20:29:19.609+0000] {processor.py:925} INFO - DAG(s) 'example_sla_dag' retrieved from /home/airflow/.local/lib/python3.12/site-packages/airflow/example_dags/example_sla_dag.py
[2024-10-26T20:29:19.626+0000] {logging_mixin.py:190} INFO - [2024-10-26T20:29:19.626+0000] {dag.py:3239} INFO - Sync 1 DAGs
[2024-10-26T20:29:19.648+0000] {logging_mixin.py:190} INFO - [2024-10-26T20:29:19.648+0000] {dag.py:4180} INFO - Setting next_dagrun for example_sla_dag to 2024-10-26 20:26:00+00:00, run_after=2024-10-26 20:28:00+00:00
[2024-10-26T20:29:19.667+0000] {processor.py:208} INFO - Processing /home/airflow/.local/lib/python3.12/site-packages/airflow/example_dags/example_sla_dag.py took 0.075 seconds
[2024-10-26T20:29:52.453+0000] {processor.py:186} INFO - Started process (PID=22474) to work on /home/airflow/.local/lib/python3.12/site-packages/airflow/example_dags/example_sla_dag.py
[2024-10-26T20:29:52.454+0000] {processor.py:914} INFO - Processing file /home/airflow/.local/lib/python3.12/site-packages/airflow/example_dags/example_sla_dag.py for tasks to queue
[2024-10-26T20:29:52.457+0000] {logging_mixin.py:190} INFO - [2024-10-26T20:29:52.456+0000] {dagbag.py:588} INFO - Filling up the DagBag from /home/airflow/.local/lib/python3.12/site-packages/airflow/example_dags/example_sla_dag.py
[2024-10-26T20:29:52.466+0000] {processor.py:925} INFO - DAG(s) 'example_sla_dag' retrieved from /home/airflow/.local/lib/python3.12/site-packages/airflow/example_dags/example_sla_dag.py
[2024-10-26T20:29:52.484+0000] {logging_mixin.py:190} INFO - [2024-10-26T20:29:52.484+0000] {dag.py:3239} INFO - Sync 1 DAGs
[2024-10-26T20:29:52.507+0000] {logging_mixin.py:190} INFO - [2024-10-26T20:29:52.507+0000] {dag.py:4180} INFO - Setting next_dagrun for example_sla_dag to 2024-10-26 20:26:00+00:00, run_after=2024-10-26 20:28:00+00:00
[2024-10-26T20:29:52.526+0000] {processor.py:208} INFO - Processing /home/airflow/.local/lib/python3.12/site-packages/airflow/example_dags/example_sla_dag.py took 0.078 seconds
[2024-10-26T20:30:25.301+0000] {processor.py:186} INFO - Started process (PID=22538) to work on /home/airflow/.local/lib/python3.12/site-packages/airflow/example_dags/example_sla_dag.py
[2024-10-26T20:30:25.302+0000] {processor.py:914} INFO - Processing file /home/airflow/.local/lib/python3.12/site-packages/airflow/example_dags/example_sla_dag.py for tasks to queue
[2024-10-26T20:30:25.305+0000] {logging_mixin.py:190} INFO - [2024-10-26T20:30:25.304+0000] {dagbag.py:588} INFO - Filling up the DagBag from /home/airflow/.local/lib/python3.12/site-packages/airflow/example_dags/example_sla_dag.py
[2024-10-26T20:30:25.314+0000] {processor.py:925} INFO - DAG(s) 'example_sla_dag' retrieved from /home/airflow/.local/lib/python3.12/site-packages/airflow/example_dags/example_sla_dag.py
[2024-10-26T20:30:25.331+0000] {logging_mixin.py:190} INFO - [2024-10-26T20:30:25.331+0000] {dag.py:3239} INFO - Sync 1 DAGs
[2024-10-26T20:30:25.354+0000] {logging_mixin.py:190} INFO - [2024-10-26T20:30:25.353+0000] {dag.py:4180} INFO - Setting next_dagrun for example_sla_dag to 2024-10-26 20:28:00+00:00, run_after=2024-10-26 20:30:00+00:00
[2024-10-26T20:30:25.374+0000] {processor.py:208} INFO - Processing /home/airflow/.local/lib/python3.12/site-packages/airflow/example_dags/example_sla_dag.py took 0.078 seconds
[2024-10-26T20:30:57.169+0000] {processor.py:186} INFO - Started process (PID=22602) to work on /home/airflow/.local/lib/python3.12/site-packages/airflow/example_dags/example_sla_dag.py
[2024-10-26T20:30:57.170+0000] {processor.py:914} INFO - Processing file /home/airflow/.local/lib/python3.12/site-packages/airflow/example_dags/example_sla_dag.py for tasks to queue
[2024-10-26T20:30:57.173+0000] {logging_mixin.py:190} INFO - [2024-10-26T20:30:57.172+0000] {dagbag.py:588} INFO - Filling up the DagBag from /home/airflow/.local/lib/python3.12/site-packages/airflow/example_dags/example_sla_dag.py
[2024-10-26T20:30:57.181+0000] {processor.py:925} INFO - DAG(s) 'example_sla_dag' retrieved from /home/airflow/.local/lib/python3.12/site-packages/airflow/example_dags/example_sla_dag.py
[2024-10-26T20:30:57.199+0000] {logging_mixin.py:190} INFO - [2024-10-26T20:30:57.199+0000] {dag.py:3239} INFO - Sync 1 DAGs
[2024-10-26T20:30:57.222+0000] {logging_mixin.py:190} INFO - [2024-10-26T20:30:57.222+0000] {dag.py:4180} INFO - Setting next_dagrun for example_sla_dag to 2024-10-26 20:28:00+00:00, run_after=2024-10-26 20:30:00+00:00
[2024-10-26T20:30:57.243+0000] {processor.py:208} INFO - Processing /home/airflow/.local/lib/python3.12/site-packages/airflow/example_dags/example_sla_dag.py took 0.079 seconds
[2024-10-26T20:31:30.167+0000] {processor.py:186} INFO - Started process (PID=22666) to work on /home/airflow/.local/lib/python3.12/site-packages/airflow/example_dags/example_sla_dag.py
[2024-10-26T20:31:30.168+0000] {processor.py:914} INFO - Processing file /home/airflow/.local/lib/python3.12/site-packages/airflow/example_dags/example_sla_dag.py for tasks to queue
[2024-10-26T20:31:30.170+0000] {logging_mixin.py:190} INFO - [2024-10-26T20:31:30.170+0000] {dagbag.py:588} INFO - Filling up the DagBag from /home/airflow/.local/lib/python3.12/site-packages/airflow/example_dags/example_sla_dag.py
[2024-10-26T20:31:30.180+0000] {processor.py:925} INFO - DAG(s) 'example_sla_dag' retrieved from /home/airflow/.local/lib/python3.12/site-packages/airflow/example_dags/example_sla_dag.py
[2024-10-26T20:31:30.200+0000] {logging_mixin.py:190} INFO - [2024-10-26T20:31:30.199+0000] {dag.py:3239} INFO - Sync 1 DAGs
[2024-10-26T20:31:30.222+0000] {logging_mixin.py:190} INFO - [2024-10-26T20:31:30.222+0000] {dag.py:4180} INFO - Setting next_dagrun for example_sla_dag to 2024-10-26 20:28:00+00:00, run_after=2024-10-26 20:30:00+00:00
[2024-10-26T20:31:30.242+0000] {processor.py:208} INFO - Processing /home/airflow/.local/lib/python3.12/site-packages/airflow/example_dags/example_sla_dag.py took 0.081 seconds
[2024-10-26T20:32:02.932+0000] {processor.py:186} INFO - Started process (PID=22730) to work on /home/airflow/.local/lib/python3.12/site-packages/airflow/example_dags/example_sla_dag.py
[2024-10-26T20:32:02.933+0000] {processor.py:914} INFO - Processing file /home/airflow/.local/lib/python3.12/site-packages/airflow/example_dags/example_sla_dag.py for tasks to queue
[2024-10-26T20:32:02.935+0000] {logging_mixin.py:190} INFO - [2024-10-26T20:32:02.935+0000] {dagbag.py:588} INFO - Filling up the DagBag from /home/airflow/.local/lib/python3.12/site-packages/airflow/example_dags/example_sla_dag.py
[2024-10-26T20:32:02.946+0000] {processor.py:925} INFO - DAG(s) 'example_sla_dag' retrieved from /home/airflow/.local/lib/python3.12/site-packages/airflow/example_dags/example_sla_dag.py
[2024-10-26T20:32:02.965+0000] {logging_mixin.py:190} INFO - [2024-10-26T20:32:02.965+0000] {dag.py:3239} INFO - Sync 1 DAGs
[2024-10-26T20:32:02.987+0000] {logging_mixin.py:190} INFO - [2024-10-26T20:32:02.987+0000] {dag.py:4180} INFO - Setting next_dagrun for example_sla_dag to 2024-10-26 20:30:00+00:00, run_after=2024-10-26 20:32:00+00:00
[2024-10-26T20:32:03.018+0000] {processor.py:208} INFO - Processing /home/airflow/.local/lib/python3.12/site-packages/airflow/example_dags/example_sla_dag.py took 0.092 seconds
[2024-10-26T20:32:35.594+0000] {processor.py:186} INFO - Started process (PID=22794) to work on /home/airflow/.local/lib/python3.12/site-packages/airflow/example_dags/example_sla_dag.py
[2024-10-26T20:32:35.595+0000] {processor.py:914} INFO - Processing file /home/airflow/.local/lib/python3.12/site-packages/airflow/example_dags/example_sla_dag.py for tasks to queue
[2024-10-26T20:32:35.599+0000] {logging_mixin.py:190} INFO - [2024-10-26T20:32:35.598+0000] {dagbag.py:588} INFO - Filling up the DagBag from /home/airflow/.local/lib/python3.12/site-packages/airflow/example_dags/example_sla_dag.py
[2024-10-26T20:32:35.611+0000] {processor.py:925} INFO - DAG(s) 'example_sla_dag' retrieved from /home/airflow/.local/lib/python3.12/site-packages/airflow/example_dags/example_sla_dag.py
[2024-10-26T20:32:35.637+0000] {logging_mixin.py:190} INFO - [2024-10-26T20:32:35.636+0000] {dag.py:3239} INFO - Sync 1 DAGs
[2024-10-26T20:32:35.671+0000] {logging_mixin.py:190} INFO - [2024-10-26T20:32:35.671+0000] {dag.py:4180} INFO - Setting next_dagrun for example_sla_dag to 2024-10-26 20:30:00+00:00, run_after=2024-10-26 20:32:00+00:00
[2024-10-26T20:32:35.703+0000] {processor.py:208} INFO - Processing /home/airflow/.local/lib/python3.12/site-packages/airflow/example_dags/example_sla_dag.py took 0.115 seconds
[2024-10-26T20:33:08.362+0000] {processor.py:186} INFO - Started process (PID=22858) to work on /home/airflow/.local/lib/python3.12/site-packages/airflow/example_dags/example_sla_dag.py
[2024-10-26T20:33:08.363+0000] {processor.py:914} INFO - Processing file /home/airflow/.local/lib/python3.12/site-packages/airflow/example_dags/example_sla_dag.py for tasks to queue
[2024-10-26T20:33:08.366+0000] {logging_mixin.py:190} INFO - [2024-10-26T20:33:08.365+0000] {dagbag.py:588} INFO - Filling up the DagBag from /home/airflow/.local/lib/python3.12/site-packages/airflow/example_dags/example_sla_dag.py
[2024-10-26T20:33:08.376+0000] {processor.py:925} INFO - DAG(s) 'example_sla_dag' retrieved from /home/airflow/.local/lib/python3.12/site-packages/airflow/example_dags/example_sla_dag.py
[2024-10-26T20:33:08.397+0000] {logging_mixin.py:190} INFO - [2024-10-26T20:33:08.397+0000] {dag.py:3239} INFO - Sync 1 DAGs
[2024-10-26T20:33:08.424+0000] {logging_mixin.py:190} INFO - [2024-10-26T20:33:08.423+0000] {dag.py:4180} INFO - Setting next_dagrun for example_sla_dag to 2024-10-26 20:30:00+00:00, run_after=2024-10-26 20:32:00+00:00
[2024-10-26T20:33:08.448+0000] {processor.py:208} INFO - Processing /home/airflow/.local/lib/python3.12/site-packages/airflow/example_dags/example_sla_dag.py took 0.092 seconds
[2024-10-26T20:33:40.986+0000] {processor.py:186} INFO - Started process (PID=22922) to work on /home/airflow/.local/lib/python3.12/site-packages/airflow/example_dags/example_sla_dag.py
[2024-10-26T20:33:40.987+0000] {processor.py:914} INFO - Processing file /home/airflow/.local/lib/python3.12/site-packages/airflow/example_dags/example_sla_dag.py for tasks to queue
[2024-10-26T20:33:40.989+0000] {logging_mixin.py:190} INFO - [2024-10-26T20:33:40.989+0000] {dagbag.py:588} INFO - Filling up the DagBag from /home/airflow/.local/lib/python3.12/site-packages/airflow/example_dags/example_sla_dag.py
[2024-10-26T20:33:41.000+0000] {processor.py:925} INFO - DAG(s) 'example_sla_dag' retrieved from /home/airflow/.local/lib/python3.12/site-packages/airflow/example_dags/example_sla_dag.py
[2024-10-26T20:33:41.019+0000] {logging_mixin.py:190} INFO - [2024-10-26T20:33:41.018+0000] {dag.py:3239} INFO - Sync 1 DAGs
[2024-10-26T20:33:41.043+0000] {logging_mixin.py:190} INFO - [2024-10-26T20:33:41.043+0000] {dag.py:4180} INFO - Setting next_dagrun for example_sla_dag to 2024-10-26 20:30:00+00:00, run_after=2024-10-26 20:32:00+00:00
[2024-10-26T20:33:41.063+0000] {processor.py:208} INFO - Processing /home/airflow/.local/lib/python3.12/site-packages/airflow/example_dags/example_sla_dag.py took 0.083 seconds
[2024-10-26T20:34:11.655+0000] {processor.py:186} INFO - Started process (PID=22986) to work on /home/airflow/.local/lib/python3.12/site-packages/airflow/example_dags/example_sla_dag.py
[2024-10-26T20:34:11.656+0000] {processor.py:914} INFO - Processing file /home/airflow/.local/lib/python3.12/site-packages/airflow/example_dags/example_sla_dag.py for tasks to queue
[2024-10-26T20:34:11.658+0000] {logging_mixin.py:190} INFO - [2024-10-26T20:34:11.658+0000] {dagbag.py:588} INFO - Filling up the DagBag from /home/airflow/.local/lib/python3.12/site-packages/airflow/example_dags/example_sla_dag.py
[2024-10-26T20:34:11.669+0000] {processor.py:925} INFO - DAG(s) 'example_sla_dag' retrieved from /home/airflow/.local/lib/python3.12/site-packages/airflow/example_dags/example_sla_dag.py
[2024-10-26T20:34:11.689+0000] {logging_mixin.py:190} INFO - [2024-10-26T20:34:11.689+0000] {dag.py:3239} INFO - Sync 1 DAGs
[2024-10-26T20:34:11.717+0000] {logging_mixin.py:190} INFO - [2024-10-26T20:34:11.717+0000] {dag.py:4180} INFO - Setting next_dagrun for example_sla_dag to 2024-10-26 20:32:00+00:00, run_after=2024-10-26 20:34:00+00:00
[2024-10-26T20:34:11.739+0000] {processor.py:208} INFO - Processing /home/airflow/.local/lib/python3.12/site-packages/airflow/example_dags/example_sla_dag.py took 0.090 seconds
[2024-10-26T20:34:42.113+0000] {processor.py:186} INFO - Started process (PID=23050) to work on /home/airflow/.local/lib/python3.12/site-packages/airflow/example_dags/example_sla_dag.py
[2024-10-26T20:34:42.114+0000] {processor.py:914} INFO - Processing file /home/airflow/.local/lib/python3.12/site-packages/airflow/example_dags/example_sla_dag.py for tasks to queue
[2024-10-26T20:34:42.117+0000] {logging_mixin.py:190} INFO - [2024-10-26T20:34:42.116+0000] {dagbag.py:588} INFO - Filling up the DagBag from /home/airflow/.local/lib/python3.12/site-packages/airflow/example_dags/example_sla_dag.py
[2024-10-26T20:34:42.125+0000] {processor.py:925} INFO - DAG(s) 'example_sla_dag' retrieved from /home/airflow/.local/lib/python3.12/site-packages/airflow/example_dags/example_sla_dag.py
[2024-10-26T20:34:42.143+0000] {logging_mixin.py:190} INFO - [2024-10-26T20:34:42.143+0000] {dag.py:3239} INFO - Sync 1 DAGs
[2024-10-26T20:34:42.166+0000] {logging_mixin.py:190} INFO - [2024-10-26T20:34:42.165+0000] {dag.py:4180} INFO - Setting next_dagrun for example_sla_dag to 2024-10-26 20:32:00+00:00, run_after=2024-10-26 20:34:00+00:00
[2024-10-26T20:34:42.186+0000] {processor.py:208} INFO - Processing /home/airflow/.local/lib/python3.12/site-packages/airflow/example_dags/example_sla_dag.py took 0.078 seconds
[2024-10-26T20:35:12.252+0000] {processor.py:186} INFO - Started process (PID=23114) to work on /home/airflow/.local/lib/python3.12/site-packages/airflow/example_dags/example_sla_dag.py
[2024-10-26T20:35:12.253+0000] {processor.py:914} INFO - Processing file /home/airflow/.local/lib/python3.12/site-packages/airflow/example_dags/example_sla_dag.py for tasks to queue
[2024-10-26T20:35:12.256+0000] {logging_mixin.py:190} INFO - [2024-10-26T20:35:12.255+0000] {dagbag.py:588} INFO - Filling up the DagBag from /home/airflow/.local/lib/python3.12/site-packages/airflow/example_dags/example_sla_dag.py
[2024-10-26T20:35:12.267+0000] {processor.py:925} INFO - DAG(s) 'example_sla_dag' retrieved from /home/airflow/.local/lib/python3.12/site-packages/airflow/example_dags/example_sla_dag.py
[2024-10-26T20:35:12.287+0000] {logging_mixin.py:190} INFO - [2024-10-26T20:35:12.287+0000] {dag.py:3239} INFO - Sync 1 DAGs
[2024-10-26T20:35:12.313+0000] {logging_mixin.py:190} INFO - [2024-10-26T20:35:12.313+0000] {dag.py:4180} INFO - Setting next_dagrun for example_sla_dag to 2024-10-26 20:32:00+00:00, run_after=2024-10-26 20:34:00+00:00
[2024-10-26T20:35:12.334+0000] {processor.py:208} INFO - Processing /home/airflow/.local/lib/python3.12/site-packages/airflow/example_dags/example_sla_dag.py took 0.089 seconds
[2024-10-26T20:35:42.409+0000] {processor.py:186} INFO - Started process (PID=23178) to work on /home/airflow/.local/lib/python3.12/site-packages/airflow/example_dags/example_sla_dag.py
[2024-10-26T20:35:42.410+0000] {processor.py:914} INFO - Processing file /home/airflow/.local/lib/python3.12/site-packages/airflow/example_dags/example_sla_dag.py for tasks to queue
[2024-10-26T20:35:42.413+0000] {logging_mixin.py:190} INFO - [2024-10-26T20:35:42.413+0000] {dagbag.py:588} INFO - Filling up the DagBag from /home/airflow/.local/lib/python3.12/site-packages/airflow/example_dags/example_sla_dag.py
[2024-10-26T20:35:42.427+0000] {processor.py:925} INFO - DAG(s) 'example_sla_dag' retrieved from /home/airflow/.local/lib/python3.12/site-packages/airflow/example_dags/example_sla_dag.py
[2024-10-26T20:35:42.447+0000] {logging_mixin.py:190} INFO - [2024-10-26T20:35:42.446+0000] {dag.py:3239} INFO - Sync 1 DAGs
[2024-10-26T20:35:42.476+0000] {logging_mixin.py:190} INFO - [2024-10-26T20:35:42.476+0000] {dag.py:4180} INFO - Setting next_dagrun for example_sla_dag to 2024-10-26 20:32:00+00:00, run_after=2024-10-26 20:34:00+00:00
[2024-10-26T20:35:42.502+0000] {processor.py:208} INFO - Processing /home/airflow/.local/lib/python3.12/site-packages/airflow/example_dags/example_sla_dag.py took 0.099 seconds
[2024-10-26T20:36:13.257+0000] {processor.py:186} INFO - Started process (PID=23242) to work on /home/airflow/.local/lib/python3.12/site-packages/airflow/example_dags/example_sla_dag.py
[2024-10-26T20:36:13.258+0000] {processor.py:914} INFO - Processing file /home/airflow/.local/lib/python3.12/site-packages/airflow/example_dags/example_sla_dag.py for tasks to queue
[2024-10-26T20:36:13.261+0000] {logging_mixin.py:190} INFO - [2024-10-26T20:36:13.260+0000] {dagbag.py:588} INFO - Filling up the DagBag from /home/airflow/.local/lib/python3.12/site-packages/airflow/example_dags/example_sla_dag.py
[2024-10-26T20:36:13.271+0000] {processor.py:925} INFO - DAG(s) 'example_sla_dag' retrieved from /home/airflow/.local/lib/python3.12/site-packages/airflow/example_dags/example_sla_dag.py
[2024-10-26T20:36:13.290+0000] {logging_mixin.py:190} INFO - [2024-10-26T20:36:13.290+0000] {dag.py:3239} INFO - Sync 1 DAGs
[2024-10-26T20:36:13.313+0000] {logging_mixin.py:190} INFO - [2024-10-26T20:36:13.313+0000] {dag.py:4180} INFO - Setting next_dagrun for example_sla_dag to 2024-10-26 20:34:00+00:00, run_after=2024-10-26 20:36:00+00:00
[2024-10-26T20:36:13.334+0000] {processor.py:208} INFO - Processing /home/airflow/.local/lib/python3.12/site-packages/airflow/example_dags/example_sla_dag.py took 0.083 seconds
[2024-10-26T20:36:44.030+0000] {processor.py:186} INFO - Started process (PID=23306) to work on /home/airflow/.local/lib/python3.12/site-packages/airflow/example_dags/example_sla_dag.py
[2024-10-26T20:36:44.031+0000] {processor.py:914} INFO - Processing file /home/airflow/.local/lib/python3.12/site-packages/airflow/example_dags/example_sla_dag.py for tasks to queue
[2024-10-26T20:36:44.034+0000] {logging_mixin.py:190} INFO - [2024-10-26T20:36:44.034+0000] {dagbag.py:588} INFO - Filling up the DagBag from /home/airflow/.local/lib/python3.12/site-packages/airflow/example_dags/example_sla_dag.py
[2024-10-26T20:36:44.045+0000] {processor.py:925} INFO - DAG(s) 'example_sla_dag' retrieved from /home/airflow/.local/lib/python3.12/site-packages/airflow/example_dags/example_sla_dag.py
[2024-10-26T20:36:44.065+0000] {logging_mixin.py:190} INFO - [2024-10-26T20:36:44.064+0000] {dag.py:3239} INFO - Sync 1 DAGs
[2024-10-26T20:36:44.087+0000] {logging_mixin.py:190} INFO - [2024-10-26T20:36:44.087+0000] {dag.py:4180} INFO - Setting next_dagrun for example_sla_dag to 2024-10-26 20:34:00+00:00, run_after=2024-10-26 20:36:00+00:00
[2024-10-26T20:36:44.108+0000] {processor.py:208} INFO - Processing /home/airflow/.local/lib/python3.12/site-packages/airflow/example_dags/example_sla_dag.py took 0.083 seconds
[2024-10-26T20:37:14.318+0000] {processor.py:186} INFO - Started process (PID=23370) to work on /home/airflow/.local/lib/python3.12/site-packages/airflow/example_dags/example_sla_dag.py
[2024-10-26T20:37:14.319+0000] {processor.py:914} INFO - Processing file /home/airflow/.local/lib/python3.12/site-packages/airflow/example_dags/example_sla_dag.py for tasks to queue
[2024-10-26T20:37:14.322+0000] {logging_mixin.py:190} INFO - [2024-10-26T20:37:14.322+0000] {dagbag.py:588} INFO - Filling up the DagBag from /home/airflow/.local/lib/python3.12/site-packages/airflow/example_dags/example_sla_dag.py
[2024-10-26T20:37:14.336+0000] {processor.py:925} INFO - DAG(s) 'example_sla_dag' retrieved from /home/airflow/.local/lib/python3.12/site-packages/airflow/example_dags/example_sla_dag.py
[2024-10-26T20:37:14.358+0000] {logging_mixin.py:190} INFO - [2024-10-26T20:37:14.358+0000] {dag.py:3239} INFO - Sync 1 DAGs
[2024-10-26T20:37:14.395+0000] {logging_mixin.py:190} INFO - [2024-10-26T20:37:14.394+0000] {dag.py:4180} INFO - Setting next_dagrun for example_sla_dag to 2024-10-26 20:34:00+00:00, run_after=2024-10-26 20:36:00+00:00
[2024-10-26T20:37:14.419+0000] {processor.py:208} INFO - Processing /home/airflow/.local/lib/python3.12/site-packages/airflow/example_dags/example_sla_dag.py took 0.111 seconds
[2024-10-26T20:37:44.968+0000] {processor.py:186} INFO - Started process (PID=23428) to work on /home/airflow/.local/lib/python3.12/site-packages/airflow/example_dags/example_sla_dag.py
[2024-10-26T20:37:44.969+0000] {processor.py:914} INFO - Processing file /home/airflow/.local/lib/python3.12/site-packages/airflow/example_dags/example_sla_dag.py for tasks to queue
[2024-10-26T20:37:44.971+0000] {logging_mixin.py:190} INFO - [2024-10-26T20:37:44.971+0000] {dagbag.py:588} INFO - Filling up the DagBag from /home/airflow/.local/lib/python3.12/site-packages/airflow/example_dags/example_sla_dag.py
[2024-10-26T20:37:44.981+0000] {processor.py:925} INFO - DAG(s) 'example_sla_dag' retrieved from /home/airflow/.local/lib/python3.12/site-packages/airflow/example_dags/example_sla_dag.py
[2024-10-26T20:37:45.001+0000] {logging_mixin.py:190} INFO - [2024-10-26T20:37:45.001+0000] {dag.py:3239} INFO - Sync 1 DAGs
[2024-10-26T20:37:45.026+0000] {logging_mixin.py:190} INFO - [2024-10-26T20:37:45.026+0000] {dag.py:4180} INFO - Setting next_dagrun for example_sla_dag to 2024-10-26 20:34:00+00:00, run_after=2024-10-26 20:36:00+00:00
[2024-10-26T20:37:45.047+0000] {processor.py:208} INFO - Processing /home/airflow/.local/lib/python3.12/site-packages/airflow/example_dags/example_sla_dag.py took 0.085 seconds
[2024-10-26T20:38:15.822+0000] {processor.py:186} INFO - Started process (PID=23492) to work on /home/airflow/.local/lib/python3.12/site-packages/airflow/example_dags/example_sla_dag.py
[2024-10-26T20:38:15.823+0000] {processor.py:914} INFO - Processing file /home/airflow/.local/lib/python3.12/site-packages/airflow/example_dags/example_sla_dag.py for tasks to queue
[2024-10-26T20:38:15.826+0000] {logging_mixin.py:190} INFO - [2024-10-26T20:38:15.825+0000] {dagbag.py:588} INFO - Filling up the DagBag from /home/airflow/.local/lib/python3.12/site-packages/airflow/example_dags/example_sla_dag.py
[2024-10-26T20:38:15.836+0000] {processor.py:925} INFO - DAG(s) 'example_sla_dag' retrieved from /home/airflow/.local/lib/python3.12/site-packages/airflow/example_dags/example_sla_dag.py
[2024-10-26T20:38:15.856+0000] {logging_mixin.py:190} INFO - [2024-10-26T20:38:15.856+0000] {dag.py:3239} INFO - Sync 1 DAGs
[2024-10-26T20:38:15.884+0000] {logging_mixin.py:190} INFO - [2024-10-26T20:38:15.883+0000] {dag.py:4180} INFO - Setting next_dagrun for example_sla_dag to 2024-10-26 20:36:00+00:00, run_after=2024-10-26 20:38:00+00:00
[2024-10-26T20:38:15.903+0000] {processor.py:208} INFO - Processing /home/airflow/.local/lib/python3.12/site-packages/airflow/example_dags/example_sla_dag.py took 0.088 seconds
[2024-10-26T20:38:46.349+0000] {processor.py:186} INFO - Started process (PID=23556) to work on /home/airflow/.local/lib/python3.12/site-packages/airflow/example_dags/example_sla_dag.py
[2024-10-26T20:38:46.351+0000] {processor.py:914} INFO - Processing file /home/airflow/.local/lib/python3.12/site-packages/airflow/example_dags/example_sla_dag.py for tasks to queue
[2024-10-26T20:38:46.354+0000] {logging_mixin.py:190} INFO - [2024-10-26T20:38:46.353+0000] {dagbag.py:588} INFO - Filling up the DagBag from /home/airflow/.local/lib/python3.12/site-packages/airflow/example_dags/example_sla_dag.py
[2024-10-26T20:38:46.365+0000] {processor.py:925} INFO - DAG(s) 'example_sla_dag' retrieved from /home/airflow/.local/lib/python3.12/site-packages/airflow/example_dags/example_sla_dag.py
[2024-10-26T20:38:46.385+0000] {logging_mixin.py:190} INFO - [2024-10-26T20:38:46.385+0000] {dag.py:3239} INFO - Sync 1 DAGs
[2024-10-26T20:38:46.409+0000] {logging_mixin.py:190} INFO - [2024-10-26T20:38:46.409+0000] {dag.py:4180} INFO - Setting next_dagrun for example_sla_dag to 2024-10-26 20:36:00+00:00, run_after=2024-10-26 20:38:00+00:00
[2024-10-26T20:38:46.432+0000] {processor.py:208} INFO - Processing /home/airflow/.local/lib/python3.12/site-packages/airflow/example_dags/example_sla_dag.py took 0.088 seconds
[2024-10-26T20:39:16.724+0000] {processor.py:186} INFO - Started process (PID=23620) to work on /home/airflow/.local/lib/python3.12/site-packages/airflow/example_dags/example_sla_dag.py
[2024-10-26T20:39:16.725+0000] {processor.py:914} INFO - Processing file /home/airflow/.local/lib/python3.12/site-packages/airflow/example_dags/example_sla_dag.py for tasks to queue
[2024-10-26T20:39:16.729+0000] {logging_mixin.py:190} INFO - [2024-10-26T20:39:16.728+0000] {dagbag.py:588} INFO - Filling up the DagBag from /home/airflow/.local/lib/python3.12/site-packages/airflow/example_dags/example_sla_dag.py
[2024-10-26T20:39:16.742+0000] {processor.py:925} INFO - DAG(s) 'example_sla_dag' retrieved from /home/airflow/.local/lib/python3.12/site-packages/airflow/example_dags/example_sla_dag.py
[2024-10-26T20:39:16.766+0000] {logging_mixin.py:190} INFO - [2024-10-26T20:39:16.766+0000] {dag.py:3239} INFO - Sync 1 DAGs
[2024-10-26T20:39:16.797+0000] {logging_mixin.py:190} INFO - [2024-10-26T20:39:16.797+0000] {dag.py:4180} INFO - Setting next_dagrun for example_sla_dag to 2024-10-26 20:36:00+00:00, run_after=2024-10-26 20:38:00+00:00
[2024-10-26T20:39:16.822+0000] {processor.py:208} INFO - Processing /home/airflow/.local/lib/python3.12/site-packages/airflow/example_dags/example_sla_dag.py took 0.105 seconds
[2024-10-26T20:39:47.455+0000] {processor.py:186} INFO - Started process (PID=23684) to work on /home/airflow/.local/lib/python3.12/site-packages/airflow/example_dags/example_sla_dag.py
[2024-10-26T20:39:47.457+0000] {processor.py:914} INFO - Processing file /home/airflow/.local/lib/python3.12/site-packages/airflow/example_dags/example_sla_dag.py for tasks to queue
[2024-10-26T20:39:47.459+0000] {logging_mixin.py:190} INFO - [2024-10-26T20:39:47.459+0000] {dagbag.py:588} INFO - Filling up the DagBag from /home/airflow/.local/lib/python3.12/site-packages/airflow/example_dags/example_sla_dag.py
[2024-10-26T20:39:47.470+0000] {processor.py:925} INFO - DAG(s) 'example_sla_dag' retrieved from /home/airflow/.local/lib/python3.12/site-packages/airflow/example_dags/example_sla_dag.py
[2024-10-26T20:39:47.496+0000] {logging_mixin.py:190} INFO - [2024-10-26T20:39:47.496+0000] {dag.py:3239} INFO - Sync 1 DAGs
[2024-10-26T20:39:47.532+0000] {logging_mixin.py:190} INFO - [2024-10-26T20:39:47.532+0000] {dag.py:4180} INFO - Setting next_dagrun for example_sla_dag to 2024-10-26 20:36:00+00:00, run_after=2024-10-26 20:38:00+00:00
[2024-10-26T20:39:47.556+0000] {processor.py:208} INFO - Processing /home/airflow/.local/lib/python3.12/site-packages/airflow/example_dags/example_sla_dag.py took 0.109 seconds
[2024-10-26T20:40:17.780+0000] {processor.py:186} INFO - Started process (PID=23748) to work on /home/airflow/.local/lib/python3.12/site-packages/airflow/example_dags/example_sla_dag.py
[2024-10-26T20:40:17.781+0000] {processor.py:914} INFO - Processing file /home/airflow/.local/lib/python3.12/site-packages/airflow/example_dags/example_sla_dag.py for tasks to queue
[2024-10-26T20:40:17.785+0000] {logging_mixin.py:190} INFO - [2024-10-26T20:40:17.784+0000] {dagbag.py:588} INFO - Filling up the DagBag from /home/airflow/.local/lib/python3.12/site-packages/airflow/example_dags/example_sla_dag.py
[2024-10-26T20:40:17.797+0000] {processor.py:925} INFO - DAG(s) 'example_sla_dag' retrieved from /home/airflow/.local/lib/python3.12/site-packages/airflow/example_dags/example_sla_dag.py
[2024-10-26T20:40:17.817+0000] {logging_mixin.py:190} INFO - [2024-10-26T20:40:17.816+0000] {dag.py:3239} INFO - Sync 1 DAGs
[2024-10-26T20:40:17.845+0000] {logging_mixin.py:190} INFO - [2024-10-26T20:40:17.844+0000] {dag.py:4180} INFO - Setting next_dagrun for example_sla_dag to 2024-10-26 20:38:00+00:00, run_after=2024-10-26 20:40:00+00:00
[2024-10-26T20:40:17.871+0000] {processor.py:208} INFO - Processing /home/airflow/.local/lib/python3.12/site-packages/airflow/example_dags/example_sla_dag.py took 0.100 seconds
[2024-10-26T20:40:49.651+0000] {processor.py:186} INFO - Started process (PID=23813) to work on /home/airflow/.local/lib/python3.12/site-packages/airflow/example_dags/example_sla_dag.py
[2024-10-26T20:40:49.652+0000] {processor.py:914} INFO - Processing file /home/airflow/.local/lib/python3.12/site-packages/airflow/example_dags/example_sla_dag.py for tasks to queue
[2024-10-26T20:40:49.655+0000] {logging_mixin.py:190} INFO - [2024-10-26T20:40:49.654+0000] {dagbag.py:588} INFO - Filling up the DagBag from /home/airflow/.local/lib/python3.12/site-packages/airflow/example_dags/example_sla_dag.py
[2024-10-26T20:40:49.668+0000] {processor.py:925} INFO - DAG(s) 'example_sla_dag' retrieved from /home/airflow/.local/lib/python3.12/site-packages/airflow/example_dags/example_sla_dag.py
[2024-10-26T20:40:49.688+0000] {logging_mixin.py:190} INFO - [2024-10-26T20:40:49.688+0000] {dag.py:3239} INFO - Sync 1 DAGs
[2024-10-26T20:40:49.710+0000] {logging_mixin.py:190} INFO - [2024-10-26T20:40:49.710+0000] {dag.py:4180} INFO - Setting next_dagrun for example_sla_dag to 2024-10-26 20:38:00+00:00, run_after=2024-10-26 20:40:00+00:00
[2024-10-26T20:40:49.728+0000] {processor.py:208} INFO - Processing /home/airflow/.local/lib/python3.12/site-packages/airflow/example_dags/example_sla_dag.py took 0.085 seconds
[2024-10-26T20:41:22.097+0000] {processor.py:186} INFO - Started process (PID=23877) to work on /home/airflow/.local/lib/python3.12/site-packages/airflow/example_dags/example_sla_dag.py
[2024-10-26T20:41:22.098+0000] {processor.py:914} INFO - Processing file /home/airflow/.local/lib/python3.12/site-packages/airflow/example_dags/example_sla_dag.py for tasks to queue
[2024-10-26T20:41:22.100+0000] {logging_mixin.py:190} INFO - [2024-10-26T20:41:22.100+0000] {dagbag.py:588} INFO - Filling up the DagBag from /home/airflow/.local/lib/python3.12/site-packages/airflow/example_dags/example_sla_dag.py
[2024-10-26T20:41:22.109+0000] {processor.py:925} INFO - DAG(s) 'example_sla_dag' retrieved from /home/airflow/.local/lib/python3.12/site-packages/airflow/example_dags/example_sla_dag.py
[2024-10-26T20:41:22.127+0000] {logging_mixin.py:190} INFO - [2024-10-26T20:41:22.127+0000] {dag.py:3239} INFO - Sync 1 DAGs
[2024-10-26T20:41:22.151+0000] {logging_mixin.py:190} INFO - [2024-10-26T20:41:22.151+0000] {dag.py:4180} INFO - Setting next_dagrun for example_sla_dag to 2024-10-26 20:38:00+00:00, run_after=2024-10-26 20:40:00+00:00
[2024-10-26T20:41:22.172+0000] {processor.py:208} INFO - Processing /home/airflow/.local/lib/python3.12/site-packages/airflow/example_dags/example_sla_dag.py took 0.081 seconds
[2024-10-26T20:41:54.893+0000] {processor.py:186} INFO - Started process (PID=23941) to work on /home/airflow/.local/lib/python3.12/site-packages/airflow/example_dags/example_sla_dag.py
[2024-10-26T20:41:54.894+0000] {processor.py:914} INFO - Processing file /home/airflow/.local/lib/python3.12/site-packages/airflow/example_dags/example_sla_dag.py for tasks to queue
[2024-10-26T20:41:54.897+0000] {logging_mixin.py:190} INFO - [2024-10-26T20:41:54.897+0000] {dagbag.py:588} INFO - Filling up the DagBag from /home/airflow/.local/lib/python3.12/site-packages/airflow/example_dags/example_sla_dag.py
[2024-10-26T20:41:54.906+0000] {processor.py:925} INFO - DAG(s) 'example_sla_dag' retrieved from /home/airflow/.local/lib/python3.12/site-packages/airflow/example_dags/example_sla_dag.py
[2024-10-26T20:41:54.925+0000] {logging_mixin.py:190} INFO - [2024-10-26T20:41:54.925+0000] {dag.py:3239} INFO - Sync 1 DAGs
[2024-10-26T20:41:54.950+0000] {logging_mixin.py:190} INFO - [2024-10-26T20:41:54.950+0000] {dag.py:4180} INFO - Setting next_dagrun for example_sla_dag to 2024-10-26 20:38:00+00:00, run_after=2024-10-26 20:40:00+00:00
[2024-10-26T20:41:54.972+0000] {processor.py:208} INFO - Processing /home/airflow/.local/lib/python3.12/site-packages/airflow/example_dags/example_sla_dag.py took 0.084 seconds
[2024-10-26T20:42:27.611+0000] {processor.py:186} INFO - Started process (PID=24005) to work on /home/airflow/.local/lib/python3.12/site-packages/airflow/example_dags/example_sla_dag.py
[2024-10-26T20:42:27.612+0000] {processor.py:914} INFO - Processing file /home/airflow/.local/lib/python3.12/site-packages/airflow/example_dags/example_sla_dag.py for tasks to queue
[2024-10-26T20:42:27.615+0000] {logging_mixin.py:190} INFO - [2024-10-26T20:42:27.615+0000] {dagbag.py:588} INFO - Filling up the DagBag from /home/airflow/.local/lib/python3.12/site-packages/airflow/example_dags/example_sla_dag.py
[2024-10-26T20:42:27.626+0000] {processor.py:925} INFO - DAG(s) 'example_sla_dag' retrieved from /home/airflow/.local/lib/python3.12/site-packages/airflow/example_dags/example_sla_dag.py
[2024-10-26T20:42:27.645+0000] {logging_mixin.py:190} INFO - [2024-10-26T20:42:27.644+0000] {dag.py:3239} INFO - Sync 1 DAGs
[2024-10-26T20:42:27.667+0000] {logging_mixin.py:190} INFO - [2024-10-26T20:42:27.667+0000] {dag.py:4180} INFO - Setting next_dagrun for example_sla_dag to 2024-10-26 20:40:00+00:00, run_after=2024-10-26 20:42:00+00:00
[2024-10-26T20:42:27.687+0000] {processor.py:208} INFO - Processing /home/airflow/.local/lib/python3.12/site-packages/airflow/example_dags/example_sla_dag.py took 0.082 seconds
[2024-10-26T20:43:00.107+0000] {processor.py:186} INFO - Started process (PID=24069) to work on /home/airflow/.local/lib/python3.12/site-packages/airflow/example_dags/example_sla_dag.py
[2024-10-26T20:43:00.108+0000] {processor.py:914} INFO - Processing file /home/airflow/.local/lib/python3.12/site-packages/airflow/example_dags/example_sla_dag.py for tasks to queue
[2024-10-26T20:43:00.111+0000] {logging_mixin.py:190} INFO - [2024-10-26T20:43:00.110+0000] {dagbag.py:588} INFO - Filling up the DagBag from /home/airflow/.local/lib/python3.12/site-packages/airflow/example_dags/example_sla_dag.py
[2024-10-26T20:43:00.121+0000] {processor.py:925} INFO - DAG(s) 'example_sla_dag' retrieved from /home/airflow/.local/lib/python3.12/site-packages/airflow/example_dags/example_sla_dag.py
[2024-10-26T20:43:00.141+0000] {logging_mixin.py:190} INFO - [2024-10-26T20:43:00.141+0000] {dag.py:3239} INFO - Sync 1 DAGs
[2024-10-26T20:43:00.164+0000] {logging_mixin.py:190} INFO - [2024-10-26T20:43:00.163+0000] {dag.py:4180} INFO - Setting next_dagrun for example_sla_dag to 2024-10-26 20:40:00+00:00, run_after=2024-10-26 20:42:00+00:00
[2024-10-26T20:43:00.181+0000] {processor.py:208} INFO - Processing /home/airflow/.local/lib/python3.12/site-packages/airflow/example_dags/example_sla_dag.py took 0.080 seconds
[2024-10-26T20:43:32.787+0000] {processor.py:186} INFO - Started process (PID=24132) to work on /home/airflow/.local/lib/python3.12/site-packages/airflow/example_dags/example_sla_dag.py
[2024-10-26T20:43:32.788+0000] {processor.py:914} INFO - Processing file /home/airflow/.local/lib/python3.12/site-packages/airflow/example_dags/example_sla_dag.py for tasks to queue
[2024-10-26T20:43:32.791+0000] {logging_mixin.py:190} INFO - [2024-10-26T20:43:32.791+0000] {dagbag.py:588} INFO - Filling up the DagBag from /home/airflow/.local/lib/python3.12/site-packages/airflow/example_dags/example_sla_dag.py
[2024-10-26T20:43:32.803+0000] {processor.py:925} INFO - DAG(s) 'example_sla_dag' retrieved from /home/airflow/.local/lib/python3.12/site-packages/airflow/example_dags/example_sla_dag.py
[2024-10-26T20:43:32.823+0000] {logging_mixin.py:190} INFO - [2024-10-26T20:43:32.823+0000] {dag.py:3239} INFO - Sync 1 DAGs
[2024-10-26T20:43:32.846+0000] {logging_mixin.py:190} INFO - [2024-10-26T20:43:32.846+0000] {dag.py:4180} INFO - Setting next_dagrun for example_sla_dag to 2024-10-26 20:40:00+00:00, run_after=2024-10-26 20:42:00+00:00
[2024-10-26T20:43:32.865+0000] {processor.py:208} INFO - Processing /home/airflow/.local/lib/python3.12/site-packages/airflow/example_dags/example_sla_dag.py took 0.084 seconds
[2024-10-26T20:44:05.676+0000] {processor.py:186} INFO - Started process (PID=24196) to work on /home/airflow/.local/lib/python3.12/site-packages/airflow/example_dags/example_sla_dag.py
[2024-10-26T20:44:05.677+0000] {processor.py:914} INFO - Processing file /home/airflow/.local/lib/python3.12/site-packages/airflow/example_dags/example_sla_dag.py for tasks to queue
[2024-10-26T20:44:05.680+0000] {logging_mixin.py:190} INFO - [2024-10-26T20:44:05.679+0000] {dagbag.py:588} INFO - Filling up the DagBag from /home/airflow/.local/lib/python3.12/site-packages/airflow/example_dags/example_sla_dag.py
[2024-10-26T20:44:05.688+0000] {processor.py:925} INFO - DAG(s) 'example_sla_dag' retrieved from /home/airflow/.local/lib/python3.12/site-packages/airflow/example_dags/example_sla_dag.py
[2024-10-26T20:44:05.708+0000] {logging_mixin.py:190} INFO - [2024-10-26T20:44:05.708+0000] {dag.py:3239} INFO - Sync 1 DAGs
[2024-10-26T20:44:05.732+0000] {logging_mixin.py:190} INFO - [2024-10-26T20:44:05.732+0000] {dag.py:4180} INFO - Setting next_dagrun for example_sla_dag to 2024-10-26 20:42:00+00:00, run_after=2024-10-26 20:44:00+00:00
[2024-10-26T20:44:05.754+0000] {processor.py:208} INFO - Processing /home/airflow/.local/lib/python3.12/site-packages/airflow/example_dags/example_sla_dag.py took 0.084 seconds
[2024-10-26T20:44:38.453+0000] {processor.py:186} INFO - Started process (PID=24260) to work on /home/airflow/.local/lib/python3.12/site-packages/airflow/example_dags/example_sla_dag.py
[2024-10-26T20:44:38.454+0000] {processor.py:914} INFO - Processing file /home/airflow/.local/lib/python3.12/site-packages/airflow/example_dags/example_sla_dag.py for tasks to queue
[2024-10-26T20:44:38.457+0000] {logging_mixin.py:190} INFO - [2024-10-26T20:44:38.457+0000] {dagbag.py:588} INFO - Filling up the DagBag from /home/airflow/.local/lib/python3.12/site-packages/airflow/example_dags/example_sla_dag.py
[2024-10-26T20:44:38.467+0000] {processor.py:925} INFO - DAG(s) 'example_sla_dag' retrieved from /home/airflow/.local/lib/python3.12/site-packages/airflow/example_dags/example_sla_dag.py
[2024-10-26T20:44:38.493+0000] {logging_mixin.py:190} INFO - [2024-10-26T20:44:38.493+0000] {dag.py:3239} INFO - Sync 1 DAGs
[2024-10-26T20:44:38.518+0000] {logging_mixin.py:190} INFO - [2024-10-26T20:44:38.518+0000] {dag.py:4180} INFO - Setting next_dagrun for example_sla_dag to 2024-10-26 20:42:00+00:00, run_after=2024-10-26 20:44:00+00:00
[2024-10-26T20:44:38.540+0000] {processor.py:208} INFO - Processing /home/airflow/.local/lib/python3.12/site-packages/airflow/example_dags/example_sla_dag.py took 0.094 seconds
[2024-10-26T20:45:11.306+0000] {processor.py:186} INFO - Started process (PID=24324) to work on /home/airflow/.local/lib/python3.12/site-packages/airflow/example_dags/example_sla_dag.py
[2024-10-26T20:45:11.308+0000] {processor.py:914} INFO - Processing file /home/airflow/.local/lib/python3.12/site-packages/airflow/example_dags/example_sla_dag.py for tasks to queue
[2024-10-26T20:45:11.311+0000] {logging_mixin.py:190} INFO - [2024-10-26T20:45:11.311+0000] {dagbag.py:588} INFO - Filling up the DagBag from /home/airflow/.local/lib/python3.12/site-packages/airflow/example_dags/example_sla_dag.py
[2024-10-26T20:45:11.321+0000] {processor.py:925} INFO - DAG(s) 'example_sla_dag' retrieved from /home/airflow/.local/lib/python3.12/site-packages/airflow/example_dags/example_sla_dag.py
[2024-10-26T20:45:11.338+0000] {logging_mixin.py:190} INFO - [2024-10-26T20:45:11.338+0000] {dag.py:3239} INFO - Sync 1 DAGs
[2024-10-26T20:45:11.360+0000] {logging_mixin.py:190} INFO - [2024-10-26T20:45:11.360+0000] {dag.py:4180} INFO - Setting next_dagrun for example_sla_dag to 2024-10-26 20:42:00+00:00, run_after=2024-10-26 20:44:00+00:00
[2024-10-26T20:45:11.379+0000] {processor.py:208} INFO - Processing /home/airflow/.local/lib/python3.12/site-packages/airflow/example_dags/example_sla_dag.py took 0.080 seconds
[2024-10-26T20:45:41.607+0000] {processor.py:186} INFO - Started process (PID=24349) to work on /home/airflow/.local/lib/python3.12/site-packages/airflow/example_dags/example_sla_dag.py
[2024-10-26T20:45:41.608+0000] {processor.py:914} INFO - Processing file /home/airflow/.local/lib/python3.12/site-packages/airflow/example_dags/example_sla_dag.py for tasks to queue
[2024-10-26T20:45:41.610+0000] {logging_mixin.py:190} INFO - [2024-10-26T20:45:41.610+0000] {dagbag.py:588} INFO - Filling up the DagBag from /home/airflow/.local/lib/python3.12/site-packages/airflow/example_dags/example_sla_dag.py
[2024-10-26T20:45:41.619+0000] {processor.py:925} INFO - DAG(s) 'example_sla_dag' retrieved from /home/airflow/.local/lib/python3.12/site-packages/airflow/example_dags/example_sla_dag.py
[2024-10-26T20:45:41.638+0000] {logging_mixin.py:190} INFO - [2024-10-26T20:45:41.638+0000] {dag.py:3239} INFO - Sync 1 DAGs
[2024-10-26T20:45:41.662+0000] {logging_mixin.py:190} INFO - [2024-10-26T20:45:41.661+0000] {dag.py:4180} INFO - Setting next_dagrun for example_sla_dag to 2024-10-26 20:42:00+00:00, run_after=2024-10-26 20:44:00+00:00
[2024-10-26T20:45:41.686+0000] {processor.py:208} INFO - Processing /home/airflow/.local/lib/python3.12/site-packages/airflow/example_dags/example_sla_dag.py took 0.085 seconds
[2024-10-26T20:46:14.500+0000] {processor.py:186} INFO - Started process (PID=24413) to work on /home/airflow/.local/lib/python3.12/site-packages/airflow/example_dags/example_sla_dag.py
[2024-10-26T20:46:14.501+0000] {processor.py:914} INFO - Processing file /home/airflow/.local/lib/python3.12/site-packages/airflow/example_dags/example_sla_dag.py for tasks to queue
[2024-10-26T20:46:14.503+0000] {logging_mixin.py:190} INFO - [2024-10-26T20:46:14.503+0000] {dagbag.py:588} INFO - Filling up the DagBag from /home/airflow/.local/lib/python3.12/site-packages/airflow/example_dags/example_sla_dag.py
[2024-10-26T20:46:14.512+0000] {processor.py:925} INFO - DAG(s) 'example_sla_dag' retrieved from /home/airflow/.local/lib/python3.12/site-packages/airflow/example_dags/example_sla_dag.py
[2024-10-26T20:46:14.529+0000] {logging_mixin.py:190} INFO - [2024-10-26T20:46:14.529+0000] {dag.py:3239} INFO - Sync 1 DAGs
[2024-10-26T20:46:14.551+0000] {logging_mixin.py:190} INFO - [2024-10-26T20:46:14.551+0000] {dag.py:4180} INFO - Setting next_dagrun for example_sla_dag to 2024-10-26 20:44:00+00:00, run_after=2024-10-26 20:46:00+00:00
[2024-10-26T20:46:14.572+0000] {processor.py:208} INFO - Processing /home/airflow/.local/lib/python3.12/site-packages/airflow/example_dags/example_sla_dag.py took 0.078 seconds
[2024-10-26T20:46:46.269+0000] {processor.py:186} INFO - Started process (PID=24478) to work on /home/airflow/.local/lib/python3.12/site-packages/airflow/example_dags/example_sla_dag.py
[2024-10-26T20:46:46.270+0000] {processor.py:914} INFO - Processing file /home/airflow/.local/lib/python3.12/site-packages/airflow/example_dags/example_sla_dag.py for tasks to queue
[2024-10-26T20:46:46.273+0000] {logging_mixin.py:190} INFO - [2024-10-26T20:46:46.272+0000] {dagbag.py:588} INFO - Filling up the DagBag from /home/airflow/.local/lib/python3.12/site-packages/airflow/example_dags/example_sla_dag.py
[2024-10-26T20:46:46.282+0000] {processor.py:925} INFO - DAG(s) 'example_sla_dag' retrieved from /home/airflow/.local/lib/python3.12/site-packages/airflow/example_dags/example_sla_dag.py
[2024-10-26T20:46:46.301+0000] {logging_mixin.py:190} INFO - [2024-10-26T20:46:46.301+0000] {dag.py:3239} INFO - Sync 1 DAGs
[2024-10-26T20:46:46.324+0000] {logging_mixin.py:190} INFO - [2024-10-26T20:46:46.324+0000] {dag.py:4180} INFO - Setting next_dagrun for example_sla_dag to 2024-10-26 20:44:00+00:00, run_after=2024-10-26 20:46:00+00:00
[2024-10-26T20:46:46.346+0000] {processor.py:208} INFO - Processing /home/airflow/.local/lib/python3.12/site-packages/airflow/example_dags/example_sla_dag.py took 0.082 seconds
[2024-10-26T20:47:19.167+0000] {processor.py:186} INFO - Started process (PID=24542) to work on /home/airflow/.local/lib/python3.12/site-packages/airflow/example_dags/example_sla_dag.py
[2024-10-26T20:47:19.168+0000] {processor.py:914} INFO - Processing file /home/airflow/.local/lib/python3.12/site-packages/airflow/example_dags/example_sla_dag.py for tasks to queue
[2024-10-26T20:47:19.170+0000] {logging_mixin.py:190} INFO - [2024-10-26T20:47:19.170+0000] {dagbag.py:588} INFO - Filling up the DagBag from /home/airflow/.local/lib/python3.12/site-packages/airflow/example_dags/example_sla_dag.py
[2024-10-26T20:47:19.179+0000] {processor.py:925} INFO - DAG(s) 'example_sla_dag' retrieved from /home/airflow/.local/lib/python3.12/site-packages/airflow/example_dags/example_sla_dag.py
[2024-10-26T20:47:19.197+0000] {logging_mixin.py:190} INFO - [2024-10-26T20:47:19.196+0000] {dag.py:3239} INFO - Sync 1 DAGs
[2024-10-26T20:47:19.218+0000] {logging_mixin.py:190} INFO - [2024-10-26T20:47:19.218+0000] {dag.py:4180} INFO - Setting next_dagrun for example_sla_dag to 2024-10-26 20:44:00+00:00, run_after=2024-10-26 20:46:00+00:00
[2024-10-26T20:47:19.238+0000] {processor.py:208} INFO - Processing /home/airflow/.local/lib/python3.12/site-packages/airflow/example_dags/example_sla_dag.py took 0.077 seconds
[2024-10-26T20:47:51.933+0000] {processor.py:186} INFO - Started process (PID=24606) to work on /home/airflow/.local/lib/python3.12/site-packages/airflow/example_dags/example_sla_dag.py
[2024-10-26T20:47:51.934+0000] {processor.py:914} INFO - Processing file /home/airflow/.local/lib/python3.12/site-packages/airflow/example_dags/example_sla_dag.py for tasks to queue
[2024-10-26T20:47:51.936+0000] {logging_mixin.py:190} INFO - [2024-10-26T20:47:51.935+0000] {dagbag.py:588} INFO - Filling up the DagBag from /home/airflow/.local/lib/python3.12/site-packages/airflow/example_dags/example_sla_dag.py
[2024-10-26T20:47:51.944+0000] {processor.py:925} INFO - DAG(s) 'example_sla_dag' retrieved from /home/airflow/.local/lib/python3.12/site-packages/airflow/example_dags/example_sla_dag.py
[2024-10-26T20:47:51.962+0000] {logging_mixin.py:190} INFO - [2024-10-26T20:47:51.961+0000] {dag.py:3239} INFO - Sync 1 DAGs
[2024-10-26T20:47:51.986+0000] {logging_mixin.py:190} INFO - [2024-10-26T20:47:51.986+0000] {dag.py:4180} INFO - Setting next_dagrun for example_sla_dag to 2024-10-26 20:44:00+00:00, run_after=2024-10-26 20:46:00+00:00
[2024-10-26T20:47:52.007+0000] {processor.py:208} INFO - Processing /home/airflow/.local/lib/python3.12/site-packages/airflow/example_dags/example_sla_dag.py took 0.079 seconds
[2024-10-26T20:48:24.739+0000] {processor.py:186} INFO - Started process (PID=24670) to work on /home/airflow/.local/lib/python3.12/site-packages/airflow/example_dags/example_sla_dag.py
[2024-10-26T20:48:24.741+0000] {processor.py:914} INFO - Processing file /home/airflow/.local/lib/python3.12/site-packages/airflow/example_dags/example_sla_dag.py for tasks to queue
[2024-10-26T20:48:24.743+0000] {logging_mixin.py:190} INFO - [2024-10-26T20:48:24.743+0000] {dagbag.py:588} INFO - Filling up the DagBag from /home/airflow/.local/lib/python3.12/site-packages/airflow/example_dags/example_sla_dag.py
[2024-10-26T20:48:24.754+0000] {processor.py:925} INFO - DAG(s) 'example_sla_dag' retrieved from /home/airflow/.local/lib/python3.12/site-packages/airflow/example_dags/example_sla_dag.py
[2024-10-26T20:48:24.774+0000] {logging_mixin.py:190} INFO - [2024-10-26T20:48:24.773+0000] {dag.py:3239} INFO - Sync 1 DAGs
[2024-10-26T20:48:24.797+0000] {logging_mixin.py:190} INFO - [2024-10-26T20:48:24.796+0000] {dag.py:4180} INFO - Setting next_dagrun for example_sla_dag to 2024-10-26 20:46:00+00:00, run_after=2024-10-26 20:48:00+00:00
[2024-10-26T20:48:24.816+0000] {processor.py:208} INFO - Processing /home/airflow/.local/lib/python3.12/site-packages/airflow/example_dags/example_sla_dag.py took 0.084 seconds
[2024-10-26T20:48:57.594+0000] {processor.py:186} INFO - Started process (PID=24734) to work on /home/airflow/.local/lib/python3.12/site-packages/airflow/example_dags/example_sla_dag.py
[2024-10-26T20:48:57.595+0000] {processor.py:914} INFO - Processing file /home/airflow/.local/lib/python3.12/site-packages/airflow/example_dags/example_sla_dag.py for tasks to queue
[2024-10-26T20:48:57.598+0000] {logging_mixin.py:190} INFO - [2024-10-26T20:48:57.597+0000] {dagbag.py:588} INFO - Filling up the DagBag from /home/airflow/.local/lib/python3.12/site-packages/airflow/example_dags/example_sla_dag.py
[2024-10-26T20:48:57.607+0000] {processor.py:925} INFO - DAG(s) 'example_sla_dag' retrieved from /home/airflow/.local/lib/python3.12/site-packages/airflow/example_dags/example_sla_dag.py
[2024-10-26T20:48:57.625+0000] {logging_mixin.py:190} INFO - [2024-10-26T20:48:57.625+0000] {dag.py:3239} INFO - Sync 1 DAGs
[2024-10-26T20:48:57.648+0000] {logging_mixin.py:190} INFO - [2024-10-26T20:48:57.648+0000] {dag.py:4180} INFO - Setting next_dagrun for example_sla_dag to 2024-10-26 20:46:00+00:00, run_after=2024-10-26 20:48:00+00:00
[2024-10-26T20:48:57.672+0000] {processor.py:208} INFO - Processing /home/airflow/.local/lib/python3.12/site-packages/airflow/example_dags/example_sla_dag.py took 0.084 seconds
[2024-10-26T20:49:30.557+0000] {processor.py:186} INFO - Started process (PID=24798) to work on /home/airflow/.local/lib/python3.12/site-packages/airflow/example_dags/example_sla_dag.py
[2024-10-26T20:49:30.558+0000] {processor.py:914} INFO - Processing file /home/airflow/.local/lib/python3.12/site-packages/airflow/example_dags/example_sla_dag.py for tasks to queue
[2024-10-26T20:49:30.560+0000] {logging_mixin.py:190} INFO - [2024-10-26T20:49:30.559+0000] {dagbag.py:588} INFO - Filling up the DagBag from /home/airflow/.local/lib/python3.12/site-packages/airflow/example_dags/example_sla_dag.py
[2024-10-26T20:49:30.568+0000] {processor.py:925} INFO - DAG(s) 'example_sla_dag' retrieved from /home/airflow/.local/lib/python3.12/site-packages/airflow/example_dags/example_sla_dag.py
[2024-10-26T20:49:30.588+0000] {logging_mixin.py:190} INFO - [2024-10-26T20:49:30.588+0000] {dag.py:3239} INFO - Sync 1 DAGs
[2024-10-26T20:49:30.611+0000] {logging_mixin.py:190} INFO - [2024-10-26T20:49:30.610+0000] {dag.py:4180} INFO - Setting next_dagrun for example_sla_dag to 2024-10-26 20:46:00+00:00, run_after=2024-10-26 20:48:00+00:00
[2024-10-26T20:49:30.634+0000] {processor.py:208} INFO - Processing /home/airflow/.local/lib/python3.12/site-packages/airflow/example_dags/example_sla_dag.py took 0.083 seconds
[2024-10-26T20:50:03.513+0000] {processor.py:186} INFO - Started process (PID=24862) to work on /home/airflow/.local/lib/python3.12/site-packages/airflow/example_dags/example_sla_dag.py
[2024-10-26T20:50:03.515+0000] {processor.py:914} INFO - Processing file /home/airflow/.local/lib/python3.12/site-packages/airflow/example_dags/example_sla_dag.py for tasks to queue
[2024-10-26T20:50:03.517+0000] {logging_mixin.py:190} INFO - [2024-10-26T20:50:03.516+0000] {dagbag.py:588} INFO - Filling up the DagBag from /home/airflow/.local/lib/python3.12/site-packages/airflow/example_dags/example_sla_dag.py
[2024-10-26T20:50:03.525+0000] {processor.py:925} INFO - DAG(s) 'example_sla_dag' retrieved from /home/airflow/.local/lib/python3.12/site-packages/airflow/example_dags/example_sla_dag.py
[2024-10-26T20:50:03.545+0000] {logging_mixin.py:190} INFO - [2024-10-26T20:50:03.545+0000] {dag.py:3239} INFO - Sync 1 DAGs
[2024-10-26T20:50:03.567+0000] {logging_mixin.py:190} INFO - [2024-10-26T20:50:03.567+0000] {dag.py:4180} INFO - Setting next_dagrun for example_sla_dag to 2024-10-26 20:48:00+00:00, run_after=2024-10-26 20:50:00+00:00
[2024-10-26T20:50:03.586+0000] {processor.py:208} INFO - Processing /home/airflow/.local/lib/python3.12/site-packages/airflow/example_dags/example_sla_dag.py took 0.078 seconds
[2024-10-26T20:50:36.320+0000] {processor.py:186} INFO - Started process (PID=24926) to work on /home/airflow/.local/lib/python3.12/site-packages/airflow/example_dags/example_sla_dag.py
[2024-10-26T20:50:36.321+0000] {processor.py:914} INFO - Processing file /home/airflow/.local/lib/python3.12/site-packages/airflow/example_dags/example_sla_dag.py for tasks to queue
[2024-10-26T20:50:36.323+0000] {logging_mixin.py:190} INFO - [2024-10-26T20:50:36.323+0000] {dagbag.py:588} INFO - Filling up the DagBag from /home/airflow/.local/lib/python3.12/site-packages/airflow/example_dags/example_sla_dag.py
[2024-10-26T20:50:36.333+0000] {processor.py:925} INFO - DAG(s) 'example_sla_dag' retrieved from /home/airflow/.local/lib/python3.12/site-packages/airflow/example_dags/example_sla_dag.py
[2024-10-26T20:50:36.352+0000] {logging_mixin.py:190} INFO - [2024-10-26T20:50:36.351+0000] {dag.py:3239} INFO - Sync 1 DAGs
[2024-10-26T20:50:36.374+0000] {logging_mixin.py:190} INFO - [2024-10-26T20:50:36.374+0000] {dag.py:4180} INFO - Setting next_dagrun for example_sla_dag to 2024-10-26 20:48:00+00:00, run_after=2024-10-26 20:50:00+00:00
[2024-10-26T20:50:36.398+0000] {processor.py:208} INFO - Processing /home/airflow/.local/lib/python3.12/site-packages/airflow/example_dags/example_sla_dag.py took 0.083 seconds
[2024-10-26T20:51:08.298+0000] {processor.py:186} INFO - Started process (PID=24990) to work on /home/airflow/.local/lib/python3.12/site-packages/airflow/example_dags/example_sla_dag.py
[2024-10-26T20:51:08.299+0000] {processor.py:914} INFO - Processing file /home/airflow/.local/lib/python3.12/site-packages/airflow/example_dags/example_sla_dag.py for tasks to queue
[2024-10-26T20:51:08.301+0000] {logging_mixin.py:190} INFO - [2024-10-26T20:51:08.301+0000] {dagbag.py:588} INFO - Filling up the DagBag from /home/airflow/.local/lib/python3.12/site-packages/airflow/example_dags/example_sla_dag.py
[2024-10-26T20:51:08.311+0000] {processor.py:925} INFO - DAG(s) 'example_sla_dag' retrieved from /home/airflow/.local/lib/python3.12/site-packages/airflow/example_dags/example_sla_dag.py
[2024-10-26T20:51:08.328+0000] {logging_mixin.py:190} INFO - [2024-10-26T20:51:08.327+0000] {dag.py:3239} INFO - Sync 1 DAGs
[2024-10-26T20:51:08.354+0000] {logging_mixin.py:190} INFO - [2024-10-26T20:51:08.354+0000] {dag.py:4180} INFO - Setting next_dagrun for example_sla_dag to 2024-10-26 20:48:00+00:00, run_after=2024-10-26 20:50:00+00:00
[2024-10-26T20:51:08.376+0000] {processor.py:208} INFO - Processing /home/airflow/.local/lib/python3.12/site-packages/airflow/example_dags/example_sla_dag.py took 0.082 seconds
[2024-10-26T20:51:41.025+0000] {processor.py:186} INFO - Started process (PID=25054) to work on /home/airflow/.local/lib/python3.12/site-packages/airflow/example_dags/example_sla_dag.py
[2024-10-26T20:51:41.026+0000] {processor.py:914} INFO - Processing file /home/airflow/.local/lib/python3.12/site-packages/airflow/example_dags/example_sla_dag.py for tasks to queue
[2024-10-26T20:51:41.029+0000] {logging_mixin.py:190} INFO - [2024-10-26T20:51:41.029+0000] {dagbag.py:588} INFO - Filling up the DagBag from /home/airflow/.local/lib/python3.12/site-packages/airflow/example_dags/example_sla_dag.py
[2024-10-26T20:51:41.038+0000] {processor.py:925} INFO - DAG(s) 'example_sla_dag' retrieved from /home/airflow/.local/lib/python3.12/site-packages/airflow/example_dags/example_sla_dag.py
[2024-10-26T20:51:41.055+0000] {logging_mixin.py:190} INFO - [2024-10-26T20:51:41.055+0000] {dag.py:3239} INFO - Sync 1 DAGs
[2024-10-26T20:51:41.079+0000] {logging_mixin.py:190} INFO - [2024-10-26T20:51:41.078+0000] {dag.py:4180} INFO - Setting next_dagrun for example_sla_dag to 2024-10-26 20:48:00+00:00, run_after=2024-10-26 20:50:00+00:00
[2024-10-26T20:51:41.100+0000] {processor.py:208} INFO - Processing /home/airflow/.local/lib/python3.12/site-packages/airflow/example_dags/example_sla_dag.py took 0.080 seconds
[2024-10-26T20:52:13.852+0000] {processor.py:186} INFO - Started process (PID=25118) to work on /home/airflow/.local/lib/python3.12/site-packages/airflow/example_dags/example_sla_dag.py
[2024-10-26T20:52:13.853+0000] {processor.py:914} INFO - Processing file /home/airflow/.local/lib/python3.12/site-packages/airflow/example_dags/example_sla_dag.py for tasks to queue
[2024-10-26T20:52:13.856+0000] {logging_mixin.py:190} INFO - [2024-10-26T20:52:13.856+0000] {dagbag.py:588} INFO - Filling up the DagBag from /home/airflow/.local/lib/python3.12/site-packages/airflow/example_dags/example_sla_dag.py
[2024-10-26T20:52:13.865+0000] {processor.py:925} INFO - DAG(s) 'example_sla_dag' retrieved from /home/airflow/.local/lib/python3.12/site-packages/airflow/example_dags/example_sla_dag.py
[2024-10-26T20:52:13.882+0000] {logging_mixin.py:190} INFO - [2024-10-26T20:52:13.882+0000] {dag.py:3239} INFO - Sync 1 DAGs
[2024-10-26T20:52:13.903+0000] {logging_mixin.py:190} INFO - [2024-10-26T20:52:13.903+0000] {dag.py:4180} INFO - Setting next_dagrun for example_sla_dag to 2024-10-26 20:50:00+00:00, run_after=2024-10-26 20:52:00+00:00
[2024-10-26T20:52:13.925+0000] {processor.py:208} INFO - Processing /home/airflow/.local/lib/python3.12/site-packages/airflow/example_dags/example_sla_dag.py took 0.077 seconds
[2024-10-26T20:52:46.802+0000] {processor.py:186} INFO - Started process (PID=25182) to work on /home/airflow/.local/lib/python3.12/site-packages/airflow/example_dags/example_sla_dag.py
[2024-10-26T20:52:46.805+0000] {processor.py:914} INFO - Processing file /home/airflow/.local/lib/python3.12/site-packages/airflow/example_dags/example_sla_dag.py for tasks to queue
[2024-10-26T20:52:46.809+0000] {logging_mixin.py:190} INFO - [2024-10-26T20:52:46.809+0000] {dagbag.py:588} INFO - Filling up the DagBag from /home/airflow/.local/lib/python3.12/site-packages/airflow/example_dags/example_sla_dag.py
[2024-10-26T20:52:46.832+0000] {processor.py:925} INFO - DAG(s) 'example_sla_dag' retrieved from /home/airflow/.local/lib/python3.12/site-packages/airflow/example_dags/example_sla_dag.py
[2024-10-26T20:52:46.861+0000] {logging_mixin.py:190} INFO - [2024-10-26T20:52:46.860+0000] {dag.py:3239} INFO - Sync 1 DAGs
[2024-10-26T20:52:46.905+0000] {logging_mixin.py:190} INFO - [2024-10-26T20:52:46.905+0000] {dag.py:4180} INFO - Setting next_dagrun for example_sla_dag to 2024-10-26 20:50:00+00:00, run_after=2024-10-26 20:52:00+00:00
[2024-10-26T20:52:46.932+0000] {processor.py:208} INFO - Processing /home/airflow/.local/lib/python3.12/site-packages/airflow/example_dags/example_sla_dag.py took 0.138 seconds
[2024-10-26T20:53:20.058+0000] {processor.py:186} INFO - Started process (PID=25246) to work on /home/airflow/.local/lib/python3.12/site-packages/airflow/example_dags/example_sla_dag.py
[2024-10-26T20:53:20.059+0000] {processor.py:914} INFO - Processing file /home/airflow/.local/lib/python3.12/site-packages/airflow/example_dags/example_sla_dag.py for tasks to queue
[2024-10-26T20:53:20.061+0000] {logging_mixin.py:190} INFO - [2024-10-26T20:53:20.061+0000] {dagbag.py:588} INFO - Filling up the DagBag from /home/airflow/.local/lib/python3.12/site-packages/airflow/example_dags/example_sla_dag.py
[2024-10-26T20:53:20.073+0000] {processor.py:925} INFO - DAG(s) 'example_sla_dag' retrieved from /home/airflow/.local/lib/python3.12/site-packages/airflow/example_dags/example_sla_dag.py
[2024-10-26T20:53:20.092+0000] {logging_mixin.py:190} INFO - [2024-10-26T20:53:20.092+0000] {dag.py:3239} INFO - Sync 1 DAGs
[2024-10-26T20:53:20.121+0000] {logging_mixin.py:190} INFO - [2024-10-26T20:53:20.121+0000] {dag.py:4180} INFO - Setting next_dagrun for example_sla_dag to 2024-10-26 20:50:00+00:00, run_after=2024-10-26 20:52:00+00:00
[2024-10-26T20:53:20.160+0000] {processor.py:208} INFO - Processing /home/airflow/.local/lib/python3.12/site-packages/airflow/example_dags/example_sla_dag.py took 0.110 seconds
[2024-10-26T20:53:52.005+0000] {processor.py:186} INFO - Started process (PID=25310) to work on /home/airflow/.local/lib/python3.12/site-packages/airflow/example_dags/example_sla_dag.py
[2024-10-26T20:53:52.005+0000] {processor.py:914} INFO - Processing file /home/airflow/.local/lib/python3.12/site-packages/airflow/example_dags/example_sla_dag.py for tasks to queue
[2024-10-26T20:53:52.009+0000] {logging_mixin.py:190} INFO - [2024-10-26T20:53:52.008+0000] {dagbag.py:588} INFO - Filling up the DagBag from /home/airflow/.local/lib/python3.12/site-packages/airflow/example_dags/example_sla_dag.py
[2024-10-26T20:53:52.019+0000] {processor.py:925} INFO - DAG(s) 'example_sla_dag' retrieved from /home/airflow/.local/lib/python3.12/site-packages/airflow/example_dags/example_sla_dag.py
[2024-10-26T20:53:52.040+0000] {logging_mixin.py:190} INFO - [2024-10-26T20:53:52.040+0000] {dag.py:3239} INFO - Sync 1 DAGs
[2024-10-26T20:53:52.069+0000] {logging_mixin.py:190} INFO - [2024-10-26T20:53:52.068+0000] {dag.py:4180} INFO - Setting next_dagrun for example_sla_dag to 2024-10-26 20:50:00+00:00, run_after=2024-10-26 20:52:00+00:00
[2024-10-26T20:53:52.089+0000] {processor.py:208} INFO - Processing /home/airflow/.local/lib/python3.12/site-packages/airflow/example_dags/example_sla_dag.py took 0.090 seconds
[2024-10-26T20:54:24.636+0000] {processor.py:186} INFO - Started process (PID=25374) to work on /home/airflow/.local/lib/python3.12/site-packages/airflow/example_dags/example_sla_dag.py
[2024-10-26T20:54:24.638+0000] {processor.py:914} INFO - Processing file /home/airflow/.local/lib/python3.12/site-packages/airflow/example_dags/example_sla_dag.py for tasks to queue
[2024-10-26T20:54:24.640+0000] {logging_mixin.py:190} INFO - [2024-10-26T20:54:24.640+0000] {dagbag.py:588} INFO - Filling up the DagBag from /home/airflow/.local/lib/python3.12/site-packages/airflow/example_dags/example_sla_dag.py
[2024-10-26T20:54:24.649+0000] {processor.py:925} INFO - DAG(s) 'example_sla_dag' retrieved from /home/airflow/.local/lib/python3.12/site-packages/airflow/example_dags/example_sla_dag.py
[2024-10-26T20:54:24.668+0000] {logging_mixin.py:190} INFO - [2024-10-26T20:54:24.668+0000] {dag.py:3239} INFO - Sync 1 DAGs
[2024-10-26T20:54:24.692+0000] {logging_mixin.py:190} INFO - [2024-10-26T20:54:24.691+0000] {dag.py:4180} INFO - Setting next_dagrun for example_sla_dag to 2024-10-26 20:52:00+00:00, run_after=2024-10-26 20:54:00+00:00
[2024-10-26T20:54:24.713+0000] {processor.py:208} INFO - Processing /home/airflow/.local/lib/python3.12/site-packages/airflow/example_dags/example_sla_dag.py took 0.082 seconds
[2024-10-26T20:54:57.355+0000] {processor.py:186} INFO - Started process (PID=25438) to work on /home/airflow/.local/lib/python3.12/site-packages/airflow/example_dags/example_sla_dag.py
[2024-10-26T20:54:57.357+0000] {processor.py:914} INFO - Processing file /home/airflow/.local/lib/python3.12/site-packages/airflow/example_dags/example_sla_dag.py for tasks to queue
[2024-10-26T20:54:57.360+0000] {logging_mixin.py:190} INFO - [2024-10-26T20:54:57.359+0000] {dagbag.py:588} INFO - Filling up the DagBag from /home/airflow/.local/lib/python3.12/site-packages/airflow/example_dags/example_sla_dag.py
[2024-10-26T20:54:57.372+0000] {processor.py:925} INFO - DAG(s) 'example_sla_dag' retrieved from /home/airflow/.local/lib/python3.12/site-packages/airflow/example_dags/example_sla_dag.py
[2024-10-26T20:54:57.393+0000] {logging_mixin.py:190} INFO - [2024-10-26T20:54:57.393+0000] {dag.py:3239} INFO - Sync 1 DAGs
[2024-10-26T20:54:57.419+0000] {logging_mixin.py:190} INFO - [2024-10-26T20:54:57.419+0000] {dag.py:4180} INFO - Setting next_dagrun for example_sla_dag to 2024-10-26 20:52:00+00:00, run_after=2024-10-26 20:54:00+00:00
[2024-10-26T20:54:57.439+0000] {processor.py:208} INFO - Processing /home/airflow/.local/lib/python3.12/site-packages/airflow/example_dags/example_sla_dag.py took 0.091 seconds
[2024-10-26T20:55:30.188+0000] {processor.py:186} INFO - Started process (PID=25502) to work on /home/airflow/.local/lib/python3.12/site-packages/airflow/example_dags/example_sla_dag.py
[2024-10-26T20:55:30.189+0000] {processor.py:914} INFO - Processing file /home/airflow/.local/lib/python3.12/site-packages/airflow/example_dags/example_sla_dag.py for tasks to queue
[2024-10-26T20:55:30.191+0000] {logging_mixin.py:190} INFO - [2024-10-26T20:55:30.191+0000] {dagbag.py:588} INFO - Filling up the DagBag from /home/airflow/.local/lib/python3.12/site-packages/airflow/example_dags/example_sla_dag.py
[2024-10-26T20:55:30.200+0000] {processor.py:925} INFO - DAG(s) 'example_sla_dag' retrieved from /home/airflow/.local/lib/python3.12/site-packages/airflow/example_dags/example_sla_dag.py
[2024-10-26T20:55:30.216+0000] {logging_mixin.py:190} INFO - [2024-10-26T20:55:30.216+0000] {dag.py:3239} INFO - Sync 1 DAGs
[2024-10-26T20:55:30.242+0000] {logging_mixin.py:190} INFO - [2024-10-26T20:55:30.242+0000] {dag.py:4180} INFO - Setting next_dagrun for example_sla_dag to 2024-10-26 20:52:00+00:00, run_after=2024-10-26 20:54:00+00:00
[2024-10-26T20:55:30.263+0000] {processor.py:208} INFO - Processing /home/airflow/.local/lib/python3.12/site-packages/airflow/example_dags/example_sla_dag.py took 0.081 seconds
[2024-10-26T20:56:02.878+0000] {processor.py:186} INFO - Started process (PID=25566) to work on /home/airflow/.local/lib/python3.12/site-packages/airflow/example_dags/example_sla_dag.py
[2024-10-26T20:56:02.879+0000] {processor.py:914} INFO - Processing file /home/airflow/.local/lib/python3.12/site-packages/airflow/example_dags/example_sla_dag.py for tasks to queue
[2024-10-26T20:56:02.881+0000] {logging_mixin.py:190} INFO - [2024-10-26T20:56:02.881+0000] {dagbag.py:588} INFO - Filling up the DagBag from /home/airflow/.local/lib/python3.12/site-packages/airflow/example_dags/example_sla_dag.py
[2024-10-26T20:56:02.889+0000] {processor.py:925} INFO - DAG(s) 'example_sla_dag' retrieved from /home/airflow/.local/lib/python3.12/site-packages/airflow/example_dags/example_sla_dag.py
[2024-10-26T20:56:02.906+0000] {logging_mixin.py:190} INFO - [2024-10-26T20:56:02.906+0000] {dag.py:3239} INFO - Sync 1 DAGs
[2024-10-26T20:56:02.931+0000] {logging_mixin.py:190} INFO - [2024-10-26T20:56:02.931+0000] {dag.py:4180} INFO - Setting next_dagrun for example_sla_dag to 2024-10-26 20:54:00+00:00, run_after=2024-10-26 20:56:00+00:00
[2024-10-26T20:56:02.952+0000] {processor.py:208} INFO - Processing /home/airflow/.local/lib/python3.12/site-packages/airflow/example_dags/example_sla_dag.py took 0.079 seconds
[2024-10-26T20:56:35.857+0000] {processor.py:186} INFO - Started process (PID=25630) to work on /home/airflow/.local/lib/python3.12/site-packages/airflow/example_dags/example_sla_dag.py
[2024-10-26T20:56:35.858+0000] {processor.py:914} INFO - Processing file /home/airflow/.local/lib/python3.12/site-packages/airflow/example_dags/example_sla_dag.py for tasks to queue
[2024-10-26T20:56:35.860+0000] {logging_mixin.py:190} INFO - [2024-10-26T20:56:35.859+0000] {dagbag.py:588} INFO - Filling up the DagBag from /home/airflow/.local/lib/python3.12/site-packages/airflow/example_dags/example_sla_dag.py
[2024-10-26T20:56:35.873+0000] {processor.py:925} INFO - DAG(s) 'example_sla_dag' retrieved from /home/airflow/.local/lib/python3.12/site-packages/airflow/example_dags/example_sla_dag.py
[2024-10-26T20:56:35.897+0000] {logging_mixin.py:190} INFO - [2024-10-26T20:56:35.897+0000] {dag.py:3239} INFO - Sync 1 DAGs
[2024-10-26T20:56:35.925+0000] {logging_mixin.py:190} INFO - [2024-10-26T20:56:35.925+0000] {dag.py:4180} INFO - Setting next_dagrun for example_sla_dag to 2024-10-26 20:54:00+00:00, run_after=2024-10-26 20:56:00+00:00
[2024-10-26T20:56:35.947+0000] {processor.py:208} INFO - Processing /home/airflow/.local/lib/python3.12/site-packages/airflow/example_dags/example_sla_dag.py took 0.097 seconds
[2024-10-26T20:57:08.929+0000] {processor.py:186} INFO - Started process (PID=25694) to work on /home/airflow/.local/lib/python3.12/site-packages/airflow/example_dags/example_sla_dag.py
[2024-10-26T20:57:08.930+0000] {processor.py:914} INFO - Processing file /home/airflow/.local/lib/python3.12/site-packages/airflow/example_dags/example_sla_dag.py for tasks to queue
[2024-10-26T20:57:08.932+0000] {logging_mixin.py:190} INFO - [2024-10-26T20:57:08.931+0000] {dagbag.py:588} INFO - Filling up the DagBag from /home/airflow/.local/lib/python3.12/site-packages/airflow/example_dags/example_sla_dag.py
[2024-10-26T20:57:08.941+0000] {processor.py:925} INFO - DAG(s) 'example_sla_dag' retrieved from /home/airflow/.local/lib/python3.12/site-packages/airflow/example_dags/example_sla_dag.py
[2024-10-26T20:57:08.960+0000] {logging_mixin.py:190} INFO - [2024-10-26T20:57:08.959+0000] {dag.py:3239} INFO - Sync 1 DAGs
[2024-10-26T20:57:08.983+0000] {logging_mixin.py:190} INFO - [2024-10-26T20:57:08.983+0000] {dag.py:4180} INFO - Setting next_dagrun for example_sla_dag to 2024-10-26 20:54:00+00:00, run_after=2024-10-26 20:56:00+00:00
[2024-10-26T20:57:09.002+0000] {processor.py:208} INFO - Processing /home/airflow/.local/lib/python3.12/site-packages/airflow/example_dags/example_sla_dag.py took 0.080 seconds
[2024-10-26T20:57:41.593+0000] {processor.py:186} INFO - Started process (PID=25758) to work on /home/airflow/.local/lib/python3.12/site-packages/airflow/example_dags/example_sla_dag.py
[2024-10-26T20:57:41.594+0000] {processor.py:914} INFO - Processing file /home/airflow/.local/lib/python3.12/site-packages/airflow/example_dags/example_sla_dag.py for tasks to queue
[2024-10-26T20:57:41.596+0000] {logging_mixin.py:190} INFO - [2024-10-26T20:57:41.596+0000] {dagbag.py:588} INFO - Filling up the DagBag from /home/airflow/.local/lib/python3.12/site-packages/airflow/example_dags/example_sla_dag.py
[2024-10-26T20:57:41.604+0000] {processor.py:925} INFO - DAG(s) 'example_sla_dag' retrieved from /home/airflow/.local/lib/python3.12/site-packages/airflow/example_dags/example_sla_dag.py
[2024-10-26T20:57:41.620+0000] {logging_mixin.py:190} INFO - [2024-10-26T20:57:41.620+0000] {dag.py:3239} INFO - Sync 1 DAGs
[2024-10-26T20:57:41.642+0000] {logging_mixin.py:190} INFO - [2024-10-26T20:57:41.642+0000] {dag.py:4180} INFO - Setting next_dagrun for example_sla_dag to 2024-10-26 20:54:00+00:00, run_after=2024-10-26 20:56:00+00:00
[2024-10-26T20:57:41.662+0000] {processor.py:208} INFO - Processing /home/airflow/.local/lib/python3.12/site-packages/airflow/example_dags/example_sla_dag.py took 0.074 seconds
[2024-10-26T20:58:14.177+0000] {processor.py:186} INFO - Started process (PID=25822) to work on /home/airflow/.local/lib/python3.12/site-packages/airflow/example_dags/example_sla_dag.py
[2024-10-26T20:58:14.179+0000] {processor.py:914} INFO - Processing file /home/airflow/.local/lib/python3.12/site-packages/airflow/example_dags/example_sla_dag.py for tasks to queue
[2024-10-26T20:58:14.181+0000] {logging_mixin.py:190} INFO - [2024-10-26T20:58:14.181+0000] {dagbag.py:588} INFO - Filling up the DagBag from /home/airflow/.local/lib/python3.12/site-packages/airflow/example_dags/example_sla_dag.py
[2024-10-26T20:58:14.192+0000] {processor.py:925} INFO - DAG(s) 'example_sla_dag' retrieved from /home/airflow/.local/lib/python3.12/site-packages/airflow/example_dags/example_sla_dag.py
[2024-10-26T20:58:14.210+0000] {logging_mixin.py:190} INFO - [2024-10-26T20:58:14.210+0000] {dag.py:3239} INFO - Sync 1 DAGs
[2024-10-26T20:58:14.232+0000] {logging_mixin.py:190} INFO - [2024-10-26T20:58:14.231+0000] {dag.py:4180} INFO - Setting next_dagrun for example_sla_dag to 2024-10-26 20:56:00+00:00, run_after=2024-10-26 20:58:00+00:00
[2024-10-26T20:58:14.251+0000] {processor.py:208} INFO - Processing /home/airflow/.local/lib/python3.12/site-packages/airflow/example_dags/example_sla_dag.py took 0.079 seconds
[2024-10-26T20:58:46.979+0000] {processor.py:186} INFO - Started process (PID=25886) to work on /home/airflow/.local/lib/python3.12/site-packages/airflow/example_dags/example_sla_dag.py
[2024-10-26T20:58:46.981+0000] {processor.py:914} INFO - Processing file /home/airflow/.local/lib/python3.12/site-packages/airflow/example_dags/example_sla_dag.py for tasks to queue
[2024-10-26T20:58:46.984+0000] {logging_mixin.py:190} INFO - [2024-10-26T20:58:46.984+0000] {dagbag.py:588} INFO - Filling up the DagBag from /home/airflow/.local/lib/python3.12/site-packages/airflow/example_dags/example_sla_dag.py
[2024-10-26T20:58:46.998+0000] {processor.py:925} INFO - DAG(s) 'example_sla_dag' retrieved from /home/airflow/.local/lib/python3.12/site-packages/airflow/example_dags/example_sla_dag.py
[2024-10-26T20:58:47.023+0000] {logging_mixin.py:190} INFO - [2024-10-26T20:58:47.022+0000] {dag.py:3239} INFO - Sync 1 DAGs
[2024-10-26T20:58:47.058+0000] {logging_mixin.py:190} INFO - [2024-10-26T20:58:47.058+0000] {dag.py:4180} INFO - Setting next_dagrun for example_sla_dag to 2024-10-26 20:56:00+00:00, run_after=2024-10-26 20:58:00+00:00
[2024-10-26T20:58:47.081+0000] {processor.py:208} INFO - Processing /home/airflow/.local/lib/python3.12/site-packages/airflow/example_dags/example_sla_dag.py took 0.109 seconds
[2024-10-26T20:59:19.955+0000] {processor.py:186} INFO - Started process (PID=25950) to work on /home/airflow/.local/lib/python3.12/site-packages/airflow/example_dags/example_sla_dag.py
[2024-10-26T20:59:19.956+0000] {processor.py:914} INFO - Processing file /home/airflow/.local/lib/python3.12/site-packages/airflow/example_dags/example_sla_dag.py for tasks to queue
[2024-10-26T20:59:19.958+0000] {logging_mixin.py:190} INFO - [2024-10-26T20:59:19.958+0000] {dagbag.py:588} INFO - Filling up the DagBag from /home/airflow/.local/lib/python3.12/site-packages/airflow/example_dags/example_sla_dag.py
[2024-10-26T20:59:19.968+0000] {processor.py:925} INFO - DAG(s) 'example_sla_dag' retrieved from /home/airflow/.local/lib/python3.12/site-packages/airflow/example_dags/example_sla_dag.py
[2024-10-26T20:59:19.987+0000] {logging_mixin.py:190} INFO - [2024-10-26T20:59:19.986+0000] {dag.py:3239} INFO - Sync 1 DAGs
[2024-10-26T20:59:20.010+0000] {logging_mixin.py:190} INFO - [2024-10-26T20:59:20.009+0000] {dag.py:4180} INFO - Setting next_dagrun for example_sla_dag to 2024-10-26 20:56:00+00:00, run_after=2024-10-26 20:58:00+00:00
[2024-10-26T20:59:20.030+0000] {processor.py:208} INFO - Processing /home/airflow/.local/lib/python3.12/site-packages/airflow/example_dags/example_sla_dag.py took 0.081 seconds
[2024-10-26T20:59:52.684+0000] {processor.py:186} INFO - Started process (PID=26014) to work on /home/airflow/.local/lib/python3.12/site-packages/airflow/example_dags/example_sla_dag.py
[2024-10-26T20:59:52.685+0000] {processor.py:914} INFO - Processing file /home/airflow/.local/lib/python3.12/site-packages/airflow/example_dags/example_sla_dag.py for tasks to queue
[2024-10-26T20:59:52.688+0000] {logging_mixin.py:190} INFO - [2024-10-26T20:59:52.687+0000] {dagbag.py:588} INFO - Filling up the DagBag from /home/airflow/.local/lib/python3.12/site-packages/airflow/example_dags/example_sla_dag.py
[2024-10-26T20:59:52.697+0000] {processor.py:925} INFO - DAG(s) 'example_sla_dag' retrieved from /home/airflow/.local/lib/python3.12/site-packages/airflow/example_dags/example_sla_dag.py
[2024-10-26T20:59:52.713+0000] {logging_mixin.py:190} INFO - [2024-10-26T20:59:52.713+0000] {dag.py:3239} INFO - Sync 1 DAGs
[2024-10-26T20:59:52.734+0000] {logging_mixin.py:190} INFO - [2024-10-26T20:59:52.734+0000] {dag.py:4180} INFO - Setting next_dagrun for example_sla_dag to 2024-10-26 20:56:00+00:00, run_after=2024-10-26 20:58:00+00:00
[2024-10-26T20:59:52.754+0000] {processor.py:208} INFO - Processing /home/airflow/.local/lib/python3.12/site-packages/airflow/example_dags/example_sla_dag.py took 0.074 seconds
[2024-10-26T21:00:24.610+0000] {processor.py:186} INFO - Started process (PID=26078) to work on /home/airflow/.local/lib/python3.12/site-packages/airflow/example_dags/example_sla_dag.py
[2024-10-26T21:00:24.611+0000] {processor.py:914} INFO - Processing file /home/airflow/.local/lib/python3.12/site-packages/airflow/example_dags/example_sla_dag.py for tasks to queue
[2024-10-26T21:00:24.613+0000] {logging_mixin.py:190} INFO - [2024-10-26T21:00:24.613+0000] {dagbag.py:588} INFO - Filling up the DagBag from /home/airflow/.local/lib/python3.12/site-packages/airflow/example_dags/example_sla_dag.py
[2024-10-26T21:00:24.621+0000] {processor.py:925} INFO - DAG(s) 'example_sla_dag' retrieved from /home/airflow/.local/lib/python3.12/site-packages/airflow/example_dags/example_sla_dag.py
[2024-10-26T21:00:24.639+0000] {logging_mixin.py:190} INFO - [2024-10-26T21:00:24.638+0000] {dag.py:3239} INFO - Sync 1 DAGs
[2024-10-26T21:00:24.660+0000] {logging_mixin.py:190} INFO - [2024-10-26T21:00:24.659+0000] {dag.py:4180} INFO - Setting next_dagrun for example_sla_dag to 2024-10-26 20:58:00+00:00, run_after=2024-10-26 21:00:00+00:00
[2024-10-26T21:00:24.680+0000] {processor.py:208} INFO - Processing /home/airflow/.local/lib/python3.12/site-packages/airflow/example_dags/example_sla_dag.py took 0.075 seconds
[2024-10-26T21:00:57.538+0000] {processor.py:186} INFO - Started process (PID=26142) to work on /home/airflow/.local/lib/python3.12/site-packages/airflow/example_dags/example_sla_dag.py
[2024-10-26T21:00:57.539+0000] {processor.py:914} INFO - Processing file /home/airflow/.local/lib/python3.12/site-packages/airflow/example_dags/example_sla_dag.py for tasks to queue
[2024-10-26T21:00:57.541+0000] {logging_mixin.py:190} INFO - [2024-10-26T21:00:57.541+0000] {dagbag.py:588} INFO - Filling up the DagBag from /home/airflow/.local/lib/python3.12/site-packages/airflow/example_dags/example_sla_dag.py
[2024-10-26T21:00:57.550+0000] {processor.py:925} INFO - DAG(s) 'example_sla_dag' retrieved from /home/airflow/.local/lib/python3.12/site-packages/airflow/example_dags/example_sla_dag.py
[2024-10-26T21:00:57.568+0000] {logging_mixin.py:190} INFO - [2024-10-26T21:00:57.568+0000] {dag.py:3239} INFO - Sync 1 DAGs
[2024-10-26T21:00:57.590+0000] {logging_mixin.py:190} INFO - [2024-10-26T21:00:57.590+0000] {dag.py:4180} INFO - Setting next_dagrun for example_sla_dag to 2024-10-26 20:58:00+00:00, run_after=2024-10-26 21:00:00+00:00
[2024-10-26T21:00:57.609+0000] {processor.py:208} INFO - Processing /home/airflow/.local/lib/python3.12/site-packages/airflow/example_dags/example_sla_dag.py took 0.077 seconds
[2024-10-26T21:01:30.548+0000] {processor.py:186} INFO - Started process (PID=26206) to work on /home/airflow/.local/lib/python3.12/site-packages/airflow/example_dags/example_sla_dag.py
[2024-10-26T21:01:30.550+0000] {processor.py:914} INFO - Processing file /home/airflow/.local/lib/python3.12/site-packages/airflow/example_dags/example_sla_dag.py for tasks to queue
[2024-10-26T21:01:30.552+0000] {logging_mixin.py:190} INFO - [2024-10-26T21:01:30.552+0000] {dagbag.py:588} INFO - Filling up the DagBag from /home/airflow/.local/lib/python3.12/site-packages/airflow/example_dags/example_sla_dag.py
[2024-10-26T21:01:30.565+0000] {processor.py:925} INFO - DAG(s) 'example_sla_dag' retrieved from /home/airflow/.local/lib/python3.12/site-packages/airflow/example_dags/example_sla_dag.py
[2024-10-26T21:01:30.586+0000] {logging_mixin.py:190} INFO - [2024-10-26T21:01:30.586+0000] {dag.py:3239} INFO - Sync 1 DAGs
[2024-10-26T21:01:30.617+0000] {logging_mixin.py:190} INFO - [2024-10-26T21:01:30.616+0000] {dag.py:4180} INFO - Setting next_dagrun for example_sla_dag to 2024-10-26 20:58:00+00:00, run_after=2024-10-26 21:00:00+00:00
[2024-10-26T21:01:30.648+0000] {processor.py:208} INFO - Processing /home/airflow/.local/lib/python3.12/site-packages/airflow/example_dags/example_sla_dag.py took 0.107 seconds
[2024-10-26T21:02:03.691+0000] {processor.py:186} INFO - Started process (PID=26270) to work on /home/airflow/.local/lib/python3.12/site-packages/airflow/example_dags/example_sla_dag.py
[2024-10-26T21:02:03.694+0000] {processor.py:914} INFO - Processing file /home/airflow/.local/lib/python3.12/site-packages/airflow/example_dags/example_sla_dag.py for tasks to queue
[2024-10-26T21:02:03.698+0000] {logging_mixin.py:190} INFO - [2024-10-26T21:02:03.697+0000] {dagbag.py:588} INFO - Filling up the DagBag from /home/airflow/.local/lib/python3.12/site-packages/airflow/example_dags/example_sla_dag.py
[2024-10-26T21:02:03.712+0000] {processor.py:925} INFO - DAG(s) 'example_sla_dag' retrieved from /home/airflow/.local/lib/python3.12/site-packages/airflow/example_dags/example_sla_dag.py
[2024-10-26T21:02:03.736+0000] {logging_mixin.py:190} INFO - [2024-10-26T21:02:03.735+0000] {dag.py:3239} INFO - Sync 1 DAGs
[2024-10-26T21:02:03.763+0000] {logging_mixin.py:190} INFO - [2024-10-26T21:02:03.763+0000] {dag.py:4180} INFO - Setting next_dagrun for example_sla_dag to 2024-10-26 21:00:00+00:00, run_after=2024-10-26 21:02:00+00:00
[2024-10-26T21:02:03.788+0000] {processor.py:208} INFO - Processing /home/airflow/.local/lib/python3.12/site-packages/airflow/example_dags/example_sla_dag.py took 0.105 seconds
[2024-10-26T21:02:36.441+0000] {processor.py:186} INFO - Started process (PID=26334) to work on /home/airflow/.local/lib/python3.12/site-packages/airflow/example_dags/example_sla_dag.py
[2024-10-26T21:02:36.442+0000] {processor.py:914} INFO - Processing file /home/airflow/.local/lib/python3.12/site-packages/airflow/example_dags/example_sla_dag.py for tasks to queue
[2024-10-26T21:02:36.445+0000] {logging_mixin.py:190} INFO - [2024-10-26T21:02:36.445+0000] {dagbag.py:588} INFO - Filling up the DagBag from /home/airflow/.local/lib/python3.12/site-packages/airflow/example_dags/example_sla_dag.py
[2024-10-26T21:02:36.460+0000] {processor.py:925} INFO - DAG(s) 'example_sla_dag' retrieved from /home/airflow/.local/lib/python3.12/site-packages/airflow/example_dags/example_sla_dag.py
[2024-10-26T21:02:36.482+0000] {logging_mixin.py:190} INFO - [2024-10-26T21:02:36.482+0000] {dag.py:3239} INFO - Sync 1 DAGs
[2024-10-26T21:02:36.517+0000] {logging_mixin.py:190} INFO - [2024-10-26T21:02:36.517+0000] {dag.py:4180} INFO - Setting next_dagrun for example_sla_dag to 2024-10-26 21:00:00+00:00, run_after=2024-10-26 21:02:00+00:00
[2024-10-26T21:02:36.544+0000] {processor.py:208} INFO - Processing /home/airflow/.local/lib/python3.12/site-packages/airflow/example_dags/example_sla_dag.py took 0.110 seconds
[2024-10-26T21:03:08.729+0000] {processor.py:186} INFO - Started process (PID=26398) to work on /home/airflow/.local/lib/python3.12/site-packages/airflow/example_dags/example_sla_dag.py
[2024-10-26T21:03:08.730+0000] {processor.py:914} INFO - Processing file /home/airflow/.local/lib/python3.12/site-packages/airflow/example_dags/example_sla_dag.py for tasks to queue
[2024-10-26T21:03:08.734+0000] {logging_mixin.py:190} INFO - [2024-10-26T21:03:08.733+0000] {dagbag.py:588} INFO - Filling up the DagBag from /home/airflow/.local/lib/python3.12/site-packages/airflow/example_dags/example_sla_dag.py
[2024-10-26T21:03:08.748+0000] {processor.py:925} INFO - DAG(s) 'example_sla_dag' retrieved from /home/airflow/.local/lib/python3.12/site-packages/airflow/example_dags/example_sla_dag.py
[2024-10-26T21:03:08.770+0000] {logging_mixin.py:190} INFO - [2024-10-26T21:03:08.769+0000] {dag.py:3239} INFO - Sync 1 DAGs
[2024-10-26T21:03:08.805+0000] {logging_mixin.py:190} INFO - [2024-10-26T21:03:08.805+0000] {dag.py:4180} INFO - Setting next_dagrun for example_sla_dag to 2024-10-26 21:00:00+00:00, run_after=2024-10-26 21:02:00+00:00
[2024-10-26T21:03:08.829+0000] {processor.py:208} INFO - Processing /home/airflow/.local/lib/python3.12/site-packages/airflow/example_dags/example_sla_dag.py took 0.108 seconds
[2024-10-26T21:03:41.277+0000] {processor.py:186} INFO - Started process (PID=26462) to work on /home/airflow/.local/lib/python3.12/site-packages/airflow/example_dags/example_sla_dag.py
[2024-10-26T21:03:41.278+0000] {processor.py:914} INFO - Processing file /home/airflow/.local/lib/python3.12/site-packages/airflow/example_dags/example_sla_dag.py for tasks to queue
[2024-10-26T21:03:41.280+0000] {logging_mixin.py:190} INFO - [2024-10-26T21:03:41.280+0000] {dagbag.py:588} INFO - Filling up the DagBag from /home/airflow/.local/lib/python3.12/site-packages/airflow/example_dags/example_sla_dag.py
[2024-10-26T21:03:41.291+0000] {processor.py:925} INFO - DAG(s) 'example_sla_dag' retrieved from /home/airflow/.local/lib/python3.12/site-packages/airflow/example_dags/example_sla_dag.py
[2024-10-26T21:03:41.312+0000] {logging_mixin.py:190} INFO - [2024-10-26T21:03:41.312+0000] {dag.py:3239} INFO - Sync 1 DAGs
[2024-10-26T21:03:41.338+0000] {logging_mixin.py:190} INFO - [2024-10-26T21:03:41.338+0000] {dag.py:4180} INFO - Setting next_dagrun for example_sla_dag to 2024-10-26 21:00:00+00:00, run_after=2024-10-26 21:02:00+00:00
[2024-10-26T21:03:41.361+0000] {processor.py:208} INFO - Processing /home/airflow/.local/lib/python3.12/site-packages/airflow/example_dags/example_sla_dag.py took 0.090 seconds
[2024-10-26T21:04:13.859+0000] {processor.py:186} INFO - Started process (PID=26526) to work on /home/airflow/.local/lib/python3.12/site-packages/airflow/example_dags/example_sla_dag.py
[2024-10-26T21:04:13.860+0000] {processor.py:914} INFO - Processing file /home/airflow/.local/lib/python3.12/site-packages/airflow/example_dags/example_sla_dag.py for tasks to queue
[2024-10-26T21:04:13.863+0000] {logging_mixin.py:190} INFO - [2024-10-26T21:04:13.862+0000] {dagbag.py:588} INFO - Filling up the DagBag from /home/airflow/.local/lib/python3.12/site-packages/airflow/example_dags/example_sla_dag.py
[2024-10-26T21:04:13.875+0000] {processor.py:925} INFO - DAG(s) 'example_sla_dag' retrieved from /home/airflow/.local/lib/python3.12/site-packages/airflow/example_dags/example_sla_dag.py
[2024-10-26T21:04:13.899+0000] {logging_mixin.py:190} INFO - [2024-10-26T21:04:13.899+0000] {dag.py:3239} INFO - Sync 1 DAGs
[2024-10-26T21:04:13.930+0000] {logging_mixin.py:190} INFO - [2024-10-26T21:04:13.929+0000] {dag.py:4180} INFO - Setting next_dagrun for example_sla_dag to 2024-10-26 21:02:00+00:00, run_after=2024-10-26 21:04:00+00:00
[2024-10-26T21:04:13.952+0000] {processor.py:208} INFO - Processing /home/airflow/.local/lib/python3.12/site-packages/airflow/example_dags/example_sla_dag.py took 0.100 seconds
[2024-10-26T21:04:47.015+0000] {processor.py:186} INFO - Started process (PID=26590) to work on /home/airflow/.local/lib/python3.12/site-packages/airflow/example_dags/example_sla_dag.py
[2024-10-26T21:04:47.017+0000] {processor.py:914} INFO - Processing file /home/airflow/.local/lib/python3.12/site-packages/airflow/example_dags/example_sla_dag.py for tasks to queue
[2024-10-26T21:04:47.028+0000] {logging_mixin.py:190} INFO - [2024-10-26T21:04:47.027+0000] {dagbag.py:588} INFO - Filling up the DagBag from /home/airflow/.local/lib/python3.12/site-packages/airflow/example_dags/example_sla_dag.py
[2024-10-26T21:04:47.059+0000] {processor.py:925} INFO - DAG(s) 'example_sla_dag' retrieved from /home/airflow/.local/lib/python3.12/site-packages/airflow/example_dags/example_sla_dag.py
[2024-10-26T21:04:47.105+0000] {logging_mixin.py:190} INFO - [2024-10-26T21:04:47.104+0000] {dag.py:3239} INFO - Sync 1 DAGs
[2024-10-26T21:04:47.186+0000] {logging_mixin.py:190} INFO - [2024-10-26T21:04:47.186+0000] {dag.py:4180} INFO - Setting next_dagrun for example_sla_dag to 2024-10-26 21:02:00+00:00, run_after=2024-10-26 21:04:00+00:00
[2024-10-26T21:04:47.236+0000] {processor.py:208} INFO - Processing /home/airflow/.local/lib/python3.12/site-packages/airflow/example_dags/example_sla_dag.py took 0.238 seconds
[2024-10-26T21:05:19.408+0000] {processor.py:186} INFO - Started process (PID=26654) to work on /home/airflow/.local/lib/python3.12/site-packages/airflow/example_dags/example_sla_dag.py
[2024-10-26T21:05:19.410+0000] {processor.py:914} INFO - Processing file /home/airflow/.local/lib/python3.12/site-packages/airflow/example_dags/example_sla_dag.py for tasks to queue
[2024-10-26T21:05:19.414+0000] {logging_mixin.py:190} INFO - [2024-10-26T21:05:19.414+0000] {dagbag.py:588} INFO - Filling up the DagBag from /home/airflow/.local/lib/python3.12/site-packages/airflow/example_dags/example_sla_dag.py
[2024-10-26T21:05:19.428+0000] {processor.py:925} INFO - DAG(s) 'example_sla_dag' retrieved from /home/airflow/.local/lib/python3.12/site-packages/airflow/example_dags/example_sla_dag.py
[2024-10-26T21:05:19.456+0000] {logging_mixin.py:190} INFO - [2024-10-26T21:05:19.456+0000] {dag.py:3239} INFO - Sync 1 DAGs
[2024-10-26T21:05:19.491+0000] {logging_mixin.py:190} INFO - [2024-10-26T21:05:19.491+0000] {dag.py:4180} INFO - Setting next_dagrun for example_sla_dag to 2024-10-26 21:02:00+00:00, run_after=2024-10-26 21:04:00+00:00
[2024-10-26T21:05:19.512+0000] {processor.py:208} INFO - Processing /home/airflow/.local/lib/python3.12/site-packages/airflow/example_dags/example_sla_dag.py took 0.111 seconds
[2024-10-26T21:05:52.092+0000] {processor.py:186} INFO - Started process (PID=26718) to work on /home/airflow/.local/lib/python3.12/site-packages/airflow/example_dags/example_sla_dag.py
[2024-10-26T21:05:52.093+0000] {processor.py:914} INFO - Processing file /home/airflow/.local/lib/python3.12/site-packages/airflow/example_dags/example_sla_dag.py for tasks to queue
[2024-10-26T21:05:52.096+0000] {logging_mixin.py:190} INFO - [2024-10-26T21:05:52.096+0000] {dagbag.py:588} INFO - Filling up the DagBag from /home/airflow/.local/lib/python3.12/site-packages/airflow/example_dags/example_sla_dag.py
[2024-10-26T21:05:52.106+0000] {processor.py:925} INFO - DAG(s) 'example_sla_dag' retrieved from /home/airflow/.local/lib/python3.12/site-packages/airflow/example_dags/example_sla_dag.py
[2024-10-26T21:05:52.128+0000] {logging_mixin.py:190} INFO - [2024-10-26T21:05:52.128+0000] {dag.py:3239} INFO - Sync 1 DAGs
[2024-10-26T21:05:52.158+0000] {logging_mixin.py:190} INFO - [2024-10-26T21:05:52.158+0000] {dag.py:4180} INFO - Setting next_dagrun for example_sla_dag to 2024-10-26 21:02:00+00:00, run_after=2024-10-26 21:04:00+00:00
[2024-10-26T21:05:52.179+0000] {processor.py:208} INFO - Processing /home/airflow/.local/lib/python3.12/site-packages/airflow/example_dags/example_sla_dag.py took 0.093 seconds
[2024-10-26T21:06:25.147+0000] {processor.py:186} INFO - Started process (PID=26782) to work on /home/airflow/.local/lib/python3.12/site-packages/airflow/example_dags/example_sla_dag.py
[2024-10-26T21:06:25.148+0000] {processor.py:914} INFO - Processing file /home/airflow/.local/lib/python3.12/site-packages/airflow/example_dags/example_sla_dag.py for tasks to queue
[2024-10-26T21:06:25.151+0000] {logging_mixin.py:190} INFO - [2024-10-26T21:06:25.150+0000] {dagbag.py:588} INFO - Filling up the DagBag from /home/airflow/.local/lib/python3.12/site-packages/airflow/example_dags/example_sla_dag.py
[2024-10-26T21:06:25.162+0000] {processor.py:925} INFO - DAG(s) 'example_sla_dag' retrieved from /home/airflow/.local/lib/python3.12/site-packages/airflow/example_dags/example_sla_dag.py
[2024-10-26T21:06:25.183+0000] {logging_mixin.py:190} INFO - [2024-10-26T21:06:25.182+0000] {dag.py:3239} INFO - Sync 1 DAGs
[2024-10-26T21:06:25.208+0000] {logging_mixin.py:190} INFO - [2024-10-26T21:06:25.208+0000] {dag.py:4180} INFO - Setting next_dagrun for example_sla_dag to 2024-10-26 21:04:00+00:00, run_after=2024-10-26 21:06:00+00:00
[2024-10-26T21:06:25.228+0000] {processor.py:208} INFO - Processing /home/airflow/.local/lib/python3.12/site-packages/airflow/example_dags/example_sla_dag.py took 0.089 seconds
[2024-10-26T21:06:58.213+0000] {processor.py:186} INFO - Started process (PID=26846) to work on /home/airflow/.local/lib/python3.12/site-packages/airflow/example_dags/example_sla_dag.py
[2024-10-26T21:06:58.214+0000] {processor.py:914} INFO - Processing file /home/airflow/.local/lib/python3.12/site-packages/airflow/example_dags/example_sla_dag.py for tasks to queue
[2024-10-26T21:06:58.216+0000] {logging_mixin.py:190} INFO - [2024-10-26T21:06:58.216+0000] {dagbag.py:588} INFO - Filling up the DagBag from /home/airflow/.local/lib/python3.12/site-packages/airflow/example_dags/example_sla_dag.py
[2024-10-26T21:06:58.225+0000] {processor.py:925} INFO - DAG(s) 'example_sla_dag' retrieved from /home/airflow/.local/lib/python3.12/site-packages/airflow/example_dags/example_sla_dag.py
[2024-10-26T21:06:58.243+0000] {logging_mixin.py:190} INFO - [2024-10-26T21:06:58.242+0000] {dag.py:3239} INFO - Sync 1 DAGs
[2024-10-26T21:06:58.266+0000] {logging_mixin.py:190} INFO - [2024-10-26T21:06:58.266+0000] {dag.py:4180} INFO - Setting next_dagrun for example_sla_dag to 2024-10-26 21:04:00+00:00, run_after=2024-10-26 21:06:00+00:00
[2024-10-26T21:06:58.285+0000] {processor.py:208} INFO - Processing /home/airflow/.local/lib/python3.12/site-packages/airflow/example_dags/example_sla_dag.py took 0.077 seconds
[2024-10-26T21:07:30.743+0000] {processor.py:186} INFO - Started process (PID=26910) to work on /home/airflow/.local/lib/python3.12/site-packages/airflow/example_dags/example_sla_dag.py
[2024-10-26T21:07:30.744+0000] {processor.py:914} INFO - Processing file /home/airflow/.local/lib/python3.12/site-packages/airflow/example_dags/example_sla_dag.py for tasks to queue
[2024-10-26T21:07:30.747+0000] {logging_mixin.py:190} INFO - [2024-10-26T21:07:30.746+0000] {dagbag.py:588} INFO - Filling up the DagBag from /home/airflow/.local/lib/python3.12/site-packages/airflow/example_dags/example_sla_dag.py
[2024-10-26T21:07:30.756+0000] {processor.py:925} INFO - DAG(s) 'example_sla_dag' retrieved from /home/airflow/.local/lib/python3.12/site-packages/airflow/example_dags/example_sla_dag.py
[2024-10-26T21:07:30.775+0000] {logging_mixin.py:190} INFO - [2024-10-26T21:07:30.775+0000] {dag.py:3239} INFO - Sync 1 DAGs
[2024-10-26T21:07:30.801+0000] {logging_mixin.py:190} INFO - [2024-10-26T21:07:30.801+0000] {dag.py:4180} INFO - Setting next_dagrun for example_sla_dag to 2024-10-26 21:04:00+00:00, run_after=2024-10-26 21:06:00+00:00
[2024-10-26T21:07:30.821+0000] {processor.py:208} INFO - Processing /home/airflow/.local/lib/python3.12/site-packages/airflow/example_dags/example_sla_dag.py took 0.085 seconds
[2024-10-26T21:08:03.477+0000] {processor.py:186} INFO - Started process (PID=26974) to work on /home/airflow/.local/lib/python3.12/site-packages/airflow/example_dags/example_sla_dag.py
[2024-10-26T21:08:03.478+0000] {processor.py:914} INFO - Processing file /home/airflow/.local/lib/python3.12/site-packages/airflow/example_dags/example_sla_dag.py for tasks to queue
[2024-10-26T21:08:03.483+0000] {logging_mixin.py:190} INFO - [2024-10-26T21:08:03.481+0000] {dagbag.py:588} INFO - Filling up the DagBag from /home/airflow/.local/lib/python3.12/site-packages/airflow/example_dags/example_sla_dag.py
[2024-10-26T21:08:03.495+0000] {processor.py:925} INFO - DAG(s) 'example_sla_dag' retrieved from /home/airflow/.local/lib/python3.12/site-packages/airflow/example_dags/example_sla_dag.py
[2024-10-26T21:08:03.518+0000] {logging_mixin.py:190} INFO - [2024-10-26T21:08:03.517+0000] {dag.py:3239} INFO - Sync 1 DAGs
[2024-10-26T21:08:03.541+0000] {logging_mixin.py:190} INFO - [2024-10-26T21:08:03.541+0000] {dag.py:4180} INFO - Setting next_dagrun for example_sla_dag to 2024-10-26 21:06:00+00:00, run_after=2024-10-26 21:08:00+00:00
[2024-10-26T21:08:03.557+0000] {processor.py:208} INFO - Processing /home/airflow/.local/lib/python3.12/site-packages/airflow/example_dags/example_sla_dag.py took 0.087 seconds
[2024-10-26T21:08:35.824+0000] {processor.py:186} INFO - Started process (PID=27038) to work on /home/airflow/.local/lib/python3.12/site-packages/airflow/example_dags/example_sla_dag.py
[2024-10-26T21:08:35.825+0000] {processor.py:914} INFO - Processing file /home/airflow/.local/lib/python3.12/site-packages/airflow/example_dags/example_sla_dag.py for tasks to queue
[2024-10-26T21:08:35.829+0000] {logging_mixin.py:190} INFO - [2024-10-26T21:08:35.828+0000] {dagbag.py:588} INFO - Filling up the DagBag from /home/airflow/.local/lib/python3.12/site-packages/airflow/example_dags/example_sla_dag.py
[2024-10-26T21:08:35.843+0000] {processor.py:925} INFO - DAG(s) 'example_sla_dag' retrieved from /home/airflow/.local/lib/python3.12/site-packages/airflow/example_dags/example_sla_dag.py
[2024-10-26T21:08:35.864+0000] {logging_mixin.py:190} INFO - [2024-10-26T21:08:35.864+0000] {dag.py:3239} INFO - Sync 1 DAGs
[2024-10-26T21:08:35.893+0000] {logging_mixin.py:190} INFO - [2024-10-26T21:08:35.893+0000] {dag.py:4180} INFO - Setting next_dagrun for example_sla_dag to 2024-10-26 21:06:00+00:00, run_after=2024-10-26 21:08:00+00:00
[2024-10-26T21:08:35.917+0000] {processor.py:208} INFO - Processing /home/airflow/.local/lib/python3.12/site-packages/airflow/example_dags/example_sla_dag.py took 0.101 seconds
[2024-10-26T21:09:08.864+0000] {processor.py:186} INFO - Started process (PID=27102) to work on /home/airflow/.local/lib/python3.12/site-packages/airflow/example_dags/example_sla_dag.py
[2024-10-26T21:09:08.865+0000] {processor.py:914} INFO - Processing file /home/airflow/.local/lib/python3.12/site-packages/airflow/example_dags/example_sla_dag.py for tasks to queue
[2024-10-26T21:09:08.867+0000] {logging_mixin.py:190} INFO - [2024-10-26T21:09:08.867+0000] {dagbag.py:588} INFO - Filling up the DagBag from /home/airflow/.local/lib/python3.12/site-packages/airflow/example_dags/example_sla_dag.py
[2024-10-26T21:09:08.878+0000] {processor.py:925} INFO - DAG(s) 'example_sla_dag' retrieved from /home/airflow/.local/lib/python3.12/site-packages/airflow/example_dags/example_sla_dag.py
[2024-10-26T21:09:08.897+0000] {logging_mixin.py:190} INFO - [2024-10-26T21:09:08.897+0000] {dag.py:3239} INFO - Sync 1 DAGs
[2024-10-26T21:09:08.923+0000] {logging_mixin.py:190} INFO - [2024-10-26T21:09:08.923+0000] {dag.py:4180} INFO - Setting next_dagrun for example_sla_dag to 2024-10-26 21:06:00+00:00, run_after=2024-10-26 21:08:00+00:00
[2024-10-26T21:09:08.943+0000] {processor.py:208} INFO - Processing /home/airflow/.local/lib/python3.12/site-packages/airflow/example_dags/example_sla_dag.py took 0.084 seconds
[2024-10-26T21:09:41.913+0000] {processor.py:186} INFO - Started process (PID=27166) to work on /home/airflow/.local/lib/python3.12/site-packages/airflow/example_dags/example_sla_dag.py
[2024-10-26T21:09:41.914+0000] {processor.py:914} INFO - Processing file /home/airflow/.local/lib/python3.12/site-packages/airflow/example_dags/example_sla_dag.py for tasks to queue
[2024-10-26T21:09:41.918+0000] {logging_mixin.py:190} INFO - [2024-10-26T21:09:41.917+0000] {dagbag.py:588} INFO - Filling up the DagBag from /home/airflow/.local/lib/python3.12/site-packages/airflow/example_dags/example_sla_dag.py
[2024-10-26T21:09:41.929+0000] {processor.py:925} INFO - DAG(s) 'example_sla_dag' retrieved from /home/airflow/.local/lib/python3.12/site-packages/airflow/example_dags/example_sla_dag.py
[2024-10-26T21:09:41.947+0000] {logging_mixin.py:190} INFO - [2024-10-26T21:09:41.947+0000] {dag.py:3239} INFO - Sync 1 DAGs
[2024-10-26T21:09:41.969+0000] {logging_mixin.py:190} INFO - [2024-10-26T21:09:41.969+0000] {dag.py:4180} INFO - Setting next_dagrun for example_sla_dag to 2024-10-26 21:06:00+00:00, run_after=2024-10-26 21:08:00+00:00
[2024-10-26T21:09:41.989+0000] {processor.py:208} INFO - Processing /home/airflow/.local/lib/python3.12/site-packages/airflow/example_dags/example_sla_dag.py took 0.081 seconds
[2024-10-26T21:10:14.592+0000] {processor.py:186} INFO - Started process (PID=27230) to work on /home/airflow/.local/lib/python3.12/site-packages/airflow/example_dags/example_sla_dag.py
[2024-10-26T21:10:14.593+0000] {processor.py:914} INFO - Processing file /home/airflow/.local/lib/python3.12/site-packages/airflow/example_dags/example_sla_dag.py for tasks to queue
[2024-10-26T21:10:14.595+0000] {logging_mixin.py:190} INFO - [2024-10-26T21:10:14.595+0000] {dagbag.py:588} INFO - Filling up the DagBag from /home/airflow/.local/lib/python3.12/site-packages/airflow/example_dags/example_sla_dag.py
[2024-10-26T21:10:14.606+0000] {processor.py:925} INFO - DAG(s) 'example_sla_dag' retrieved from /home/airflow/.local/lib/python3.12/site-packages/airflow/example_dags/example_sla_dag.py
[2024-10-26T21:10:14.623+0000] {logging_mixin.py:190} INFO - [2024-10-26T21:10:14.622+0000] {dag.py:3239} INFO - Sync 1 DAGs
[2024-10-26T21:10:14.647+0000] {logging_mixin.py:190} INFO - [2024-10-26T21:10:14.647+0000] {dag.py:4180} INFO - Setting next_dagrun for example_sla_dag to 2024-10-26 21:08:00+00:00, run_after=2024-10-26 21:10:00+00:00
[2024-10-26T21:10:14.666+0000] {processor.py:208} INFO - Processing /home/airflow/.local/lib/python3.12/site-packages/airflow/example_dags/example_sla_dag.py took 0.079 seconds
[2024-10-26T21:10:46.535+0000] {processor.py:186} INFO - Started process (PID=27294) to work on /home/airflow/.local/lib/python3.12/site-packages/airflow/example_dags/example_sla_dag.py
[2024-10-26T21:10:46.536+0000] {processor.py:914} INFO - Processing file /home/airflow/.local/lib/python3.12/site-packages/airflow/example_dags/example_sla_dag.py for tasks to queue
[2024-10-26T21:10:46.538+0000] {logging_mixin.py:190} INFO - [2024-10-26T21:10:46.538+0000] {dagbag.py:588} INFO - Filling up the DagBag from /home/airflow/.local/lib/python3.12/site-packages/airflow/example_dags/example_sla_dag.py
[2024-10-26T21:10:46.550+0000] {processor.py:925} INFO - DAG(s) 'example_sla_dag' retrieved from /home/airflow/.local/lib/python3.12/site-packages/airflow/example_dags/example_sla_dag.py
[2024-10-26T21:10:46.569+0000] {logging_mixin.py:190} INFO - [2024-10-26T21:10:46.569+0000] {dag.py:3239} INFO - Sync 1 DAGs
[2024-10-26T21:10:46.794+0000] {logging_mixin.py:190} INFO - [2024-10-26T21:10:46.793+0000] {dag.py:4180} INFO - Setting next_dagrun for example_sla_dag to 2024-10-26 21:08:00+00:00, run_after=2024-10-26 21:10:00+00:00
[2024-10-26T21:10:46.823+0000] {processor.py:208} INFO - Processing /home/airflow/.local/lib/python3.12/site-packages/airflow/example_dags/example_sla_dag.py took 0.293 seconds
[2024-10-26T21:11:19.506+0000] {processor.py:186} INFO - Started process (PID=27358) to work on /home/airflow/.local/lib/python3.12/site-packages/airflow/example_dags/example_sla_dag.py
[2024-10-26T21:11:19.510+0000] {processor.py:914} INFO - Processing file /home/airflow/.local/lib/python3.12/site-packages/airflow/example_dags/example_sla_dag.py for tasks to queue
[2024-10-26T21:11:19.514+0000] {logging_mixin.py:190} INFO - [2024-10-26T21:11:19.514+0000] {dagbag.py:588} INFO - Filling up the DagBag from /home/airflow/.local/lib/python3.12/site-packages/airflow/example_dags/example_sla_dag.py
[2024-10-26T21:11:19.531+0000] {processor.py:925} INFO - DAG(s) 'example_sla_dag' retrieved from /home/airflow/.local/lib/python3.12/site-packages/airflow/example_dags/example_sla_dag.py
[2024-10-26T21:11:19.556+0000] {logging_mixin.py:190} INFO - [2024-10-26T21:11:19.556+0000] {dag.py:3239} INFO - Sync 1 DAGs
[2024-10-26T21:11:19.751+0000] {logging_mixin.py:190} INFO - [2024-10-26T21:11:19.751+0000] {dag.py:4180} INFO - Setting next_dagrun for example_sla_dag to 2024-10-26 21:08:00+00:00, run_after=2024-10-26 21:10:00+00:00
[2024-10-26T21:11:19.771+0000] {processor.py:208} INFO - Processing /home/airflow/.local/lib/python3.12/site-packages/airflow/example_dags/example_sla_dag.py took 0.280 seconds
[2024-10-26T21:11:52.601+0000] {processor.py:186} INFO - Started process (PID=27422) to work on /home/airflow/.local/lib/python3.12/site-packages/airflow/example_dags/example_sla_dag.py
[2024-10-26T21:11:52.602+0000] {processor.py:914} INFO - Processing file /home/airflow/.local/lib/python3.12/site-packages/airflow/example_dags/example_sla_dag.py for tasks to queue
[2024-10-26T21:11:52.605+0000] {logging_mixin.py:190} INFO - [2024-10-26T21:11:52.604+0000] {dagbag.py:588} INFO - Filling up the DagBag from /home/airflow/.local/lib/python3.12/site-packages/airflow/example_dags/example_sla_dag.py
[2024-10-26T21:11:52.613+0000] {processor.py:925} INFO - DAG(s) 'example_sla_dag' retrieved from /home/airflow/.local/lib/python3.12/site-packages/airflow/example_dags/example_sla_dag.py
[2024-10-26T21:11:52.631+0000] {logging_mixin.py:190} INFO - [2024-10-26T21:11:52.631+0000] {dag.py:3239} INFO - Sync 1 DAGs
[2024-10-26T21:11:52.654+0000] {logging_mixin.py:190} INFO - [2024-10-26T21:11:52.654+0000] {dag.py:4180} INFO - Setting next_dagrun for example_sla_dag to 2024-10-26 21:08:00+00:00, run_after=2024-10-26 21:10:00+00:00
[2024-10-26T21:11:52.673+0000] {processor.py:208} INFO - Processing /home/airflow/.local/lib/python3.12/site-packages/airflow/example_dags/example_sla_dag.py took 0.077 seconds
[2024-10-26T21:12:24.925+0000] {processor.py:186} INFO - Started process (PID=27486) to work on /home/airflow/.local/lib/python3.12/site-packages/airflow/example_dags/example_sla_dag.py
[2024-10-26T21:12:24.926+0000] {processor.py:914} INFO - Processing file /home/airflow/.local/lib/python3.12/site-packages/airflow/example_dags/example_sla_dag.py for tasks to queue
[2024-10-26T21:12:24.929+0000] {logging_mixin.py:190} INFO - [2024-10-26T21:12:24.928+0000] {dagbag.py:588} INFO - Filling up the DagBag from /home/airflow/.local/lib/python3.12/site-packages/airflow/example_dags/example_sla_dag.py
[2024-10-26T21:12:24.938+0000] {processor.py:925} INFO - DAG(s) 'example_sla_dag' retrieved from /home/airflow/.local/lib/python3.12/site-packages/airflow/example_dags/example_sla_dag.py
[2024-10-26T21:12:24.959+0000] {logging_mixin.py:190} INFO - [2024-10-26T21:12:24.958+0000] {dag.py:3239} INFO - Sync 1 DAGs
[2024-10-26T21:12:24.984+0000] {logging_mixin.py:190} INFO - [2024-10-26T21:12:24.984+0000] {dag.py:4180} INFO - Setting next_dagrun for example_sla_dag to 2024-10-26 21:10:00+00:00, run_after=2024-10-26 21:12:00+00:00
[2024-10-26T21:12:25.014+0000] {processor.py:208} INFO - Processing /home/airflow/.local/lib/python3.12/site-packages/airflow/example_dags/example_sla_dag.py took 0.094 seconds
[2024-10-26T21:12:57.491+0000] {processor.py:186} INFO - Started process (PID=27550) to work on /home/airflow/.local/lib/python3.12/site-packages/airflow/example_dags/example_sla_dag.py
[2024-10-26T21:12:57.492+0000] {processor.py:914} INFO - Processing file /home/airflow/.local/lib/python3.12/site-packages/airflow/example_dags/example_sla_dag.py for tasks to queue
[2024-10-26T21:12:57.494+0000] {logging_mixin.py:190} INFO - [2024-10-26T21:12:57.494+0000] {dagbag.py:588} INFO - Filling up the DagBag from /home/airflow/.local/lib/python3.12/site-packages/airflow/example_dags/example_sla_dag.py
[2024-10-26T21:12:57.504+0000] {processor.py:925} INFO - DAG(s) 'example_sla_dag' retrieved from /home/airflow/.local/lib/python3.12/site-packages/airflow/example_dags/example_sla_dag.py
[2024-10-26T21:12:57.520+0000] {logging_mixin.py:190} INFO - [2024-10-26T21:12:57.520+0000] {dag.py:3239} INFO - Sync 1 DAGs
[2024-10-26T21:12:57.542+0000] {logging_mixin.py:190} INFO - [2024-10-26T21:12:57.542+0000] {dag.py:4180} INFO - Setting next_dagrun for example_sla_dag to 2024-10-26 21:10:00+00:00, run_after=2024-10-26 21:12:00+00:00
[2024-10-26T21:12:57.559+0000] {processor.py:208} INFO - Processing /home/airflow/.local/lib/python3.12/site-packages/airflow/example_dags/example_sla_dag.py took 0.074 seconds
[2024-10-26T21:13:30.243+0000] {processor.py:186} INFO - Started process (PID=27614) to work on /home/airflow/.local/lib/python3.12/site-packages/airflow/example_dags/example_sla_dag.py
[2024-10-26T21:13:30.244+0000] {processor.py:914} INFO - Processing file /home/airflow/.local/lib/python3.12/site-packages/airflow/example_dags/example_sla_dag.py for tasks to queue
[2024-10-26T21:13:30.247+0000] {logging_mixin.py:190} INFO - [2024-10-26T21:13:30.247+0000] {dagbag.py:588} INFO - Filling up the DagBag from /home/airflow/.local/lib/python3.12/site-packages/airflow/example_dags/example_sla_dag.py
[2024-10-26T21:13:30.260+0000] {processor.py:925} INFO - DAG(s) 'example_sla_dag' retrieved from /home/airflow/.local/lib/python3.12/site-packages/airflow/example_dags/example_sla_dag.py
[2024-10-26T21:13:30.280+0000] {logging_mixin.py:190} INFO - [2024-10-26T21:13:30.280+0000] {dag.py:3239} INFO - Sync 1 DAGs
[2024-10-26T21:13:30.306+0000] {logging_mixin.py:190} INFO - [2024-10-26T21:13:30.306+0000] {dag.py:4180} INFO - Setting next_dagrun for example_sla_dag to 2024-10-26 21:10:00+00:00, run_after=2024-10-26 21:12:00+00:00
[2024-10-26T21:13:30.324+0000] {processor.py:208} INFO - Processing /home/airflow/.local/lib/python3.12/site-packages/airflow/example_dags/example_sla_dag.py took 0.088 seconds
[2024-10-26T21:14:03.080+0000] {processor.py:186} INFO - Started process (PID=27678) to work on /home/airflow/.local/lib/python3.12/site-packages/airflow/example_dags/example_sla_dag.py
[2024-10-26T21:14:03.081+0000] {processor.py:914} INFO - Processing file /home/airflow/.local/lib/python3.12/site-packages/airflow/example_dags/example_sla_dag.py for tasks to queue
[2024-10-26T21:14:03.084+0000] {logging_mixin.py:190} INFO - [2024-10-26T21:14:03.083+0000] {dagbag.py:588} INFO - Filling up the DagBag from /home/airflow/.local/lib/python3.12/site-packages/airflow/example_dags/example_sla_dag.py
[2024-10-26T21:14:03.094+0000] {processor.py:925} INFO - DAG(s) 'example_sla_dag' retrieved from /home/airflow/.local/lib/python3.12/site-packages/airflow/example_dags/example_sla_dag.py
[2024-10-26T21:14:03.110+0000] {logging_mixin.py:190} INFO - [2024-10-26T21:14:03.110+0000] {dag.py:3239} INFO - Sync 1 DAGs
[2024-10-26T21:14:03.145+0000] {logging_mixin.py:190} INFO - [2024-10-26T21:14:03.145+0000] {dag.py:4180} INFO - Setting next_dagrun for example_sla_dag to 2024-10-26 21:12:00+00:00, run_after=2024-10-26 21:14:00+00:00
[2024-10-26T21:14:03.169+0000] {processor.py:208} INFO - Processing /home/airflow/.local/lib/python3.12/site-packages/airflow/example_dags/example_sla_dag.py took 0.094 seconds
[2024-10-26T21:14:35.727+0000] {processor.py:186} INFO - Started process (PID=27742) to work on /home/airflow/.local/lib/python3.12/site-packages/airflow/example_dags/example_sla_dag.py
[2024-10-26T21:14:35.728+0000] {processor.py:914} INFO - Processing file /home/airflow/.local/lib/python3.12/site-packages/airflow/example_dags/example_sla_dag.py for tasks to queue
[2024-10-26T21:14:35.731+0000] {logging_mixin.py:190} INFO - [2024-10-26T21:14:35.730+0000] {dagbag.py:588} INFO - Filling up the DagBag from /home/airflow/.local/lib/python3.12/site-packages/airflow/example_dags/example_sla_dag.py
[2024-10-26T21:14:35.741+0000] {processor.py:925} INFO - DAG(s) 'example_sla_dag' retrieved from /home/airflow/.local/lib/python3.12/site-packages/airflow/example_dags/example_sla_dag.py
[2024-10-26T21:14:35.759+0000] {logging_mixin.py:190} INFO - [2024-10-26T21:14:35.759+0000] {dag.py:3239} INFO - Sync 1 DAGs
[2024-10-26T21:14:35.782+0000] {logging_mixin.py:190} INFO - [2024-10-26T21:14:35.781+0000] {dag.py:4180} INFO - Setting next_dagrun for example_sla_dag to 2024-10-26 21:12:00+00:00, run_after=2024-10-26 21:14:00+00:00
[2024-10-26T21:14:35.799+0000] {processor.py:208} INFO - Processing /home/airflow/.local/lib/python3.12/site-packages/airflow/example_dags/example_sla_dag.py took 0.078 seconds
[2024-10-26T21:15:08.488+0000] {processor.py:186} INFO - Started process (PID=27806) to work on /home/airflow/.local/lib/python3.12/site-packages/airflow/example_dags/example_sla_dag.py
[2024-10-26T21:15:08.488+0000] {processor.py:914} INFO - Processing file /home/airflow/.local/lib/python3.12/site-packages/airflow/example_dags/example_sla_dag.py for tasks to queue
[2024-10-26T21:15:08.491+0000] {logging_mixin.py:190} INFO - [2024-10-26T21:15:08.490+0000] {dagbag.py:588} INFO - Filling up the DagBag from /home/airflow/.local/lib/python3.12/site-packages/airflow/example_dags/example_sla_dag.py
[2024-10-26T21:15:08.499+0000] {processor.py:925} INFO - DAG(s) 'example_sla_dag' retrieved from /home/airflow/.local/lib/python3.12/site-packages/airflow/example_dags/example_sla_dag.py
[2024-10-26T21:15:08.517+0000] {logging_mixin.py:190} INFO - [2024-10-26T21:15:08.517+0000] {dag.py:3239} INFO - Sync 1 DAGs
[2024-10-26T21:15:08.543+0000] {logging_mixin.py:190} INFO - [2024-10-26T21:15:08.543+0000] {dag.py:4180} INFO - Setting next_dagrun for example_sla_dag to 2024-10-26 21:12:00+00:00, run_after=2024-10-26 21:14:00+00:00
[2024-10-26T21:15:08.563+0000] {processor.py:208} INFO - Processing /home/airflow/.local/lib/python3.12/site-packages/airflow/example_dags/example_sla_dag.py took 0.080 seconds
[2024-10-26T21:15:41.660+0000] {processor.py:186} INFO - Started process (PID=27870) to work on /home/airflow/.local/lib/python3.12/site-packages/airflow/example_dags/example_sla_dag.py
[2024-10-26T21:15:41.661+0000] {processor.py:914} INFO - Processing file /home/airflow/.local/lib/python3.12/site-packages/airflow/example_dags/example_sla_dag.py for tasks to queue
[2024-10-26T21:15:41.664+0000] {logging_mixin.py:190} INFO - [2024-10-26T21:15:41.663+0000] {dagbag.py:588} INFO - Filling up the DagBag from /home/airflow/.local/lib/python3.12/site-packages/airflow/example_dags/example_sla_dag.py
[2024-10-26T21:15:41.674+0000] {processor.py:925} INFO - DAG(s) 'example_sla_dag' retrieved from /home/airflow/.local/lib/python3.12/site-packages/airflow/example_dags/example_sla_dag.py
[2024-10-26T21:15:41.692+0000] {logging_mixin.py:190} INFO - [2024-10-26T21:15:41.692+0000] {dag.py:3239} INFO - Sync 1 DAGs
[2024-10-26T21:15:41.714+0000] {logging_mixin.py:190} INFO - [2024-10-26T21:15:41.714+0000] {dag.py:4180} INFO - Setting next_dagrun for example_sla_dag to 2024-10-26 21:12:00+00:00, run_after=2024-10-26 21:14:00+00:00
[2024-10-26T21:15:41.736+0000] {processor.py:208} INFO - Processing /home/airflow/.local/lib/python3.12/site-packages/airflow/example_dags/example_sla_dag.py took 0.081 seconds
[2024-10-26T21:16:13.982+0000] {processor.py:186} INFO - Started process (PID=27934) to work on /home/airflow/.local/lib/python3.12/site-packages/airflow/example_dags/example_sla_dag.py
[2024-10-26T21:16:13.983+0000] {processor.py:914} INFO - Processing file /home/airflow/.local/lib/python3.12/site-packages/airflow/example_dags/example_sla_dag.py for tasks to queue
[2024-10-26T21:16:13.986+0000] {logging_mixin.py:190} INFO - [2024-10-26T21:16:13.986+0000] {dagbag.py:588} INFO - Filling up the DagBag from /home/airflow/.local/lib/python3.12/site-packages/airflow/example_dags/example_sla_dag.py
[2024-10-26T21:16:14.001+0000] {processor.py:925} INFO - DAG(s) 'example_sla_dag' retrieved from /home/airflow/.local/lib/python3.12/site-packages/airflow/example_dags/example_sla_dag.py
[2024-10-26T21:16:14.029+0000] {logging_mixin.py:190} INFO - [2024-10-26T21:16:14.029+0000] {dag.py:3239} INFO - Sync 1 DAGs
[2024-10-26T21:16:14.063+0000] {logging_mixin.py:190} INFO - [2024-10-26T21:16:14.063+0000] {dag.py:4180} INFO - Setting next_dagrun for example_sla_dag to 2024-10-26 21:14:00+00:00, run_after=2024-10-26 21:16:00+00:00
[2024-10-26T21:16:14.087+0000] {processor.py:208} INFO - Processing /home/airflow/.local/lib/python3.12/site-packages/airflow/example_dags/example_sla_dag.py took 0.112 seconds
[2024-10-26T21:16:47.142+0000] {processor.py:186} INFO - Started process (PID=27998) to work on /home/airflow/.local/lib/python3.12/site-packages/airflow/example_dags/example_sla_dag.py
[2024-10-26T21:16:47.143+0000] {processor.py:914} INFO - Processing file /home/airflow/.local/lib/python3.12/site-packages/airflow/example_dags/example_sla_dag.py for tasks to queue
[2024-10-26T21:16:47.145+0000] {logging_mixin.py:190} INFO - [2024-10-26T21:16:47.145+0000] {dagbag.py:588} INFO - Filling up the DagBag from /home/airflow/.local/lib/python3.12/site-packages/airflow/example_dags/example_sla_dag.py
[2024-10-26T21:16:47.153+0000] {processor.py:925} INFO - DAG(s) 'example_sla_dag' retrieved from /home/airflow/.local/lib/python3.12/site-packages/airflow/example_dags/example_sla_dag.py
[2024-10-26T21:16:47.171+0000] {logging_mixin.py:190} INFO - [2024-10-26T21:16:47.171+0000] {dag.py:3239} INFO - Sync 1 DAGs
[2024-10-26T21:16:47.191+0000] {logging_mixin.py:190} INFO - [2024-10-26T21:16:47.191+0000] {dag.py:4180} INFO - Setting next_dagrun for example_sla_dag to 2024-10-26 21:14:00+00:00, run_after=2024-10-26 21:16:00+00:00
[2024-10-26T21:16:47.211+0000] {processor.py:208} INFO - Processing /home/airflow/.local/lib/python3.12/site-packages/airflow/example_dags/example_sla_dag.py took 0.075 seconds
[2024-10-26T21:17:19.988+0000] {processor.py:186} INFO - Started process (PID=28062) to work on /home/airflow/.local/lib/python3.12/site-packages/airflow/example_dags/example_sla_dag.py
[2024-10-26T21:17:19.989+0000] {processor.py:914} INFO - Processing file /home/airflow/.local/lib/python3.12/site-packages/airflow/example_dags/example_sla_dag.py for tasks to queue
[2024-10-26T21:17:19.991+0000] {logging_mixin.py:190} INFO - [2024-10-26T21:17:19.991+0000] {dagbag.py:588} INFO - Filling up the DagBag from /home/airflow/.local/lib/python3.12/site-packages/airflow/example_dags/example_sla_dag.py
[2024-10-26T21:17:20.003+0000] {processor.py:925} INFO - DAG(s) 'example_sla_dag' retrieved from /home/airflow/.local/lib/python3.12/site-packages/airflow/example_dags/example_sla_dag.py
[2024-10-26T21:17:20.022+0000] {logging_mixin.py:190} INFO - [2024-10-26T21:17:20.022+0000] {dag.py:3239} INFO - Sync 1 DAGs
[2024-10-26T21:17:20.071+0000] {logging_mixin.py:190} INFO - [2024-10-26T21:17:20.071+0000] {dag.py:4180} INFO - Setting next_dagrun for example_sla_dag to 2024-10-26 21:14:00+00:00, run_after=2024-10-26 21:16:00+00:00
[2024-10-26T21:17:20.126+0000] {processor.py:208} INFO - Processing /home/airflow/.local/lib/python3.12/site-packages/airflow/example_dags/example_sla_dag.py took 0.144 seconds
[2024-10-26T21:17:52.274+0000] {processor.py:186} INFO - Started process (PID=28126) to work on /home/airflow/.local/lib/python3.12/site-packages/airflow/example_dags/example_sla_dag.py
[2024-10-26T21:17:52.275+0000] {processor.py:914} INFO - Processing file /home/airflow/.local/lib/python3.12/site-packages/airflow/example_dags/example_sla_dag.py for tasks to queue
[2024-10-26T21:17:52.277+0000] {logging_mixin.py:190} INFO - [2024-10-26T21:17:52.277+0000] {dagbag.py:588} INFO - Filling up the DagBag from /home/airflow/.local/lib/python3.12/site-packages/airflow/example_dags/example_sla_dag.py
[2024-10-26T21:17:52.286+0000] {processor.py:925} INFO - DAG(s) 'example_sla_dag' retrieved from /home/airflow/.local/lib/python3.12/site-packages/airflow/example_dags/example_sla_dag.py
[2024-10-26T21:17:52.304+0000] {logging_mixin.py:190} INFO - [2024-10-26T21:17:52.303+0000] {dag.py:3239} INFO - Sync 1 DAGs
[2024-10-26T21:17:52.326+0000] {logging_mixin.py:190} INFO - [2024-10-26T21:17:52.326+0000] {dag.py:4180} INFO - Setting next_dagrun for example_sla_dag to 2024-10-26 21:14:00+00:00, run_after=2024-10-26 21:16:00+00:00
[2024-10-26T21:17:52.345+0000] {processor.py:208} INFO - Processing /home/airflow/.local/lib/python3.12/site-packages/airflow/example_dags/example_sla_dag.py took 0.076 seconds
[2024-10-26T21:18:25.010+0000] {processor.py:186} INFO - Started process (PID=28190) to work on /home/airflow/.local/lib/python3.12/site-packages/airflow/example_dags/example_sla_dag.py
[2024-10-26T21:18:25.011+0000] {processor.py:914} INFO - Processing file /home/airflow/.local/lib/python3.12/site-packages/airflow/example_dags/example_sla_dag.py for tasks to queue
[2024-10-26T21:18:25.013+0000] {logging_mixin.py:190} INFO - [2024-10-26T21:18:25.013+0000] {dagbag.py:588} INFO - Filling up the DagBag from /home/airflow/.local/lib/python3.12/site-packages/airflow/example_dags/example_sla_dag.py
[2024-10-26T21:18:25.024+0000] {processor.py:925} INFO - DAG(s) 'example_sla_dag' retrieved from /home/airflow/.local/lib/python3.12/site-packages/airflow/example_dags/example_sla_dag.py
[2024-10-26T21:18:25.041+0000] {logging_mixin.py:190} INFO - [2024-10-26T21:18:25.041+0000] {dag.py:3239} INFO - Sync 1 DAGs
[2024-10-26T21:18:25.069+0000] {logging_mixin.py:190} INFO - [2024-10-26T21:18:25.069+0000] {dag.py:4180} INFO - Setting next_dagrun for example_sla_dag to 2024-10-26 21:16:00+00:00, run_after=2024-10-26 21:18:00+00:00
[2024-10-26T21:18:25.090+0000] {processor.py:208} INFO - Processing /home/airflow/.local/lib/python3.12/site-packages/airflow/example_dags/example_sla_dag.py took 0.087 seconds
[2024-10-26T21:18:58.037+0000] {processor.py:186} INFO - Started process (PID=28254) to work on /home/airflow/.local/lib/python3.12/site-packages/airflow/example_dags/example_sla_dag.py
[2024-10-26T21:18:58.040+0000] {processor.py:914} INFO - Processing file /home/airflow/.local/lib/python3.12/site-packages/airflow/example_dags/example_sla_dag.py for tasks to queue
[2024-10-26T21:18:58.043+0000] {logging_mixin.py:190} INFO - [2024-10-26T21:18:58.043+0000] {dagbag.py:588} INFO - Filling up the DagBag from /home/airflow/.local/lib/python3.12/site-packages/airflow/example_dags/example_sla_dag.py
[2024-10-26T21:18:58.060+0000] {processor.py:925} INFO - DAG(s) 'example_sla_dag' retrieved from /home/airflow/.local/lib/python3.12/site-packages/airflow/example_dags/example_sla_dag.py
[2024-10-26T21:18:58.081+0000] {logging_mixin.py:190} INFO - [2024-10-26T21:18:58.081+0000] {dag.py:3239} INFO - Sync 1 DAGs
[2024-10-26T21:18:58.115+0000] {logging_mixin.py:190} INFO - [2024-10-26T21:18:58.114+0000] {dag.py:4180} INFO - Setting next_dagrun for example_sla_dag to 2024-10-26 21:16:00+00:00, run_after=2024-10-26 21:18:00+00:00
[2024-10-26T21:18:58.140+0000] {processor.py:208} INFO - Processing /home/airflow/.local/lib/python3.12/site-packages/airflow/example_dags/example_sla_dag.py took 0.110 seconds
[2024-10-26T21:19:30.808+0000] {processor.py:186} INFO - Started process (PID=28318) to work on /home/airflow/.local/lib/python3.12/site-packages/airflow/example_dags/example_sla_dag.py
[2024-10-26T21:19:30.809+0000] {processor.py:914} INFO - Processing file /home/airflow/.local/lib/python3.12/site-packages/airflow/example_dags/example_sla_dag.py for tasks to queue
[2024-10-26T21:19:30.811+0000] {logging_mixin.py:190} INFO - [2024-10-26T21:19:30.811+0000] {dagbag.py:588} INFO - Filling up the DagBag from /home/airflow/.local/lib/python3.12/site-packages/airflow/example_dags/example_sla_dag.py
[2024-10-26T21:19:30.820+0000] {processor.py:925} INFO - DAG(s) 'example_sla_dag' retrieved from /home/airflow/.local/lib/python3.12/site-packages/airflow/example_dags/example_sla_dag.py
[2024-10-26T21:19:30.839+0000] {logging_mixin.py:190} INFO - [2024-10-26T21:19:30.838+0000] {dag.py:3239} INFO - Sync 1 DAGs
[2024-10-26T21:19:30.860+0000] {logging_mixin.py:190} INFO - [2024-10-26T21:19:30.860+0000] {dag.py:4180} INFO - Setting next_dagrun for example_sla_dag to 2024-10-26 21:16:00+00:00, run_after=2024-10-26 21:18:00+00:00
[2024-10-26T21:19:30.878+0000] {processor.py:208} INFO - Processing /home/airflow/.local/lib/python3.12/site-packages/airflow/example_dags/example_sla_dag.py took 0.075 seconds
[2024-10-26T21:20:03.462+0000] {processor.py:186} INFO - Started process (PID=28382) to work on /home/airflow/.local/lib/python3.12/site-packages/airflow/example_dags/example_sla_dag.py
[2024-10-26T21:20:03.463+0000] {processor.py:914} INFO - Processing file /home/airflow/.local/lib/python3.12/site-packages/airflow/example_dags/example_sla_dag.py for tasks to queue
[2024-10-26T21:20:03.465+0000] {logging_mixin.py:190} INFO - [2024-10-26T21:20:03.465+0000] {dagbag.py:588} INFO - Filling up the DagBag from /home/airflow/.local/lib/python3.12/site-packages/airflow/example_dags/example_sla_dag.py
[2024-10-26T21:20:03.478+0000] {processor.py:925} INFO - DAG(s) 'example_sla_dag' retrieved from /home/airflow/.local/lib/python3.12/site-packages/airflow/example_dags/example_sla_dag.py
[2024-10-26T21:20:03.495+0000] {logging_mixin.py:190} INFO - [2024-10-26T21:20:03.494+0000] {dag.py:3239} INFO - Sync 1 DAGs
[2024-10-26T21:20:03.517+0000] {logging_mixin.py:190} INFO - [2024-10-26T21:20:03.517+0000] {dag.py:4180} INFO - Setting next_dagrun for example_sla_dag to 2024-10-26 21:18:00+00:00, run_after=2024-10-26 21:20:00+00:00
[2024-10-26T21:20:03.536+0000] {processor.py:208} INFO - Processing /home/airflow/.local/lib/python3.12/site-packages/airflow/example_dags/example_sla_dag.py took 0.080 seconds
[2024-10-26T21:20:36.304+0000] {processor.py:186} INFO - Started process (PID=28447) to work on /home/airflow/.local/lib/python3.12/site-packages/airflow/example_dags/example_sla_dag.py
[2024-10-26T21:20:36.305+0000] {processor.py:914} INFO - Processing file /home/airflow/.local/lib/python3.12/site-packages/airflow/example_dags/example_sla_dag.py for tasks to queue
[2024-10-26T21:20:36.307+0000] {logging_mixin.py:190} INFO - [2024-10-26T21:20:36.307+0000] {dagbag.py:588} INFO - Filling up the DagBag from /home/airflow/.local/lib/python3.12/site-packages/airflow/example_dags/example_sla_dag.py
[2024-10-26T21:20:36.316+0000] {processor.py:925} INFO - DAG(s) 'example_sla_dag' retrieved from /home/airflow/.local/lib/python3.12/site-packages/airflow/example_dags/example_sla_dag.py
[2024-10-26T21:20:36.334+0000] {logging_mixin.py:190} INFO - [2024-10-26T21:20:36.334+0000] {dag.py:3239} INFO - Sync 1 DAGs
[2024-10-26T21:20:36.355+0000] {logging_mixin.py:190} INFO - [2024-10-26T21:20:36.355+0000] {dag.py:4180} INFO - Setting next_dagrun for example_sla_dag to 2024-10-26 21:18:00+00:00, run_after=2024-10-26 21:20:00+00:00
[2024-10-26T21:20:36.373+0000] {processor.py:208} INFO - Processing /home/airflow/.local/lib/python3.12/site-packages/airflow/example_dags/example_sla_dag.py took 0.075 seconds
[2024-10-26T21:21:08.822+0000] {processor.py:186} INFO - Started process (PID=28511) to work on /home/airflow/.local/lib/python3.12/site-packages/airflow/example_dags/example_sla_dag.py
[2024-10-26T21:21:08.823+0000] {processor.py:914} INFO - Processing file /home/airflow/.local/lib/python3.12/site-packages/airflow/example_dags/example_sla_dag.py for tasks to queue
[2024-10-26T21:21:08.825+0000] {logging_mixin.py:190} INFO - [2024-10-26T21:21:08.825+0000] {dagbag.py:588} INFO - Filling up the DagBag from /home/airflow/.local/lib/python3.12/site-packages/airflow/example_dags/example_sla_dag.py
[2024-10-26T21:21:08.834+0000] {processor.py:925} INFO - DAG(s) 'example_sla_dag' retrieved from /home/airflow/.local/lib/python3.12/site-packages/airflow/example_dags/example_sla_dag.py
[2024-10-26T21:21:08.852+0000] {logging_mixin.py:190} INFO - [2024-10-26T21:21:08.851+0000] {dag.py:3239} INFO - Sync 1 DAGs
[2024-10-26T21:21:08.874+0000] {logging_mixin.py:190} INFO - [2024-10-26T21:21:08.874+0000] {dag.py:4180} INFO - Setting next_dagrun for example_sla_dag to 2024-10-26 21:18:00+00:00, run_after=2024-10-26 21:20:00+00:00
[2024-10-26T21:21:08.894+0000] {processor.py:208} INFO - Processing /home/airflow/.local/lib/python3.12/site-packages/airflow/example_dags/example_sla_dag.py took 0.079 seconds
[2024-10-26T21:21:41.459+0000] {processor.py:186} INFO - Started process (PID=28575) to work on /home/airflow/.local/lib/python3.12/site-packages/airflow/example_dags/example_sla_dag.py
[2024-10-26T21:21:41.461+0000] {processor.py:914} INFO - Processing file /home/airflow/.local/lib/python3.12/site-packages/airflow/example_dags/example_sla_dag.py for tasks to queue
[2024-10-26T21:21:41.465+0000] {logging_mixin.py:190} INFO - [2024-10-26T21:21:41.464+0000] {dagbag.py:588} INFO - Filling up the DagBag from /home/airflow/.local/lib/python3.12/site-packages/airflow/example_dags/example_sla_dag.py
[2024-10-26T21:21:41.479+0000] {processor.py:925} INFO - DAG(s) 'example_sla_dag' retrieved from /home/airflow/.local/lib/python3.12/site-packages/airflow/example_dags/example_sla_dag.py
[2024-10-26T21:21:41.500+0000] {logging_mixin.py:190} INFO - [2024-10-26T21:21:41.500+0000] {dag.py:3239} INFO - Sync 1 DAGs
[2024-10-26T21:21:41.523+0000] {logging_mixin.py:190} INFO - [2024-10-26T21:21:41.523+0000] {dag.py:4180} INFO - Setting next_dagrun for example_sla_dag to 2024-10-26 21:18:00+00:00, run_after=2024-10-26 21:20:00+00:00
[2024-10-26T21:21:41.544+0000] {processor.py:208} INFO - Processing /home/airflow/.local/lib/python3.12/site-packages/airflow/example_dags/example_sla_dag.py took 0.094 seconds
[2024-10-26T21:22:14.507+0000] {processor.py:186} INFO - Started process (PID=28639) to work on /home/airflow/.local/lib/python3.12/site-packages/airflow/example_dags/example_sla_dag.py
[2024-10-26T21:22:14.509+0000] {processor.py:914} INFO - Processing file /home/airflow/.local/lib/python3.12/site-packages/airflow/example_dags/example_sla_dag.py for tasks to queue
[2024-10-26T21:22:14.511+0000] {logging_mixin.py:190} INFO - [2024-10-26T21:22:14.511+0000] {dagbag.py:588} INFO - Filling up the DagBag from /home/airflow/.local/lib/python3.12/site-packages/airflow/example_dags/example_sla_dag.py
[2024-10-26T21:22:14.520+0000] {processor.py:925} INFO - DAG(s) 'example_sla_dag' retrieved from /home/airflow/.local/lib/python3.12/site-packages/airflow/example_dags/example_sla_dag.py
[2024-10-26T21:22:14.540+0000] {logging_mixin.py:190} INFO - [2024-10-26T21:22:14.540+0000] {dag.py:3239} INFO - Sync 1 DAGs
[2024-10-26T21:22:14.564+0000] {logging_mixin.py:190} INFO - [2024-10-26T21:22:14.564+0000] {dag.py:4180} INFO - Setting next_dagrun for example_sla_dag to 2024-10-26 21:20:00+00:00, run_after=2024-10-26 21:22:00+00:00
[2024-10-26T21:22:14.583+0000] {processor.py:208} INFO - Processing /home/airflow/.local/lib/python3.12/site-packages/airflow/example_dags/example_sla_dag.py took 0.081 seconds
[2024-10-26T21:22:47.474+0000] {processor.py:186} INFO - Started process (PID=28703) to work on /home/airflow/.local/lib/python3.12/site-packages/airflow/example_dags/example_sla_dag.py
[2024-10-26T21:22:47.475+0000] {processor.py:914} INFO - Processing file /home/airflow/.local/lib/python3.12/site-packages/airflow/example_dags/example_sla_dag.py for tasks to queue
[2024-10-26T21:22:47.477+0000] {logging_mixin.py:190} INFO - [2024-10-26T21:22:47.477+0000] {dagbag.py:588} INFO - Filling up the DagBag from /home/airflow/.local/lib/python3.12/site-packages/airflow/example_dags/example_sla_dag.py
[2024-10-26T21:22:47.486+0000] {processor.py:925} INFO - DAG(s) 'example_sla_dag' retrieved from /home/airflow/.local/lib/python3.12/site-packages/airflow/example_dags/example_sla_dag.py
[2024-10-26T21:22:47.504+0000] {logging_mixin.py:190} INFO - [2024-10-26T21:22:47.504+0000] {dag.py:3239} INFO - Sync 1 DAGs
[2024-10-26T21:22:47.531+0000] {logging_mixin.py:190} INFO - [2024-10-26T21:22:47.531+0000] {dag.py:4180} INFO - Setting next_dagrun for example_sla_dag to 2024-10-26 21:20:00+00:00, run_after=2024-10-26 21:22:00+00:00
[2024-10-26T21:22:47.553+0000] {processor.py:208} INFO - Processing /home/airflow/.local/lib/python3.12/site-packages/airflow/example_dags/example_sla_dag.py took 0.087 seconds
[2024-10-26T21:23:20.237+0000] {processor.py:186} INFO - Started process (PID=28767) to work on /home/airflow/.local/lib/python3.12/site-packages/airflow/example_dags/example_sla_dag.py
[2024-10-26T21:23:20.238+0000] {processor.py:914} INFO - Processing file /home/airflow/.local/lib/python3.12/site-packages/airflow/example_dags/example_sla_dag.py for tasks to queue
[2024-10-26T21:23:20.241+0000] {logging_mixin.py:190} INFO - [2024-10-26T21:23:20.240+0000] {dagbag.py:588} INFO - Filling up the DagBag from /home/airflow/.local/lib/python3.12/site-packages/airflow/example_dags/example_sla_dag.py
[2024-10-26T21:23:20.250+0000] {processor.py:925} INFO - DAG(s) 'example_sla_dag' retrieved from /home/airflow/.local/lib/python3.12/site-packages/airflow/example_dags/example_sla_dag.py
[2024-10-26T21:23:20.268+0000] {logging_mixin.py:190} INFO - [2024-10-26T21:23:20.268+0000] {dag.py:3239} INFO - Sync 1 DAGs
[2024-10-26T21:23:20.291+0000] {logging_mixin.py:190} INFO - [2024-10-26T21:23:20.291+0000] {dag.py:4180} INFO - Setting next_dagrun for example_sla_dag to 2024-10-26 21:20:00+00:00, run_after=2024-10-26 21:22:00+00:00
[2024-10-26T21:23:20.310+0000] {processor.py:208} INFO - Processing /home/airflow/.local/lib/python3.12/site-packages/airflow/example_dags/example_sla_dag.py took 0.078 seconds
[2024-10-26T21:23:52.679+0000] {processor.py:186} INFO - Started process (PID=28831) to work on /home/airflow/.local/lib/python3.12/site-packages/airflow/example_dags/example_sla_dag.py
[2024-10-26T21:23:52.680+0000] {processor.py:914} INFO - Processing file /home/airflow/.local/lib/python3.12/site-packages/airflow/example_dags/example_sla_dag.py for tasks to queue
[2024-10-26T21:23:52.682+0000] {logging_mixin.py:190} INFO - [2024-10-26T21:23:52.682+0000] {dagbag.py:588} INFO - Filling up the DagBag from /home/airflow/.local/lib/python3.12/site-packages/airflow/example_dags/example_sla_dag.py
[2024-10-26T21:23:52.691+0000] {processor.py:925} INFO - DAG(s) 'example_sla_dag' retrieved from /home/airflow/.local/lib/python3.12/site-packages/airflow/example_dags/example_sla_dag.py
[2024-10-26T21:23:52.709+0000] {logging_mixin.py:190} INFO - [2024-10-26T21:23:52.709+0000] {dag.py:3239} INFO - Sync 1 DAGs
[2024-10-26T21:23:52.731+0000] {logging_mixin.py:190} INFO - [2024-10-26T21:23:52.731+0000] {dag.py:4180} INFO - Setting next_dagrun for example_sla_dag to 2024-10-26 21:20:00+00:00, run_after=2024-10-26 21:22:00+00:00
[2024-10-26T21:23:52.750+0000] {processor.py:208} INFO - Processing /home/airflow/.local/lib/python3.12/site-packages/airflow/example_dags/example_sla_dag.py took 0.078 seconds
[2024-10-26T21:24:25.289+0000] {processor.py:186} INFO - Started process (PID=28895) to work on /home/airflow/.local/lib/python3.12/site-packages/airflow/example_dags/example_sla_dag.py
[2024-10-26T21:24:25.290+0000] {processor.py:914} INFO - Processing file /home/airflow/.local/lib/python3.12/site-packages/airflow/example_dags/example_sla_dag.py for tasks to queue
[2024-10-26T21:24:25.292+0000] {logging_mixin.py:190} INFO - [2024-10-26T21:24:25.292+0000] {dagbag.py:588} INFO - Filling up the DagBag from /home/airflow/.local/lib/python3.12/site-packages/airflow/example_dags/example_sla_dag.py
[2024-10-26T21:24:25.301+0000] {processor.py:925} INFO - DAG(s) 'example_sla_dag' retrieved from /home/airflow/.local/lib/python3.12/site-packages/airflow/example_dags/example_sla_dag.py
[2024-10-26T21:24:25.317+0000] {logging_mixin.py:190} INFO - [2024-10-26T21:24:25.317+0000] {dag.py:3239} INFO - Sync 1 DAGs
[2024-10-26T21:24:25.339+0000] {logging_mixin.py:190} INFO - [2024-10-26T21:24:25.339+0000] {dag.py:4180} INFO - Setting next_dagrun for example_sla_dag to 2024-10-26 21:22:00+00:00, run_after=2024-10-26 21:24:00+00:00
[2024-10-26T21:24:25.358+0000] {processor.py:208} INFO - Processing /home/airflow/.local/lib/python3.12/site-packages/airflow/example_dags/example_sla_dag.py took 0.074 seconds
[2024-10-26T21:24:57.949+0000] {processor.py:186} INFO - Started process (PID=28959) to work on /home/airflow/.local/lib/python3.12/site-packages/airflow/example_dags/example_sla_dag.py
[2024-10-26T21:24:57.950+0000] {processor.py:914} INFO - Processing file /home/airflow/.local/lib/python3.12/site-packages/airflow/example_dags/example_sla_dag.py for tasks to queue
[2024-10-26T21:24:57.953+0000] {logging_mixin.py:190} INFO - [2024-10-26T21:24:57.952+0000] {dagbag.py:588} INFO - Filling up the DagBag from /home/airflow/.local/lib/python3.12/site-packages/airflow/example_dags/example_sla_dag.py
[2024-10-26T21:24:57.962+0000] {processor.py:925} INFO - DAG(s) 'example_sla_dag' retrieved from /home/airflow/.local/lib/python3.12/site-packages/airflow/example_dags/example_sla_dag.py
[2024-10-26T21:24:57.980+0000] {logging_mixin.py:190} INFO - [2024-10-26T21:24:57.980+0000] {dag.py:3239} INFO - Sync 1 DAGs
[2024-10-26T21:24:58.001+0000] {logging_mixin.py:190} INFO - [2024-10-26T21:24:58.001+0000] {dag.py:4180} INFO - Setting next_dagrun for example_sla_dag to 2024-10-26 21:22:00+00:00, run_after=2024-10-26 21:24:00+00:00
[2024-10-26T21:24:58.022+0000] {processor.py:208} INFO - Processing /home/airflow/.local/lib/python3.12/site-packages/airflow/example_dags/example_sla_dag.py took 0.077 seconds
[2024-10-26T21:25:30.611+0000] {processor.py:186} INFO - Started process (PID=29023) to work on /home/airflow/.local/lib/python3.12/site-packages/airflow/example_dags/example_sla_dag.py
[2024-10-26T21:25:30.612+0000] {processor.py:914} INFO - Processing file /home/airflow/.local/lib/python3.12/site-packages/airflow/example_dags/example_sla_dag.py for tasks to queue
[2024-10-26T21:25:30.615+0000] {logging_mixin.py:190} INFO - [2024-10-26T21:25:30.615+0000] {dagbag.py:588} INFO - Filling up the DagBag from /home/airflow/.local/lib/python3.12/site-packages/airflow/example_dags/example_sla_dag.py
[2024-10-26T21:25:30.624+0000] {processor.py:925} INFO - DAG(s) 'example_sla_dag' retrieved from /home/airflow/.local/lib/python3.12/site-packages/airflow/example_dags/example_sla_dag.py
[2024-10-26T21:25:30.647+0000] {logging_mixin.py:190} INFO - [2024-10-26T21:25:30.647+0000] {dag.py:3239} INFO - Sync 1 DAGs
[2024-10-26T21:25:30.669+0000] {logging_mixin.py:190} INFO - [2024-10-26T21:25:30.669+0000] {dag.py:4180} INFO - Setting next_dagrun for example_sla_dag to 2024-10-26 21:22:00+00:00, run_after=2024-10-26 21:24:00+00:00
[2024-10-26T21:25:30.689+0000] {processor.py:208} INFO - Processing /home/airflow/.local/lib/python3.12/site-packages/airflow/example_dags/example_sla_dag.py took 0.083 seconds
[2024-10-26T21:26:03.311+0000] {processor.py:186} INFO - Started process (PID=29087) to work on /home/airflow/.local/lib/python3.12/site-packages/airflow/example_dags/example_sla_dag.py
[2024-10-26T21:26:03.312+0000] {processor.py:914} INFO - Processing file /home/airflow/.local/lib/python3.12/site-packages/airflow/example_dags/example_sla_dag.py for tasks to queue
[2024-10-26T21:26:03.315+0000] {logging_mixin.py:190} INFO - [2024-10-26T21:26:03.314+0000] {dagbag.py:588} INFO - Filling up the DagBag from /home/airflow/.local/lib/python3.12/site-packages/airflow/example_dags/example_sla_dag.py
[2024-10-26T21:26:03.324+0000] {processor.py:925} INFO - DAG(s) 'example_sla_dag' retrieved from /home/airflow/.local/lib/python3.12/site-packages/airflow/example_dags/example_sla_dag.py
[2024-10-26T21:26:03.343+0000] {logging_mixin.py:190} INFO - [2024-10-26T21:26:03.342+0000] {dag.py:3239} INFO - Sync 1 DAGs
[2024-10-26T21:26:03.368+0000] {logging_mixin.py:190} INFO - [2024-10-26T21:26:03.368+0000] {dag.py:4180} INFO - Setting next_dagrun for example_sla_dag to 2024-10-26 21:24:00+00:00, run_after=2024-10-26 21:26:00+00:00
[2024-10-26T21:26:03.387+0000] {processor.py:208} INFO - Processing /home/airflow/.local/lib/python3.12/site-packages/airflow/example_dags/example_sla_dag.py took 0.081 seconds
[2024-10-26T21:26:35.911+0000] {processor.py:186} INFO - Started process (PID=29151) to work on /home/airflow/.local/lib/python3.12/site-packages/airflow/example_dags/example_sla_dag.py
[2024-10-26T21:26:35.912+0000] {processor.py:914} INFO - Processing file /home/airflow/.local/lib/python3.12/site-packages/airflow/example_dags/example_sla_dag.py for tasks to queue
[2024-10-26T21:26:35.914+0000] {logging_mixin.py:190} INFO - [2024-10-26T21:26:35.914+0000] {dagbag.py:588} INFO - Filling up the DagBag from /home/airflow/.local/lib/python3.12/site-packages/airflow/example_dags/example_sla_dag.py
[2024-10-26T21:26:35.923+0000] {processor.py:925} INFO - DAG(s) 'example_sla_dag' retrieved from /home/airflow/.local/lib/python3.12/site-packages/airflow/example_dags/example_sla_dag.py
[2024-10-26T21:26:35.942+0000] {logging_mixin.py:190} INFO - [2024-10-26T21:26:35.942+0000] {dag.py:3239} INFO - Sync 1 DAGs
[2024-10-26T21:26:35.963+0000] {logging_mixin.py:190} INFO - [2024-10-26T21:26:35.962+0000] {dag.py:4180} INFO - Setting next_dagrun for example_sla_dag to 2024-10-26 21:24:00+00:00, run_after=2024-10-26 21:26:00+00:00
[2024-10-26T21:26:35.982+0000] {processor.py:208} INFO - Processing /home/airflow/.local/lib/python3.12/site-packages/airflow/example_dags/example_sla_dag.py took 0.077 seconds
[2024-10-26T21:27:08.372+0000] {processor.py:186} INFO - Started process (PID=29215) to work on /home/airflow/.local/lib/python3.12/site-packages/airflow/example_dags/example_sla_dag.py
[2024-10-26T21:27:08.373+0000] {processor.py:914} INFO - Processing file /home/airflow/.local/lib/python3.12/site-packages/airflow/example_dags/example_sla_dag.py for tasks to queue
[2024-10-26T21:27:08.375+0000] {logging_mixin.py:190} INFO - [2024-10-26T21:27:08.375+0000] {dagbag.py:588} INFO - Filling up the DagBag from /home/airflow/.local/lib/python3.12/site-packages/airflow/example_dags/example_sla_dag.py
[2024-10-26T21:27:08.384+0000] {processor.py:925} INFO - DAG(s) 'example_sla_dag' retrieved from /home/airflow/.local/lib/python3.12/site-packages/airflow/example_dags/example_sla_dag.py
[2024-10-26T21:27:08.408+0000] {logging_mixin.py:190} INFO - [2024-10-26T21:27:08.408+0000] {dag.py:3239} INFO - Sync 1 DAGs
[2024-10-26T21:27:08.439+0000] {logging_mixin.py:190} INFO - [2024-10-26T21:27:08.439+0000] {dag.py:4180} INFO - Setting next_dagrun for example_sla_dag to 2024-10-26 21:24:00+00:00, run_after=2024-10-26 21:26:00+00:00
[2024-10-26T21:27:08.462+0000] {processor.py:208} INFO - Processing /home/airflow/.local/lib/python3.12/site-packages/airflow/example_dags/example_sla_dag.py took 0.095 seconds
[2024-10-26T21:27:41.935+0000] {processor.py:186} INFO - Started process (PID=29279) to work on /home/airflow/.local/lib/python3.12/site-packages/airflow/example_dags/example_sla_dag.py
[2024-10-26T21:27:41.936+0000] {processor.py:914} INFO - Processing file /home/airflow/.local/lib/python3.12/site-packages/airflow/example_dags/example_sla_dag.py for tasks to queue
[2024-10-26T21:27:41.938+0000] {logging_mixin.py:190} INFO - [2024-10-26T21:27:41.937+0000] {dagbag.py:588} INFO - Filling up the DagBag from /home/airflow/.local/lib/python3.12/site-packages/airflow/example_dags/example_sla_dag.py
[2024-10-26T21:27:41.948+0000] {processor.py:925} INFO - DAG(s) 'example_sla_dag' retrieved from /home/airflow/.local/lib/python3.12/site-packages/airflow/example_dags/example_sla_dag.py
[2024-10-26T21:27:41.967+0000] {logging_mixin.py:190} INFO - [2024-10-26T21:27:41.966+0000] {dag.py:3239} INFO - Sync 1 DAGs
[2024-10-26T21:27:41.989+0000] {logging_mixin.py:190} INFO - [2024-10-26T21:27:41.989+0000] {dag.py:4180} INFO - Setting next_dagrun for example_sla_dag to 2024-10-26 21:24:00+00:00, run_after=2024-10-26 21:26:00+00:00
[2024-10-26T21:27:42.010+0000] {processor.py:208} INFO - Processing /home/airflow/.local/lib/python3.12/site-packages/airflow/example_dags/example_sla_dag.py took 0.081 seconds
[2024-10-26T21:28:14.592+0000] {processor.py:186} INFO - Started process (PID=29343) to work on /home/airflow/.local/lib/python3.12/site-packages/airflow/example_dags/example_sla_dag.py
[2024-10-26T21:28:14.593+0000] {processor.py:914} INFO - Processing file /home/airflow/.local/lib/python3.12/site-packages/airflow/example_dags/example_sla_dag.py for tasks to queue
[2024-10-26T21:28:14.595+0000] {logging_mixin.py:190} INFO - [2024-10-26T21:28:14.595+0000] {dagbag.py:588} INFO - Filling up the DagBag from /home/airflow/.local/lib/python3.12/site-packages/airflow/example_dags/example_sla_dag.py
[2024-10-26T21:28:14.604+0000] {processor.py:925} INFO - DAG(s) 'example_sla_dag' retrieved from /home/airflow/.local/lib/python3.12/site-packages/airflow/example_dags/example_sla_dag.py
[2024-10-26T21:28:14.620+0000] {logging_mixin.py:190} INFO - [2024-10-26T21:28:14.620+0000] {dag.py:3239} INFO - Sync 1 DAGs
[2024-10-26T21:28:14.642+0000] {logging_mixin.py:190} INFO - [2024-10-26T21:28:14.641+0000] {dag.py:4180} INFO - Setting next_dagrun for example_sla_dag to 2024-10-26 21:26:00+00:00, run_after=2024-10-26 21:28:00+00:00
[2024-10-26T21:28:14.662+0000] {processor.py:208} INFO - Processing /home/airflow/.local/lib/python3.12/site-packages/airflow/example_dags/example_sla_dag.py took 0.075 seconds
[2024-10-26T21:28:47.060+0000] {processor.py:186} INFO - Started process (PID=29407) to work on /home/airflow/.local/lib/python3.12/site-packages/airflow/example_dags/example_sla_dag.py
[2024-10-26T21:28:47.061+0000] {processor.py:914} INFO - Processing file /home/airflow/.local/lib/python3.12/site-packages/airflow/example_dags/example_sla_dag.py for tasks to queue
[2024-10-26T21:28:47.063+0000] {logging_mixin.py:190} INFO - [2024-10-26T21:28:47.063+0000] {dagbag.py:588} INFO - Filling up the DagBag from /home/airflow/.local/lib/python3.12/site-packages/airflow/example_dags/example_sla_dag.py
[2024-10-26T21:28:47.072+0000] {processor.py:925} INFO - DAG(s) 'example_sla_dag' retrieved from /home/airflow/.local/lib/python3.12/site-packages/airflow/example_dags/example_sla_dag.py
[2024-10-26T21:28:47.090+0000] {logging_mixin.py:190} INFO - [2024-10-26T21:28:47.090+0000] {dag.py:3239} INFO - Sync 1 DAGs
[2024-10-26T21:28:47.117+0000] {logging_mixin.py:190} INFO - [2024-10-26T21:28:47.117+0000] {dag.py:4180} INFO - Setting next_dagrun for example_sla_dag to 2024-10-26 21:26:00+00:00, run_after=2024-10-26 21:28:00+00:00
[2024-10-26T21:28:47.138+0000] {processor.py:208} INFO - Processing /home/airflow/.local/lib/python3.12/site-packages/airflow/example_dags/example_sla_dag.py took 0.084 seconds
[2024-10-26T21:29:19.818+0000] {processor.py:186} INFO - Started process (PID=29471) to work on /home/airflow/.local/lib/python3.12/site-packages/airflow/example_dags/example_sla_dag.py
[2024-10-26T21:29:19.819+0000] {processor.py:914} INFO - Processing file /home/airflow/.local/lib/python3.12/site-packages/airflow/example_dags/example_sla_dag.py for tasks to queue
[2024-10-26T21:29:19.822+0000] {logging_mixin.py:190} INFO - [2024-10-26T21:29:19.821+0000] {dagbag.py:588} INFO - Filling up the DagBag from /home/airflow/.local/lib/python3.12/site-packages/airflow/example_dags/example_sla_dag.py
[2024-10-26T21:29:19.832+0000] {processor.py:925} INFO - DAG(s) 'example_sla_dag' retrieved from /home/airflow/.local/lib/python3.12/site-packages/airflow/example_dags/example_sla_dag.py
[2024-10-26T21:29:19.855+0000] {logging_mixin.py:190} INFO - [2024-10-26T21:29:19.855+0000] {dag.py:3239} INFO - Sync 1 DAGs
[2024-10-26T21:29:19.888+0000] {logging_mixin.py:190} INFO - [2024-10-26T21:29:19.888+0000] {dag.py:4180} INFO - Setting next_dagrun for example_sla_dag to 2024-10-26 21:26:00+00:00, run_after=2024-10-26 21:28:00+00:00
[2024-10-26T21:29:19.911+0000] {processor.py:208} INFO - Processing /home/airflow/.local/lib/python3.12/site-packages/airflow/example_dags/example_sla_dag.py took 0.098 seconds
[2024-10-26T21:29:52.710+0000] {processor.py:186} INFO - Started process (PID=29536) to work on /home/airflow/.local/lib/python3.12/site-packages/airflow/example_dags/example_sla_dag.py
[2024-10-26T21:29:52.711+0000] {processor.py:914} INFO - Processing file /home/airflow/.local/lib/python3.12/site-packages/airflow/example_dags/example_sla_dag.py for tasks to queue
[2024-10-26T21:29:52.714+0000] {logging_mixin.py:190} INFO - [2024-10-26T21:29:52.713+0000] {dagbag.py:588} INFO - Filling up the DagBag from /home/airflow/.local/lib/python3.12/site-packages/airflow/example_dags/example_sla_dag.py
[2024-10-26T21:29:52.723+0000] {processor.py:925} INFO - DAG(s) 'example_sla_dag' retrieved from /home/airflow/.local/lib/python3.12/site-packages/airflow/example_dags/example_sla_dag.py
[2024-10-26T21:29:52.740+0000] {logging_mixin.py:190} INFO - [2024-10-26T21:29:52.740+0000] {dag.py:3239} INFO - Sync 1 DAGs
[2024-10-26T21:29:52.762+0000] {logging_mixin.py:190} INFO - [2024-10-26T21:29:52.762+0000] {dag.py:4180} INFO - Setting next_dagrun for example_sla_dag to 2024-10-26 21:26:00+00:00, run_after=2024-10-26 21:28:00+00:00
[2024-10-26T21:29:52.782+0000] {processor.py:208} INFO - Processing /home/airflow/.local/lib/python3.12/site-packages/airflow/example_dags/example_sla_dag.py took 0.077 seconds
[2024-10-26T21:30:25.429+0000] {processor.py:186} INFO - Started process (PID=29600) to work on /home/airflow/.local/lib/python3.12/site-packages/airflow/example_dags/example_sla_dag.py
[2024-10-26T21:30:25.430+0000] {processor.py:914} INFO - Processing file /home/airflow/.local/lib/python3.12/site-packages/airflow/example_dags/example_sla_dag.py for tasks to queue
[2024-10-26T21:30:25.432+0000] {logging_mixin.py:190} INFO - [2024-10-26T21:30:25.432+0000] {dagbag.py:588} INFO - Filling up the DagBag from /home/airflow/.local/lib/python3.12/site-packages/airflow/example_dags/example_sla_dag.py
[2024-10-26T21:30:25.441+0000] {processor.py:925} INFO - DAG(s) 'example_sla_dag' retrieved from /home/airflow/.local/lib/python3.12/site-packages/airflow/example_dags/example_sla_dag.py
[2024-10-26T21:30:25.458+0000] {logging_mixin.py:190} INFO - [2024-10-26T21:30:25.458+0000] {dag.py:3239} INFO - Sync 1 DAGs
[2024-10-26T21:30:25.479+0000] {logging_mixin.py:190} INFO - [2024-10-26T21:30:25.479+0000] {dag.py:4180} INFO - Setting next_dagrun for example_sla_dag to 2024-10-26 21:28:00+00:00, run_after=2024-10-26 21:30:00+00:00
[2024-10-26T21:30:25.499+0000] {processor.py:208} INFO - Processing /home/airflow/.local/lib/python3.12/site-packages/airflow/example_dags/example_sla_dag.py took 0.075 seconds
[2024-10-26T21:30:58.144+0000] {processor.py:186} INFO - Started process (PID=29664) to work on /home/airflow/.local/lib/python3.12/site-packages/airflow/example_dags/example_sla_dag.py
[2024-10-26T21:30:58.145+0000] {processor.py:914} INFO - Processing file /home/airflow/.local/lib/python3.12/site-packages/airflow/example_dags/example_sla_dag.py for tasks to queue
[2024-10-26T21:30:58.147+0000] {logging_mixin.py:190} INFO - [2024-10-26T21:30:58.146+0000] {dagbag.py:588} INFO - Filling up the DagBag from /home/airflow/.local/lib/python3.12/site-packages/airflow/example_dags/example_sla_dag.py
[2024-10-26T21:30:58.155+0000] {processor.py:925} INFO - DAG(s) 'example_sla_dag' retrieved from /home/airflow/.local/lib/python3.12/site-packages/airflow/example_dags/example_sla_dag.py
[2024-10-26T21:30:58.172+0000] {logging_mixin.py:190} INFO - [2024-10-26T21:30:58.171+0000] {dag.py:3239} INFO - Sync 1 DAGs
[2024-10-26T21:30:58.193+0000] {logging_mixin.py:190} INFO - [2024-10-26T21:30:58.192+0000] {dag.py:4180} INFO - Setting next_dagrun for example_sla_dag to 2024-10-26 21:28:00+00:00, run_after=2024-10-26 21:30:00+00:00
[2024-10-26T21:30:58.212+0000] {processor.py:208} INFO - Processing /home/airflow/.local/lib/python3.12/site-packages/airflow/example_dags/example_sla_dag.py took 0.073 seconds
[2024-10-26T21:31:30.781+0000] {processor.py:186} INFO - Started process (PID=29728) to work on /home/airflow/.local/lib/python3.12/site-packages/airflow/example_dags/example_sla_dag.py
[2024-10-26T21:31:30.782+0000] {processor.py:914} INFO - Processing file /home/airflow/.local/lib/python3.12/site-packages/airflow/example_dags/example_sla_dag.py for tasks to queue
[2024-10-26T21:31:30.784+0000] {logging_mixin.py:190} INFO - [2024-10-26T21:31:30.784+0000] {dagbag.py:588} INFO - Filling up the DagBag from /home/airflow/.local/lib/python3.12/site-packages/airflow/example_dags/example_sla_dag.py
[2024-10-26T21:31:30.792+0000] {processor.py:925} INFO - DAG(s) 'example_sla_dag' retrieved from /home/airflow/.local/lib/python3.12/site-packages/airflow/example_dags/example_sla_dag.py
[2024-10-26T21:31:30.809+0000] {logging_mixin.py:190} INFO - [2024-10-26T21:31:30.808+0000] {dag.py:3239} INFO - Sync 1 DAGs
[2024-10-26T21:31:30.830+0000] {logging_mixin.py:190} INFO - [2024-10-26T21:31:30.830+0000] {dag.py:4180} INFO - Setting next_dagrun for example_sla_dag to 2024-10-26 21:28:00+00:00, run_after=2024-10-26 21:30:00+00:00
[2024-10-26T21:31:30.850+0000] {processor.py:208} INFO - Processing /home/airflow/.local/lib/python3.12/site-packages/airflow/example_dags/example_sla_dag.py took 0.075 seconds
[2024-10-26T21:32:03.354+0000] {processor.py:186} INFO - Started process (PID=29792) to work on /home/airflow/.local/lib/python3.12/site-packages/airflow/example_dags/example_sla_dag.py
[2024-10-26T21:32:03.355+0000] {processor.py:914} INFO - Processing file /home/airflow/.local/lib/python3.12/site-packages/airflow/example_dags/example_sla_dag.py for tasks to queue
[2024-10-26T21:32:03.358+0000] {logging_mixin.py:190} INFO - [2024-10-26T21:32:03.358+0000] {dagbag.py:588} INFO - Filling up the DagBag from /home/airflow/.local/lib/python3.12/site-packages/airflow/example_dags/example_sla_dag.py
[2024-10-26T21:32:03.367+0000] {processor.py:925} INFO - DAG(s) 'example_sla_dag' retrieved from /home/airflow/.local/lib/python3.12/site-packages/airflow/example_dags/example_sla_dag.py
[2024-10-26T21:32:03.385+0000] {logging_mixin.py:190} INFO - [2024-10-26T21:32:03.385+0000] {dag.py:3239} INFO - Sync 1 DAGs
[2024-10-26T21:32:03.406+0000] {logging_mixin.py:190} INFO - [2024-10-26T21:32:03.406+0000] {dag.py:4180} INFO - Setting next_dagrun for example_sla_dag to 2024-10-26 21:30:00+00:00, run_after=2024-10-26 21:32:00+00:00
[2024-10-26T21:32:03.425+0000] {processor.py:208} INFO - Processing /home/airflow/.local/lib/python3.12/site-packages/airflow/example_dags/example_sla_dag.py took 0.079 seconds
[2024-10-26T21:32:35.980+0000] {processor.py:186} INFO - Started process (PID=29856) to work on /home/airflow/.local/lib/python3.12/site-packages/airflow/example_dags/example_sla_dag.py
[2024-10-26T21:32:35.981+0000] {processor.py:914} INFO - Processing file /home/airflow/.local/lib/python3.12/site-packages/airflow/example_dags/example_sla_dag.py for tasks to queue
[2024-10-26T21:32:35.983+0000] {logging_mixin.py:190} INFO - [2024-10-26T21:32:35.982+0000] {dagbag.py:588} INFO - Filling up the DagBag from /home/airflow/.local/lib/python3.12/site-packages/airflow/example_dags/example_sla_dag.py
[2024-10-26T21:32:35.991+0000] {processor.py:925} INFO - DAG(s) 'example_sla_dag' retrieved from /home/airflow/.local/lib/python3.12/site-packages/airflow/example_dags/example_sla_dag.py
[2024-10-26T21:32:36.008+0000] {logging_mixin.py:190} INFO - [2024-10-26T21:32:36.008+0000] {dag.py:3239} INFO - Sync 1 DAGs
[2024-10-26T21:32:36.029+0000] {logging_mixin.py:190} INFO - [2024-10-26T21:32:36.029+0000] {dag.py:4180} INFO - Setting next_dagrun for example_sla_dag to 2024-10-26 21:30:00+00:00, run_after=2024-10-26 21:32:00+00:00
[2024-10-26T21:32:36.049+0000] {processor.py:208} INFO - Processing /home/airflow/.local/lib/python3.12/site-packages/airflow/example_dags/example_sla_dag.py took 0.075 seconds
[2024-10-26T21:33:08.554+0000] {processor.py:186} INFO - Started process (PID=29920) to work on /home/airflow/.local/lib/python3.12/site-packages/airflow/example_dags/example_sla_dag.py
[2024-10-26T21:33:08.555+0000] {processor.py:914} INFO - Processing file /home/airflow/.local/lib/python3.12/site-packages/airflow/example_dags/example_sla_dag.py for tasks to queue
[2024-10-26T21:33:08.558+0000] {logging_mixin.py:190} INFO - [2024-10-26T21:33:08.557+0000] {dagbag.py:588} INFO - Filling up the DagBag from /home/airflow/.local/lib/python3.12/site-packages/airflow/example_dags/example_sla_dag.py
[2024-10-26T21:33:08.567+0000] {processor.py:925} INFO - DAG(s) 'example_sla_dag' retrieved from /home/airflow/.local/lib/python3.12/site-packages/airflow/example_dags/example_sla_dag.py
[2024-10-26T21:33:08.586+0000] {logging_mixin.py:190} INFO - [2024-10-26T21:33:08.585+0000] {dag.py:3239} INFO - Sync 1 DAGs
[2024-10-26T21:33:08.608+0000] {logging_mixin.py:190} INFO - [2024-10-26T21:33:08.608+0000] {dag.py:4180} INFO - Setting next_dagrun for example_sla_dag to 2024-10-26 21:30:00+00:00, run_after=2024-10-26 21:32:00+00:00
[2024-10-26T21:33:08.629+0000] {processor.py:208} INFO - Processing /home/airflow/.local/lib/python3.12/site-packages/airflow/example_dags/example_sla_dag.py took 0.080 seconds
[2024-10-26T21:33:42.201+0000] {processor.py:186} INFO - Started process (PID=29985) to work on /home/airflow/.local/lib/python3.12/site-packages/airflow/example_dags/example_sla_dag.py
[2024-10-26T21:33:42.202+0000] {processor.py:914} INFO - Processing file /home/airflow/.local/lib/python3.12/site-packages/airflow/example_dags/example_sla_dag.py for tasks to queue
[2024-10-26T21:33:42.205+0000] {logging_mixin.py:190} INFO - [2024-10-26T21:33:42.204+0000] {dagbag.py:588} INFO - Filling up the DagBag from /home/airflow/.local/lib/python3.12/site-packages/airflow/example_dags/example_sla_dag.py
[2024-10-26T21:33:42.216+0000] {processor.py:925} INFO - DAG(s) 'example_sla_dag' retrieved from /home/airflow/.local/lib/python3.12/site-packages/airflow/example_dags/example_sla_dag.py
[2024-10-26T21:33:42.235+0000] {logging_mixin.py:190} INFO - [2024-10-26T21:33:42.234+0000] {dag.py:3239} INFO - Sync 1 DAGs
[2024-10-26T21:33:42.260+0000] {logging_mixin.py:190} INFO - [2024-10-26T21:33:42.260+0000] {dag.py:4180} INFO - Setting next_dagrun for example_sla_dag to 2024-10-26 21:30:00+00:00, run_after=2024-10-26 21:32:00+00:00
[2024-10-26T21:33:42.282+0000] {processor.py:208} INFO - Processing /home/airflow/.local/lib/python3.12/site-packages/airflow/example_dags/example_sla_dag.py took 0.087 seconds
[2024-10-26T21:34:14.735+0000] {processor.py:186} INFO - Started process (PID=30049) to work on /home/airflow/.local/lib/python3.12/site-packages/airflow/example_dags/example_sla_dag.py
[2024-10-26T21:34:14.736+0000] {processor.py:914} INFO - Processing file /home/airflow/.local/lib/python3.12/site-packages/airflow/example_dags/example_sla_dag.py for tasks to queue
[2024-10-26T21:34:14.739+0000] {logging_mixin.py:190} INFO - [2024-10-26T21:34:14.738+0000] {dagbag.py:588} INFO - Filling up the DagBag from /home/airflow/.local/lib/python3.12/site-packages/airflow/example_dags/example_sla_dag.py
[2024-10-26T21:34:14.749+0000] {processor.py:925} INFO - DAG(s) 'example_sla_dag' retrieved from /home/airflow/.local/lib/python3.12/site-packages/airflow/example_dags/example_sla_dag.py
[2024-10-26T21:34:14.766+0000] {logging_mixin.py:190} INFO - [2024-10-26T21:34:14.766+0000] {dag.py:3239} INFO - Sync 1 DAGs
[2024-10-26T21:34:14.787+0000] {logging_mixin.py:190} INFO - [2024-10-26T21:34:14.787+0000] {dag.py:4180} INFO - Setting next_dagrun for example_sla_dag to 2024-10-26 21:32:00+00:00, run_after=2024-10-26 21:34:00+00:00
[2024-10-26T21:34:14.807+0000] {processor.py:208} INFO - Processing /home/airflow/.local/lib/python3.12/site-packages/airflow/example_dags/example_sla_dag.py took 0.077 seconds
[2024-10-26T21:34:47.233+0000] {processor.py:186} INFO - Started process (PID=30113) to work on /home/airflow/.local/lib/python3.12/site-packages/airflow/example_dags/example_sla_dag.py
[2024-10-26T21:34:47.234+0000] {processor.py:914} INFO - Processing file /home/airflow/.local/lib/python3.12/site-packages/airflow/example_dags/example_sla_dag.py for tasks to queue
[2024-10-26T21:34:47.236+0000] {logging_mixin.py:190} INFO - [2024-10-26T21:34:47.236+0000] {dagbag.py:588} INFO - Filling up the DagBag from /home/airflow/.local/lib/python3.12/site-packages/airflow/example_dags/example_sla_dag.py
[2024-10-26T21:34:47.244+0000] {processor.py:925} INFO - DAG(s) 'example_sla_dag' retrieved from /home/airflow/.local/lib/python3.12/site-packages/airflow/example_dags/example_sla_dag.py
[2024-10-26T21:34:47.261+0000] {logging_mixin.py:190} INFO - [2024-10-26T21:34:47.261+0000] {dag.py:3239} INFO - Sync 1 DAGs
[2024-10-26T21:34:47.282+0000] {logging_mixin.py:190} INFO - [2024-10-26T21:34:47.282+0000] {dag.py:4180} INFO - Setting next_dagrun for example_sla_dag to 2024-10-26 21:32:00+00:00, run_after=2024-10-26 21:34:00+00:00
[2024-10-26T21:34:47.302+0000] {processor.py:208} INFO - Processing /home/airflow/.local/lib/python3.12/site-packages/airflow/example_dags/example_sla_dag.py took 0.074 seconds
[2024-10-26T21:35:19.883+0000] {processor.py:186} INFO - Started process (PID=30177) to work on /home/airflow/.local/lib/python3.12/site-packages/airflow/example_dags/example_sla_dag.py
[2024-10-26T21:35:19.884+0000] {processor.py:914} INFO - Processing file /home/airflow/.local/lib/python3.12/site-packages/airflow/example_dags/example_sla_dag.py for tasks to queue
[2024-10-26T21:35:19.886+0000] {logging_mixin.py:190} INFO - [2024-10-26T21:35:19.886+0000] {dagbag.py:588} INFO - Filling up the DagBag from /home/airflow/.local/lib/python3.12/site-packages/airflow/example_dags/example_sla_dag.py
[2024-10-26T21:35:19.899+0000] {processor.py:925} INFO - DAG(s) 'example_sla_dag' retrieved from /home/airflow/.local/lib/python3.12/site-packages/airflow/example_dags/example_sla_dag.py
[2024-10-26T21:35:19.918+0000] {logging_mixin.py:190} INFO - [2024-10-26T21:35:19.917+0000] {dag.py:3239} INFO - Sync 1 DAGs
[2024-10-26T21:35:19.939+0000] {logging_mixin.py:190} INFO - [2024-10-26T21:35:19.939+0000] {dag.py:4180} INFO - Setting next_dagrun for example_sla_dag to 2024-10-26 21:32:00+00:00, run_after=2024-10-26 21:34:00+00:00
[2024-10-26T21:35:19.959+0000] {processor.py:208} INFO - Processing /home/airflow/.local/lib/python3.12/site-packages/airflow/example_dags/example_sla_dag.py took 0.081 seconds
[2024-10-26T21:35:52.401+0000] {processor.py:186} INFO - Started process (PID=30241) to work on /home/airflow/.local/lib/python3.12/site-packages/airflow/example_dags/example_sla_dag.py
[2024-10-26T21:35:52.402+0000] {processor.py:914} INFO - Processing file /home/airflow/.local/lib/python3.12/site-packages/airflow/example_dags/example_sla_dag.py for tasks to queue
[2024-10-26T21:35:52.404+0000] {logging_mixin.py:190} INFO - [2024-10-26T21:35:52.404+0000] {dagbag.py:588} INFO - Filling up the DagBag from /home/airflow/.local/lib/python3.12/site-packages/airflow/example_dags/example_sla_dag.py
[2024-10-26T21:35:52.414+0000] {processor.py:925} INFO - DAG(s) 'example_sla_dag' retrieved from /home/airflow/.local/lib/python3.12/site-packages/airflow/example_dags/example_sla_dag.py
[2024-10-26T21:35:52.433+0000] {logging_mixin.py:190} INFO - [2024-10-26T21:35:52.432+0000] {dag.py:3239} INFO - Sync 1 DAGs
[2024-10-26T21:35:52.455+0000] {logging_mixin.py:190} INFO - [2024-10-26T21:35:52.455+0000] {dag.py:4180} INFO - Setting next_dagrun for example_sla_dag to 2024-10-26 21:32:00+00:00, run_after=2024-10-26 21:34:00+00:00
[2024-10-26T21:35:52.475+0000] {processor.py:208} INFO - Processing /home/airflow/.local/lib/python3.12/site-packages/airflow/example_dags/example_sla_dag.py took 0.079 seconds
[2024-10-26T21:36:25.095+0000] {processor.py:186} INFO - Started process (PID=30305) to work on /home/airflow/.local/lib/python3.12/site-packages/airflow/example_dags/example_sla_dag.py
[2024-10-26T21:36:25.096+0000] {processor.py:914} INFO - Processing file /home/airflow/.local/lib/python3.12/site-packages/airflow/example_dags/example_sla_dag.py for tasks to queue
[2024-10-26T21:36:25.098+0000] {logging_mixin.py:190} INFO - [2024-10-26T21:36:25.097+0000] {dagbag.py:588} INFO - Filling up the DagBag from /home/airflow/.local/lib/python3.12/site-packages/airflow/example_dags/example_sla_dag.py
[2024-10-26T21:36:25.107+0000] {processor.py:925} INFO - DAG(s) 'example_sla_dag' retrieved from /home/airflow/.local/lib/python3.12/site-packages/airflow/example_dags/example_sla_dag.py
[2024-10-26T21:36:25.124+0000] {logging_mixin.py:190} INFO - [2024-10-26T21:36:25.124+0000] {dag.py:3239} INFO - Sync 1 DAGs
[2024-10-26T21:36:25.145+0000] {logging_mixin.py:190} INFO - [2024-10-26T21:36:25.145+0000] {dag.py:4180} INFO - Setting next_dagrun for example_sla_dag to 2024-10-26 21:34:00+00:00, run_after=2024-10-26 21:36:00+00:00
[2024-10-26T21:36:25.166+0000] {processor.py:208} INFO - Processing /home/airflow/.local/lib/python3.12/site-packages/airflow/example_dags/example_sla_dag.py took 0.076 seconds
[2024-10-26T21:36:57.733+0000] {processor.py:186} INFO - Started process (PID=30369) to work on /home/airflow/.local/lib/python3.12/site-packages/airflow/example_dags/example_sla_dag.py
[2024-10-26T21:36:57.734+0000] {processor.py:914} INFO - Processing file /home/airflow/.local/lib/python3.12/site-packages/airflow/example_dags/example_sla_dag.py for tasks to queue
[2024-10-26T21:36:57.736+0000] {logging_mixin.py:190} INFO - [2024-10-26T21:36:57.736+0000] {dagbag.py:588} INFO - Filling up the DagBag from /home/airflow/.local/lib/python3.12/site-packages/airflow/example_dags/example_sla_dag.py
[2024-10-26T21:36:57.745+0000] {processor.py:925} INFO - DAG(s) 'example_sla_dag' retrieved from /home/airflow/.local/lib/python3.12/site-packages/airflow/example_dags/example_sla_dag.py
[2024-10-26T21:36:57.761+0000] {logging_mixin.py:190} INFO - [2024-10-26T21:36:57.761+0000] {dag.py:3239} INFO - Sync 1 DAGs
[2024-10-26T21:36:57.782+0000] {logging_mixin.py:190} INFO - [2024-10-26T21:36:57.782+0000] {dag.py:4180} INFO - Setting next_dagrun for example_sla_dag to 2024-10-26 21:34:00+00:00, run_after=2024-10-26 21:36:00+00:00
[2024-10-26T21:36:57.802+0000] {processor.py:208} INFO - Processing /home/airflow/.local/lib/python3.12/site-packages/airflow/example_dags/example_sla_dag.py took 0.074 seconds
[2024-10-26T21:37:30.411+0000] {processor.py:186} INFO - Started process (PID=30433) to work on /home/airflow/.local/lib/python3.12/site-packages/airflow/example_dags/example_sla_dag.py
[2024-10-26T21:37:30.413+0000] {processor.py:914} INFO - Processing file /home/airflow/.local/lib/python3.12/site-packages/airflow/example_dags/example_sla_dag.py for tasks to queue
[2024-10-26T21:37:30.415+0000] {logging_mixin.py:190} INFO - [2024-10-26T21:37:30.415+0000] {dagbag.py:588} INFO - Filling up the DagBag from /home/airflow/.local/lib/python3.12/site-packages/airflow/example_dags/example_sla_dag.py
[2024-10-26T21:37:30.424+0000] {processor.py:925} INFO - DAG(s) 'example_sla_dag' retrieved from /home/airflow/.local/lib/python3.12/site-packages/airflow/example_dags/example_sla_dag.py
[2024-10-26T21:37:30.443+0000] {logging_mixin.py:190} INFO - [2024-10-26T21:37:30.443+0000] {dag.py:3239} INFO - Sync 1 DAGs
[2024-10-26T21:37:30.467+0000] {logging_mixin.py:190} INFO - [2024-10-26T21:37:30.466+0000] {dag.py:4180} INFO - Setting next_dagrun for example_sla_dag to 2024-10-26 21:34:00+00:00, run_after=2024-10-26 21:36:00+00:00
[2024-10-26T21:37:30.486+0000] {processor.py:208} INFO - Processing /home/airflow/.local/lib/python3.12/site-packages/airflow/example_dags/example_sla_dag.py took 0.079 seconds
[2024-10-26T21:38:04.040+0000] {processor.py:186} INFO - Started process (PID=30497) to work on /home/airflow/.local/lib/python3.12/site-packages/airflow/example_dags/example_sla_dag.py
[2024-10-26T21:38:04.041+0000] {processor.py:914} INFO - Processing file /home/airflow/.local/lib/python3.12/site-packages/airflow/example_dags/example_sla_dag.py for tasks to queue
[2024-10-26T21:38:04.044+0000] {logging_mixin.py:190} INFO - [2024-10-26T21:38:04.043+0000] {dagbag.py:588} INFO - Filling up the DagBag from /home/airflow/.local/lib/python3.12/site-packages/airflow/example_dags/example_sla_dag.py
[2024-10-26T21:38:04.052+0000] {processor.py:925} INFO - DAG(s) 'example_sla_dag' retrieved from /home/airflow/.local/lib/python3.12/site-packages/airflow/example_dags/example_sla_dag.py
[2024-10-26T21:38:04.069+0000] {logging_mixin.py:190} INFO - [2024-10-26T21:38:04.069+0000] {dag.py:3239} INFO - Sync 1 DAGs
[2024-10-26T21:38:04.090+0000] {logging_mixin.py:190} INFO - [2024-10-26T21:38:04.090+0000] {dag.py:4180} INFO - Setting next_dagrun for example_sla_dag to 2024-10-26 21:36:00+00:00, run_after=2024-10-26 21:38:00+00:00
[2024-10-26T21:38:04.111+0000] {processor.py:208} INFO - Processing /home/airflow/.local/lib/python3.12/site-packages/airflow/example_dags/example_sla_dag.py took 0.076 seconds
[2024-10-26T21:38:36.739+0000] {processor.py:186} INFO - Started process (PID=30561) to work on /home/airflow/.local/lib/python3.12/site-packages/airflow/example_dags/example_sla_dag.py
[2024-10-26T21:38:36.740+0000] {processor.py:914} INFO - Processing file /home/airflow/.local/lib/python3.12/site-packages/airflow/example_dags/example_sla_dag.py for tasks to queue
[2024-10-26T21:38:36.742+0000] {logging_mixin.py:190} INFO - [2024-10-26T21:38:36.742+0000] {dagbag.py:588} INFO - Filling up the DagBag from /home/airflow/.local/lib/python3.12/site-packages/airflow/example_dags/example_sla_dag.py
[2024-10-26T21:38:36.751+0000] {processor.py:925} INFO - DAG(s) 'example_sla_dag' retrieved from /home/airflow/.local/lib/python3.12/site-packages/airflow/example_dags/example_sla_dag.py
[2024-10-26T21:38:36.767+0000] {logging_mixin.py:190} INFO - [2024-10-26T21:38:36.767+0000] {dag.py:3239} INFO - Sync 1 DAGs
[2024-10-26T21:38:36.787+0000] {logging_mixin.py:190} INFO - [2024-10-26T21:38:36.787+0000] {dag.py:4180} INFO - Setting next_dagrun for example_sla_dag to 2024-10-26 21:36:00+00:00, run_after=2024-10-26 21:38:00+00:00
[2024-10-26T21:38:36.807+0000] {processor.py:208} INFO - Processing /home/airflow/.local/lib/python3.12/site-packages/airflow/example_dags/example_sla_dag.py took 0.073 seconds
[2024-10-26T21:39:09.284+0000] {processor.py:186} INFO - Started process (PID=30625) to work on /home/airflow/.local/lib/python3.12/site-packages/airflow/example_dags/example_sla_dag.py
[2024-10-26T21:39:09.285+0000] {processor.py:914} INFO - Processing file /home/airflow/.local/lib/python3.12/site-packages/airflow/example_dags/example_sla_dag.py for tasks to queue
[2024-10-26T21:39:09.288+0000] {logging_mixin.py:190} INFO - [2024-10-26T21:39:09.288+0000] {dagbag.py:588} INFO - Filling up the DagBag from /home/airflow/.local/lib/python3.12/site-packages/airflow/example_dags/example_sla_dag.py
[2024-10-26T21:39:09.298+0000] {processor.py:925} INFO - DAG(s) 'example_sla_dag' retrieved from /home/airflow/.local/lib/python3.12/site-packages/airflow/example_dags/example_sla_dag.py
[2024-10-26T21:39:09.317+0000] {logging_mixin.py:190} INFO - [2024-10-26T21:39:09.317+0000] {dag.py:3239} INFO - Sync 1 DAGs
[2024-10-26T21:39:09.341+0000] {logging_mixin.py:190} INFO - [2024-10-26T21:39:09.341+0000] {dag.py:4180} INFO - Setting next_dagrun for example_sla_dag to 2024-10-26 21:36:00+00:00, run_after=2024-10-26 21:38:00+00:00
[2024-10-26T21:39:09.359+0000] {processor.py:208} INFO - Processing /home/airflow/.local/lib/python3.12/site-packages/airflow/example_dags/example_sla_dag.py took 0.081 seconds
[2024-10-26T21:39:42.000+0000] {processor.py:186} INFO - Started process (PID=30689) to work on /home/airflow/.local/lib/python3.12/site-packages/airflow/example_dags/example_sla_dag.py
[2024-10-26T21:39:42.002+0000] {processor.py:914} INFO - Processing file /home/airflow/.local/lib/python3.12/site-packages/airflow/example_dags/example_sla_dag.py for tasks to queue
[2024-10-26T21:39:42.004+0000] {logging_mixin.py:190} INFO - [2024-10-26T21:39:42.004+0000] {dagbag.py:588} INFO - Filling up the DagBag from /home/airflow/.local/lib/python3.12/site-packages/airflow/example_dags/example_sla_dag.py
[2024-10-26T21:39:42.014+0000] {processor.py:925} INFO - DAG(s) 'example_sla_dag' retrieved from /home/airflow/.local/lib/python3.12/site-packages/airflow/example_dags/example_sla_dag.py
[2024-10-26T21:39:42.032+0000] {logging_mixin.py:190} INFO - [2024-10-26T21:39:42.031+0000] {dag.py:3239} INFO - Sync 1 DAGs
[2024-10-26T21:39:42.054+0000] {logging_mixin.py:190} INFO - [2024-10-26T21:39:42.054+0000] {dag.py:4180} INFO - Setting next_dagrun for example_sla_dag to 2024-10-26 21:36:00+00:00, run_after=2024-10-26 21:38:00+00:00
[2024-10-26T21:39:42.074+0000] {processor.py:208} INFO - Processing /home/airflow/.local/lib/python3.12/site-packages/airflow/example_dags/example_sla_dag.py took 0.080 seconds
[2024-10-26T21:40:14.773+0000] {processor.py:186} INFO - Started process (PID=30753) to work on /home/airflow/.local/lib/python3.12/site-packages/airflow/example_dags/example_sla_dag.py
[2024-10-26T21:40:14.774+0000] {processor.py:914} INFO - Processing file /home/airflow/.local/lib/python3.12/site-packages/airflow/example_dags/example_sla_dag.py for tasks to queue
[2024-10-26T21:40:14.776+0000] {logging_mixin.py:190} INFO - [2024-10-26T21:40:14.776+0000] {dagbag.py:588} INFO - Filling up the DagBag from /home/airflow/.local/lib/python3.12/site-packages/airflow/example_dags/example_sla_dag.py
[2024-10-26T21:40:14.785+0000] {processor.py:925} INFO - DAG(s) 'example_sla_dag' retrieved from /home/airflow/.local/lib/python3.12/site-packages/airflow/example_dags/example_sla_dag.py
[2024-10-26T21:40:14.803+0000] {logging_mixin.py:190} INFO - [2024-10-26T21:40:14.803+0000] {dag.py:3239} INFO - Sync 1 DAGs
[2024-10-26T21:40:14.824+0000] {logging_mixin.py:190} INFO - [2024-10-26T21:40:14.824+0000] {dag.py:4180} INFO - Setting next_dagrun for example_sla_dag to 2024-10-26 21:38:00+00:00, run_after=2024-10-26 21:40:00+00:00
[2024-10-26T21:40:14.845+0000] {processor.py:208} INFO - Processing /home/airflow/.local/lib/python3.12/site-packages/airflow/example_dags/example_sla_dag.py took 0.077 seconds
[2024-10-26T21:40:47.261+0000] {processor.py:186} INFO - Started process (PID=30817) to work on /home/airflow/.local/lib/python3.12/site-packages/airflow/example_dags/example_sla_dag.py
[2024-10-26T21:40:47.262+0000] {processor.py:914} INFO - Processing file /home/airflow/.local/lib/python3.12/site-packages/airflow/example_dags/example_sla_dag.py for tasks to queue
[2024-10-26T21:40:47.264+0000] {logging_mixin.py:190} INFO - [2024-10-26T21:40:47.264+0000] {dagbag.py:588} INFO - Filling up the DagBag from /home/airflow/.local/lib/python3.12/site-packages/airflow/example_dags/example_sla_dag.py
[2024-10-26T21:40:47.273+0000] {processor.py:925} INFO - DAG(s) 'example_sla_dag' retrieved from /home/airflow/.local/lib/python3.12/site-packages/airflow/example_dags/example_sla_dag.py
[2024-10-26T21:40:47.290+0000] {logging_mixin.py:190} INFO - [2024-10-26T21:40:47.290+0000] {dag.py:3239} INFO - Sync 1 DAGs
[2024-10-26T21:40:47.312+0000] {logging_mixin.py:190} INFO - [2024-10-26T21:40:47.311+0000] {dag.py:4180} INFO - Setting next_dagrun for example_sla_dag to 2024-10-26 21:38:00+00:00, run_after=2024-10-26 21:40:00+00:00
[2024-10-26T21:40:47.331+0000] {processor.py:208} INFO - Processing /home/airflow/.local/lib/python3.12/site-packages/airflow/example_dags/example_sla_dag.py took 0.075 seconds
[2024-10-26T21:41:19.931+0000] {processor.py:186} INFO - Started process (PID=30881) to work on /home/airflow/.local/lib/python3.12/site-packages/airflow/example_dags/example_sla_dag.py
[2024-10-26T21:41:19.932+0000] {processor.py:914} INFO - Processing file /home/airflow/.local/lib/python3.12/site-packages/airflow/example_dags/example_sla_dag.py for tasks to queue
[2024-10-26T21:41:19.934+0000] {logging_mixin.py:190} INFO - [2024-10-26T21:41:19.934+0000] {dagbag.py:588} INFO - Filling up the DagBag from /home/airflow/.local/lib/python3.12/site-packages/airflow/example_dags/example_sla_dag.py
[2024-10-26T21:41:19.944+0000] {processor.py:925} INFO - DAG(s) 'example_sla_dag' retrieved from /home/airflow/.local/lib/python3.12/site-packages/airflow/example_dags/example_sla_dag.py
[2024-10-26T21:41:19.962+0000] {logging_mixin.py:190} INFO - [2024-10-26T21:41:19.962+0000] {dag.py:3239} INFO - Sync 1 DAGs
[2024-10-26T21:41:19.985+0000] {logging_mixin.py:190} INFO - [2024-10-26T21:41:19.985+0000] {dag.py:4180} INFO - Setting next_dagrun for example_sla_dag to 2024-10-26 21:38:00+00:00, run_after=2024-10-26 21:40:00+00:00
[2024-10-26T21:41:20.004+0000] {processor.py:208} INFO - Processing /home/airflow/.local/lib/python3.12/site-packages/airflow/example_dags/example_sla_dag.py took 0.079 seconds
[2024-10-26T21:41:52.586+0000] {processor.py:186} INFO - Started process (PID=30945) to work on /home/airflow/.local/lib/python3.12/site-packages/airflow/example_dags/example_sla_dag.py
[2024-10-26T21:41:52.587+0000] {processor.py:914} INFO - Processing file /home/airflow/.local/lib/python3.12/site-packages/airflow/example_dags/example_sla_dag.py for tasks to queue
[2024-10-26T21:41:52.590+0000] {logging_mixin.py:190} INFO - [2024-10-26T21:41:52.589+0000] {dagbag.py:588} INFO - Filling up the DagBag from /home/airflow/.local/lib/python3.12/site-packages/airflow/example_dags/example_sla_dag.py
[2024-10-26T21:41:52.598+0000] {processor.py:925} INFO - DAG(s) 'example_sla_dag' retrieved from /home/airflow/.local/lib/python3.12/site-packages/airflow/example_dags/example_sla_dag.py
[2024-10-26T21:41:52.615+0000] {logging_mixin.py:190} INFO - [2024-10-26T21:41:52.614+0000] {dag.py:3239} INFO - Sync 1 DAGs
[2024-10-26T21:41:52.637+0000] {logging_mixin.py:190} INFO - [2024-10-26T21:41:52.637+0000] {dag.py:4180} INFO - Setting next_dagrun for example_sla_dag to 2024-10-26 21:38:00+00:00, run_after=2024-10-26 21:40:00+00:00
[2024-10-26T21:41:52.656+0000] {processor.py:208} INFO - Processing /home/airflow/.local/lib/python3.12/site-packages/airflow/example_dags/example_sla_dag.py took 0.075 seconds
[2024-10-26T21:42:25.118+0000] {processor.py:186} INFO - Started process (PID=31009) to work on /home/airflow/.local/lib/python3.12/site-packages/airflow/example_dags/example_sla_dag.py
[2024-10-26T21:42:25.119+0000] {processor.py:914} INFO - Processing file /home/airflow/.local/lib/python3.12/site-packages/airflow/example_dags/example_sla_dag.py for tasks to queue
[2024-10-26T21:42:25.122+0000] {logging_mixin.py:190} INFO - [2024-10-26T21:42:25.121+0000] {dagbag.py:588} INFO - Filling up the DagBag from /home/airflow/.local/lib/python3.12/site-packages/airflow/example_dags/example_sla_dag.py
[2024-10-26T21:42:25.130+0000] {processor.py:925} INFO - DAG(s) 'example_sla_dag' retrieved from /home/airflow/.local/lib/python3.12/site-packages/airflow/example_dags/example_sla_dag.py
[2024-10-26T21:42:25.151+0000] {logging_mixin.py:190} INFO - [2024-10-26T21:42:25.151+0000] {dag.py:3239} INFO - Sync 1 DAGs
[2024-10-26T21:42:25.172+0000] {logging_mixin.py:190} INFO - [2024-10-26T21:42:25.172+0000] {dag.py:4180} INFO - Setting next_dagrun for example_sla_dag to 2024-10-26 21:40:00+00:00, run_after=2024-10-26 21:42:00+00:00
[2024-10-26T21:42:25.193+0000] {processor.py:208} INFO - Processing /home/airflow/.local/lib/python3.12/site-packages/airflow/example_dags/example_sla_dag.py took 0.080 seconds
[2024-10-26T21:42:57.757+0000] {processor.py:186} INFO - Started process (PID=31073) to work on /home/airflow/.local/lib/python3.12/site-packages/airflow/example_dags/example_sla_dag.py
[2024-10-26T21:42:57.758+0000] {processor.py:914} INFO - Processing file /home/airflow/.local/lib/python3.12/site-packages/airflow/example_dags/example_sla_dag.py for tasks to queue
[2024-10-26T21:42:57.762+0000] {logging_mixin.py:190} INFO - [2024-10-26T21:42:57.762+0000] {dagbag.py:588} INFO - Filling up the DagBag from /home/airflow/.local/lib/python3.12/site-packages/airflow/example_dags/example_sla_dag.py
[2024-10-26T21:42:57.772+0000] {processor.py:925} INFO - DAG(s) 'example_sla_dag' retrieved from /home/airflow/.local/lib/python3.12/site-packages/airflow/example_dags/example_sla_dag.py
[2024-10-26T21:42:57.792+0000] {logging_mixin.py:190} INFO - [2024-10-26T21:42:57.792+0000] {dag.py:3239} INFO - Sync 1 DAGs
[2024-10-26T21:42:57.817+0000] {logging_mixin.py:190} INFO - [2024-10-26T21:42:57.816+0000] {dag.py:4180} INFO - Setting next_dagrun for example_sla_dag to 2024-10-26 21:40:00+00:00, run_after=2024-10-26 21:42:00+00:00
[2024-10-26T21:42:57.835+0000] {processor.py:208} INFO - Processing /home/airflow/.local/lib/python3.12/site-packages/airflow/example_dags/example_sla_dag.py took 0.084 seconds
[2024-10-26T21:43:30.385+0000] {processor.py:186} INFO - Started process (PID=31137) to work on /home/airflow/.local/lib/python3.12/site-packages/airflow/example_dags/example_sla_dag.py
[2024-10-26T21:43:30.386+0000] {processor.py:914} INFO - Processing file /home/airflow/.local/lib/python3.12/site-packages/airflow/example_dags/example_sla_dag.py for tasks to queue
[2024-10-26T21:43:30.388+0000] {logging_mixin.py:190} INFO - [2024-10-26T21:43:30.388+0000] {dagbag.py:588} INFO - Filling up the DagBag from /home/airflow/.local/lib/python3.12/site-packages/airflow/example_dags/example_sla_dag.py
[2024-10-26T21:43:30.397+0000] {processor.py:925} INFO - DAG(s) 'example_sla_dag' retrieved from /home/airflow/.local/lib/python3.12/site-packages/airflow/example_dags/example_sla_dag.py
[2024-10-26T21:43:30.416+0000] {logging_mixin.py:190} INFO - [2024-10-26T21:43:30.416+0000] {dag.py:3239} INFO - Sync 1 DAGs
[2024-10-26T21:43:30.438+0000] {logging_mixin.py:190} INFO - [2024-10-26T21:43:30.438+0000] {dag.py:4180} INFO - Setting next_dagrun for example_sla_dag to 2024-10-26 21:40:00+00:00, run_after=2024-10-26 21:42:00+00:00
[2024-10-26T21:43:30.459+0000] {processor.py:208} INFO - Processing /home/airflow/.local/lib/python3.12/site-packages/airflow/example_dags/example_sla_dag.py took 0.080 seconds
[2024-10-26T21:44:04.380+0000] {processor.py:186} INFO - Started process (PID=31201) to work on /home/airflow/.local/lib/python3.12/site-packages/airflow/example_dags/example_sla_dag.py
[2024-10-26T21:44:04.381+0000] {processor.py:914} INFO - Processing file /home/airflow/.local/lib/python3.12/site-packages/airflow/example_dags/example_sla_dag.py for tasks to queue
[2024-10-26T21:44:04.383+0000] {logging_mixin.py:190} INFO - [2024-10-26T21:44:04.383+0000] {dagbag.py:588} INFO - Filling up the DagBag from /home/airflow/.local/lib/python3.12/site-packages/airflow/example_dags/example_sla_dag.py
[2024-10-26T21:44:04.392+0000] {processor.py:925} INFO - DAG(s) 'example_sla_dag' retrieved from /home/airflow/.local/lib/python3.12/site-packages/airflow/example_dags/example_sla_dag.py
[2024-10-26T21:44:04.410+0000] {logging_mixin.py:190} INFO - [2024-10-26T21:44:04.410+0000] {dag.py:3239} INFO - Sync 1 DAGs
[2024-10-26T21:44:04.433+0000] {logging_mixin.py:190} INFO - [2024-10-26T21:44:04.433+0000] {dag.py:4180} INFO - Setting next_dagrun for example_sla_dag to 2024-10-26 21:42:00+00:00, run_after=2024-10-26 21:44:00+00:00
[2024-10-26T21:44:04.453+0000] {processor.py:208} INFO - Processing /home/airflow/.local/lib/python3.12/site-packages/airflow/example_dags/example_sla_dag.py took 0.081 seconds
[2024-10-26T21:44:36.561+0000] {processor.py:186} INFO - Started process (PID=31265) to work on /home/airflow/.local/lib/python3.12/site-packages/airflow/example_dags/example_sla_dag.py
[2024-10-26T21:44:36.563+0000] {processor.py:914} INFO - Processing file /home/airflow/.local/lib/python3.12/site-packages/airflow/example_dags/example_sla_dag.py for tasks to queue
[2024-10-26T21:44:36.565+0000] {logging_mixin.py:190} INFO - [2024-10-26T21:44:36.565+0000] {dagbag.py:588} INFO - Filling up the DagBag from /home/airflow/.local/lib/python3.12/site-packages/airflow/example_dags/example_sla_dag.py
[2024-10-26T21:44:36.575+0000] {processor.py:925} INFO - DAG(s) 'example_sla_dag' retrieved from /home/airflow/.local/lib/python3.12/site-packages/airflow/example_dags/example_sla_dag.py
[2024-10-26T21:44:36.595+0000] {logging_mixin.py:190} INFO - [2024-10-26T21:44:36.595+0000] {dag.py:3239} INFO - Sync 1 DAGs
[2024-10-26T21:44:36.618+0000] {logging_mixin.py:190} INFO - [2024-10-26T21:44:36.618+0000] {dag.py:4180} INFO - Setting next_dagrun for example_sla_dag to 2024-10-26 21:42:00+00:00, run_after=2024-10-26 21:44:00+00:00
[2024-10-26T21:44:36.638+0000] {processor.py:208} INFO - Processing /home/airflow/.local/lib/python3.12/site-packages/airflow/example_dags/example_sla_dag.py took 0.084 seconds
[2024-10-26T21:45:09.353+0000] {processor.py:186} INFO - Started process (PID=31329) to work on /home/airflow/.local/lib/python3.12/site-packages/airflow/example_dags/example_sla_dag.py
[2024-10-26T21:45:09.354+0000] {processor.py:914} INFO - Processing file /home/airflow/.local/lib/python3.12/site-packages/airflow/example_dags/example_sla_dag.py for tasks to queue
[2024-10-26T21:45:09.357+0000] {logging_mixin.py:190} INFO - [2024-10-26T21:45:09.357+0000] {dagbag.py:588} INFO - Filling up the DagBag from /home/airflow/.local/lib/python3.12/site-packages/airflow/example_dags/example_sla_dag.py
[2024-10-26T21:45:09.372+0000] {processor.py:925} INFO - DAG(s) 'example_sla_dag' retrieved from /home/airflow/.local/lib/python3.12/site-packages/airflow/example_dags/example_sla_dag.py
[2024-10-26T21:45:09.392+0000] {logging_mixin.py:190} INFO - [2024-10-26T21:45:09.392+0000] {dag.py:3239} INFO - Sync 1 DAGs
[2024-10-26T21:45:09.420+0000] {logging_mixin.py:190} INFO - [2024-10-26T21:45:09.420+0000] {dag.py:4180} INFO - Setting next_dagrun for example_sla_dag to 2024-10-26 21:42:00+00:00, run_after=2024-10-26 21:44:00+00:00
[2024-10-26T21:45:09.443+0000] {processor.py:208} INFO - Processing /home/airflow/.local/lib/python3.12/site-packages/airflow/example_dags/example_sla_dag.py took 0.100 seconds
[2024-10-26T21:45:42.079+0000] {processor.py:186} INFO - Started process (PID=31393) to work on /home/airflow/.local/lib/python3.12/site-packages/airflow/example_dags/example_sla_dag.py
[2024-10-26T21:45:42.080+0000] {processor.py:914} INFO - Processing file /home/airflow/.local/lib/python3.12/site-packages/airflow/example_dags/example_sla_dag.py for tasks to queue
[2024-10-26T21:45:42.082+0000] {logging_mixin.py:190} INFO - [2024-10-26T21:45:42.082+0000] {dagbag.py:588} INFO - Filling up the DagBag from /home/airflow/.local/lib/python3.12/site-packages/airflow/example_dags/example_sla_dag.py
[2024-10-26T21:45:42.091+0000] {processor.py:925} INFO - DAG(s) 'example_sla_dag' retrieved from /home/airflow/.local/lib/python3.12/site-packages/airflow/example_dags/example_sla_dag.py
[2024-10-26T21:45:42.109+0000] {logging_mixin.py:190} INFO - [2024-10-26T21:45:42.109+0000] {dag.py:3239} INFO - Sync 1 DAGs
[2024-10-26T21:45:42.129+0000] {logging_mixin.py:190} INFO - [2024-10-26T21:45:42.129+0000] {dag.py:4180} INFO - Setting next_dagrun for example_sla_dag to 2024-10-26 21:42:00+00:00, run_after=2024-10-26 21:44:00+00:00
[2024-10-26T21:45:42.150+0000] {processor.py:208} INFO - Processing /home/airflow/.local/lib/python3.12/site-packages/airflow/example_dags/example_sla_dag.py took 0.076 seconds
[2024-10-26T21:46:14.653+0000] {processor.py:186} INFO - Started process (PID=31457) to work on /home/airflow/.local/lib/python3.12/site-packages/airflow/example_dags/example_sla_dag.py
[2024-10-26T21:46:14.654+0000] {processor.py:914} INFO - Processing file /home/airflow/.local/lib/python3.12/site-packages/airflow/example_dags/example_sla_dag.py for tasks to queue
[2024-10-26T21:46:14.657+0000] {logging_mixin.py:190} INFO - [2024-10-26T21:46:14.656+0000] {dagbag.py:588} INFO - Filling up the DagBag from /home/airflow/.local/lib/python3.12/site-packages/airflow/example_dags/example_sla_dag.py
[2024-10-26T21:46:14.668+0000] {processor.py:925} INFO - DAG(s) 'example_sla_dag' retrieved from /home/airflow/.local/lib/python3.12/site-packages/airflow/example_dags/example_sla_dag.py
[2024-10-26T21:46:14.687+0000] {logging_mixin.py:190} INFO - [2024-10-26T21:46:14.687+0000] {dag.py:3239} INFO - Sync 1 DAGs
[2024-10-26T21:46:14.711+0000] {logging_mixin.py:190} INFO - [2024-10-26T21:46:14.710+0000] {dag.py:4180} INFO - Setting next_dagrun for example_sla_dag to 2024-10-26 21:44:00+00:00, run_after=2024-10-26 21:46:00+00:00
[2024-10-26T21:46:14.733+0000] {processor.py:208} INFO - Processing /home/airflow/.local/lib/python3.12/site-packages/airflow/example_dags/example_sla_dag.py took 0.085 seconds
[2024-10-26T21:46:47.298+0000] {processor.py:186} INFO - Started process (PID=31521) to work on /home/airflow/.local/lib/python3.12/site-packages/airflow/example_dags/example_sla_dag.py
[2024-10-26T21:46:47.299+0000] {processor.py:914} INFO - Processing file /home/airflow/.local/lib/python3.12/site-packages/airflow/example_dags/example_sla_dag.py for tasks to queue
[2024-10-26T21:46:47.302+0000] {logging_mixin.py:190} INFO - [2024-10-26T21:46:47.301+0000] {dagbag.py:588} INFO - Filling up the DagBag from /home/airflow/.local/lib/python3.12/site-packages/airflow/example_dags/example_sla_dag.py
[2024-10-26T21:46:47.311+0000] {processor.py:925} INFO - DAG(s) 'example_sla_dag' retrieved from /home/airflow/.local/lib/python3.12/site-packages/airflow/example_dags/example_sla_dag.py
[2024-10-26T21:46:47.328+0000] {logging_mixin.py:190} INFO - [2024-10-26T21:46:47.328+0000] {dag.py:3239} INFO - Sync 1 DAGs
[2024-10-26T21:46:47.350+0000] {logging_mixin.py:190} INFO - [2024-10-26T21:46:47.349+0000] {dag.py:4180} INFO - Setting next_dagrun for example_sla_dag to 2024-10-26 21:44:00+00:00, run_after=2024-10-26 21:46:00+00:00
[2024-10-26T21:46:47.370+0000] {processor.py:208} INFO - Processing /home/airflow/.local/lib/python3.12/site-packages/airflow/example_dags/example_sla_dag.py took 0.077 seconds
[2024-10-26T21:47:19.796+0000] {processor.py:186} INFO - Started process (PID=31585) to work on /home/airflow/.local/lib/python3.12/site-packages/airflow/example_dags/example_sla_dag.py
[2024-10-26T21:47:19.797+0000] {processor.py:914} INFO - Processing file /home/airflow/.local/lib/python3.12/site-packages/airflow/example_dags/example_sla_dag.py for tasks to queue
[2024-10-26T21:47:19.800+0000] {logging_mixin.py:190} INFO - [2024-10-26T21:47:19.800+0000] {dagbag.py:588} INFO - Filling up the DagBag from /home/airflow/.local/lib/python3.12/site-packages/airflow/example_dags/example_sla_dag.py
[2024-10-26T21:47:19.809+0000] {processor.py:925} INFO - DAG(s) 'example_sla_dag' retrieved from /home/airflow/.local/lib/python3.12/site-packages/airflow/example_dags/example_sla_dag.py
[2024-10-26T21:47:19.829+0000] {logging_mixin.py:190} INFO - [2024-10-26T21:47:19.829+0000] {dag.py:3239} INFO - Sync 1 DAGs
[2024-10-26T21:47:19.853+0000] {logging_mixin.py:190} INFO - [2024-10-26T21:47:19.852+0000] {dag.py:4180} INFO - Setting next_dagrun for example_sla_dag to 2024-10-26 21:44:00+00:00, run_after=2024-10-26 21:46:00+00:00
[2024-10-26T21:47:19.873+0000] {processor.py:208} INFO - Processing /home/airflow/.local/lib/python3.12/site-packages/airflow/example_dags/example_sla_dag.py took 0.081 seconds
[2024-10-26T21:47:52.568+0000] {processor.py:186} INFO - Started process (PID=31649) to work on /home/airflow/.local/lib/python3.12/site-packages/airflow/example_dags/example_sla_dag.py
[2024-10-26T21:47:52.569+0000] {processor.py:914} INFO - Processing file /home/airflow/.local/lib/python3.12/site-packages/airflow/example_dags/example_sla_dag.py for tasks to queue
[2024-10-26T21:47:52.572+0000] {logging_mixin.py:190} INFO - [2024-10-26T21:47:52.572+0000] {dagbag.py:588} INFO - Filling up the DagBag from /home/airflow/.local/lib/python3.12/site-packages/airflow/example_dags/example_sla_dag.py
[2024-10-26T21:47:52.593+0000] {processor.py:925} INFO - DAG(s) 'example_sla_dag' retrieved from /home/airflow/.local/lib/python3.12/site-packages/airflow/example_dags/example_sla_dag.py
[2024-10-26T21:47:52.619+0000] {logging_mixin.py:190} INFO - [2024-10-26T21:47:52.619+0000] {dag.py:3239} INFO - Sync 1 DAGs
[2024-10-26T21:47:52.640+0000] {logging_mixin.py:190} INFO - [2024-10-26T21:47:52.640+0000] {dag.py:4180} INFO - Setting next_dagrun for example_sla_dag to 2024-10-26 21:44:00+00:00, run_after=2024-10-26 21:46:00+00:00
[2024-10-26T21:47:52.657+0000] {processor.py:208} INFO - Processing /home/airflow/.local/lib/python3.12/site-packages/airflow/example_dags/example_sla_dag.py took 0.097 seconds
[2024-10-26T21:48:26.025+0000] {processor.py:186} INFO - Started process (PID=31713) to work on /home/airflow/.local/lib/python3.12/site-packages/airflow/example_dags/example_sla_dag.py
[2024-10-26T21:48:26.026+0000] {processor.py:914} INFO - Processing file /home/airflow/.local/lib/python3.12/site-packages/airflow/example_dags/example_sla_dag.py for tasks to queue
[2024-10-26T21:48:26.028+0000] {logging_mixin.py:190} INFO - [2024-10-26T21:48:26.028+0000] {dagbag.py:588} INFO - Filling up the DagBag from /home/airflow/.local/lib/python3.12/site-packages/airflow/example_dags/example_sla_dag.py
[2024-10-26T21:48:26.038+0000] {processor.py:925} INFO - DAG(s) 'example_sla_dag' retrieved from /home/airflow/.local/lib/python3.12/site-packages/airflow/example_dags/example_sla_dag.py
[2024-10-26T21:48:26.053+0000] {logging_mixin.py:190} INFO - [2024-10-26T21:48:26.053+0000] {dag.py:3239} INFO - Sync 1 DAGs
[2024-10-26T21:48:26.074+0000] {logging_mixin.py:190} INFO - [2024-10-26T21:48:26.074+0000] {dag.py:4180} INFO - Setting next_dagrun for example_sla_dag to 2024-10-26 21:46:00+00:00, run_after=2024-10-26 21:48:00+00:00
[2024-10-26T21:48:26.093+0000] {processor.py:208} INFO - Processing /home/airflow/.local/lib/python3.12/site-packages/airflow/example_dags/example_sla_dag.py took 0.074 seconds
[2024-10-26T21:48:57.798+0000] {processor.py:186} INFO - Started process (PID=31777) to work on /home/airflow/.local/lib/python3.12/site-packages/airflow/example_dags/example_sla_dag.py
[2024-10-26T21:48:57.799+0000] {processor.py:914} INFO - Processing file /home/airflow/.local/lib/python3.12/site-packages/airflow/example_dags/example_sla_dag.py for tasks to queue
[2024-10-26T21:48:57.801+0000] {logging_mixin.py:190} INFO - [2024-10-26T21:48:57.801+0000] {dagbag.py:588} INFO - Filling up the DagBag from /home/airflow/.local/lib/python3.12/site-packages/airflow/example_dags/example_sla_dag.py
[2024-10-26T21:48:57.810+0000] {processor.py:925} INFO - DAG(s) 'example_sla_dag' retrieved from /home/airflow/.local/lib/python3.12/site-packages/airflow/example_dags/example_sla_dag.py
[2024-10-26T21:48:57.826+0000] {logging_mixin.py:190} INFO - [2024-10-26T21:48:57.826+0000] {dag.py:3239} INFO - Sync 1 DAGs
[2024-10-26T21:48:57.847+0000] {logging_mixin.py:190} INFO - [2024-10-26T21:48:57.847+0000] {dag.py:4180} INFO - Setting next_dagrun for example_sla_dag to 2024-10-26 21:46:00+00:00, run_after=2024-10-26 21:48:00+00:00
[2024-10-26T21:48:57.866+0000] {processor.py:208} INFO - Processing /home/airflow/.local/lib/python3.12/site-packages/airflow/example_dags/example_sla_dag.py took 0.075 seconds
[2024-10-26T21:49:30.685+0000] {processor.py:186} INFO - Started process (PID=31841) to work on /home/airflow/.local/lib/python3.12/site-packages/airflow/example_dags/example_sla_dag.py
[2024-10-26T21:49:30.686+0000] {processor.py:914} INFO - Processing file /home/airflow/.local/lib/python3.12/site-packages/airflow/example_dags/example_sla_dag.py for tasks to queue
[2024-10-26T21:49:30.689+0000] {logging_mixin.py:190} INFO - [2024-10-26T21:49:30.688+0000] {dagbag.py:588} INFO - Filling up the DagBag from /home/airflow/.local/lib/python3.12/site-packages/airflow/example_dags/example_sla_dag.py
[2024-10-26T21:49:30.697+0000] {processor.py:925} INFO - DAG(s) 'example_sla_dag' retrieved from /home/airflow/.local/lib/python3.12/site-packages/airflow/example_dags/example_sla_dag.py
[2024-10-26T21:49:30.714+0000] {logging_mixin.py:190} INFO - [2024-10-26T21:49:30.714+0000] {dag.py:3239} INFO - Sync 1 DAGs
[2024-10-26T21:49:30.736+0000] {logging_mixin.py:190} INFO - [2024-10-26T21:49:30.736+0000] {dag.py:4180} INFO - Setting next_dagrun for example_sla_dag to 2024-10-26 21:46:00+00:00, run_after=2024-10-26 21:48:00+00:00
[2024-10-26T21:49:30.757+0000] {processor.py:208} INFO - Processing /home/airflow/.local/lib/python3.12/site-packages/airflow/example_dags/example_sla_dag.py took 0.076 seconds
[2024-10-26T21:50:04.231+0000] {processor.py:186} INFO - Started process (PID=31905) to work on /home/airflow/.local/lib/python3.12/site-packages/airflow/example_dags/example_sla_dag.py
[2024-10-26T21:50:04.233+0000] {processor.py:914} INFO - Processing file /home/airflow/.local/lib/python3.12/site-packages/airflow/example_dags/example_sla_dag.py for tasks to queue
[2024-10-26T21:50:04.235+0000] {logging_mixin.py:190} INFO - [2024-10-26T21:50:04.235+0000] {dagbag.py:588} INFO - Filling up the DagBag from /home/airflow/.local/lib/python3.12/site-packages/airflow/example_dags/example_sla_dag.py
[2024-10-26T21:50:04.243+0000] {processor.py:925} INFO - DAG(s) 'example_sla_dag' retrieved from /home/airflow/.local/lib/python3.12/site-packages/airflow/example_dags/example_sla_dag.py
[2024-10-26T21:50:04.263+0000] {logging_mixin.py:190} INFO - [2024-10-26T21:50:04.263+0000] {dag.py:3239} INFO - Sync 1 DAGs
[2024-10-26T21:50:04.287+0000] {logging_mixin.py:190} INFO - [2024-10-26T21:50:04.287+0000] {dag.py:4180} INFO - Setting next_dagrun for example_sla_dag to 2024-10-26 21:48:00+00:00, run_after=2024-10-26 21:50:00+00:00
[2024-10-26T21:50:04.307+0000] {processor.py:208} INFO - Processing /home/airflow/.local/lib/python3.12/site-packages/airflow/example_dags/example_sla_dag.py took 0.081 seconds
[2024-10-26T21:50:36.063+0000] {processor.py:186} INFO - Started process (PID=31969) to work on /home/airflow/.local/lib/python3.12/site-packages/airflow/example_dags/example_sla_dag.py
[2024-10-26T21:50:36.064+0000] {processor.py:914} INFO - Processing file /home/airflow/.local/lib/python3.12/site-packages/airflow/example_dags/example_sla_dag.py for tasks to queue
[2024-10-26T21:50:36.066+0000] {logging_mixin.py:190} INFO - [2024-10-26T21:50:36.066+0000] {dagbag.py:588} INFO - Filling up the DagBag from /home/airflow/.local/lib/python3.12/site-packages/airflow/example_dags/example_sla_dag.py
[2024-10-26T21:50:36.075+0000] {processor.py:925} INFO - DAG(s) 'example_sla_dag' retrieved from /home/airflow/.local/lib/python3.12/site-packages/airflow/example_dags/example_sla_dag.py
[2024-10-26T21:50:36.093+0000] {logging_mixin.py:190} INFO - [2024-10-26T21:50:36.092+0000] {dag.py:3239} INFO - Sync 1 DAGs
[2024-10-26T21:50:36.114+0000] {logging_mixin.py:190} INFO - [2024-10-26T21:50:36.114+0000] {dag.py:4180} INFO - Setting next_dagrun for example_sla_dag to 2024-10-26 21:48:00+00:00, run_after=2024-10-26 21:50:00+00:00
[2024-10-26T21:50:36.136+0000] {processor.py:208} INFO - Processing /home/airflow/.local/lib/python3.12/site-packages/airflow/example_dags/example_sla_dag.py took 0.078 seconds
[2024-10-26T21:51:08.817+0000] {processor.py:186} INFO - Started process (PID=32033) to work on /home/airflow/.local/lib/python3.12/site-packages/airflow/example_dags/example_sla_dag.py
[2024-10-26T21:51:08.818+0000] {processor.py:914} INFO - Processing file /home/airflow/.local/lib/python3.12/site-packages/airflow/example_dags/example_sla_dag.py for tasks to queue
[2024-10-26T21:51:08.820+0000] {logging_mixin.py:190} INFO - [2024-10-26T21:51:08.820+0000] {dagbag.py:588} INFO - Filling up the DagBag from /home/airflow/.local/lib/python3.12/site-packages/airflow/example_dags/example_sla_dag.py
[2024-10-26T21:51:08.828+0000] {processor.py:925} INFO - DAG(s) 'example_sla_dag' retrieved from /home/airflow/.local/lib/python3.12/site-packages/airflow/example_dags/example_sla_dag.py
[2024-10-26T21:51:08.846+0000] {logging_mixin.py:190} INFO - [2024-10-26T21:51:08.845+0000] {dag.py:3239} INFO - Sync 1 DAGs
[2024-10-26T21:51:08.868+0000] {logging_mixin.py:190} INFO - [2024-10-26T21:51:08.867+0000] {dag.py:4180} INFO - Setting next_dagrun for example_sla_dag to 2024-10-26 21:48:00+00:00, run_after=2024-10-26 21:50:00+00:00
[2024-10-26T21:51:08.886+0000] {processor.py:208} INFO - Processing /home/airflow/.local/lib/python3.12/site-packages/airflow/example_dags/example_sla_dag.py took 0.074 seconds
[2024-10-26T21:51:41.608+0000] {processor.py:186} INFO - Started process (PID=32097) to work on /home/airflow/.local/lib/python3.12/site-packages/airflow/example_dags/example_sla_dag.py
[2024-10-26T21:51:41.609+0000] {processor.py:914} INFO - Processing file /home/airflow/.local/lib/python3.12/site-packages/airflow/example_dags/example_sla_dag.py for tasks to queue
[2024-10-26T21:51:41.612+0000] {logging_mixin.py:190} INFO - [2024-10-26T21:51:41.612+0000] {dagbag.py:588} INFO - Filling up the DagBag from /home/airflow/.local/lib/python3.12/site-packages/airflow/example_dags/example_sla_dag.py
[2024-10-26T21:51:41.623+0000] {processor.py:925} INFO - DAG(s) 'example_sla_dag' retrieved from /home/airflow/.local/lib/python3.12/site-packages/airflow/example_dags/example_sla_dag.py
[2024-10-26T21:51:41.642+0000] {logging_mixin.py:190} INFO - [2024-10-26T21:51:41.642+0000] {dag.py:3239} INFO - Sync 1 DAGs
[2024-10-26T21:51:41.672+0000] {logging_mixin.py:190} INFO - [2024-10-26T21:51:41.672+0000] {dag.py:4180} INFO - Setting next_dagrun for example_sla_dag to 2024-10-26 21:48:00+00:00, run_after=2024-10-26 21:50:00+00:00
[2024-10-26T21:51:41.693+0000] {processor.py:208} INFO - Processing /home/airflow/.local/lib/python3.12/site-packages/airflow/example_dags/example_sla_dag.py took 0.090 seconds
[2024-10-26T21:52:14.621+0000] {processor.py:186} INFO - Started process (PID=32161) to work on /home/airflow/.local/lib/python3.12/site-packages/airflow/example_dags/example_sla_dag.py
[2024-10-26T21:52:14.622+0000] {processor.py:914} INFO - Processing file /home/airflow/.local/lib/python3.12/site-packages/airflow/example_dags/example_sla_dag.py for tasks to queue
[2024-10-26T21:52:14.624+0000] {logging_mixin.py:190} INFO - [2024-10-26T21:52:14.623+0000] {dagbag.py:588} INFO - Filling up the DagBag from /home/airflow/.local/lib/python3.12/site-packages/airflow/example_dags/example_sla_dag.py
[2024-10-26T21:52:14.632+0000] {processor.py:925} INFO - DAG(s) 'example_sla_dag' retrieved from /home/airflow/.local/lib/python3.12/site-packages/airflow/example_dags/example_sla_dag.py
[2024-10-26T21:52:14.651+0000] {logging_mixin.py:190} INFO - [2024-10-26T21:52:14.650+0000] {dag.py:3239} INFO - Sync 1 DAGs
[2024-10-26T21:52:14.672+0000] {logging_mixin.py:190} INFO - [2024-10-26T21:52:14.671+0000] {dag.py:4180} INFO - Setting next_dagrun for example_sla_dag to 2024-10-26 21:50:00+00:00, run_after=2024-10-26 21:52:00+00:00
[2024-10-26T21:52:14.692+0000] {processor.py:208} INFO - Processing /home/airflow/.local/lib/python3.12/site-packages/airflow/example_dags/example_sla_dag.py took 0.077 seconds
[2024-10-26T21:52:47.496+0000] {processor.py:186} INFO - Started process (PID=32225) to work on /home/airflow/.local/lib/python3.12/site-packages/airflow/example_dags/example_sla_dag.py
[2024-10-26T21:52:47.497+0000] {processor.py:914} INFO - Processing file /home/airflow/.local/lib/python3.12/site-packages/airflow/example_dags/example_sla_dag.py for tasks to queue
[2024-10-26T21:52:47.499+0000] {logging_mixin.py:190} INFO - [2024-10-26T21:52:47.499+0000] {dagbag.py:588} INFO - Filling up the DagBag from /home/airflow/.local/lib/python3.12/site-packages/airflow/example_dags/example_sla_dag.py
[2024-10-26T21:52:47.508+0000] {processor.py:925} INFO - DAG(s) 'example_sla_dag' retrieved from /home/airflow/.local/lib/python3.12/site-packages/airflow/example_dags/example_sla_dag.py
[2024-10-26T21:52:47.526+0000] {logging_mixin.py:190} INFO - [2024-10-26T21:52:47.525+0000] {dag.py:3239} INFO - Sync 1 DAGs
[2024-10-26T21:52:47.546+0000] {logging_mixin.py:190} INFO - [2024-10-26T21:52:47.546+0000] {dag.py:4180} INFO - Setting next_dagrun for example_sla_dag to 2024-10-26 21:50:00+00:00, run_after=2024-10-26 21:52:00+00:00
[2024-10-26T21:52:47.565+0000] {processor.py:208} INFO - Processing /home/airflow/.local/lib/python3.12/site-packages/airflow/example_dags/example_sla_dag.py took 0.074 seconds
[2024-10-26T21:53:20.330+0000] {processor.py:186} INFO - Started process (PID=32289) to work on /home/airflow/.local/lib/python3.12/site-packages/airflow/example_dags/example_sla_dag.py
[2024-10-26T21:53:20.331+0000] {processor.py:914} INFO - Processing file /home/airflow/.local/lib/python3.12/site-packages/airflow/example_dags/example_sla_dag.py for tasks to queue
[2024-10-26T21:53:20.333+0000] {logging_mixin.py:190} INFO - [2024-10-26T21:53:20.333+0000] {dagbag.py:588} INFO - Filling up the DagBag from /home/airflow/.local/lib/python3.12/site-packages/airflow/example_dags/example_sla_dag.py
[2024-10-26T21:53:20.342+0000] {processor.py:925} INFO - DAG(s) 'example_sla_dag' retrieved from /home/airflow/.local/lib/python3.12/site-packages/airflow/example_dags/example_sla_dag.py
[2024-10-26T21:53:20.359+0000] {logging_mixin.py:190} INFO - [2024-10-26T21:53:20.359+0000] {dag.py:3239} INFO - Sync 1 DAGs
[2024-10-26T21:53:20.380+0000] {logging_mixin.py:190} INFO - [2024-10-26T21:53:20.380+0000] {dag.py:4180} INFO - Setting next_dagrun for example_sla_dag to 2024-10-26 21:50:00+00:00, run_after=2024-10-26 21:52:00+00:00
[2024-10-26T21:53:20.399+0000] {processor.py:208} INFO - Processing /home/airflow/.local/lib/python3.12/site-packages/airflow/example_dags/example_sla_dag.py took 0.074 seconds
[2024-10-26T21:53:52.935+0000] {processor.py:186} INFO - Started process (PID=32353) to work on /home/airflow/.local/lib/python3.12/site-packages/airflow/example_dags/example_sla_dag.py
[2024-10-26T21:53:52.936+0000] {processor.py:914} INFO - Processing file /home/airflow/.local/lib/python3.12/site-packages/airflow/example_dags/example_sla_dag.py for tasks to queue
[2024-10-26T21:53:52.938+0000] {logging_mixin.py:190} INFO - [2024-10-26T21:53:52.938+0000] {dagbag.py:588} INFO - Filling up the DagBag from /home/airflow/.local/lib/python3.12/site-packages/airflow/example_dags/example_sla_dag.py
[2024-10-26T21:53:52.947+0000] {processor.py:925} INFO - DAG(s) 'example_sla_dag' retrieved from /home/airflow/.local/lib/python3.12/site-packages/airflow/example_dags/example_sla_dag.py
[2024-10-26T21:53:52.964+0000] {logging_mixin.py:190} INFO - [2024-10-26T21:53:52.964+0000] {dag.py:3239} INFO - Sync 1 DAGs
[2024-10-26T21:53:52.985+0000] {logging_mixin.py:190} INFO - [2024-10-26T21:53:52.985+0000] {dag.py:4180} INFO - Setting next_dagrun for example_sla_dag to 2024-10-26 21:50:00+00:00, run_after=2024-10-26 21:52:00+00:00
[2024-10-26T21:53:53.004+0000] {processor.py:208} INFO - Processing /home/airflow/.local/lib/python3.12/site-packages/airflow/example_dags/example_sla_dag.py took 0.076 seconds
[2024-10-26T21:54:25.891+0000] {processor.py:186} INFO - Started process (PID=32417) to work on /home/airflow/.local/lib/python3.12/site-packages/airflow/example_dags/example_sla_dag.py
[2024-10-26T21:54:25.892+0000] {processor.py:914} INFO - Processing file /home/airflow/.local/lib/python3.12/site-packages/airflow/example_dags/example_sla_dag.py for tasks to queue
[2024-10-26T21:54:25.894+0000] {logging_mixin.py:190} INFO - [2024-10-26T21:54:25.894+0000] {dagbag.py:588} INFO - Filling up the DagBag from /home/airflow/.local/lib/python3.12/site-packages/airflow/example_dags/example_sla_dag.py
[2024-10-26T21:54:25.902+0000] {processor.py:925} INFO - DAG(s) 'example_sla_dag' retrieved from /home/airflow/.local/lib/python3.12/site-packages/airflow/example_dags/example_sla_dag.py
[2024-10-26T21:54:25.919+0000] {logging_mixin.py:190} INFO - [2024-10-26T21:54:25.919+0000] {dag.py:3239} INFO - Sync 1 DAGs
[2024-10-26T21:54:25.943+0000] {logging_mixin.py:190} INFO - [2024-10-26T21:54:25.943+0000] {dag.py:4180} INFO - Setting next_dagrun for example_sla_dag to 2024-10-26 21:52:00+00:00, run_after=2024-10-26 21:54:00+00:00
[2024-10-26T21:54:25.964+0000] {processor.py:208} INFO - Processing /home/airflow/.local/lib/python3.12/site-packages/airflow/example_dags/example_sla_dag.py took 0.078 seconds
[2024-10-26T21:54:57.999+0000] {processor.py:186} INFO - Started process (PID=32481) to work on /home/airflow/.local/lib/python3.12/site-packages/airflow/example_dags/example_sla_dag.py
[2024-10-26T21:54:58.000+0000] {processor.py:914} INFO - Processing file /home/airflow/.local/lib/python3.12/site-packages/airflow/example_dags/example_sla_dag.py for tasks to queue
[2024-10-26T21:54:58.002+0000] {logging_mixin.py:190} INFO - [2024-10-26T21:54:58.002+0000] {dagbag.py:588} INFO - Filling up the DagBag from /home/airflow/.local/lib/python3.12/site-packages/airflow/example_dags/example_sla_dag.py
[2024-10-26T21:54:58.011+0000] {processor.py:925} INFO - DAG(s) 'example_sla_dag' retrieved from /home/airflow/.local/lib/python3.12/site-packages/airflow/example_dags/example_sla_dag.py
[2024-10-26T21:54:58.028+0000] {logging_mixin.py:190} INFO - [2024-10-26T21:54:58.028+0000] {dag.py:3239} INFO - Sync 1 DAGs
[2024-10-26T21:54:58.049+0000] {logging_mixin.py:190} INFO - [2024-10-26T21:54:58.049+0000] {dag.py:4180} INFO - Setting next_dagrun for example_sla_dag to 2024-10-26 21:52:00+00:00, run_after=2024-10-26 21:54:00+00:00
[2024-10-26T21:54:58.068+0000] {processor.py:208} INFO - Processing /home/airflow/.local/lib/python3.12/site-packages/airflow/example_dags/example_sla_dag.py took 0.074 seconds
[2024-10-26T21:55:31.028+0000] {processor.py:186} INFO - Started process (PID=32545) to work on /home/airflow/.local/lib/python3.12/site-packages/airflow/example_dags/example_sla_dag.py
[2024-10-26T21:55:31.029+0000] {processor.py:914} INFO - Processing file /home/airflow/.local/lib/python3.12/site-packages/airflow/example_dags/example_sla_dag.py for tasks to queue
[2024-10-26T21:55:31.031+0000] {logging_mixin.py:190} INFO - [2024-10-26T21:55:31.030+0000] {dagbag.py:588} INFO - Filling up the DagBag from /home/airflow/.local/lib/python3.12/site-packages/airflow/example_dags/example_sla_dag.py
[2024-10-26T21:55:31.041+0000] {processor.py:925} INFO - DAG(s) 'example_sla_dag' retrieved from /home/airflow/.local/lib/python3.12/site-packages/airflow/example_dags/example_sla_dag.py
[2024-10-26T21:55:31.060+0000] {logging_mixin.py:190} INFO - [2024-10-26T21:55:31.060+0000] {dag.py:3239} INFO - Sync 1 DAGs
[2024-10-26T21:55:31.083+0000] {logging_mixin.py:190} INFO - [2024-10-26T21:55:31.083+0000] {dag.py:4180} INFO - Setting next_dagrun for example_sla_dag to 2024-10-26 21:52:00+00:00, run_after=2024-10-26 21:54:00+00:00
[2024-10-26T21:55:31.103+0000] {processor.py:208} INFO - Processing /home/airflow/.local/lib/python3.12/site-packages/airflow/example_dags/example_sla_dag.py took 0.081 seconds
[2024-10-26T21:56:04.104+0000] {processor.py:186} INFO - Started process (PID=32609) to work on /home/airflow/.local/lib/python3.12/site-packages/airflow/example_dags/example_sla_dag.py
[2024-10-26T21:56:04.105+0000] {processor.py:914} INFO - Processing file /home/airflow/.local/lib/python3.12/site-packages/airflow/example_dags/example_sla_dag.py for tasks to queue
[2024-10-26T21:56:04.108+0000] {logging_mixin.py:190} INFO - [2024-10-26T21:56:04.107+0000] {dagbag.py:588} INFO - Filling up the DagBag from /home/airflow/.local/lib/python3.12/site-packages/airflow/example_dags/example_sla_dag.py
[2024-10-26T21:56:04.118+0000] {processor.py:925} INFO - DAG(s) 'example_sla_dag' retrieved from /home/airflow/.local/lib/python3.12/site-packages/airflow/example_dags/example_sla_dag.py
[2024-10-26T21:56:04.138+0000] {logging_mixin.py:190} INFO - [2024-10-26T21:56:04.137+0000] {dag.py:3239} INFO - Sync 1 DAGs
[2024-10-26T21:56:04.163+0000] {logging_mixin.py:190} INFO - [2024-10-26T21:56:04.163+0000] {dag.py:4180} INFO - Setting next_dagrun for example_sla_dag to 2024-10-26 21:54:00+00:00, run_after=2024-10-26 21:56:00+00:00
[2024-10-26T21:56:04.184+0000] {processor.py:208} INFO - Processing /home/airflow/.local/lib/python3.12/site-packages/airflow/example_dags/example_sla_dag.py took 0.084 seconds
[2024-10-26T21:56:36.212+0000] {processor.py:186} INFO - Started process (PID=32673) to work on /home/airflow/.local/lib/python3.12/site-packages/airflow/example_dags/example_sla_dag.py
[2024-10-26T21:56:36.213+0000] {processor.py:914} INFO - Processing file /home/airflow/.local/lib/python3.12/site-packages/airflow/example_dags/example_sla_dag.py for tasks to queue
[2024-10-26T21:56:36.215+0000] {logging_mixin.py:190} INFO - [2024-10-26T21:56:36.215+0000] {dagbag.py:588} INFO - Filling up the DagBag from /home/airflow/.local/lib/python3.12/site-packages/airflow/example_dags/example_sla_dag.py
[2024-10-26T21:56:36.223+0000] {processor.py:925} INFO - DAG(s) 'example_sla_dag' retrieved from /home/airflow/.local/lib/python3.12/site-packages/airflow/example_dags/example_sla_dag.py
[2024-10-26T21:56:36.241+0000] {logging_mixin.py:190} INFO - [2024-10-26T21:56:36.241+0000] {dag.py:3239} INFO - Sync 1 DAGs
[2024-10-26T21:56:36.261+0000] {logging_mixin.py:190} INFO - [2024-10-26T21:56:36.261+0000] {dag.py:4180} INFO - Setting next_dagrun for example_sla_dag to 2024-10-26 21:54:00+00:00, run_after=2024-10-26 21:56:00+00:00
[2024-10-26T21:56:36.281+0000] {processor.py:208} INFO - Processing /home/airflow/.local/lib/python3.12/site-packages/airflow/example_dags/example_sla_dag.py took 0.074 seconds
[2024-10-26T21:57:09.026+0000] {processor.py:186} INFO - Started process (PID=32738) to work on /home/airflow/.local/lib/python3.12/site-packages/airflow/example_dags/example_sla_dag.py
[2024-10-26T21:57:09.027+0000] {processor.py:914} INFO - Processing file /home/airflow/.local/lib/python3.12/site-packages/airflow/example_dags/example_sla_dag.py for tasks to queue
[2024-10-26T21:57:09.029+0000] {logging_mixin.py:190} INFO - [2024-10-26T21:57:09.029+0000] {dagbag.py:588} INFO - Filling up the DagBag from /home/airflow/.local/lib/python3.12/site-packages/airflow/example_dags/example_sla_dag.py
[2024-10-26T21:57:09.038+0000] {processor.py:925} INFO - DAG(s) 'example_sla_dag' retrieved from /home/airflow/.local/lib/python3.12/site-packages/airflow/example_dags/example_sla_dag.py
[2024-10-26T21:57:09.054+0000] {logging_mixin.py:190} INFO - [2024-10-26T21:57:09.054+0000] {dag.py:3239} INFO - Sync 1 DAGs
[2024-10-26T21:57:09.076+0000] {logging_mixin.py:190} INFO - [2024-10-26T21:57:09.076+0000] {dag.py:4180} INFO - Setting next_dagrun for example_sla_dag to 2024-10-26 21:54:00+00:00, run_after=2024-10-26 21:56:00+00:00
[2024-10-26T21:57:09.095+0000] {processor.py:208} INFO - Processing /home/airflow/.local/lib/python3.12/site-packages/airflow/example_dags/example_sla_dag.py took 0.074 seconds
[2024-10-26T21:57:41.903+0000] {processor.py:186} INFO - Started process (PID=32802) to work on /home/airflow/.local/lib/python3.12/site-packages/airflow/example_dags/example_sla_dag.py
[2024-10-26T21:57:41.904+0000] {processor.py:914} INFO - Processing file /home/airflow/.local/lib/python3.12/site-packages/airflow/example_dags/example_sla_dag.py for tasks to queue
[2024-10-26T21:57:41.907+0000] {logging_mixin.py:190} INFO - [2024-10-26T21:57:41.907+0000] {dagbag.py:588} INFO - Filling up the DagBag from /home/airflow/.local/lib/python3.12/site-packages/airflow/example_dags/example_sla_dag.py
[2024-10-26T21:57:41.918+0000] {processor.py:925} INFO - DAG(s) 'example_sla_dag' retrieved from /home/airflow/.local/lib/python3.12/site-packages/airflow/example_dags/example_sla_dag.py
[2024-10-26T21:57:41.936+0000] {logging_mixin.py:190} INFO - [2024-10-26T21:57:41.936+0000] {dag.py:3239} INFO - Sync 1 DAGs
[2024-10-26T21:57:41.959+0000] {logging_mixin.py:190} INFO - [2024-10-26T21:57:41.959+0000] {dag.py:4180} INFO - Setting next_dagrun for example_sla_dag to 2024-10-26 21:54:00+00:00, run_after=2024-10-26 21:56:00+00:00
[2024-10-26T21:57:41.982+0000] {processor.py:208} INFO - Processing /home/airflow/.local/lib/python3.12/site-packages/airflow/example_dags/example_sla_dag.py took 0.084 seconds
[2024-10-26T21:58:15.002+0000] {processor.py:186} INFO - Started process (PID=32866) to work on /home/airflow/.local/lib/python3.12/site-packages/airflow/example_dags/example_sla_dag.py
[2024-10-26T21:58:15.003+0000] {processor.py:914} INFO - Processing file /home/airflow/.local/lib/python3.12/site-packages/airflow/example_dags/example_sla_dag.py for tasks to queue
[2024-10-26T21:58:15.005+0000] {logging_mixin.py:190} INFO - [2024-10-26T21:58:15.004+0000] {dagbag.py:588} INFO - Filling up the DagBag from /home/airflow/.local/lib/python3.12/site-packages/airflow/example_dags/example_sla_dag.py
[2024-10-26T21:58:15.013+0000] {processor.py:925} INFO - DAG(s) 'example_sla_dag' retrieved from /home/airflow/.local/lib/python3.12/site-packages/airflow/example_dags/example_sla_dag.py
[2024-10-26T21:58:15.029+0000] {logging_mixin.py:190} INFO - [2024-10-26T21:58:15.029+0000] {dag.py:3239} INFO - Sync 1 DAGs
[2024-10-26T21:58:15.052+0000] {logging_mixin.py:190} INFO - [2024-10-26T21:58:15.052+0000] {dag.py:4180} INFO - Setting next_dagrun for example_sla_dag to 2024-10-26 21:56:00+00:00, run_after=2024-10-26 21:58:00+00:00
[2024-10-26T21:58:15.072+0000] {processor.py:208} INFO - Processing /home/airflow/.local/lib/python3.12/site-packages/airflow/example_dags/example_sla_dag.py took 0.075 seconds
[2024-10-26T21:58:46.922+0000] {processor.py:186} INFO - Started process (PID=32930) to work on /home/airflow/.local/lib/python3.12/site-packages/airflow/example_dags/example_sla_dag.py
[2024-10-26T21:58:46.923+0000] {processor.py:914} INFO - Processing file /home/airflow/.local/lib/python3.12/site-packages/airflow/example_dags/example_sla_dag.py for tasks to queue
[2024-10-26T21:58:46.925+0000] {logging_mixin.py:190} INFO - [2024-10-26T21:58:46.925+0000] {dagbag.py:588} INFO - Filling up the DagBag from /home/airflow/.local/lib/python3.12/site-packages/airflow/example_dags/example_sla_dag.py
[2024-10-26T21:58:46.934+0000] {processor.py:925} INFO - DAG(s) 'example_sla_dag' retrieved from /home/airflow/.local/lib/python3.12/site-packages/airflow/example_dags/example_sla_dag.py
[2024-10-26T21:58:46.952+0000] {logging_mixin.py:190} INFO - [2024-10-26T21:58:46.951+0000] {dag.py:3239} INFO - Sync 1 DAGs
[2024-10-26T21:58:46.973+0000] {logging_mixin.py:190} INFO - [2024-10-26T21:58:46.973+0000] {dag.py:4180} INFO - Setting next_dagrun for example_sla_dag to 2024-10-26 21:56:00+00:00, run_after=2024-10-26 21:58:00+00:00
[2024-10-26T21:58:46.993+0000] {processor.py:208} INFO - Processing /home/airflow/.local/lib/python3.12/site-packages/airflow/example_dags/example_sla_dag.py took 0.076 seconds
[2024-10-26T21:59:19.819+0000] {processor.py:186} INFO - Started process (PID=32994) to work on /home/airflow/.local/lib/python3.12/site-packages/airflow/example_dags/example_sla_dag.py
[2024-10-26T21:59:19.820+0000] {processor.py:914} INFO - Processing file /home/airflow/.local/lib/python3.12/site-packages/airflow/example_dags/example_sla_dag.py for tasks to queue
[2024-10-26T21:59:19.822+0000] {logging_mixin.py:190} INFO - [2024-10-26T21:59:19.821+0000] {dagbag.py:588} INFO - Filling up the DagBag from /home/airflow/.local/lib/python3.12/site-packages/airflow/example_dags/example_sla_dag.py
[2024-10-26T21:59:19.830+0000] {processor.py:925} INFO - DAG(s) 'example_sla_dag' retrieved from /home/airflow/.local/lib/python3.12/site-packages/airflow/example_dags/example_sla_dag.py
[2024-10-26T21:59:19.847+0000] {logging_mixin.py:190} INFO - [2024-10-26T21:59:19.847+0000] {dag.py:3239} INFO - Sync 1 DAGs
[2024-10-26T21:59:19.869+0000] {logging_mixin.py:190} INFO - [2024-10-26T21:59:19.868+0000] {dag.py:4180} INFO - Setting next_dagrun for example_sla_dag to 2024-10-26 21:56:00+00:00, run_after=2024-10-26 21:58:00+00:00
[2024-10-26T21:59:19.889+0000] {processor.py:208} INFO - Processing /home/airflow/.local/lib/python3.12/site-packages/airflow/example_dags/example_sla_dag.py took 0.075 seconds
[2024-10-26T21:59:52.997+0000] {processor.py:186} INFO - Started process (PID=33058) to work on /home/airflow/.local/lib/python3.12/site-packages/airflow/example_dags/example_sla_dag.py
[2024-10-26T21:59:52.999+0000] {processor.py:914} INFO - Processing file /home/airflow/.local/lib/python3.12/site-packages/airflow/example_dags/example_sla_dag.py for tasks to queue
[2024-10-26T21:59:53.001+0000] {logging_mixin.py:190} INFO - [2024-10-26T21:59:53.001+0000] {dagbag.py:588} INFO - Filling up the DagBag from /home/airflow/.local/lib/python3.12/site-packages/airflow/example_dags/example_sla_dag.py
[2024-10-26T21:59:53.010+0000] {processor.py:925} INFO - DAG(s) 'example_sla_dag' retrieved from /home/airflow/.local/lib/python3.12/site-packages/airflow/example_dags/example_sla_dag.py
[2024-10-26T21:59:53.027+0000] {logging_mixin.py:190} INFO - [2024-10-26T21:59:53.027+0000] {dag.py:3239} INFO - Sync 1 DAGs
[2024-10-26T21:59:53.050+0000] {logging_mixin.py:190} INFO - [2024-10-26T21:59:53.049+0000] {dag.py:4180} INFO - Setting next_dagrun for example_sla_dag to 2024-10-26 21:56:00+00:00, run_after=2024-10-26 21:58:00+00:00
[2024-10-26T21:59:53.068+0000] {processor.py:208} INFO - Processing /home/airflow/.local/lib/python3.12/site-packages/airflow/example_dags/example_sla_dag.py took 0.075 seconds
[2024-10-26T22:00:26.044+0000] {processor.py:186} INFO - Started process (PID=33122) to work on /home/airflow/.local/lib/python3.12/site-packages/airflow/example_dags/example_sla_dag.py
[2024-10-26T22:00:26.044+0000] {processor.py:914} INFO - Processing file /home/airflow/.local/lib/python3.12/site-packages/airflow/example_dags/example_sla_dag.py for tasks to queue
[2024-10-26T22:00:26.047+0000] {logging_mixin.py:190} INFO - [2024-10-26T22:00:26.046+0000] {dagbag.py:588} INFO - Filling up the DagBag from /home/airflow/.local/lib/python3.12/site-packages/airflow/example_dags/example_sla_dag.py
[2024-10-26T22:00:26.055+0000] {processor.py:925} INFO - DAG(s) 'example_sla_dag' retrieved from /home/airflow/.local/lib/python3.12/site-packages/airflow/example_dags/example_sla_dag.py
[2024-10-26T22:00:26.073+0000] {logging_mixin.py:190} INFO - [2024-10-26T22:00:26.072+0000] {dag.py:3239} INFO - Sync 1 DAGs
[2024-10-26T22:00:26.095+0000] {logging_mixin.py:190} INFO - [2024-10-26T22:00:26.094+0000] {dag.py:4180} INFO - Setting next_dagrun for example_sla_dag to 2024-10-26 21:58:00+00:00, run_after=2024-10-26 22:00:00+00:00
[2024-10-26T22:00:26.114+0000] {processor.py:208} INFO - Processing /home/airflow/.local/lib/python3.12/site-packages/airflow/example_dags/example_sla_dag.py took 0.076 seconds
[2024-10-26T22:00:57.974+0000] {processor.py:186} INFO - Started process (PID=33186) to work on /home/airflow/.local/lib/python3.12/site-packages/airflow/example_dags/example_sla_dag.py
[2024-10-26T22:00:57.975+0000] {processor.py:914} INFO - Processing file /home/airflow/.local/lib/python3.12/site-packages/airflow/example_dags/example_sla_dag.py for tasks to queue
[2024-10-26T22:00:57.977+0000] {logging_mixin.py:190} INFO - [2024-10-26T22:00:57.977+0000] {dagbag.py:588} INFO - Filling up the DagBag from /home/airflow/.local/lib/python3.12/site-packages/airflow/example_dags/example_sla_dag.py
[2024-10-26T22:00:57.986+0000] {processor.py:925} INFO - DAG(s) 'example_sla_dag' retrieved from /home/airflow/.local/lib/python3.12/site-packages/airflow/example_dags/example_sla_dag.py
[2024-10-26T22:00:58.003+0000] {logging_mixin.py:190} INFO - [2024-10-26T22:00:58.003+0000] {dag.py:3239} INFO - Sync 1 DAGs
[2024-10-26T22:00:58.023+0000] {logging_mixin.py:190} INFO - [2024-10-26T22:00:58.023+0000] {dag.py:4180} INFO - Setting next_dagrun for example_sla_dag to 2024-10-26 21:58:00+00:00, run_after=2024-10-26 22:00:00+00:00
[2024-10-26T22:00:58.044+0000] {processor.py:208} INFO - Processing /home/airflow/.local/lib/python3.12/site-packages/airflow/example_dags/example_sla_dag.py took 0.074 seconds
[2024-10-26T22:01:31.158+0000] {processor.py:186} INFO - Started process (PID=33250) to work on /home/airflow/.local/lib/python3.12/site-packages/airflow/example_dags/example_sla_dag.py
[2024-10-26T22:01:31.159+0000] {processor.py:914} INFO - Processing file /home/airflow/.local/lib/python3.12/site-packages/airflow/example_dags/example_sla_dag.py for tasks to queue
[2024-10-26T22:01:31.161+0000] {logging_mixin.py:190} INFO - [2024-10-26T22:01:31.161+0000] {dagbag.py:588} INFO - Filling up the DagBag from /home/airflow/.local/lib/python3.12/site-packages/airflow/example_dags/example_sla_dag.py
[2024-10-26T22:01:31.170+0000] {processor.py:925} INFO - DAG(s) 'example_sla_dag' retrieved from /home/airflow/.local/lib/python3.12/site-packages/airflow/example_dags/example_sla_dag.py
[2024-10-26T22:01:31.186+0000] {logging_mixin.py:190} INFO - [2024-10-26T22:01:31.186+0000] {dag.py:3239} INFO - Sync 1 DAGs
[2024-10-26T22:01:31.208+0000] {logging_mixin.py:190} INFO - [2024-10-26T22:01:31.208+0000] {dag.py:4180} INFO - Setting next_dagrun for example_sla_dag to 2024-10-26 21:58:00+00:00, run_after=2024-10-26 22:00:00+00:00
[2024-10-26T22:01:31.228+0000] {processor.py:208} INFO - Processing /home/airflow/.local/lib/python3.12/site-packages/airflow/example_dags/example_sla_dag.py took 0.075 seconds
[2024-10-26T22:02:03.849+0000] {processor.py:186} INFO - Started process (PID=33314) to work on /home/airflow/.local/lib/python3.12/site-packages/airflow/example_dags/example_sla_dag.py
[2024-10-26T22:02:03.851+0000] {processor.py:914} INFO - Processing file /home/airflow/.local/lib/python3.12/site-packages/airflow/example_dags/example_sla_dag.py for tasks to queue
[2024-10-26T22:02:03.853+0000] {logging_mixin.py:190} INFO - [2024-10-26T22:02:03.853+0000] {dagbag.py:588} INFO - Filling up the DagBag from /home/airflow/.local/lib/python3.12/site-packages/airflow/example_dags/example_sla_dag.py
[2024-10-26T22:02:03.863+0000] {processor.py:925} INFO - DAG(s) 'example_sla_dag' retrieved from /home/airflow/.local/lib/python3.12/site-packages/airflow/example_dags/example_sla_dag.py
[2024-10-26T22:02:03.882+0000] {logging_mixin.py:190} INFO - [2024-10-26T22:02:03.882+0000] {dag.py:3239} INFO - Sync 1 DAGs
[2024-10-26T22:02:03.903+0000] {logging_mixin.py:190} INFO - [2024-10-26T22:02:03.903+0000] {dag.py:4180} INFO - Setting next_dagrun for example_sla_dag to 2024-10-26 22:00:00+00:00, run_after=2024-10-26 22:02:00+00:00
[2024-10-26T22:02:03.924+0000] {processor.py:208} INFO - Processing /home/airflow/.local/lib/python3.12/site-packages/airflow/example_dags/example_sla_dag.py took 0.079 seconds
[2024-10-26T22:02:36.922+0000] {processor.py:186} INFO - Started process (PID=33378) to work on /home/airflow/.local/lib/python3.12/site-packages/airflow/example_dags/example_sla_dag.py
[2024-10-26T22:02:36.923+0000] {processor.py:914} INFO - Processing file /home/airflow/.local/lib/python3.12/site-packages/airflow/example_dags/example_sla_dag.py for tasks to queue
[2024-10-26T22:02:36.925+0000] {logging_mixin.py:190} INFO - [2024-10-26T22:02:36.925+0000] {dagbag.py:588} INFO - Filling up the DagBag from /home/airflow/.local/lib/python3.12/site-packages/airflow/example_dags/example_sla_dag.py
[2024-10-26T22:02:36.934+0000] {processor.py:925} INFO - DAG(s) 'example_sla_dag' retrieved from /home/airflow/.local/lib/python3.12/site-packages/airflow/example_dags/example_sla_dag.py
[2024-10-26T22:02:36.953+0000] {logging_mixin.py:190} INFO - [2024-10-26T22:02:36.952+0000] {dag.py:3239} INFO - Sync 1 DAGs
[2024-10-26T22:02:36.974+0000] {logging_mixin.py:190} INFO - [2024-10-26T22:02:36.974+0000] {dag.py:4180} INFO - Setting next_dagrun for example_sla_dag to 2024-10-26 22:00:00+00:00, run_after=2024-10-26 22:02:00+00:00
[2024-10-26T22:02:36.994+0000] {processor.py:208} INFO - Processing /home/airflow/.local/lib/python3.12/site-packages/airflow/example_dags/example_sla_dag.py took 0.077 seconds
[2024-10-26T22:03:08.824+0000] {processor.py:186} INFO - Started process (PID=33442) to work on /home/airflow/.local/lib/python3.12/site-packages/airflow/example_dags/example_sla_dag.py
[2024-10-26T22:03:08.825+0000] {processor.py:914} INFO - Processing file /home/airflow/.local/lib/python3.12/site-packages/airflow/example_dags/example_sla_dag.py for tasks to queue
[2024-10-26T22:03:08.827+0000] {logging_mixin.py:190} INFO - [2024-10-26T22:03:08.827+0000] {dagbag.py:588} INFO - Filling up the DagBag from /home/airflow/.local/lib/python3.12/site-packages/airflow/example_dags/example_sla_dag.py
[2024-10-26T22:03:08.836+0000] {processor.py:925} INFO - DAG(s) 'example_sla_dag' retrieved from /home/airflow/.local/lib/python3.12/site-packages/airflow/example_dags/example_sla_dag.py
[2024-10-26T22:03:08.854+0000] {logging_mixin.py:190} INFO - [2024-10-26T22:03:08.853+0000] {dag.py:3239} INFO - Sync 1 DAGs
[2024-10-26T22:03:08.874+0000] {logging_mixin.py:190} INFO - [2024-10-26T22:03:08.874+0000] {dag.py:4180} INFO - Setting next_dagrun for example_sla_dag to 2024-10-26 22:00:00+00:00, run_after=2024-10-26 22:02:00+00:00
[2024-10-26T22:03:09.026+0000] {processor.py:208} INFO - Processing /home/airflow/.local/lib/python3.12/site-packages/airflow/example_dags/example_sla_dag.py took 0.207 seconds
[2024-10-26T22:03:43.044+0000] {processor.py:186} INFO - Started process (PID=33506) to work on /home/airflow/.local/lib/python3.12/site-packages/airflow/example_dags/example_sla_dag.py
[2024-10-26T22:03:43.045+0000] {processor.py:914} INFO - Processing file /home/airflow/.local/lib/python3.12/site-packages/airflow/example_dags/example_sla_dag.py for tasks to queue
[2024-10-26T22:03:43.047+0000] {logging_mixin.py:190} INFO - [2024-10-26T22:03:43.047+0000] {dagbag.py:588} INFO - Filling up the DagBag from /home/airflow/.local/lib/python3.12/site-packages/airflow/example_dags/example_sla_dag.py
[2024-10-26T22:03:43.057+0000] {processor.py:925} INFO - DAG(s) 'example_sla_dag' retrieved from /home/airflow/.local/lib/python3.12/site-packages/airflow/example_dags/example_sla_dag.py
[2024-10-26T22:03:43.076+0000] {logging_mixin.py:190} INFO - [2024-10-26T22:03:43.076+0000] {dag.py:3239} INFO - Sync 1 DAGs
[2024-10-26T22:03:43.105+0000] {logging_mixin.py:190} INFO - [2024-10-26T22:03:43.104+0000] {dag.py:4180} INFO - Setting next_dagrun for example_sla_dag to 2024-10-26 22:00:00+00:00, run_after=2024-10-26 22:02:00+00:00
[2024-10-26T22:03:43.126+0000] {processor.py:208} INFO - Processing /home/airflow/.local/lib/python3.12/site-packages/airflow/example_dags/example_sla_dag.py took 0.087 seconds
[2024-10-26T22:04:14.329+0000] {processor.py:186} INFO - Started process (PID=33570) to work on /home/airflow/.local/lib/python3.12/site-packages/airflow/example_dags/example_sla_dag.py
[2024-10-26T22:04:14.330+0000] {processor.py:914} INFO - Processing file /home/airflow/.local/lib/python3.12/site-packages/airflow/example_dags/example_sla_dag.py for tasks to queue
[2024-10-26T22:04:14.332+0000] {logging_mixin.py:190} INFO - [2024-10-26T22:04:14.332+0000] {dagbag.py:588} INFO - Filling up the DagBag from /home/airflow/.local/lib/python3.12/site-packages/airflow/example_dags/example_sla_dag.py
[2024-10-26T22:04:14.340+0000] {processor.py:925} INFO - DAG(s) 'example_sla_dag' retrieved from /home/airflow/.local/lib/python3.12/site-packages/airflow/example_dags/example_sla_dag.py
[2024-10-26T22:04:14.357+0000] {logging_mixin.py:190} INFO - [2024-10-26T22:04:14.357+0000] {dag.py:3239} INFO - Sync 1 DAGs
[2024-10-26T22:04:14.377+0000] {logging_mixin.py:190} INFO - [2024-10-26T22:04:14.377+0000] {dag.py:4180} INFO - Setting next_dagrun for example_sla_dag to 2024-10-26 22:02:00+00:00, run_after=2024-10-26 22:04:00+00:00
[2024-10-26T22:04:14.397+0000] {processor.py:208} INFO - Processing /home/airflow/.local/lib/python3.12/site-packages/airflow/example_dags/example_sla_dag.py took 0.073 seconds
[2024-10-26T22:04:47.579+0000] {processor.py:186} INFO - Started process (PID=33634) to work on /home/airflow/.local/lib/python3.12/site-packages/airflow/example_dags/example_sla_dag.py
[2024-10-26T22:04:47.580+0000] {processor.py:914} INFO - Processing file /home/airflow/.local/lib/python3.12/site-packages/airflow/example_dags/example_sla_dag.py for tasks to queue
[2024-10-26T22:04:47.583+0000] {logging_mixin.py:190} INFO - [2024-10-26T22:04:47.582+0000] {dagbag.py:588} INFO - Filling up the DagBag from /home/airflow/.local/lib/python3.12/site-packages/airflow/example_dags/example_sla_dag.py
[2024-10-26T22:04:47.592+0000] {processor.py:925} INFO - DAG(s) 'example_sla_dag' retrieved from /home/airflow/.local/lib/python3.12/site-packages/airflow/example_dags/example_sla_dag.py
[2024-10-26T22:04:47.611+0000] {logging_mixin.py:190} INFO - [2024-10-26T22:04:47.610+0000] {dag.py:3239} INFO - Sync 1 DAGs
[2024-10-26T22:04:47.636+0000] {logging_mixin.py:190} INFO - [2024-10-26T22:04:47.635+0000] {dag.py:4180} INFO - Setting next_dagrun for example_sla_dag to 2024-10-26 22:02:00+00:00, run_after=2024-10-26 22:04:00+00:00
[2024-10-26T22:04:47.656+0000] {processor.py:208} INFO - Processing /home/airflow/.local/lib/python3.12/site-packages/airflow/example_dags/example_sla_dag.py took 0.084 seconds
[2024-10-26T22:05:20.340+0000] {processor.py:186} INFO - Started process (PID=33698) to work on /home/airflow/.local/lib/python3.12/site-packages/airflow/example_dags/example_sla_dag.py
[2024-10-26T22:05:20.341+0000] {processor.py:914} INFO - Processing file /home/airflow/.local/lib/python3.12/site-packages/airflow/example_dags/example_sla_dag.py for tasks to queue
[2024-10-26T22:05:20.344+0000] {logging_mixin.py:190} INFO - [2024-10-26T22:05:20.344+0000] {dagbag.py:588} INFO - Filling up the DagBag from /home/airflow/.local/lib/python3.12/site-packages/airflow/example_dags/example_sla_dag.py
[2024-10-26T22:05:20.358+0000] {processor.py:925} INFO - DAG(s) 'example_sla_dag' retrieved from /home/airflow/.local/lib/python3.12/site-packages/airflow/example_dags/example_sla_dag.py
[2024-10-26T22:05:20.385+0000] {logging_mixin.py:190} INFO - [2024-10-26T22:05:20.385+0000] {dag.py:3239} INFO - Sync 1 DAGs
[2024-10-26T22:05:20.427+0000] {logging_mixin.py:190} INFO - [2024-10-26T22:05:20.427+0000] {dag.py:4180} INFO - Setting next_dagrun for example_sla_dag to 2024-10-26 22:02:00+00:00, run_after=2024-10-26 22:04:00+00:00
[2024-10-26T22:05:20.455+0000] {processor.py:208} INFO - Processing /home/airflow/.local/lib/python3.12/site-packages/airflow/example_dags/example_sla_dag.py took 0.120 seconds
[2024-10-26T22:05:53.778+0000] {processor.py:186} INFO - Started process (PID=33762) to work on /home/airflow/.local/lib/python3.12/site-packages/airflow/example_dags/example_sla_dag.py
[2024-10-26T22:05:53.779+0000] {processor.py:914} INFO - Processing file /home/airflow/.local/lib/python3.12/site-packages/airflow/example_dags/example_sla_dag.py for tasks to queue
[2024-10-26T22:05:53.781+0000] {logging_mixin.py:190} INFO - [2024-10-26T22:05:53.780+0000] {dagbag.py:588} INFO - Filling up the DagBag from /home/airflow/.local/lib/python3.12/site-packages/airflow/example_dags/example_sla_dag.py
[2024-10-26T22:05:53.924+0000] {processor.py:925} INFO - DAG(s) 'example_sla_dag' retrieved from /home/airflow/.local/lib/python3.12/site-packages/airflow/example_dags/example_sla_dag.py
[2024-10-26T22:05:53.940+0000] {logging_mixin.py:190} INFO - [2024-10-26T22:05:53.939+0000] {dag.py:3239} INFO - Sync 1 DAGs
[2024-10-26T22:05:53.958+0000] {logging_mixin.py:190} INFO - [2024-10-26T22:05:53.958+0000] {dag.py:4180} INFO - Setting next_dagrun for example_sla_dag to 2024-10-26 22:02:00+00:00, run_after=2024-10-26 22:04:00+00:00
[2024-10-26T22:05:53.976+0000] {processor.py:208} INFO - Processing /home/airflow/.local/lib/python3.12/site-packages/airflow/example_dags/example_sla_dag.py took 0.203 seconds
[2024-10-26T22:06:25.437+0000] {processor.py:186} INFO - Started process (PID=33826) to work on /home/airflow/.local/lib/python3.12/site-packages/airflow/example_dags/example_sla_dag.py
[2024-10-26T22:06:25.438+0000] {processor.py:914} INFO - Processing file /home/airflow/.local/lib/python3.12/site-packages/airflow/example_dags/example_sla_dag.py for tasks to queue
[2024-10-26T22:06:25.440+0000] {logging_mixin.py:190} INFO - [2024-10-26T22:06:25.440+0000] {dagbag.py:588} INFO - Filling up the DagBag from /home/airflow/.local/lib/python3.12/site-packages/airflow/example_dags/example_sla_dag.py
[2024-10-26T22:06:25.449+0000] {processor.py:925} INFO - DAG(s) 'example_sla_dag' retrieved from /home/airflow/.local/lib/python3.12/site-packages/airflow/example_dags/example_sla_dag.py
[2024-10-26T22:06:25.468+0000] {logging_mixin.py:190} INFO - [2024-10-26T22:06:25.468+0000] {dag.py:3239} INFO - Sync 1 DAGs
[2024-10-26T22:06:25.491+0000] {logging_mixin.py:190} INFO - [2024-10-26T22:06:25.491+0000] {dag.py:4180} INFO - Setting next_dagrun for example_sla_dag to 2024-10-26 22:04:00+00:00, run_after=2024-10-26 22:06:00+00:00
[2024-10-26T22:06:25.512+0000] {processor.py:208} INFO - Processing /home/airflow/.local/lib/python3.12/site-packages/airflow/example_dags/example_sla_dag.py took 0.080 seconds
[2024-10-26T22:06:58.126+0000] {processor.py:186} INFO - Started process (PID=33891) to work on /home/airflow/.local/lib/python3.12/site-packages/airflow/example_dags/example_sla_dag.py
[2024-10-26T22:06:58.127+0000] {processor.py:914} INFO - Processing file /home/airflow/.local/lib/python3.12/site-packages/airflow/example_dags/example_sla_dag.py for tasks to queue
[2024-10-26T22:06:58.129+0000] {logging_mixin.py:190} INFO - [2024-10-26T22:06:58.128+0000] {dagbag.py:588} INFO - Filling up the DagBag from /home/airflow/.local/lib/python3.12/site-packages/airflow/example_dags/example_sla_dag.py
[2024-10-26T22:06:58.138+0000] {processor.py:925} INFO - DAG(s) 'example_sla_dag' retrieved from /home/airflow/.local/lib/python3.12/site-packages/airflow/example_dags/example_sla_dag.py
[2024-10-26T22:06:58.155+0000] {logging_mixin.py:190} INFO - [2024-10-26T22:06:58.155+0000] {dag.py:3239} INFO - Sync 1 DAGs
[2024-10-26T22:06:58.178+0000] {logging_mixin.py:190} INFO - [2024-10-26T22:06:58.178+0000] {dag.py:4180} INFO - Setting next_dagrun for example_sla_dag to 2024-10-26 22:04:00+00:00, run_after=2024-10-26 22:06:00+00:00
[2024-10-26T22:06:58.198+0000] {processor.py:208} INFO - Processing /home/airflow/.local/lib/python3.12/site-packages/airflow/example_dags/example_sla_dag.py took 0.077 seconds
[2024-10-26T22:07:30.786+0000] {processor.py:186} INFO - Started process (PID=33955) to work on /home/airflow/.local/lib/python3.12/site-packages/airflow/example_dags/example_sla_dag.py
[2024-10-26T22:07:30.787+0000] {processor.py:914} INFO - Processing file /home/airflow/.local/lib/python3.12/site-packages/airflow/example_dags/example_sla_dag.py for tasks to queue
[2024-10-26T22:07:30.791+0000] {logging_mixin.py:190} INFO - [2024-10-26T22:07:30.791+0000] {dagbag.py:588} INFO - Filling up the DagBag from /home/airflow/.local/lib/python3.12/site-packages/airflow/example_dags/example_sla_dag.py
[2024-10-26T22:07:30.800+0000] {processor.py:925} INFO - DAG(s) 'example_sla_dag' retrieved from /home/airflow/.local/lib/python3.12/site-packages/airflow/example_dags/example_sla_dag.py
[2024-10-26T22:07:30.821+0000] {logging_mixin.py:190} INFO - [2024-10-26T22:07:30.820+0000] {dag.py:3239} INFO - Sync 1 DAGs
[2024-10-26T22:07:30.843+0000] {logging_mixin.py:190} INFO - [2024-10-26T22:07:30.842+0000] {dag.py:4180} INFO - Setting next_dagrun for example_sla_dag to 2024-10-26 22:04:00+00:00, run_after=2024-10-26 22:06:00+00:00
[2024-10-26T22:07:30.860+0000] {processor.py:208} INFO - Processing /home/airflow/.local/lib/python3.12/site-packages/airflow/example_dags/example_sla_dag.py took 0.081 seconds
[2024-10-26T22:08:03.522+0000] {processor.py:186} INFO - Started process (PID=34019) to work on /home/airflow/.local/lib/python3.12/site-packages/airflow/example_dags/example_sla_dag.py
[2024-10-26T22:08:03.523+0000] {processor.py:914} INFO - Processing file /home/airflow/.local/lib/python3.12/site-packages/airflow/example_dags/example_sla_dag.py for tasks to queue
[2024-10-26T22:08:03.525+0000] {logging_mixin.py:190} INFO - [2024-10-26T22:08:03.525+0000] {dagbag.py:588} INFO - Filling up the DagBag from /home/airflow/.local/lib/python3.12/site-packages/airflow/example_dags/example_sla_dag.py
[2024-10-26T22:08:03.538+0000] {processor.py:925} INFO - DAG(s) 'example_sla_dag' retrieved from /home/airflow/.local/lib/python3.12/site-packages/airflow/example_dags/example_sla_dag.py
[2024-10-26T22:08:03.559+0000] {logging_mixin.py:190} INFO - [2024-10-26T22:08:03.559+0000] {dag.py:3239} INFO - Sync 1 DAGs
[2024-10-26T22:08:03.587+0000] {logging_mixin.py:190} INFO - [2024-10-26T22:08:03.587+0000] {dag.py:4180} INFO - Setting next_dagrun for example_sla_dag to 2024-10-26 22:06:00+00:00, run_after=2024-10-26 22:08:00+00:00
[2024-10-26T22:08:03.612+0000] {processor.py:208} INFO - Processing /home/airflow/.local/lib/python3.12/site-packages/airflow/example_dags/example_sla_dag.py took 0.097 seconds
[2024-10-26T22:08:36.852+0000] {processor.py:186} INFO - Started process (PID=34083) to work on /home/airflow/.local/lib/python3.12/site-packages/airflow/example_dags/example_sla_dag.py
[2024-10-26T22:08:36.853+0000] {processor.py:914} INFO - Processing file /home/airflow/.local/lib/python3.12/site-packages/airflow/example_dags/example_sla_dag.py for tasks to queue
[2024-10-26T22:08:36.856+0000] {logging_mixin.py:190} INFO - [2024-10-26T22:08:36.855+0000] {dagbag.py:588} INFO - Filling up the DagBag from /home/airflow/.local/lib/python3.12/site-packages/airflow/example_dags/example_sla_dag.py
[2024-10-26T22:08:36.864+0000] {processor.py:925} INFO - DAG(s) 'example_sla_dag' retrieved from /home/airflow/.local/lib/python3.12/site-packages/airflow/example_dags/example_sla_dag.py
[2024-10-26T22:08:36.880+0000] {logging_mixin.py:190} INFO - [2024-10-26T22:08:36.880+0000] {dag.py:3239} INFO - Sync 1 DAGs
[2024-10-26T22:08:36.905+0000] {logging_mixin.py:190} INFO - [2024-10-26T22:08:36.905+0000] {dag.py:4180} INFO - Setting next_dagrun for example_sla_dag to 2024-10-26 22:06:00+00:00, run_after=2024-10-26 22:08:00+00:00
[2024-10-26T22:08:36.923+0000] {processor.py:208} INFO - Processing /home/airflow/.local/lib/python3.12/site-packages/airflow/example_dags/example_sla_dag.py took 0.075 seconds
[2024-10-26T22:09:09.586+0000] {processor.py:186} INFO - Started process (PID=34147) to work on /home/airflow/.local/lib/python3.12/site-packages/airflow/example_dags/example_sla_dag.py
[2024-10-26T22:09:09.587+0000] {processor.py:914} INFO - Processing file /home/airflow/.local/lib/python3.12/site-packages/airflow/example_dags/example_sla_dag.py for tasks to queue
[2024-10-26T22:09:09.590+0000] {logging_mixin.py:190} INFO - [2024-10-26T22:09:09.589+0000] {dagbag.py:588} INFO - Filling up the DagBag from /home/airflow/.local/lib/python3.12/site-packages/airflow/example_dags/example_sla_dag.py
[2024-10-26T22:09:09.601+0000] {processor.py:925} INFO - DAG(s) 'example_sla_dag' retrieved from /home/airflow/.local/lib/python3.12/site-packages/airflow/example_dags/example_sla_dag.py
[2024-10-26T22:09:09.621+0000] {logging_mixin.py:190} INFO - [2024-10-26T22:09:09.621+0000] {dag.py:3239} INFO - Sync 1 DAGs
[2024-10-26T22:09:09.646+0000] {logging_mixin.py:190} INFO - [2024-10-26T22:09:09.645+0000] {dag.py:4180} INFO - Setting next_dagrun for example_sla_dag to 2024-10-26 22:06:00+00:00, run_after=2024-10-26 22:08:00+00:00
[2024-10-26T22:09:09.665+0000] {processor.py:208} INFO - Processing /home/airflow/.local/lib/python3.12/site-packages/airflow/example_dags/example_sla_dag.py took 0.085 seconds
[2024-10-26T22:09:42.389+0000] {processor.py:186} INFO - Started process (PID=34211) to work on /home/airflow/.local/lib/python3.12/site-packages/airflow/example_dags/example_sla_dag.py
[2024-10-26T22:09:42.390+0000] {processor.py:914} INFO - Processing file /home/airflow/.local/lib/python3.12/site-packages/airflow/example_dags/example_sla_dag.py for tasks to queue
[2024-10-26T22:09:42.392+0000] {logging_mixin.py:190} INFO - [2024-10-26T22:09:42.392+0000] {dagbag.py:588} INFO - Filling up the DagBag from /home/airflow/.local/lib/python3.12/site-packages/airflow/example_dags/example_sla_dag.py
[2024-10-26T22:09:42.401+0000] {processor.py:925} INFO - DAG(s) 'example_sla_dag' retrieved from /home/airflow/.local/lib/python3.12/site-packages/airflow/example_dags/example_sla_dag.py
[2024-10-26T22:09:42.419+0000] {logging_mixin.py:190} INFO - [2024-10-26T22:09:42.418+0000] {dag.py:3239} INFO - Sync 1 DAGs
[2024-10-26T22:09:42.442+0000] {logging_mixin.py:190} INFO - [2024-10-26T22:09:42.442+0000] {dag.py:4180} INFO - Setting next_dagrun for example_sla_dag to 2024-10-26 22:06:00+00:00, run_after=2024-10-26 22:08:00+00:00
[2024-10-26T22:09:42.462+0000] {processor.py:208} INFO - Processing /home/airflow/.local/lib/python3.12/site-packages/airflow/example_dags/example_sla_dag.py took 0.078 seconds
[2024-10-26T22:10:15.237+0000] {processor.py:186} INFO - Started process (PID=34275) to work on /home/airflow/.local/lib/python3.12/site-packages/airflow/example_dags/example_sla_dag.py
[2024-10-26T22:10:15.238+0000] {processor.py:914} INFO - Processing file /home/airflow/.local/lib/python3.12/site-packages/airflow/example_dags/example_sla_dag.py for tasks to queue
[2024-10-26T22:10:15.240+0000] {logging_mixin.py:190} INFO - [2024-10-26T22:10:15.240+0000] {dagbag.py:588} INFO - Filling up the DagBag from /home/airflow/.local/lib/python3.12/site-packages/airflow/example_dags/example_sla_dag.py
[2024-10-26T22:10:15.252+0000] {processor.py:925} INFO - DAG(s) 'example_sla_dag' retrieved from /home/airflow/.local/lib/python3.12/site-packages/airflow/example_dags/example_sla_dag.py
[2024-10-26T22:10:15.270+0000] {logging_mixin.py:190} INFO - [2024-10-26T22:10:15.270+0000] {dag.py:3239} INFO - Sync 1 DAGs
[2024-10-26T22:10:15.290+0000] {logging_mixin.py:190} INFO - [2024-10-26T22:10:15.290+0000] {dag.py:4180} INFO - Setting next_dagrun for example_sla_dag to 2024-10-26 22:08:00+00:00, run_after=2024-10-26 22:10:00+00:00
[2024-10-26T22:10:15.312+0000] {processor.py:208} INFO - Processing /home/airflow/.local/lib/python3.12/site-packages/airflow/example_dags/example_sla_dag.py took 0.080 seconds
[2024-10-26T22:10:47.930+0000] {processor.py:186} INFO - Started process (PID=34339) to work on /home/airflow/.local/lib/python3.12/site-packages/airflow/example_dags/example_sla_dag.py
[2024-10-26T22:10:47.931+0000] {processor.py:914} INFO - Processing file /home/airflow/.local/lib/python3.12/site-packages/airflow/example_dags/example_sla_dag.py for tasks to queue
[2024-10-26T22:10:47.933+0000] {logging_mixin.py:190} INFO - [2024-10-26T22:10:47.933+0000] {dagbag.py:588} INFO - Filling up the DagBag from /home/airflow/.local/lib/python3.12/site-packages/airflow/example_dags/example_sla_dag.py
[2024-10-26T22:10:47.941+0000] {processor.py:925} INFO - DAG(s) 'example_sla_dag' retrieved from /home/airflow/.local/lib/python3.12/site-packages/airflow/example_dags/example_sla_dag.py
[2024-10-26T22:10:47.956+0000] {logging_mixin.py:190} INFO - [2024-10-26T22:10:47.956+0000] {dag.py:3239} INFO - Sync 1 DAGs
[2024-10-26T22:10:47.980+0000] {logging_mixin.py:190} INFO - [2024-10-26T22:10:47.980+0000] {dag.py:4180} INFO - Setting next_dagrun for example_sla_dag to 2024-10-26 22:08:00+00:00, run_after=2024-10-26 22:10:00+00:00
[2024-10-26T22:10:47.998+0000] {processor.py:208} INFO - Processing /home/airflow/.local/lib/python3.12/site-packages/airflow/example_dags/example_sla_dag.py took 0.074 seconds
[2024-10-26T22:11:20.595+0000] {processor.py:186} INFO - Started process (PID=34403) to work on /home/airflow/.local/lib/python3.12/site-packages/airflow/example_dags/example_sla_dag.py
[2024-10-26T22:11:20.596+0000] {processor.py:914} INFO - Processing file /home/airflow/.local/lib/python3.12/site-packages/airflow/example_dags/example_sla_dag.py for tasks to queue
[2024-10-26T22:11:20.598+0000] {logging_mixin.py:190} INFO - [2024-10-26T22:11:20.598+0000] {dagbag.py:588} INFO - Filling up the DagBag from /home/airflow/.local/lib/python3.12/site-packages/airflow/example_dags/example_sla_dag.py
[2024-10-26T22:11:20.608+0000] {processor.py:925} INFO - DAG(s) 'example_sla_dag' retrieved from /home/airflow/.local/lib/python3.12/site-packages/airflow/example_dags/example_sla_dag.py
[2024-10-26T22:11:20.627+0000] {logging_mixin.py:190} INFO - [2024-10-26T22:11:20.627+0000] {dag.py:3239} INFO - Sync 1 DAGs
[2024-10-26T22:11:20.652+0000] {logging_mixin.py:190} INFO - [2024-10-26T22:11:20.652+0000] {dag.py:4180} INFO - Setting next_dagrun for example_sla_dag to 2024-10-26 22:08:00+00:00, run_after=2024-10-26 22:10:00+00:00
[2024-10-26T22:11:20.680+0000] {processor.py:208} INFO - Processing /home/airflow/.local/lib/python3.12/site-packages/airflow/example_dags/example_sla_dag.py took 0.090 seconds
[2024-10-26T22:11:53.535+0000] {processor.py:186} INFO - Started process (PID=34466) to work on /home/airflow/.local/lib/python3.12/site-packages/airflow/example_dags/example_sla_dag.py
[2024-10-26T22:11:53.536+0000] {processor.py:914} INFO - Processing file /home/airflow/.local/lib/python3.12/site-packages/airflow/example_dags/example_sla_dag.py for tasks to queue
[2024-10-26T22:11:53.538+0000] {logging_mixin.py:190} INFO - [2024-10-26T22:11:53.538+0000] {dagbag.py:588} INFO - Filling up the DagBag from /home/airflow/.local/lib/python3.12/site-packages/airflow/example_dags/example_sla_dag.py
[2024-10-26T22:11:53.551+0000] {processor.py:925} INFO - DAG(s) 'example_sla_dag' retrieved from /home/airflow/.local/lib/python3.12/site-packages/airflow/example_dags/example_sla_dag.py
[2024-10-26T22:11:53.571+0000] {logging_mixin.py:190} INFO - [2024-10-26T22:11:53.571+0000] {dag.py:3239} INFO - Sync 1 DAGs
[2024-10-26T22:11:53.599+0000] {logging_mixin.py:190} INFO - [2024-10-26T22:11:53.599+0000] {dag.py:4180} INFO - Setting next_dagrun for example_sla_dag to 2024-10-26 22:08:00+00:00, run_after=2024-10-26 22:10:00+00:00
[2024-10-26T22:11:53.618+0000] {processor.py:208} INFO - Processing /home/airflow/.local/lib/python3.12/site-packages/airflow/example_dags/example_sla_dag.py took 0.090 seconds
[2024-10-26T22:12:25.780+0000] {processor.py:186} INFO - Started process (PID=34530) to work on /home/airflow/.local/lib/python3.12/site-packages/airflow/example_dags/example_sla_dag.py
[2024-10-26T22:12:25.781+0000] {processor.py:914} INFO - Processing file /home/airflow/.local/lib/python3.12/site-packages/airflow/example_dags/example_sla_dag.py for tasks to queue
[2024-10-26T22:12:25.784+0000] {logging_mixin.py:190} INFO - [2024-10-26T22:12:25.783+0000] {dagbag.py:588} INFO - Filling up the DagBag from /home/airflow/.local/lib/python3.12/site-packages/airflow/example_dags/example_sla_dag.py
[2024-10-26T22:12:25.794+0000] {processor.py:925} INFO - DAG(s) 'example_sla_dag' retrieved from /home/airflow/.local/lib/python3.12/site-packages/airflow/example_dags/example_sla_dag.py
[2024-10-26T22:12:25.817+0000] {logging_mixin.py:190} INFO - [2024-10-26T22:12:25.817+0000] {dag.py:3239} INFO - Sync 1 DAGs
[2024-10-26T22:12:25.848+0000] {logging_mixin.py:190} INFO - [2024-10-26T22:12:25.847+0000] {dag.py:4180} INFO - Setting next_dagrun for example_sla_dag to 2024-10-26 22:10:00+00:00, run_after=2024-10-26 22:12:00+00:00
[2024-10-26T22:12:25.878+0000] {processor.py:208} INFO - Processing /home/airflow/.local/lib/python3.12/site-packages/airflow/example_dags/example_sla_dag.py took 0.103 seconds
[2024-10-26T22:12:57.854+0000] {processor.py:186} INFO - Started process (PID=34594) to work on /home/airflow/.local/lib/python3.12/site-packages/airflow/example_dags/example_sla_dag.py
[2024-10-26T22:12:57.855+0000] {processor.py:914} INFO - Processing file /home/airflow/.local/lib/python3.12/site-packages/airflow/example_dags/example_sla_dag.py for tasks to queue
[2024-10-26T22:12:57.858+0000] {logging_mixin.py:190} INFO - [2024-10-26T22:12:57.857+0000] {dagbag.py:588} INFO - Filling up the DagBag from /home/airflow/.local/lib/python3.12/site-packages/airflow/example_dags/example_sla_dag.py
[2024-10-26T22:12:57.869+0000] {processor.py:925} INFO - DAG(s) 'example_sla_dag' retrieved from /home/airflow/.local/lib/python3.12/site-packages/airflow/example_dags/example_sla_dag.py
[2024-10-26T22:12:57.891+0000] {logging_mixin.py:190} INFO - [2024-10-26T22:12:57.890+0000] {dag.py:3239} INFO - Sync 1 DAGs
[2024-10-26T22:12:57.918+0000] {logging_mixin.py:190} INFO - [2024-10-26T22:12:57.918+0000] {dag.py:4180} INFO - Setting next_dagrun for example_sla_dag to 2024-10-26 22:10:00+00:00, run_after=2024-10-26 22:12:00+00:00
[2024-10-26T22:12:57.938+0000] {processor.py:208} INFO - Processing /home/airflow/.local/lib/python3.12/site-packages/airflow/example_dags/example_sla_dag.py took 0.089 seconds
[2024-10-26T22:13:31.141+0000] {processor.py:186} INFO - Started process (PID=34658) to work on /home/airflow/.local/lib/python3.12/site-packages/airflow/example_dags/example_sla_dag.py
[2024-10-26T22:13:31.143+0000] {processor.py:914} INFO - Processing file /home/airflow/.local/lib/python3.12/site-packages/airflow/example_dags/example_sla_dag.py for tasks to queue
[2024-10-26T22:13:31.148+0000] {logging_mixin.py:190} INFO - [2024-10-26T22:13:31.148+0000] {dagbag.py:588} INFO - Filling up the DagBag from /home/airflow/.local/lib/python3.12/site-packages/airflow/example_dags/example_sla_dag.py
[2024-10-26T22:13:31.163+0000] {processor.py:925} INFO - DAG(s) 'example_sla_dag' retrieved from /home/airflow/.local/lib/python3.12/site-packages/airflow/example_dags/example_sla_dag.py
[2024-10-26T22:13:31.193+0000] {logging_mixin.py:190} INFO - [2024-10-26T22:13:31.192+0000] {dag.py:3239} INFO - Sync 1 DAGs
[2024-10-26T22:13:31.221+0000] {logging_mixin.py:190} INFO - [2024-10-26T22:13:31.221+0000] {dag.py:4180} INFO - Setting next_dagrun for example_sla_dag to 2024-10-26 22:10:00+00:00, run_after=2024-10-26 22:12:00+00:00
[2024-10-26T22:13:31.243+0000] {processor.py:208} INFO - Processing /home/airflow/.local/lib/python3.12/site-packages/airflow/example_dags/example_sla_dag.py took 0.112 seconds
[2024-10-26T22:14:03.978+0000] {processor.py:186} INFO - Started process (PID=34723) to work on /home/airflow/.local/lib/python3.12/site-packages/airflow/example_dags/example_sla_dag.py
[2024-10-26T22:14:03.979+0000] {processor.py:914} INFO - Processing file /home/airflow/.local/lib/python3.12/site-packages/airflow/example_dags/example_sla_dag.py for tasks to queue
[2024-10-26T22:14:03.982+0000] {logging_mixin.py:190} INFO - [2024-10-26T22:14:03.981+0000] {dagbag.py:588} INFO - Filling up the DagBag from /home/airflow/.local/lib/python3.12/site-packages/airflow/example_dags/example_sla_dag.py
[2024-10-26T22:14:03.991+0000] {processor.py:925} INFO - DAG(s) 'example_sla_dag' retrieved from /home/airflow/.local/lib/python3.12/site-packages/airflow/example_dags/example_sla_dag.py
[2024-10-26T22:14:04.014+0000] {logging_mixin.py:190} INFO - [2024-10-26T22:14:04.013+0000] {dag.py:3239} INFO - Sync 1 DAGs
[2024-10-26T22:14:04.045+0000] {logging_mixin.py:190} INFO - [2024-10-26T22:14:04.044+0000] {dag.py:4180} INFO - Setting next_dagrun for example_sla_dag to 2024-10-26 22:12:00+00:00, run_after=2024-10-26 22:14:00+00:00
[2024-10-26T22:14:04.085+0000] {processor.py:208} INFO - Processing /home/airflow/.local/lib/python3.12/site-packages/airflow/example_dags/example_sla_dag.py took 0.113 seconds
[2024-10-26T22:14:36.842+0000] {processor.py:186} INFO - Started process (PID=34788) to work on /home/airflow/.local/lib/python3.12/site-packages/airflow/example_dags/example_sla_dag.py
[2024-10-26T22:14:36.843+0000] {processor.py:914} INFO - Processing file /home/airflow/.local/lib/python3.12/site-packages/airflow/example_dags/example_sla_dag.py for tasks to queue
[2024-10-26T22:14:36.845+0000] {logging_mixin.py:190} INFO - [2024-10-26T22:14:36.845+0000] {dagbag.py:588} INFO - Filling up the DagBag from /home/airflow/.local/lib/python3.12/site-packages/airflow/example_dags/example_sla_dag.py
[2024-10-26T22:14:36.855+0000] {processor.py:925} INFO - DAG(s) 'example_sla_dag' retrieved from /home/airflow/.local/lib/python3.12/site-packages/airflow/example_dags/example_sla_dag.py
[2024-10-26T22:14:36.873+0000] {logging_mixin.py:190} INFO - [2024-10-26T22:14:36.872+0000] {dag.py:3239} INFO - Sync 1 DAGs
[2024-10-26T22:14:36.895+0000] {logging_mixin.py:190} INFO - [2024-10-26T22:14:36.895+0000] {dag.py:4180} INFO - Setting next_dagrun for example_sla_dag to 2024-10-26 22:12:00+00:00, run_after=2024-10-26 22:14:00+00:00
[2024-10-26T22:14:36.917+0000] {processor.py:208} INFO - Processing /home/airflow/.local/lib/python3.12/site-packages/airflow/example_dags/example_sla_dag.py took 0.080 seconds
[2024-10-26T22:15:09.474+0000] {processor.py:186} INFO - Started process (PID=34852) to work on /home/airflow/.local/lib/python3.12/site-packages/airflow/example_dags/example_sla_dag.py
[2024-10-26T22:15:09.475+0000] {processor.py:914} INFO - Processing file /home/airflow/.local/lib/python3.12/site-packages/airflow/example_dags/example_sla_dag.py for tasks to queue
[2024-10-26T22:15:09.477+0000] {logging_mixin.py:190} INFO - [2024-10-26T22:15:09.477+0000] {dagbag.py:588} INFO - Filling up the DagBag from /home/airflow/.local/lib/python3.12/site-packages/airflow/example_dags/example_sla_dag.py
[2024-10-26T22:15:09.486+0000] {processor.py:925} INFO - DAG(s) 'example_sla_dag' retrieved from /home/airflow/.local/lib/python3.12/site-packages/airflow/example_dags/example_sla_dag.py
[2024-10-26T22:15:09.504+0000] {logging_mixin.py:190} INFO - [2024-10-26T22:15:09.504+0000] {dag.py:3239} INFO - Sync 1 DAGs
[2024-10-26T22:15:09.525+0000] {logging_mixin.py:190} INFO - [2024-10-26T22:15:09.524+0000] {dag.py:4180} INFO - Setting next_dagrun for example_sla_dag to 2024-10-26 22:12:00+00:00, run_after=2024-10-26 22:14:00+00:00
[2024-10-26T22:15:09.545+0000] {processor.py:208} INFO - Processing /home/airflow/.local/lib/python3.12/site-packages/airflow/example_dags/example_sla_dag.py took 0.076 seconds
[2024-10-26T22:15:42.281+0000] {processor.py:186} INFO - Started process (PID=34916) to work on /home/airflow/.local/lib/python3.12/site-packages/airflow/example_dags/example_sla_dag.py
[2024-10-26T22:15:42.282+0000] {processor.py:914} INFO - Processing file /home/airflow/.local/lib/python3.12/site-packages/airflow/example_dags/example_sla_dag.py for tasks to queue
[2024-10-26T22:15:42.284+0000] {logging_mixin.py:190} INFO - [2024-10-26T22:15:42.284+0000] {dagbag.py:588} INFO - Filling up the DagBag from /home/airflow/.local/lib/python3.12/site-packages/airflow/example_dags/example_sla_dag.py
[2024-10-26T22:15:42.296+0000] {processor.py:925} INFO - DAG(s) 'example_sla_dag' retrieved from /home/airflow/.local/lib/python3.12/site-packages/airflow/example_dags/example_sla_dag.py
[2024-10-26T22:15:42.316+0000] {logging_mixin.py:190} INFO - [2024-10-26T22:15:42.316+0000] {dag.py:3239} INFO - Sync 1 DAGs
[2024-10-26T22:15:42.338+0000] {logging_mixin.py:190} INFO - [2024-10-26T22:15:42.338+0000] {dag.py:4180} INFO - Setting next_dagrun for example_sla_dag to 2024-10-26 22:12:00+00:00, run_after=2024-10-26 22:14:00+00:00
[2024-10-26T22:15:42.358+0000] {processor.py:208} INFO - Processing /home/airflow/.local/lib/python3.12/site-packages/airflow/example_dags/example_sla_dag.py took 0.082 seconds
[2024-10-26T22:16:14.994+0000] {processor.py:186} INFO - Started process (PID=34980) to work on /home/airflow/.local/lib/python3.12/site-packages/airflow/example_dags/example_sla_dag.py
[2024-10-26T22:16:14.995+0000] {processor.py:914} INFO - Processing file /home/airflow/.local/lib/python3.12/site-packages/airflow/example_dags/example_sla_dag.py for tasks to queue
[2024-10-26T22:16:14.998+0000] {logging_mixin.py:190} INFO - [2024-10-26T22:16:14.998+0000] {dagbag.py:588} INFO - Filling up the DagBag from /home/airflow/.local/lib/python3.12/site-packages/airflow/example_dags/example_sla_dag.py
[2024-10-26T22:16:15.012+0000] {processor.py:925} INFO - DAG(s) 'example_sla_dag' retrieved from /home/airflow/.local/lib/python3.12/site-packages/airflow/example_dags/example_sla_dag.py
[2024-10-26T22:16:15.035+0000] {logging_mixin.py:190} INFO - [2024-10-26T22:16:15.035+0000] {dag.py:3239} INFO - Sync 1 DAGs
[2024-10-26T22:16:15.063+0000] {logging_mixin.py:190} INFO - [2024-10-26T22:16:15.063+0000] {dag.py:4180} INFO - Setting next_dagrun for example_sla_dag to 2024-10-26 22:14:00+00:00, run_after=2024-10-26 22:16:00+00:00
[2024-10-26T22:16:15.083+0000] {processor.py:208} INFO - Processing /home/airflow/.local/lib/python3.12/site-packages/airflow/example_dags/example_sla_dag.py took 0.094 seconds
[2024-10-26T22:16:47.846+0000] {processor.py:186} INFO - Started process (PID=35044) to work on /home/airflow/.local/lib/python3.12/site-packages/airflow/example_dags/example_sla_dag.py
[2024-10-26T22:16:47.846+0000] {processor.py:914} INFO - Processing file /home/airflow/.local/lib/python3.12/site-packages/airflow/example_dags/example_sla_dag.py for tasks to queue
[2024-10-26T22:16:47.849+0000] {logging_mixin.py:190} INFO - [2024-10-26T22:16:47.848+0000] {dagbag.py:588} INFO - Filling up the DagBag from /home/airflow/.local/lib/python3.12/site-packages/airflow/example_dags/example_sla_dag.py
[2024-10-26T22:16:47.858+0000] {processor.py:925} INFO - DAG(s) 'example_sla_dag' retrieved from /home/airflow/.local/lib/python3.12/site-packages/airflow/example_dags/example_sla_dag.py
[2024-10-26T22:16:47.875+0000] {logging_mixin.py:190} INFO - [2024-10-26T22:16:47.874+0000] {dag.py:3239} INFO - Sync 1 DAGs
[2024-10-26T22:16:47.898+0000] {logging_mixin.py:190} INFO - [2024-10-26T22:16:47.897+0000] {dag.py:4180} INFO - Setting next_dagrun for example_sla_dag to 2024-10-26 22:14:00+00:00, run_after=2024-10-26 22:16:00+00:00
[2024-10-26T22:16:47.919+0000] {processor.py:208} INFO - Processing /home/airflow/.local/lib/python3.12/site-packages/airflow/example_dags/example_sla_dag.py took 0.079 seconds
[2024-10-26T22:17:20.640+0000] {processor.py:186} INFO - Started process (PID=35108) to work on /home/airflow/.local/lib/python3.12/site-packages/airflow/example_dags/example_sla_dag.py
[2024-10-26T22:17:20.641+0000] {processor.py:914} INFO - Processing file /home/airflow/.local/lib/python3.12/site-packages/airflow/example_dags/example_sla_dag.py for tasks to queue
[2024-10-26T22:17:20.643+0000] {logging_mixin.py:190} INFO - [2024-10-26T22:17:20.643+0000] {dagbag.py:588} INFO - Filling up the DagBag from /home/airflow/.local/lib/python3.12/site-packages/airflow/example_dags/example_sla_dag.py
[2024-10-26T22:17:20.654+0000] {processor.py:925} INFO - DAG(s) 'example_sla_dag' retrieved from /home/airflow/.local/lib/python3.12/site-packages/airflow/example_dags/example_sla_dag.py
[2024-10-26T22:17:20.672+0000] {logging_mixin.py:190} INFO - [2024-10-26T22:17:20.672+0000] {dag.py:3239} INFO - Sync 1 DAGs
[2024-10-26T22:17:20.694+0000] {logging_mixin.py:190} INFO - [2024-10-26T22:17:20.694+0000] {dag.py:4180} INFO - Setting next_dagrun for example_sla_dag to 2024-10-26 22:14:00+00:00, run_after=2024-10-26 22:16:00+00:00
[2024-10-26T22:17:20.715+0000] {processor.py:208} INFO - Processing /home/airflow/.local/lib/python3.12/site-packages/airflow/example_dags/example_sla_dag.py took 0.080 seconds
[2024-10-26T22:17:52.641+0000] {processor.py:186} INFO - Started process (PID=35172) to work on /home/airflow/.local/lib/python3.12/site-packages/airflow/example_dags/example_sla_dag.py
[2024-10-26T22:17:52.642+0000] {processor.py:914} INFO - Processing file /home/airflow/.local/lib/python3.12/site-packages/airflow/example_dags/example_sla_dag.py for tasks to queue
[2024-10-26T22:17:52.644+0000] {logging_mixin.py:190} INFO - [2024-10-26T22:17:52.644+0000] {dagbag.py:588} INFO - Filling up the DagBag from /home/airflow/.local/lib/python3.12/site-packages/airflow/example_dags/example_sla_dag.py
[2024-10-26T22:17:52.653+0000] {processor.py:925} INFO - DAG(s) 'example_sla_dag' retrieved from /home/airflow/.local/lib/python3.12/site-packages/airflow/example_dags/example_sla_dag.py
[2024-10-26T22:17:52.671+0000] {logging_mixin.py:190} INFO - [2024-10-26T22:17:52.671+0000] {dag.py:3239} INFO - Sync 1 DAGs
[2024-10-26T22:17:52.697+0000] {logging_mixin.py:190} INFO - [2024-10-26T22:17:52.697+0000] {dag.py:4180} INFO - Setting next_dagrun for example_sla_dag to 2024-10-26 22:14:00+00:00, run_after=2024-10-26 22:16:00+00:00
[2024-10-26T22:17:52.718+0000] {processor.py:208} INFO - Processing /home/airflow/.local/lib/python3.12/site-packages/airflow/example_dags/example_sla_dag.py took 0.083 seconds
[2024-10-26T22:18:25.427+0000] {processor.py:186} INFO - Started process (PID=35236) to work on /home/airflow/.local/lib/python3.12/site-packages/airflow/example_dags/example_sla_dag.py
[2024-10-26T22:18:25.428+0000] {processor.py:914} INFO - Processing file /home/airflow/.local/lib/python3.12/site-packages/airflow/example_dags/example_sla_dag.py for tasks to queue
[2024-10-26T22:18:25.431+0000] {logging_mixin.py:190} INFO - [2024-10-26T22:18:25.430+0000] {dagbag.py:588} INFO - Filling up the DagBag from /home/airflow/.local/lib/python3.12/site-packages/airflow/example_dags/example_sla_dag.py
[2024-10-26T22:18:25.440+0000] {processor.py:925} INFO - DAG(s) 'example_sla_dag' retrieved from /home/airflow/.local/lib/python3.12/site-packages/airflow/example_dags/example_sla_dag.py
[2024-10-26T22:18:25.458+0000] {logging_mixin.py:190} INFO - [2024-10-26T22:18:25.457+0000] {dag.py:3239} INFO - Sync 1 DAGs
[2024-10-26T22:18:25.479+0000] {logging_mixin.py:190} INFO - [2024-10-26T22:18:25.479+0000] {dag.py:4180} INFO - Setting next_dagrun for example_sla_dag to 2024-10-26 22:16:00+00:00, run_after=2024-10-26 22:18:00+00:00
[2024-10-26T22:18:25.499+0000] {processor.py:208} INFO - Processing /home/airflow/.local/lib/python3.12/site-packages/airflow/example_dags/example_sla_dag.py took 0.077 seconds
[2024-10-26T22:18:58.283+0000] {processor.py:186} INFO - Started process (PID=35300) to work on /home/airflow/.local/lib/python3.12/site-packages/airflow/example_dags/example_sla_dag.py
[2024-10-26T22:18:58.284+0000] {processor.py:914} INFO - Processing file /home/airflow/.local/lib/python3.12/site-packages/airflow/example_dags/example_sla_dag.py for tasks to queue
[2024-10-26T22:18:58.286+0000] {logging_mixin.py:190} INFO - [2024-10-26T22:18:58.286+0000] {dagbag.py:588} INFO - Filling up the DagBag from /home/airflow/.local/lib/python3.12/site-packages/airflow/example_dags/example_sla_dag.py
[2024-10-26T22:18:58.294+0000] {processor.py:925} INFO - DAG(s) 'example_sla_dag' retrieved from /home/airflow/.local/lib/python3.12/site-packages/airflow/example_dags/example_sla_dag.py
[2024-10-26T22:18:58.311+0000] {logging_mixin.py:190} INFO - [2024-10-26T22:18:58.311+0000] {dag.py:3239} INFO - Sync 1 DAGs
[2024-10-26T22:18:58.332+0000] {logging_mixin.py:190} INFO - [2024-10-26T22:18:58.332+0000] {dag.py:4180} INFO - Setting next_dagrun for example_sla_dag to 2024-10-26 22:16:00+00:00, run_after=2024-10-26 22:18:00+00:00
[2024-10-26T22:18:58.352+0000] {processor.py:208} INFO - Processing /home/airflow/.local/lib/python3.12/site-packages/airflow/example_dags/example_sla_dag.py took 0.074 seconds
[2024-10-26T22:19:31.276+0000] {processor.py:186} INFO - Started process (PID=35364) to work on /home/airflow/.local/lib/python3.12/site-packages/airflow/example_dags/example_sla_dag.py
[2024-10-26T22:19:31.277+0000] {processor.py:914} INFO - Processing file /home/airflow/.local/lib/python3.12/site-packages/airflow/example_dags/example_sla_dag.py for tasks to queue
[2024-10-26T22:19:31.280+0000] {logging_mixin.py:190} INFO - [2024-10-26T22:19:31.280+0000] {dagbag.py:588} INFO - Filling up the DagBag from /home/airflow/.local/lib/python3.12/site-packages/airflow/example_dags/example_sla_dag.py
[2024-10-26T22:19:31.294+0000] {processor.py:925} INFO - DAG(s) 'example_sla_dag' retrieved from /home/airflow/.local/lib/python3.12/site-packages/airflow/example_dags/example_sla_dag.py
[2024-10-26T22:19:31.317+0000] {logging_mixin.py:190} INFO - [2024-10-26T22:19:31.317+0000] {dag.py:3239} INFO - Sync 1 DAGs
[2024-10-26T22:19:31.357+0000] {logging_mixin.py:190} INFO - [2024-10-26T22:19:31.356+0000] {dag.py:4180} INFO - Setting next_dagrun for example_sla_dag to 2024-10-26 22:16:00+00:00, run_after=2024-10-26 22:18:00+00:00
[2024-10-26T22:19:31.382+0000] {processor.py:208} INFO - Processing /home/airflow/.local/lib/python3.12/site-packages/airflow/example_dags/example_sla_dag.py took 0.117 seconds
[2024-10-26T22:20:04.282+0000] {processor.py:186} INFO - Started process (PID=35428) to work on /home/airflow/.local/lib/python3.12/site-packages/airflow/example_dags/example_sla_dag.py
[2024-10-26T22:20:04.283+0000] {processor.py:914} INFO - Processing file /home/airflow/.local/lib/python3.12/site-packages/airflow/example_dags/example_sla_dag.py for tasks to queue
[2024-10-26T22:20:04.286+0000] {logging_mixin.py:190} INFO - [2024-10-26T22:20:04.285+0000] {dagbag.py:588} INFO - Filling up the DagBag from /home/airflow/.local/lib/python3.12/site-packages/airflow/example_dags/example_sla_dag.py
[2024-10-26T22:20:04.296+0000] {processor.py:925} INFO - DAG(s) 'example_sla_dag' retrieved from /home/airflow/.local/lib/python3.12/site-packages/airflow/example_dags/example_sla_dag.py
[2024-10-26T22:20:04.330+0000] {logging_mixin.py:190} INFO - [2024-10-26T22:20:04.330+0000] {dag.py:3239} INFO - Sync 1 DAGs
[2024-10-26T22:20:04.370+0000] {logging_mixin.py:190} INFO - [2024-10-26T22:20:04.369+0000] {dag.py:4180} INFO - Setting next_dagrun for example_sla_dag to 2024-10-26 22:18:00+00:00, run_after=2024-10-26 22:20:00+00:00
[2024-10-26T22:20:04.395+0000] {processor.py:208} INFO - Processing /home/airflow/.local/lib/python3.12/site-packages/airflow/example_dags/example_sla_dag.py took 0.122 seconds
[2024-10-26T22:20:36.274+0000] {processor.py:186} INFO - Started process (PID=35492) to work on /home/airflow/.local/lib/python3.12/site-packages/airflow/example_dags/example_sla_dag.py
[2024-10-26T22:20:36.275+0000] {processor.py:914} INFO - Processing file /home/airflow/.local/lib/python3.12/site-packages/airflow/example_dags/example_sla_dag.py for tasks to queue
[2024-10-26T22:20:36.277+0000] {logging_mixin.py:190} INFO - [2024-10-26T22:20:36.277+0000] {dagbag.py:588} INFO - Filling up the DagBag from /home/airflow/.local/lib/python3.12/site-packages/airflow/example_dags/example_sla_dag.py
[2024-10-26T22:20:36.285+0000] {processor.py:925} INFO - DAG(s) 'example_sla_dag' retrieved from /home/airflow/.local/lib/python3.12/site-packages/airflow/example_dags/example_sla_dag.py
[2024-10-26T22:20:36.304+0000] {logging_mixin.py:190} INFO - [2024-10-26T22:20:36.304+0000] {dag.py:3239} INFO - Sync 1 DAGs
[2024-10-26T22:20:36.325+0000] {logging_mixin.py:190} INFO - [2024-10-26T22:20:36.325+0000] {dag.py:4180} INFO - Setting next_dagrun for example_sla_dag to 2024-10-26 22:18:00+00:00, run_after=2024-10-26 22:20:00+00:00
[2024-10-26T22:20:36.344+0000] {processor.py:208} INFO - Processing /home/airflow/.local/lib/python3.12/site-packages/airflow/example_dags/example_sla_dag.py took 0.075 seconds
[2024-10-26T22:21:09.080+0000] {processor.py:186} INFO - Started process (PID=35556) to work on /home/airflow/.local/lib/python3.12/site-packages/airflow/example_dags/example_sla_dag.py
[2024-10-26T22:21:09.081+0000] {processor.py:914} INFO - Processing file /home/airflow/.local/lib/python3.12/site-packages/airflow/example_dags/example_sla_dag.py for tasks to queue
[2024-10-26T22:21:09.083+0000] {logging_mixin.py:190} INFO - [2024-10-26T22:21:09.083+0000] {dagbag.py:588} INFO - Filling up the DagBag from /home/airflow/.local/lib/python3.12/site-packages/airflow/example_dags/example_sla_dag.py
[2024-10-26T22:21:09.091+0000] {processor.py:925} INFO - DAG(s) 'example_sla_dag' retrieved from /home/airflow/.local/lib/python3.12/site-packages/airflow/example_dags/example_sla_dag.py
[2024-10-26T22:21:09.109+0000] {logging_mixin.py:190} INFO - [2024-10-26T22:21:09.108+0000] {dag.py:3239} INFO - Sync 1 DAGs
[2024-10-26T22:21:09.130+0000] {logging_mixin.py:190} INFO - [2024-10-26T22:21:09.130+0000] {dag.py:4180} INFO - Setting next_dagrun for example_sla_dag to 2024-10-26 22:18:00+00:00, run_after=2024-10-26 22:20:00+00:00
[2024-10-26T22:21:09.150+0000] {processor.py:208} INFO - Processing /home/airflow/.local/lib/python3.12/site-packages/airflow/example_dags/example_sla_dag.py took 0.076 seconds
[2024-10-26T22:21:41.754+0000] {processor.py:186} INFO - Started process (PID=35620) to work on /home/airflow/.local/lib/python3.12/site-packages/airflow/example_dags/example_sla_dag.py
[2024-10-26T22:21:41.755+0000] {processor.py:914} INFO - Processing file /home/airflow/.local/lib/python3.12/site-packages/airflow/example_dags/example_sla_dag.py for tasks to queue
[2024-10-26T22:21:41.758+0000] {logging_mixin.py:190} INFO - [2024-10-26T22:21:41.757+0000] {dagbag.py:588} INFO - Filling up the DagBag from /home/airflow/.local/lib/python3.12/site-packages/airflow/example_dags/example_sla_dag.py
[2024-10-26T22:21:41.767+0000] {processor.py:925} INFO - DAG(s) 'example_sla_dag' retrieved from /home/airflow/.local/lib/python3.12/site-packages/airflow/example_dags/example_sla_dag.py
[2024-10-26T22:21:41.785+0000] {logging_mixin.py:190} INFO - [2024-10-26T22:21:41.785+0000] {dag.py:3239} INFO - Sync 1 DAGs
[2024-10-26T22:21:41.810+0000] {logging_mixin.py:190} INFO - [2024-10-26T22:21:41.810+0000] {dag.py:4180} INFO - Setting next_dagrun for example_sla_dag to 2024-10-26 22:18:00+00:00, run_after=2024-10-26 22:20:00+00:00
[2024-10-26T22:21:41.830+0000] {processor.py:208} INFO - Processing /home/airflow/.local/lib/python3.12/site-packages/airflow/example_dags/example_sla_dag.py took 0.081 seconds
[2024-10-26T22:22:14.483+0000] {processor.py:186} INFO - Started process (PID=35684) to work on /home/airflow/.local/lib/python3.12/site-packages/airflow/example_dags/example_sla_dag.py
[2024-10-26T22:22:14.490+0000] {processor.py:914} INFO - Processing file /home/airflow/.local/lib/python3.12/site-packages/airflow/example_dags/example_sla_dag.py for tasks to queue
[2024-10-26T22:22:14.493+0000] {logging_mixin.py:190} INFO - [2024-10-26T22:22:14.493+0000] {dagbag.py:588} INFO - Filling up the DagBag from /home/airflow/.local/lib/python3.12/site-packages/airflow/example_dags/example_sla_dag.py
[2024-10-26T22:22:14.511+0000] {processor.py:925} INFO - DAG(s) 'example_sla_dag' retrieved from /home/airflow/.local/lib/python3.12/site-packages/airflow/example_dags/example_sla_dag.py
[2024-10-26T22:22:14.529+0000] {logging_mixin.py:190} INFO - [2024-10-26T22:22:14.528+0000] {dag.py:3239} INFO - Sync 1 DAGs
[2024-10-26T22:22:14.554+0000] {logging_mixin.py:190} INFO - [2024-10-26T22:22:14.554+0000] {dag.py:4180} INFO - Setting next_dagrun for example_sla_dag to 2024-10-26 22:20:00+00:00, run_after=2024-10-26 22:22:00+00:00
[2024-10-26T22:22:14.573+0000] {processor.py:208} INFO - Processing /home/airflow/.local/lib/python3.12/site-packages/airflow/example_dags/example_sla_dag.py took 0.096 seconds
[2024-10-26T22:22:47.168+0000] {processor.py:186} INFO - Started process (PID=35748) to work on /home/airflow/.local/lib/python3.12/site-packages/airflow/example_dags/example_sla_dag.py
[2024-10-26T22:22:47.169+0000] {processor.py:914} INFO - Processing file /home/airflow/.local/lib/python3.12/site-packages/airflow/example_dags/example_sla_dag.py for tasks to queue
[2024-10-26T22:22:47.172+0000] {logging_mixin.py:190} INFO - [2024-10-26T22:22:47.172+0000] {dagbag.py:588} INFO - Filling up the DagBag from /home/airflow/.local/lib/python3.12/site-packages/airflow/example_dags/example_sla_dag.py
[2024-10-26T22:22:47.181+0000] {processor.py:925} INFO - DAG(s) 'example_sla_dag' retrieved from /home/airflow/.local/lib/python3.12/site-packages/airflow/example_dags/example_sla_dag.py
[2024-10-26T22:22:47.199+0000] {logging_mixin.py:190} INFO - [2024-10-26T22:22:47.199+0000] {dag.py:3239} INFO - Sync 1 DAGs
[2024-10-26T22:22:47.219+0000] {logging_mixin.py:190} INFO - [2024-10-26T22:22:47.219+0000] {dag.py:4180} INFO - Setting next_dagrun for example_sla_dag to 2024-10-26 22:20:00+00:00, run_after=2024-10-26 22:22:00+00:00
[2024-10-26T22:22:47.239+0000] {processor.py:208} INFO - Processing /home/airflow/.local/lib/python3.12/site-packages/airflow/example_dags/example_sla_dag.py took 0.077 seconds
[2024-10-26T22:23:20.720+0000] {processor.py:186} INFO - Started process (PID=35812) to work on /home/airflow/.local/lib/python3.12/site-packages/airflow/example_dags/example_sla_dag.py
[2024-10-26T22:23:20.721+0000] {processor.py:914} INFO - Processing file /home/airflow/.local/lib/python3.12/site-packages/airflow/example_dags/example_sla_dag.py for tasks to queue
[2024-10-26T22:23:20.724+0000] {logging_mixin.py:190} INFO - [2024-10-26T22:23:20.724+0000] {dagbag.py:588} INFO - Filling up the DagBag from /home/airflow/.local/lib/python3.12/site-packages/airflow/example_dags/example_sla_dag.py
[2024-10-26T22:23:20.734+0000] {processor.py:925} INFO - DAG(s) 'example_sla_dag' retrieved from /home/airflow/.local/lib/python3.12/site-packages/airflow/example_dags/example_sla_dag.py
[2024-10-26T22:23:20.753+0000] {logging_mixin.py:190} INFO - [2024-10-26T22:23:20.753+0000] {dag.py:3239} INFO - Sync 1 DAGs
[2024-10-26T22:23:20.774+0000] {logging_mixin.py:190} INFO - [2024-10-26T22:23:20.774+0000] {dag.py:4180} INFO - Setting next_dagrun for example_sla_dag to 2024-10-26 22:20:00+00:00, run_after=2024-10-26 22:22:00+00:00
[2024-10-26T22:23:20.793+0000] {processor.py:208} INFO - Processing /home/airflow/.local/lib/python3.12/site-packages/airflow/example_dags/example_sla_dag.py took 0.080 seconds
[2024-10-26T22:23:52.620+0000] {processor.py:186} INFO - Started process (PID=35876) to work on /home/airflow/.local/lib/python3.12/site-packages/airflow/example_dags/example_sla_dag.py
[2024-10-26T22:23:52.621+0000] {processor.py:914} INFO - Processing file /home/airflow/.local/lib/python3.12/site-packages/airflow/example_dags/example_sla_dag.py for tasks to queue
[2024-10-26T22:23:52.623+0000] {logging_mixin.py:190} INFO - [2024-10-26T22:23:52.623+0000] {dagbag.py:588} INFO - Filling up the DagBag from /home/airflow/.local/lib/python3.12/site-packages/airflow/example_dags/example_sla_dag.py
[2024-10-26T22:23:52.632+0000] {processor.py:925} INFO - DAG(s) 'example_sla_dag' retrieved from /home/airflow/.local/lib/python3.12/site-packages/airflow/example_dags/example_sla_dag.py
[2024-10-26T22:23:52.649+0000] {logging_mixin.py:190} INFO - [2024-10-26T22:23:52.649+0000] {dag.py:3239} INFO - Sync 1 DAGs
[2024-10-26T22:23:52.671+0000] {logging_mixin.py:190} INFO - [2024-10-26T22:23:52.670+0000] {dag.py:4180} INFO - Setting next_dagrun for example_sla_dag to 2024-10-26 22:20:00+00:00, run_after=2024-10-26 22:22:00+00:00
[2024-10-26T22:23:52.691+0000] {processor.py:208} INFO - Processing /home/airflow/.local/lib/python3.12/site-packages/airflow/example_dags/example_sla_dag.py took 0.076 seconds
[2024-10-26T22:24:26.154+0000] {processor.py:186} INFO - Started process (PID=35940) to work on /home/airflow/.local/lib/python3.12/site-packages/airflow/example_dags/example_sla_dag.py
[2024-10-26T22:24:26.155+0000] {processor.py:914} INFO - Processing file /home/airflow/.local/lib/python3.12/site-packages/airflow/example_dags/example_sla_dag.py for tasks to queue
[2024-10-26T22:24:26.157+0000] {logging_mixin.py:190} INFO - [2024-10-26T22:24:26.157+0000] {dagbag.py:588} INFO - Filling up the DagBag from /home/airflow/.local/lib/python3.12/site-packages/airflow/example_dags/example_sla_dag.py
[2024-10-26T22:24:26.166+0000] {processor.py:925} INFO - DAG(s) 'example_sla_dag' retrieved from /home/airflow/.local/lib/python3.12/site-packages/airflow/example_dags/example_sla_dag.py
[2024-10-26T22:24:26.184+0000] {logging_mixin.py:190} INFO - [2024-10-26T22:24:26.183+0000] {dag.py:3239} INFO - Sync 1 DAGs
[2024-10-26T22:24:26.205+0000] {logging_mixin.py:190} INFO - [2024-10-26T22:24:26.204+0000] {dag.py:4180} INFO - Setting next_dagrun for example_sla_dag to 2024-10-26 22:22:00+00:00, run_after=2024-10-26 22:24:00+00:00
[2024-10-26T22:24:26.225+0000] {processor.py:208} INFO - Processing /home/airflow/.local/lib/python3.12/site-packages/airflow/example_dags/example_sla_dag.py took 0.076 seconds
[2024-10-26T22:24:58.587+0000] {processor.py:186} INFO - Started process (PID=36004) to work on /home/airflow/.local/lib/python3.12/site-packages/airflow/example_dags/example_sla_dag.py
[2024-10-26T22:24:58.588+0000] {processor.py:914} INFO - Processing file /home/airflow/.local/lib/python3.12/site-packages/airflow/example_dags/example_sla_dag.py for tasks to queue
[2024-10-26T22:24:58.591+0000] {logging_mixin.py:190} INFO - [2024-10-26T22:24:58.590+0000] {dagbag.py:588} INFO - Filling up the DagBag from /home/airflow/.local/lib/python3.12/site-packages/airflow/example_dags/example_sla_dag.py
[2024-10-26T22:24:58.600+0000] {processor.py:925} INFO - DAG(s) 'example_sla_dag' retrieved from /home/airflow/.local/lib/python3.12/site-packages/airflow/example_dags/example_sla_dag.py
[2024-10-26T22:24:58.617+0000] {logging_mixin.py:190} INFO - [2024-10-26T22:24:58.617+0000] {dag.py:3239} INFO - Sync 1 DAGs
[2024-10-26T22:24:58.640+0000] {logging_mixin.py:190} INFO - [2024-10-26T22:24:58.640+0000] {dag.py:4180} INFO - Setting next_dagrun for example_sla_dag to 2024-10-26 22:22:00+00:00, run_after=2024-10-26 22:24:00+00:00
[2024-10-26T22:24:58.662+0000] {processor.py:208} INFO - Processing /home/airflow/.local/lib/python3.12/site-packages/airflow/example_dags/example_sla_dag.py took 0.079 seconds
[2024-10-26T22:25:31.191+0000] {processor.py:186} INFO - Started process (PID=36068) to work on /home/airflow/.local/lib/python3.12/site-packages/airflow/example_dags/example_sla_dag.py
[2024-10-26T22:25:31.192+0000] {processor.py:914} INFO - Processing file /home/airflow/.local/lib/python3.12/site-packages/airflow/example_dags/example_sla_dag.py for tasks to queue
[2024-10-26T22:25:31.194+0000] {logging_mixin.py:190} INFO - [2024-10-26T22:25:31.193+0000] {dagbag.py:588} INFO - Filling up the DagBag from /home/airflow/.local/lib/python3.12/site-packages/airflow/example_dags/example_sla_dag.py
[2024-10-26T22:25:31.203+0000] {processor.py:925} INFO - DAG(s) 'example_sla_dag' retrieved from /home/airflow/.local/lib/python3.12/site-packages/airflow/example_dags/example_sla_dag.py
[2024-10-26T22:25:31.222+0000] {logging_mixin.py:190} INFO - [2024-10-26T22:25:31.221+0000] {dag.py:3239} INFO - Sync 1 DAGs
[2024-10-26T22:25:31.243+0000] {logging_mixin.py:190} INFO - [2024-10-26T22:25:31.243+0000] {dag.py:4180} INFO - Setting next_dagrun for example_sla_dag to 2024-10-26 22:22:00+00:00, run_after=2024-10-26 22:24:00+00:00
[2024-10-26T22:25:31.262+0000] {processor.py:208} INFO - Processing /home/airflow/.local/lib/python3.12/site-packages/airflow/example_dags/example_sla_dag.py took 0.076 seconds
[2024-10-26T22:26:03.965+0000] {processor.py:186} INFO - Started process (PID=36132) to work on /home/airflow/.local/lib/python3.12/site-packages/airflow/example_dags/example_sla_dag.py
[2024-10-26T22:26:03.966+0000] {processor.py:914} INFO - Processing file /home/airflow/.local/lib/python3.12/site-packages/airflow/example_dags/example_sla_dag.py for tasks to queue
[2024-10-26T22:26:03.968+0000] {logging_mixin.py:190} INFO - [2024-10-26T22:26:03.968+0000] {dagbag.py:588} INFO - Filling up the DagBag from /home/airflow/.local/lib/python3.12/site-packages/airflow/example_dags/example_sla_dag.py
[2024-10-26T22:26:03.976+0000] {processor.py:925} INFO - DAG(s) 'example_sla_dag' retrieved from /home/airflow/.local/lib/python3.12/site-packages/airflow/example_dags/example_sla_dag.py
[2024-10-26T22:26:03.992+0000] {logging_mixin.py:190} INFO - [2024-10-26T22:26:03.992+0000] {dag.py:3239} INFO - Sync 1 DAGs
[2024-10-26T22:26:04.013+0000] {logging_mixin.py:190} INFO - [2024-10-26T22:26:04.012+0000] {dag.py:4180} INFO - Setting next_dagrun for example_sla_dag to 2024-10-26 22:24:00+00:00, run_after=2024-10-26 22:26:00+00:00
[2024-10-26T22:26:04.033+0000] {processor.py:208} INFO - Processing /home/airflow/.local/lib/python3.12/site-packages/airflow/example_dags/example_sla_dag.py took 0.073 seconds
[2024-10-26T22:26:36.794+0000] {processor.py:186} INFO - Started process (PID=36196) to work on /home/airflow/.local/lib/python3.12/site-packages/airflow/example_dags/example_sla_dag.py
[2024-10-26T22:26:36.795+0000] {processor.py:914} INFO - Processing file /home/airflow/.local/lib/python3.12/site-packages/airflow/example_dags/example_sla_dag.py for tasks to queue
[2024-10-26T22:26:36.797+0000] {logging_mixin.py:190} INFO - [2024-10-26T22:26:36.797+0000] {dagbag.py:588} INFO - Filling up the DagBag from /home/airflow/.local/lib/python3.12/site-packages/airflow/example_dags/example_sla_dag.py
[2024-10-26T22:26:36.805+0000] {processor.py:925} INFO - DAG(s) 'example_sla_dag' retrieved from /home/airflow/.local/lib/python3.12/site-packages/airflow/example_dags/example_sla_dag.py
[2024-10-26T22:26:36.823+0000] {logging_mixin.py:190} INFO - [2024-10-26T22:26:36.823+0000] {dag.py:3239} INFO - Sync 1 DAGs
[2024-10-26T22:26:36.844+0000] {logging_mixin.py:190} INFO - [2024-10-26T22:26:36.844+0000] {dag.py:4180} INFO - Setting next_dagrun for example_sla_dag to 2024-10-26 22:24:00+00:00, run_after=2024-10-26 22:26:00+00:00
[2024-10-26T22:26:36.863+0000] {processor.py:208} INFO - Processing /home/airflow/.local/lib/python3.12/site-packages/airflow/example_dags/example_sla_dag.py took 0.075 seconds
[2024-10-26T22:27:09.387+0000] {processor.py:186} INFO - Started process (PID=36260) to work on /home/airflow/.local/lib/python3.12/site-packages/airflow/example_dags/example_sla_dag.py
[2024-10-26T22:27:09.388+0000] {processor.py:914} INFO - Processing file /home/airflow/.local/lib/python3.12/site-packages/airflow/example_dags/example_sla_dag.py for tasks to queue
[2024-10-26T22:27:09.391+0000] {logging_mixin.py:190} INFO - [2024-10-26T22:27:09.391+0000] {dagbag.py:588} INFO - Filling up the DagBag from /home/airflow/.local/lib/python3.12/site-packages/airflow/example_dags/example_sla_dag.py
[2024-10-26T22:27:09.402+0000] {processor.py:925} INFO - DAG(s) 'example_sla_dag' retrieved from /home/airflow/.local/lib/python3.12/site-packages/airflow/example_dags/example_sla_dag.py
[2024-10-26T22:27:09.421+0000] {logging_mixin.py:190} INFO - [2024-10-26T22:27:09.421+0000] {dag.py:3239} INFO - Sync 1 DAGs
[2024-10-26T22:27:09.454+0000] {logging_mixin.py:190} INFO - [2024-10-26T22:27:09.454+0000] {dag.py:4180} INFO - Setting next_dagrun for example_sla_dag to 2024-10-26 22:24:00+00:00, run_after=2024-10-26 22:26:00+00:00
[2024-10-26T22:27:09.475+0000] {processor.py:208} INFO - Processing /home/airflow/.local/lib/python3.12/site-packages/airflow/example_dags/example_sla_dag.py took 0.096 seconds
[2024-10-26T22:27:42.099+0000] {processor.py:186} INFO - Started process (PID=36324) to work on /home/airflow/.local/lib/python3.12/site-packages/airflow/example_dags/example_sla_dag.py
[2024-10-26T22:27:42.100+0000] {processor.py:914} INFO - Processing file /home/airflow/.local/lib/python3.12/site-packages/airflow/example_dags/example_sla_dag.py for tasks to queue
[2024-10-26T22:27:42.102+0000] {logging_mixin.py:190} INFO - [2024-10-26T22:27:42.101+0000] {dagbag.py:588} INFO - Filling up the DagBag from /home/airflow/.local/lib/python3.12/site-packages/airflow/example_dags/example_sla_dag.py
[2024-10-26T22:27:42.110+0000] {processor.py:925} INFO - DAG(s) 'example_sla_dag' retrieved from /home/airflow/.local/lib/python3.12/site-packages/airflow/example_dags/example_sla_dag.py
[2024-10-26T22:27:42.129+0000] {logging_mixin.py:190} INFO - [2024-10-26T22:27:42.129+0000] {dag.py:3239} INFO - Sync 1 DAGs
[2024-10-26T22:27:42.150+0000] {logging_mixin.py:190} INFO - [2024-10-26T22:27:42.150+0000] {dag.py:4180} INFO - Setting next_dagrun for example_sla_dag to 2024-10-26 22:24:00+00:00, run_after=2024-10-26 22:26:00+00:00
[2024-10-26T22:27:42.169+0000] {processor.py:208} INFO - Processing /home/airflow/.local/lib/python3.12/site-packages/airflow/example_dags/example_sla_dag.py took 0.076 seconds
[2024-10-26T22:28:14.660+0000] {processor.py:186} INFO - Started process (PID=36388) to work on /home/airflow/.local/lib/python3.12/site-packages/airflow/example_dags/example_sla_dag.py
[2024-10-26T22:28:14.661+0000] {processor.py:914} INFO - Processing file /home/airflow/.local/lib/python3.12/site-packages/airflow/example_dags/example_sla_dag.py for tasks to queue
[2024-10-26T22:28:14.664+0000] {logging_mixin.py:190} INFO - [2024-10-26T22:28:14.663+0000] {dagbag.py:588} INFO - Filling up the DagBag from /home/airflow/.local/lib/python3.12/site-packages/airflow/example_dags/example_sla_dag.py
[2024-10-26T22:28:14.675+0000] {processor.py:925} INFO - DAG(s) 'example_sla_dag' retrieved from /home/airflow/.local/lib/python3.12/site-packages/airflow/example_dags/example_sla_dag.py
[2024-10-26T22:28:14.695+0000] {logging_mixin.py:190} INFO - [2024-10-26T22:28:14.695+0000] {dag.py:3239} INFO - Sync 1 DAGs
[2024-10-26T22:28:14.718+0000] {logging_mixin.py:190} INFO - [2024-10-26T22:28:14.718+0000] {dag.py:4180} INFO - Setting next_dagrun for example_sla_dag to 2024-10-26 22:26:00+00:00, run_after=2024-10-26 22:28:00+00:00
[2024-10-26T22:28:14.740+0000] {processor.py:208} INFO - Processing /home/airflow/.local/lib/python3.12/site-packages/airflow/example_dags/example_sla_dag.py took 0.086 seconds
[2024-10-26T22:28:48.079+0000] {processor.py:186} INFO - Started process (PID=36452) to work on /home/airflow/.local/lib/python3.12/site-packages/airflow/example_dags/example_sla_dag.py
[2024-10-26T22:28:48.080+0000] {processor.py:914} INFO - Processing file /home/airflow/.local/lib/python3.12/site-packages/airflow/example_dags/example_sla_dag.py for tasks to queue
[2024-10-26T22:28:48.082+0000] {logging_mixin.py:190} INFO - [2024-10-26T22:28:48.082+0000] {dagbag.py:588} INFO - Filling up the DagBag from /home/airflow/.local/lib/python3.12/site-packages/airflow/example_dags/example_sla_dag.py
[2024-10-26T22:28:48.090+0000] {processor.py:925} INFO - DAG(s) 'example_sla_dag' retrieved from /home/airflow/.local/lib/python3.12/site-packages/airflow/example_dags/example_sla_dag.py
[2024-10-26T22:28:48.107+0000] {logging_mixin.py:190} INFO - [2024-10-26T22:28:48.106+0000] {dag.py:3239} INFO - Sync 1 DAGs
[2024-10-26T22:28:48.128+0000] {logging_mixin.py:190} INFO - [2024-10-26T22:28:48.127+0000] {dag.py:4180} INFO - Setting next_dagrun for example_sla_dag to 2024-10-26 22:26:00+00:00, run_after=2024-10-26 22:28:00+00:00
[2024-10-26T22:28:48.147+0000] {processor.py:208} INFO - Processing /home/airflow/.local/lib/python3.12/site-packages/airflow/example_dags/example_sla_dag.py took 0.073 seconds
[2024-10-26T22:29:20.710+0000] {processor.py:186} INFO - Started process (PID=36516) to work on /home/airflow/.local/lib/python3.12/site-packages/airflow/example_dags/example_sla_dag.py
[2024-10-26T22:29:20.711+0000] {processor.py:914} INFO - Processing file /home/airflow/.local/lib/python3.12/site-packages/airflow/example_dags/example_sla_dag.py for tasks to queue
[2024-10-26T22:29:20.713+0000] {logging_mixin.py:190} INFO - [2024-10-26T22:29:20.713+0000] {dagbag.py:588} INFO - Filling up the DagBag from /home/airflow/.local/lib/python3.12/site-packages/airflow/example_dags/example_sla_dag.py
[2024-10-26T22:29:20.722+0000] {processor.py:925} INFO - DAG(s) 'example_sla_dag' retrieved from /home/airflow/.local/lib/python3.12/site-packages/airflow/example_dags/example_sla_dag.py
[2024-10-26T22:29:20.739+0000] {logging_mixin.py:190} INFO - [2024-10-26T22:29:20.739+0000] {dag.py:3239} INFO - Sync 1 DAGs
[2024-10-26T22:29:20.764+0000] {logging_mixin.py:190} INFO - [2024-10-26T22:29:20.764+0000] {dag.py:4180} INFO - Setting next_dagrun for example_sla_dag to 2024-10-26 22:26:00+00:00, run_after=2024-10-26 22:28:00+00:00
[2024-10-26T22:29:20.784+0000] {processor.py:208} INFO - Processing /home/airflow/.local/lib/python3.12/site-packages/airflow/example_dags/example_sla_dag.py took 0.079 seconds
[2024-10-26T22:29:53.486+0000] {processor.py:186} INFO - Started process (PID=36580) to work on /home/airflow/.local/lib/python3.12/site-packages/airflow/example_dags/example_sla_dag.py
[2024-10-26T22:29:53.487+0000] {processor.py:914} INFO - Processing file /home/airflow/.local/lib/python3.12/site-packages/airflow/example_dags/example_sla_dag.py for tasks to queue
[2024-10-26T22:29:53.489+0000] {logging_mixin.py:190} INFO - [2024-10-26T22:29:53.489+0000] {dagbag.py:588} INFO - Filling up the DagBag from /home/airflow/.local/lib/python3.12/site-packages/airflow/example_dags/example_sla_dag.py
[2024-10-26T22:29:53.498+0000] {processor.py:925} INFO - DAG(s) 'example_sla_dag' retrieved from /home/airflow/.local/lib/python3.12/site-packages/airflow/example_dags/example_sla_dag.py
[2024-10-26T22:29:53.514+0000] {logging_mixin.py:190} INFO - [2024-10-26T22:29:53.514+0000] {dag.py:3239} INFO - Sync 1 DAGs
[2024-10-26T22:29:53.535+0000] {logging_mixin.py:190} INFO - [2024-10-26T22:29:53.535+0000] {dag.py:4180} INFO - Setting next_dagrun for example_sla_dag to 2024-10-26 22:26:00+00:00, run_after=2024-10-26 22:28:00+00:00
[2024-10-26T22:29:53.557+0000] {processor.py:208} INFO - Processing /home/airflow/.local/lib/python3.12/site-packages/airflow/example_dags/example_sla_dag.py took 0.076 seconds
[2024-10-26T22:30:25.546+0000] {processor.py:186} INFO - Started process (PID=36644) to work on /home/airflow/.local/lib/python3.12/site-packages/airflow/example_dags/example_sla_dag.py
[2024-10-26T22:30:25.547+0000] {processor.py:914} INFO - Processing file /home/airflow/.local/lib/python3.12/site-packages/airflow/example_dags/example_sla_dag.py for tasks to queue
[2024-10-26T22:30:25.549+0000] {logging_mixin.py:190} INFO - [2024-10-26T22:30:25.548+0000] {dagbag.py:588} INFO - Filling up the DagBag from /home/airflow/.local/lib/python3.12/site-packages/airflow/example_dags/example_sla_dag.py
[2024-10-26T22:30:25.557+0000] {processor.py:925} INFO - DAG(s) 'example_sla_dag' retrieved from /home/airflow/.local/lib/python3.12/site-packages/airflow/example_dags/example_sla_dag.py
[2024-10-26T22:30:25.577+0000] {logging_mixin.py:190} INFO - [2024-10-26T22:30:25.577+0000] {dag.py:3239} INFO - Sync 1 DAGs
[2024-10-26T22:30:25.605+0000] {logging_mixin.py:190} INFO - [2024-10-26T22:30:25.605+0000] {dag.py:4180} INFO - Setting next_dagrun for example_sla_dag to 2024-10-26 22:28:00+00:00, run_after=2024-10-26 22:30:00+00:00
[2024-10-26T22:30:25.624+0000] {processor.py:208} INFO - Processing /home/airflow/.local/lib/python3.12/site-packages/airflow/example_dags/example_sla_dag.py took 0.083 seconds
[2024-10-26T22:30:58.088+0000] {processor.py:186} INFO - Started process (PID=36708) to work on /home/airflow/.local/lib/python3.12/site-packages/airflow/example_dags/example_sla_dag.py
[2024-10-26T22:30:58.089+0000] {processor.py:914} INFO - Processing file /home/airflow/.local/lib/python3.12/site-packages/airflow/example_dags/example_sla_dag.py for tasks to queue
[2024-10-26T22:30:58.091+0000] {logging_mixin.py:190} INFO - [2024-10-26T22:30:58.091+0000] {dagbag.py:588} INFO - Filling up the DagBag from /home/airflow/.local/lib/python3.12/site-packages/airflow/example_dags/example_sla_dag.py
[2024-10-26T22:30:58.100+0000] {processor.py:925} INFO - DAG(s) 'example_sla_dag' retrieved from /home/airflow/.local/lib/python3.12/site-packages/airflow/example_dags/example_sla_dag.py
[2024-10-26T22:30:58.118+0000] {logging_mixin.py:190} INFO - [2024-10-26T22:30:58.118+0000] {dag.py:3239} INFO - Sync 1 DAGs
[2024-10-26T22:30:58.139+0000] {logging_mixin.py:190} INFO - [2024-10-26T22:30:58.138+0000] {dag.py:4180} INFO - Setting next_dagrun for example_sla_dag to 2024-10-26 22:28:00+00:00, run_after=2024-10-26 22:30:00+00:00
[2024-10-26T22:30:58.158+0000] {processor.py:208} INFO - Processing /home/airflow/.local/lib/python3.12/site-packages/airflow/example_dags/example_sla_dag.py took 0.075 seconds
[2024-10-26T22:31:31.682+0000] {processor.py:186} INFO - Started process (PID=36772) to work on /home/airflow/.local/lib/python3.12/site-packages/airflow/example_dags/example_sla_dag.py
[2024-10-26T22:31:31.683+0000] {processor.py:914} INFO - Processing file /home/airflow/.local/lib/python3.12/site-packages/airflow/example_dags/example_sla_dag.py for tasks to queue
[2024-10-26T22:31:31.685+0000] {logging_mixin.py:190} INFO - [2024-10-26T22:31:31.685+0000] {dagbag.py:588} INFO - Filling up the DagBag from /home/airflow/.local/lib/python3.12/site-packages/airflow/example_dags/example_sla_dag.py
[2024-10-26T22:31:31.693+0000] {processor.py:925} INFO - DAG(s) 'example_sla_dag' retrieved from /home/airflow/.local/lib/python3.12/site-packages/airflow/example_dags/example_sla_dag.py
[2024-10-26T22:31:31.711+0000] {logging_mixin.py:190} INFO - [2024-10-26T22:31:31.711+0000] {dag.py:3239} INFO - Sync 1 DAGs
[2024-10-26T22:31:31.733+0000] {logging_mixin.py:190} INFO - [2024-10-26T22:31:31.733+0000] {dag.py:4180} INFO - Setting next_dagrun for example_sla_dag to 2024-10-26 22:28:00+00:00, run_after=2024-10-26 22:30:00+00:00
[2024-10-26T22:31:31.752+0000] {processor.py:208} INFO - Processing /home/airflow/.local/lib/python3.12/site-packages/airflow/example_dags/example_sla_dag.py took 0.076 seconds
[2024-10-26T22:32:04.425+0000] {processor.py:186} INFO - Started process (PID=36836) to work on /home/airflow/.local/lib/python3.12/site-packages/airflow/example_dags/example_sla_dag.py
[2024-10-26T22:32:04.426+0000] {processor.py:914} INFO - Processing file /home/airflow/.local/lib/python3.12/site-packages/airflow/example_dags/example_sla_dag.py for tasks to queue
[2024-10-26T22:32:04.429+0000] {logging_mixin.py:190} INFO - [2024-10-26T22:32:04.428+0000] {dagbag.py:588} INFO - Filling up the DagBag from /home/airflow/.local/lib/python3.12/site-packages/airflow/example_dags/example_sla_dag.py
[2024-10-26T22:32:04.438+0000] {processor.py:925} INFO - DAG(s) 'example_sla_dag' retrieved from /home/airflow/.local/lib/python3.12/site-packages/airflow/example_dags/example_sla_dag.py
[2024-10-26T22:32:04.458+0000] {logging_mixin.py:190} INFO - [2024-10-26T22:32:04.458+0000] {dag.py:3239} INFO - Sync 1 DAGs
[2024-10-26T22:32:04.490+0000] {logging_mixin.py:190} INFO - [2024-10-26T22:32:04.489+0000] {dag.py:4180} INFO - Setting next_dagrun for example_sla_dag to 2024-10-26 22:30:00+00:00, run_after=2024-10-26 22:32:00+00:00
[2024-10-26T22:32:04.515+0000] {processor.py:208} INFO - Processing /home/airflow/.local/lib/python3.12/site-packages/airflow/example_dags/example_sla_dag.py took 0.095 seconds
[2024-10-26T22:32:37.221+0000] {processor.py:186} INFO - Started process (PID=36900) to work on /home/airflow/.local/lib/python3.12/site-packages/airflow/example_dags/example_sla_dag.py
[2024-10-26T22:32:37.222+0000] {processor.py:914} INFO - Processing file /home/airflow/.local/lib/python3.12/site-packages/airflow/example_dags/example_sla_dag.py for tasks to queue
[2024-10-26T22:32:37.224+0000] {logging_mixin.py:190} INFO - [2024-10-26T22:32:37.224+0000] {dagbag.py:588} INFO - Filling up the DagBag from /home/airflow/.local/lib/python3.12/site-packages/airflow/example_dags/example_sla_dag.py
[2024-10-26T22:32:37.233+0000] {processor.py:925} INFO - DAG(s) 'example_sla_dag' retrieved from /home/airflow/.local/lib/python3.12/site-packages/airflow/example_dags/example_sla_dag.py
[2024-10-26T22:32:37.252+0000] {logging_mixin.py:190} INFO - [2024-10-26T22:32:37.252+0000] {dag.py:3239} INFO - Sync 1 DAGs
[2024-10-26T22:32:37.273+0000] {logging_mixin.py:190} INFO - [2024-10-26T22:32:37.273+0000] {dag.py:4180} INFO - Setting next_dagrun for example_sla_dag to 2024-10-26 22:30:00+00:00, run_after=2024-10-26 22:32:00+00:00
[2024-10-26T22:32:37.292+0000] {processor.py:208} INFO - Processing /home/airflow/.local/lib/python3.12/site-packages/airflow/example_dags/example_sla_dag.py took 0.076 seconds
[2024-10-26T22:33:09.149+0000] {processor.py:186} INFO - Started process (PID=36964) to work on /home/airflow/.local/lib/python3.12/site-packages/airflow/example_dags/example_sla_dag.py
[2024-10-26T22:33:09.150+0000] {processor.py:914} INFO - Processing file /home/airflow/.local/lib/python3.12/site-packages/airflow/example_dags/example_sla_dag.py for tasks to queue
[2024-10-26T22:33:09.152+0000] {logging_mixin.py:190} INFO - [2024-10-26T22:33:09.152+0000] {dagbag.py:588} INFO - Filling up the DagBag from /home/airflow/.local/lib/python3.12/site-packages/airflow/example_dags/example_sla_dag.py
[2024-10-26T22:33:09.163+0000] {processor.py:925} INFO - DAG(s) 'example_sla_dag' retrieved from /home/airflow/.local/lib/python3.12/site-packages/airflow/example_dags/example_sla_dag.py
[2024-10-26T22:33:09.183+0000] {logging_mixin.py:190} INFO - [2024-10-26T22:33:09.182+0000] {dag.py:3239} INFO - Sync 1 DAGs
[2024-10-26T22:33:09.206+0000] {logging_mixin.py:190} INFO - [2024-10-26T22:33:09.206+0000] {dag.py:4180} INFO - Setting next_dagrun for example_sla_dag to 2024-10-26 22:30:00+00:00, run_after=2024-10-26 22:32:00+00:00
[2024-10-26T22:33:09.229+0000] {processor.py:208} INFO - Processing /home/airflow/.local/lib/python3.12/site-packages/airflow/example_dags/example_sla_dag.py took 0.085 seconds
[2024-10-26T22:33:41.822+0000] {processor.py:186} INFO - Started process (PID=37028) to work on /home/airflow/.local/lib/python3.12/site-packages/airflow/example_dags/example_sla_dag.py
[2024-10-26T22:33:41.823+0000] {processor.py:914} INFO - Processing file /home/airflow/.local/lib/python3.12/site-packages/airflow/example_dags/example_sla_dag.py for tasks to queue
[2024-10-26T22:33:41.826+0000] {logging_mixin.py:190} INFO - [2024-10-26T22:33:41.825+0000] {dagbag.py:588} INFO - Filling up the DagBag from /home/airflow/.local/lib/python3.12/site-packages/airflow/example_dags/example_sla_dag.py
[2024-10-26T22:33:41.834+0000] {processor.py:925} INFO - DAG(s) 'example_sla_dag' retrieved from /home/airflow/.local/lib/python3.12/site-packages/airflow/example_dags/example_sla_dag.py
[2024-10-26T22:33:41.854+0000] {logging_mixin.py:190} INFO - [2024-10-26T22:33:41.853+0000] {dag.py:3239} INFO - Sync 1 DAGs
[2024-10-26T22:33:41.874+0000] {logging_mixin.py:190} INFO - [2024-10-26T22:33:41.874+0000] {dag.py:4180} INFO - Setting next_dagrun for example_sla_dag to 2024-10-26 22:30:00+00:00, run_after=2024-10-26 22:32:00+00:00
[2024-10-26T22:33:41.894+0000] {processor.py:208} INFO - Processing /home/airflow/.local/lib/python3.12/site-packages/airflow/example_dags/example_sla_dag.py took 0.078 seconds
[2024-10-26T22:34:14.486+0000] {processor.py:186} INFO - Started process (PID=37092) to work on /home/airflow/.local/lib/python3.12/site-packages/airflow/example_dags/example_sla_dag.py
[2024-10-26T22:34:14.487+0000] {processor.py:914} INFO - Processing file /home/airflow/.local/lib/python3.12/site-packages/airflow/example_dags/example_sla_dag.py for tasks to queue
[2024-10-26T22:34:14.489+0000] {logging_mixin.py:190} INFO - [2024-10-26T22:34:14.489+0000] {dagbag.py:588} INFO - Filling up the DagBag from /home/airflow/.local/lib/python3.12/site-packages/airflow/example_dags/example_sla_dag.py
[2024-10-26T22:34:14.501+0000] {processor.py:925} INFO - DAG(s) 'example_sla_dag' retrieved from /home/airflow/.local/lib/python3.12/site-packages/airflow/example_dags/example_sla_dag.py
[2024-10-26T22:34:14.523+0000] {logging_mixin.py:190} INFO - [2024-10-26T22:34:14.523+0000] {dag.py:3239} INFO - Sync 1 DAGs
[2024-10-26T22:34:14.549+0000] {logging_mixin.py:190} INFO - [2024-10-26T22:34:14.549+0000] {dag.py:4180} INFO - Setting next_dagrun for example_sla_dag to 2024-10-26 22:32:00+00:00, run_after=2024-10-26 22:34:00+00:00
[2024-10-26T22:34:14.569+0000] {processor.py:208} INFO - Processing /home/airflow/.local/lib/python3.12/site-packages/airflow/example_dags/example_sla_dag.py took 0.089 seconds
[2024-10-26T22:34:48.075+0000] {processor.py:186} INFO - Started process (PID=37156) to work on /home/airflow/.local/lib/python3.12/site-packages/airflow/example_dags/example_sla_dag.py
[2024-10-26T22:34:48.076+0000] {processor.py:914} INFO - Processing file /home/airflow/.local/lib/python3.12/site-packages/airflow/example_dags/example_sla_dag.py for tasks to queue
[2024-10-26T22:34:48.078+0000] {logging_mixin.py:190} INFO - [2024-10-26T22:34:48.078+0000] {dagbag.py:588} INFO - Filling up the DagBag from /home/airflow/.local/lib/python3.12/site-packages/airflow/example_dags/example_sla_dag.py
[2024-10-26T22:34:48.090+0000] {processor.py:925} INFO - DAG(s) 'example_sla_dag' retrieved from /home/airflow/.local/lib/python3.12/site-packages/airflow/example_dags/example_sla_dag.py
[2024-10-26T22:34:48.109+0000] {logging_mixin.py:190} INFO - [2024-10-26T22:34:48.108+0000] {dag.py:3239} INFO - Sync 1 DAGs
[2024-10-26T22:34:48.131+0000] {logging_mixin.py:190} INFO - [2024-10-26T22:34:48.131+0000] {dag.py:4180} INFO - Setting next_dagrun for example_sla_dag to 2024-10-26 22:32:00+00:00, run_after=2024-10-26 22:34:00+00:00
[2024-10-26T22:34:48.155+0000] {processor.py:208} INFO - Processing /home/airflow/.local/lib/python3.12/site-packages/airflow/example_dags/example_sla_dag.py took 0.087 seconds
[2024-10-26T22:35:20.671+0000] {processor.py:186} INFO - Started process (PID=37220) to work on /home/airflow/.local/lib/python3.12/site-packages/airflow/example_dags/example_sla_dag.py
[2024-10-26T22:35:20.672+0000] {processor.py:914} INFO - Processing file /home/airflow/.local/lib/python3.12/site-packages/airflow/example_dags/example_sla_dag.py for tasks to queue
[2024-10-26T22:35:20.674+0000] {logging_mixin.py:190} INFO - [2024-10-26T22:35:20.674+0000] {dagbag.py:588} INFO - Filling up the DagBag from /home/airflow/.local/lib/python3.12/site-packages/airflow/example_dags/example_sla_dag.py
[2024-10-26T22:35:20.684+0000] {processor.py:925} INFO - DAG(s) 'example_sla_dag' retrieved from /home/airflow/.local/lib/python3.12/site-packages/airflow/example_dags/example_sla_dag.py
[2024-10-26T22:35:20.702+0000] {logging_mixin.py:190} INFO - [2024-10-26T22:35:20.701+0000] {dag.py:3239} INFO - Sync 1 DAGs
[2024-10-26T22:35:20.725+0000] {logging_mixin.py:190} INFO - [2024-10-26T22:35:20.724+0000] {dag.py:4180} INFO - Setting next_dagrun for example_sla_dag to 2024-10-26 22:32:00+00:00, run_after=2024-10-26 22:34:00+00:00
[2024-10-26T22:35:20.744+0000] {processor.py:208} INFO - Processing /home/airflow/.local/lib/python3.12/site-packages/airflow/example_dags/example_sla_dag.py took 0.079 seconds
[2024-10-26T22:35:53.339+0000] {processor.py:186} INFO - Started process (PID=37284) to work on /home/airflow/.local/lib/python3.12/site-packages/airflow/example_dags/example_sla_dag.py
[2024-10-26T22:35:53.340+0000] {processor.py:914} INFO - Processing file /home/airflow/.local/lib/python3.12/site-packages/airflow/example_dags/example_sla_dag.py for tasks to queue
[2024-10-26T22:35:53.343+0000] {logging_mixin.py:190} INFO - [2024-10-26T22:35:53.342+0000] {dagbag.py:588} INFO - Filling up the DagBag from /home/airflow/.local/lib/python3.12/site-packages/airflow/example_dags/example_sla_dag.py
[2024-10-26T22:35:53.355+0000] {processor.py:925} INFO - DAG(s) 'example_sla_dag' retrieved from /home/airflow/.local/lib/python3.12/site-packages/airflow/example_dags/example_sla_dag.py
[2024-10-26T22:35:53.376+0000] {logging_mixin.py:190} INFO - [2024-10-26T22:35:53.375+0000] {dag.py:3239} INFO - Sync 1 DAGs
[2024-10-26T22:35:53.402+0000] {logging_mixin.py:190} INFO - [2024-10-26T22:35:53.402+0000] {dag.py:4180} INFO - Setting next_dagrun for example_sla_dag to 2024-10-26 22:32:00+00:00, run_after=2024-10-26 22:34:00+00:00
[2024-10-26T22:35:53.419+0000] {processor.py:208} INFO - Processing /home/airflow/.local/lib/python3.12/site-packages/airflow/example_dags/example_sla_dag.py took 0.087 seconds
[2024-10-26T22:36:26.070+0000] {processor.py:186} INFO - Started process (PID=37348) to work on /home/airflow/.local/lib/python3.12/site-packages/airflow/example_dags/example_sla_dag.py
[2024-10-26T22:36:26.071+0000] {processor.py:914} INFO - Processing file /home/airflow/.local/lib/python3.12/site-packages/airflow/example_dags/example_sla_dag.py for tasks to queue
[2024-10-26T22:36:26.074+0000] {logging_mixin.py:190} INFO - [2024-10-26T22:36:26.073+0000] {dagbag.py:588} INFO - Filling up the DagBag from /home/airflow/.local/lib/python3.12/site-packages/airflow/example_dags/example_sla_dag.py
[2024-10-26T22:36:26.083+0000] {processor.py:925} INFO - DAG(s) 'example_sla_dag' retrieved from /home/airflow/.local/lib/python3.12/site-packages/airflow/example_dags/example_sla_dag.py
[2024-10-26T22:36:26.102+0000] {logging_mixin.py:190} INFO - [2024-10-26T22:36:26.102+0000] {dag.py:3239} INFO - Sync 1 DAGs
[2024-10-26T22:36:26.124+0000] {logging_mixin.py:190} INFO - [2024-10-26T22:36:26.124+0000] {dag.py:4180} INFO - Setting next_dagrun for example_sla_dag to 2024-10-26 22:34:00+00:00, run_after=2024-10-26 22:36:00+00:00
[2024-10-26T22:36:26.144+0000] {processor.py:208} INFO - Processing /home/airflow/.local/lib/python3.12/site-packages/airflow/example_dags/example_sla_dag.py took 0.078 seconds
[2024-10-26T22:36:58.489+0000] {processor.py:186} INFO - Started process (PID=37412) to work on /home/airflow/.local/lib/python3.12/site-packages/airflow/example_dags/example_sla_dag.py
[2024-10-26T22:36:58.490+0000] {processor.py:914} INFO - Processing file /home/airflow/.local/lib/python3.12/site-packages/airflow/example_dags/example_sla_dag.py for tasks to queue
[2024-10-26T22:36:58.493+0000] {logging_mixin.py:190} INFO - [2024-10-26T22:36:58.492+0000] {dagbag.py:588} INFO - Filling up the DagBag from /home/airflow/.local/lib/python3.12/site-packages/airflow/example_dags/example_sla_dag.py
[2024-10-26T22:36:58.501+0000] {processor.py:925} INFO - DAG(s) 'example_sla_dag' retrieved from /home/airflow/.local/lib/python3.12/site-packages/airflow/example_dags/example_sla_dag.py
[2024-10-26T22:36:58.519+0000] {logging_mixin.py:190} INFO - [2024-10-26T22:36:58.519+0000] {dag.py:3239} INFO - Sync 1 DAGs
[2024-10-26T22:36:58.541+0000] {logging_mixin.py:190} INFO - [2024-10-26T22:36:58.541+0000] {dag.py:4180} INFO - Setting next_dagrun for example_sla_dag to 2024-10-26 22:34:00+00:00, run_after=2024-10-26 22:36:00+00:00
[2024-10-26T22:36:58.562+0000] {processor.py:208} INFO - Processing /home/airflow/.local/lib/python3.12/site-packages/airflow/example_dags/example_sla_dag.py took 0.078 seconds
[2024-10-26T22:37:31.163+0000] {processor.py:186} INFO - Started process (PID=37476) to work on /home/airflow/.local/lib/python3.12/site-packages/airflow/example_dags/example_sla_dag.py
[2024-10-26T22:37:31.164+0000] {processor.py:914} INFO - Processing file /home/airflow/.local/lib/python3.12/site-packages/airflow/example_dags/example_sla_dag.py for tasks to queue
[2024-10-26T22:37:31.166+0000] {logging_mixin.py:190} INFO - [2024-10-26T22:37:31.165+0000] {dagbag.py:588} INFO - Filling up the DagBag from /home/airflow/.local/lib/python3.12/site-packages/airflow/example_dags/example_sla_dag.py
[2024-10-26T22:37:31.174+0000] {processor.py:925} INFO - DAG(s) 'example_sla_dag' retrieved from /home/airflow/.local/lib/python3.12/site-packages/airflow/example_dags/example_sla_dag.py
[2024-10-26T22:37:31.191+0000] {logging_mixin.py:190} INFO - [2024-10-26T22:37:31.191+0000] {dag.py:3239} INFO - Sync 1 DAGs
[2024-10-26T22:37:31.213+0000] {logging_mixin.py:190} INFO - [2024-10-26T22:37:31.213+0000] {dag.py:4180} INFO - Setting next_dagrun for example_sla_dag to 2024-10-26 22:34:00+00:00, run_after=2024-10-26 22:36:00+00:00
[2024-10-26T22:37:31.233+0000] {processor.py:208} INFO - Processing /home/airflow/.local/lib/python3.12/site-packages/airflow/example_dags/example_sla_dag.py took 0.075 seconds
[2024-10-26T22:38:03.840+0000] {processor.py:186} INFO - Started process (PID=37540) to work on /home/airflow/.local/lib/python3.12/site-packages/airflow/example_dags/example_sla_dag.py
[2024-10-26T22:38:03.842+0000] {processor.py:914} INFO - Processing file /home/airflow/.local/lib/python3.12/site-packages/airflow/example_dags/example_sla_dag.py for tasks to queue
[2024-10-26T22:38:03.844+0000] {logging_mixin.py:190} INFO - [2024-10-26T22:38:03.844+0000] {dagbag.py:588} INFO - Filling up the DagBag from /home/airflow/.local/lib/python3.12/site-packages/airflow/example_dags/example_sla_dag.py
[2024-10-26T22:38:03.855+0000] {processor.py:925} INFO - DAG(s) 'example_sla_dag' retrieved from /home/airflow/.local/lib/python3.12/site-packages/airflow/example_dags/example_sla_dag.py
[2024-10-26T22:38:03.872+0000] {logging_mixin.py:190} INFO - [2024-10-26T22:38:03.872+0000] {dag.py:3239} INFO - Sync 1 DAGs
[2024-10-26T22:38:03.894+0000] {logging_mixin.py:190} INFO - [2024-10-26T22:38:03.894+0000] {dag.py:4180} INFO - Setting next_dagrun for example_sla_dag to 2024-10-26 22:36:00+00:00, run_after=2024-10-26 22:38:00+00:00
[2024-10-26T22:38:03.915+0000] {processor.py:208} INFO - Processing /home/airflow/.local/lib/python3.12/site-packages/airflow/example_dags/example_sla_dag.py took 0.082 seconds
[2024-10-26T22:38:36.853+0000] {processor.py:186} INFO - Started process (PID=37604) to work on /home/airflow/.local/lib/python3.12/site-packages/airflow/example_dags/example_sla_dag.py
[2024-10-26T22:38:36.854+0000] {processor.py:914} INFO - Processing file /home/airflow/.local/lib/python3.12/site-packages/airflow/example_dags/example_sla_dag.py for tasks to queue
[2024-10-26T22:38:36.856+0000] {logging_mixin.py:190} INFO - [2024-10-26T22:38:36.856+0000] {dagbag.py:588} INFO - Filling up the DagBag from /home/airflow/.local/lib/python3.12/site-packages/airflow/example_dags/example_sla_dag.py
[2024-10-26T22:38:36.865+0000] {processor.py:925} INFO - DAG(s) 'example_sla_dag' retrieved from /home/airflow/.local/lib/python3.12/site-packages/airflow/example_dags/example_sla_dag.py
[2024-10-26T22:38:36.882+0000] {logging_mixin.py:190} INFO - [2024-10-26T22:38:36.882+0000] {dag.py:3239} INFO - Sync 1 DAGs
[2024-10-26T22:38:36.903+0000] {logging_mixin.py:190} INFO - [2024-10-26T22:38:36.903+0000] {dag.py:4180} INFO - Setting next_dagrun for example_sla_dag to 2024-10-26 22:36:00+00:00, run_after=2024-10-26 22:38:00+00:00
[2024-10-26T22:38:36.923+0000] {processor.py:208} INFO - Processing /home/airflow/.local/lib/python3.12/site-packages/airflow/example_dags/example_sla_dag.py took 0.075 seconds
[2024-10-26T22:39:09.543+0000] {processor.py:186} INFO - Started process (PID=37668) to work on /home/airflow/.local/lib/python3.12/site-packages/airflow/example_dags/example_sla_dag.py
[2024-10-26T22:39:09.544+0000] {processor.py:914} INFO - Processing file /home/airflow/.local/lib/python3.12/site-packages/airflow/example_dags/example_sla_dag.py for tasks to queue
[2024-10-26T22:39:09.546+0000] {logging_mixin.py:190} INFO - [2024-10-26T22:39:09.545+0000] {dagbag.py:588} INFO - Filling up the DagBag from /home/airflow/.local/lib/python3.12/site-packages/airflow/example_dags/example_sla_dag.py
[2024-10-26T22:39:09.554+0000] {processor.py:925} INFO - DAG(s) 'example_sla_dag' retrieved from /home/airflow/.local/lib/python3.12/site-packages/airflow/example_dags/example_sla_dag.py
[2024-10-26T22:39:09.571+0000] {logging_mixin.py:190} INFO - [2024-10-26T22:39:09.571+0000] {dag.py:3239} INFO - Sync 1 DAGs
[2024-10-26T22:39:09.592+0000] {logging_mixin.py:190} INFO - [2024-10-26T22:39:09.592+0000] {dag.py:4180} INFO - Setting next_dagrun for example_sla_dag to 2024-10-26 22:36:00+00:00, run_after=2024-10-26 22:38:00+00:00
[2024-10-26T22:39:09.610+0000] {processor.py:208} INFO - Processing /home/airflow/.local/lib/python3.12/site-packages/airflow/example_dags/example_sla_dag.py took 0.073 seconds
[2024-10-26T22:39:42.222+0000] {processor.py:186} INFO - Started process (PID=37732) to work on /home/airflow/.local/lib/python3.12/site-packages/airflow/example_dags/example_sla_dag.py
[2024-10-26T22:39:42.223+0000] {processor.py:914} INFO - Processing file /home/airflow/.local/lib/python3.12/site-packages/airflow/example_dags/example_sla_dag.py for tasks to queue
[2024-10-26T22:39:42.225+0000] {logging_mixin.py:190} INFO - [2024-10-26T22:39:42.225+0000] {dagbag.py:588} INFO - Filling up the DagBag from /home/airflow/.local/lib/python3.12/site-packages/airflow/example_dags/example_sla_dag.py
[2024-10-26T22:39:42.236+0000] {processor.py:925} INFO - DAG(s) 'example_sla_dag' retrieved from /home/airflow/.local/lib/python3.12/site-packages/airflow/example_dags/example_sla_dag.py
[2024-10-26T22:39:42.258+0000] {logging_mixin.py:190} INFO - [2024-10-26T22:39:42.258+0000] {dag.py:3239} INFO - Sync 1 DAGs
[2024-10-26T22:39:42.289+0000] {logging_mixin.py:190} INFO - [2024-10-26T22:39:42.288+0000] {dag.py:4180} INFO - Setting next_dagrun for example_sla_dag to 2024-10-26 22:36:00+00:00, run_after=2024-10-26 22:38:00+00:00
[2024-10-26T22:39:42.314+0000] {processor.py:208} INFO - Processing /home/airflow/.local/lib/python3.12/site-packages/airflow/example_dags/example_sla_dag.py took 0.097 seconds
[2024-10-26T22:40:15.070+0000] {processor.py:186} INFO - Started process (PID=37796) to work on /home/airflow/.local/lib/python3.12/site-packages/airflow/example_dags/example_sla_dag.py
[2024-10-26T22:40:15.070+0000] {processor.py:914} INFO - Processing file /home/airflow/.local/lib/python3.12/site-packages/airflow/example_dags/example_sla_dag.py for tasks to queue
[2024-10-26T22:40:15.073+0000] {logging_mixin.py:190} INFO - [2024-10-26T22:40:15.072+0000] {dagbag.py:588} INFO - Filling up the DagBag from /home/airflow/.local/lib/python3.12/site-packages/airflow/example_dags/example_sla_dag.py
[2024-10-26T22:40:15.081+0000] {processor.py:925} INFO - DAG(s) 'example_sla_dag' retrieved from /home/airflow/.local/lib/python3.12/site-packages/airflow/example_dags/example_sla_dag.py
[2024-10-26T22:40:15.099+0000] {logging_mixin.py:190} INFO - [2024-10-26T22:40:15.098+0000] {dag.py:3239} INFO - Sync 1 DAGs
[2024-10-26T22:40:15.119+0000] {logging_mixin.py:190} INFO - [2024-10-26T22:40:15.118+0000] {dag.py:4180} INFO - Setting next_dagrun for example_sla_dag to 2024-10-26 22:38:00+00:00, run_after=2024-10-26 22:40:00+00:00
[2024-10-26T22:40:15.139+0000] {processor.py:208} INFO - Processing /home/airflow/.local/lib/python3.12/site-packages/airflow/example_dags/example_sla_dag.py took 0.074 seconds
[2024-10-26T22:40:47.817+0000] {processor.py:186} INFO - Started process (PID=37860) to work on /home/airflow/.local/lib/python3.12/site-packages/airflow/example_dags/example_sla_dag.py
[2024-10-26T22:40:47.818+0000] {processor.py:914} INFO - Processing file /home/airflow/.local/lib/python3.12/site-packages/airflow/example_dags/example_sla_dag.py for tasks to queue
[2024-10-26T22:40:47.820+0000] {logging_mixin.py:190} INFO - [2024-10-26T22:40:47.819+0000] {dagbag.py:588} INFO - Filling up the DagBag from /home/airflow/.local/lib/python3.12/site-packages/airflow/example_dags/example_sla_dag.py
[2024-10-26T22:40:47.828+0000] {processor.py:925} INFO - DAG(s) 'example_sla_dag' retrieved from /home/airflow/.local/lib/python3.12/site-packages/airflow/example_dags/example_sla_dag.py
[2024-10-26T22:40:47.845+0000] {logging_mixin.py:190} INFO - [2024-10-26T22:40:47.845+0000] {dag.py:3239} INFO - Sync 1 DAGs
[2024-10-26T22:40:47.867+0000] {logging_mixin.py:190} INFO - [2024-10-26T22:40:47.867+0000] {dag.py:4180} INFO - Setting next_dagrun for example_sla_dag to 2024-10-26 22:38:00+00:00, run_after=2024-10-26 22:40:00+00:00
[2024-10-26T22:40:47.886+0000] {processor.py:208} INFO - Processing /home/airflow/.local/lib/python3.12/site-packages/airflow/example_dags/example_sla_dag.py took 0.074 seconds
[2024-10-26T22:41:20.247+0000] {processor.py:186} INFO - Started process (PID=37924) to work on /home/airflow/.local/lib/python3.12/site-packages/airflow/example_dags/example_sla_dag.py
[2024-10-26T22:41:20.248+0000] {processor.py:914} INFO - Processing file /home/airflow/.local/lib/python3.12/site-packages/airflow/example_dags/example_sla_dag.py for tasks to queue
[2024-10-26T22:41:20.250+0000] {logging_mixin.py:190} INFO - [2024-10-26T22:41:20.250+0000] {dagbag.py:588} INFO - Filling up the DagBag from /home/airflow/.local/lib/python3.12/site-packages/airflow/example_dags/example_sla_dag.py
[2024-10-26T22:41:20.259+0000] {processor.py:925} INFO - DAG(s) 'example_sla_dag' retrieved from /home/airflow/.local/lib/python3.12/site-packages/airflow/example_dags/example_sla_dag.py
[2024-10-26T22:41:20.276+0000] {logging_mixin.py:190} INFO - [2024-10-26T22:41:20.275+0000] {dag.py:3239} INFO - Sync 1 DAGs
[2024-10-26T22:41:20.297+0000] {logging_mixin.py:190} INFO - [2024-10-26T22:41:20.297+0000] {dag.py:4180} INFO - Setting next_dagrun for example_sla_dag to 2024-10-26 22:38:00+00:00, run_after=2024-10-26 22:40:00+00:00
[2024-10-26T22:41:20.318+0000] {processor.py:208} INFO - Processing /home/airflow/.local/lib/python3.12/site-packages/airflow/example_dags/example_sla_dag.py took 0.076 seconds
[2024-10-26T22:41:52.894+0000] {processor.py:186} INFO - Started process (PID=37988) to work on /home/airflow/.local/lib/python3.12/site-packages/airflow/example_dags/example_sla_dag.py
[2024-10-26T22:41:52.895+0000] {processor.py:914} INFO - Processing file /home/airflow/.local/lib/python3.12/site-packages/airflow/example_dags/example_sla_dag.py for tasks to queue
[2024-10-26T22:41:52.897+0000] {logging_mixin.py:190} INFO - [2024-10-26T22:41:52.896+0000] {dagbag.py:588} INFO - Filling up the DagBag from /home/airflow/.local/lib/python3.12/site-packages/airflow/example_dags/example_sla_dag.py
[2024-10-26T22:41:52.905+0000] {processor.py:925} INFO - DAG(s) 'example_sla_dag' retrieved from /home/airflow/.local/lib/python3.12/site-packages/airflow/example_dags/example_sla_dag.py
[2024-10-26T22:41:52.922+0000] {logging_mixin.py:190} INFO - [2024-10-26T22:41:52.921+0000] {dag.py:3239} INFO - Sync 1 DAGs
[2024-10-26T22:41:52.943+0000] {logging_mixin.py:190} INFO - [2024-10-26T22:41:52.943+0000] {dag.py:4180} INFO - Setting next_dagrun for example_sla_dag to 2024-10-26 22:38:00+00:00, run_after=2024-10-26 22:40:00+00:00
[2024-10-26T22:41:52.961+0000] {processor.py:208} INFO - Processing /home/airflow/.local/lib/python3.12/site-packages/airflow/example_dags/example_sla_dag.py took 0.073 seconds
[2024-10-26T22:42:25.741+0000] {processor.py:186} INFO - Started process (PID=38052) to work on /home/airflow/.local/lib/python3.12/site-packages/airflow/example_dags/example_sla_dag.py
[2024-10-26T22:42:25.742+0000] {processor.py:914} INFO - Processing file /home/airflow/.local/lib/python3.12/site-packages/airflow/example_dags/example_sla_dag.py for tasks to queue
[2024-10-26T22:42:25.745+0000] {logging_mixin.py:190} INFO - [2024-10-26T22:42:25.744+0000] {dagbag.py:588} INFO - Filling up the DagBag from /home/airflow/.local/lib/python3.12/site-packages/airflow/example_dags/example_sla_dag.py
[2024-10-26T22:42:25.753+0000] {processor.py:925} INFO - DAG(s) 'example_sla_dag' retrieved from /home/airflow/.local/lib/python3.12/site-packages/airflow/example_dags/example_sla_dag.py
[2024-10-26T22:42:25.770+0000] {logging_mixin.py:190} INFO - [2024-10-26T22:42:25.770+0000] {dag.py:3239} INFO - Sync 1 DAGs
[2024-10-26T22:42:25.791+0000] {logging_mixin.py:190} INFO - [2024-10-26T22:42:25.790+0000] {dag.py:4180} INFO - Setting next_dagrun for example_sla_dag to 2024-10-26 22:40:00+00:00, run_after=2024-10-26 22:42:00+00:00
[2024-10-26T22:42:25.810+0000] {processor.py:208} INFO - Processing /home/airflow/.local/lib/python3.12/site-packages/airflow/example_dags/example_sla_dag.py took 0.074 seconds
[2024-10-26T22:42:58.579+0000] {processor.py:186} INFO - Started process (PID=38116) to work on /home/airflow/.local/lib/python3.12/site-packages/airflow/example_dags/example_sla_dag.py
[2024-10-26T22:42:58.581+0000] {processor.py:914} INFO - Processing file /home/airflow/.local/lib/python3.12/site-packages/airflow/example_dags/example_sla_dag.py for tasks to queue
[2024-10-26T22:42:58.587+0000] {logging_mixin.py:190} INFO - [2024-10-26T22:42:58.587+0000] {dagbag.py:588} INFO - Filling up the DagBag from /home/airflow/.local/lib/python3.12/site-packages/airflow/example_dags/example_sla_dag.py
[2024-10-26T22:42:58.615+0000] {processor.py:925} INFO - DAG(s) 'example_sla_dag' retrieved from /home/airflow/.local/lib/python3.12/site-packages/airflow/example_dags/example_sla_dag.py
[2024-10-26T22:42:58.668+0000] {logging_mixin.py:190} INFO - [2024-10-26T22:42:58.668+0000] {dag.py:3239} INFO - Sync 1 DAGs
[2024-10-26T22:42:58.720+0000] {logging_mixin.py:190} INFO - [2024-10-26T22:42:58.720+0000] {dag.py:4180} INFO - Setting next_dagrun for example_sla_dag to 2024-10-26 22:40:00+00:00, run_after=2024-10-26 22:42:00+00:00
[2024-10-26T22:42:58.765+0000] {processor.py:208} INFO - Processing /home/airflow/.local/lib/python3.12/site-packages/airflow/example_dags/example_sla_dag.py took 0.199 seconds
[2024-10-26T22:43:31.631+0000] {processor.py:186} INFO - Started process (PID=38180) to work on /home/airflow/.local/lib/python3.12/site-packages/airflow/example_dags/example_sla_dag.py
[2024-10-26T22:43:31.632+0000] {processor.py:914} INFO - Processing file /home/airflow/.local/lib/python3.12/site-packages/airflow/example_dags/example_sla_dag.py for tasks to queue
[2024-10-26T22:43:31.634+0000] {logging_mixin.py:190} INFO - [2024-10-26T22:43:31.634+0000] {dagbag.py:588} INFO - Filling up the DagBag from /home/airflow/.local/lib/python3.12/site-packages/airflow/example_dags/example_sla_dag.py
[2024-10-26T22:43:31.642+0000] {processor.py:925} INFO - DAG(s) 'example_sla_dag' retrieved from /home/airflow/.local/lib/python3.12/site-packages/airflow/example_dags/example_sla_dag.py
[2024-10-26T22:43:31.658+0000] {logging_mixin.py:190} INFO - [2024-10-26T22:43:31.658+0000] {dag.py:3239} INFO - Sync 1 DAGs
[2024-10-26T22:43:31.679+0000] {logging_mixin.py:190} INFO - [2024-10-26T22:43:31.679+0000] {dag.py:4180} INFO - Setting next_dagrun for example_sla_dag to 2024-10-26 22:40:00+00:00, run_after=2024-10-26 22:42:00+00:00
[2024-10-26T22:43:31.700+0000] {processor.py:208} INFO - Processing /home/airflow/.local/lib/python3.12/site-packages/airflow/example_dags/example_sla_dag.py took 0.074 seconds
[2024-10-26T22:44:04.155+0000] {processor.py:186} INFO - Started process (PID=38244) to work on /home/airflow/.local/lib/python3.12/site-packages/airflow/example_dags/example_sla_dag.py
[2024-10-26T22:44:04.156+0000] {processor.py:914} INFO - Processing file /home/airflow/.local/lib/python3.12/site-packages/airflow/example_dags/example_sla_dag.py for tasks to queue
[2024-10-26T22:44:04.158+0000] {logging_mixin.py:190} INFO - [2024-10-26T22:44:04.158+0000] {dagbag.py:588} INFO - Filling up the DagBag from /home/airflow/.local/lib/python3.12/site-packages/airflow/example_dags/example_sla_dag.py
[2024-10-26T22:44:04.167+0000] {processor.py:925} INFO - DAG(s) 'example_sla_dag' retrieved from /home/airflow/.local/lib/python3.12/site-packages/airflow/example_dags/example_sla_dag.py
[2024-10-26T22:44:04.184+0000] {logging_mixin.py:190} INFO - [2024-10-26T22:44:04.184+0000] {dag.py:3239} INFO - Sync 1 DAGs
[2024-10-26T22:44:04.207+0000] {logging_mixin.py:190} INFO - [2024-10-26T22:44:04.207+0000] {dag.py:4180} INFO - Setting next_dagrun for example_sla_dag to 2024-10-26 22:42:00+00:00, run_after=2024-10-26 22:44:00+00:00
[2024-10-26T22:44:04.226+0000] {processor.py:208} INFO - Processing /home/airflow/.local/lib/python3.12/site-packages/airflow/example_dags/example_sla_dag.py took 0.075 seconds
[2024-10-26T22:44:37.221+0000] {processor.py:186} INFO - Started process (PID=38309) to work on /home/airflow/.local/lib/python3.12/site-packages/airflow/example_dags/example_sla_dag.py
[2024-10-26T22:44:37.223+0000] {processor.py:914} INFO - Processing file /home/airflow/.local/lib/python3.12/site-packages/airflow/example_dags/example_sla_dag.py for tasks to queue
[2024-10-26T22:44:37.226+0000] {logging_mixin.py:190} INFO - [2024-10-26T22:44:37.226+0000] {dagbag.py:588} INFO - Filling up the DagBag from /home/airflow/.local/lib/python3.12/site-packages/airflow/example_dags/example_sla_dag.py
[2024-10-26T22:44:37.239+0000] {processor.py:925} INFO - DAG(s) 'example_sla_dag' retrieved from /home/airflow/.local/lib/python3.12/site-packages/airflow/example_dags/example_sla_dag.py
[2024-10-26T22:44:37.260+0000] {logging_mixin.py:190} INFO - [2024-10-26T22:44:37.260+0000] {dag.py:3239} INFO - Sync 1 DAGs
[2024-10-26T22:44:37.289+0000] {logging_mixin.py:190} INFO - [2024-10-26T22:44:37.288+0000] {dag.py:4180} INFO - Setting next_dagrun for example_sla_dag to 2024-10-26 22:42:00+00:00, run_after=2024-10-26 22:44:00+00:00
[2024-10-26T22:44:37.314+0000] {processor.py:208} INFO - Processing /home/airflow/.local/lib/python3.12/site-packages/airflow/example_dags/example_sla_dag.py took 0.100 seconds
[2024-10-26T22:45:09.768+0000] {processor.py:186} INFO - Started process (PID=38373) to work on /home/airflow/.local/lib/python3.12/site-packages/airflow/example_dags/example_sla_dag.py
[2024-10-26T22:45:09.769+0000] {processor.py:914} INFO - Processing file /home/airflow/.local/lib/python3.12/site-packages/airflow/example_dags/example_sla_dag.py for tasks to queue
[2024-10-26T22:45:09.771+0000] {logging_mixin.py:190} INFO - [2024-10-26T22:45:09.771+0000] {dagbag.py:588} INFO - Filling up the DagBag from /home/airflow/.local/lib/python3.12/site-packages/airflow/example_dags/example_sla_dag.py
[2024-10-26T22:45:09.781+0000] {processor.py:925} INFO - DAG(s) 'example_sla_dag' retrieved from /home/airflow/.local/lib/python3.12/site-packages/airflow/example_dags/example_sla_dag.py
[2024-10-26T22:45:09.801+0000] {logging_mixin.py:190} INFO - [2024-10-26T22:45:09.801+0000] {dag.py:3239} INFO - Sync 1 DAGs
[2024-10-26T22:45:09.826+0000] {logging_mixin.py:190} INFO - [2024-10-26T22:45:09.825+0000] {dag.py:4180} INFO - Setting next_dagrun for example_sla_dag to 2024-10-26 22:42:00+00:00, run_after=2024-10-26 22:44:00+00:00
[2024-10-26T22:45:09.845+0000] {processor.py:208} INFO - Processing /home/airflow/.local/lib/python3.12/site-packages/airflow/example_dags/example_sla_dag.py took 0.083 seconds
[2024-10-26T22:45:42.317+0000] {processor.py:186} INFO - Started process (PID=38438) to work on /home/airflow/.local/lib/python3.12/site-packages/airflow/example_dags/example_sla_dag.py
[2024-10-26T22:45:42.334+0000] {processor.py:914} INFO - Processing file /home/airflow/.local/lib/python3.12/site-packages/airflow/example_dags/example_sla_dag.py for tasks to queue
[2024-10-26T22:45:42.346+0000] {logging_mixin.py:190} INFO - [2024-10-26T22:45:42.346+0000] {dagbag.py:588} INFO - Filling up the DagBag from /home/airflow/.local/lib/python3.12/site-packages/airflow/example_dags/example_sla_dag.py
[2024-10-26T22:45:42.394+0000] {processor.py:925} INFO - DAG(s) 'example_sla_dag' retrieved from /home/airflow/.local/lib/python3.12/site-packages/airflow/example_dags/example_sla_dag.py
[2024-10-26T22:45:42.528+0000] {logging_mixin.py:190} INFO - [2024-10-26T22:45:42.527+0000] {dag.py:3239} INFO - Sync 1 DAGs
[2024-10-26T22:45:42.685+0000] {logging_mixin.py:190} INFO - [2024-10-26T22:45:42.685+0000] {dag.py:4180} INFO - Setting next_dagrun for example_sla_dag to 2024-10-26 22:42:00+00:00, run_after=2024-10-26 22:44:00+00:00
[2024-10-26T22:45:42.846+0000] {processor.py:208} INFO - Processing /home/airflow/.local/lib/python3.12/site-packages/airflow/example_dags/example_sla_dag.py took 0.547 seconds
[2024-10-26T22:46:14.939+0000] {processor.py:186} INFO - Started process (PID=38502) to work on /home/airflow/.local/lib/python3.12/site-packages/airflow/example_dags/example_sla_dag.py
[2024-10-26T22:46:14.940+0000] {processor.py:914} INFO - Processing file /home/airflow/.local/lib/python3.12/site-packages/airflow/example_dags/example_sla_dag.py for tasks to queue
[2024-10-26T22:46:14.943+0000] {logging_mixin.py:190} INFO - [2024-10-26T22:46:14.943+0000] {dagbag.py:588} INFO - Filling up the DagBag from /home/airflow/.local/lib/python3.12/site-packages/airflow/example_dags/example_sla_dag.py
[2024-10-26T22:46:14.956+0000] {processor.py:925} INFO - DAG(s) 'example_sla_dag' retrieved from /home/airflow/.local/lib/python3.12/site-packages/airflow/example_dags/example_sla_dag.py
[2024-10-26T22:46:14.980+0000] {logging_mixin.py:190} INFO - [2024-10-26T22:46:14.980+0000] {dag.py:3239} INFO - Sync 1 DAGs
[2024-10-26T22:46:15.017+0000] {logging_mixin.py:190} INFO - [2024-10-26T22:46:15.017+0000] {dag.py:4180} INFO - Setting next_dagrun for example_sla_dag to 2024-10-26 22:44:00+00:00, run_after=2024-10-26 22:46:00+00:00
[2024-10-26T22:46:15.041+0000] {processor.py:208} INFO - Processing /home/airflow/.local/lib/python3.12/site-packages/airflow/example_dags/example_sla_dag.py took 0.109 seconds
[2024-10-26T22:46:48.159+0000] {processor.py:186} INFO - Started process (PID=38566) to work on /home/airflow/.local/lib/python3.12/site-packages/airflow/example_dags/example_sla_dag.py
[2024-10-26T22:46:48.160+0000] {processor.py:914} INFO - Processing file /home/airflow/.local/lib/python3.12/site-packages/airflow/example_dags/example_sla_dag.py for tasks to queue
[2024-10-26T22:46:48.163+0000] {logging_mixin.py:190} INFO - [2024-10-26T22:46:48.163+0000] {dagbag.py:588} INFO - Filling up the DagBag from /home/airflow/.local/lib/python3.12/site-packages/airflow/example_dags/example_sla_dag.py
[2024-10-26T22:46:48.179+0000] {processor.py:925} INFO - DAG(s) 'example_sla_dag' retrieved from /home/airflow/.local/lib/python3.12/site-packages/airflow/example_dags/example_sla_dag.py
[2024-10-26T22:46:48.202+0000] {logging_mixin.py:190} INFO - [2024-10-26T22:46:48.202+0000] {dag.py:3239} INFO - Sync 1 DAGs
[2024-10-26T22:46:48.239+0000] {logging_mixin.py:190} INFO - [2024-10-26T22:46:48.239+0000] {dag.py:4180} INFO - Setting next_dagrun for example_sla_dag to 2024-10-26 22:44:00+00:00, run_after=2024-10-26 22:46:00+00:00
[2024-10-26T22:46:48.266+0000] {processor.py:208} INFO - Processing /home/airflow/.local/lib/python3.12/site-packages/airflow/example_dags/example_sla_dag.py took 0.115 seconds
[2024-10-26T22:47:20.288+0000] {processor.py:186} INFO - Started process (PID=38631) to work on /home/airflow/.local/lib/python3.12/site-packages/airflow/example_dags/example_sla_dag.py
[2024-10-26T22:47:20.290+0000] {processor.py:914} INFO - Processing file /home/airflow/.local/lib/python3.12/site-packages/airflow/example_dags/example_sla_dag.py for tasks to queue
[2024-10-26T22:47:20.293+0000] {logging_mixin.py:190} INFO - [2024-10-26T22:47:20.293+0000] {dagbag.py:588} INFO - Filling up the DagBag from /home/airflow/.local/lib/python3.12/site-packages/airflow/example_dags/example_sla_dag.py
[2024-10-26T22:47:20.307+0000] {processor.py:925} INFO - DAG(s) 'example_sla_dag' retrieved from /home/airflow/.local/lib/python3.12/site-packages/airflow/example_dags/example_sla_dag.py
[2024-10-26T22:47:20.354+0000] {logging_mixin.py:190} INFO - [2024-10-26T22:47:20.353+0000] {dag.py:3239} INFO - Sync 1 DAGs
[2024-10-26T22:47:20.448+0000] {logging_mixin.py:190} INFO - [2024-10-26T22:47:20.447+0000] {dag.py:4180} INFO - Setting next_dagrun for example_sla_dag to 2024-10-26 22:44:00+00:00, run_after=2024-10-26 22:46:00+00:00
[2024-10-26T22:47:20.488+0000] {processor.py:208} INFO - Processing /home/airflow/.local/lib/python3.12/site-packages/airflow/example_dags/example_sla_dag.py took 0.212 seconds
[2024-10-26T22:47:53.341+0000] {processor.py:186} INFO - Started process (PID=38695) to work on /home/airflow/.local/lib/python3.12/site-packages/airflow/example_dags/example_sla_dag.py
[2024-10-26T22:47:53.347+0000] {processor.py:914} INFO - Processing file /home/airflow/.local/lib/python3.12/site-packages/airflow/example_dags/example_sla_dag.py for tasks to queue
[2024-10-26T22:47:53.360+0000] {logging_mixin.py:190} INFO - [2024-10-26T22:47:53.359+0000] {dagbag.py:588} INFO - Filling up the DagBag from /home/airflow/.local/lib/python3.12/site-packages/airflow/example_dags/example_sla_dag.py
[2024-10-26T22:47:53.383+0000] {processor.py:925} INFO - DAG(s) 'example_sla_dag' retrieved from /home/airflow/.local/lib/python3.12/site-packages/airflow/example_dags/example_sla_dag.py
[2024-10-26T22:47:53.433+0000] {logging_mixin.py:190} INFO - [2024-10-26T22:47:53.433+0000] {dag.py:3239} INFO - Sync 1 DAGs
[2024-10-26T22:47:53.523+0000] {logging_mixin.py:190} INFO - [2024-10-26T22:47:53.523+0000] {dag.py:4180} INFO - Setting next_dagrun for example_sla_dag to 2024-10-26 22:44:00+00:00, run_after=2024-10-26 22:46:00+00:00
[2024-10-26T22:47:53.588+0000] {processor.py:208} INFO - Processing /home/airflow/.local/lib/python3.12/site-packages/airflow/example_dags/example_sla_dag.py took 0.263 seconds
[2024-10-26T22:48:26.545+0000] {processor.py:186} INFO - Started process (PID=38759) to work on /home/airflow/.local/lib/python3.12/site-packages/airflow/example_dags/example_sla_dag.py
[2024-10-26T22:48:26.546+0000] {processor.py:914} INFO - Processing file /home/airflow/.local/lib/python3.12/site-packages/airflow/example_dags/example_sla_dag.py for tasks to queue
[2024-10-26T22:48:26.549+0000] {logging_mixin.py:190} INFO - [2024-10-26T22:48:26.549+0000] {dagbag.py:588} INFO - Filling up the DagBag from /home/airflow/.local/lib/python3.12/site-packages/airflow/example_dags/example_sla_dag.py
[2024-10-26T22:48:26.577+0000] {processor.py:925} INFO - DAG(s) 'example_sla_dag' retrieved from /home/airflow/.local/lib/python3.12/site-packages/airflow/example_dags/example_sla_dag.py
[2024-10-26T22:48:26.618+0000] {logging_mixin.py:190} INFO - [2024-10-26T22:48:26.618+0000] {dag.py:3239} INFO - Sync 1 DAGs
[2024-10-26T22:48:26.711+0000] {logging_mixin.py:190} INFO - [2024-10-26T22:48:26.710+0000] {dag.py:4180} INFO - Setting next_dagrun for example_sla_dag to 2024-10-26 22:46:00+00:00, run_after=2024-10-26 22:48:00+00:00
[2024-10-26T22:48:26.764+0000] {processor.py:208} INFO - Processing /home/airflow/.local/lib/python3.12/site-packages/airflow/example_dags/example_sla_dag.py took 0.236 seconds
[2024-10-26T22:48:59.566+0000] {processor.py:186} INFO - Started process (PID=38823) to work on /home/airflow/.local/lib/python3.12/site-packages/airflow/example_dags/example_sla_dag.py
[2024-10-26T22:48:59.568+0000] {processor.py:914} INFO - Processing file /home/airflow/.local/lib/python3.12/site-packages/airflow/example_dags/example_sla_dag.py for tasks to queue
[2024-10-26T22:48:59.578+0000] {logging_mixin.py:190} INFO - [2024-10-26T22:48:59.576+0000] {dagbag.py:588} INFO - Filling up the DagBag from /home/airflow/.local/lib/python3.12/site-packages/airflow/example_dags/example_sla_dag.py
[2024-10-26T22:48:59.593+0000] {processor.py:925} INFO - DAG(s) 'example_sla_dag' retrieved from /home/airflow/.local/lib/python3.12/site-packages/airflow/example_dags/example_sla_dag.py
[2024-10-26T22:48:59.629+0000] {logging_mixin.py:190} INFO - [2024-10-26T22:48:59.628+0000] {dag.py:3239} INFO - Sync 1 DAGs
[2024-10-26T22:48:59.730+0000] {logging_mixin.py:190} INFO - [2024-10-26T22:48:59.730+0000] {dag.py:4180} INFO - Setting next_dagrun for example_sla_dag to 2024-10-26 22:46:00+00:00, run_after=2024-10-26 22:48:00+00:00
[2024-10-26T22:48:59.800+0000] {processor.py:208} INFO - Processing /home/airflow/.local/lib/python3.12/site-packages/airflow/example_dags/example_sla_dag.py took 0.258 seconds
[2024-10-26T22:49:32.274+0000] {processor.py:186} INFO - Started process (PID=38888) to work on /home/airflow/.local/lib/python3.12/site-packages/airflow/example_dags/example_sla_dag.py
[2024-10-26T22:49:32.276+0000] {processor.py:914} INFO - Processing file /home/airflow/.local/lib/python3.12/site-packages/airflow/example_dags/example_sla_dag.py for tasks to queue
[2024-10-26T22:49:32.280+0000] {logging_mixin.py:190} INFO - [2024-10-26T22:49:32.280+0000] {dagbag.py:588} INFO - Filling up the DagBag from /home/airflow/.local/lib/python3.12/site-packages/airflow/example_dags/example_sla_dag.py
[2024-10-26T22:49:32.312+0000] {processor.py:925} INFO - DAG(s) 'example_sla_dag' retrieved from /home/airflow/.local/lib/python3.12/site-packages/airflow/example_dags/example_sla_dag.py
[2024-10-26T22:49:32.368+0000] {logging_mixin.py:190} INFO - [2024-10-26T22:49:32.367+0000] {dag.py:3239} INFO - Sync 1 DAGs
[2024-10-26T22:49:32.457+0000] {logging_mixin.py:190} INFO - [2024-10-26T22:49:32.457+0000] {dag.py:4180} INFO - Setting next_dagrun for example_sla_dag to 2024-10-26 22:46:00+00:00, run_after=2024-10-26 22:48:00+00:00
[2024-10-26T22:49:32.523+0000] {processor.py:208} INFO - Processing /home/airflow/.local/lib/python3.12/site-packages/airflow/example_dags/example_sla_dag.py took 0.264 seconds
[2024-10-26T22:50:05.582+0000] {processor.py:186} INFO - Started process (PID=38952) to work on /home/airflow/.local/lib/python3.12/site-packages/airflow/example_dags/example_sla_dag.py
[2024-10-26T22:50:05.583+0000] {processor.py:914} INFO - Processing file /home/airflow/.local/lib/python3.12/site-packages/airflow/example_dags/example_sla_dag.py for tasks to queue
[2024-10-26T22:50:05.595+0000] {logging_mixin.py:190} INFO - [2024-10-26T22:50:05.595+0000] {dagbag.py:588} INFO - Filling up the DagBag from /home/airflow/.local/lib/python3.12/site-packages/airflow/example_dags/example_sla_dag.py
[2024-10-26T22:50:05.628+0000] {processor.py:925} INFO - DAG(s) 'example_sla_dag' retrieved from /home/airflow/.local/lib/python3.12/site-packages/airflow/example_dags/example_sla_dag.py
[2024-10-26T22:50:05.685+0000] {logging_mixin.py:190} INFO - [2024-10-26T22:50:05.685+0000] {dag.py:3239} INFO - Sync 1 DAGs
[2024-10-26T22:50:05.775+0000] {logging_mixin.py:190} INFO - [2024-10-26T22:50:05.774+0000] {dag.py:4180} INFO - Setting next_dagrun for example_sla_dag to 2024-10-26 22:48:00+00:00, run_after=2024-10-26 22:50:00+00:00
[2024-10-26T22:50:06.017+0000] {processor.py:208} INFO - Processing /home/airflow/.local/lib/python3.12/site-packages/airflow/example_dags/example_sla_dag.py took 0.453 seconds
[2024-10-26T22:50:38.337+0000] {processor.py:186} INFO - Started process (PID=39016) to work on /home/airflow/.local/lib/python3.12/site-packages/airflow/example_dags/example_sla_dag.py
[2024-10-26T22:50:38.339+0000] {processor.py:914} INFO - Processing file /home/airflow/.local/lib/python3.12/site-packages/airflow/example_dags/example_sla_dag.py for tasks to queue
[2024-10-26T22:50:38.352+0000] {logging_mixin.py:190} INFO - [2024-10-26T22:50:38.351+0000] {dagbag.py:588} INFO - Filling up the DagBag from /home/airflow/.local/lib/python3.12/site-packages/airflow/example_dags/example_sla_dag.py
[2024-10-26T22:50:38.389+0000] {processor.py:925} INFO - DAG(s) 'example_sla_dag' retrieved from /home/airflow/.local/lib/python3.12/site-packages/airflow/example_dags/example_sla_dag.py
[2024-10-26T22:50:38.445+0000] {logging_mixin.py:190} INFO - [2024-10-26T22:50:38.445+0000] {dag.py:3239} INFO - Sync 1 DAGs
[2024-10-26T22:50:38.515+0000] {logging_mixin.py:190} INFO - [2024-10-26T22:50:38.515+0000] {dag.py:4180} INFO - Setting next_dagrun for example_sla_dag to 2024-10-26 22:48:00+00:00, run_after=2024-10-26 22:50:00+00:00
[2024-10-26T22:50:38.572+0000] {processor.py:208} INFO - Processing /home/airflow/.local/lib/python3.12/site-packages/airflow/example_dags/example_sla_dag.py took 0.242 seconds
[2024-10-26T22:51:11.348+0000] {processor.py:186} INFO - Started process (PID=39081) to work on /home/airflow/.local/lib/python3.12/site-packages/airflow/example_dags/example_sla_dag.py
[2024-10-26T22:51:11.372+0000] {processor.py:914} INFO - Processing file /home/airflow/.local/lib/python3.12/site-packages/airflow/example_dags/example_sla_dag.py for tasks to queue
[2024-10-26T22:51:11.418+0000] {logging_mixin.py:190} INFO - [2024-10-26T22:51:11.417+0000] {dagbag.py:588} INFO - Filling up the DagBag from /home/airflow/.local/lib/python3.12/site-packages/airflow/example_dags/example_sla_dag.py
[2024-10-26T22:51:11.468+0000] {processor.py:925} INFO - DAG(s) 'example_sla_dag' retrieved from /home/airflow/.local/lib/python3.12/site-packages/airflow/example_dags/example_sla_dag.py
[2024-10-26T22:51:11.542+0000] {logging_mixin.py:190} INFO - [2024-10-26T22:51:11.541+0000] {dag.py:3239} INFO - Sync 1 DAGs
[2024-10-26T22:51:11.621+0000] {logging_mixin.py:190} INFO - [2024-10-26T22:51:11.621+0000] {dag.py:4180} INFO - Setting next_dagrun for example_sla_dag to 2024-10-26 22:48:00+00:00, run_after=2024-10-26 22:50:00+00:00
[2024-10-26T22:51:11.697+0000] {processor.py:208} INFO - Processing /home/airflow/.local/lib/python3.12/site-packages/airflow/example_dags/example_sla_dag.py took 0.358 seconds
[2024-10-26T22:51:44.193+0000] {processor.py:186} INFO - Started process (PID=39145) to work on /home/airflow/.local/lib/python3.12/site-packages/airflow/example_dags/example_sla_dag.py
[2024-10-26T22:51:44.195+0000] {processor.py:914} INFO - Processing file /home/airflow/.local/lib/python3.12/site-packages/airflow/example_dags/example_sla_dag.py for tasks to queue
[2024-10-26T22:51:44.198+0000] {logging_mixin.py:190} INFO - [2024-10-26T22:51:44.198+0000] {dagbag.py:588} INFO - Filling up the DagBag from /home/airflow/.local/lib/python3.12/site-packages/airflow/example_dags/example_sla_dag.py
[2024-10-26T22:51:44.217+0000] {processor.py:925} INFO - DAG(s) 'example_sla_dag' retrieved from /home/airflow/.local/lib/python3.12/site-packages/airflow/example_dags/example_sla_dag.py
[2024-10-26T22:51:44.250+0000] {logging_mixin.py:190} INFO - [2024-10-26T22:51:44.250+0000] {dag.py:3239} INFO - Sync 1 DAGs
[2024-10-26T22:51:44.312+0000] {logging_mixin.py:190} INFO - [2024-10-26T22:51:44.311+0000] {dag.py:4180} INFO - Setting next_dagrun for example_sla_dag to 2024-10-26 22:48:00+00:00, run_after=2024-10-26 22:50:00+00:00
[2024-10-26T22:51:44.351+0000] {processor.py:208} INFO - Processing /home/airflow/.local/lib/python3.12/site-packages/airflow/example_dags/example_sla_dag.py took 0.167 seconds
[2024-10-26T22:52:16.023+0000] {processor.py:186} INFO - Started process (PID=39209) to work on /home/airflow/.local/lib/python3.12/site-packages/airflow/example_dags/example_sla_dag.py
[2024-10-26T22:52:16.026+0000] {processor.py:914} INFO - Processing file /home/airflow/.local/lib/python3.12/site-packages/airflow/example_dags/example_sla_dag.py for tasks to queue
[2024-10-26T22:52:16.031+0000] {logging_mixin.py:190} INFO - [2024-10-26T22:52:16.031+0000] {dagbag.py:588} INFO - Filling up the DagBag from /home/airflow/.local/lib/python3.12/site-packages/airflow/example_dags/example_sla_dag.py
[2024-10-26T22:52:16.045+0000] {processor.py:925} INFO - DAG(s) 'example_sla_dag' retrieved from /home/airflow/.local/lib/python3.12/site-packages/airflow/example_dags/example_sla_dag.py
[2024-10-26T22:52:16.069+0000] {logging_mixin.py:190} INFO - [2024-10-26T22:52:16.068+0000] {dag.py:3239} INFO - Sync 1 DAGs
[2024-10-26T22:52:16.096+0000] {logging_mixin.py:190} INFO - [2024-10-26T22:52:16.096+0000] {dag.py:4180} INFO - Setting next_dagrun for example_sla_dag to 2024-10-26 22:50:00+00:00, run_after=2024-10-26 22:52:00+00:00
[2024-10-26T22:52:16.116+0000] {processor.py:208} INFO - Processing /home/airflow/.local/lib/python3.12/site-packages/airflow/example_dags/example_sla_dag.py took 0.103 seconds
[2024-10-26T22:52:49.231+0000] {processor.py:186} INFO - Started process (PID=39273) to work on /home/airflow/.local/lib/python3.12/site-packages/airflow/example_dags/example_sla_dag.py
[2024-10-26T22:52:49.232+0000] {processor.py:914} INFO - Processing file /home/airflow/.local/lib/python3.12/site-packages/airflow/example_dags/example_sla_dag.py for tasks to queue
[2024-10-26T22:52:49.235+0000] {logging_mixin.py:190} INFO - [2024-10-26T22:52:49.235+0000] {dagbag.py:588} INFO - Filling up the DagBag from /home/airflow/.local/lib/python3.12/site-packages/airflow/example_dags/example_sla_dag.py
[2024-10-26T22:52:49.248+0000] {processor.py:925} INFO - DAG(s) 'example_sla_dag' retrieved from /home/airflow/.local/lib/python3.12/site-packages/airflow/example_dags/example_sla_dag.py
[2024-10-26T22:52:49.269+0000] {logging_mixin.py:190} INFO - [2024-10-26T22:52:49.269+0000] {dag.py:3239} INFO - Sync 1 DAGs
[2024-10-26T22:52:49.300+0000] {logging_mixin.py:190} INFO - [2024-10-26T22:52:49.300+0000] {dag.py:4180} INFO - Setting next_dagrun for example_sla_dag to 2024-10-26 22:50:00+00:00, run_after=2024-10-26 22:52:00+00:00
[2024-10-26T22:52:49.322+0000] {processor.py:208} INFO - Processing /home/airflow/.local/lib/python3.12/site-packages/airflow/example_dags/example_sla_dag.py took 0.101 seconds
[2024-10-26T22:53:21.230+0000] {processor.py:186} INFO - Started process (PID=39338) to work on /home/airflow/.local/lib/python3.12/site-packages/airflow/example_dags/example_sla_dag.py
[2024-10-26T22:53:21.232+0000] {processor.py:914} INFO - Processing file /home/airflow/.local/lib/python3.12/site-packages/airflow/example_dags/example_sla_dag.py for tasks to queue
[2024-10-26T22:53:21.236+0000] {logging_mixin.py:190} INFO - [2024-10-26T22:53:21.235+0000] {dagbag.py:588} INFO - Filling up the DagBag from /home/airflow/.local/lib/python3.12/site-packages/airflow/example_dags/example_sla_dag.py
[2024-10-26T22:53:21.260+0000] {processor.py:925} INFO - DAG(s) 'example_sla_dag' retrieved from /home/airflow/.local/lib/python3.12/site-packages/airflow/example_dags/example_sla_dag.py
[2024-10-26T22:53:21.290+0000] {logging_mixin.py:190} INFO - [2024-10-26T22:53:21.290+0000] {dag.py:3239} INFO - Sync 1 DAGs
[2024-10-26T22:53:21.327+0000] {logging_mixin.py:190} INFO - [2024-10-26T22:53:21.327+0000] {dag.py:4180} INFO - Setting next_dagrun for example_sla_dag to 2024-10-26 22:50:00+00:00, run_after=2024-10-26 22:52:00+00:00
[2024-10-26T22:53:21.350+0000] {processor.py:208} INFO - Processing /home/airflow/.local/lib/python3.12/site-packages/airflow/example_dags/example_sla_dag.py took 0.128 seconds
[2024-10-26T22:53:54.008+0000] {processor.py:186} INFO - Started process (PID=39402) to work on /home/airflow/.local/lib/python3.12/site-packages/airflow/example_dags/example_sla_dag.py
[2024-10-26T22:53:54.009+0000] {processor.py:914} INFO - Processing file /home/airflow/.local/lib/python3.12/site-packages/airflow/example_dags/example_sla_dag.py for tasks to queue
[2024-10-26T22:53:54.011+0000] {logging_mixin.py:190} INFO - [2024-10-26T22:53:54.011+0000] {dagbag.py:588} INFO - Filling up the DagBag from /home/airflow/.local/lib/python3.12/site-packages/airflow/example_dags/example_sla_dag.py
[2024-10-26T22:53:54.021+0000] {processor.py:925} INFO - DAG(s) 'example_sla_dag' retrieved from /home/airflow/.local/lib/python3.12/site-packages/airflow/example_dags/example_sla_dag.py
[2024-10-26T22:53:54.041+0000] {logging_mixin.py:190} INFO - [2024-10-26T22:53:54.040+0000] {dag.py:3239} INFO - Sync 1 DAGs
[2024-10-26T22:53:54.065+0000] {logging_mixin.py:190} INFO - [2024-10-26T22:53:54.065+0000] {dag.py:4180} INFO - Setting next_dagrun for example_sla_dag to 2024-10-26 22:50:00+00:00, run_after=2024-10-26 22:52:00+00:00
[2024-10-26T22:53:54.085+0000] {processor.py:208} INFO - Processing /home/airflow/.local/lib/python3.12/site-packages/airflow/example_dags/example_sla_dag.py took 0.084 seconds
[2024-10-26T22:54:26.562+0000] {processor.py:186} INFO - Started process (PID=39466) to work on /home/airflow/.local/lib/python3.12/site-packages/airflow/example_dags/example_sla_dag.py
[2024-10-26T22:54:26.563+0000] {processor.py:914} INFO - Processing file /home/airflow/.local/lib/python3.12/site-packages/airflow/example_dags/example_sla_dag.py for tasks to queue
[2024-10-26T22:54:26.566+0000] {logging_mixin.py:190} INFO - [2024-10-26T22:54:26.565+0000] {dagbag.py:588} INFO - Filling up the DagBag from /home/airflow/.local/lib/python3.12/site-packages/airflow/example_dags/example_sla_dag.py
[2024-10-26T22:54:26.576+0000] {processor.py:925} INFO - DAG(s) 'example_sla_dag' retrieved from /home/airflow/.local/lib/python3.12/site-packages/airflow/example_dags/example_sla_dag.py
[2024-10-26T22:54:26.596+0000] {logging_mixin.py:190} INFO - [2024-10-26T22:54:26.596+0000] {dag.py:3239} INFO - Sync 1 DAGs
[2024-10-26T22:54:26.620+0000] {logging_mixin.py:190} INFO - [2024-10-26T22:54:26.620+0000] {dag.py:4180} INFO - Setting next_dagrun for example_sla_dag to 2024-10-26 22:52:00+00:00, run_after=2024-10-26 22:54:00+00:00
[2024-10-26T22:54:26.641+0000] {processor.py:208} INFO - Processing /home/airflow/.local/lib/python3.12/site-packages/airflow/example_dags/example_sla_dag.py took 0.084 seconds
[2024-10-26T22:54:59.044+0000] {processor.py:186} INFO - Started process (PID=39530) to work on /home/airflow/.local/lib/python3.12/site-packages/airflow/example_dags/example_sla_dag.py
[2024-10-26T22:54:59.045+0000] {processor.py:914} INFO - Processing file /home/airflow/.local/lib/python3.12/site-packages/airflow/example_dags/example_sla_dag.py for tasks to queue
[2024-10-26T22:54:59.048+0000] {logging_mixin.py:190} INFO - [2024-10-26T22:54:59.047+0000] {dagbag.py:588} INFO - Filling up the DagBag from /home/airflow/.local/lib/python3.12/site-packages/airflow/example_dags/example_sla_dag.py
[2024-10-26T22:54:59.056+0000] {processor.py:925} INFO - DAG(s) 'example_sla_dag' retrieved from /home/airflow/.local/lib/python3.12/site-packages/airflow/example_dags/example_sla_dag.py
[2024-10-26T22:54:59.075+0000] {logging_mixin.py:190} INFO - [2024-10-26T22:54:59.075+0000] {dag.py:3239} INFO - Sync 1 DAGs
[2024-10-26T22:54:59.097+0000] {logging_mixin.py:190} INFO - [2024-10-26T22:54:59.097+0000] {dag.py:4180} INFO - Setting next_dagrun for example_sla_dag to 2024-10-26 22:52:00+00:00, run_after=2024-10-26 22:54:00+00:00
[2024-10-26T22:54:59.117+0000] {processor.py:208} INFO - Processing /home/airflow/.local/lib/python3.12/site-packages/airflow/example_dags/example_sla_dag.py took 0.078 seconds
[2024-10-26T22:55:32.098+0000] {processor.py:186} INFO - Started process (PID=39594) to work on /home/airflow/.local/lib/python3.12/site-packages/airflow/example_dags/example_sla_dag.py
[2024-10-26T22:55:32.099+0000] {processor.py:914} INFO - Processing file /home/airflow/.local/lib/python3.12/site-packages/airflow/example_dags/example_sla_dag.py for tasks to queue
[2024-10-26T22:55:32.101+0000] {logging_mixin.py:190} INFO - [2024-10-26T22:55:32.101+0000] {dagbag.py:588} INFO - Filling up the DagBag from /home/airflow/.local/lib/python3.12/site-packages/airflow/example_dags/example_sla_dag.py
[2024-10-26T22:55:32.110+0000] {processor.py:925} INFO - DAG(s) 'example_sla_dag' retrieved from /home/airflow/.local/lib/python3.12/site-packages/airflow/example_dags/example_sla_dag.py
[2024-10-26T22:55:32.127+0000] {logging_mixin.py:190} INFO - [2024-10-26T22:55:32.127+0000] {dag.py:3239} INFO - Sync 1 DAGs
[2024-10-26T22:55:32.148+0000] {logging_mixin.py:190} INFO - [2024-10-26T22:55:32.148+0000] {dag.py:4180} INFO - Setting next_dagrun for example_sla_dag to 2024-10-26 22:52:00+00:00, run_after=2024-10-26 22:54:00+00:00
[2024-10-26T22:55:32.168+0000] {processor.py:208} INFO - Processing /home/airflow/.local/lib/python3.12/site-packages/airflow/example_dags/example_sla_dag.py took 0.076 seconds
[2024-10-26T22:56:04.447+0000] {processor.py:186} INFO - Started process (PID=39658) to work on /home/airflow/.local/lib/python3.12/site-packages/airflow/example_dags/example_sla_dag.py
[2024-10-26T22:56:04.448+0000] {processor.py:914} INFO - Processing file /home/airflow/.local/lib/python3.12/site-packages/airflow/example_dags/example_sla_dag.py for tasks to queue
[2024-10-26T22:56:04.451+0000] {logging_mixin.py:190} INFO - [2024-10-26T22:56:04.450+0000] {dagbag.py:588} INFO - Filling up the DagBag from /home/airflow/.local/lib/python3.12/site-packages/airflow/example_dags/example_sla_dag.py
[2024-10-26T22:56:04.460+0000] {processor.py:925} INFO - DAG(s) 'example_sla_dag' retrieved from /home/airflow/.local/lib/python3.12/site-packages/airflow/example_dags/example_sla_dag.py
[2024-10-26T22:56:04.479+0000] {logging_mixin.py:190} INFO - [2024-10-26T22:56:04.479+0000] {dag.py:3239} INFO - Sync 1 DAGs
[2024-10-26T22:56:04.502+0000] {logging_mixin.py:190} INFO - [2024-10-26T22:56:04.502+0000] {dag.py:4180} INFO - Setting next_dagrun for example_sla_dag to 2024-10-26 22:54:00+00:00, run_after=2024-10-26 22:56:00+00:00
[2024-10-26T22:56:04.523+0000] {processor.py:208} INFO - Processing /home/airflow/.local/lib/python3.12/site-packages/airflow/example_dags/example_sla_dag.py took 0.082 seconds
[2024-10-26T22:56:37.778+0000] {processor.py:186} INFO - Started process (PID=39722) to work on /home/airflow/.local/lib/python3.12/site-packages/airflow/example_dags/example_sla_dag.py
[2024-10-26T22:56:37.779+0000] {processor.py:914} INFO - Processing file /home/airflow/.local/lib/python3.12/site-packages/airflow/example_dags/example_sla_dag.py for tasks to queue
[2024-10-26T22:56:37.782+0000] {logging_mixin.py:190} INFO - [2024-10-26T22:56:37.781+0000] {dagbag.py:588} INFO - Filling up the DagBag from /home/airflow/.local/lib/python3.12/site-packages/airflow/example_dags/example_sla_dag.py
[2024-10-26T22:56:37.791+0000] {processor.py:925} INFO - DAG(s) 'example_sla_dag' retrieved from /home/airflow/.local/lib/python3.12/site-packages/airflow/example_dags/example_sla_dag.py
[2024-10-26T22:56:37.808+0000] {logging_mixin.py:190} INFO - [2024-10-26T22:56:37.808+0000] {dag.py:3239} INFO - Sync 1 DAGs
[2024-10-26T22:56:37.987+0000] {logging_mixin.py:190} INFO - [2024-10-26T22:56:37.987+0000] {dag.py:4180} INFO - Setting next_dagrun for example_sla_dag to 2024-10-26 22:54:00+00:00, run_after=2024-10-26 22:56:00+00:00
[2024-10-26T22:56:38.004+0000] {processor.py:208} INFO - Processing /home/airflow/.local/lib/python3.12/site-packages/airflow/example_dags/example_sla_dag.py took 0.231 seconds
[2024-10-26T22:57:10.143+0000] {processor.py:186} INFO - Started process (PID=39786) to work on /home/airflow/.local/lib/python3.12/site-packages/airflow/example_dags/example_sla_dag.py
[2024-10-26T22:57:10.143+0000] {processor.py:914} INFO - Processing file /home/airflow/.local/lib/python3.12/site-packages/airflow/example_dags/example_sla_dag.py for tasks to queue
[2024-10-26T22:57:10.146+0000] {logging_mixin.py:190} INFO - [2024-10-26T22:57:10.146+0000] {dagbag.py:588} INFO - Filling up the DagBag from /home/airflow/.local/lib/python3.12/site-packages/airflow/example_dags/example_sla_dag.py
[2024-10-26T22:57:10.157+0000] {processor.py:925} INFO - DAG(s) 'example_sla_dag' retrieved from /home/airflow/.local/lib/python3.12/site-packages/airflow/example_dags/example_sla_dag.py
[2024-10-26T22:57:10.179+0000] {logging_mixin.py:190} INFO - [2024-10-26T22:57:10.178+0000] {dag.py:3239} INFO - Sync 1 DAGs
[2024-10-26T22:57:10.209+0000] {logging_mixin.py:190} INFO - [2024-10-26T22:57:10.208+0000] {dag.py:4180} INFO - Setting next_dagrun for example_sla_dag to 2024-10-26 22:54:00+00:00, run_after=2024-10-26 22:56:00+00:00
[2024-10-26T22:57:10.378+0000] {processor.py:208} INFO - Processing /home/airflow/.local/lib/python3.12/site-packages/airflow/example_dags/example_sla_dag.py took 0.242 seconds
[2024-10-26T22:57:43.167+0000] {processor.py:186} INFO - Started process (PID=39850) to work on /home/airflow/.local/lib/python3.12/site-packages/airflow/example_dags/example_sla_dag.py
[2024-10-26T22:57:43.168+0000] {processor.py:914} INFO - Processing file /home/airflow/.local/lib/python3.12/site-packages/airflow/example_dags/example_sla_dag.py for tasks to queue
[2024-10-26T22:57:43.170+0000] {logging_mixin.py:190} INFO - [2024-10-26T22:57:43.170+0000] {dagbag.py:588} INFO - Filling up the DagBag from /home/airflow/.local/lib/python3.12/site-packages/airflow/example_dags/example_sla_dag.py
[2024-10-26T22:57:43.179+0000] {processor.py:925} INFO - DAG(s) 'example_sla_dag' retrieved from /home/airflow/.local/lib/python3.12/site-packages/airflow/example_dags/example_sla_dag.py
[2024-10-26T22:57:43.195+0000] {logging_mixin.py:190} INFO - [2024-10-26T22:57:43.195+0000] {dag.py:3239} INFO - Sync 1 DAGs
[2024-10-26T22:57:43.221+0000] {logging_mixin.py:190} INFO - [2024-10-26T22:57:43.221+0000] {dag.py:4180} INFO - Setting next_dagrun for example_sla_dag to 2024-10-26 22:54:00+00:00, run_after=2024-10-26 22:56:00+00:00
[2024-10-26T22:57:43.244+0000] {processor.py:208} INFO - Processing /home/airflow/.local/lib/python3.12/site-packages/airflow/example_dags/example_sla_dag.py took 0.082 seconds
[2024-10-26T22:58:15.575+0000] {processor.py:186} INFO - Started process (PID=39914) to work on /home/airflow/.local/lib/python3.12/site-packages/airflow/example_dags/example_sla_dag.py
[2024-10-26T22:58:15.577+0000] {processor.py:914} INFO - Processing file /home/airflow/.local/lib/python3.12/site-packages/airflow/example_dags/example_sla_dag.py for tasks to queue
[2024-10-26T22:58:15.579+0000] {logging_mixin.py:190} INFO - [2024-10-26T22:58:15.579+0000] {dagbag.py:588} INFO - Filling up the DagBag from /home/airflow/.local/lib/python3.12/site-packages/airflow/example_dags/example_sla_dag.py
[2024-10-26T22:58:15.590+0000] {processor.py:925} INFO - DAG(s) 'example_sla_dag' retrieved from /home/airflow/.local/lib/python3.12/site-packages/airflow/example_dags/example_sla_dag.py
[2024-10-26T22:58:15.608+0000] {logging_mixin.py:190} INFO - [2024-10-26T22:58:15.607+0000] {dag.py:3239} INFO - Sync 1 DAGs
[2024-10-26T22:58:15.633+0000] {logging_mixin.py:190} INFO - [2024-10-26T22:58:15.633+0000] {dag.py:4180} INFO - Setting next_dagrun for example_sla_dag to 2024-10-26 22:56:00+00:00, run_after=2024-10-26 22:58:00+00:00
[2024-10-26T22:58:15.656+0000] {processor.py:208} INFO - Processing /home/airflow/.local/lib/python3.12/site-packages/airflow/example_dags/example_sla_dag.py took 0.087 seconds
[2024-10-26T22:58:48.849+0000] {processor.py:186} INFO - Started process (PID=39978) to work on /home/airflow/.local/lib/python3.12/site-packages/airflow/example_dags/example_sla_dag.py
[2024-10-26T22:58:48.850+0000] {processor.py:914} INFO - Processing file /home/airflow/.local/lib/python3.12/site-packages/airflow/example_dags/example_sla_dag.py for tasks to queue
[2024-10-26T22:58:48.852+0000] {logging_mixin.py:190} INFO - [2024-10-26T22:58:48.852+0000] {dagbag.py:588} INFO - Filling up the DagBag from /home/airflow/.local/lib/python3.12/site-packages/airflow/example_dags/example_sla_dag.py
[2024-10-26T22:58:48.861+0000] {processor.py:925} INFO - DAG(s) 'example_sla_dag' retrieved from /home/airflow/.local/lib/python3.12/site-packages/airflow/example_dags/example_sla_dag.py
[2024-10-26T22:58:48.878+0000] {logging_mixin.py:190} INFO - [2024-10-26T22:58:48.878+0000] {dag.py:3239} INFO - Sync 1 DAGs
[2024-10-26T22:58:48.900+0000] {logging_mixin.py:190} INFO - [2024-10-26T22:58:48.900+0000] {dag.py:4180} INFO - Setting next_dagrun for example_sla_dag to 2024-10-26 22:56:00+00:00, run_after=2024-10-26 22:58:00+00:00
[2024-10-26T22:58:48.921+0000] {processor.py:208} INFO - Processing /home/airflow/.local/lib/python3.12/site-packages/airflow/example_dags/example_sla_dag.py took 0.077 seconds
[2024-10-26T22:59:21.683+0000] {processor.py:186} INFO - Started process (PID=40042) to work on /home/airflow/.local/lib/python3.12/site-packages/airflow/example_dags/example_sla_dag.py
[2024-10-26T22:59:21.684+0000] {processor.py:914} INFO - Processing file /home/airflow/.local/lib/python3.12/site-packages/airflow/example_dags/example_sla_dag.py for tasks to queue
[2024-10-26T22:59:21.687+0000] {logging_mixin.py:190} INFO - [2024-10-26T22:59:21.686+0000] {dagbag.py:588} INFO - Filling up the DagBag from /home/airflow/.local/lib/python3.12/site-packages/airflow/example_dags/example_sla_dag.py
[2024-10-26T22:59:21.698+0000] {processor.py:925} INFO - DAG(s) 'example_sla_dag' retrieved from /home/airflow/.local/lib/python3.12/site-packages/airflow/example_dags/example_sla_dag.py
[2024-10-26T22:59:21.715+0000] {logging_mixin.py:190} INFO - [2024-10-26T22:59:21.715+0000] {dag.py:3239} INFO - Sync 1 DAGs
[2024-10-26T22:59:21.741+0000] {logging_mixin.py:190} INFO - [2024-10-26T22:59:21.741+0000] {dag.py:4180} INFO - Setting next_dagrun for example_sla_dag to 2024-10-26 22:56:00+00:00, run_after=2024-10-26 22:58:00+00:00
[2024-10-26T22:59:21.763+0000] {processor.py:208} INFO - Processing /home/airflow/.local/lib/python3.12/site-packages/airflow/example_dags/example_sla_dag.py took 0.086 seconds
[2024-10-26T22:59:53.765+0000] {processor.py:186} INFO - Started process (PID=40106) to work on /home/airflow/.local/lib/python3.12/site-packages/airflow/example_dags/example_sla_dag.py
[2024-10-26T22:59:53.767+0000] {processor.py:914} INFO - Processing file /home/airflow/.local/lib/python3.12/site-packages/airflow/example_dags/example_sla_dag.py for tasks to queue
[2024-10-26T22:59:53.769+0000] {logging_mixin.py:190} INFO - [2024-10-26T22:59:53.769+0000] {dagbag.py:588} INFO - Filling up the DagBag from /home/airflow/.local/lib/python3.12/site-packages/airflow/example_dags/example_sla_dag.py
[2024-10-26T22:59:53.778+0000] {processor.py:925} INFO - DAG(s) 'example_sla_dag' retrieved from /home/airflow/.local/lib/python3.12/site-packages/airflow/example_dags/example_sla_dag.py
[2024-10-26T22:59:53.795+0000] {logging_mixin.py:190} INFO - [2024-10-26T22:59:53.795+0000] {dag.py:3239} INFO - Sync 1 DAGs
[2024-10-26T22:59:53.817+0000] {logging_mixin.py:190} INFO - [2024-10-26T22:59:53.817+0000] {dag.py:4180} INFO - Setting next_dagrun for example_sla_dag to 2024-10-26 22:56:00+00:00, run_after=2024-10-26 22:58:00+00:00
[2024-10-26T22:59:53.837+0000] {processor.py:208} INFO - Processing /home/airflow/.local/lib/python3.12/site-packages/airflow/example_dags/example_sla_dag.py took 0.077 seconds
[2024-10-26T23:00:26.884+0000] {processor.py:186} INFO - Started process (PID=40170) to work on /home/airflow/.local/lib/python3.12/site-packages/airflow/example_dags/example_sla_dag.py
[2024-10-26T23:00:26.885+0000] {processor.py:914} INFO - Processing file /home/airflow/.local/lib/python3.12/site-packages/airflow/example_dags/example_sla_dag.py for tasks to queue
[2024-10-26T23:00:26.887+0000] {logging_mixin.py:190} INFO - [2024-10-26T23:00:26.887+0000] {dagbag.py:588} INFO - Filling up the DagBag from /home/airflow/.local/lib/python3.12/site-packages/airflow/example_dags/example_sla_dag.py
[2024-10-26T23:00:26.896+0000] {processor.py:925} INFO - DAG(s) 'example_sla_dag' retrieved from /home/airflow/.local/lib/python3.12/site-packages/airflow/example_dags/example_sla_dag.py
[2024-10-26T23:00:26.920+0000] {logging_mixin.py:190} INFO - [2024-10-26T23:00:26.919+0000] {dag.py:3239} INFO - Sync 1 DAGs
[2024-10-26T23:00:26.951+0000] {logging_mixin.py:190} INFO - [2024-10-26T23:00:26.951+0000] {dag.py:4180} INFO - Setting next_dagrun for example_sla_dag to 2024-10-26 22:58:00+00:00, run_after=2024-10-26 23:00:00+00:00
[2024-10-26T23:00:26.972+0000] {processor.py:208} INFO - Processing /home/airflow/.local/lib/python3.12/site-packages/airflow/example_dags/example_sla_dag.py took 0.093 seconds
[2024-10-26T23:00:59.689+0000] {processor.py:186} INFO - Started process (PID=40234) to work on /home/airflow/.local/lib/python3.12/site-packages/airflow/example_dags/example_sla_dag.py
[2024-10-26T23:00:59.690+0000] {processor.py:914} INFO - Processing file /home/airflow/.local/lib/python3.12/site-packages/airflow/example_dags/example_sla_dag.py for tasks to queue
[2024-10-26T23:00:59.694+0000] {logging_mixin.py:190} INFO - [2024-10-26T23:00:59.693+0000] {dagbag.py:588} INFO - Filling up the DagBag from /home/airflow/.local/lib/python3.12/site-packages/airflow/example_dags/example_sla_dag.py
[2024-10-26T23:00:59.703+0000] {processor.py:925} INFO - DAG(s) 'example_sla_dag' retrieved from /home/airflow/.local/lib/python3.12/site-packages/airflow/example_dags/example_sla_dag.py
[2024-10-26T23:00:59.725+0000] {logging_mixin.py:190} INFO - [2024-10-26T23:00:59.724+0000] {dag.py:3239} INFO - Sync 1 DAGs
[2024-10-26T23:00:59.747+0000] {logging_mixin.py:190} INFO - [2024-10-26T23:00:59.747+0000] {dag.py:4180} INFO - Setting next_dagrun for example_sla_dag to 2024-10-26 22:58:00+00:00, run_after=2024-10-26 23:00:00+00:00
[2024-10-26T23:00:59.765+0000] {processor.py:208} INFO - Processing /home/airflow/.local/lib/python3.12/site-packages/airflow/example_dags/example_sla_dag.py took 0.081 seconds
[2024-10-26T23:01:31.933+0000] {processor.py:186} INFO - Started process (PID=40298) to work on /home/airflow/.local/lib/python3.12/site-packages/airflow/example_dags/example_sla_dag.py
[2024-10-26T23:01:31.934+0000] {processor.py:914} INFO - Processing file /home/airflow/.local/lib/python3.12/site-packages/airflow/example_dags/example_sla_dag.py for tasks to queue
[2024-10-26T23:01:31.936+0000] {logging_mixin.py:190} INFO - [2024-10-26T23:01:31.936+0000] {dagbag.py:588} INFO - Filling up the DagBag from /home/airflow/.local/lib/python3.12/site-packages/airflow/example_dags/example_sla_dag.py
[2024-10-26T23:01:31.947+0000] {processor.py:925} INFO - DAG(s) 'example_sla_dag' retrieved from /home/airflow/.local/lib/python3.12/site-packages/airflow/example_dags/example_sla_dag.py
[2024-10-26T23:01:31.966+0000] {logging_mixin.py:190} INFO - [2024-10-26T23:01:31.966+0000] {dag.py:3239} INFO - Sync 1 DAGs
[2024-10-26T23:01:31.992+0000] {logging_mixin.py:190} INFO - [2024-10-26T23:01:31.991+0000] {dag.py:4180} INFO - Setting next_dagrun for example_sla_dag to 2024-10-26 22:58:00+00:00, run_after=2024-10-26 23:00:00+00:00
[2024-10-26T23:01:32.011+0000] {processor.py:208} INFO - Processing /home/airflow/.local/lib/python3.12/site-packages/airflow/example_dags/example_sla_dag.py took 0.084 seconds
[2024-10-26T23:02:05.016+0000] {processor.py:186} INFO - Started process (PID=40362) to work on /home/airflow/.local/lib/python3.12/site-packages/airflow/example_dags/example_sla_dag.py
[2024-10-26T23:02:05.017+0000] {processor.py:914} INFO - Processing file /home/airflow/.local/lib/python3.12/site-packages/airflow/example_dags/example_sla_dag.py for tasks to queue
[2024-10-26T23:02:05.020+0000] {logging_mixin.py:190} INFO - [2024-10-26T23:02:05.019+0000] {dagbag.py:588} INFO - Filling up the DagBag from /home/airflow/.local/lib/python3.12/site-packages/airflow/example_dags/example_sla_dag.py
[2024-10-26T23:02:05.031+0000] {processor.py:925} INFO - DAG(s) 'example_sla_dag' retrieved from /home/airflow/.local/lib/python3.12/site-packages/airflow/example_dags/example_sla_dag.py
[2024-10-26T23:02:05.050+0000] {logging_mixin.py:190} INFO - [2024-10-26T23:02:05.050+0000] {dag.py:3239} INFO - Sync 1 DAGs
[2024-10-26T23:02:05.074+0000] {logging_mixin.py:190} INFO - [2024-10-26T23:02:05.074+0000] {dag.py:4180} INFO - Setting next_dagrun for example_sla_dag to 2024-10-26 23:00:00+00:00, run_after=2024-10-26 23:02:00+00:00
[2024-10-26T23:02:05.095+0000] {processor.py:208} INFO - Processing /home/airflow/.local/lib/python3.12/site-packages/airflow/example_dags/example_sla_dag.py took 0.085 seconds
[2024-10-26T23:02:37.879+0000] {processor.py:186} INFO - Started process (PID=40426) to work on /home/airflow/.local/lib/python3.12/site-packages/airflow/example_dags/example_sla_dag.py
[2024-10-26T23:02:37.879+0000] {processor.py:914} INFO - Processing file /home/airflow/.local/lib/python3.12/site-packages/airflow/example_dags/example_sla_dag.py for tasks to queue
[2024-10-26T23:02:37.882+0000] {logging_mixin.py:190} INFO - [2024-10-26T23:02:37.881+0000] {dagbag.py:588} INFO - Filling up the DagBag from /home/airflow/.local/lib/python3.12/site-packages/airflow/example_dags/example_sla_dag.py
[2024-10-26T23:02:37.891+0000] {processor.py:925} INFO - DAG(s) 'example_sla_dag' retrieved from /home/airflow/.local/lib/python3.12/site-packages/airflow/example_dags/example_sla_dag.py
[2024-10-26T23:02:37.910+0000] {logging_mixin.py:190} INFO - [2024-10-26T23:02:37.910+0000] {dag.py:3239} INFO - Sync 1 DAGs
[2024-10-26T23:02:37.934+0000] {logging_mixin.py:190} INFO - [2024-10-26T23:02:37.934+0000] {dag.py:4180} INFO - Setting next_dagrun for example_sla_dag to 2024-10-26 23:00:00+00:00, run_after=2024-10-26 23:02:00+00:00
[2024-10-26T23:02:37.955+0000] {processor.py:208} INFO - Processing /home/airflow/.local/lib/python3.12/site-packages/airflow/example_dags/example_sla_dag.py took 0.081 seconds
[2024-10-26T23:03:09.923+0000] {processor.py:186} INFO - Started process (PID=40490) to work on /home/airflow/.local/lib/python3.12/site-packages/airflow/example_dags/example_sla_dag.py
[2024-10-26T23:03:09.924+0000] {processor.py:914} INFO - Processing file /home/airflow/.local/lib/python3.12/site-packages/airflow/example_dags/example_sla_dag.py for tasks to queue
[2024-10-26T23:03:09.926+0000] {logging_mixin.py:190} INFO - [2024-10-26T23:03:09.926+0000] {dagbag.py:588} INFO - Filling up the DagBag from /home/airflow/.local/lib/python3.12/site-packages/airflow/example_dags/example_sla_dag.py
[2024-10-26T23:03:09.935+0000] {processor.py:925} INFO - DAG(s) 'example_sla_dag' retrieved from /home/airflow/.local/lib/python3.12/site-packages/airflow/example_dags/example_sla_dag.py
[2024-10-26T23:03:09.953+0000] {logging_mixin.py:190} INFO - [2024-10-26T23:03:09.953+0000] {dag.py:3239} INFO - Sync 1 DAGs
[2024-10-26T23:03:09.976+0000] {logging_mixin.py:190} INFO - [2024-10-26T23:03:09.975+0000] {dag.py:4180} INFO - Setting next_dagrun for example_sla_dag to 2024-10-26 23:00:00+00:00, run_after=2024-10-26 23:02:00+00:00
[2024-10-26T23:03:09.995+0000] {processor.py:208} INFO - Processing /home/airflow/.local/lib/python3.12/site-packages/airflow/example_dags/example_sla_dag.py took 0.078 seconds
[2024-10-26T23:03:42.763+0000] {processor.py:186} INFO - Started process (PID=40554) to work on /home/airflow/.local/lib/python3.12/site-packages/airflow/example_dags/example_sla_dag.py
[2024-10-26T23:03:42.764+0000] {processor.py:914} INFO - Processing file /home/airflow/.local/lib/python3.12/site-packages/airflow/example_dags/example_sla_dag.py for tasks to queue
[2024-10-26T23:03:42.767+0000] {logging_mixin.py:190} INFO - [2024-10-26T23:03:42.766+0000] {dagbag.py:588} INFO - Filling up the DagBag from /home/airflow/.local/lib/python3.12/site-packages/airflow/example_dags/example_sla_dag.py
[2024-10-26T23:03:42.776+0000] {processor.py:925} INFO - DAG(s) 'example_sla_dag' retrieved from /home/airflow/.local/lib/python3.12/site-packages/airflow/example_dags/example_sla_dag.py
[2024-10-26T23:03:42.794+0000] {logging_mixin.py:190} INFO - [2024-10-26T23:03:42.794+0000] {dag.py:3239} INFO - Sync 1 DAGs
[2024-10-26T23:03:42.815+0000] {logging_mixin.py:190} INFO - [2024-10-26T23:03:42.815+0000] {dag.py:4180} INFO - Setting next_dagrun for example_sla_dag to 2024-10-26 23:00:00+00:00, run_after=2024-10-26 23:02:00+00:00
[2024-10-26T23:03:42.835+0000] {processor.py:208} INFO - Processing /home/airflow/.local/lib/python3.12/site-packages/airflow/example_dags/example_sla_dag.py took 0.079 seconds
[2024-10-26T23:04:15.825+0000] {processor.py:186} INFO - Started process (PID=40618) to work on /home/airflow/.local/lib/python3.12/site-packages/airflow/example_dags/example_sla_dag.py
[2024-10-26T23:04:15.827+0000] {processor.py:914} INFO - Processing file /home/airflow/.local/lib/python3.12/site-packages/airflow/example_dags/example_sla_dag.py for tasks to queue
[2024-10-26T23:04:15.829+0000] {logging_mixin.py:190} INFO - [2024-10-26T23:04:15.829+0000] {dagbag.py:588} INFO - Filling up the DagBag from /home/airflow/.local/lib/python3.12/site-packages/airflow/example_dags/example_sla_dag.py
[2024-10-26T23:04:15.838+0000] {processor.py:925} INFO - DAG(s) 'example_sla_dag' retrieved from /home/airflow/.local/lib/python3.12/site-packages/airflow/example_dags/example_sla_dag.py
[2024-10-26T23:04:15.857+0000] {logging_mixin.py:190} INFO - [2024-10-26T23:04:15.856+0000] {dag.py:3239} INFO - Sync 1 DAGs
[2024-10-26T23:04:15.882+0000] {logging_mixin.py:190} INFO - [2024-10-26T23:04:15.882+0000] {dag.py:4180} INFO - Setting next_dagrun for example_sla_dag to 2024-10-26 23:02:00+00:00, run_after=2024-10-26 23:04:00+00:00
[2024-10-26T23:04:15.904+0000] {processor.py:208} INFO - Processing /home/airflow/.local/lib/python3.12/site-packages/airflow/example_dags/example_sla_dag.py took 0.084 seconds
[2024-10-26T23:04:48.617+0000] {processor.py:186} INFO - Started process (PID=40683) to work on /home/airflow/.local/lib/python3.12/site-packages/airflow/example_dags/example_sla_dag.py
[2024-10-26T23:04:48.618+0000] {processor.py:914} INFO - Processing file /home/airflow/.local/lib/python3.12/site-packages/airflow/example_dags/example_sla_dag.py for tasks to queue
[2024-10-26T23:04:48.620+0000] {logging_mixin.py:190} INFO - [2024-10-26T23:04:48.620+0000] {dagbag.py:588} INFO - Filling up the DagBag from /home/airflow/.local/lib/python3.12/site-packages/airflow/example_dags/example_sla_dag.py
[2024-10-26T23:04:48.630+0000] {processor.py:925} INFO - DAG(s) 'example_sla_dag' retrieved from /home/airflow/.local/lib/python3.12/site-packages/airflow/example_dags/example_sla_dag.py
[2024-10-26T23:04:48.649+0000] {logging_mixin.py:190} INFO - [2024-10-26T23:04:48.649+0000] {dag.py:3239} INFO - Sync 1 DAGs
[2024-10-26T23:04:48.675+0000] {logging_mixin.py:190} INFO - [2024-10-26T23:04:48.675+0000] {dag.py:4180} INFO - Setting next_dagrun for example_sla_dag to 2024-10-26 23:02:00+00:00, run_after=2024-10-26 23:04:00+00:00
[2024-10-26T23:04:48.696+0000] {processor.py:208} INFO - Processing /home/airflow/.local/lib/python3.12/site-packages/airflow/example_dags/example_sla_dag.py took 0.083 seconds
[2024-10-26T23:05:21.604+0000] {processor.py:186} INFO - Started process (PID=40747) to work on /home/airflow/.local/lib/python3.12/site-packages/airflow/example_dags/example_sla_dag.py
[2024-10-26T23:05:21.605+0000] {processor.py:914} INFO - Processing file /home/airflow/.local/lib/python3.12/site-packages/airflow/example_dags/example_sla_dag.py for tasks to queue
[2024-10-26T23:05:21.609+0000] {logging_mixin.py:190} INFO - [2024-10-26T23:05:21.609+0000] {dagbag.py:588} INFO - Filling up the DagBag from /home/airflow/.local/lib/python3.12/site-packages/airflow/example_dags/example_sla_dag.py
[2024-10-26T23:05:21.619+0000] {processor.py:925} INFO - DAG(s) 'example_sla_dag' retrieved from /home/airflow/.local/lib/python3.12/site-packages/airflow/example_dags/example_sla_dag.py
[2024-10-26T23:05:21.637+0000] {logging_mixin.py:190} INFO - [2024-10-26T23:05:21.637+0000] {dag.py:3239} INFO - Sync 1 DAGs
[2024-10-26T23:05:21.660+0000] {logging_mixin.py:190} INFO - [2024-10-26T23:05:21.659+0000] {dag.py:4180} INFO - Setting next_dagrun for example_sla_dag to 2024-10-26 23:02:00+00:00, run_after=2024-10-26 23:04:00+00:00
[2024-10-26T23:05:21.678+0000] {processor.py:208} INFO - Processing /home/airflow/.local/lib/python3.12/site-packages/airflow/example_dags/example_sla_dag.py took 0.079 seconds
[2024-10-26T23:05:54.433+0000] {processor.py:186} INFO - Started process (PID=40812) to work on /home/airflow/.local/lib/python3.12/site-packages/airflow/example_dags/example_sla_dag.py
[2024-10-26T23:05:54.434+0000] {processor.py:914} INFO - Processing file /home/airflow/.local/lib/python3.12/site-packages/airflow/example_dags/example_sla_dag.py for tasks to queue
[2024-10-26T23:05:54.437+0000] {logging_mixin.py:190} INFO - [2024-10-26T23:05:54.436+0000] {dagbag.py:588} INFO - Filling up the DagBag from /home/airflow/.local/lib/python3.12/site-packages/airflow/example_dags/example_sla_dag.py
[2024-10-26T23:05:54.446+0000] {processor.py:925} INFO - DAG(s) 'example_sla_dag' retrieved from /home/airflow/.local/lib/python3.12/site-packages/airflow/example_dags/example_sla_dag.py
[2024-10-26T23:05:54.462+0000] {logging_mixin.py:190} INFO - [2024-10-26T23:05:54.462+0000] {dag.py:3239} INFO - Sync 1 DAGs
[2024-10-26T23:05:54.485+0000] {logging_mixin.py:190} INFO - [2024-10-26T23:05:54.485+0000] {dag.py:4180} INFO - Setting next_dagrun for example_sla_dag to 2024-10-26 23:02:00+00:00, run_after=2024-10-26 23:04:00+00:00
[2024-10-26T23:05:54.503+0000] {processor.py:208} INFO - Processing /home/airflow/.local/lib/python3.12/site-packages/airflow/example_dags/example_sla_dag.py took 0.076 seconds
[2024-10-26T23:06:26.362+0000] {processor.py:186} INFO - Started process (PID=40876) to work on /home/airflow/.local/lib/python3.12/site-packages/airflow/example_dags/example_sla_dag.py
[2024-10-26T23:06:26.363+0000] {processor.py:914} INFO - Processing file /home/airflow/.local/lib/python3.12/site-packages/airflow/example_dags/example_sla_dag.py for tasks to queue
[2024-10-26T23:06:26.365+0000] {logging_mixin.py:190} INFO - [2024-10-26T23:06:26.365+0000] {dagbag.py:588} INFO - Filling up the DagBag from /home/airflow/.local/lib/python3.12/site-packages/airflow/example_dags/example_sla_dag.py
[2024-10-26T23:06:26.376+0000] {processor.py:925} INFO - DAG(s) 'example_sla_dag' retrieved from /home/airflow/.local/lib/python3.12/site-packages/airflow/example_dags/example_sla_dag.py
[2024-10-26T23:06:26.395+0000] {logging_mixin.py:190} INFO - [2024-10-26T23:06:26.394+0000] {dag.py:3239} INFO - Sync 1 DAGs
[2024-10-26T23:06:26.423+0000] {logging_mixin.py:190} INFO - [2024-10-26T23:06:26.422+0000] {dag.py:4180} INFO - Setting next_dagrun for example_sla_dag to 2024-10-26 23:04:00+00:00, run_after=2024-10-26 23:06:00+00:00
[2024-10-26T23:06:26.443+0000] {processor.py:208} INFO - Processing /home/airflow/.local/lib/python3.12/site-packages/airflow/example_dags/example_sla_dag.py took 0.086 seconds
[2024-10-26T23:06:59.197+0000] {processor.py:186} INFO - Started process (PID=40940) to work on /home/airflow/.local/lib/python3.12/site-packages/airflow/example_dags/example_sla_dag.py
[2024-10-26T23:06:59.198+0000] {processor.py:914} INFO - Processing file /home/airflow/.local/lib/python3.12/site-packages/airflow/example_dags/example_sla_dag.py for tasks to queue
[2024-10-26T23:06:59.202+0000] {logging_mixin.py:190} INFO - [2024-10-26T23:06:59.201+0000] {dagbag.py:588} INFO - Filling up the DagBag from /home/airflow/.local/lib/python3.12/site-packages/airflow/example_dags/example_sla_dag.py
[2024-10-26T23:06:59.217+0000] {processor.py:925} INFO - DAG(s) 'example_sla_dag' retrieved from /home/airflow/.local/lib/python3.12/site-packages/airflow/example_dags/example_sla_dag.py
[2024-10-26T23:06:59.238+0000] {logging_mixin.py:190} INFO - [2024-10-26T23:06:59.237+0000] {dag.py:3239} INFO - Sync 1 DAGs
[2024-10-26T23:06:59.267+0000] {logging_mixin.py:190} INFO - [2024-10-26T23:06:59.267+0000] {dag.py:4180} INFO - Setting next_dagrun for example_sla_dag to 2024-10-26 23:04:00+00:00, run_after=2024-10-26 23:06:00+00:00
[2024-10-26T23:06:59.293+0000] {processor.py:208} INFO - Processing /home/airflow/.local/lib/python3.12/site-packages/airflow/example_dags/example_sla_dag.py took 0.106 seconds
[2024-10-26T23:07:31.704+0000] {processor.py:186} INFO - Started process (PID=41004) to work on /home/airflow/.local/lib/python3.12/site-packages/airflow/example_dags/example_sla_dag.py
[2024-10-26T23:07:31.706+0000] {processor.py:914} INFO - Processing file /home/airflow/.local/lib/python3.12/site-packages/airflow/example_dags/example_sla_dag.py for tasks to queue
[2024-10-26T23:07:31.709+0000] {logging_mixin.py:190} INFO - [2024-10-26T23:07:31.708+0000] {dagbag.py:588} INFO - Filling up the DagBag from /home/airflow/.local/lib/python3.12/site-packages/airflow/example_dags/example_sla_dag.py
[2024-10-26T23:07:31.719+0000] {processor.py:925} INFO - DAG(s) 'example_sla_dag' retrieved from /home/airflow/.local/lib/python3.12/site-packages/airflow/example_dags/example_sla_dag.py
[2024-10-26T23:07:31.738+0000] {logging_mixin.py:190} INFO - [2024-10-26T23:07:31.738+0000] {dag.py:3239} INFO - Sync 1 DAGs
[2024-10-26T23:07:31.764+0000] {logging_mixin.py:190} INFO - [2024-10-26T23:07:31.763+0000] {dag.py:4180} INFO - Setting next_dagrun for example_sla_dag to 2024-10-26 23:04:00+00:00, run_after=2024-10-26 23:06:00+00:00
[2024-10-26T23:07:31.784+0000] {processor.py:208} INFO - Processing /home/airflow/.local/lib/python3.12/site-packages/airflow/example_dags/example_sla_dag.py took 0.086 seconds
[2024-10-26T23:08:04.564+0000] {processor.py:186} INFO - Started process (PID=41068) to work on /home/airflow/.local/lib/python3.12/site-packages/airflow/example_dags/example_sla_dag.py
[2024-10-26T23:08:04.565+0000] {processor.py:914} INFO - Processing file /home/airflow/.local/lib/python3.12/site-packages/airflow/example_dags/example_sla_dag.py for tasks to queue
[2024-10-26T23:08:04.568+0000] {logging_mixin.py:190} INFO - [2024-10-26T23:08:04.568+0000] {dagbag.py:588} INFO - Filling up the DagBag from /home/airflow/.local/lib/python3.12/site-packages/airflow/example_dags/example_sla_dag.py
[2024-10-26T23:08:04.579+0000] {processor.py:925} INFO - DAG(s) 'example_sla_dag' retrieved from /home/airflow/.local/lib/python3.12/site-packages/airflow/example_dags/example_sla_dag.py
[2024-10-26T23:08:04.597+0000] {logging_mixin.py:190} INFO - [2024-10-26T23:08:04.596+0000] {dag.py:3239} INFO - Sync 1 DAGs
[2024-10-26T23:08:04.620+0000] {logging_mixin.py:190} INFO - [2024-10-26T23:08:04.620+0000] {dag.py:4180} INFO - Setting next_dagrun for example_sla_dag to 2024-10-26 23:06:00+00:00, run_after=2024-10-26 23:08:00+00:00
[2024-10-26T23:08:04.639+0000] {processor.py:208} INFO - Processing /home/airflow/.local/lib/python3.12/site-packages/airflow/example_dags/example_sla_dag.py took 0.084 seconds
[2024-10-26T23:08:37.172+0000] {processor.py:186} INFO - Started process (PID=41132) to work on /home/airflow/.local/lib/python3.12/site-packages/airflow/example_dags/example_sla_dag.py
[2024-10-26T23:08:37.173+0000] {processor.py:914} INFO - Processing file /home/airflow/.local/lib/python3.12/site-packages/airflow/example_dags/example_sla_dag.py for tasks to queue
[2024-10-26T23:08:37.176+0000] {logging_mixin.py:190} INFO - [2024-10-26T23:08:37.176+0000] {dagbag.py:588} INFO - Filling up the DagBag from /home/airflow/.local/lib/python3.12/site-packages/airflow/example_dags/example_sla_dag.py
[2024-10-26T23:08:37.188+0000] {processor.py:925} INFO - DAG(s) 'example_sla_dag' retrieved from /home/airflow/.local/lib/python3.12/site-packages/airflow/example_dags/example_sla_dag.py
[2024-10-26T23:08:37.204+0000] {logging_mixin.py:190} INFO - [2024-10-26T23:08:37.204+0000] {dag.py:3239} INFO - Sync 1 DAGs
[2024-10-26T23:08:37.233+0000] {logging_mixin.py:190} INFO - [2024-10-26T23:08:37.233+0000] {dag.py:4180} INFO - Setting next_dagrun for example_sla_dag to 2024-10-26 23:06:00+00:00, run_after=2024-10-26 23:08:00+00:00
[2024-10-26T23:08:37.257+0000] {processor.py:208} INFO - Processing /home/airflow/.local/lib/python3.12/site-packages/airflow/example_dags/example_sla_dag.py took 0.090 seconds
[2024-10-26T23:09:09.932+0000] {processor.py:186} INFO - Started process (PID=41196) to work on /home/airflow/.local/lib/python3.12/site-packages/airflow/example_dags/example_sla_dag.py
[2024-10-26T23:09:09.933+0000] {processor.py:914} INFO - Processing file /home/airflow/.local/lib/python3.12/site-packages/airflow/example_dags/example_sla_dag.py for tasks to queue
[2024-10-26T23:09:09.935+0000] {logging_mixin.py:190} INFO - [2024-10-26T23:09:09.935+0000] {dagbag.py:588} INFO - Filling up the DagBag from /home/airflow/.local/lib/python3.12/site-packages/airflow/example_dags/example_sla_dag.py
[2024-10-26T23:09:09.943+0000] {processor.py:925} INFO - DAG(s) 'example_sla_dag' retrieved from /home/airflow/.local/lib/python3.12/site-packages/airflow/example_dags/example_sla_dag.py
[2024-10-26T23:09:09.961+0000] {logging_mixin.py:190} INFO - [2024-10-26T23:09:09.961+0000] {dag.py:3239} INFO - Sync 1 DAGs
[2024-10-26T23:09:09.983+0000] {logging_mixin.py:190} INFO - [2024-10-26T23:09:09.982+0000] {dag.py:4180} INFO - Setting next_dagrun for example_sla_dag to 2024-10-26 23:06:00+00:00, run_after=2024-10-26 23:08:00+00:00
[2024-10-26T23:09:10.003+0000] {processor.py:208} INFO - Processing /home/airflow/.local/lib/python3.12/site-packages/airflow/example_dags/example_sla_dag.py took 0.077 seconds
[2024-10-26T23:09:42.770+0000] {processor.py:186} INFO - Started process (PID=41260) to work on /home/airflow/.local/lib/python3.12/site-packages/airflow/example_dags/example_sla_dag.py
[2024-10-26T23:09:42.771+0000] {processor.py:914} INFO - Processing file /home/airflow/.local/lib/python3.12/site-packages/airflow/example_dags/example_sla_dag.py for tasks to queue
[2024-10-26T23:09:42.773+0000] {logging_mixin.py:190} INFO - [2024-10-26T23:09:42.773+0000] {dagbag.py:588} INFO - Filling up the DagBag from /home/airflow/.local/lib/python3.12/site-packages/airflow/example_dags/example_sla_dag.py
[2024-10-26T23:09:42.784+0000] {processor.py:925} INFO - DAG(s) 'example_sla_dag' retrieved from /home/airflow/.local/lib/python3.12/site-packages/airflow/example_dags/example_sla_dag.py
[2024-10-26T23:09:42.805+0000] {logging_mixin.py:190} INFO - [2024-10-26T23:09:42.805+0000] {dag.py:3239} INFO - Sync 1 DAGs
[2024-10-26T23:09:42.829+0000] {logging_mixin.py:190} INFO - [2024-10-26T23:09:42.828+0000] {dag.py:4180} INFO - Setting next_dagrun for example_sla_dag to 2024-10-26 23:06:00+00:00, run_after=2024-10-26 23:08:00+00:00
[2024-10-26T23:09:42.850+0000] {processor.py:208} INFO - Processing /home/airflow/.local/lib/python3.12/site-packages/airflow/example_dags/example_sla_dag.py took 0.085 seconds
[2024-10-26T23:10:15.802+0000] {processor.py:186} INFO - Started process (PID=41324) to work on /home/airflow/.local/lib/python3.12/site-packages/airflow/example_dags/example_sla_dag.py
[2024-10-26T23:10:15.803+0000] {processor.py:914} INFO - Processing file /home/airflow/.local/lib/python3.12/site-packages/airflow/example_dags/example_sla_dag.py for tasks to queue
[2024-10-26T23:10:15.805+0000] {logging_mixin.py:190} INFO - [2024-10-26T23:10:15.805+0000] {dagbag.py:588} INFO - Filling up the DagBag from /home/airflow/.local/lib/python3.12/site-packages/airflow/example_dags/example_sla_dag.py
[2024-10-26T23:10:15.817+0000] {processor.py:925} INFO - DAG(s) 'example_sla_dag' retrieved from /home/airflow/.local/lib/python3.12/site-packages/airflow/example_dags/example_sla_dag.py
[2024-10-26T23:10:15.840+0000] {logging_mixin.py:190} INFO - [2024-10-26T23:10:15.839+0000] {dag.py:3239} INFO - Sync 1 DAGs
[2024-10-26T23:10:15.873+0000] {logging_mixin.py:190} INFO - [2024-10-26T23:10:15.872+0000] {dag.py:4180} INFO - Setting next_dagrun for example_sla_dag to 2024-10-26 23:08:00+00:00, run_after=2024-10-26 23:10:00+00:00
[2024-10-26T23:10:15.896+0000] {processor.py:208} INFO - Processing /home/airflow/.local/lib/python3.12/site-packages/airflow/example_dags/example_sla_dag.py took 0.102 seconds
[2024-10-26T23:10:48.137+0000] {processor.py:186} INFO - Started process (PID=41388) to work on /home/airflow/.local/lib/python3.12/site-packages/airflow/example_dags/example_sla_dag.py
[2024-10-26T23:10:48.138+0000] {processor.py:914} INFO - Processing file /home/airflow/.local/lib/python3.12/site-packages/airflow/example_dags/example_sla_dag.py for tasks to queue
[2024-10-26T23:10:48.140+0000] {logging_mixin.py:190} INFO - [2024-10-26T23:10:48.140+0000] {dagbag.py:588} INFO - Filling up the DagBag from /home/airflow/.local/lib/python3.12/site-packages/airflow/example_dags/example_sla_dag.py
[2024-10-26T23:10:48.151+0000] {processor.py:925} INFO - DAG(s) 'example_sla_dag' retrieved from /home/airflow/.local/lib/python3.12/site-packages/airflow/example_dags/example_sla_dag.py
[2024-10-26T23:10:48.171+0000] {logging_mixin.py:190} INFO - [2024-10-26T23:10:48.171+0000] {dag.py:3239} INFO - Sync 1 DAGs
[2024-10-26T23:10:48.197+0000] {logging_mixin.py:190} INFO - [2024-10-26T23:10:48.197+0000] {dag.py:4180} INFO - Setting next_dagrun for example_sla_dag to 2024-10-26 23:08:00+00:00, run_after=2024-10-26 23:10:00+00:00
[2024-10-26T23:10:48.220+0000] {processor.py:208} INFO - Processing /home/airflow/.local/lib/python3.12/site-packages/airflow/example_dags/example_sla_dag.py took 0.089 seconds
[2024-10-26T23:11:21.189+0000] {processor.py:186} INFO - Started process (PID=41452) to work on /home/airflow/.local/lib/python3.12/site-packages/airflow/example_dags/example_sla_dag.py
[2024-10-26T23:11:21.190+0000] {processor.py:914} INFO - Processing file /home/airflow/.local/lib/python3.12/site-packages/airflow/example_dags/example_sla_dag.py for tasks to queue
[2024-10-26T23:11:21.193+0000] {logging_mixin.py:190} INFO - [2024-10-26T23:11:21.193+0000] {dagbag.py:588} INFO - Filling up the DagBag from /home/airflow/.local/lib/python3.12/site-packages/airflow/example_dags/example_sla_dag.py
[2024-10-26T23:11:21.206+0000] {processor.py:925} INFO - DAG(s) 'example_sla_dag' retrieved from /home/airflow/.local/lib/python3.12/site-packages/airflow/example_dags/example_sla_dag.py
[2024-10-26T23:11:21.226+0000] {logging_mixin.py:190} INFO - [2024-10-26T23:11:21.226+0000] {dag.py:3239} INFO - Sync 1 DAGs
[2024-10-26T23:11:21.252+0000] {logging_mixin.py:190} INFO - [2024-10-26T23:11:21.252+0000] {dag.py:4180} INFO - Setting next_dagrun for example_sla_dag to 2024-10-26 23:08:00+00:00, run_after=2024-10-26 23:10:00+00:00
[2024-10-26T23:11:21.273+0000] {processor.py:208} INFO - Processing /home/airflow/.local/lib/python3.12/site-packages/airflow/example_dags/example_sla_dag.py took 0.091 seconds
[2024-10-26T23:11:53.691+0000] {processor.py:186} INFO - Started process (PID=41516) to work on /home/airflow/.local/lib/python3.12/site-packages/airflow/example_dags/example_sla_dag.py
[2024-10-26T23:11:53.692+0000] {processor.py:914} INFO - Processing file /home/airflow/.local/lib/python3.12/site-packages/airflow/example_dags/example_sla_dag.py for tasks to queue
[2024-10-26T23:11:53.695+0000] {logging_mixin.py:190} INFO - [2024-10-26T23:11:53.694+0000] {dagbag.py:588} INFO - Filling up the DagBag from /home/airflow/.local/lib/python3.12/site-packages/airflow/example_dags/example_sla_dag.py
[2024-10-26T23:11:53.708+0000] {processor.py:925} INFO - DAG(s) 'example_sla_dag' retrieved from /home/airflow/.local/lib/python3.12/site-packages/airflow/example_dags/example_sla_dag.py
[2024-10-26T23:11:53.734+0000] {logging_mixin.py:190} INFO - [2024-10-26T23:11:53.734+0000] {dag.py:3239} INFO - Sync 1 DAGs
[2024-10-26T23:11:53.765+0000] {logging_mixin.py:190} INFO - [2024-10-26T23:11:53.765+0000] {dag.py:4180} INFO - Setting next_dagrun for example_sla_dag to 2024-10-26 23:08:00+00:00, run_after=2024-10-26 23:10:00+00:00
[2024-10-26T23:11:53.787+0000] {processor.py:208} INFO - Processing /home/airflow/.local/lib/python3.12/site-packages/airflow/example_dags/example_sla_dag.py took 0.104 seconds
[2024-10-26T23:12:26.566+0000] {processor.py:186} INFO - Started process (PID=41580) to work on /home/airflow/.local/lib/python3.12/site-packages/airflow/example_dags/example_sla_dag.py
[2024-10-26T23:12:26.567+0000] {processor.py:914} INFO - Processing file /home/airflow/.local/lib/python3.12/site-packages/airflow/example_dags/example_sla_dag.py for tasks to queue
[2024-10-26T23:12:26.571+0000] {logging_mixin.py:190} INFO - [2024-10-26T23:12:26.570+0000] {dagbag.py:588} INFO - Filling up the DagBag from /home/airflow/.local/lib/python3.12/site-packages/airflow/example_dags/example_sla_dag.py
[2024-10-26T23:12:26.585+0000] {processor.py:925} INFO - DAG(s) 'example_sla_dag' retrieved from /home/airflow/.local/lib/python3.12/site-packages/airflow/example_dags/example_sla_dag.py
[2024-10-26T23:12:26.612+0000] {logging_mixin.py:190} INFO - [2024-10-26T23:12:26.611+0000] {dag.py:3239} INFO - Sync 1 DAGs
[2024-10-26T23:12:26.652+0000] {logging_mixin.py:190} INFO - [2024-10-26T23:12:26.652+0000] {dag.py:4180} INFO - Setting next_dagrun for example_sla_dag to 2024-10-26 23:10:00+00:00, run_after=2024-10-26 23:12:00+00:00
[2024-10-26T23:12:26.686+0000] {processor.py:208} INFO - Processing /home/airflow/.local/lib/python3.12/site-packages/airflow/example_dags/example_sla_dag.py took 0.128 seconds
[2024-10-26T23:12:59.517+0000] {processor.py:186} INFO - Started process (PID=41644) to work on /home/airflow/.local/lib/python3.12/site-packages/airflow/example_dags/example_sla_dag.py
[2024-10-26T23:12:59.518+0000] {processor.py:914} INFO - Processing file /home/airflow/.local/lib/python3.12/site-packages/airflow/example_dags/example_sla_dag.py for tasks to queue
[2024-10-26T23:12:59.521+0000] {logging_mixin.py:190} INFO - [2024-10-26T23:12:59.521+0000] {dagbag.py:588} INFO - Filling up the DagBag from /home/airflow/.local/lib/python3.12/site-packages/airflow/example_dags/example_sla_dag.py
[2024-10-26T23:12:59.534+0000] {processor.py:925} INFO - DAG(s) 'example_sla_dag' retrieved from /home/airflow/.local/lib/python3.12/site-packages/airflow/example_dags/example_sla_dag.py
[2024-10-26T23:12:59.560+0000] {logging_mixin.py:190} INFO - [2024-10-26T23:12:59.560+0000] {dag.py:3239} INFO - Sync 1 DAGs
[2024-10-26T23:12:59.598+0000] {logging_mixin.py:190} INFO - [2024-10-26T23:12:59.598+0000] {dag.py:4180} INFO - Setting next_dagrun for example_sla_dag to 2024-10-26 23:10:00+00:00, run_after=2024-10-26 23:12:00+00:00
[2024-10-26T23:12:59.621+0000] {processor.py:208} INFO - Processing /home/airflow/.local/lib/python3.12/site-packages/airflow/example_dags/example_sla_dag.py took 0.112 seconds
[2024-10-26T23:13:32.383+0000] {processor.py:186} INFO - Started process (PID=41708) to work on /home/airflow/.local/lib/python3.12/site-packages/airflow/example_dags/example_sla_dag.py
[2024-10-26T23:13:32.384+0000] {processor.py:914} INFO - Processing file /home/airflow/.local/lib/python3.12/site-packages/airflow/example_dags/example_sla_dag.py for tasks to queue
[2024-10-26T23:13:32.387+0000] {logging_mixin.py:190} INFO - [2024-10-26T23:13:32.387+0000] {dagbag.py:588} INFO - Filling up the DagBag from /home/airflow/.local/lib/python3.12/site-packages/airflow/example_dags/example_sla_dag.py
[2024-10-26T23:13:32.399+0000] {processor.py:925} INFO - DAG(s) 'example_sla_dag' retrieved from /home/airflow/.local/lib/python3.12/site-packages/airflow/example_dags/example_sla_dag.py
[2024-10-26T23:13:32.423+0000] {logging_mixin.py:190} INFO - [2024-10-26T23:13:32.423+0000] {dag.py:3239} INFO - Sync 1 DAGs
[2024-10-26T23:13:32.451+0000] {logging_mixin.py:190} INFO - [2024-10-26T23:13:32.451+0000] {dag.py:4180} INFO - Setting next_dagrun for example_sla_dag to 2024-10-26 23:10:00+00:00, run_after=2024-10-26 23:12:00+00:00
[2024-10-26T23:13:32.468+0000] {processor.py:208} INFO - Processing /home/airflow/.local/lib/python3.12/site-packages/airflow/example_dags/example_sla_dag.py took 0.091 seconds
[2024-10-26T23:14:05.311+0000] {processor.py:186} INFO - Started process (PID=41772) to work on /home/airflow/.local/lib/python3.12/site-packages/airflow/example_dags/example_sla_dag.py
[2024-10-26T23:14:05.312+0000] {processor.py:914} INFO - Processing file /home/airflow/.local/lib/python3.12/site-packages/airflow/example_dags/example_sla_dag.py for tasks to queue
[2024-10-26T23:14:05.316+0000] {logging_mixin.py:190} INFO - [2024-10-26T23:14:05.316+0000] {dagbag.py:588} INFO - Filling up the DagBag from /home/airflow/.local/lib/python3.12/site-packages/airflow/example_dags/example_sla_dag.py
[2024-10-26T23:14:05.328+0000] {processor.py:925} INFO - DAG(s) 'example_sla_dag' retrieved from /home/airflow/.local/lib/python3.12/site-packages/airflow/example_dags/example_sla_dag.py
[2024-10-26T23:14:05.348+0000] {logging_mixin.py:190} INFO - [2024-10-26T23:14:05.348+0000] {dag.py:3239} INFO - Sync 1 DAGs
[2024-10-26T23:14:05.373+0000] {logging_mixin.py:190} INFO - [2024-10-26T23:14:05.373+0000] {dag.py:4180} INFO - Setting next_dagrun for example_sla_dag to 2024-10-26 23:12:00+00:00, run_after=2024-10-26 23:14:00+00:00
[2024-10-26T23:14:05.398+0000] {processor.py:208} INFO - Processing /home/airflow/.local/lib/python3.12/site-packages/airflow/example_dags/example_sla_dag.py took 0.093 seconds
[2024-10-26T23:14:37.794+0000] {processor.py:186} INFO - Started process (PID=41836) to work on /home/airflow/.local/lib/python3.12/site-packages/airflow/example_dags/example_sla_dag.py
[2024-10-26T23:14:37.795+0000] {processor.py:914} INFO - Processing file /home/airflow/.local/lib/python3.12/site-packages/airflow/example_dags/example_sla_dag.py for tasks to queue
[2024-10-26T23:14:37.798+0000] {logging_mixin.py:190} INFO - [2024-10-26T23:14:37.797+0000] {dagbag.py:588} INFO - Filling up the DagBag from /home/airflow/.local/lib/python3.12/site-packages/airflow/example_dags/example_sla_dag.py
[2024-10-26T23:14:37.808+0000] {processor.py:925} INFO - DAG(s) 'example_sla_dag' retrieved from /home/airflow/.local/lib/python3.12/site-packages/airflow/example_dags/example_sla_dag.py
[2024-10-26T23:14:37.830+0000] {logging_mixin.py:190} INFO - [2024-10-26T23:14:37.830+0000] {dag.py:3239} INFO - Sync 1 DAGs
[2024-10-26T23:14:37.860+0000] {logging_mixin.py:190} INFO - [2024-10-26T23:14:37.860+0000] {dag.py:4180} INFO - Setting next_dagrun for example_sla_dag to 2024-10-26 23:12:00+00:00, run_after=2024-10-26 23:14:00+00:00
[2024-10-26T23:14:37.890+0000] {processor.py:208} INFO - Processing /home/airflow/.local/lib/python3.12/site-packages/airflow/example_dags/example_sla_dag.py took 0.103 seconds
[2024-10-26T23:15:09.967+0000] {processor.py:186} INFO - Started process (PID=41900) to work on /home/airflow/.local/lib/python3.12/site-packages/airflow/example_dags/example_sla_dag.py
[2024-10-26T23:15:09.968+0000] {processor.py:914} INFO - Processing file /home/airflow/.local/lib/python3.12/site-packages/airflow/example_dags/example_sla_dag.py for tasks to queue
[2024-10-26T23:15:09.971+0000] {logging_mixin.py:190} INFO - [2024-10-26T23:15:09.970+0000] {dagbag.py:588} INFO - Filling up the DagBag from /home/airflow/.local/lib/python3.12/site-packages/airflow/example_dags/example_sla_dag.py
[2024-10-26T23:15:09.985+0000] {processor.py:925} INFO - DAG(s) 'example_sla_dag' retrieved from /home/airflow/.local/lib/python3.12/site-packages/airflow/example_dags/example_sla_dag.py
[2024-10-26T23:15:10.006+0000] {logging_mixin.py:190} INFO - [2024-10-26T23:15:10.006+0000] {dag.py:3239} INFO - Sync 1 DAGs
[2024-10-26T23:15:10.036+0000] {logging_mixin.py:190} INFO - [2024-10-26T23:15:10.036+0000] {dag.py:4180} INFO - Setting next_dagrun for example_sla_dag to 2024-10-26 23:12:00+00:00, run_after=2024-10-26 23:14:00+00:00
[2024-10-26T23:15:10.062+0000] {processor.py:208} INFO - Processing /home/airflow/.local/lib/python3.12/site-packages/airflow/example_dags/example_sla_dag.py took 0.104 seconds
[2024-10-26T23:15:43.289+0000] {processor.py:186} INFO - Started process (PID=41964) to work on /home/airflow/.local/lib/python3.12/site-packages/airflow/example_dags/example_sla_dag.py
[2024-10-26T23:15:43.290+0000] {processor.py:914} INFO - Processing file /home/airflow/.local/lib/python3.12/site-packages/airflow/example_dags/example_sla_dag.py for tasks to queue
[2024-10-26T23:15:43.293+0000] {logging_mixin.py:190} INFO - [2024-10-26T23:15:43.292+0000] {dagbag.py:588} INFO - Filling up the DagBag from /home/airflow/.local/lib/python3.12/site-packages/airflow/example_dags/example_sla_dag.py
[2024-10-26T23:15:43.305+0000] {processor.py:925} INFO - DAG(s) 'example_sla_dag' retrieved from /home/airflow/.local/lib/python3.12/site-packages/airflow/example_dags/example_sla_dag.py
[2024-10-26T23:15:43.327+0000] {logging_mixin.py:190} INFO - [2024-10-26T23:15:43.327+0000] {dag.py:3239} INFO - Sync 1 DAGs
[2024-10-26T23:15:43.363+0000] {logging_mixin.py:190} INFO - [2024-10-26T23:15:43.362+0000] {dag.py:4180} INFO - Setting next_dagrun for example_sla_dag to 2024-10-26 23:12:00+00:00, run_after=2024-10-26 23:14:00+00:00
[2024-10-26T23:15:43.394+0000] {processor.py:208} INFO - Processing /home/airflow/.local/lib/python3.12/site-packages/airflow/example_dags/example_sla_dag.py took 0.111 seconds
[2024-10-26T23:16:15.603+0000] {processor.py:186} INFO - Started process (PID=42027) to work on /home/airflow/.local/lib/python3.12/site-packages/airflow/example_dags/example_sla_dag.py
[2024-10-26T23:16:15.605+0000] {processor.py:914} INFO - Processing file /home/airflow/.local/lib/python3.12/site-packages/airflow/example_dags/example_sla_dag.py for tasks to queue
[2024-10-26T23:16:15.608+0000] {logging_mixin.py:190} INFO - [2024-10-26T23:16:15.608+0000] {dagbag.py:588} INFO - Filling up the DagBag from /home/airflow/.local/lib/python3.12/site-packages/airflow/example_dags/example_sla_dag.py
[2024-10-26T23:16:15.631+0000] {processor.py:925} INFO - DAG(s) 'example_sla_dag' retrieved from /home/airflow/.local/lib/python3.12/site-packages/airflow/example_dags/example_sla_dag.py
[2024-10-26T23:16:15.666+0000] {logging_mixin.py:190} INFO - [2024-10-26T23:16:15.665+0000] {dag.py:3239} INFO - Sync 1 DAGs
[2024-10-26T23:16:15.713+0000] {logging_mixin.py:190} INFO - [2024-10-26T23:16:15.713+0000] {dag.py:4180} INFO - Setting next_dagrun for example_sla_dag to 2024-10-26 23:14:00+00:00, run_after=2024-10-26 23:16:00+00:00
[2024-10-26T23:16:15.740+0000] {processor.py:208} INFO - Processing /home/airflow/.local/lib/python3.12/site-packages/airflow/example_dags/example_sla_dag.py took 0.155 seconds
[2024-10-26T23:16:49.463+0000] {processor.py:186} INFO - Started process (PID=42091) to work on /home/airflow/.local/lib/python3.12/site-packages/airflow/example_dags/example_sla_dag.py
[2024-10-26T23:16:49.464+0000] {processor.py:914} INFO - Processing file /home/airflow/.local/lib/python3.12/site-packages/airflow/example_dags/example_sla_dag.py for tasks to queue
[2024-10-26T23:16:49.469+0000] {logging_mixin.py:190} INFO - [2024-10-26T23:16:49.468+0000] {dagbag.py:588} INFO - Filling up the DagBag from /home/airflow/.local/lib/python3.12/site-packages/airflow/example_dags/example_sla_dag.py
[2024-10-26T23:16:49.490+0000] {processor.py:925} INFO - DAG(s) 'example_sla_dag' retrieved from /home/airflow/.local/lib/python3.12/site-packages/airflow/example_dags/example_sla_dag.py
[2024-10-26T23:16:49.530+0000] {logging_mixin.py:190} INFO - [2024-10-26T23:16:49.528+0000] {dag.py:3239} INFO - Sync 1 DAGs
[2024-10-26T23:16:49.582+0000] {logging_mixin.py:190} INFO - [2024-10-26T23:16:49.581+0000] {dag.py:4180} INFO - Setting next_dagrun for example_sla_dag to 2024-10-26 23:14:00+00:00, run_after=2024-10-26 23:16:00+00:00
[2024-10-26T23:16:49.614+0000] {processor.py:208} INFO - Processing /home/airflow/.local/lib/python3.12/site-packages/airflow/example_dags/example_sla_dag.py took 0.169 seconds
[2024-10-26T23:17:20.953+0000] {processor.py:186} INFO - Started process (PID=42155) to work on /home/airflow/.local/lib/python3.12/site-packages/airflow/example_dags/example_sla_dag.py
[2024-10-26T23:17:20.954+0000] {processor.py:914} INFO - Processing file /home/airflow/.local/lib/python3.12/site-packages/airflow/example_dags/example_sla_dag.py for tasks to queue
[2024-10-26T23:17:20.958+0000] {logging_mixin.py:190} INFO - [2024-10-26T23:17:20.957+0000] {dagbag.py:588} INFO - Filling up the DagBag from /home/airflow/.local/lib/python3.12/site-packages/airflow/example_dags/example_sla_dag.py
[2024-10-26T23:17:20.969+0000] {processor.py:925} INFO - DAG(s) 'example_sla_dag' retrieved from /home/airflow/.local/lib/python3.12/site-packages/airflow/example_dags/example_sla_dag.py
[2024-10-26T23:17:20.994+0000] {logging_mixin.py:190} INFO - [2024-10-26T23:17:20.993+0000] {dag.py:3239} INFO - Sync 1 DAGs
[2024-10-26T23:17:21.026+0000] {logging_mixin.py:190} INFO - [2024-10-26T23:17:21.026+0000] {dag.py:4180} INFO - Setting next_dagrun for example_sla_dag to 2024-10-26 23:14:00+00:00, run_after=2024-10-26 23:16:00+00:00
[2024-10-26T23:17:21.052+0000] {processor.py:208} INFO - Processing /home/airflow/.local/lib/python3.12/site-packages/airflow/example_dags/example_sla_dag.py took 0.105 seconds
[2024-10-26T23:17:54.626+0000] {processor.py:186} INFO - Started process (PID=42219) to work on /home/airflow/.local/lib/python3.12/site-packages/airflow/example_dags/example_sla_dag.py
[2024-10-26T23:17:54.627+0000] {processor.py:914} INFO - Processing file /home/airflow/.local/lib/python3.12/site-packages/airflow/example_dags/example_sla_dag.py for tasks to queue
[2024-10-26T23:17:54.629+0000] {logging_mixin.py:190} INFO - [2024-10-26T23:17:54.629+0000] {dagbag.py:588} INFO - Filling up the DagBag from /home/airflow/.local/lib/python3.12/site-packages/airflow/example_dags/example_sla_dag.py
[2024-10-26T23:17:54.644+0000] {processor.py:925} INFO - DAG(s) 'example_sla_dag' retrieved from /home/airflow/.local/lib/python3.12/site-packages/airflow/example_dags/example_sla_dag.py
[2024-10-26T23:17:54.684+0000] {logging_mixin.py:190} INFO - [2024-10-26T23:17:54.683+0000] {dag.py:3239} INFO - Sync 1 DAGs
[2024-10-26T23:17:54.735+0000] {logging_mixin.py:190} INFO - [2024-10-26T23:17:54.734+0000] {dag.py:4180} INFO - Setting next_dagrun for example_sla_dag to 2024-10-26 23:14:00+00:00, run_after=2024-10-26 23:16:00+00:00
[2024-10-26T23:17:54.760+0000] {processor.py:208} INFO - Processing /home/airflow/.local/lib/python3.12/site-packages/airflow/example_dags/example_sla_dag.py took 0.143 seconds
[2024-10-26T23:18:27.382+0000] {processor.py:186} INFO - Started process (PID=42283) to work on /home/airflow/.local/lib/python3.12/site-packages/airflow/example_dags/example_sla_dag.py
[2024-10-26T23:18:27.384+0000] {processor.py:914} INFO - Processing file /home/airflow/.local/lib/python3.12/site-packages/airflow/example_dags/example_sla_dag.py for tasks to queue
[2024-10-26T23:18:27.391+0000] {logging_mixin.py:190} INFO - [2024-10-26T23:18:27.391+0000] {dagbag.py:588} INFO - Filling up the DagBag from /home/airflow/.local/lib/python3.12/site-packages/airflow/example_dags/example_sla_dag.py
[2024-10-26T23:18:27.429+0000] {processor.py:925} INFO - DAG(s) 'example_sla_dag' retrieved from /home/airflow/.local/lib/python3.12/site-packages/airflow/example_dags/example_sla_dag.py
[2024-10-26T23:18:27.465+0000] {logging_mixin.py:190} INFO - [2024-10-26T23:18:27.465+0000] {dag.py:3239} INFO - Sync 1 DAGs
[2024-10-26T23:18:27.513+0000] {logging_mixin.py:190} INFO - [2024-10-26T23:18:27.512+0000] {dag.py:4180} INFO - Setting next_dagrun for example_sla_dag to 2024-10-26 23:16:00+00:00, run_after=2024-10-26 23:18:00+00:00
[2024-10-26T23:18:27.587+0000] {processor.py:208} INFO - Processing /home/airflow/.local/lib/python3.12/site-packages/airflow/example_dags/example_sla_dag.py took 0.220 seconds
[2024-10-26T23:19:00.091+0000] {processor.py:186} INFO - Started process (PID=42347) to work on /home/airflow/.local/lib/python3.12/site-packages/airflow/example_dags/example_sla_dag.py
[2024-10-26T23:19:00.092+0000] {processor.py:914} INFO - Processing file /home/airflow/.local/lib/python3.12/site-packages/airflow/example_dags/example_sla_dag.py for tasks to queue
[2024-10-26T23:19:00.095+0000] {logging_mixin.py:190} INFO - [2024-10-26T23:19:00.095+0000] {dagbag.py:588} INFO - Filling up the DagBag from /home/airflow/.local/lib/python3.12/site-packages/airflow/example_dags/example_sla_dag.py
[2024-10-26T23:19:00.107+0000] {processor.py:925} INFO - DAG(s) 'example_sla_dag' retrieved from /home/airflow/.local/lib/python3.12/site-packages/airflow/example_dags/example_sla_dag.py
[2024-10-26T23:19:00.131+0000] {logging_mixin.py:190} INFO - [2024-10-26T23:19:00.131+0000] {dag.py:3239} INFO - Sync 1 DAGs
[2024-10-26T23:19:00.159+0000] {logging_mixin.py:190} INFO - [2024-10-26T23:19:00.159+0000] {dag.py:4180} INFO - Setting next_dagrun for example_sla_dag to 2024-10-26 23:16:00+00:00, run_after=2024-10-26 23:18:00+00:00
[2024-10-26T23:19:00.179+0000] {processor.py:208} INFO - Processing /home/airflow/.local/lib/python3.12/site-packages/airflow/example_dags/example_sla_dag.py took 0.097 seconds
[2024-10-26T23:19:32.956+0000] {processor.py:186} INFO - Started process (PID=42411) to work on /home/airflow/.local/lib/python3.12/site-packages/airflow/example_dags/example_sla_dag.py
[2024-10-26T23:19:32.957+0000] {processor.py:914} INFO - Processing file /home/airflow/.local/lib/python3.12/site-packages/airflow/example_dags/example_sla_dag.py for tasks to queue
[2024-10-26T23:19:32.960+0000] {logging_mixin.py:190} INFO - [2024-10-26T23:19:32.960+0000] {dagbag.py:588} INFO - Filling up the DagBag from /home/airflow/.local/lib/python3.12/site-packages/airflow/example_dags/example_sla_dag.py
[2024-10-26T23:19:32.975+0000] {processor.py:925} INFO - DAG(s) 'example_sla_dag' retrieved from /home/airflow/.local/lib/python3.12/site-packages/airflow/example_dags/example_sla_dag.py
[2024-10-26T23:19:33.000+0000] {logging_mixin.py:190} INFO - [2024-10-26T23:19:33.000+0000] {dag.py:3239} INFO - Sync 1 DAGs
[2024-10-26T23:19:33.034+0000] {logging_mixin.py:190} INFO - [2024-10-26T23:19:33.033+0000] {dag.py:4180} INFO - Setting next_dagrun for example_sla_dag to 2024-10-26 23:16:00+00:00, run_after=2024-10-26 23:18:00+00:00
[2024-10-26T23:19:33.061+0000] {processor.py:208} INFO - Processing /home/airflow/.local/lib/python3.12/site-packages/airflow/example_dags/example_sla_dag.py took 0.116 seconds
[2024-10-26T23:20:04.767+0000] {processor.py:186} INFO - Started process (PID=42475) to work on /home/airflow/.local/lib/python3.12/site-packages/airflow/example_dags/example_sla_dag.py
[2024-10-26T23:20:04.768+0000] {processor.py:914} INFO - Processing file /home/airflow/.local/lib/python3.12/site-packages/airflow/example_dags/example_sla_dag.py for tasks to queue
[2024-10-26T23:20:04.770+0000] {logging_mixin.py:190} INFO - [2024-10-26T23:20:04.770+0000] {dagbag.py:588} INFO - Filling up the DagBag from /home/airflow/.local/lib/python3.12/site-packages/airflow/example_dags/example_sla_dag.py
[2024-10-26T23:20:04.784+0000] {processor.py:925} INFO - DAG(s) 'example_sla_dag' retrieved from /home/airflow/.local/lib/python3.12/site-packages/airflow/example_dags/example_sla_dag.py
[2024-10-26T23:20:04.804+0000] {logging_mixin.py:190} INFO - [2024-10-26T23:20:04.804+0000] {dag.py:3239} INFO - Sync 1 DAGs
[2024-10-26T23:20:04.842+0000] {logging_mixin.py:190} INFO - [2024-10-26T23:20:04.842+0000] {dag.py:4180} INFO - Setting next_dagrun for example_sla_dag to 2024-10-26 23:18:00+00:00, run_after=2024-10-26 23:20:00+00:00
[2024-10-26T23:20:04.869+0000] {processor.py:208} INFO - Processing /home/airflow/.local/lib/python3.12/site-packages/airflow/example_dags/example_sla_dag.py took 0.112 seconds
[2024-10-26T23:20:37.968+0000] {processor.py:186} INFO - Started process (PID=42539) to work on /home/airflow/.local/lib/python3.12/site-packages/airflow/example_dags/example_sla_dag.py
[2024-10-26T23:20:37.969+0000] {processor.py:914} INFO - Processing file /home/airflow/.local/lib/python3.12/site-packages/airflow/example_dags/example_sla_dag.py for tasks to queue
[2024-10-26T23:20:37.973+0000] {logging_mixin.py:190} INFO - [2024-10-26T23:20:37.972+0000] {dagbag.py:588} INFO - Filling up the DagBag from /home/airflow/.local/lib/python3.12/site-packages/airflow/example_dags/example_sla_dag.py
[2024-10-26T23:20:37.987+0000] {processor.py:925} INFO - DAG(s) 'example_sla_dag' retrieved from /home/airflow/.local/lib/python3.12/site-packages/airflow/example_dags/example_sla_dag.py
[2024-10-26T23:20:38.013+0000] {logging_mixin.py:190} INFO - [2024-10-26T23:20:38.012+0000] {dag.py:3239} INFO - Sync 1 DAGs
[2024-10-26T23:20:38.047+0000] {logging_mixin.py:190} INFO - [2024-10-26T23:20:38.046+0000] {dag.py:4180} INFO - Setting next_dagrun for example_sla_dag to 2024-10-26 23:18:00+00:00, run_after=2024-10-26 23:20:00+00:00
[2024-10-26T23:20:38.075+0000] {processor.py:208} INFO - Processing /home/airflow/.local/lib/python3.12/site-packages/airflow/example_dags/example_sla_dag.py took 0.116 seconds
[2024-10-26T23:21:10.865+0000] {processor.py:186} INFO - Started process (PID=42603) to work on /home/airflow/.local/lib/python3.12/site-packages/airflow/example_dags/example_sla_dag.py
[2024-10-26T23:21:10.866+0000] {processor.py:914} INFO - Processing file /home/airflow/.local/lib/python3.12/site-packages/airflow/example_dags/example_sla_dag.py for tasks to queue
[2024-10-26T23:21:10.870+0000] {logging_mixin.py:190} INFO - [2024-10-26T23:21:10.869+0000] {dagbag.py:588} INFO - Filling up the DagBag from /home/airflow/.local/lib/python3.12/site-packages/airflow/example_dags/example_sla_dag.py
[2024-10-26T23:21:10.886+0000] {processor.py:925} INFO - DAG(s) 'example_sla_dag' retrieved from /home/airflow/.local/lib/python3.12/site-packages/airflow/example_dags/example_sla_dag.py
[2024-10-26T23:21:10.919+0000] {logging_mixin.py:190} INFO - [2024-10-26T23:21:10.918+0000] {dag.py:3239} INFO - Sync 1 DAGs
[2024-10-26T23:21:10.962+0000] {logging_mixin.py:190} INFO - [2024-10-26T23:21:10.961+0000] {dag.py:4180} INFO - Setting next_dagrun for example_sla_dag to 2024-10-26 23:18:00+00:00, run_after=2024-10-26 23:20:00+00:00
[2024-10-26T23:21:10.989+0000] {processor.py:208} INFO - Processing /home/airflow/.local/lib/python3.12/site-packages/airflow/example_dags/example_sla_dag.py took 0.136 seconds
[2024-10-26T23:21:43.578+0000] {processor.py:186} INFO - Started process (PID=42667) to work on /home/airflow/.local/lib/python3.12/site-packages/airflow/example_dags/example_sla_dag.py
[2024-10-26T23:21:43.579+0000] {processor.py:914} INFO - Processing file /home/airflow/.local/lib/python3.12/site-packages/airflow/example_dags/example_sla_dag.py for tasks to queue
[2024-10-26T23:21:43.582+0000] {logging_mixin.py:190} INFO - [2024-10-26T23:21:43.582+0000] {dagbag.py:588} INFO - Filling up the DagBag from /home/airflow/.local/lib/python3.12/site-packages/airflow/example_dags/example_sla_dag.py
[2024-10-26T23:21:43.595+0000] {processor.py:925} INFO - DAG(s) 'example_sla_dag' retrieved from /home/airflow/.local/lib/python3.12/site-packages/airflow/example_dags/example_sla_dag.py
[2024-10-26T23:21:43.617+0000] {logging_mixin.py:190} INFO - [2024-10-26T23:21:43.617+0000] {dag.py:3239} INFO - Sync 1 DAGs
[2024-10-26T23:21:43.645+0000] {logging_mixin.py:190} INFO - [2024-10-26T23:21:43.645+0000] {dag.py:4180} INFO - Setting next_dagrun for example_sla_dag to 2024-10-26 23:18:00+00:00, run_after=2024-10-26 23:20:00+00:00
[2024-10-26T23:21:43.664+0000] {processor.py:208} INFO - Processing /home/airflow/.local/lib/python3.12/site-packages/airflow/example_dags/example_sla_dag.py took 0.094 seconds
[2024-10-26T23:22:15.987+0000] {processor.py:186} INFO - Started process (PID=42731) to work on /home/airflow/.local/lib/python3.12/site-packages/airflow/example_dags/example_sla_dag.py
[2024-10-26T23:22:15.988+0000] {processor.py:914} INFO - Processing file /home/airflow/.local/lib/python3.12/site-packages/airflow/example_dags/example_sla_dag.py for tasks to queue
[2024-10-26T23:22:15.991+0000] {logging_mixin.py:190} INFO - [2024-10-26T23:22:15.990+0000] {dagbag.py:588} INFO - Filling up the DagBag from /home/airflow/.local/lib/python3.12/site-packages/airflow/example_dags/example_sla_dag.py
[2024-10-26T23:22:16.001+0000] {processor.py:925} INFO - DAG(s) 'example_sla_dag' retrieved from /home/airflow/.local/lib/python3.12/site-packages/airflow/example_dags/example_sla_dag.py
[2024-10-26T23:22:16.020+0000] {logging_mixin.py:190} INFO - [2024-10-26T23:22:16.020+0000] {dag.py:3239} INFO - Sync 1 DAGs
[2024-10-26T23:22:16.045+0000] {logging_mixin.py:190} INFO - [2024-10-26T23:22:16.045+0000] {dag.py:4180} INFO - Setting next_dagrun for example_sla_dag to 2024-10-26 23:20:00+00:00, run_after=2024-10-26 23:22:00+00:00
[2024-10-26T23:22:16.068+0000] {processor.py:208} INFO - Processing /home/airflow/.local/lib/python3.12/site-packages/airflow/example_dags/example_sla_dag.py took 0.088 seconds
[2024-10-26T23:22:48.325+0000] {processor.py:186} INFO - Started process (PID=42795) to work on /home/airflow/.local/lib/python3.12/site-packages/airflow/example_dags/example_sla_dag.py
[2024-10-26T23:22:48.326+0000] {processor.py:914} INFO - Processing file /home/airflow/.local/lib/python3.12/site-packages/airflow/example_dags/example_sla_dag.py for tasks to queue
[2024-10-26T23:22:48.328+0000] {logging_mixin.py:190} INFO - [2024-10-26T23:22:48.328+0000] {dagbag.py:588} INFO - Filling up the DagBag from /home/airflow/.local/lib/python3.12/site-packages/airflow/example_dags/example_sla_dag.py
[2024-10-26T23:22:48.338+0000] {processor.py:925} INFO - DAG(s) 'example_sla_dag' retrieved from /home/airflow/.local/lib/python3.12/site-packages/airflow/example_dags/example_sla_dag.py
[2024-10-26T23:22:48.357+0000] {logging_mixin.py:190} INFO - [2024-10-26T23:22:48.357+0000] {dag.py:3239} INFO - Sync 1 DAGs
[2024-10-26T23:22:48.379+0000] {logging_mixin.py:190} INFO - [2024-10-26T23:22:48.379+0000] {dag.py:4180} INFO - Setting next_dagrun for example_sla_dag to 2024-10-26 23:20:00+00:00, run_after=2024-10-26 23:22:00+00:00
[2024-10-26T23:22:48.401+0000] {processor.py:208} INFO - Processing /home/airflow/.local/lib/python3.12/site-packages/airflow/example_dags/example_sla_dag.py took 0.082 seconds
[2024-10-26T23:23:21.290+0000] {processor.py:186} INFO - Started process (PID=42859) to work on /home/airflow/.local/lib/python3.12/site-packages/airflow/example_dags/example_sla_dag.py
[2024-10-26T23:23:21.291+0000] {processor.py:914} INFO - Processing file /home/airflow/.local/lib/python3.12/site-packages/airflow/example_dags/example_sla_dag.py for tasks to queue
[2024-10-26T23:23:21.293+0000] {logging_mixin.py:190} INFO - [2024-10-26T23:23:21.293+0000] {dagbag.py:588} INFO - Filling up the DagBag from /home/airflow/.local/lib/python3.12/site-packages/airflow/example_dags/example_sla_dag.py
[2024-10-26T23:23:21.303+0000] {processor.py:925} INFO - DAG(s) 'example_sla_dag' retrieved from /home/airflow/.local/lib/python3.12/site-packages/airflow/example_dags/example_sla_dag.py
[2024-10-26T23:23:21.322+0000] {logging_mixin.py:190} INFO - [2024-10-26T23:23:21.321+0000] {dag.py:3239} INFO - Sync 1 DAGs
[2024-10-26T23:23:21.344+0000] {logging_mixin.py:190} INFO - [2024-10-26T23:23:21.344+0000] {dag.py:4180} INFO - Setting next_dagrun for example_sla_dag to 2024-10-26 23:20:00+00:00, run_after=2024-10-26 23:22:00+00:00
[2024-10-26T23:23:21.365+0000] {processor.py:208} INFO - Processing /home/airflow/.local/lib/python3.12/site-packages/airflow/example_dags/example_sla_dag.py took 0.080 seconds
[2024-10-26T23:23:54.015+0000] {processor.py:186} INFO - Started process (PID=42923) to work on /home/airflow/.local/lib/python3.12/site-packages/airflow/example_dags/example_sla_dag.py
[2024-10-26T23:23:54.017+0000] {processor.py:914} INFO - Processing file /home/airflow/.local/lib/python3.12/site-packages/airflow/example_dags/example_sla_dag.py for tasks to queue
[2024-10-26T23:23:54.019+0000] {logging_mixin.py:190} INFO - [2024-10-26T23:23:54.018+0000] {dagbag.py:588} INFO - Filling up the DagBag from /home/airflow/.local/lib/python3.12/site-packages/airflow/example_dags/example_sla_dag.py
[2024-10-26T23:23:54.028+0000] {processor.py:925} INFO - DAG(s) 'example_sla_dag' retrieved from /home/airflow/.local/lib/python3.12/site-packages/airflow/example_dags/example_sla_dag.py
[2024-10-26T23:23:54.045+0000] {logging_mixin.py:190} INFO - [2024-10-26T23:23:54.045+0000] {dag.py:3239} INFO - Sync 1 DAGs
[2024-10-26T23:23:54.067+0000] {logging_mixin.py:190} INFO - [2024-10-26T23:23:54.067+0000] {dag.py:4180} INFO - Setting next_dagrun for example_sla_dag to 2024-10-26 23:20:00+00:00, run_after=2024-10-26 23:22:00+00:00
[2024-10-26T23:23:54.088+0000] {processor.py:208} INFO - Processing /home/airflow/.local/lib/python3.12/site-packages/airflow/example_dags/example_sla_dag.py took 0.078 seconds
[2024-10-26T23:24:26.672+0000] {processor.py:186} INFO - Started process (PID=42987) to work on /home/airflow/.local/lib/python3.12/site-packages/airflow/example_dags/example_sla_dag.py
[2024-10-26T23:24:26.673+0000] {processor.py:914} INFO - Processing file /home/airflow/.local/lib/python3.12/site-packages/airflow/example_dags/example_sla_dag.py for tasks to queue
[2024-10-26T23:24:26.675+0000] {logging_mixin.py:190} INFO - [2024-10-26T23:24:26.675+0000] {dagbag.py:588} INFO - Filling up the DagBag from /home/airflow/.local/lib/python3.12/site-packages/airflow/example_dags/example_sla_dag.py
[2024-10-26T23:24:26.685+0000] {processor.py:925} INFO - DAG(s) 'example_sla_dag' retrieved from /home/airflow/.local/lib/python3.12/site-packages/airflow/example_dags/example_sla_dag.py
[2024-10-26T23:24:26.704+0000] {logging_mixin.py:190} INFO - [2024-10-26T23:24:26.704+0000] {dag.py:3239} INFO - Sync 1 DAGs
[2024-10-26T23:24:26.728+0000] {logging_mixin.py:190} INFO - [2024-10-26T23:24:26.728+0000] {dag.py:4180} INFO - Setting next_dagrun for example_sla_dag to 2024-10-26 23:22:00+00:00, run_after=2024-10-26 23:24:00+00:00
[2024-10-26T23:24:26.749+0000] {processor.py:208} INFO - Processing /home/airflow/.local/lib/python3.12/site-packages/airflow/example_dags/example_sla_dag.py took 0.082 seconds
[2024-10-26T23:24:59.557+0000] {processor.py:186} INFO - Started process (PID=43051) to work on /home/airflow/.local/lib/python3.12/site-packages/airflow/example_dags/example_sla_dag.py
[2024-10-26T23:24:59.558+0000] {processor.py:914} INFO - Processing file /home/airflow/.local/lib/python3.12/site-packages/airflow/example_dags/example_sla_dag.py for tasks to queue
[2024-10-26T23:24:59.560+0000] {logging_mixin.py:190} INFO - [2024-10-26T23:24:59.560+0000] {dagbag.py:588} INFO - Filling up the DagBag from /home/airflow/.local/lib/python3.12/site-packages/airflow/example_dags/example_sla_dag.py
[2024-10-26T23:24:59.570+0000] {processor.py:925} INFO - DAG(s) 'example_sla_dag' retrieved from /home/airflow/.local/lib/python3.12/site-packages/airflow/example_dags/example_sla_dag.py
[2024-10-26T23:24:59.588+0000] {logging_mixin.py:190} INFO - [2024-10-26T23:24:59.588+0000] {dag.py:3239} INFO - Sync 1 DAGs
[2024-10-26T23:24:59.610+0000] {logging_mixin.py:190} INFO - [2024-10-26T23:24:59.609+0000] {dag.py:4180} INFO - Setting next_dagrun for example_sla_dag to 2024-10-26 23:22:00+00:00, run_after=2024-10-26 23:24:00+00:00
[2024-10-26T23:24:59.630+0000] {processor.py:208} INFO - Processing /home/airflow/.local/lib/python3.12/site-packages/airflow/example_dags/example_sla_dag.py took 0.078 seconds
[2024-10-26T23:25:32.308+0000] {processor.py:186} INFO - Started process (PID=43115) to work on /home/airflow/.local/lib/python3.12/site-packages/airflow/example_dags/example_sla_dag.py
[2024-10-26T23:25:32.309+0000] {processor.py:914} INFO - Processing file /home/airflow/.local/lib/python3.12/site-packages/airflow/example_dags/example_sla_dag.py for tasks to queue
[2024-10-26T23:25:32.313+0000] {logging_mixin.py:190} INFO - [2024-10-26T23:25:32.312+0000] {dagbag.py:588} INFO - Filling up the DagBag from /home/airflow/.local/lib/python3.12/site-packages/airflow/example_dags/example_sla_dag.py
[2024-10-26T23:25:32.323+0000] {processor.py:925} INFO - DAG(s) 'example_sla_dag' retrieved from /home/airflow/.local/lib/python3.12/site-packages/airflow/example_dags/example_sla_dag.py
[2024-10-26T23:25:32.344+0000] {logging_mixin.py:190} INFO - [2024-10-26T23:25:32.343+0000] {dag.py:3239} INFO - Sync 1 DAGs
[2024-10-26T23:25:32.373+0000] {logging_mixin.py:190} INFO - [2024-10-26T23:25:32.373+0000] {dag.py:4180} INFO - Setting next_dagrun for example_sla_dag to 2024-10-26 23:22:00+00:00, run_after=2024-10-26 23:24:00+00:00
[2024-10-26T23:25:32.396+0000] {processor.py:208} INFO - Processing /home/airflow/.local/lib/python3.12/site-packages/airflow/example_dags/example_sla_dag.py took 0.095 seconds
[2024-10-26T23:26:05.014+0000] {processor.py:186} INFO - Started process (PID=43179) to work on /home/airflow/.local/lib/python3.12/site-packages/airflow/example_dags/example_sla_dag.py
[2024-10-26T23:26:05.015+0000] {processor.py:914} INFO - Processing file /home/airflow/.local/lib/python3.12/site-packages/airflow/example_dags/example_sla_dag.py for tasks to queue
[2024-10-26T23:26:05.018+0000] {logging_mixin.py:190} INFO - [2024-10-26T23:26:05.017+0000] {dagbag.py:588} INFO - Filling up the DagBag from /home/airflow/.local/lib/python3.12/site-packages/airflow/example_dags/example_sla_dag.py
[2024-10-26T23:26:05.029+0000] {processor.py:925} INFO - DAG(s) 'example_sla_dag' retrieved from /home/airflow/.local/lib/python3.12/site-packages/airflow/example_dags/example_sla_dag.py
[2024-10-26T23:26:05.048+0000] {logging_mixin.py:190} INFO - [2024-10-26T23:26:05.048+0000] {dag.py:3239} INFO - Sync 1 DAGs
[2024-10-26T23:26:05.073+0000] {logging_mixin.py:190} INFO - [2024-10-26T23:26:05.072+0000] {dag.py:4180} INFO - Setting next_dagrun for example_sla_dag to 2024-10-26 23:24:00+00:00, run_after=2024-10-26 23:26:00+00:00
[2024-10-26T23:26:05.095+0000] {processor.py:208} INFO - Processing /home/airflow/.local/lib/python3.12/site-packages/airflow/example_dags/example_sla_dag.py took 0.085 seconds
[2024-10-26T23:26:37.811+0000] {processor.py:186} INFO - Started process (PID=43243) to work on /home/airflow/.local/lib/python3.12/site-packages/airflow/example_dags/example_sla_dag.py
[2024-10-26T23:26:37.812+0000] {processor.py:914} INFO - Processing file /home/airflow/.local/lib/python3.12/site-packages/airflow/example_dags/example_sla_dag.py for tasks to queue
[2024-10-26T23:26:37.814+0000] {logging_mixin.py:190} INFO - [2024-10-26T23:26:37.814+0000] {dagbag.py:588} INFO - Filling up the DagBag from /home/airflow/.local/lib/python3.12/site-packages/airflow/example_dags/example_sla_dag.py
[2024-10-26T23:26:37.823+0000] {processor.py:925} INFO - DAG(s) 'example_sla_dag' retrieved from /home/airflow/.local/lib/python3.12/site-packages/airflow/example_dags/example_sla_dag.py
[2024-10-26T23:26:37.842+0000] {logging_mixin.py:190} INFO - [2024-10-26T23:26:37.841+0000] {dag.py:3239} INFO - Sync 1 DAGs
[2024-10-26T23:26:37.866+0000] {logging_mixin.py:190} INFO - [2024-10-26T23:26:37.865+0000] {dag.py:4180} INFO - Setting next_dagrun for example_sla_dag to 2024-10-26 23:24:00+00:00, run_after=2024-10-26 23:26:00+00:00
[2024-10-26T23:26:37.887+0000] {processor.py:208} INFO - Processing /home/airflow/.local/lib/python3.12/site-packages/airflow/example_dags/example_sla_dag.py took 0.081 seconds
[2024-10-26T23:27:10.374+0000] {processor.py:186} INFO - Started process (PID=43307) to work on /home/airflow/.local/lib/python3.12/site-packages/airflow/example_dags/example_sla_dag.py
[2024-10-26T23:27:10.375+0000] {processor.py:914} INFO - Processing file /home/airflow/.local/lib/python3.12/site-packages/airflow/example_dags/example_sla_dag.py for tasks to queue
[2024-10-26T23:27:10.378+0000] {logging_mixin.py:190} INFO - [2024-10-26T23:27:10.377+0000] {dagbag.py:588} INFO - Filling up the DagBag from /home/airflow/.local/lib/python3.12/site-packages/airflow/example_dags/example_sla_dag.py
[2024-10-26T23:27:10.388+0000] {processor.py:925} INFO - DAG(s) 'example_sla_dag' retrieved from /home/airflow/.local/lib/python3.12/site-packages/airflow/example_dags/example_sla_dag.py
[2024-10-26T23:27:10.406+0000] {logging_mixin.py:190} INFO - [2024-10-26T23:27:10.406+0000] {dag.py:3239} INFO - Sync 1 DAGs
[2024-10-26T23:27:10.428+0000] {logging_mixin.py:190} INFO - [2024-10-26T23:27:10.428+0000] {dag.py:4180} INFO - Setting next_dagrun for example_sla_dag to 2024-10-26 23:24:00+00:00, run_after=2024-10-26 23:26:00+00:00
[2024-10-26T23:27:10.447+0000] {processor.py:208} INFO - Processing /home/airflow/.local/lib/python3.12/site-packages/airflow/example_dags/example_sla_dag.py took 0.079 seconds
[2024-10-26T23:27:43.886+0000] {processor.py:186} INFO - Started process (PID=43371) to work on /home/airflow/.local/lib/python3.12/site-packages/airflow/example_dags/example_sla_dag.py
[2024-10-26T23:27:43.887+0000] {processor.py:914} INFO - Processing file /home/airflow/.local/lib/python3.12/site-packages/airflow/example_dags/example_sla_dag.py for tasks to queue
[2024-10-26T23:27:43.889+0000] {logging_mixin.py:190} INFO - [2024-10-26T23:27:43.889+0000] {dagbag.py:588} INFO - Filling up the DagBag from /home/airflow/.local/lib/python3.12/site-packages/airflow/example_dags/example_sla_dag.py
[2024-10-26T23:27:43.898+0000] {processor.py:925} INFO - DAG(s) 'example_sla_dag' retrieved from /home/airflow/.local/lib/python3.12/site-packages/airflow/example_dags/example_sla_dag.py
[2024-10-26T23:27:43.916+0000] {logging_mixin.py:190} INFO - [2024-10-26T23:27:43.915+0000] {dag.py:3239} INFO - Sync 1 DAGs
[2024-10-26T23:27:43.937+0000] {logging_mixin.py:190} INFO - [2024-10-26T23:27:43.937+0000] {dag.py:4180} INFO - Setting next_dagrun for example_sla_dag to 2024-10-26 23:24:00+00:00, run_after=2024-10-26 23:26:00+00:00
[2024-10-26T23:27:43.958+0000] {processor.py:208} INFO - Processing /home/airflow/.local/lib/python3.12/site-packages/airflow/example_dags/example_sla_dag.py took 0.077 seconds
[2024-10-26T23:28:16.042+0000] {processor.py:186} INFO - Started process (PID=43435) to work on /home/airflow/.local/lib/python3.12/site-packages/airflow/example_dags/example_sla_dag.py
[2024-10-26T23:28:16.043+0000] {processor.py:914} INFO - Processing file /home/airflow/.local/lib/python3.12/site-packages/airflow/example_dags/example_sla_dag.py for tasks to queue
[2024-10-26T23:28:16.045+0000] {logging_mixin.py:190} INFO - [2024-10-26T23:28:16.044+0000] {dagbag.py:588} INFO - Filling up the DagBag from /home/airflow/.local/lib/python3.12/site-packages/airflow/example_dags/example_sla_dag.py
[2024-10-26T23:28:16.054+0000] {processor.py:925} INFO - DAG(s) 'example_sla_dag' retrieved from /home/airflow/.local/lib/python3.12/site-packages/airflow/example_dags/example_sla_dag.py
[2024-10-26T23:28:16.073+0000] {logging_mixin.py:190} INFO - [2024-10-26T23:28:16.072+0000] {dag.py:3239} INFO - Sync 1 DAGs
[2024-10-26T23:28:16.095+0000] {logging_mixin.py:190} INFO - [2024-10-26T23:28:16.095+0000] {dag.py:4180} INFO - Setting next_dagrun for example_sla_dag to 2024-10-26 23:26:00+00:00, run_after=2024-10-26 23:28:00+00:00
[2024-10-26T23:28:16.116+0000] {processor.py:208} INFO - Processing /home/airflow/.local/lib/python3.12/site-packages/airflow/example_dags/example_sla_dag.py took 0.079 seconds
[2024-10-26T23:28:48.698+0000] {processor.py:186} INFO - Started process (PID=43499) to work on /home/airflow/.local/lib/python3.12/site-packages/airflow/example_dags/example_sla_dag.py
[2024-10-26T23:28:48.700+0000] {processor.py:914} INFO - Processing file /home/airflow/.local/lib/python3.12/site-packages/airflow/example_dags/example_sla_dag.py for tasks to queue
[2024-10-26T23:28:48.702+0000] {logging_mixin.py:190} INFO - [2024-10-26T23:28:48.702+0000] {dagbag.py:588} INFO - Filling up the DagBag from /home/airflow/.local/lib/python3.12/site-packages/airflow/example_dags/example_sla_dag.py
[2024-10-26T23:28:48.712+0000] {processor.py:925} INFO - DAG(s) 'example_sla_dag' retrieved from /home/airflow/.local/lib/python3.12/site-packages/airflow/example_dags/example_sla_dag.py
[2024-10-26T23:28:48.732+0000] {logging_mixin.py:190} INFO - [2024-10-26T23:28:48.732+0000] {dag.py:3239} INFO - Sync 1 DAGs
[2024-10-26T23:28:48.760+0000] {logging_mixin.py:190} INFO - [2024-10-26T23:28:48.760+0000] {dag.py:4180} INFO - Setting next_dagrun for example_sla_dag to 2024-10-26 23:26:00+00:00, run_after=2024-10-26 23:28:00+00:00
[2024-10-26T23:28:48.783+0000] {processor.py:208} INFO - Processing /home/airflow/.local/lib/python3.12/site-packages/airflow/example_dags/example_sla_dag.py took 0.091 seconds
[2024-10-26T23:29:21.655+0000] {processor.py:186} INFO - Started process (PID=43563) to work on /home/airflow/.local/lib/python3.12/site-packages/airflow/example_dags/example_sla_dag.py
[2024-10-26T23:29:21.657+0000] {processor.py:914} INFO - Processing file /home/airflow/.local/lib/python3.12/site-packages/airflow/example_dags/example_sla_dag.py for tasks to queue
[2024-10-26T23:29:21.659+0000] {logging_mixin.py:190} INFO - [2024-10-26T23:29:21.659+0000] {dagbag.py:588} INFO - Filling up the DagBag from /home/airflow/.local/lib/python3.12/site-packages/airflow/example_dags/example_sla_dag.py
[2024-10-26T23:29:21.669+0000] {processor.py:925} INFO - DAG(s) 'example_sla_dag' retrieved from /home/airflow/.local/lib/python3.12/site-packages/airflow/example_dags/example_sla_dag.py
[2024-10-26T23:29:21.686+0000] {logging_mixin.py:190} INFO - [2024-10-26T23:29:21.686+0000] {dag.py:3239} INFO - Sync 1 DAGs
[2024-10-26T23:29:21.710+0000] {logging_mixin.py:190} INFO - [2024-10-26T23:29:21.710+0000] {dag.py:4180} INFO - Setting next_dagrun for example_sla_dag to 2024-10-26 23:26:00+00:00, run_after=2024-10-26 23:28:00+00:00
[2024-10-26T23:29:21.728+0000] {processor.py:208} INFO - Processing /home/airflow/.local/lib/python3.12/site-packages/airflow/example_dags/example_sla_dag.py took 0.077 seconds
[2024-10-26T23:29:54.653+0000] {processor.py:186} INFO - Started process (PID=43627) to work on /home/airflow/.local/lib/python3.12/site-packages/airflow/example_dags/example_sla_dag.py
[2024-10-26T23:29:54.654+0000] {processor.py:914} INFO - Processing file /home/airflow/.local/lib/python3.12/site-packages/airflow/example_dags/example_sla_dag.py for tasks to queue
[2024-10-26T23:29:54.656+0000] {logging_mixin.py:190} INFO - [2024-10-26T23:29:54.656+0000] {dagbag.py:588} INFO - Filling up the DagBag from /home/airflow/.local/lib/python3.12/site-packages/airflow/example_dags/example_sla_dag.py
[2024-10-26T23:29:54.665+0000] {processor.py:925} INFO - DAG(s) 'example_sla_dag' retrieved from /home/airflow/.local/lib/python3.12/site-packages/airflow/example_dags/example_sla_dag.py
[2024-10-26T23:29:54.682+0000] {logging_mixin.py:190} INFO - [2024-10-26T23:29:54.682+0000] {dag.py:3239} INFO - Sync 1 DAGs
[2024-10-26T23:29:54.709+0000] {logging_mixin.py:190} INFO - [2024-10-26T23:29:54.708+0000] {dag.py:4180} INFO - Setting next_dagrun for example_sla_dag to 2024-10-26 23:26:00+00:00, run_after=2024-10-26 23:28:00+00:00
[2024-10-26T23:29:54.731+0000] {processor.py:208} INFO - Processing /home/airflow/.local/lib/python3.12/site-packages/airflow/example_dags/example_sla_dag.py took 0.083 seconds
[2024-10-26T23:30:27.443+0000] {processor.py:186} INFO - Started process (PID=43691) to work on /home/airflow/.local/lib/python3.12/site-packages/airflow/example_dags/example_sla_dag.py
[2024-10-26T23:30:27.444+0000] {processor.py:914} INFO - Processing file /home/airflow/.local/lib/python3.12/site-packages/airflow/example_dags/example_sla_dag.py for tasks to queue
[2024-10-26T23:30:27.446+0000] {logging_mixin.py:190} INFO - [2024-10-26T23:30:27.445+0000] {dagbag.py:588} INFO - Filling up the DagBag from /home/airflow/.local/lib/python3.12/site-packages/airflow/example_dags/example_sla_dag.py
[2024-10-26T23:30:27.454+0000] {processor.py:925} INFO - DAG(s) 'example_sla_dag' retrieved from /home/airflow/.local/lib/python3.12/site-packages/airflow/example_dags/example_sla_dag.py
[2024-10-26T23:30:27.473+0000] {logging_mixin.py:190} INFO - [2024-10-26T23:30:27.473+0000] {dag.py:3239} INFO - Sync 1 DAGs
[2024-10-26T23:30:27.496+0000] {logging_mixin.py:190} INFO - [2024-10-26T23:30:27.496+0000] {dag.py:4180} INFO - Setting next_dagrun for example_sla_dag to 2024-10-26 23:28:00+00:00, run_after=2024-10-26 23:30:00+00:00
[2024-10-26T23:30:27.517+0000] {processor.py:208} INFO - Processing /home/airflow/.local/lib/python3.12/site-packages/airflow/example_dags/example_sla_dag.py took 0.080 seconds
[2024-10-26T23:30:59.862+0000] {processor.py:186} INFO - Started process (PID=43755) to work on /home/airflow/.local/lib/python3.12/site-packages/airflow/example_dags/example_sla_dag.py
[2024-10-26T23:30:59.863+0000] {processor.py:914} INFO - Processing file /home/airflow/.local/lib/python3.12/site-packages/airflow/example_dags/example_sla_dag.py for tasks to queue
[2024-10-26T23:30:59.866+0000] {logging_mixin.py:190} INFO - [2024-10-26T23:30:59.865+0000] {dagbag.py:588} INFO - Filling up the DagBag from /home/airflow/.local/lib/python3.12/site-packages/airflow/example_dags/example_sla_dag.py
[2024-10-26T23:30:59.877+0000] {processor.py:925} INFO - DAG(s) 'example_sla_dag' retrieved from /home/airflow/.local/lib/python3.12/site-packages/airflow/example_dags/example_sla_dag.py
[2024-10-26T23:30:59.897+0000] {logging_mixin.py:190} INFO - [2024-10-26T23:30:59.896+0000] {dag.py:3239} INFO - Sync 1 DAGs
[2024-10-26T23:30:59.923+0000] {logging_mixin.py:190} INFO - [2024-10-26T23:30:59.922+0000] {dag.py:4180} INFO - Setting next_dagrun for example_sla_dag to 2024-10-26 23:28:00+00:00, run_after=2024-10-26 23:30:00+00:00
[2024-10-26T23:30:59.943+0000] {processor.py:208} INFO - Processing /home/airflow/.local/lib/python3.12/site-packages/airflow/example_dags/example_sla_dag.py took 0.088 seconds
[2024-10-26T23:31:31.919+0000] {processor.py:186} INFO - Started process (PID=43819) to work on /home/airflow/.local/lib/python3.12/site-packages/airflow/example_dags/example_sla_dag.py
[2024-10-26T23:31:31.920+0000] {processor.py:914} INFO - Processing file /home/airflow/.local/lib/python3.12/site-packages/airflow/example_dags/example_sla_dag.py for tasks to queue
[2024-10-26T23:31:31.922+0000] {logging_mixin.py:190} INFO - [2024-10-26T23:31:31.922+0000] {dagbag.py:588} INFO - Filling up the DagBag from /home/airflow/.local/lib/python3.12/site-packages/airflow/example_dags/example_sla_dag.py
[2024-10-26T23:31:31.932+0000] {processor.py:925} INFO - DAG(s) 'example_sla_dag' retrieved from /home/airflow/.local/lib/python3.12/site-packages/airflow/example_dags/example_sla_dag.py
[2024-10-26T23:31:31.950+0000] {logging_mixin.py:190} INFO - [2024-10-26T23:31:31.950+0000] {dag.py:3239} INFO - Sync 1 DAGs
[2024-10-26T23:31:31.973+0000] {logging_mixin.py:190} INFO - [2024-10-26T23:31:31.973+0000] {dag.py:4180} INFO - Setting next_dagrun for example_sla_dag to 2024-10-26 23:28:00+00:00, run_after=2024-10-26 23:30:00+00:00
[2024-10-26T23:31:31.993+0000] {processor.py:208} INFO - Processing /home/airflow/.local/lib/python3.12/site-packages/airflow/example_dags/example_sla_dag.py took 0.080 seconds
[2024-10-26T23:32:04.628+0000] {processor.py:186} INFO - Started process (PID=43883) to work on /home/airflow/.local/lib/python3.12/site-packages/airflow/example_dags/example_sla_dag.py
[2024-10-26T23:32:04.629+0000] {processor.py:914} INFO - Processing file /home/airflow/.local/lib/python3.12/site-packages/airflow/example_dags/example_sla_dag.py for tasks to queue
[2024-10-26T23:32:04.632+0000] {logging_mixin.py:190} INFO - [2024-10-26T23:32:04.632+0000] {dagbag.py:588} INFO - Filling up the DagBag from /home/airflow/.local/lib/python3.12/site-packages/airflow/example_dags/example_sla_dag.py
[2024-10-26T23:32:04.642+0000] {processor.py:925} INFO - DAG(s) 'example_sla_dag' retrieved from /home/airflow/.local/lib/python3.12/site-packages/airflow/example_dags/example_sla_dag.py
[2024-10-26T23:32:04.659+0000] {logging_mixin.py:190} INFO - [2024-10-26T23:32:04.658+0000] {dag.py:3239} INFO - Sync 1 DAGs
[2024-10-26T23:32:04.682+0000] {logging_mixin.py:190} INFO - [2024-10-26T23:32:04.682+0000] {dag.py:4180} INFO - Setting next_dagrun for example_sla_dag to 2024-10-26 23:30:00+00:00, run_after=2024-10-26 23:32:00+00:00
[2024-10-26T23:32:04.702+0000] {processor.py:208} INFO - Processing /home/airflow/.local/lib/python3.12/site-packages/airflow/example_dags/example_sla_dag.py took 0.078 seconds
[2024-10-26T23:32:37.468+0000] {processor.py:186} INFO - Started process (PID=43947) to work on /home/airflow/.local/lib/python3.12/site-packages/airflow/example_dags/example_sla_dag.py
[2024-10-26T23:32:37.469+0000] {processor.py:914} INFO - Processing file /home/airflow/.local/lib/python3.12/site-packages/airflow/example_dags/example_sla_dag.py for tasks to queue
[2024-10-26T23:32:37.472+0000] {logging_mixin.py:190} INFO - [2024-10-26T23:32:37.472+0000] {dagbag.py:588} INFO - Filling up the DagBag from /home/airflow/.local/lib/python3.12/site-packages/airflow/example_dags/example_sla_dag.py
[2024-10-26T23:32:37.482+0000] {processor.py:925} INFO - DAG(s) 'example_sla_dag' retrieved from /home/airflow/.local/lib/python3.12/site-packages/airflow/example_dags/example_sla_dag.py
[2024-10-26T23:32:37.501+0000] {logging_mixin.py:190} INFO - [2024-10-26T23:32:37.501+0000] {dag.py:3239} INFO - Sync 1 DAGs
[2024-10-26T23:32:37.531+0000] {logging_mixin.py:190} INFO - [2024-10-26T23:32:37.530+0000] {dag.py:4180} INFO - Setting next_dagrun for example_sla_dag to 2024-10-26 23:30:00+00:00, run_after=2024-10-26 23:32:00+00:00
[2024-10-26T23:32:37.553+0000] {processor.py:208} INFO - Processing /home/airflow/.local/lib/python3.12/site-packages/airflow/example_dags/example_sla_dag.py took 0.092 seconds
[2024-10-26T23:33:10.206+0000] {processor.py:186} INFO - Started process (PID=44011) to work on /home/airflow/.local/lib/python3.12/site-packages/airflow/example_dags/example_sla_dag.py
[2024-10-26T23:33:10.207+0000] {processor.py:914} INFO - Processing file /home/airflow/.local/lib/python3.12/site-packages/airflow/example_dags/example_sla_dag.py for tasks to queue
[2024-10-26T23:33:10.209+0000] {logging_mixin.py:190} INFO - [2024-10-26T23:33:10.209+0000] {dagbag.py:588} INFO - Filling up the DagBag from /home/airflow/.local/lib/python3.12/site-packages/airflow/example_dags/example_sla_dag.py
[2024-10-26T23:33:10.218+0000] {processor.py:925} INFO - DAG(s) 'example_sla_dag' retrieved from /home/airflow/.local/lib/python3.12/site-packages/airflow/example_dags/example_sla_dag.py
[2024-10-26T23:33:10.237+0000] {logging_mixin.py:190} INFO - [2024-10-26T23:33:10.237+0000] {dag.py:3239} INFO - Sync 1 DAGs
[2024-10-26T23:33:10.263+0000] {logging_mixin.py:190} INFO - [2024-10-26T23:33:10.263+0000] {dag.py:4180} INFO - Setting next_dagrun for example_sla_dag to 2024-10-26 23:30:00+00:00, run_after=2024-10-26 23:32:00+00:00
[2024-10-26T23:33:10.285+0000] {processor.py:208} INFO - Processing /home/airflow/.local/lib/python3.12/site-packages/airflow/example_dags/example_sla_dag.py took 0.085 seconds
[2024-10-26T23:33:43.456+0000] {processor.py:186} INFO - Started process (PID=44075) to work on /home/airflow/.local/lib/python3.12/site-packages/airflow/example_dags/example_sla_dag.py
[2024-10-26T23:33:43.457+0000] {processor.py:914} INFO - Processing file /home/airflow/.local/lib/python3.12/site-packages/airflow/example_dags/example_sla_dag.py for tasks to queue
[2024-10-26T23:33:43.459+0000] {logging_mixin.py:190} INFO - [2024-10-26T23:33:43.459+0000] {dagbag.py:588} INFO - Filling up the DagBag from /home/airflow/.local/lib/python3.12/site-packages/airflow/example_dags/example_sla_dag.py
[2024-10-26T23:33:43.468+0000] {processor.py:925} INFO - DAG(s) 'example_sla_dag' retrieved from /home/airflow/.local/lib/python3.12/site-packages/airflow/example_dags/example_sla_dag.py
[2024-10-26T23:33:43.487+0000] {logging_mixin.py:190} INFO - [2024-10-26T23:33:43.486+0000] {dag.py:3239} INFO - Sync 1 DAGs
[2024-10-26T23:33:43.509+0000] {logging_mixin.py:190} INFO - [2024-10-26T23:33:43.508+0000] {dag.py:4180} INFO - Setting next_dagrun for example_sla_dag to 2024-10-26 23:30:00+00:00, run_after=2024-10-26 23:32:00+00:00
[2024-10-26T23:33:43.529+0000] {processor.py:208} INFO - Processing /home/airflow/.local/lib/python3.12/site-packages/airflow/example_dags/example_sla_dag.py took 0.079 seconds
[2024-10-26T23:34:16.067+0000] {processor.py:186} INFO - Started process (PID=44139) to work on /home/airflow/.local/lib/python3.12/site-packages/airflow/example_dags/example_sla_dag.py
[2024-10-26T23:34:16.068+0000] {processor.py:914} INFO - Processing file /home/airflow/.local/lib/python3.12/site-packages/airflow/example_dags/example_sla_dag.py for tasks to queue
[2024-10-26T23:34:16.071+0000] {logging_mixin.py:190} INFO - [2024-10-26T23:34:16.071+0000] {dagbag.py:588} INFO - Filling up the DagBag from /home/airflow/.local/lib/python3.12/site-packages/airflow/example_dags/example_sla_dag.py
[2024-10-26T23:34:16.080+0000] {processor.py:925} INFO - DAG(s) 'example_sla_dag' retrieved from /home/airflow/.local/lib/python3.12/site-packages/airflow/example_dags/example_sla_dag.py
[2024-10-26T23:34:16.099+0000] {logging_mixin.py:190} INFO - [2024-10-26T23:34:16.099+0000] {dag.py:3239} INFO - Sync 1 DAGs
[2024-10-26T23:34:16.123+0000] {logging_mixin.py:190} INFO - [2024-10-26T23:34:16.122+0000] {dag.py:4180} INFO - Setting next_dagrun for example_sla_dag to 2024-10-26 23:32:00+00:00, run_after=2024-10-26 23:34:00+00:00
[2024-10-26T23:34:16.146+0000] {processor.py:208} INFO - Processing /home/airflow/.local/lib/python3.12/site-packages/airflow/example_dags/example_sla_dag.py took 0.084 seconds
[2024-10-26T23:34:49.053+0000] {processor.py:186} INFO - Started process (PID=44203) to work on /home/airflow/.local/lib/python3.12/site-packages/airflow/example_dags/example_sla_dag.py
[2024-10-26T23:34:49.054+0000] {processor.py:914} INFO - Processing file /home/airflow/.local/lib/python3.12/site-packages/airflow/example_dags/example_sla_dag.py for tasks to queue
[2024-10-26T23:34:49.056+0000] {logging_mixin.py:190} INFO - [2024-10-26T23:34:49.056+0000] {dagbag.py:588} INFO - Filling up the DagBag from /home/airflow/.local/lib/python3.12/site-packages/airflow/example_dags/example_sla_dag.py
[2024-10-26T23:34:49.066+0000] {processor.py:925} INFO - DAG(s) 'example_sla_dag' retrieved from /home/airflow/.local/lib/python3.12/site-packages/airflow/example_dags/example_sla_dag.py
[2024-10-26T23:34:49.082+0000] {logging_mixin.py:190} INFO - [2024-10-26T23:34:49.081+0000] {dag.py:3239} INFO - Sync 1 DAGs
[2024-10-26T23:34:49.105+0000] {logging_mixin.py:190} INFO - [2024-10-26T23:34:49.105+0000] {dag.py:4180} INFO - Setting next_dagrun for example_sla_dag to 2024-10-26 23:32:00+00:00, run_after=2024-10-26 23:34:00+00:00
[2024-10-26T23:34:49.125+0000] {processor.py:208} INFO - Processing /home/airflow/.local/lib/python3.12/site-packages/airflow/example_dags/example_sla_dag.py took 0.077 seconds
[2024-10-26T23:35:21.617+0000] {processor.py:186} INFO - Started process (PID=44267) to work on /home/airflow/.local/lib/python3.12/site-packages/airflow/example_dags/example_sla_dag.py
[2024-10-26T23:35:21.618+0000] {processor.py:914} INFO - Processing file /home/airflow/.local/lib/python3.12/site-packages/airflow/example_dags/example_sla_dag.py for tasks to queue
[2024-10-26T23:35:21.620+0000] {logging_mixin.py:190} INFO - [2024-10-26T23:35:21.620+0000] {dagbag.py:588} INFO - Filling up the DagBag from /home/airflow/.local/lib/python3.12/site-packages/airflow/example_dags/example_sla_dag.py
[2024-10-26T23:35:21.630+0000] {processor.py:925} INFO - DAG(s) 'example_sla_dag' retrieved from /home/airflow/.local/lib/python3.12/site-packages/airflow/example_dags/example_sla_dag.py
[2024-10-26T23:35:21.648+0000] {logging_mixin.py:190} INFO - [2024-10-26T23:35:21.648+0000] {dag.py:3239} INFO - Sync 1 DAGs
[2024-10-26T23:35:21.672+0000] {logging_mixin.py:190} INFO - [2024-10-26T23:35:21.672+0000] {dag.py:4180} INFO - Setting next_dagrun for example_sla_dag to 2024-10-26 23:32:00+00:00, run_after=2024-10-26 23:34:00+00:00
[2024-10-26T23:35:21.695+0000] {processor.py:208} INFO - Processing /home/airflow/.local/lib/python3.12/site-packages/airflow/example_dags/example_sla_dag.py took 0.083 seconds
[2024-10-26T23:35:54.297+0000] {processor.py:186} INFO - Started process (PID=44331) to work on /home/airflow/.local/lib/python3.12/site-packages/airflow/example_dags/example_sla_dag.py
[2024-10-26T23:35:54.298+0000] {processor.py:914} INFO - Processing file /home/airflow/.local/lib/python3.12/site-packages/airflow/example_dags/example_sla_dag.py for tasks to queue
[2024-10-26T23:35:54.301+0000] {logging_mixin.py:190} INFO - [2024-10-26T23:35:54.300+0000] {dagbag.py:588} INFO - Filling up the DagBag from /home/airflow/.local/lib/python3.12/site-packages/airflow/example_dags/example_sla_dag.py
[2024-10-26T23:35:54.313+0000] {processor.py:925} INFO - DAG(s) 'example_sla_dag' retrieved from /home/airflow/.local/lib/python3.12/site-packages/airflow/example_dags/example_sla_dag.py
[2024-10-26T23:35:54.335+0000] {logging_mixin.py:190} INFO - [2024-10-26T23:35:54.335+0000] {dag.py:3239} INFO - Sync 1 DAGs
[2024-10-26T23:35:54.363+0000] {logging_mixin.py:190} INFO - [2024-10-26T23:35:54.362+0000] {dag.py:4180} INFO - Setting next_dagrun for example_sla_dag to 2024-10-26 23:32:00+00:00, run_after=2024-10-26 23:34:00+00:00
[2024-10-26T23:35:54.405+0000] {processor.py:208} INFO - Processing /home/airflow/.local/lib/python3.12/site-packages/airflow/example_dags/example_sla_dag.py took 0.114 seconds
[2024-10-26T23:36:26.904+0000] {processor.py:186} INFO - Started process (PID=44395) to work on /home/airflow/.local/lib/python3.12/site-packages/airflow/example_dags/example_sla_dag.py
[2024-10-26T23:36:26.905+0000] {processor.py:914} INFO - Processing file /home/airflow/.local/lib/python3.12/site-packages/airflow/example_dags/example_sla_dag.py for tasks to queue
[2024-10-26T23:36:26.907+0000] {logging_mixin.py:190} INFO - [2024-10-26T23:36:26.907+0000] {dagbag.py:588} INFO - Filling up the DagBag from /home/airflow/.local/lib/python3.12/site-packages/airflow/example_dags/example_sla_dag.py
[2024-10-26T23:36:26.919+0000] {processor.py:925} INFO - DAG(s) 'example_sla_dag' retrieved from /home/airflow/.local/lib/python3.12/site-packages/airflow/example_dags/example_sla_dag.py
[2024-10-26T23:36:26.938+0000] {logging_mixin.py:190} INFO - [2024-10-26T23:36:26.938+0000] {dag.py:3239} INFO - Sync 1 DAGs
[2024-10-26T23:36:26.960+0000] {logging_mixin.py:190} INFO - [2024-10-26T23:36:26.959+0000] {dag.py:4180} INFO - Setting next_dagrun for example_sla_dag to 2024-10-26 23:34:00+00:00, run_after=2024-10-26 23:36:00+00:00
[2024-10-26T23:36:26.980+0000] {processor.py:208} INFO - Processing /home/airflow/.local/lib/python3.12/site-packages/airflow/example_dags/example_sla_dag.py took 0.084 seconds
[2024-10-26T23:37:00.101+0000] {processor.py:186} INFO - Started process (PID=44459) to work on /home/airflow/.local/lib/python3.12/site-packages/airflow/example_dags/example_sla_dag.py
[2024-10-26T23:37:00.102+0000] {processor.py:914} INFO - Processing file /home/airflow/.local/lib/python3.12/site-packages/airflow/example_dags/example_sla_dag.py for tasks to queue
[2024-10-26T23:37:00.105+0000] {logging_mixin.py:190} INFO - [2024-10-26T23:37:00.104+0000] {dagbag.py:588} INFO - Filling up the DagBag from /home/airflow/.local/lib/python3.12/site-packages/airflow/example_dags/example_sla_dag.py
[2024-10-26T23:37:00.115+0000] {processor.py:925} INFO - DAG(s) 'example_sla_dag' retrieved from /home/airflow/.local/lib/python3.12/site-packages/airflow/example_dags/example_sla_dag.py
[2024-10-26T23:37:00.133+0000] {logging_mixin.py:190} INFO - [2024-10-26T23:37:00.133+0000] {dag.py:3239} INFO - Sync 1 DAGs
[2024-10-26T23:37:00.159+0000] {logging_mixin.py:190} INFO - [2024-10-26T23:37:00.158+0000] {dag.py:4180} INFO - Setting next_dagrun for example_sla_dag to 2024-10-26 23:34:00+00:00, run_after=2024-10-26 23:36:00+00:00
[2024-10-26T23:37:00.178+0000] {processor.py:208} INFO - Processing /home/airflow/.local/lib/python3.12/site-packages/airflow/example_dags/example_sla_dag.py took 0.082 seconds
[2024-10-26T23:37:32.199+0000] {processor.py:186} INFO - Started process (PID=44523) to work on /home/airflow/.local/lib/python3.12/site-packages/airflow/example_dags/example_sla_dag.py
[2024-10-26T23:37:32.202+0000] {processor.py:914} INFO - Processing file /home/airflow/.local/lib/python3.12/site-packages/airflow/example_dags/example_sla_dag.py for tasks to queue
[2024-10-26T23:37:32.211+0000] {logging_mixin.py:190} INFO - [2024-10-26T23:37:32.210+0000] {dagbag.py:588} INFO - Filling up the DagBag from /home/airflow/.local/lib/python3.12/site-packages/airflow/example_dags/example_sla_dag.py
[2024-10-26T23:37:32.233+0000] {processor.py:925} INFO - DAG(s) 'example_sla_dag' retrieved from /home/airflow/.local/lib/python3.12/site-packages/airflow/example_dags/example_sla_dag.py
[2024-10-26T23:37:32.269+0000] {logging_mixin.py:190} INFO - [2024-10-26T23:37:32.268+0000] {dag.py:3239} INFO - Sync 1 DAGs
[2024-10-26T23:37:32.294+0000] {logging_mixin.py:190} INFO - [2024-10-26T23:37:32.293+0000] {dag.py:4180} INFO - Setting next_dagrun for example_sla_dag to 2024-10-26 23:34:00+00:00, run_after=2024-10-26 23:36:00+00:00
[2024-10-26T23:37:32.315+0000] {processor.py:208} INFO - Processing /home/airflow/.local/lib/python3.12/site-packages/airflow/example_dags/example_sla_dag.py took 0.122 seconds
[2024-10-26T23:38:04.812+0000] {processor.py:186} INFO - Started process (PID=44587) to work on /home/airflow/.local/lib/python3.12/site-packages/airflow/example_dags/example_sla_dag.py
[2024-10-26T23:38:04.813+0000] {processor.py:914} INFO - Processing file /home/airflow/.local/lib/python3.12/site-packages/airflow/example_dags/example_sla_dag.py for tasks to queue
[2024-10-26T23:38:04.816+0000] {logging_mixin.py:190} INFO - [2024-10-26T23:38:04.815+0000] {dagbag.py:588} INFO - Filling up the DagBag from /home/airflow/.local/lib/python3.12/site-packages/airflow/example_dags/example_sla_dag.py
[2024-10-26T23:38:04.826+0000] {processor.py:925} INFO - DAG(s) 'example_sla_dag' retrieved from /home/airflow/.local/lib/python3.12/site-packages/airflow/example_dags/example_sla_dag.py
[2024-10-26T23:38:04.843+0000] {logging_mixin.py:190} INFO - [2024-10-26T23:38:04.843+0000] {dag.py:3239} INFO - Sync 1 DAGs
[2024-10-26T23:38:04.868+0000] {logging_mixin.py:190} INFO - [2024-10-26T23:38:04.868+0000] {dag.py:4180} INFO - Setting next_dagrun for example_sla_dag to 2024-10-26 23:36:00+00:00, run_after=2024-10-26 23:38:00+00:00
[2024-10-26T23:38:04.887+0000] {processor.py:208} INFO - Processing /home/airflow/.local/lib/python3.12/site-packages/airflow/example_dags/example_sla_dag.py took 0.081 seconds
[2024-10-26T23:38:38.059+0000] {processor.py:186} INFO - Started process (PID=44651) to work on /home/airflow/.local/lib/python3.12/site-packages/airflow/example_dags/example_sla_dag.py
[2024-10-26T23:38:38.060+0000] {processor.py:914} INFO - Processing file /home/airflow/.local/lib/python3.12/site-packages/airflow/example_dags/example_sla_dag.py for tasks to queue
[2024-10-26T23:38:38.063+0000] {logging_mixin.py:190} INFO - [2024-10-26T23:38:38.062+0000] {dagbag.py:588} INFO - Filling up the DagBag from /home/airflow/.local/lib/python3.12/site-packages/airflow/example_dags/example_sla_dag.py
[2024-10-26T23:38:38.072+0000] {processor.py:925} INFO - DAG(s) 'example_sla_dag' retrieved from /home/airflow/.local/lib/python3.12/site-packages/airflow/example_dags/example_sla_dag.py
[2024-10-26T23:38:38.089+0000] {logging_mixin.py:190} INFO - [2024-10-26T23:38:38.089+0000] {dag.py:3239} INFO - Sync 1 DAGs
[2024-10-26T23:38:38.113+0000] {logging_mixin.py:190} INFO - [2024-10-26T23:38:38.113+0000] {dag.py:4180} INFO - Setting next_dagrun for example_sla_dag to 2024-10-26 23:36:00+00:00, run_after=2024-10-26 23:38:00+00:00
[2024-10-26T23:38:38.133+0000] {processor.py:208} INFO - Processing /home/airflow/.local/lib/python3.12/site-packages/airflow/example_dags/example_sla_dag.py took 0.079 seconds
[2024-10-26T23:39:10.167+0000] {processor.py:186} INFO - Started process (PID=44715) to work on /home/airflow/.local/lib/python3.12/site-packages/airflow/example_dags/example_sla_dag.py
[2024-10-26T23:39:10.168+0000] {processor.py:914} INFO - Processing file /home/airflow/.local/lib/python3.12/site-packages/airflow/example_dags/example_sla_dag.py for tasks to queue
[2024-10-26T23:39:10.170+0000] {logging_mixin.py:190} INFO - [2024-10-26T23:39:10.170+0000] {dagbag.py:588} INFO - Filling up the DagBag from /home/airflow/.local/lib/python3.12/site-packages/airflow/example_dags/example_sla_dag.py
[2024-10-26T23:39:10.180+0000] {processor.py:925} INFO - DAG(s) 'example_sla_dag' retrieved from /home/airflow/.local/lib/python3.12/site-packages/airflow/example_dags/example_sla_dag.py
[2024-10-26T23:39:10.197+0000] {logging_mixin.py:190} INFO - [2024-10-26T23:39:10.196+0000] {dag.py:3239} INFO - Sync 1 DAGs
[2024-10-26T23:39:10.219+0000] {logging_mixin.py:190} INFO - [2024-10-26T23:39:10.219+0000] {dag.py:4180} INFO - Setting next_dagrun for example_sla_dag to 2024-10-26 23:36:00+00:00, run_after=2024-10-26 23:38:00+00:00
[2024-10-26T23:39:10.243+0000] {processor.py:208} INFO - Processing /home/airflow/.local/lib/python3.12/site-packages/airflow/example_dags/example_sla_dag.py took 0.080 seconds
[2024-10-26T23:39:43.904+0000] {processor.py:186} INFO - Started process (PID=44779) to work on /home/airflow/.local/lib/python3.12/site-packages/airflow/example_dags/example_sla_dag.py
[2024-10-26T23:39:43.905+0000] {processor.py:914} INFO - Processing file /home/airflow/.local/lib/python3.12/site-packages/airflow/example_dags/example_sla_dag.py for tasks to queue
[2024-10-26T23:39:43.908+0000] {logging_mixin.py:190} INFO - [2024-10-26T23:39:43.907+0000] {dagbag.py:588} INFO - Filling up the DagBag from /home/airflow/.local/lib/python3.12/site-packages/airflow/example_dags/example_sla_dag.py
[2024-10-26T23:39:43.919+0000] {processor.py:925} INFO - DAG(s) 'example_sla_dag' retrieved from /home/airflow/.local/lib/python3.12/site-packages/airflow/example_dags/example_sla_dag.py
[2024-10-26T23:39:43.941+0000] {logging_mixin.py:190} INFO - [2024-10-26T23:39:43.940+0000] {dag.py:3239} INFO - Sync 1 DAGs
[2024-10-26T23:39:43.967+0000] {logging_mixin.py:190} INFO - [2024-10-26T23:39:43.966+0000] {dag.py:4180} INFO - Setting next_dagrun for example_sla_dag to 2024-10-26 23:36:00+00:00, run_after=2024-10-26 23:38:00+00:00
[2024-10-26T23:39:43.987+0000] {processor.py:208} INFO - Processing /home/airflow/.local/lib/python3.12/site-packages/airflow/example_dags/example_sla_dag.py took 0.088 seconds
[2024-10-26T23:40:16.333+0000] {processor.py:186} INFO - Started process (PID=44843) to work on /home/airflow/.local/lib/python3.12/site-packages/airflow/example_dags/example_sla_dag.py
[2024-10-26T23:40:16.334+0000] {processor.py:914} INFO - Processing file /home/airflow/.local/lib/python3.12/site-packages/airflow/example_dags/example_sla_dag.py for tasks to queue
[2024-10-26T23:40:16.336+0000] {logging_mixin.py:190} INFO - [2024-10-26T23:40:16.336+0000] {dagbag.py:588} INFO - Filling up the DagBag from /home/airflow/.local/lib/python3.12/site-packages/airflow/example_dags/example_sla_dag.py
[2024-10-26T23:40:16.345+0000] {processor.py:925} INFO - DAG(s) 'example_sla_dag' retrieved from /home/airflow/.local/lib/python3.12/site-packages/airflow/example_dags/example_sla_dag.py
[2024-10-26T23:40:16.363+0000] {logging_mixin.py:190} INFO - [2024-10-26T23:40:16.363+0000] {dag.py:3239} INFO - Sync 1 DAGs
[2024-10-26T23:40:16.385+0000] {logging_mixin.py:190} INFO - [2024-10-26T23:40:16.384+0000] {dag.py:4180} INFO - Setting next_dagrun for example_sla_dag to 2024-10-26 23:38:00+00:00, run_after=2024-10-26 23:40:00+00:00
[2024-10-26T23:40:16.406+0000] {processor.py:208} INFO - Processing /home/airflow/.local/lib/python3.12/site-packages/airflow/example_dags/example_sla_dag.py took 0.079 seconds
[2024-10-26T23:40:49.161+0000] {processor.py:186} INFO - Started process (PID=44907) to work on /home/airflow/.local/lib/python3.12/site-packages/airflow/example_dags/example_sla_dag.py
[2024-10-26T23:40:49.162+0000] {processor.py:914} INFO - Processing file /home/airflow/.local/lib/python3.12/site-packages/airflow/example_dags/example_sla_dag.py for tasks to queue
[2024-10-26T23:40:49.164+0000] {logging_mixin.py:190} INFO - [2024-10-26T23:40:49.163+0000] {dagbag.py:588} INFO - Filling up the DagBag from /home/airflow/.local/lib/python3.12/site-packages/airflow/example_dags/example_sla_dag.py
[2024-10-26T23:40:49.175+0000] {processor.py:925} INFO - DAG(s) 'example_sla_dag' retrieved from /home/airflow/.local/lib/python3.12/site-packages/airflow/example_dags/example_sla_dag.py
[2024-10-26T23:40:49.192+0000] {logging_mixin.py:190} INFO - [2024-10-26T23:40:49.192+0000] {dag.py:3239} INFO - Sync 1 DAGs
[2024-10-26T23:40:49.216+0000] {logging_mixin.py:190} INFO - [2024-10-26T23:40:49.216+0000] {dag.py:4180} INFO - Setting next_dagrun for example_sla_dag to 2024-10-26 23:38:00+00:00, run_after=2024-10-26 23:40:00+00:00
[2024-10-26T23:40:49.237+0000] {processor.py:208} INFO - Processing /home/airflow/.local/lib/python3.12/site-packages/airflow/example_dags/example_sla_dag.py took 0.082 seconds
[2024-10-26T23:41:21.399+0000] {processor.py:186} INFO - Started process (PID=44971) to work on /home/airflow/.local/lib/python3.12/site-packages/airflow/example_dags/example_sla_dag.py
[2024-10-26T23:41:21.400+0000] {processor.py:914} INFO - Processing file /home/airflow/.local/lib/python3.12/site-packages/airflow/example_dags/example_sla_dag.py for tasks to queue
[2024-10-26T23:41:21.402+0000] {logging_mixin.py:190} INFO - [2024-10-26T23:41:21.401+0000] {dagbag.py:588} INFO - Filling up the DagBag from /home/airflow/.local/lib/python3.12/site-packages/airflow/example_dags/example_sla_dag.py
[2024-10-26T23:41:21.410+0000] {processor.py:925} INFO - DAG(s) 'example_sla_dag' retrieved from /home/airflow/.local/lib/python3.12/site-packages/airflow/example_dags/example_sla_dag.py
[2024-10-26T23:41:21.429+0000] {logging_mixin.py:190} INFO - [2024-10-26T23:41:21.429+0000] {dag.py:3239} INFO - Sync 1 DAGs
[2024-10-26T23:41:21.452+0000] {logging_mixin.py:190} INFO - [2024-10-26T23:41:21.452+0000] {dag.py:4180} INFO - Setting next_dagrun for example_sla_dag to 2024-10-26 23:38:00+00:00, run_after=2024-10-26 23:40:00+00:00
[2024-10-26T23:41:21.474+0000] {processor.py:208} INFO - Processing /home/airflow/.local/lib/python3.12/site-packages/airflow/example_dags/example_sla_dag.py took 0.081 seconds
[2024-10-26T23:41:54.067+0000] {processor.py:186} INFO - Started process (PID=45035) to work on /home/airflow/.local/lib/python3.12/site-packages/airflow/example_dags/example_sla_dag.py
[2024-10-26T23:41:54.069+0000] {processor.py:914} INFO - Processing file /home/airflow/.local/lib/python3.12/site-packages/airflow/example_dags/example_sla_dag.py for tasks to queue
[2024-10-26T23:41:54.071+0000] {logging_mixin.py:190} INFO - [2024-10-26T23:41:54.070+0000] {dagbag.py:588} INFO - Filling up the DagBag from /home/airflow/.local/lib/python3.12/site-packages/airflow/example_dags/example_sla_dag.py
[2024-10-26T23:41:54.082+0000] {processor.py:925} INFO - DAG(s) 'example_sla_dag' retrieved from /home/airflow/.local/lib/python3.12/site-packages/airflow/example_dags/example_sla_dag.py
[2024-10-26T23:41:54.105+0000] {logging_mixin.py:190} INFO - [2024-10-26T23:41:54.104+0000] {dag.py:3239} INFO - Sync 1 DAGs
[2024-10-26T23:41:54.136+0000] {logging_mixin.py:190} INFO - [2024-10-26T23:41:54.136+0000] {dag.py:4180} INFO - Setting next_dagrun for example_sla_dag to 2024-10-26 23:38:00+00:00, run_after=2024-10-26 23:40:00+00:00
[2024-10-26T23:41:54.160+0000] {processor.py:208} INFO - Processing /home/airflow/.local/lib/python3.12/site-packages/airflow/example_dags/example_sla_dag.py took 0.099 seconds
[2024-10-26T23:42:27.378+0000] {processor.py:186} INFO - Started process (PID=45099) to work on /home/airflow/.local/lib/python3.12/site-packages/airflow/example_dags/example_sla_dag.py
[2024-10-26T23:42:27.379+0000] {processor.py:914} INFO - Processing file /home/airflow/.local/lib/python3.12/site-packages/airflow/example_dags/example_sla_dag.py for tasks to queue
[2024-10-26T23:42:27.381+0000] {logging_mixin.py:190} INFO - [2024-10-26T23:42:27.381+0000] {dagbag.py:588} INFO - Filling up the DagBag from /home/airflow/.local/lib/python3.12/site-packages/airflow/example_dags/example_sla_dag.py
[2024-10-26T23:42:27.390+0000] {processor.py:925} INFO - DAG(s) 'example_sla_dag' retrieved from /home/airflow/.local/lib/python3.12/site-packages/airflow/example_dags/example_sla_dag.py
[2024-10-26T23:42:27.410+0000] {logging_mixin.py:190} INFO - [2024-10-26T23:42:27.410+0000] {dag.py:3239} INFO - Sync 1 DAGs
[2024-10-26T23:42:27.436+0000] {logging_mixin.py:190} INFO - [2024-10-26T23:42:27.436+0000] {dag.py:4180} INFO - Setting next_dagrun for example_sla_dag to 2024-10-26 23:40:00+00:00, run_after=2024-10-26 23:42:00+00:00
[2024-10-26T23:42:27.460+0000] {processor.py:208} INFO - Processing /home/airflow/.local/lib/python3.12/site-packages/airflow/example_dags/example_sla_dag.py took 0.088 seconds
[2024-10-26T23:42:59.673+0000] {processor.py:186} INFO - Started process (PID=45163) to work on /home/airflow/.local/lib/python3.12/site-packages/airflow/example_dags/example_sla_dag.py
[2024-10-26T23:42:59.675+0000] {processor.py:914} INFO - Processing file /home/airflow/.local/lib/python3.12/site-packages/airflow/example_dags/example_sla_dag.py for tasks to queue
[2024-10-26T23:42:59.677+0000] {logging_mixin.py:190} INFO - [2024-10-26T23:42:59.677+0000] {dagbag.py:588} INFO - Filling up the DagBag from /home/airflow/.local/lib/python3.12/site-packages/airflow/example_dags/example_sla_dag.py
[2024-10-26T23:42:59.689+0000] {processor.py:925} INFO - DAG(s) 'example_sla_dag' retrieved from /home/airflow/.local/lib/python3.12/site-packages/airflow/example_dags/example_sla_dag.py
[2024-10-26T23:42:59.710+0000] {logging_mixin.py:190} INFO - [2024-10-26T23:42:59.710+0000] {dag.py:3239} INFO - Sync 1 DAGs
[2024-10-26T23:42:59.736+0000] {logging_mixin.py:190} INFO - [2024-10-26T23:42:59.735+0000] {dag.py:4180} INFO - Setting next_dagrun for example_sla_dag to 2024-10-26 23:40:00+00:00, run_after=2024-10-26 23:42:00+00:00
[2024-10-26T23:42:59.757+0000] {processor.py:208} INFO - Processing /home/airflow/.local/lib/python3.12/site-packages/airflow/example_dags/example_sla_dag.py took 0.089 seconds
[2024-10-26T23:43:32.278+0000] {processor.py:186} INFO - Started process (PID=45227) to work on /home/airflow/.local/lib/python3.12/site-packages/airflow/example_dags/example_sla_dag.py
[2024-10-26T23:43:32.279+0000] {processor.py:914} INFO - Processing file /home/airflow/.local/lib/python3.12/site-packages/airflow/example_dags/example_sla_dag.py for tasks to queue
[2024-10-26T23:43:32.281+0000] {logging_mixin.py:190} INFO - [2024-10-26T23:43:32.281+0000] {dagbag.py:588} INFO - Filling up the DagBag from /home/airflow/.local/lib/python3.12/site-packages/airflow/example_dags/example_sla_dag.py
[2024-10-26T23:43:32.289+0000] {processor.py:925} INFO - DAG(s) 'example_sla_dag' retrieved from /home/airflow/.local/lib/python3.12/site-packages/airflow/example_dags/example_sla_dag.py
[2024-10-26T23:43:32.308+0000] {logging_mixin.py:190} INFO - [2024-10-26T23:43:32.308+0000] {dag.py:3239} INFO - Sync 1 DAGs
[2024-10-26T23:43:32.332+0000] {logging_mixin.py:190} INFO - [2024-10-26T23:43:32.332+0000] {dag.py:4180} INFO - Setting next_dagrun for example_sla_dag to 2024-10-26 23:40:00+00:00, run_after=2024-10-26 23:42:00+00:00
[2024-10-26T23:43:32.353+0000] {processor.py:208} INFO - Processing /home/airflow/.local/lib/python3.12/site-packages/airflow/example_dags/example_sla_dag.py took 0.080 seconds
[2024-10-26T23:44:04.758+0000] {processor.py:186} INFO - Started process (PID=45291) to work on /home/airflow/.local/lib/python3.12/site-packages/airflow/example_dags/example_sla_dag.py
[2024-10-26T23:44:04.759+0000] {processor.py:914} INFO - Processing file /home/airflow/.local/lib/python3.12/site-packages/airflow/example_dags/example_sla_dag.py for tasks to queue
[2024-10-26T23:44:04.761+0000] {logging_mixin.py:190} INFO - [2024-10-26T23:44:04.761+0000] {dagbag.py:588} INFO - Filling up the DagBag from /home/airflow/.local/lib/python3.12/site-packages/airflow/example_dags/example_sla_dag.py
[2024-10-26T23:44:04.771+0000] {processor.py:925} INFO - DAG(s) 'example_sla_dag' retrieved from /home/airflow/.local/lib/python3.12/site-packages/airflow/example_dags/example_sla_dag.py
[2024-10-26T23:44:04.791+0000] {logging_mixin.py:190} INFO - [2024-10-26T23:44:04.791+0000] {dag.py:3239} INFO - Sync 1 DAGs
[2024-10-26T23:44:04.817+0000] {logging_mixin.py:190} INFO - [2024-10-26T23:44:04.817+0000] {dag.py:4180} INFO - Setting next_dagrun for example_sla_dag to 2024-10-26 23:42:00+00:00, run_after=2024-10-26 23:44:00+00:00
[2024-10-26T23:44:04.838+0000] {processor.py:208} INFO - Processing /home/airflow/.local/lib/python3.12/site-packages/airflow/example_dags/example_sla_dag.py took 0.085 seconds
[2024-10-26T23:44:38.114+0000] {processor.py:186} INFO - Started process (PID=45355) to work on /home/airflow/.local/lib/python3.12/site-packages/airflow/example_dags/example_sla_dag.py
[2024-10-26T23:44:38.115+0000] {processor.py:914} INFO - Processing file /home/airflow/.local/lib/python3.12/site-packages/airflow/example_dags/example_sla_dag.py for tasks to queue
[2024-10-26T23:44:38.117+0000] {logging_mixin.py:190} INFO - [2024-10-26T23:44:38.117+0000] {dagbag.py:588} INFO - Filling up the DagBag from /home/airflow/.local/lib/python3.12/site-packages/airflow/example_dags/example_sla_dag.py
[2024-10-26T23:44:38.128+0000] {processor.py:925} INFO - DAG(s) 'example_sla_dag' retrieved from /home/airflow/.local/lib/python3.12/site-packages/airflow/example_dags/example_sla_dag.py
[2024-10-26T23:44:38.145+0000] {logging_mixin.py:190} INFO - [2024-10-26T23:44:38.145+0000] {dag.py:3239} INFO - Sync 1 DAGs
[2024-10-26T23:44:38.168+0000] {logging_mixin.py:190} INFO - [2024-10-26T23:44:38.168+0000] {dag.py:4180} INFO - Setting next_dagrun for example_sla_dag to 2024-10-26 23:42:00+00:00, run_after=2024-10-26 23:44:00+00:00
[2024-10-26T23:44:38.190+0000] {processor.py:208} INFO - Processing /home/airflow/.local/lib/python3.12/site-packages/airflow/example_dags/example_sla_dag.py took 0.082 seconds
[2024-10-26T23:45:10.709+0000] {processor.py:186} INFO - Started process (PID=45419) to work on /home/airflow/.local/lib/python3.12/site-packages/airflow/example_dags/example_sla_dag.py
[2024-10-26T23:45:10.711+0000] {processor.py:914} INFO - Processing file /home/airflow/.local/lib/python3.12/site-packages/airflow/example_dags/example_sla_dag.py for tasks to queue
[2024-10-26T23:45:10.713+0000] {logging_mixin.py:190} INFO - [2024-10-26T23:45:10.713+0000] {dagbag.py:588} INFO - Filling up the DagBag from /home/airflow/.local/lib/python3.12/site-packages/airflow/example_dags/example_sla_dag.py
[2024-10-26T23:45:10.722+0000] {processor.py:925} INFO - DAG(s) 'example_sla_dag' retrieved from /home/airflow/.local/lib/python3.12/site-packages/airflow/example_dags/example_sla_dag.py
[2024-10-26T23:45:10.741+0000] {logging_mixin.py:190} INFO - [2024-10-26T23:45:10.741+0000] {dag.py:3239} INFO - Sync 1 DAGs
[2024-10-26T23:45:10.764+0000] {logging_mixin.py:190} INFO - [2024-10-26T23:45:10.764+0000] {dag.py:4180} INFO - Setting next_dagrun for example_sla_dag to 2024-10-26 23:42:00+00:00, run_after=2024-10-26 23:44:00+00:00
[2024-10-26T23:45:10.785+0000] {processor.py:208} INFO - Processing /home/airflow/.local/lib/python3.12/site-packages/airflow/example_dags/example_sla_dag.py took 0.085 seconds
[2024-10-26T23:45:43.087+0000] {processor.py:186} INFO - Started process (PID=45483) to work on /home/airflow/.local/lib/python3.12/site-packages/airflow/example_dags/example_sla_dag.py
[2024-10-26T23:45:43.088+0000] {processor.py:914} INFO - Processing file /home/airflow/.local/lib/python3.12/site-packages/airflow/example_dags/example_sla_dag.py for tasks to queue
[2024-10-26T23:45:43.091+0000] {logging_mixin.py:190} INFO - [2024-10-26T23:45:43.091+0000] {dagbag.py:588} INFO - Filling up the DagBag from /home/airflow/.local/lib/python3.12/site-packages/airflow/example_dags/example_sla_dag.py
[2024-10-26T23:45:43.100+0000] {processor.py:925} INFO - DAG(s) 'example_sla_dag' retrieved from /home/airflow/.local/lib/python3.12/site-packages/airflow/example_dags/example_sla_dag.py
[2024-10-26T23:45:43.122+0000] {logging_mixin.py:190} INFO - [2024-10-26T23:45:43.122+0000] {dag.py:3239} INFO - Sync 1 DAGs
[2024-10-26T23:45:43.146+0000] {logging_mixin.py:190} INFO - [2024-10-26T23:45:43.146+0000] {dag.py:4180} INFO - Setting next_dagrun for example_sla_dag to 2024-10-26 23:42:00+00:00, run_after=2024-10-26 23:44:00+00:00
[2024-10-26T23:45:43.167+0000] {processor.py:208} INFO - Processing /home/airflow/.local/lib/python3.12/site-packages/airflow/example_dags/example_sla_dag.py took 0.089 seconds
[2024-10-26T23:46:15.709+0000] {processor.py:186} INFO - Started process (PID=45547) to work on /home/airflow/.local/lib/python3.12/site-packages/airflow/example_dags/example_sla_dag.py
[2024-10-26T23:46:15.710+0000] {processor.py:914} INFO - Processing file /home/airflow/.local/lib/python3.12/site-packages/airflow/example_dags/example_sla_dag.py for tasks to queue
[2024-10-26T23:46:15.712+0000] {logging_mixin.py:190} INFO - [2024-10-26T23:46:15.712+0000] {dagbag.py:588} INFO - Filling up the DagBag from /home/airflow/.local/lib/python3.12/site-packages/airflow/example_dags/example_sla_dag.py
[2024-10-26T23:46:15.721+0000] {processor.py:925} INFO - DAG(s) 'example_sla_dag' retrieved from /home/airflow/.local/lib/python3.12/site-packages/airflow/example_dags/example_sla_dag.py
[2024-10-26T23:46:15.738+0000] {logging_mixin.py:190} INFO - [2024-10-26T23:46:15.738+0000] {dag.py:3239} INFO - Sync 1 DAGs
[2024-10-26T23:46:15.760+0000] {logging_mixin.py:190} INFO - [2024-10-26T23:46:15.760+0000] {dag.py:4180} INFO - Setting next_dagrun for example_sla_dag to 2024-10-26 23:44:00+00:00, run_after=2024-10-26 23:46:00+00:00
[2024-10-26T23:46:15.787+0000] {processor.py:208} INFO - Processing /home/airflow/.local/lib/python3.12/site-packages/airflow/example_dags/example_sla_dag.py took 0.083 seconds
[2024-10-26T23:46:49.494+0000] {processor.py:186} INFO - Started process (PID=45611) to work on /home/airflow/.local/lib/python3.12/site-packages/airflow/example_dags/example_sla_dag.py
[2024-10-26T23:46:49.495+0000] {processor.py:914} INFO - Processing file /home/airflow/.local/lib/python3.12/site-packages/airflow/example_dags/example_sla_dag.py for tasks to queue
[2024-10-26T23:46:49.500+0000] {logging_mixin.py:190} INFO - [2024-10-26T23:46:49.499+0000] {dagbag.py:588} INFO - Filling up the DagBag from /home/airflow/.local/lib/python3.12/site-packages/airflow/example_dags/example_sla_dag.py
[2024-10-26T23:46:49.508+0000] {processor.py:925} INFO - DAG(s) 'example_sla_dag' retrieved from /home/airflow/.local/lib/python3.12/site-packages/airflow/example_dags/example_sla_dag.py
[2024-10-26T23:46:49.531+0000] {logging_mixin.py:190} INFO - [2024-10-26T23:46:49.531+0000] {dag.py:3239} INFO - Sync 1 DAGs
[2024-10-26T23:46:49.555+0000] {logging_mixin.py:190} INFO - [2024-10-26T23:46:49.555+0000] {dag.py:4180} INFO - Setting next_dagrun for example_sla_dag to 2024-10-26 23:44:00+00:00, run_after=2024-10-26 23:46:00+00:00
[2024-10-26T23:46:49.581+0000] {processor.py:208} INFO - Processing /home/airflow/.local/lib/python3.12/site-packages/airflow/example_dags/example_sla_dag.py took 0.092 seconds
[2024-10-26T23:47:21.204+0000] {processor.py:186} INFO - Started process (PID=45675) to work on /home/airflow/.local/lib/python3.12/site-packages/airflow/example_dags/example_sla_dag.py
[2024-10-26T23:47:21.205+0000] {processor.py:914} INFO - Processing file /home/airflow/.local/lib/python3.12/site-packages/airflow/example_dags/example_sla_dag.py for tasks to queue
[2024-10-26T23:47:21.207+0000] {logging_mixin.py:190} INFO - [2024-10-26T23:47:21.207+0000] {dagbag.py:588} INFO - Filling up the DagBag from /home/airflow/.local/lib/python3.12/site-packages/airflow/example_dags/example_sla_dag.py
[2024-10-26T23:47:21.218+0000] {processor.py:925} INFO - DAG(s) 'example_sla_dag' retrieved from /home/airflow/.local/lib/python3.12/site-packages/airflow/example_dags/example_sla_dag.py
[2024-10-26T23:47:21.237+0000] {logging_mixin.py:190} INFO - [2024-10-26T23:47:21.237+0000] {dag.py:3239} INFO - Sync 1 DAGs
[2024-10-26T23:47:21.266+0000] {logging_mixin.py:190} INFO - [2024-10-26T23:47:21.266+0000] {dag.py:4180} INFO - Setting next_dagrun for example_sla_dag to 2024-10-26 23:44:00+00:00, run_after=2024-10-26 23:46:00+00:00
[2024-10-26T23:47:21.290+0000] {processor.py:208} INFO - Processing /home/airflow/.local/lib/python3.12/site-packages/airflow/example_dags/example_sla_dag.py took 0.092 seconds
[2024-10-26T23:47:53.761+0000] {processor.py:186} INFO - Started process (PID=45739) to work on /home/airflow/.local/lib/python3.12/site-packages/airflow/example_dags/example_sla_dag.py
[2024-10-26T23:47:53.762+0000] {processor.py:914} INFO - Processing file /home/airflow/.local/lib/python3.12/site-packages/airflow/example_dags/example_sla_dag.py for tasks to queue
[2024-10-26T23:47:53.764+0000] {logging_mixin.py:190} INFO - [2024-10-26T23:47:53.764+0000] {dagbag.py:588} INFO - Filling up the DagBag from /home/airflow/.local/lib/python3.12/site-packages/airflow/example_dags/example_sla_dag.py
[2024-10-26T23:47:53.775+0000] {processor.py:925} INFO - DAG(s) 'example_sla_dag' retrieved from /home/airflow/.local/lib/python3.12/site-packages/airflow/example_dags/example_sla_dag.py
[2024-10-26T23:47:53.793+0000] {logging_mixin.py:190} INFO - [2024-10-26T23:47:53.793+0000] {dag.py:3239} INFO - Sync 1 DAGs
[2024-10-26T23:47:53.815+0000] {logging_mixin.py:190} INFO - [2024-10-26T23:47:53.815+0000] {dag.py:4180} INFO - Setting next_dagrun for example_sla_dag to 2024-10-26 23:44:00+00:00, run_after=2024-10-26 23:46:00+00:00
[2024-10-26T23:47:53.837+0000] {processor.py:208} INFO - Processing /home/airflow/.local/lib/python3.12/site-packages/airflow/example_dags/example_sla_dag.py took 0.081 seconds
[2024-10-26T23:48:27.066+0000] {processor.py:186} INFO - Started process (PID=45803) to work on /home/airflow/.local/lib/python3.12/site-packages/airflow/example_dags/example_sla_dag.py
[2024-10-26T23:48:27.067+0000] {processor.py:914} INFO - Processing file /home/airflow/.local/lib/python3.12/site-packages/airflow/example_dags/example_sla_dag.py for tasks to queue
[2024-10-26T23:48:27.070+0000] {logging_mixin.py:190} INFO - [2024-10-26T23:48:27.069+0000] {dagbag.py:588} INFO - Filling up the DagBag from /home/airflow/.local/lib/python3.12/site-packages/airflow/example_dags/example_sla_dag.py
[2024-10-26T23:48:27.080+0000] {processor.py:925} INFO - DAG(s) 'example_sla_dag' retrieved from /home/airflow/.local/lib/python3.12/site-packages/airflow/example_dags/example_sla_dag.py
[2024-10-26T23:48:27.097+0000] {logging_mixin.py:190} INFO - [2024-10-26T23:48:27.096+0000] {dag.py:3239} INFO - Sync 1 DAGs
[2024-10-26T23:48:27.123+0000] {logging_mixin.py:190} INFO - [2024-10-26T23:48:27.122+0000] {dag.py:4180} INFO - Setting next_dagrun for example_sla_dag to 2024-10-26 23:46:00+00:00, run_after=2024-10-26 23:48:00+00:00
[2024-10-26T23:48:27.146+0000] {processor.py:208} INFO - Processing /home/airflow/.local/lib/python3.12/site-packages/airflow/example_dags/example_sla_dag.py took 0.085 seconds
[2024-10-26T23:48:59.705+0000] {processor.py:186} INFO - Started process (PID=45867) to work on /home/airflow/.local/lib/python3.12/site-packages/airflow/example_dags/example_sla_dag.py
[2024-10-26T23:48:59.706+0000] {processor.py:914} INFO - Processing file /home/airflow/.local/lib/python3.12/site-packages/airflow/example_dags/example_sla_dag.py for tasks to queue
[2024-10-26T23:48:59.711+0000] {logging_mixin.py:190} INFO - [2024-10-26T23:48:59.710+0000] {dagbag.py:588} INFO - Filling up the DagBag from /home/airflow/.local/lib/python3.12/site-packages/airflow/example_dags/example_sla_dag.py
[2024-10-26T23:48:59.720+0000] {processor.py:925} INFO - DAG(s) 'example_sla_dag' retrieved from /home/airflow/.local/lib/python3.12/site-packages/airflow/example_dags/example_sla_dag.py
[2024-10-26T23:48:59.742+0000] {logging_mixin.py:190} INFO - [2024-10-26T23:48:59.742+0000] {dag.py:3239} INFO - Sync 1 DAGs
[2024-10-26T23:48:59.769+0000] {logging_mixin.py:190} INFO - [2024-10-26T23:48:59.768+0000] {dag.py:4180} INFO - Setting next_dagrun for example_sla_dag to 2024-10-26 23:46:00+00:00, run_after=2024-10-26 23:48:00+00:00
[2024-10-26T23:48:59.792+0000] {processor.py:208} INFO - Processing /home/airflow/.local/lib/python3.12/site-packages/airflow/example_dags/example_sla_dag.py took 0.093 seconds
[2024-10-26T23:49:32.617+0000] {processor.py:186} INFO - Started process (PID=45931) to work on /home/airflow/.local/lib/python3.12/site-packages/airflow/example_dags/example_sla_dag.py
[2024-10-26T23:49:32.619+0000] {processor.py:914} INFO - Processing file /home/airflow/.local/lib/python3.12/site-packages/airflow/example_dags/example_sla_dag.py for tasks to queue
[2024-10-26T23:49:32.624+0000] {logging_mixin.py:190} INFO - [2024-10-26T23:49:32.623+0000] {dagbag.py:588} INFO - Filling up the DagBag from /home/airflow/.local/lib/python3.12/site-packages/airflow/example_dags/example_sla_dag.py
[2024-10-26T23:49:32.633+0000] {processor.py:925} INFO - DAG(s) 'example_sla_dag' retrieved from /home/airflow/.local/lib/python3.12/site-packages/airflow/example_dags/example_sla_dag.py
[2024-10-26T23:49:32.654+0000] {logging_mixin.py:190} INFO - [2024-10-26T23:49:32.654+0000] {dag.py:3239} INFO - Sync 1 DAGs
[2024-10-26T23:49:32.679+0000] {logging_mixin.py:190} INFO - [2024-10-26T23:49:32.679+0000] {dag.py:4180} INFO - Setting next_dagrun for example_sla_dag to 2024-10-26 23:46:00+00:00, run_after=2024-10-26 23:48:00+00:00
[2024-10-26T23:49:32.703+0000] {processor.py:208} INFO - Processing /home/airflow/.local/lib/python3.12/site-packages/airflow/example_dags/example_sla_dag.py took 0.092 seconds
[2024-10-26T23:50:05.754+0000] {processor.py:186} INFO - Started process (PID=45995) to work on /home/airflow/.local/lib/python3.12/site-packages/airflow/example_dags/example_sla_dag.py
[2024-10-26T23:50:05.755+0000] {processor.py:914} INFO - Processing file /home/airflow/.local/lib/python3.12/site-packages/airflow/example_dags/example_sla_dag.py for tasks to queue
[2024-10-26T23:50:05.757+0000] {logging_mixin.py:190} INFO - [2024-10-26T23:50:05.757+0000] {dagbag.py:588} INFO - Filling up the DagBag from /home/airflow/.local/lib/python3.12/site-packages/airflow/example_dags/example_sla_dag.py
[2024-10-26T23:50:05.768+0000] {processor.py:925} INFO - DAG(s) 'example_sla_dag' retrieved from /home/airflow/.local/lib/python3.12/site-packages/airflow/example_dags/example_sla_dag.py
[2024-10-26T23:50:05.787+0000] {logging_mixin.py:190} INFO - [2024-10-26T23:50:05.787+0000] {dag.py:3239} INFO - Sync 1 DAGs
[2024-10-26T23:50:06.012+0000] {logging_mixin.py:190} INFO - [2024-10-26T23:50:06.012+0000] {dag.py:4180} INFO - Setting next_dagrun for example_sla_dag to 2024-10-26 23:48:00+00:00, run_after=2024-10-26 23:50:00+00:00
[2024-10-26T23:50:06.032+0000] {processor.py:208} INFO - Processing /home/airflow/.local/lib/python3.12/site-packages/airflow/example_dags/example_sla_dag.py took 0.285 seconds
[2024-10-26T23:50:38.560+0000] {processor.py:186} INFO - Started process (PID=46059) to work on /home/airflow/.local/lib/python3.12/site-packages/airflow/example_dags/example_sla_dag.py
[2024-10-26T23:50:38.561+0000] {processor.py:914} INFO - Processing file /home/airflow/.local/lib/python3.12/site-packages/airflow/example_dags/example_sla_dag.py for tasks to queue
[2024-10-26T23:50:38.583+0000] {logging_mixin.py:190} INFO - [2024-10-26T23:50:38.582+0000] {dagbag.py:588} INFO - Filling up the DagBag from /home/airflow/.local/lib/python3.12/site-packages/airflow/example_dags/example_sla_dag.py
[2024-10-26T23:50:38.602+0000] {processor.py:925} INFO - DAG(s) 'example_sla_dag' retrieved from /home/airflow/.local/lib/python3.12/site-packages/airflow/example_dags/example_sla_dag.py
[2024-10-26T23:50:38.630+0000] {logging_mixin.py:190} INFO - [2024-10-26T23:50:38.630+0000] {dag.py:3239} INFO - Sync 1 DAGs
[2024-10-26T23:50:38.669+0000] {logging_mixin.py:190} INFO - [2024-10-26T23:50:38.669+0000] {dag.py:4180} INFO - Setting next_dagrun for example_sla_dag to 2024-10-26 23:48:00+00:00, run_after=2024-10-26 23:50:00+00:00
[2024-10-26T23:50:38.924+0000] {processor.py:208} INFO - Processing /home/airflow/.local/lib/python3.12/site-packages/airflow/example_dags/example_sla_dag.py took 0.372 seconds
[2024-10-26T23:51:10.333+0000] {processor.py:186} INFO - Started process (PID=46123) to work on /home/airflow/.local/lib/python3.12/site-packages/airflow/example_dags/example_sla_dag.py
[2024-10-26T23:51:10.334+0000] {processor.py:914} INFO - Processing file /home/airflow/.local/lib/python3.12/site-packages/airflow/example_dags/example_sla_dag.py for tasks to queue
[2024-10-26T23:51:10.336+0000] {logging_mixin.py:190} INFO - [2024-10-26T23:51:10.336+0000] {dagbag.py:588} INFO - Filling up the DagBag from /home/airflow/.local/lib/python3.12/site-packages/airflow/example_dags/example_sla_dag.py
[2024-10-26T23:51:10.348+0000] {processor.py:925} INFO - DAG(s) 'example_sla_dag' retrieved from /home/airflow/.local/lib/python3.12/site-packages/airflow/example_dags/example_sla_dag.py
[2024-10-26T23:51:10.367+0000] {logging_mixin.py:190} INFO - [2024-10-26T23:51:10.367+0000] {dag.py:3239} INFO - Sync 1 DAGs
[2024-10-26T23:51:10.396+0000] {logging_mixin.py:190} INFO - [2024-10-26T23:51:10.395+0000] {dag.py:4180} INFO - Setting next_dagrun for example_sla_dag to 2024-10-26 23:48:00+00:00, run_after=2024-10-26 23:50:00+00:00
[2024-10-26T23:51:10.428+0000] {processor.py:208} INFO - Processing /home/airflow/.local/lib/python3.12/site-packages/airflow/example_dags/example_sla_dag.py took 0.101 seconds
[2024-10-26T23:51:43.146+0000] {processor.py:186} INFO - Started process (PID=46187) to work on /home/airflow/.local/lib/python3.12/site-packages/airflow/example_dags/example_sla_dag.py
[2024-10-26T23:51:43.147+0000] {processor.py:914} INFO - Processing file /home/airflow/.local/lib/python3.12/site-packages/airflow/example_dags/example_sla_dag.py for tasks to queue
[2024-10-26T23:51:43.151+0000] {logging_mixin.py:190} INFO - [2024-10-26T23:51:43.150+0000] {dagbag.py:588} INFO - Filling up the DagBag from /home/airflow/.local/lib/python3.12/site-packages/airflow/example_dags/example_sla_dag.py
[2024-10-26T23:51:43.160+0000] {processor.py:925} INFO - DAG(s) 'example_sla_dag' retrieved from /home/airflow/.local/lib/python3.12/site-packages/airflow/example_dags/example_sla_dag.py
[2024-10-26T23:51:43.179+0000] {logging_mixin.py:190} INFO - [2024-10-26T23:51:43.179+0000] {dag.py:3239} INFO - Sync 1 DAGs
[2024-10-26T23:51:43.205+0000] {logging_mixin.py:190} INFO - [2024-10-26T23:51:43.204+0000] {dag.py:4180} INFO - Setting next_dagrun for example_sla_dag to 2024-10-26 23:48:00+00:00, run_after=2024-10-26 23:50:00+00:00
[2024-10-26T23:51:43.228+0000] {processor.py:208} INFO - Processing /home/airflow/.local/lib/python3.12/site-packages/airflow/example_dags/example_sla_dag.py took 0.087 seconds
[2024-10-26T23:52:15.841+0000] {processor.py:186} INFO - Started process (PID=46251) to work on /home/airflow/.local/lib/python3.12/site-packages/airflow/example_dags/example_sla_dag.py
[2024-10-26T23:52:15.842+0000] {processor.py:914} INFO - Processing file /home/airflow/.local/lib/python3.12/site-packages/airflow/example_dags/example_sla_dag.py for tasks to queue
[2024-10-26T23:52:15.846+0000] {logging_mixin.py:190} INFO - [2024-10-26T23:52:15.845+0000] {dagbag.py:588} INFO - Filling up the DagBag from /home/airflow/.local/lib/python3.12/site-packages/airflow/example_dags/example_sla_dag.py
[2024-10-26T23:52:15.859+0000] {processor.py:925} INFO - DAG(s) 'example_sla_dag' retrieved from /home/airflow/.local/lib/python3.12/site-packages/airflow/example_dags/example_sla_dag.py
[2024-10-26T23:52:15.885+0000] {logging_mixin.py:190} INFO - [2024-10-26T23:52:15.885+0000] {dag.py:3239} INFO - Sync 1 DAGs
[2024-10-26T23:52:15.923+0000] {logging_mixin.py:190} INFO - [2024-10-26T23:52:15.923+0000] {dag.py:4180} INFO - Setting next_dagrun for example_sla_dag to 2024-10-26 23:50:00+00:00, run_after=2024-10-26 23:52:00+00:00
[2024-10-26T23:52:15.955+0000] {processor.py:208} INFO - Processing /home/airflow/.local/lib/python3.12/site-packages/airflow/example_dags/example_sla_dag.py took 0.121 seconds
[2024-10-26T23:52:49.322+0000] {processor.py:186} INFO - Started process (PID=46316) to work on /home/airflow/.local/lib/python3.12/site-packages/airflow/example_dags/example_sla_dag.py
[2024-10-26T23:52:49.325+0000] {processor.py:914} INFO - Processing file /home/airflow/.local/lib/python3.12/site-packages/airflow/example_dags/example_sla_dag.py for tasks to queue
[2024-10-26T23:52:49.327+0000] {logging_mixin.py:190} INFO - [2024-10-26T23:52:49.327+0000] {dagbag.py:588} INFO - Filling up the DagBag from /home/airflow/.local/lib/python3.12/site-packages/airflow/example_dags/example_sla_dag.py
[2024-10-26T23:52:49.336+0000] {processor.py:925} INFO - DAG(s) 'example_sla_dag' retrieved from /home/airflow/.local/lib/python3.12/site-packages/airflow/example_dags/example_sla_dag.py
[2024-10-26T23:52:49.358+0000] {logging_mixin.py:190} INFO - [2024-10-26T23:52:49.358+0000] {dag.py:3239} INFO - Sync 1 DAGs
[2024-10-26T23:52:49.386+0000] {logging_mixin.py:190} INFO - [2024-10-26T23:52:49.385+0000] {dag.py:4180} INFO - Setting next_dagrun for example_sla_dag to 2024-10-26 23:50:00+00:00, run_after=2024-10-26 23:52:00+00:00
[2024-10-26T23:52:49.409+0000] {processor.py:208} INFO - Processing /home/airflow/.local/lib/python3.12/site-packages/airflow/example_dags/example_sla_dag.py took 0.092 seconds
[2024-10-26T23:53:21.477+0000] {processor.py:186} INFO - Started process (PID=46380) to work on /home/airflow/.local/lib/python3.12/site-packages/airflow/example_dags/example_sla_dag.py
[2024-10-26T23:53:21.479+0000] {processor.py:914} INFO - Processing file /home/airflow/.local/lib/python3.12/site-packages/airflow/example_dags/example_sla_dag.py for tasks to queue
[2024-10-26T23:53:21.481+0000] {logging_mixin.py:190} INFO - [2024-10-26T23:53:21.481+0000] {dagbag.py:588} INFO - Filling up the DagBag from /home/airflow/.local/lib/python3.12/site-packages/airflow/example_dags/example_sla_dag.py
[2024-10-26T23:53:21.494+0000] {processor.py:925} INFO - DAG(s) 'example_sla_dag' retrieved from /home/airflow/.local/lib/python3.12/site-packages/airflow/example_dags/example_sla_dag.py
[2024-10-26T23:53:21.517+0000] {logging_mixin.py:190} INFO - [2024-10-26T23:53:21.516+0000] {dag.py:3239} INFO - Sync 1 DAGs
[2024-10-26T23:53:21.546+0000] {logging_mixin.py:190} INFO - [2024-10-26T23:53:21.546+0000] {dag.py:4180} INFO - Setting next_dagrun for example_sla_dag to 2024-10-26 23:50:00+00:00, run_after=2024-10-26 23:52:00+00:00
[2024-10-26T23:53:21.568+0000] {processor.py:208} INFO - Processing /home/airflow/.local/lib/python3.12/site-packages/airflow/example_dags/example_sla_dag.py took 0.096 seconds
[2024-10-26T23:53:54.041+0000] {processor.py:186} INFO - Started process (PID=46444) to work on /home/airflow/.local/lib/python3.12/site-packages/airflow/example_dags/example_sla_dag.py
[2024-10-26T23:53:54.042+0000] {processor.py:914} INFO - Processing file /home/airflow/.local/lib/python3.12/site-packages/airflow/example_dags/example_sla_dag.py for tasks to queue
[2024-10-26T23:53:54.045+0000] {logging_mixin.py:190} INFO - [2024-10-26T23:53:54.044+0000] {dagbag.py:588} INFO - Filling up the DagBag from /home/airflow/.local/lib/python3.12/site-packages/airflow/example_dags/example_sla_dag.py
[2024-10-26T23:53:54.059+0000] {processor.py:925} INFO - DAG(s) 'example_sla_dag' retrieved from /home/airflow/.local/lib/python3.12/site-packages/airflow/example_dags/example_sla_dag.py
[2024-10-26T23:53:54.084+0000] {logging_mixin.py:190} INFO - [2024-10-26T23:53:54.083+0000] {dag.py:3239} INFO - Sync 1 DAGs
[2024-10-26T23:53:54.111+0000] {logging_mixin.py:190} INFO - [2024-10-26T23:53:54.111+0000] {dag.py:4180} INFO - Setting next_dagrun for example_sla_dag to 2024-10-26 23:50:00+00:00, run_after=2024-10-26 23:52:00+00:00
[2024-10-26T23:53:54.133+0000] {processor.py:208} INFO - Processing /home/airflow/.local/lib/python3.12/site-packages/airflow/example_dags/example_sla_dag.py took 0.099 seconds
[2024-10-26T23:54:27.172+0000] {processor.py:186} INFO - Started process (PID=46508) to work on /home/airflow/.local/lib/python3.12/site-packages/airflow/example_dags/example_sla_dag.py
[2024-10-26T23:54:27.173+0000] {processor.py:914} INFO - Processing file /home/airflow/.local/lib/python3.12/site-packages/airflow/example_dags/example_sla_dag.py for tasks to queue
[2024-10-26T23:54:27.179+0000] {logging_mixin.py:190} INFO - [2024-10-26T23:54:27.176+0000] {dagbag.py:588} INFO - Filling up the DagBag from /home/airflow/.local/lib/python3.12/site-packages/airflow/example_dags/example_sla_dag.py
[2024-10-26T23:54:27.189+0000] {processor.py:925} INFO - DAG(s) 'example_sla_dag' retrieved from /home/airflow/.local/lib/python3.12/site-packages/airflow/example_dags/example_sla_dag.py
[2024-10-26T23:54:27.213+0000] {logging_mixin.py:190} INFO - [2024-10-26T23:54:27.213+0000] {dag.py:3239} INFO - Sync 1 DAGs
[2024-10-26T23:54:27.236+0000] {logging_mixin.py:190} INFO - [2024-10-26T23:54:27.236+0000] {dag.py:4180} INFO - Setting next_dagrun for example_sla_dag to 2024-10-26 23:52:00+00:00, run_after=2024-10-26 23:54:00+00:00
[2024-10-26T23:54:27.263+0000] {processor.py:208} INFO - Processing /home/airflow/.local/lib/python3.12/site-packages/airflow/example_dags/example_sla_dag.py took 0.098 seconds
[2024-10-26T23:54:59.819+0000] {processor.py:186} INFO - Started process (PID=46572) to work on /home/airflow/.local/lib/python3.12/site-packages/airflow/example_dags/example_sla_dag.py
[2024-10-26T23:54:59.821+0000] {processor.py:914} INFO - Processing file /home/airflow/.local/lib/python3.12/site-packages/airflow/example_dags/example_sla_dag.py for tasks to queue
[2024-10-26T23:54:59.823+0000] {logging_mixin.py:190} INFO - [2024-10-26T23:54:59.822+0000] {dagbag.py:588} INFO - Filling up the DagBag from /home/airflow/.local/lib/python3.12/site-packages/airflow/example_dags/example_sla_dag.py
[2024-10-26T23:54:59.833+0000] {processor.py:925} INFO - DAG(s) 'example_sla_dag' retrieved from /home/airflow/.local/lib/python3.12/site-packages/airflow/example_dags/example_sla_dag.py
[2024-10-26T23:54:59.852+0000] {logging_mixin.py:190} INFO - [2024-10-26T23:54:59.851+0000] {dag.py:3239} INFO - Sync 1 DAGs
[2024-10-26T23:54:59.876+0000] {logging_mixin.py:190} INFO - [2024-10-26T23:54:59.875+0000] {dag.py:4180} INFO - Setting next_dagrun for example_sla_dag to 2024-10-26 23:52:00+00:00, run_after=2024-10-26 23:54:00+00:00
[2024-10-26T23:54:59.899+0000] {processor.py:208} INFO - Processing /home/airflow/.local/lib/python3.12/site-packages/airflow/example_dags/example_sla_dag.py took 0.087 seconds
[2024-10-26T23:55:32.386+0000] {processor.py:186} INFO - Started process (PID=46636) to work on /home/airflow/.local/lib/python3.12/site-packages/airflow/example_dags/example_sla_dag.py
[2024-10-26T23:55:32.387+0000] {processor.py:914} INFO - Processing file /home/airflow/.local/lib/python3.12/site-packages/airflow/example_dags/example_sla_dag.py for tasks to queue
[2024-10-26T23:55:32.390+0000] {logging_mixin.py:190} INFO - [2024-10-26T23:55:32.389+0000] {dagbag.py:588} INFO - Filling up the DagBag from /home/airflow/.local/lib/python3.12/site-packages/airflow/example_dags/example_sla_dag.py
[2024-10-26T23:55:32.404+0000] {processor.py:925} INFO - DAG(s) 'example_sla_dag' retrieved from /home/airflow/.local/lib/python3.12/site-packages/airflow/example_dags/example_sla_dag.py
[2024-10-26T23:55:32.423+0000] {logging_mixin.py:190} INFO - [2024-10-26T23:55:32.423+0000] {dag.py:3239} INFO - Sync 1 DAGs
[2024-10-26T23:55:32.451+0000] {logging_mixin.py:190} INFO - [2024-10-26T23:55:32.450+0000] {dag.py:4180} INFO - Setting next_dagrun for example_sla_dag to 2024-10-26 23:52:00+00:00, run_after=2024-10-26 23:54:00+00:00
[2024-10-26T23:55:32.476+0000] {processor.py:208} INFO - Processing /home/airflow/.local/lib/python3.12/site-packages/airflow/example_dags/example_sla_dag.py took 0.098 seconds
[2024-10-26T23:56:05.221+0000] {processor.py:186} INFO - Started process (PID=46700) to work on /home/airflow/.local/lib/python3.12/site-packages/airflow/example_dags/example_sla_dag.py
[2024-10-26T23:56:05.222+0000] {processor.py:914} INFO - Processing file /home/airflow/.local/lib/python3.12/site-packages/airflow/example_dags/example_sla_dag.py for tasks to queue
[2024-10-26T23:56:05.224+0000] {logging_mixin.py:190} INFO - [2024-10-26T23:56:05.224+0000] {dagbag.py:588} INFO - Filling up the DagBag from /home/airflow/.local/lib/python3.12/site-packages/airflow/example_dags/example_sla_dag.py
[2024-10-26T23:56:05.237+0000] {processor.py:925} INFO - DAG(s) 'example_sla_dag' retrieved from /home/airflow/.local/lib/python3.12/site-packages/airflow/example_dags/example_sla_dag.py
[2024-10-26T23:56:05.256+0000] {logging_mixin.py:190} INFO - [2024-10-26T23:56:05.256+0000] {dag.py:3239} INFO - Sync 1 DAGs
[2024-10-26T23:56:05.285+0000] {logging_mixin.py:190} INFO - [2024-10-26T23:56:05.285+0000] {dag.py:4180} INFO - Setting next_dagrun for example_sla_dag to 2024-10-26 23:54:00+00:00, run_after=2024-10-26 23:56:00+00:00
[2024-10-26T23:56:05.306+0000] {processor.py:208} INFO - Processing /home/airflow/.local/lib/python3.12/site-packages/airflow/example_dags/example_sla_dag.py took 0.092 seconds
[2024-10-26T23:56:37.735+0000] {processor.py:186} INFO - Started process (PID=46764) to work on /home/airflow/.local/lib/python3.12/site-packages/airflow/example_dags/example_sla_dag.py
[2024-10-26T23:56:37.736+0000] {processor.py:914} INFO - Processing file /home/airflow/.local/lib/python3.12/site-packages/airflow/example_dags/example_sla_dag.py for tasks to queue
[2024-10-26T23:56:37.739+0000] {logging_mixin.py:190} INFO - [2024-10-26T23:56:37.738+0000] {dagbag.py:588} INFO - Filling up the DagBag from /home/airflow/.local/lib/python3.12/site-packages/airflow/example_dags/example_sla_dag.py
[2024-10-26T23:56:37.752+0000] {processor.py:925} INFO - DAG(s) 'example_sla_dag' retrieved from /home/airflow/.local/lib/python3.12/site-packages/airflow/example_dags/example_sla_dag.py
[2024-10-26T23:56:37.775+0000] {logging_mixin.py:190} INFO - [2024-10-26T23:56:37.774+0000] {dag.py:3239} INFO - Sync 1 DAGs
[2024-10-26T23:56:37.802+0000] {logging_mixin.py:190} INFO - [2024-10-26T23:56:37.802+0000] {dag.py:4180} INFO - Setting next_dagrun for example_sla_dag to 2024-10-26 23:54:00+00:00, run_after=2024-10-26 23:56:00+00:00
[2024-10-26T23:56:37.832+0000] {processor.py:208} INFO - Processing /home/airflow/.local/lib/python3.12/site-packages/airflow/example_dags/example_sla_dag.py took 0.103 seconds
[2024-10-26T23:57:11.009+0000] {processor.py:186} INFO - Started process (PID=46828) to work on /home/airflow/.local/lib/python3.12/site-packages/airflow/example_dags/example_sla_dag.py
[2024-10-26T23:57:11.010+0000] {processor.py:914} INFO - Processing file /home/airflow/.local/lib/python3.12/site-packages/airflow/example_dags/example_sla_dag.py for tasks to queue
[2024-10-26T23:57:11.012+0000] {logging_mixin.py:190} INFO - [2024-10-26T23:57:11.012+0000] {dagbag.py:588} INFO - Filling up the DagBag from /home/airflow/.local/lib/python3.12/site-packages/airflow/example_dags/example_sla_dag.py
[2024-10-26T23:57:11.023+0000] {processor.py:925} INFO - DAG(s) 'example_sla_dag' retrieved from /home/airflow/.local/lib/python3.12/site-packages/airflow/example_dags/example_sla_dag.py
[2024-10-26T23:57:11.046+0000] {logging_mixin.py:190} INFO - [2024-10-26T23:57:11.046+0000] {dag.py:3239} INFO - Sync 1 DAGs
[2024-10-26T23:57:11.072+0000] {logging_mixin.py:190} INFO - [2024-10-26T23:57:11.071+0000] {dag.py:4180} INFO - Setting next_dagrun for example_sla_dag to 2024-10-26 23:54:00+00:00, run_after=2024-10-26 23:56:00+00:00
[2024-10-26T23:57:11.098+0000] {processor.py:208} INFO - Processing /home/airflow/.local/lib/python3.12/site-packages/airflow/example_dags/example_sla_dag.py took 0.095 seconds
[2024-10-26T23:57:43.486+0000] {processor.py:186} INFO - Started process (PID=46892) to work on /home/airflow/.local/lib/python3.12/site-packages/airflow/example_dags/example_sla_dag.py
[2024-10-26T23:57:43.487+0000] {processor.py:914} INFO - Processing file /home/airflow/.local/lib/python3.12/site-packages/airflow/example_dags/example_sla_dag.py for tasks to queue
[2024-10-26T23:57:43.489+0000] {logging_mixin.py:190} INFO - [2024-10-26T23:57:43.489+0000] {dagbag.py:588} INFO - Filling up the DagBag from /home/airflow/.local/lib/python3.12/site-packages/airflow/example_dags/example_sla_dag.py
[2024-10-26T23:57:43.502+0000] {processor.py:925} INFO - DAG(s) 'example_sla_dag' retrieved from /home/airflow/.local/lib/python3.12/site-packages/airflow/example_dags/example_sla_dag.py
[2024-10-26T23:57:43.525+0000] {logging_mixin.py:190} INFO - [2024-10-26T23:57:43.524+0000] {dag.py:3239} INFO - Sync 1 DAGs
[2024-10-26T23:57:43.550+0000] {logging_mixin.py:190} INFO - [2024-10-26T23:57:43.550+0000] {dag.py:4180} INFO - Setting next_dagrun for example_sla_dag to 2024-10-26 23:54:00+00:00, run_after=2024-10-26 23:56:00+00:00
[2024-10-26T23:57:43.577+0000] {processor.py:208} INFO - Processing /home/airflow/.local/lib/python3.12/site-packages/airflow/example_dags/example_sla_dag.py took 0.097 seconds
[2024-10-26T23:58:16.004+0000] {processor.py:186} INFO - Started process (PID=46956) to work on /home/airflow/.local/lib/python3.12/site-packages/airflow/example_dags/example_sla_dag.py
[2024-10-26T23:58:16.005+0000] {processor.py:914} INFO - Processing file /home/airflow/.local/lib/python3.12/site-packages/airflow/example_dags/example_sla_dag.py for tasks to queue
[2024-10-26T23:58:16.007+0000] {logging_mixin.py:190} INFO - [2024-10-26T23:58:16.007+0000] {dagbag.py:588} INFO - Filling up the DagBag from /home/airflow/.local/lib/python3.12/site-packages/airflow/example_dags/example_sla_dag.py
[2024-10-26T23:58:16.019+0000] {processor.py:925} INFO - DAG(s) 'example_sla_dag' retrieved from /home/airflow/.local/lib/python3.12/site-packages/airflow/example_dags/example_sla_dag.py
[2024-10-26T23:58:16.039+0000] {logging_mixin.py:190} INFO - [2024-10-26T23:58:16.039+0000] {dag.py:3239} INFO - Sync 1 DAGs
[2024-10-26T23:58:16.065+0000] {logging_mixin.py:190} INFO - [2024-10-26T23:58:16.065+0000] {dag.py:4180} INFO - Setting next_dagrun for example_sla_dag to 2024-10-26 23:56:00+00:00, run_after=2024-10-26 23:58:00+00:00
[2024-10-26T23:58:16.088+0000] {processor.py:208} INFO - Processing /home/airflow/.local/lib/python3.12/site-packages/airflow/example_dags/example_sla_dag.py took 0.091 seconds
[2024-10-26T23:58:48.602+0000] {processor.py:186} INFO - Started process (PID=47021) to work on /home/airflow/.local/lib/python3.12/site-packages/airflow/example_dags/example_sla_dag.py
[2024-10-26T23:58:48.604+0000] {processor.py:914} INFO - Processing file /home/airflow/.local/lib/python3.12/site-packages/airflow/example_dags/example_sla_dag.py for tasks to queue
[2024-10-26T23:58:48.607+0000] {logging_mixin.py:190} INFO - [2024-10-26T23:58:48.607+0000] {dagbag.py:588} INFO - Filling up the DagBag from /home/airflow/.local/lib/python3.12/site-packages/airflow/example_dags/example_sla_dag.py
[2024-10-26T23:58:48.621+0000] {processor.py:925} INFO - DAG(s) 'example_sla_dag' retrieved from /home/airflow/.local/lib/python3.12/site-packages/airflow/example_dags/example_sla_dag.py
[2024-10-26T23:58:48.640+0000] {logging_mixin.py:190} INFO - [2024-10-26T23:58:48.640+0000] {dag.py:3239} INFO - Sync 1 DAGs
[2024-10-26T23:58:48.666+0000] {logging_mixin.py:190} INFO - [2024-10-26T23:58:48.666+0000] {dag.py:4180} INFO - Setting next_dagrun for example_sla_dag to 2024-10-26 23:56:00+00:00, run_after=2024-10-26 23:58:00+00:00
[2024-10-26T23:58:48.688+0000] {processor.py:208} INFO - Processing /home/airflow/.local/lib/python3.12/site-packages/airflow/example_dags/example_sla_dag.py took 0.092 seconds
[2024-10-26T23:59:22.045+0000] {processor.py:186} INFO - Started process (PID=47085) to work on /home/airflow/.local/lib/python3.12/site-packages/airflow/example_dags/example_sla_dag.py
[2024-10-26T23:59:22.047+0000] {processor.py:914} INFO - Processing file /home/airflow/.local/lib/python3.12/site-packages/airflow/example_dags/example_sla_dag.py for tasks to queue
[2024-10-26T23:59:22.050+0000] {logging_mixin.py:190} INFO - [2024-10-26T23:59:22.050+0000] {dagbag.py:588} INFO - Filling up the DagBag from /home/airflow/.local/lib/python3.12/site-packages/airflow/example_dags/example_sla_dag.py
[2024-10-26T23:59:22.060+0000] {processor.py:925} INFO - DAG(s) 'example_sla_dag' retrieved from /home/airflow/.local/lib/python3.12/site-packages/airflow/example_dags/example_sla_dag.py
[2024-10-26T23:59:22.082+0000] {logging_mixin.py:190} INFO - [2024-10-26T23:59:22.082+0000] {dag.py:3239} INFO - Sync 1 DAGs
[2024-10-26T23:59:22.110+0000] {logging_mixin.py:190} INFO - [2024-10-26T23:59:22.109+0000] {dag.py:4180} INFO - Setting next_dagrun for example_sla_dag to 2024-10-26 23:56:00+00:00, run_after=2024-10-26 23:58:00+00:00
[2024-10-26T23:59:22.132+0000] {processor.py:208} INFO - Processing /home/airflow/.local/lib/python3.12/site-packages/airflow/example_dags/example_sla_dag.py took 0.092 seconds
[2024-10-26T23:59:54.359+0000] {processor.py:186} INFO - Started process (PID=47149) to work on /home/airflow/.local/lib/python3.12/site-packages/airflow/example_dags/example_sla_dag.py
[2024-10-26T23:59:54.360+0000] {processor.py:914} INFO - Processing file /home/airflow/.local/lib/python3.12/site-packages/airflow/example_dags/example_sla_dag.py for tasks to queue
[2024-10-26T23:59:54.362+0000] {logging_mixin.py:190} INFO - [2024-10-26T23:59:54.362+0000] {dagbag.py:588} INFO - Filling up the DagBag from /home/airflow/.local/lib/python3.12/site-packages/airflow/example_dags/example_sla_dag.py
[2024-10-26T23:59:54.372+0000] {processor.py:925} INFO - DAG(s) 'example_sla_dag' retrieved from /home/airflow/.local/lib/python3.12/site-packages/airflow/example_dags/example_sla_dag.py
[2024-10-26T23:59:54.392+0000] {logging_mixin.py:190} INFO - [2024-10-26T23:59:54.392+0000] {dag.py:3239} INFO - Sync 1 DAGs
[2024-10-26T23:59:54.420+0000] {logging_mixin.py:190} INFO - [2024-10-26T23:59:54.419+0000] {dag.py:4180} INFO - Setting next_dagrun for example_sla_dag to 2024-10-26 23:56:00+00:00, run_after=2024-10-26 23:58:00+00:00
[2024-10-26T23:59:54.441+0000] {processor.py:208} INFO - Processing /home/airflow/.local/lib/python3.12/site-packages/airflow/example_dags/example_sla_dag.py took 0.089 seconds
