[2024-10-27T00:00:28.742+0000] {processor.py:186} INFO - Started process (PID=47235) to work on /home/airflow/.local/lib/python3.12/site-packages/airflow/example_dags/tutorial_dag.py
[2024-10-27T00:00:28.744+0000] {processor.py:914} INFO - Processing file /home/airflow/.local/lib/python3.12/site-packages/airflow/example_dags/tutorial_dag.py for tasks to queue
[2024-10-27T00:00:28.746+0000] {logging_mixin.py:190} INFO - [2024-10-27T00:00:28.746+0000] {dagbag.py:588} INFO - Filling up the DagBag from /home/airflow/.local/lib/python3.12/site-packages/airflow/example_dags/tutorial_dag.py
[2024-10-27T00:00:28.753+0000] {processor.py:925} INFO - DAG(s) 'tutorial_dag' retrieved from /home/airflow/.local/lib/python3.12/site-packages/airflow/example_dags/tutorial_dag.py
[2024-10-27T00:00:28.775+0000] {logging_mixin.py:190} INFO - [2024-10-27T00:00:28.775+0000] {dag.py:3239} INFO - Sync 1 DAGs
[2024-10-27T00:00:28.792+0000] {logging_mixin.py:190} INFO - [2024-10-27T00:00:28.792+0000] {dag.py:4180} INFO - Setting next_dagrun for tutorial_dag to None, run_after=None
[2024-10-27T00:00:28.813+0000] {processor.py:208} INFO - Processing /home/airflow/.local/lib/python3.12/site-packages/airflow/example_dags/tutorial_dag.py took 0.079 seconds
[2024-10-27T00:01:01.242+0000] {processor.py:186} INFO - Started process (PID=47299) to work on /home/airflow/.local/lib/python3.12/site-packages/airflow/example_dags/tutorial_dag.py
[2024-10-27T00:01:01.242+0000] {processor.py:914} INFO - Processing file /home/airflow/.local/lib/python3.12/site-packages/airflow/example_dags/tutorial_dag.py for tasks to queue
[2024-10-27T00:01:01.245+0000] {logging_mixin.py:190} INFO - [2024-10-27T00:01:01.244+0000] {dagbag.py:588} INFO - Filling up the DagBag from /home/airflow/.local/lib/python3.12/site-packages/airflow/example_dags/tutorial_dag.py
[2024-10-27T00:01:01.252+0000] {processor.py:925} INFO - DAG(s) 'tutorial_dag' retrieved from /home/airflow/.local/lib/python3.12/site-packages/airflow/example_dags/tutorial_dag.py
[2024-10-27T00:01:01.277+0000] {logging_mixin.py:190} INFO - [2024-10-27T00:01:01.277+0000] {dag.py:3239} INFO - Sync 1 DAGs
[2024-10-27T00:01:01.294+0000] {logging_mixin.py:190} INFO - [2024-10-27T00:01:01.294+0000] {dag.py:4180} INFO - Setting next_dagrun for tutorial_dag to None, run_after=None
[2024-10-27T00:01:01.321+0000] {processor.py:208} INFO - Processing /home/airflow/.local/lib/python3.12/site-packages/airflow/example_dags/tutorial_dag.py took 0.087 seconds
[2024-10-27T00:01:34.751+0000] {processor.py:186} INFO - Started process (PID=47363) to work on /home/airflow/.local/lib/python3.12/site-packages/airflow/example_dags/tutorial_dag.py
[2024-10-27T00:01:34.752+0000] {processor.py:914} INFO - Processing file /home/airflow/.local/lib/python3.12/site-packages/airflow/example_dags/tutorial_dag.py for tasks to queue
[2024-10-27T00:01:34.755+0000] {logging_mixin.py:190} INFO - [2024-10-27T00:01:34.754+0000] {dagbag.py:588} INFO - Filling up the DagBag from /home/airflow/.local/lib/python3.12/site-packages/airflow/example_dags/tutorial_dag.py
[2024-10-27T00:01:34.765+0000] {processor.py:925} INFO - DAG(s) 'tutorial_dag' retrieved from /home/airflow/.local/lib/python3.12/site-packages/airflow/example_dags/tutorial_dag.py
[2024-10-27T00:01:34.783+0000] {logging_mixin.py:190} INFO - [2024-10-27T00:01:34.783+0000] {dag.py:3239} INFO - Sync 1 DAGs
[2024-10-27T00:01:34.802+0000] {logging_mixin.py:190} INFO - [2024-10-27T00:01:34.801+0000] {dag.py:4180} INFO - Setting next_dagrun for tutorial_dag to None, run_after=None
[2024-10-27T00:01:34.824+0000] {processor.py:208} INFO - Processing /home/airflow/.local/lib/python3.12/site-packages/airflow/example_dags/tutorial_dag.py took 0.079 seconds
[2024-10-27T00:02:08.849+0000] {processor.py:186} INFO - Started process (PID=47427) to work on /home/airflow/.local/lib/python3.12/site-packages/airflow/example_dags/tutorial_dag.py
[2024-10-27T00:02:08.853+0000] {processor.py:914} INFO - Processing file /home/airflow/.local/lib/python3.12/site-packages/airflow/example_dags/tutorial_dag.py for tasks to queue
[2024-10-27T00:02:08.856+0000] {logging_mixin.py:190} INFO - [2024-10-27T00:02:08.856+0000] {dagbag.py:588} INFO - Filling up the DagBag from /home/airflow/.local/lib/python3.12/site-packages/airflow/example_dags/tutorial_dag.py
[2024-10-27T00:02:08.864+0000] {processor.py:925} INFO - DAG(s) 'tutorial_dag' retrieved from /home/airflow/.local/lib/python3.12/site-packages/airflow/example_dags/tutorial_dag.py
[2024-10-27T00:02:08.888+0000] {logging_mixin.py:190} INFO - [2024-10-27T00:02:08.888+0000] {dag.py:3239} INFO - Sync 1 DAGs
[2024-10-27T00:02:08.906+0000] {logging_mixin.py:190} INFO - [2024-10-27T00:02:08.906+0000] {dag.py:4180} INFO - Setting next_dagrun for tutorial_dag to None, run_after=None
[2024-10-27T00:02:08.934+0000] {processor.py:208} INFO - Processing /home/airflow/.local/lib/python3.12/site-packages/airflow/example_dags/tutorial_dag.py took 0.091 seconds
[2024-10-27T00:02:39.466+0000] {processor.py:186} INFO - Started process (PID=47491) to work on /home/airflow/.local/lib/python3.12/site-packages/airflow/example_dags/tutorial_dag.py
[2024-10-27T00:02:39.467+0000] {processor.py:914} INFO - Processing file /home/airflow/.local/lib/python3.12/site-packages/airflow/example_dags/tutorial_dag.py for tasks to queue
[2024-10-27T00:02:39.472+0000] {logging_mixin.py:190} INFO - [2024-10-27T00:02:39.471+0000] {dagbag.py:588} INFO - Filling up the DagBag from /home/airflow/.local/lib/python3.12/site-packages/airflow/example_dags/tutorial_dag.py
[2024-10-27T00:02:39.492+0000] {processor.py:925} INFO - DAG(s) 'tutorial_dag' retrieved from /home/airflow/.local/lib/python3.12/site-packages/airflow/example_dags/tutorial_dag.py
[2024-10-27T00:02:39.529+0000] {logging_mixin.py:190} INFO - [2024-10-27T00:02:39.529+0000] {dag.py:3239} INFO - Sync 1 DAGs
[2024-10-27T00:02:39.547+0000] {logging_mixin.py:190} INFO - [2024-10-27T00:02:39.547+0000] {dag.py:4180} INFO - Setting next_dagrun for tutorial_dag to None, run_after=None
[2024-10-27T00:02:39.568+0000] {processor.py:208} INFO - Processing /home/airflow/.local/lib/python3.12/site-packages/airflow/example_dags/tutorial_dag.py took 0.108 seconds
[2024-10-27T00:03:12.825+0000] {processor.py:186} INFO - Started process (PID=47555) to work on /home/airflow/.local/lib/python3.12/site-packages/airflow/example_dags/tutorial_dag.py
[2024-10-27T00:03:12.827+0000] {processor.py:914} INFO - Processing file /home/airflow/.local/lib/python3.12/site-packages/airflow/example_dags/tutorial_dag.py for tasks to queue
[2024-10-27T00:03:12.830+0000] {logging_mixin.py:190} INFO - [2024-10-27T00:03:12.829+0000] {dagbag.py:588} INFO - Filling up the DagBag from /home/airflow/.local/lib/python3.12/site-packages/airflow/example_dags/tutorial_dag.py
[2024-10-27T00:03:12.836+0000] {processor.py:925} INFO - DAG(s) 'tutorial_dag' retrieved from /home/airflow/.local/lib/python3.12/site-packages/airflow/example_dags/tutorial_dag.py
[2024-10-27T00:03:12.856+0000] {logging_mixin.py:190} INFO - [2024-10-27T00:03:12.856+0000] {dag.py:3239} INFO - Sync 1 DAGs
[2024-10-27T00:03:12.870+0000] {logging_mixin.py:190} INFO - [2024-10-27T00:03:12.869+0000] {dag.py:4180} INFO - Setting next_dagrun for tutorial_dag to None, run_after=None
[2024-10-27T00:03:12.894+0000] {processor.py:208} INFO - Processing /home/airflow/.local/lib/python3.12/site-packages/airflow/example_dags/tutorial_dag.py took 0.075 seconds
[2024-10-27T00:03:44.961+0000] {processor.py:186} INFO - Started process (PID=47619) to work on /home/airflow/.local/lib/python3.12/site-packages/airflow/example_dags/tutorial_dag.py
[2024-10-27T00:03:44.962+0000] {processor.py:914} INFO - Processing file /home/airflow/.local/lib/python3.12/site-packages/airflow/example_dags/tutorial_dag.py for tasks to queue
[2024-10-27T00:03:44.965+0000] {logging_mixin.py:190} INFO - [2024-10-27T00:03:44.964+0000] {dagbag.py:588} INFO - Filling up the DagBag from /home/airflow/.local/lib/python3.12/site-packages/airflow/example_dags/tutorial_dag.py
[2024-10-27T00:03:44.973+0000] {processor.py:925} INFO - DAG(s) 'tutorial_dag' retrieved from /home/airflow/.local/lib/python3.12/site-packages/airflow/example_dags/tutorial_dag.py
[2024-10-27T00:03:44.992+0000] {logging_mixin.py:190} INFO - [2024-10-27T00:03:44.991+0000] {dag.py:3239} INFO - Sync 1 DAGs
[2024-10-27T00:03:45.005+0000] {logging_mixin.py:190} INFO - [2024-10-27T00:03:45.005+0000] {dag.py:4180} INFO - Setting next_dagrun for tutorial_dag to None, run_after=None
[2024-10-27T00:03:45.026+0000] {processor.py:208} INFO - Processing /home/airflow/.local/lib/python3.12/site-packages/airflow/example_dags/tutorial_dag.py took 0.075 seconds
[2024-10-27T00:04:18.316+0000] {processor.py:186} INFO - Started process (PID=47683) to work on /home/airflow/.local/lib/python3.12/site-packages/airflow/example_dags/tutorial_dag.py
[2024-10-27T00:04:18.317+0000] {processor.py:914} INFO - Processing file /home/airflow/.local/lib/python3.12/site-packages/airflow/example_dags/tutorial_dag.py for tasks to queue
[2024-10-27T00:04:18.319+0000] {logging_mixin.py:190} INFO - [2024-10-27T00:04:18.319+0000] {dagbag.py:588} INFO - Filling up the DagBag from /home/airflow/.local/lib/python3.12/site-packages/airflow/example_dags/tutorial_dag.py
[2024-10-27T00:04:18.326+0000] {processor.py:925} INFO - DAG(s) 'tutorial_dag' retrieved from /home/airflow/.local/lib/python3.12/site-packages/airflow/example_dags/tutorial_dag.py
[2024-10-27T00:04:18.343+0000] {logging_mixin.py:190} INFO - [2024-10-27T00:04:18.342+0000] {dag.py:3239} INFO - Sync 1 DAGs
[2024-10-27T00:04:18.356+0000] {logging_mixin.py:190} INFO - [2024-10-27T00:04:18.355+0000] {dag.py:4180} INFO - Setting next_dagrun for tutorial_dag to None, run_after=None
[2024-10-27T00:04:18.379+0000] {processor.py:208} INFO - Processing /home/airflow/.local/lib/python3.12/site-packages/airflow/example_dags/tutorial_dag.py took 0.070 seconds
[2024-10-27T00:04:50.410+0000] {processor.py:186} INFO - Started process (PID=47747) to work on /home/airflow/.local/lib/python3.12/site-packages/airflow/example_dags/tutorial_dag.py
[2024-10-27T00:04:50.411+0000] {processor.py:914} INFO - Processing file /home/airflow/.local/lib/python3.12/site-packages/airflow/example_dags/tutorial_dag.py for tasks to queue
[2024-10-27T00:04:50.414+0000] {logging_mixin.py:190} INFO - [2024-10-27T00:04:50.414+0000] {dagbag.py:588} INFO - Filling up the DagBag from /home/airflow/.local/lib/python3.12/site-packages/airflow/example_dags/tutorial_dag.py
[2024-10-27T00:04:50.423+0000] {processor.py:925} INFO - DAG(s) 'tutorial_dag' retrieved from /home/airflow/.local/lib/python3.12/site-packages/airflow/example_dags/tutorial_dag.py
[2024-10-27T00:04:50.441+0000] {logging_mixin.py:190} INFO - [2024-10-27T00:04:50.441+0000] {dag.py:3239} INFO - Sync 1 DAGs
[2024-10-27T00:04:50.457+0000] {logging_mixin.py:190} INFO - [2024-10-27T00:04:50.457+0000] {dag.py:4180} INFO - Setting next_dagrun for tutorial_dag to None, run_after=None
[2024-10-27T00:04:50.481+0000] {processor.py:208} INFO - Processing /home/airflow/.local/lib/python3.12/site-packages/airflow/example_dags/tutorial_dag.py took 0.075 seconds
[2024-10-27T00:05:23.658+0000] {processor.py:186} INFO - Started process (PID=47811) to work on /home/airflow/.local/lib/python3.12/site-packages/airflow/example_dags/tutorial_dag.py
[2024-10-27T00:05:23.659+0000] {processor.py:914} INFO - Processing file /home/airflow/.local/lib/python3.12/site-packages/airflow/example_dags/tutorial_dag.py for tasks to queue
[2024-10-27T00:05:23.661+0000] {logging_mixin.py:190} INFO - [2024-10-27T00:05:23.661+0000] {dagbag.py:588} INFO - Filling up the DagBag from /home/airflow/.local/lib/python3.12/site-packages/airflow/example_dags/tutorial_dag.py
[2024-10-27T00:05:23.671+0000] {processor.py:925} INFO - DAG(s) 'tutorial_dag' retrieved from /home/airflow/.local/lib/python3.12/site-packages/airflow/example_dags/tutorial_dag.py
[2024-10-27T00:05:23.690+0000] {logging_mixin.py:190} INFO - [2024-10-27T00:05:23.690+0000] {dag.py:3239} INFO - Sync 1 DAGs
[2024-10-27T00:05:23.703+0000] {logging_mixin.py:190} INFO - [2024-10-27T00:05:23.703+0000] {dag.py:4180} INFO - Setting next_dagrun for tutorial_dag to None, run_after=None
[2024-10-27T00:05:23.726+0000] {processor.py:208} INFO - Processing /home/airflow/.local/lib/python3.12/site-packages/airflow/example_dags/tutorial_dag.py took 0.075 seconds
[2024-10-27T00:05:55.864+0000] {processor.py:186} INFO - Started process (PID=47875) to work on /home/airflow/.local/lib/python3.12/site-packages/airflow/example_dags/tutorial_dag.py
[2024-10-27T00:05:55.865+0000] {processor.py:914} INFO - Processing file /home/airflow/.local/lib/python3.12/site-packages/airflow/example_dags/tutorial_dag.py for tasks to queue
[2024-10-27T00:05:55.869+0000] {logging_mixin.py:190} INFO - [2024-10-27T00:05:55.868+0000] {dagbag.py:588} INFO - Filling up the DagBag from /home/airflow/.local/lib/python3.12/site-packages/airflow/example_dags/tutorial_dag.py
[2024-10-27T00:05:55.877+0000] {processor.py:925} INFO - DAG(s) 'tutorial_dag' retrieved from /home/airflow/.local/lib/python3.12/site-packages/airflow/example_dags/tutorial_dag.py
[2024-10-27T00:05:55.894+0000] {logging_mixin.py:190} INFO - [2024-10-27T00:05:55.894+0000] {dag.py:3239} INFO - Sync 1 DAGs
[2024-10-27T00:05:55.909+0000] {logging_mixin.py:190} INFO - [2024-10-27T00:05:55.909+0000] {dag.py:4180} INFO - Setting next_dagrun for tutorial_dag to None, run_after=None
[2024-10-27T00:05:55.932+0000] {processor.py:208} INFO - Processing /home/airflow/.local/lib/python3.12/site-packages/airflow/example_dags/tutorial_dag.py took 0.073 seconds
[2024-10-27T00:06:29.779+0000] {processor.py:186} INFO - Started process (PID=47939) to work on /home/airflow/.local/lib/python3.12/site-packages/airflow/example_dags/tutorial_dag.py
[2024-10-27T00:06:29.780+0000] {processor.py:914} INFO - Processing file /home/airflow/.local/lib/python3.12/site-packages/airflow/example_dags/tutorial_dag.py for tasks to queue
[2024-10-27T00:06:29.783+0000] {logging_mixin.py:190} INFO - [2024-10-27T00:06:29.783+0000] {dagbag.py:588} INFO - Filling up the DagBag from /home/airflow/.local/lib/python3.12/site-packages/airflow/example_dags/tutorial_dag.py
[2024-10-27T00:06:29.794+0000] {processor.py:925} INFO - DAG(s) 'tutorial_dag' retrieved from /home/airflow/.local/lib/python3.12/site-packages/airflow/example_dags/tutorial_dag.py
[2024-10-27T00:06:29.815+0000] {logging_mixin.py:190} INFO - [2024-10-27T00:06:29.814+0000] {dag.py:3239} INFO - Sync 1 DAGs
[2024-10-27T00:06:29.839+0000] {logging_mixin.py:190} INFO - [2024-10-27T00:06:29.838+0000] {dag.py:4180} INFO - Setting next_dagrun for tutorial_dag to None, run_after=None
[2024-10-27T00:06:29.863+0000] {processor.py:208} INFO - Processing /home/airflow/.local/lib/python3.12/site-packages/airflow/example_dags/tutorial_dag.py took 0.098 seconds
[2024-10-27T00:07:01.746+0000] {processor.py:186} INFO - Started process (PID=48003) to work on /home/airflow/.local/lib/python3.12/site-packages/airflow/example_dags/tutorial_dag.py
[2024-10-27T00:07:01.747+0000] {processor.py:914} INFO - Processing file /home/airflow/.local/lib/python3.12/site-packages/airflow/example_dags/tutorial_dag.py for tasks to queue
[2024-10-27T00:07:01.749+0000] {logging_mixin.py:190} INFO - [2024-10-27T00:07:01.749+0000] {dagbag.py:588} INFO - Filling up the DagBag from /home/airflow/.local/lib/python3.12/site-packages/airflow/example_dags/tutorial_dag.py
[2024-10-27T00:07:01.758+0000] {processor.py:925} INFO - DAG(s) 'tutorial_dag' retrieved from /home/airflow/.local/lib/python3.12/site-packages/airflow/example_dags/tutorial_dag.py
[2024-10-27T00:07:01.781+0000] {logging_mixin.py:190} INFO - [2024-10-27T00:07:01.781+0000] {dag.py:3239} INFO - Sync 1 DAGs
[2024-10-27T00:07:01.797+0000] {logging_mixin.py:190} INFO - [2024-10-27T00:07:01.796+0000] {dag.py:4180} INFO - Setting next_dagrun for tutorial_dag to None, run_after=None
[2024-10-27T00:07:01.819+0000] {processor.py:208} INFO - Processing /home/airflow/.local/lib/python3.12/site-packages/airflow/example_dags/tutorial_dag.py took 0.079 seconds
[2024-10-27T00:07:33.751+0000] {processor.py:186} INFO - Started process (PID=48067) to work on /home/airflow/.local/lib/python3.12/site-packages/airflow/example_dags/tutorial_dag.py
[2024-10-27T00:07:33.752+0000] {processor.py:914} INFO - Processing file /home/airflow/.local/lib/python3.12/site-packages/airflow/example_dags/tutorial_dag.py for tasks to queue
[2024-10-27T00:07:33.755+0000] {logging_mixin.py:190} INFO - [2024-10-27T00:07:33.755+0000] {dagbag.py:588} INFO - Filling up the DagBag from /home/airflow/.local/lib/python3.12/site-packages/airflow/example_dags/tutorial_dag.py
[2024-10-27T00:07:33.763+0000] {processor.py:925} INFO - DAG(s) 'tutorial_dag' retrieved from /home/airflow/.local/lib/python3.12/site-packages/airflow/example_dags/tutorial_dag.py
[2024-10-27T00:07:33.781+0000] {logging_mixin.py:190} INFO - [2024-10-27T00:07:33.780+0000] {dag.py:3239} INFO - Sync 1 DAGs
[2024-10-27T00:07:33.795+0000] {logging_mixin.py:190} INFO - [2024-10-27T00:07:33.794+0000] {dag.py:4180} INFO - Setting next_dagrun for tutorial_dag to None, run_after=None
[2024-10-27T00:07:33.816+0000] {processor.py:208} INFO - Processing /home/airflow/.local/lib/python3.12/site-packages/airflow/example_dags/tutorial_dag.py took 0.074 seconds
[2024-10-27T00:08:07.101+0000] {processor.py:186} INFO - Started process (PID=48131) to work on /home/airflow/.local/lib/python3.12/site-packages/airflow/example_dags/tutorial_dag.py
[2024-10-27T00:08:07.102+0000] {processor.py:914} INFO - Processing file /home/airflow/.local/lib/python3.12/site-packages/airflow/example_dags/tutorial_dag.py for tasks to queue
[2024-10-27T00:08:07.106+0000] {logging_mixin.py:190} INFO - [2024-10-27T00:08:07.106+0000] {dagbag.py:588} INFO - Filling up the DagBag from /home/airflow/.local/lib/python3.12/site-packages/airflow/example_dags/tutorial_dag.py
[2024-10-27T00:08:07.114+0000] {processor.py:925} INFO - DAG(s) 'tutorial_dag' retrieved from /home/airflow/.local/lib/python3.12/site-packages/airflow/example_dags/tutorial_dag.py
[2024-10-27T00:08:07.139+0000] {logging_mixin.py:190} INFO - [2024-10-27T00:08:07.138+0000] {dag.py:3239} INFO - Sync 1 DAGs
[2024-10-27T00:08:07.153+0000] {logging_mixin.py:190} INFO - [2024-10-27T00:08:07.153+0000] {dag.py:4180} INFO - Setting next_dagrun for tutorial_dag to None, run_after=None
[2024-10-27T00:08:07.175+0000] {processor.py:208} INFO - Processing /home/airflow/.local/lib/python3.12/site-packages/airflow/example_dags/tutorial_dag.py took 0.080 seconds
[2024-10-27T00:08:39.445+0000] {processor.py:186} INFO - Started process (PID=48195) to work on /home/airflow/.local/lib/python3.12/site-packages/airflow/example_dags/tutorial_dag.py
[2024-10-27T00:08:39.447+0000] {processor.py:914} INFO - Processing file /home/airflow/.local/lib/python3.12/site-packages/airflow/example_dags/tutorial_dag.py for tasks to queue
[2024-10-27T00:08:39.449+0000] {logging_mixin.py:190} INFO - [2024-10-27T00:08:39.449+0000] {dagbag.py:588} INFO - Filling up the DagBag from /home/airflow/.local/lib/python3.12/site-packages/airflow/example_dags/tutorial_dag.py
[2024-10-27T00:08:39.458+0000] {processor.py:925} INFO - DAG(s) 'tutorial_dag' retrieved from /home/airflow/.local/lib/python3.12/site-packages/airflow/example_dags/tutorial_dag.py
[2024-10-27T00:08:39.480+0000] {logging_mixin.py:190} INFO - [2024-10-27T00:08:39.480+0000] {dag.py:3239} INFO - Sync 1 DAGs
[2024-10-27T00:08:39.494+0000] {logging_mixin.py:190} INFO - [2024-10-27T00:08:39.494+0000] {dag.py:4180} INFO - Setting next_dagrun for tutorial_dag to None, run_after=None
[2024-10-27T00:08:39.518+0000] {processor.py:208} INFO - Processing /home/airflow/.local/lib/python3.12/site-packages/airflow/example_dags/tutorial_dag.py took 0.080 seconds
[2024-10-27T00:09:12.359+0000] {processor.py:186} INFO - Started process (PID=48259) to work on /home/airflow/.local/lib/python3.12/site-packages/airflow/example_dags/tutorial_dag.py
[2024-10-27T00:09:12.360+0000] {processor.py:914} INFO - Processing file /home/airflow/.local/lib/python3.12/site-packages/airflow/example_dags/tutorial_dag.py for tasks to queue
[2024-10-27T00:09:12.363+0000] {logging_mixin.py:190} INFO - [2024-10-27T00:09:12.362+0000] {dagbag.py:588} INFO - Filling up the DagBag from /home/airflow/.local/lib/python3.12/site-packages/airflow/example_dags/tutorial_dag.py
[2024-10-27T00:09:12.372+0000] {processor.py:925} INFO - DAG(s) 'tutorial_dag' retrieved from /home/airflow/.local/lib/python3.12/site-packages/airflow/example_dags/tutorial_dag.py
[2024-10-27T00:09:12.393+0000] {logging_mixin.py:190} INFO - [2024-10-27T00:09:12.393+0000] {dag.py:3239} INFO - Sync 1 DAGs
[2024-10-27T00:09:12.408+0000] {logging_mixin.py:190} INFO - [2024-10-27T00:09:12.408+0000] {dag.py:4180} INFO - Setting next_dagrun for tutorial_dag to None, run_after=None
[2024-10-27T00:09:12.434+0000] {processor.py:208} INFO - Processing /home/airflow/.local/lib/python3.12/site-packages/airflow/example_dags/tutorial_dag.py took 0.081 seconds
[2024-10-27T00:09:45.411+0000] {processor.py:186} INFO - Started process (PID=48323) to work on /home/airflow/.local/lib/python3.12/site-packages/airflow/example_dags/tutorial_dag.py
[2024-10-27T00:09:45.412+0000] {processor.py:914} INFO - Processing file /home/airflow/.local/lib/python3.12/site-packages/airflow/example_dags/tutorial_dag.py for tasks to queue
[2024-10-27T00:09:45.414+0000] {logging_mixin.py:190} INFO - [2024-10-27T00:09:45.414+0000] {dagbag.py:588} INFO - Filling up the DagBag from /home/airflow/.local/lib/python3.12/site-packages/airflow/example_dags/tutorial_dag.py
[2024-10-27T00:09:45.423+0000] {processor.py:925} INFO - DAG(s) 'tutorial_dag' retrieved from /home/airflow/.local/lib/python3.12/site-packages/airflow/example_dags/tutorial_dag.py
[2024-10-27T00:09:45.442+0000] {logging_mixin.py:190} INFO - [2024-10-27T00:09:45.442+0000] {dag.py:3239} INFO - Sync 1 DAGs
[2024-10-27T00:09:45.456+0000] {logging_mixin.py:190} INFO - [2024-10-27T00:09:45.455+0000] {dag.py:4180} INFO - Setting next_dagrun for tutorial_dag to None, run_after=None
[2024-10-27T00:09:45.476+0000] {processor.py:208} INFO - Processing /home/airflow/.local/lib/python3.12/site-packages/airflow/example_dags/tutorial_dag.py took 0.070 seconds
[2024-10-27T00:10:17.665+0000] {processor.py:186} INFO - Started process (PID=48387) to work on /home/airflow/.local/lib/python3.12/site-packages/airflow/example_dags/tutorial_dag.py
[2024-10-27T00:10:17.666+0000] {processor.py:914} INFO - Processing file /home/airflow/.local/lib/python3.12/site-packages/airflow/example_dags/tutorial_dag.py for tasks to queue
[2024-10-27T00:10:17.670+0000] {logging_mixin.py:190} INFO - [2024-10-27T00:10:17.669+0000] {dagbag.py:588} INFO - Filling up the DagBag from /home/airflow/.local/lib/python3.12/site-packages/airflow/example_dags/tutorial_dag.py
[2024-10-27T00:10:17.680+0000] {processor.py:925} INFO - DAG(s) 'tutorial_dag' retrieved from /home/airflow/.local/lib/python3.12/site-packages/airflow/example_dags/tutorial_dag.py
[2024-10-27T00:10:17.698+0000] {logging_mixin.py:190} INFO - [2024-10-27T00:10:17.698+0000] {dag.py:3239} INFO - Sync 1 DAGs
[2024-10-27T00:10:17.711+0000] {logging_mixin.py:190} INFO - [2024-10-27T00:10:17.711+0000] {dag.py:4180} INFO - Setting next_dagrun for tutorial_dag to None, run_after=None
[2024-10-27T00:10:17.736+0000] {processor.py:208} INFO - Processing /home/airflow/.local/lib/python3.12/site-packages/airflow/example_dags/tutorial_dag.py took 0.078 seconds
[2024-10-27T00:10:50.920+0000] {processor.py:186} INFO - Started process (PID=48451) to work on /home/airflow/.local/lib/python3.12/site-packages/airflow/example_dags/tutorial_dag.py
[2024-10-27T00:10:50.922+0000] {processor.py:914} INFO - Processing file /home/airflow/.local/lib/python3.12/site-packages/airflow/example_dags/tutorial_dag.py for tasks to queue
[2024-10-27T00:10:50.925+0000] {logging_mixin.py:190} INFO - [2024-10-27T00:10:50.924+0000] {dagbag.py:588} INFO - Filling up the DagBag from /home/airflow/.local/lib/python3.12/site-packages/airflow/example_dags/tutorial_dag.py
[2024-10-27T00:10:50.938+0000] {processor.py:925} INFO - DAG(s) 'tutorial_dag' retrieved from /home/airflow/.local/lib/python3.12/site-packages/airflow/example_dags/tutorial_dag.py
[2024-10-27T00:10:50.959+0000] {logging_mixin.py:190} INFO - [2024-10-27T00:10:50.959+0000] {dag.py:3239} INFO - Sync 1 DAGs
[2024-10-27T00:10:50.972+0000] {logging_mixin.py:190} INFO - [2024-10-27T00:10:50.972+0000] {dag.py:4180} INFO - Setting next_dagrun for tutorial_dag to None, run_after=None
[2024-10-27T00:10:50.996+0000] {processor.py:208} INFO - Processing /home/airflow/.local/lib/python3.12/site-packages/airflow/example_dags/tutorial_dag.py took 0.083 seconds
[2024-10-27T00:11:23.313+0000] {processor.py:186} INFO - Started process (PID=48515) to work on /home/airflow/.local/lib/python3.12/site-packages/airflow/example_dags/tutorial_dag.py
[2024-10-27T00:11:23.314+0000] {processor.py:914} INFO - Processing file /home/airflow/.local/lib/python3.12/site-packages/airflow/example_dags/tutorial_dag.py for tasks to queue
[2024-10-27T00:11:23.319+0000] {logging_mixin.py:190} INFO - [2024-10-27T00:11:23.317+0000] {dagbag.py:588} INFO - Filling up the DagBag from /home/airflow/.local/lib/python3.12/site-packages/airflow/example_dags/tutorial_dag.py
[2024-10-27T00:11:23.329+0000] {processor.py:925} INFO - DAG(s) 'tutorial_dag' retrieved from /home/airflow/.local/lib/python3.12/site-packages/airflow/example_dags/tutorial_dag.py
[2024-10-27T00:11:23.350+0000] {logging_mixin.py:190} INFO - [2024-10-27T00:11:23.349+0000] {dag.py:3239} INFO - Sync 1 DAGs
[2024-10-27T00:11:23.364+0000] {logging_mixin.py:190} INFO - [2024-10-27T00:11:23.364+0000] {dag.py:4180} INFO - Setting next_dagrun for tutorial_dag to None, run_after=None
[2024-10-27T00:11:23.389+0000] {processor.py:208} INFO - Processing /home/airflow/.local/lib/python3.12/site-packages/airflow/example_dags/tutorial_dag.py took 0.082 seconds
[2024-10-27T00:11:56.595+0000] {processor.py:186} INFO - Started process (PID=48579) to work on /home/airflow/.local/lib/python3.12/site-packages/airflow/example_dags/tutorial_dag.py
[2024-10-27T00:11:56.597+0000] {processor.py:914} INFO - Processing file /home/airflow/.local/lib/python3.12/site-packages/airflow/example_dags/tutorial_dag.py for tasks to queue
[2024-10-27T00:11:56.599+0000] {logging_mixin.py:190} INFO - [2024-10-27T00:11:56.599+0000] {dagbag.py:588} INFO - Filling up the DagBag from /home/airflow/.local/lib/python3.12/site-packages/airflow/example_dags/tutorial_dag.py
[2024-10-27T00:11:56.608+0000] {processor.py:925} INFO - DAG(s) 'tutorial_dag' retrieved from /home/airflow/.local/lib/python3.12/site-packages/airflow/example_dags/tutorial_dag.py
[2024-10-27T00:11:56.629+0000] {logging_mixin.py:190} INFO - [2024-10-27T00:11:56.629+0000] {dag.py:3239} INFO - Sync 1 DAGs
[2024-10-27T00:11:56.643+0000] {logging_mixin.py:190} INFO - [2024-10-27T00:11:56.643+0000] {dag.py:4180} INFO - Setting next_dagrun for tutorial_dag to None, run_after=None
[2024-10-27T00:11:56.667+0000] {processor.py:208} INFO - Processing /home/airflow/.local/lib/python3.12/site-packages/airflow/example_dags/tutorial_dag.py took 0.079 seconds
[2024-10-27T00:12:29.323+0000] {processor.py:186} INFO - Started process (PID=48643) to work on /home/airflow/.local/lib/python3.12/site-packages/airflow/example_dags/tutorial_dag.py
[2024-10-27T00:12:29.324+0000] {processor.py:914} INFO - Processing file /home/airflow/.local/lib/python3.12/site-packages/airflow/example_dags/tutorial_dag.py for tasks to queue
[2024-10-27T00:12:29.327+0000] {logging_mixin.py:190} INFO - [2024-10-27T00:12:29.326+0000] {dagbag.py:588} INFO - Filling up the DagBag from /home/airflow/.local/lib/python3.12/site-packages/airflow/example_dags/tutorial_dag.py
[2024-10-27T00:12:29.337+0000] {processor.py:925} INFO - DAG(s) 'tutorial_dag' retrieved from /home/airflow/.local/lib/python3.12/site-packages/airflow/example_dags/tutorial_dag.py
[2024-10-27T00:12:29.356+0000] {logging_mixin.py:190} INFO - [2024-10-27T00:12:29.356+0000] {dag.py:3239} INFO - Sync 1 DAGs
[2024-10-27T00:12:29.370+0000] {logging_mixin.py:190} INFO - [2024-10-27T00:12:29.370+0000] {dag.py:4180} INFO - Setting next_dagrun for tutorial_dag to None, run_after=None
[2024-10-27T00:12:29.394+0000] {processor.py:208} INFO - Processing /home/airflow/.local/lib/python3.12/site-packages/airflow/example_dags/tutorial_dag.py took 0.081 seconds
[2024-10-27T00:13:01.704+0000] {processor.py:186} INFO - Started process (PID=48707) to work on /home/airflow/.local/lib/python3.12/site-packages/airflow/example_dags/tutorial_dag.py
[2024-10-27T00:13:01.705+0000] {processor.py:914} INFO - Processing file /home/airflow/.local/lib/python3.12/site-packages/airflow/example_dags/tutorial_dag.py for tasks to queue
[2024-10-27T00:13:01.708+0000] {logging_mixin.py:190} INFO - [2024-10-27T00:13:01.707+0000] {dagbag.py:588} INFO - Filling up the DagBag from /home/airflow/.local/lib/python3.12/site-packages/airflow/example_dags/tutorial_dag.py
[2024-10-27T00:13:01.718+0000] {processor.py:925} INFO - DAG(s) 'tutorial_dag' retrieved from /home/airflow/.local/lib/python3.12/site-packages/airflow/example_dags/tutorial_dag.py
[2024-10-27T00:13:01.738+0000] {logging_mixin.py:190} INFO - [2024-10-27T00:13:01.738+0000] {dag.py:3239} INFO - Sync 1 DAGs
[2024-10-27T00:13:01.753+0000] {logging_mixin.py:190} INFO - [2024-10-27T00:13:01.753+0000] {dag.py:4180} INFO - Setting next_dagrun for tutorial_dag to None, run_after=None
[2024-10-27T00:13:01.780+0000] {processor.py:208} INFO - Processing /home/airflow/.local/lib/python3.12/site-packages/airflow/example_dags/tutorial_dag.py took 0.082 seconds
[2024-10-27T00:13:34.813+0000] {processor.py:186} INFO - Started process (PID=48771) to work on /home/airflow/.local/lib/python3.12/site-packages/airflow/example_dags/tutorial_dag.py
[2024-10-27T00:13:34.816+0000] {processor.py:914} INFO - Processing file /home/airflow/.local/lib/python3.12/site-packages/airflow/example_dags/tutorial_dag.py for tasks to queue
[2024-10-27T00:13:34.820+0000] {logging_mixin.py:190} INFO - [2024-10-27T00:13:34.819+0000] {dagbag.py:588} INFO - Filling up the DagBag from /home/airflow/.local/lib/python3.12/site-packages/airflow/example_dags/tutorial_dag.py
[2024-10-27T00:13:34.832+0000] {processor.py:925} INFO - DAG(s) 'tutorial_dag' retrieved from /home/airflow/.local/lib/python3.12/site-packages/airflow/example_dags/tutorial_dag.py
[2024-10-27T00:13:34.858+0000] {logging_mixin.py:190} INFO - [2024-10-27T00:13:34.858+0000] {dag.py:3239} INFO - Sync 1 DAGs
[2024-10-27T00:13:34.880+0000] {logging_mixin.py:190} INFO - [2024-10-27T00:13:34.880+0000] {dag.py:4180} INFO - Setting next_dagrun for tutorial_dag to None, run_after=None
[2024-10-27T00:13:34.908+0000] {processor.py:208} INFO - Processing /home/airflow/.local/lib/python3.12/site-packages/airflow/example_dags/tutorial_dag.py took 0.103 seconds
[2024-10-27T00:14:07.510+0000] {processor.py:186} INFO - Started process (PID=48835) to work on /home/airflow/.local/lib/python3.12/site-packages/airflow/example_dags/tutorial_dag.py
[2024-10-27T00:14:07.512+0000] {processor.py:914} INFO - Processing file /home/airflow/.local/lib/python3.12/site-packages/airflow/example_dags/tutorial_dag.py for tasks to queue
[2024-10-27T00:14:07.515+0000] {logging_mixin.py:190} INFO - [2024-10-27T00:14:07.515+0000] {dagbag.py:588} INFO - Filling up the DagBag from /home/airflow/.local/lib/python3.12/site-packages/airflow/example_dags/tutorial_dag.py
[2024-10-27T00:14:07.523+0000] {processor.py:925} INFO - DAG(s) 'tutorial_dag' retrieved from /home/airflow/.local/lib/python3.12/site-packages/airflow/example_dags/tutorial_dag.py
[2024-10-27T00:14:07.543+0000] {logging_mixin.py:190} INFO - [2024-10-27T00:14:07.543+0000] {dag.py:3239} INFO - Sync 1 DAGs
[2024-10-27T00:14:07.558+0000] {logging_mixin.py:190} INFO - [2024-10-27T00:14:07.558+0000] {dag.py:4180} INFO - Setting next_dagrun for tutorial_dag to None, run_after=None
[2024-10-27T00:14:07.583+0000] {processor.py:208} INFO - Processing /home/airflow/.local/lib/python3.12/site-packages/airflow/example_dags/tutorial_dag.py took 0.081 seconds
[2024-10-27T00:14:40.062+0000] {processor.py:186} INFO - Started process (PID=48899) to work on /home/airflow/.local/lib/python3.12/site-packages/airflow/example_dags/tutorial_dag.py
[2024-10-27T00:14:40.064+0000] {processor.py:914} INFO - Processing file /home/airflow/.local/lib/python3.12/site-packages/airflow/example_dags/tutorial_dag.py for tasks to queue
[2024-10-27T00:14:40.066+0000] {logging_mixin.py:190} INFO - [2024-10-27T00:14:40.066+0000] {dagbag.py:588} INFO - Filling up the DagBag from /home/airflow/.local/lib/python3.12/site-packages/airflow/example_dags/tutorial_dag.py
[2024-10-27T00:14:40.072+0000] {processor.py:925} INFO - DAG(s) 'tutorial_dag' retrieved from /home/airflow/.local/lib/python3.12/site-packages/airflow/example_dags/tutorial_dag.py
[2024-10-27T00:14:40.090+0000] {logging_mixin.py:190} INFO - [2024-10-27T00:14:40.090+0000] {dag.py:3239} INFO - Sync 1 DAGs
[2024-10-27T00:14:40.104+0000] {logging_mixin.py:190} INFO - [2024-10-27T00:14:40.104+0000] {dag.py:4180} INFO - Setting next_dagrun for tutorial_dag to None, run_after=None
[2024-10-27T00:14:40.131+0000] {processor.py:208} INFO - Processing /home/airflow/.local/lib/python3.12/site-packages/airflow/example_dags/tutorial_dag.py took 0.074 seconds
[2024-10-27T00:15:13.001+0000] {processor.py:186} INFO - Started process (PID=48963) to work on /home/airflow/.local/lib/python3.12/site-packages/airflow/example_dags/tutorial_dag.py
[2024-10-27T00:15:13.002+0000] {processor.py:914} INFO - Processing file /home/airflow/.local/lib/python3.12/site-packages/airflow/example_dags/tutorial_dag.py for tasks to queue
[2024-10-27T00:15:13.004+0000] {logging_mixin.py:190} INFO - [2024-10-27T00:15:13.004+0000] {dagbag.py:588} INFO - Filling up the DagBag from /home/airflow/.local/lib/python3.12/site-packages/airflow/example_dags/tutorial_dag.py
[2024-10-27T00:15:13.010+0000] {processor.py:925} INFO - DAG(s) 'tutorial_dag' retrieved from /home/airflow/.local/lib/python3.12/site-packages/airflow/example_dags/tutorial_dag.py
[2024-10-27T00:15:13.033+0000] {logging_mixin.py:190} INFO - [2024-10-27T00:15:13.032+0000] {dag.py:3239} INFO - Sync 1 DAGs
[2024-10-27T00:15:13.045+0000] {logging_mixin.py:190} INFO - [2024-10-27T00:15:13.045+0000] {dag.py:4180} INFO - Setting next_dagrun for tutorial_dag to None, run_after=None
[2024-10-27T00:15:13.069+0000] {processor.py:208} INFO - Processing /home/airflow/.local/lib/python3.12/site-packages/airflow/example_dags/tutorial_dag.py took 0.074 seconds
[2024-10-27T00:15:45.339+0000] {processor.py:186} INFO - Started process (PID=49027) to work on /home/airflow/.local/lib/python3.12/site-packages/airflow/example_dags/tutorial_dag.py
[2024-10-27T00:15:45.340+0000] {processor.py:914} INFO - Processing file /home/airflow/.local/lib/python3.12/site-packages/airflow/example_dags/tutorial_dag.py for tasks to queue
[2024-10-27T00:15:45.342+0000] {logging_mixin.py:190} INFO - [2024-10-27T00:15:45.342+0000] {dagbag.py:588} INFO - Filling up the DagBag from /home/airflow/.local/lib/python3.12/site-packages/airflow/example_dags/tutorial_dag.py
[2024-10-27T00:15:45.350+0000] {processor.py:925} INFO - DAG(s) 'tutorial_dag' retrieved from /home/airflow/.local/lib/python3.12/site-packages/airflow/example_dags/tutorial_dag.py
[2024-10-27T00:15:45.371+0000] {logging_mixin.py:190} INFO - [2024-10-27T00:15:45.370+0000] {dag.py:3239} INFO - Sync 1 DAGs
[2024-10-27T00:15:45.385+0000] {logging_mixin.py:190} INFO - [2024-10-27T00:15:45.385+0000] {dag.py:4180} INFO - Setting next_dagrun for tutorial_dag to None, run_after=None
[2024-10-27T00:15:45.405+0000] {processor.py:208} INFO - Processing /home/airflow/.local/lib/python3.12/site-packages/airflow/example_dags/tutorial_dag.py took 0.074 seconds
[2024-10-27T00:16:17.821+0000] {processor.py:186} INFO - Started process (PID=49091) to work on /home/airflow/.local/lib/python3.12/site-packages/airflow/example_dags/tutorial_dag.py
[2024-10-27T00:16:17.823+0000] {processor.py:914} INFO - Processing file /home/airflow/.local/lib/python3.12/site-packages/airflow/example_dags/tutorial_dag.py for tasks to queue
[2024-10-27T00:16:17.828+0000] {logging_mixin.py:190} INFO - [2024-10-27T00:16:17.827+0000] {dagbag.py:588} INFO - Filling up the DagBag from /home/airflow/.local/lib/python3.12/site-packages/airflow/example_dags/tutorial_dag.py
[2024-10-27T00:16:17.841+0000] {processor.py:925} INFO - DAG(s) 'tutorial_dag' retrieved from /home/airflow/.local/lib/python3.12/site-packages/airflow/example_dags/tutorial_dag.py
[2024-10-27T00:16:17.869+0000] {logging_mixin.py:190} INFO - [2024-10-27T00:16:17.868+0000] {dag.py:3239} INFO - Sync 1 DAGs
[2024-10-27T00:16:17.890+0000] {logging_mixin.py:190} INFO - [2024-10-27T00:16:17.889+0000] {dag.py:4180} INFO - Setting next_dagrun for tutorial_dag to None, run_after=None
[2024-10-27T00:16:17.916+0000] {processor.py:208} INFO - Processing /home/airflow/.local/lib/python3.12/site-packages/airflow/example_dags/tutorial_dag.py took 0.103 seconds
[2024-10-27T00:16:51.256+0000] {processor.py:186} INFO - Started process (PID=49155) to work on /home/airflow/.local/lib/python3.12/site-packages/airflow/example_dags/tutorial_dag.py
[2024-10-27T00:16:51.257+0000] {processor.py:914} INFO - Processing file /home/airflow/.local/lib/python3.12/site-packages/airflow/example_dags/tutorial_dag.py for tasks to queue
[2024-10-27T00:16:51.260+0000] {logging_mixin.py:190} INFO - [2024-10-27T00:16:51.259+0000] {dagbag.py:588} INFO - Filling up the DagBag from /home/airflow/.local/lib/python3.12/site-packages/airflow/example_dags/tutorial_dag.py
[2024-10-27T00:16:51.268+0000] {processor.py:925} INFO - DAG(s) 'tutorial_dag' retrieved from /home/airflow/.local/lib/python3.12/site-packages/airflow/example_dags/tutorial_dag.py
[2024-10-27T00:16:51.288+0000] {logging_mixin.py:190} INFO - [2024-10-27T00:16:51.287+0000] {dag.py:3239} INFO - Sync 1 DAGs
[2024-10-27T00:16:51.303+0000] {logging_mixin.py:190} INFO - [2024-10-27T00:16:51.303+0000] {dag.py:4180} INFO - Setting next_dagrun for tutorial_dag to None, run_after=None
[2024-10-27T00:16:51.332+0000] {processor.py:208} INFO - Processing /home/airflow/.local/lib/python3.12/site-packages/airflow/example_dags/tutorial_dag.py took 0.081 seconds
[2024-10-27T00:17:23.557+0000] {processor.py:186} INFO - Started process (PID=49219) to work on /home/airflow/.local/lib/python3.12/site-packages/airflow/example_dags/tutorial_dag.py
[2024-10-27T00:17:23.558+0000] {processor.py:914} INFO - Processing file /home/airflow/.local/lib/python3.12/site-packages/airflow/example_dags/tutorial_dag.py for tasks to queue
[2024-10-27T00:17:23.560+0000] {logging_mixin.py:190} INFO - [2024-10-27T00:17:23.560+0000] {dagbag.py:588} INFO - Filling up the DagBag from /home/airflow/.local/lib/python3.12/site-packages/airflow/example_dags/tutorial_dag.py
[2024-10-27T00:17:23.570+0000] {processor.py:925} INFO - DAG(s) 'tutorial_dag' retrieved from /home/airflow/.local/lib/python3.12/site-packages/airflow/example_dags/tutorial_dag.py
[2024-10-27T00:17:23.590+0000] {logging_mixin.py:190} INFO - [2024-10-27T00:17:23.589+0000] {dag.py:3239} INFO - Sync 1 DAGs
[2024-10-27T00:17:23.604+0000] {logging_mixin.py:190} INFO - [2024-10-27T00:17:23.604+0000] {dag.py:4180} INFO - Setting next_dagrun for tutorial_dag to None, run_after=None
[2024-10-27T00:17:23.631+0000] {processor.py:208} INFO - Processing /home/airflow/.local/lib/python3.12/site-packages/airflow/example_dags/tutorial_dag.py took 0.082 seconds
[2024-10-27T00:17:55.751+0000] {processor.py:186} INFO - Started process (PID=49283) to work on /home/airflow/.local/lib/python3.12/site-packages/airflow/example_dags/tutorial_dag.py
[2024-10-27T00:17:55.753+0000] {processor.py:914} INFO - Processing file /home/airflow/.local/lib/python3.12/site-packages/airflow/example_dags/tutorial_dag.py for tasks to queue
[2024-10-27T00:17:55.755+0000] {logging_mixin.py:190} INFO - [2024-10-27T00:17:55.755+0000] {dagbag.py:588} INFO - Filling up the DagBag from /home/airflow/.local/lib/python3.12/site-packages/airflow/example_dags/tutorial_dag.py
[2024-10-27T00:17:55.765+0000] {processor.py:925} INFO - DAG(s) 'tutorial_dag' retrieved from /home/airflow/.local/lib/python3.12/site-packages/airflow/example_dags/tutorial_dag.py
[2024-10-27T00:17:55.788+0000] {logging_mixin.py:190} INFO - [2024-10-27T00:17:55.788+0000] {dag.py:3239} INFO - Sync 1 DAGs
[2024-10-27T00:17:55.801+0000] {logging_mixin.py:190} INFO - [2024-10-27T00:17:55.801+0000] {dag.py:4180} INFO - Setting next_dagrun for tutorial_dag to None, run_after=None
[2024-10-27T00:17:55.824+0000] {processor.py:208} INFO - Processing /home/airflow/.local/lib/python3.12/site-packages/airflow/example_dags/tutorial_dag.py took 0.081 seconds
[2024-10-27T00:18:29.191+0000] {processor.py:186} INFO - Started process (PID=49347) to work on /home/airflow/.local/lib/python3.12/site-packages/airflow/example_dags/tutorial_dag.py
[2024-10-27T00:18:29.192+0000] {processor.py:914} INFO - Processing file /home/airflow/.local/lib/python3.12/site-packages/airflow/example_dags/tutorial_dag.py for tasks to queue
[2024-10-27T00:18:29.195+0000] {logging_mixin.py:190} INFO - [2024-10-27T00:18:29.194+0000] {dagbag.py:588} INFO - Filling up the DagBag from /home/airflow/.local/lib/python3.12/site-packages/airflow/example_dags/tutorial_dag.py
[2024-10-27T00:18:29.205+0000] {processor.py:925} INFO - DAG(s) 'tutorial_dag' retrieved from /home/airflow/.local/lib/python3.12/site-packages/airflow/example_dags/tutorial_dag.py
[2024-10-27T00:18:29.229+0000] {logging_mixin.py:190} INFO - [2024-10-27T00:18:29.228+0000] {dag.py:3239} INFO - Sync 1 DAGs
[2024-10-27T00:18:29.247+0000] {logging_mixin.py:190} INFO - [2024-10-27T00:18:29.246+0000] {dag.py:4180} INFO - Setting next_dagrun for tutorial_dag to None, run_after=None
[2024-10-27T00:18:29.282+0000] {processor.py:208} INFO - Processing /home/airflow/.local/lib/python3.12/site-packages/airflow/example_dags/tutorial_dag.py took 0.097 seconds
[2024-10-27T00:19:01.716+0000] {processor.py:186} INFO - Started process (PID=49411) to work on /home/airflow/.local/lib/python3.12/site-packages/airflow/example_dags/tutorial_dag.py
[2024-10-27T00:19:01.717+0000] {processor.py:914} INFO - Processing file /home/airflow/.local/lib/python3.12/site-packages/airflow/example_dags/tutorial_dag.py for tasks to queue
[2024-10-27T00:19:01.719+0000] {logging_mixin.py:190} INFO - [2024-10-27T00:19:01.719+0000] {dagbag.py:588} INFO - Filling up the DagBag from /home/airflow/.local/lib/python3.12/site-packages/airflow/example_dags/tutorial_dag.py
[2024-10-27T00:19:01.730+0000] {processor.py:925} INFO - DAG(s) 'tutorial_dag' retrieved from /home/airflow/.local/lib/python3.12/site-packages/airflow/example_dags/tutorial_dag.py
[2024-10-27T00:19:01.754+0000] {logging_mixin.py:190} INFO - [2024-10-27T00:19:01.754+0000] {dag.py:3239} INFO - Sync 1 DAGs
[2024-10-27T00:19:01.771+0000] {logging_mixin.py:190} INFO - [2024-10-27T00:19:01.771+0000] {dag.py:4180} INFO - Setting next_dagrun for tutorial_dag to None, run_after=None
[2024-10-27T00:19:01.791+0000] {processor.py:208} INFO - Processing /home/airflow/.local/lib/python3.12/site-packages/airflow/example_dags/tutorial_dag.py took 0.081 seconds
[2024-10-27T00:19:34.698+0000] {processor.py:186} INFO - Started process (PID=49475) to work on /home/airflow/.local/lib/python3.12/site-packages/airflow/example_dags/tutorial_dag.py
[2024-10-27T00:19:34.700+0000] {processor.py:914} INFO - Processing file /home/airflow/.local/lib/python3.12/site-packages/airflow/example_dags/tutorial_dag.py for tasks to queue
[2024-10-27T00:19:34.704+0000] {logging_mixin.py:190} INFO - [2024-10-27T00:19:34.703+0000] {dagbag.py:588} INFO - Filling up the DagBag from /home/airflow/.local/lib/python3.12/site-packages/airflow/example_dags/tutorial_dag.py
[2024-10-27T00:19:34.711+0000] {processor.py:925} INFO - DAG(s) 'tutorial_dag' retrieved from /home/airflow/.local/lib/python3.12/site-packages/airflow/example_dags/tutorial_dag.py
[2024-10-27T00:19:34.734+0000] {logging_mixin.py:190} INFO - [2024-10-27T00:19:34.734+0000] {dag.py:3239} INFO - Sync 1 DAGs
[2024-10-27T00:19:34.747+0000] {logging_mixin.py:190} INFO - [2024-10-27T00:19:34.747+0000] {dag.py:4180} INFO - Setting next_dagrun for tutorial_dag to None, run_after=None
[2024-10-27T00:19:34.769+0000] {processor.py:208} INFO - Processing /home/airflow/.local/lib/python3.12/site-packages/airflow/example_dags/tutorial_dag.py took 0.076 seconds
[2024-10-27T00:20:07.289+0000] {processor.py:186} INFO - Started process (PID=49539) to work on /home/airflow/.local/lib/python3.12/site-packages/airflow/example_dags/tutorial_dag.py
[2024-10-27T00:20:07.291+0000] {processor.py:914} INFO - Processing file /home/airflow/.local/lib/python3.12/site-packages/airflow/example_dags/tutorial_dag.py for tasks to queue
[2024-10-27T00:20:07.298+0000] {logging_mixin.py:190} INFO - [2024-10-27T00:20:07.297+0000] {dagbag.py:588} INFO - Filling up the DagBag from /home/airflow/.local/lib/python3.12/site-packages/airflow/example_dags/tutorial_dag.py
[2024-10-27T00:20:07.306+0000] {processor.py:925} INFO - DAG(s) 'tutorial_dag' retrieved from /home/airflow/.local/lib/python3.12/site-packages/airflow/example_dags/tutorial_dag.py
[2024-10-27T00:20:07.328+0000] {logging_mixin.py:190} INFO - [2024-10-27T00:20:07.328+0000] {dag.py:3239} INFO - Sync 1 DAGs
[2024-10-27T00:20:07.344+0000] {logging_mixin.py:190} INFO - [2024-10-27T00:20:07.344+0000] {dag.py:4180} INFO - Setting next_dagrun for tutorial_dag to None, run_after=None
[2024-10-27T00:20:07.364+0000] {processor.py:208} INFO - Processing /home/airflow/.local/lib/python3.12/site-packages/airflow/example_dags/tutorial_dag.py took 0.082 seconds
[2024-10-27T00:20:39.860+0000] {processor.py:186} INFO - Started process (PID=49603) to work on /home/airflow/.local/lib/python3.12/site-packages/airflow/example_dags/tutorial_dag.py
[2024-10-27T00:20:39.862+0000] {processor.py:914} INFO - Processing file /home/airflow/.local/lib/python3.12/site-packages/airflow/example_dags/tutorial_dag.py for tasks to queue
[2024-10-27T00:20:39.865+0000] {logging_mixin.py:190} INFO - [2024-10-27T00:20:39.864+0000] {dagbag.py:588} INFO - Filling up the DagBag from /home/airflow/.local/lib/python3.12/site-packages/airflow/example_dags/tutorial_dag.py
[2024-10-27T00:20:39.879+0000] {processor.py:925} INFO - DAG(s) 'tutorial_dag' retrieved from /home/airflow/.local/lib/python3.12/site-packages/airflow/example_dags/tutorial_dag.py
[2024-10-27T00:20:39.903+0000] {logging_mixin.py:190} INFO - [2024-10-27T00:20:39.903+0000] {dag.py:3239} INFO - Sync 1 DAGs
[2024-10-27T00:20:39.919+0000] {logging_mixin.py:190} INFO - [2024-10-27T00:20:39.919+0000] {dag.py:4180} INFO - Setting next_dagrun for tutorial_dag to None, run_after=None
[2024-10-27T00:20:39.940+0000] {processor.py:208} INFO - Processing /home/airflow/.local/lib/python3.12/site-packages/airflow/example_dags/tutorial_dag.py took 0.086 seconds
[2024-10-27T00:21:12.529+0000] {processor.py:186} INFO - Started process (PID=49667) to work on /home/airflow/.local/lib/python3.12/site-packages/airflow/example_dags/tutorial_dag.py
[2024-10-27T00:21:12.531+0000] {processor.py:914} INFO - Processing file /home/airflow/.local/lib/python3.12/site-packages/airflow/example_dags/tutorial_dag.py for tasks to queue
[2024-10-27T00:21:12.533+0000] {logging_mixin.py:190} INFO - [2024-10-27T00:21:12.533+0000] {dagbag.py:588} INFO - Filling up the DagBag from /home/airflow/.local/lib/python3.12/site-packages/airflow/example_dags/tutorial_dag.py
[2024-10-27T00:21:12.547+0000] {processor.py:925} INFO - DAG(s) 'tutorial_dag' retrieved from /home/airflow/.local/lib/python3.12/site-packages/airflow/example_dags/tutorial_dag.py
[2024-10-27T00:21:12.575+0000] {logging_mixin.py:190} INFO - [2024-10-27T00:21:12.574+0000] {dag.py:3239} INFO - Sync 1 DAGs
[2024-10-27T00:21:12.591+0000] {logging_mixin.py:190} INFO - [2024-10-27T00:21:12.591+0000] {dag.py:4180} INFO - Setting next_dagrun for tutorial_dag to None, run_after=None
[2024-10-27T00:21:12.613+0000] {processor.py:208} INFO - Processing /home/airflow/.local/lib/python3.12/site-packages/airflow/example_dags/tutorial_dag.py took 0.090 seconds
[2024-10-27T00:21:46.695+0000] {processor.py:186} INFO - Started process (PID=49731) to work on /home/airflow/.local/lib/python3.12/site-packages/airflow/example_dags/tutorial_dag.py
[2024-10-27T00:21:46.698+0000] {processor.py:914} INFO - Processing file /home/airflow/.local/lib/python3.12/site-packages/airflow/example_dags/tutorial_dag.py for tasks to queue
[2024-10-27T00:21:46.701+0000] {logging_mixin.py:190} INFO - [2024-10-27T00:21:46.700+0000] {dagbag.py:588} INFO - Filling up the DagBag from /home/airflow/.local/lib/python3.12/site-packages/airflow/example_dags/tutorial_dag.py
[2024-10-27T00:21:46.710+0000] {processor.py:925} INFO - DAG(s) 'tutorial_dag' retrieved from /home/airflow/.local/lib/python3.12/site-packages/airflow/example_dags/tutorial_dag.py
[2024-10-27T00:21:46.731+0000] {logging_mixin.py:190} INFO - [2024-10-27T00:21:46.731+0000] {dag.py:3239} INFO - Sync 1 DAGs
[2024-10-27T00:21:46.746+0000] {logging_mixin.py:190} INFO - [2024-10-27T00:21:46.745+0000] {dag.py:4180} INFO - Setting next_dagrun for tutorial_dag to None, run_after=None
[2024-10-27T00:21:46.772+0000] {processor.py:208} INFO - Processing /home/airflow/.local/lib/python3.12/site-packages/airflow/example_dags/tutorial_dag.py took 0.084 seconds
[2024-10-27T00:22:18.241+0000] {processor.py:186} INFO - Started process (PID=49795) to work on /home/airflow/.local/lib/python3.12/site-packages/airflow/example_dags/tutorial_dag.py
[2024-10-27T00:22:18.243+0000] {processor.py:914} INFO - Processing file /home/airflow/.local/lib/python3.12/site-packages/airflow/example_dags/tutorial_dag.py for tasks to queue
[2024-10-27T00:22:18.246+0000] {logging_mixin.py:190} INFO - [2024-10-27T00:22:18.246+0000] {dagbag.py:588} INFO - Filling up the DagBag from /home/airflow/.local/lib/python3.12/site-packages/airflow/example_dags/tutorial_dag.py
[2024-10-27T00:22:18.263+0000] {processor.py:925} INFO - DAG(s) 'tutorial_dag' retrieved from /home/airflow/.local/lib/python3.12/site-packages/airflow/example_dags/tutorial_dag.py
[2024-10-27T00:22:18.294+0000] {logging_mixin.py:190} INFO - [2024-10-27T00:22:18.293+0000] {dag.py:3239} INFO - Sync 1 DAGs
[2024-10-27T00:22:18.318+0000] {logging_mixin.py:190} INFO - [2024-10-27T00:22:18.318+0000] {dag.py:4180} INFO - Setting next_dagrun for tutorial_dag to None, run_after=None
[2024-10-27T00:22:18.348+0000] {processor.py:208} INFO - Processing /home/airflow/.local/lib/python3.12/site-packages/airflow/example_dags/tutorial_dag.py took 0.116 seconds
[2024-10-27T00:22:51.224+0000] {processor.py:186} INFO - Started process (PID=49859) to work on /home/airflow/.local/lib/python3.12/site-packages/airflow/example_dags/tutorial_dag.py
[2024-10-27T00:22:51.225+0000] {processor.py:914} INFO - Processing file /home/airflow/.local/lib/python3.12/site-packages/airflow/example_dags/tutorial_dag.py for tasks to queue
[2024-10-27T00:22:51.229+0000] {logging_mixin.py:190} INFO - [2024-10-27T00:22:51.228+0000] {dagbag.py:588} INFO - Filling up the DagBag from /home/airflow/.local/lib/python3.12/site-packages/airflow/example_dags/tutorial_dag.py
[2024-10-27T00:22:51.238+0000] {processor.py:925} INFO - DAG(s) 'tutorial_dag' retrieved from /home/airflow/.local/lib/python3.12/site-packages/airflow/example_dags/tutorial_dag.py
[2024-10-27T00:22:51.261+0000] {logging_mixin.py:190} INFO - [2024-10-27T00:22:51.260+0000] {dag.py:3239} INFO - Sync 1 DAGs
[2024-10-27T00:22:51.279+0000] {logging_mixin.py:190} INFO - [2024-10-27T00:22:51.279+0000] {dag.py:4180} INFO - Setting next_dagrun for tutorial_dag to None, run_after=None
[2024-10-27T00:22:51.299+0000] {processor.py:208} INFO - Processing /home/airflow/.local/lib/python3.12/site-packages/airflow/example_dags/tutorial_dag.py took 0.081 seconds
[2024-10-27T00:23:23.715+0000] {processor.py:186} INFO - Started process (PID=49923) to work on /home/airflow/.local/lib/python3.12/site-packages/airflow/example_dags/tutorial_dag.py
[2024-10-27T00:23:23.717+0000] {processor.py:914} INFO - Processing file /home/airflow/.local/lib/python3.12/site-packages/airflow/example_dags/tutorial_dag.py for tasks to queue
[2024-10-27T00:23:23.719+0000] {logging_mixin.py:190} INFO - [2024-10-27T00:23:23.719+0000] {dagbag.py:588} INFO - Filling up the DagBag from /home/airflow/.local/lib/python3.12/site-packages/airflow/example_dags/tutorial_dag.py
[2024-10-27T00:23:23.726+0000] {processor.py:925} INFO - DAG(s) 'tutorial_dag' retrieved from /home/airflow/.local/lib/python3.12/site-packages/airflow/example_dags/tutorial_dag.py
[2024-10-27T00:23:23.744+0000] {logging_mixin.py:190} INFO - [2024-10-27T00:23:23.744+0000] {dag.py:3239} INFO - Sync 1 DAGs
[2024-10-27T00:23:23.758+0000] {logging_mixin.py:190} INFO - [2024-10-27T00:23:23.757+0000] {dag.py:4180} INFO - Setting next_dagrun for tutorial_dag to None, run_after=None
[2024-10-27T00:23:23.781+0000] {processor.py:208} INFO - Processing /home/airflow/.local/lib/python3.12/site-packages/airflow/example_dags/tutorial_dag.py took 0.072 seconds
[2024-10-27T00:23:55.861+0000] {processor.py:186} INFO - Started process (PID=49987) to work on /home/airflow/.local/lib/python3.12/site-packages/airflow/example_dags/tutorial_dag.py
[2024-10-27T00:23:55.862+0000] {processor.py:914} INFO - Processing file /home/airflow/.local/lib/python3.12/site-packages/airflow/example_dags/tutorial_dag.py for tasks to queue
[2024-10-27T00:23:55.865+0000] {logging_mixin.py:190} INFO - [2024-10-27T00:23:55.865+0000] {dagbag.py:588} INFO - Filling up the DagBag from /home/airflow/.local/lib/python3.12/site-packages/airflow/example_dags/tutorial_dag.py
[2024-10-27T00:23:55.873+0000] {processor.py:925} INFO - DAG(s) 'tutorial_dag' retrieved from /home/airflow/.local/lib/python3.12/site-packages/airflow/example_dags/tutorial_dag.py
[2024-10-27T00:23:55.893+0000] {logging_mixin.py:190} INFO - [2024-10-27T00:23:55.892+0000] {dag.py:3239} INFO - Sync 1 DAGs
[2024-10-27T00:23:55.906+0000] {logging_mixin.py:190} INFO - [2024-10-27T00:23:55.906+0000] {dag.py:4180} INFO - Setting next_dagrun for tutorial_dag to None, run_after=None
[2024-10-27T00:23:55.927+0000] {processor.py:208} INFO - Processing /home/airflow/.local/lib/python3.12/site-packages/airflow/example_dags/tutorial_dag.py took 0.075 seconds
[2024-10-27T00:24:29.021+0000] {processor.py:186} INFO - Started process (PID=50051) to work on /home/airflow/.local/lib/python3.12/site-packages/airflow/example_dags/tutorial_dag.py
[2024-10-27T00:24:29.022+0000] {processor.py:914} INFO - Processing file /home/airflow/.local/lib/python3.12/site-packages/airflow/example_dags/tutorial_dag.py for tasks to queue
[2024-10-27T00:24:29.025+0000] {logging_mixin.py:190} INFO - [2024-10-27T00:24:29.024+0000] {dagbag.py:588} INFO - Filling up the DagBag from /home/airflow/.local/lib/python3.12/site-packages/airflow/example_dags/tutorial_dag.py
[2024-10-27T00:24:29.031+0000] {processor.py:925} INFO - DAG(s) 'tutorial_dag' retrieved from /home/airflow/.local/lib/python3.12/site-packages/airflow/example_dags/tutorial_dag.py
[2024-10-27T00:24:29.051+0000] {logging_mixin.py:190} INFO - [2024-10-27T00:24:29.051+0000] {dag.py:3239} INFO - Sync 1 DAGs
[2024-10-27T00:24:29.066+0000] {logging_mixin.py:190} INFO - [2024-10-27T00:24:29.066+0000] {dag.py:4180} INFO - Setting next_dagrun for tutorial_dag to None, run_after=None
[2024-10-27T00:24:29.087+0000] {processor.py:208} INFO - Processing /home/airflow/.local/lib/python3.12/site-packages/airflow/example_dags/tutorial_dag.py took 0.074 seconds
[2024-10-27T00:25:01.606+0000] {processor.py:186} INFO - Started process (PID=50115) to work on /home/airflow/.local/lib/python3.12/site-packages/airflow/example_dags/tutorial_dag.py
[2024-10-27T00:25:01.607+0000] {processor.py:914} INFO - Processing file /home/airflow/.local/lib/python3.12/site-packages/airflow/example_dags/tutorial_dag.py for tasks to queue
[2024-10-27T00:25:01.609+0000] {logging_mixin.py:190} INFO - [2024-10-27T00:25:01.609+0000] {dagbag.py:588} INFO - Filling up the DagBag from /home/airflow/.local/lib/python3.12/site-packages/airflow/example_dags/tutorial_dag.py
[2024-10-27T00:25:01.620+0000] {processor.py:925} INFO - DAG(s) 'tutorial_dag' retrieved from /home/airflow/.local/lib/python3.12/site-packages/airflow/example_dags/tutorial_dag.py
[2024-10-27T00:25:01.642+0000] {logging_mixin.py:190} INFO - [2024-10-27T00:25:01.641+0000] {dag.py:3239} INFO - Sync 1 DAGs
[2024-10-27T00:25:01.658+0000] {logging_mixin.py:190} INFO - [2024-10-27T00:25:01.658+0000] {dag.py:4180} INFO - Setting next_dagrun for tutorial_dag to None, run_after=None
[2024-10-27T00:25:01.680+0000] {processor.py:208} INFO - Processing /home/airflow/.local/lib/python3.12/site-packages/airflow/example_dags/tutorial_dag.py took 0.081 seconds
[2024-10-27T00:25:35.587+0000] {processor.py:186} INFO - Started process (PID=50179) to work on /home/airflow/.local/lib/python3.12/site-packages/airflow/example_dags/tutorial_dag.py
[2024-10-27T00:25:35.588+0000] {processor.py:914} INFO - Processing file /home/airflow/.local/lib/python3.12/site-packages/airflow/example_dags/tutorial_dag.py for tasks to queue
[2024-10-27T00:25:35.591+0000] {logging_mixin.py:190} INFO - [2024-10-27T00:25:35.590+0000] {dagbag.py:588} INFO - Filling up the DagBag from /home/airflow/.local/lib/python3.12/site-packages/airflow/example_dags/tutorial_dag.py
[2024-10-27T00:25:35.599+0000] {processor.py:925} INFO - DAG(s) 'tutorial_dag' retrieved from /home/airflow/.local/lib/python3.12/site-packages/airflow/example_dags/tutorial_dag.py
[2024-10-27T00:25:35.619+0000] {logging_mixin.py:190} INFO - [2024-10-27T00:25:35.618+0000] {dag.py:3239} INFO - Sync 1 DAGs
[2024-10-27T00:25:35.633+0000] {logging_mixin.py:190} INFO - [2024-10-27T00:25:35.633+0000] {dag.py:4180} INFO - Setting next_dagrun for tutorial_dag to None, run_after=None
[2024-10-27T00:25:35.652+0000] {processor.py:208} INFO - Processing /home/airflow/.local/lib/python3.12/site-packages/airflow/example_dags/tutorial_dag.py took 0.070 seconds
[2024-10-27T00:26:07.490+0000] {processor.py:186} INFO - Started process (PID=50243) to work on /home/airflow/.local/lib/python3.12/site-packages/airflow/example_dags/tutorial_dag.py
[2024-10-27T00:26:07.491+0000] {processor.py:914} INFO - Processing file /home/airflow/.local/lib/python3.12/site-packages/airflow/example_dags/tutorial_dag.py for tasks to queue
[2024-10-27T00:26:07.495+0000] {logging_mixin.py:190} INFO - [2024-10-27T00:26:07.494+0000] {dagbag.py:588} INFO - Filling up the DagBag from /home/airflow/.local/lib/python3.12/site-packages/airflow/example_dags/tutorial_dag.py
[2024-10-27T00:26:07.503+0000] {processor.py:925} INFO - DAG(s) 'tutorial_dag' retrieved from /home/airflow/.local/lib/python3.12/site-packages/airflow/example_dags/tutorial_dag.py
[2024-10-27T00:26:07.526+0000] {logging_mixin.py:190} INFO - [2024-10-27T00:26:07.526+0000] {dag.py:3239} INFO - Sync 1 DAGs
[2024-10-27T00:26:07.540+0000] {logging_mixin.py:190} INFO - [2024-10-27T00:26:07.540+0000] {dag.py:4180} INFO - Setting next_dagrun for tutorial_dag to None, run_after=None
[2024-10-27T00:26:07.561+0000] {processor.py:208} INFO - Processing /home/airflow/.local/lib/python3.12/site-packages/airflow/example_dags/tutorial_dag.py took 0.078 seconds
[2024-10-27T00:26:39.669+0000] {processor.py:186} INFO - Started process (PID=50307) to work on /home/airflow/.local/lib/python3.12/site-packages/airflow/example_dags/tutorial_dag.py
[2024-10-27T00:26:39.670+0000] {processor.py:914} INFO - Processing file /home/airflow/.local/lib/python3.12/site-packages/airflow/example_dags/tutorial_dag.py for tasks to queue
[2024-10-27T00:26:39.673+0000] {logging_mixin.py:190} INFO - [2024-10-27T00:26:39.673+0000] {dagbag.py:588} INFO - Filling up the DagBag from /home/airflow/.local/lib/python3.12/site-packages/airflow/example_dags/tutorial_dag.py
[2024-10-27T00:26:39.684+0000] {processor.py:925} INFO - DAG(s) 'tutorial_dag' retrieved from /home/airflow/.local/lib/python3.12/site-packages/airflow/example_dags/tutorial_dag.py
[2024-10-27T00:26:39.706+0000] {logging_mixin.py:190} INFO - [2024-10-27T00:26:39.705+0000] {dag.py:3239} INFO - Sync 1 DAGs
[2024-10-27T00:26:39.724+0000] {logging_mixin.py:190} INFO - [2024-10-27T00:26:39.724+0000] {dag.py:4180} INFO - Setting next_dagrun for tutorial_dag to None, run_after=None
[2024-10-27T00:26:39.755+0000] {processor.py:208} INFO - Processing /home/airflow/.local/lib/python3.12/site-packages/airflow/example_dags/tutorial_dag.py took 0.096 seconds
[2024-10-27T00:27:13.208+0000] {processor.py:186} INFO - Started process (PID=50371) to work on /home/airflow/.local/lib/python3.12/site-packages/airflow/example_dags/tutorial_dag.py
[2024-10-27T00:27:13.209+0000] {processor.py:914} INFO - Processing file /home/airflow/.local/lib/python3.12/site-packages/airflow/example_dags/tutorial_dag.py for tasks to queue
[2024-10-27T00:27:13.217+0000] {logging_mixin.py:190} INFO - [2024-10-27T00:27:13.216+0000] {dagbag.py:588} INFO - Filling up the DagBag from /home/airflow/.local/lib/python3.12/site-packages/airflow/example_dags/tutorial_dag.py
[2024-10-27T00:27:13.237+0000] {processor.py:925} INFO - DAG(s) 'tutorial_dag' retrieved from /home/airflow/.local/lib/python3.12/site-packages/airflow/example_dags/tutorial_dag.py
[2024-10-27T00:27:13.275+0000] {logging_mixin.py:190} INFO - [2024-10-27T00:27:13.275+0000] {dag.py:3239} INFO - Sync 1 DAGs
[2024-10-27T00:27:13.310+0000] {logging_mixin.py:190} INFO - [2024-10-27T00:27:13.309+0000] {dag.py:4180} INFO - Setting next_dagrun for tutorial_dag to None, run_after=None
[2024-10-27T00:27:13.354+0000] {processor.py:208} INFO - Processing /home/airflow/.local/lib/python3.12/site-packages/airflow/example_dags/tutorial_dag.py took 0.156 seconds
[2024-10-27T00:27:46.173+0000] {processor.py:186} INFO - Started process (PID=50435) to work on /home/airflow/.local/lib/python3.12/site-packages/airflow/example_dags/tutorial_dag.py
[2024-10-27T00:27:46.175+0000] {processor.py:914} INFO - Processing file /home/airflow/.local/lib/python3.12/site-packages/airflow/example_dags/tutorial_dag.py for tasks to queue
[2024-10-27T00:27:46.180+0000] {logging_mixin.py:190} INFO - [2024-10-27T00:27:46.179+0000] {dagbag.py:588} INFO - Filling up the DagBag from /home/airflow/.local/lib/python3.12/site-packages/airflow/example_dags/tutorial_dag.py
[2024-10-27T00:27:46.193+0000] {processor.py:925} INFO - DAG(s) 'tutorial_dag' retrieved from /home/airflow/.local/lib/python3.12/site-packages/airflow/example_dags/tutorial_dag.py
[2024-10-27T00:27:46.230+0000] {logging_mixin.py:190} INFO - [2024-10-27T00:27:46.230+0000] {dag.py:3239} INFO - Sync 1 DAGs
[2024-10-27T00:27:46.264+0000] {logging_mixin.py:190} INFO - [2024-10-27T00:27:46.263+0000] {dag.py:4180} INFO - Setting next_dagrun for tutorial_dag to None, run_after=None
[2024-10-27T00:27:46.305+0000] {processor.py:208} INFO - Processing /home/airflow/.local/lib/python3.12/site-packages/airflow/example_dags/tutorial_dag.py took 0.146 seconds
[2024-10-27T00:28:17.943+0000] {processor.py:186} INFO - Started process (PID=50499) to work on /home/airflow/.local/lib/python3.12/site-packages/airflow/example_dags/tutorial_dag.py
[2024-10-27T00:28:17.944+0000] {processor.py:914} INFO - Processing file /home/airflow/.local/lib/python3.12/site-packages/airflow/example_dags/tutorial_dag.py for tasks to queue
[2024-10-27T00:28:17.946+0000] {logging_mixin.py:190} INFO - [2024-10-27T00:28:17.946+0000] {dagbag.py:588} INFO - Filling up the DagBag from /home/airflow/.local/lib/python3.12/site-packages/airflow/example_dags/tutorial_dag.py
[2024-10-27T00:28:17.954+0000] {processor.py:925} INFO - DAG(s) 'tutorial_dag' retrieved from /home/airflow/.local/lib/python3.12/site-packages/airflow/example_dags/tutorial_dag.py
[2024-10-27T00:28:17.974+0000] {logging_mixin.py:190} INFO - [2024-10-27T00:28:17.974+0000] {dag.py:3239} INFO - Sync 1 DAGs
[2024-10-27T00:28:17.989+0000] {logging_mixin.py:190} INFO - [2024-10-27T00:28:17.989+0000] {dag.py:4180} INFO - Setting next_dagrun for tutorial_dag to None, run_after=None
[2024-10-27T00:28:18.010+0000] {processor.py:208} INFO - Processing /home/airflow/.local/lib/python3.12/site-packages/airflow/example_dags/tutorial_dag.py took 0.072 seconds
[2024-10-27T00:28:51.205+0000] {processor.py:186} INFO - Started process (PID=50563) to work on /home/airflow/.local/lib/python3.12/site-packages/airflow/example_dags/tutorial_dag.py
[2024-10-27T00:28:51.206+0000] {processor.py:914} INFO - Processing file /home/airflow/.local/lib/python3.12/site-packages/airflow/example_dags/tutorial_dag.py for tasks to queue
[2024-10-27T00:28:51.209+0000] {logging_mixin.py:190} INFO - [2024-10-27T00:28:51.208+0000] {dagbag.py:588} INFO - Filling up the DagBag from /home/airflow/.local/lib/python3.12/site-packages/airflow/example_dags/tutorial_dag.py
[2024-10-27T00:28:51.216+0000] {processor.py:925} INFO - DAG(s) 'tutorial_dag' retrieved from /home/airflow/.local/lib/python3.12/site-packages/airflow/example_dags/tutorial_dag.py
[2024-10-27T00:28:51.234+0000] {logging_mixin.py:190} INFO - [2024-10-27T00:28:51.234+0000] {dag.py:3239} INFO - Sync 1 DAGs
[2024-10-27T00:28:51.247+0000] {logging_mixin.py:190} INFO - [2024-10-27T00:28:51.247+0000] {dag.py:4180} INFO - Setting next_dagrun for tutorial_dag to None, run_after=None
[2024-10-27T00:28:51.267+0000] {processor.py:208} INFO - Processing /home/airflow/.local/lib/python3.12/site-packages/airflow/example_dags/tutorial_dag.py took 0.069 seconds
[2024-10-27T00:29:23.212+0000] {processor.py:186} INFO - Started process (PID=50627) to work on /home/airflow/.local/lib/python3.12/site-packages/airflow/example_dags/tutorial_dag.py
[2024-10-27T00:29:23.213+0000] {processor.py:914} INFO - Processing file /home/airflow/.local/lib/python3.12/site-packages/airflow/example_dags/tutorial_dag.py for tasks to queue
[2024-10-27T00:29:23.216+0000] {logging_mixin.py:190} INFO - [2024-10-27T00:29:23.216+0000] {dagbag.py:588} INFO - Filling up the DagBag from /home/airflow/.local/lib/python3.12/site-packages/airflow/example_dags/tutorial_dag.py
[2024-10-27T00:29:23.224+0000] {processor.py:925} INFO - DAG(s) 'tutorial_dag' retrieved from /home/airflow/.local/lib/python3.12/site-packages/airflow/example_dags/tutorial_dag.py
[2024-10-27T00:29:23.246+0000] {logging_mixin.py:190} INFO - [2024-10-27T00:29:23.245+0000] {dag.py:3239} INFO - Sync 1 DAGs
[2024-10-27T00:29:23.260+0000] {logging_mixin.py:190} INFO - [2024-10-27T00:29:23.260+0000] {dag.py:4180} INFO - Setting next_dagrun for tutorial_dag to None, run_after=None
[2024-10-27T00:29:23.284+0000] {processor.py:208} INFO - Processing /home/airflow/.local/lib/python3.12/site-packages/airflow/example_dags/tutorial_dag.py took 0.078 seconds
[2024-10-27T00:29:56.226+0000] {processor.py:186} INFO - Started process (PID=50692) to work on /home/airflow/.local/lib/python3.12/site-packages/airflow/example_dags/tutorial_dag.py
[2024-10-27T00:29:56.227+0000] {processor.py:914} INFO - Processing file /home/airflow/.local/lib/python3.12/site-packages/airflow/example_dags/tutorial_dag.py for tasks to queue
[2024-10-27T00:29:56.230+0000] {logging_mixin.py:190} INFO - [2024-10-27T00:29:56.230+0000] {dagbag.py:588} INFO - Filling up the DagBag from /home/airflow/.local/lib/python3.12/site-packages/airflow/example_dags/tutorial_dag.py
[2024-10-27T00:29:56.236+0000] {processor.py:925} INFO - DAG(s) 'tutorial_dag' retrieved from /home/airflow/.local/lib/python3.12/site-packages/airflow/example_dags/tutorial_dag.py
[2024-10-27T00:29:56.255+0000] {logging_mixin.py:190} INFO - [2024-10-27T00:29:56.255+0000] {dag.py:3239} INFO - Sync 1 DAGs
[2024-10-27T00:29:56.269+0000] {logging_mixin.py:190} INFO - [2024-10-27T00:29:56.269+0000] {dag.py:4180} INFO - Setting next_dagrun for tutorial_dag to None, run_after=None
[2024-10-27T00:29:56.290+0000] {processor.py:208} INFO - Processing /home/airflow/.local/lib/python3.12/site-packages/airflow/example_dags/tutorial_dag.py took 0.071 seconds
[2024-10-27T00:30:28.548+0000] {processor.py:186} INFO - Started process (PID=50756) to work on /home/airflow/.local/lib/python3.12/site-packages/airflow/example_dags/tutorial_dag.py
[2024-10-27T00:30:28.550+0000] {processor.py:914} INFO - Processing file /home/airflow/.local/lib/python3.12/site-packages/airflow/example_dags/tutorial_dag.py for tasks to queue
[2024-10-27T00:30:28.552+0000] {logging_mixin.py:190} INFO - [2024-10-27T00:30:28.552+0000] {dagbag.py:588} INFO - Filling up the DagBag from /home/airflow/.local/lib/python3.12/site-packages/airflow/example_dags/tutorial_dag.py
[2024-10-27T00:30:28.560+0000] {processor.py:925} INFO - DAG(s) 'tutorial_dag' retrieved from /home/airflow/.local/lib/python3.12/site-packages/airflow/example_dags/tutorial_dag.py
[2024-10-27T00:30:28.578+0000] {logging_mixin.py:190} INFO - [2024-10-27T00:30:28.578+0000] {dag.py:3239} INFO - Sync 1 DAGs
[2024-10-27T00:30:28.594+0000] {logging_mixin.py:190} INFO - [2024-10-27T00:30:28.594+0000] {dag.py:4180} INFO - Setting next_dagrun for tutorial_dag to None, run_after=None
[2024-10-27T00:30:28.616+0000] {processor.py:208} INFO - Processing /home/airflow/.local/lib/python3.12/site-packages/airflow/example_dags/tutorial_dag.py took 0.076 seconds
[2024-10-27T00:31:01.792+0000] {processor.py:186} INFO - Started process (PID=50820) to work on /home/airflow/.local/lib/python3.12/site-packages/airflow/example_dags/tutorial_dag.py
[2024-10-27T00:31:01.794+0000] {processor.py:914} INFO - Processing file /home/airflow/.local/lib/python3.12/site-packages/airflow/example_dags/tutorial_dag.py for tasks to queue
[2024-10-27T00:31:01.796+0000] {logging_mixin.py:190} INFO - [2024-10-27T00:31:01.796+0000] {dagbag.py:588} INFO - Filling up the DagBag from /home/airflow/.local/lib/python3.12/site-packages/airflow/example_dags/tutorial_dag.py
[2024-10-27T00:31:01.806+0000] {processor.py:925} INFO - DAG(s) 'tutorial_dag' retrieved from /home/airflow/.local/lib/python3.12/site-packages/airflow/example_dags/tutorial_dag.py
[2024-10-27T00:31:01.825+0000] {logging_mixin.py:190} INFO - [2024-10-27T00:31:01.825+0000] {dag.py:3239} INFO - Sync 1 DAGs
[2024-10-27T00:31:01.838+0000] {logging_mixin.py:190} INFO - [2024-10-27T00:31:01.838+0000] {dag.py:4180} INFO - Setting next_dagrun for tutorial_dag to None, run_after=None
[2024-10-27T00:31:01.861+0000] {processor.py:208} INFO - Processing /home/airflow/.local/lib/python3.12/site-packages/airflow/example_dags/tutorial_dag.py took 0.075 seconds
[2024-10-27T00:31:36.558+0000] {processor.py:186} INFO - Started process (PID=50884) to work on /home/airflow/.local/lib/python3.12/site-packages/airflow/example_dags/tutorial_dag.py
[2024-10-27T00:31:36.560+0000] {processor.py:914} INFO - Processing file /home/airflow/.local/lib/python3.12/site-packages/airflow/example_dags/tutorial_dag.py for tasks to queue
[2024-10-27T00:31:36.563+0000] {logging_mixin.py:190} INFO - [2024-10-27T00:31:36.563+0000] {dagbag.py:588} INFO - Filling up the DagBag from /home/airflow/.local/lib/python3.12/site-packages/airflow/example_dags/tutorial_dag.py
[2024-10-27T00:31:36.576+0000] {processor.py:925} INFO - DAG(s) 'tutorial_dag' retrieved from /home/airflow/.local/lib/python3.12/site-packages/airflow/example_dags/tutorial_dag.py
[2024-10-27T00:31:36.607+0000] {logging_mixin.py:190} INFO - [2024-10-27T00:31:36.606+0000] {dag.py:3239} INFO - Sync 1 DAGs
[2024-10-27T00:31:36.634+0000] {logging_mixin.py:190} INFO - [2024-10-27T00:31:36.634+0000] {dag.py:4180} INFO - Setting next_dagrun for tutorial_dag to None, run_after=None
[2024-10-27T00:31:36.667+0000] {processor.py:208} INFO - Processing /home/airflow/.local/lib/python3.12/site-packages/airflow/example_dags/tutorial_dag.py took 0.120 seconds
[2024-10-27T00:32:07.316+0000] {processor.py:186} INFO - Started process (PID=50949) to work on /home/airflow/.local/lib/python3.12/site-packages/airflow/example_dags/tutorial_dag.py
[2024-10-27T00:32:07.317+0000] {processor.py:914} INFO - Processing file /home/airflow/.local/lib/python3.12/site-packages/airflow/example_dags/tutorial_dag.py for tasks to queue
[2024-10-27T00:32:07.320+0000] {logging_mixin.py:190} INFO - [2024-10-27T00:32:07.319+0000] {dagbag.py:588} INFO - Filling up the DagBag from /home/airflow/.local/lib/python3.12/site-packages/airflow/example_dags/tutorial_dag.py
[2024-10-27T00:32:07.330+0000] {processor.py:925} INFO - DAG(s) 'tutorial_dag' retrieved from /home/airflow/.local/lib/python3.12/site-packages/airflow/example_dags/tutorial_dag.py
[2024-10-27T00:32:07.350+0000] {logging_mixin.py:190} INFO - [2024-10-27T00:32:07.350+0000] {dag.py:3239} INFO - Sync 1 DAGs
[2024-10-27T00:32:07.366+0000] {logging_mixin.py:190} INFO - [2024-10-27T00:32:07.366+0000] {dag.py:4180} INFO - Setting next_dagrun for tutorial_dag to None, run_after=None
[2024-10-27T00:32:07.387+0000] {processor.py:208} INFO - Processing /home/airflow/.local/lib/python3.12/site-packages/airflow/example_dags/tutorial_dag.py took 0.078 seconds
[2024-10-27T00:32:39.612+0000] {processor.py:186} INFO - Started process (PID=51013) to work on /home/airflow/.local/lib/python3.12/site-packages/airflow/example_dags/tutorial_dag.py
[2024-10-27T00:32:39.613+0000] {processor.py:914} INFO - Processing file /home/airflow/.local/lib/python3.12/site-packages/airflow/example_dags/tutorial_dag.py for tasks to queue
[2024-10-27T00:32:39.615+0000] {logging_mixin.py:190} INFO - [2024-10-27T00:32:39.615+0000] {dagbag.py:588} INFO - Filling up the DagBag from /home/airflow/.local/lib/python3.12/site-packages/airflow/example_dags/tutorial_dag.py
[2024-10-27T00:32:39.622+0000] {processor.py:925} INFO - DAG(s) 'tutorial_dag' retrieved from /home/airflow/.local/lib/python3.12/site-packages/airflow/example_dags/tutorial_dag.py
[2024-10-27T00:32:39.645+0000] {logging_mixin.py:190} INFO - [2024-10-27T00:32:39.644+0000] {dag.py:3239} INFO - Sync 1 DAGs
[2024-10-27T00:32:39.660+0000] {logging_mixin.py:190} INFO - [2024-10-27T00:32:39.659+0000] {dag.py:4180} INFO - Setting next_dagrun for tutorial_dag to None, run_after=None
[2024-10-27T00:32:39.679+0000] {processor.py:208} INFO - Processing /home/airflow/.local/lib/python3.12/site-packages/airflow/example_dags/tutorial_dag.py took 0.074 seconds
[2024-10-27T00:33:12.862+0000] {processor.py:186} INFO - Started process (PID=51077) to work on /home/airflow/.local/lib/python3.12/site-packages/airflow/example_dags/tutorial_dag.py
[2024-10-27T00:33:12.863+0000] {processor.py:914} INFO - Processing file /home/airflow/.local/lib/python3.12/site-packages/airflow/example_dags/tutorial_dag.py for tasks to queue
[2024-10-27T00:33:12.867+0000] {logging_mixin.py:190} INFO - [2024-10-27T00:33:12.867+0000] {dagbag.py:588} INFO - Filling up the DagBag from /home/airflow/.local/lib/python3.12/site-packages/airflow/example_dags/tutorial_dag.py
[2024-10-27T00:33:12.873+0000] {processor.py:925} INFO - DAG(s) 'tutorial_dag' retrieved from /home/airflow/.local/lib/python3.12/site-packages/airflow/example_dags/tutorial_dag.py
[2024-10-27T00:33:12.891+0000] {logging_mixin.py:190} INFO - [2024-10-27T00:33:12.890+0000] {dag.py:3239} INFO - Sync 1 DAGs
[2024-10-27T00:33:12.904+0000] {logging_mixin.py:190} INFO - [2024-10-27T00:33:12.904+0000] {dag.py:4180} INFO - Setting next_dagrun for tutorial_dag to None, run_after=None
[2024-10-27T00:33:12.924+0000] {processor.py:208} INFO - Processing /home/airflow/.local/lib/python3.12/site-packages/airflow/example_dags/tutorial_dag.py took 0.067 seconds
[2024-10-27T00:33:45.432+0000] {processor.py:186} INFO - Started process (PID=51141) to work on /home/airflow/.local/lib/python3.12/site-packages/airflow/example_dags/tutorial_dag.py
[2024-10-27T00:33:45.433+0000] {processor.py:914} INFO - Processing file /home/airflow/.local/lib/python3.12/site-packages/airflow/example_dags/tutorial_dag.py for tasks to queue
[2024-10-27T00:33:45.435+0000] {logging_mixin.py:190} INFO - [2024-10-27T00:33:45.435+0000] {dagbag.py:588} INFO - Filling up the DagBag from /home/airflow/.local/lib/python3.12/site-packages/airflow/example_dags/tutorial_dag.py
[2024-10-27T00:33:45.442+0000] {processor.py:925} INFO - DAG(s) 'tutorial_dag' retrieved from /home/airflow/.local/lib/python3.12/site-packages/airflow/example_dags/tutorial_dag.py
[2024-10-27T00:33:45.462+0000] {logging_mixin.py:190} INFO - [2024-10-27T00:33:45.462+0000] {dag.py:3239} INFO - Sync 1 DAGs
[2024-10-27T00:33:45.476+0000] {logging_mixin.py:190} INFO - [2024-10-27T00:33:45.476+0000] {dag.py:4180} INFO - Setting next_dagrun for tutorial_dag to None, run_after=None
[2024-10-27T00:33:45.498+0000] {processor.py:208} INFO - Processing /home/airflow/.local/lib/python3.12/site-packages/airflow/example_dags/tutorial_dag.py took 0.073 seconds
[2024-10-27T00:34:18.204+0000] {processor.py:186} INFO - Started process (PID=51205) to work on /home/airflow/.local/lib/python3.12/site-packages/airflow/example_dags/tutorial_dag.py
[2024-10-27T00:34:18.206+0000] {processor.py:914} INFO - Processing file /home/airflow/.local/lib/python3.12/site-packages/airflow/example_dags/tutorial_dag.py for tasks to queue
[2024-10-27T00:34:18.211+0000] {logging_mixin.py:190} INFO - [2024-10-27T00:34:18.210+0000] {dagbag.py:588} INFO - Filling up the DagBag from /home/airflow/.local/lib/python3.12/site-packages/airflow/example_dags/tutorial_dag.py
[2024-10-27T00:34:18.220+0000] {processor.py:925} INFO - DAG(s) 'tutorial_dag' retrieved from /home/airflow/.local/lib/python3.12/site-packages/airflow/example_dags/tutorial_dag.py
[2024-10-27T00:34:18.241+0000] {logging_mixin.py:190} INFO - [2024-10-27T00:34:18.241+0000] {dag.py:3239} INFO - Sync 1 DAGs
[2024-10-27T00:34:18.259+0000] {logging_mixin.py:190} INFO - [2024-10-27T00:34:18.258+0000] {dag.py:4180} INFO - Setting next_dagrun for tutorial_dag to None, run_after=None
[2024-10-27T00:34:18.302+0000] {processor.py:208} INFO - Processing /home/airflow/.local/lib/python3.12/site-packages/airflow/example_dags/tutorial_dag.py took 0.106 seconds
[2024-10-27T00:34:51.116+0000] {processor.py:186} INFO - Started process (PID=51269) to work on /home/airflow/.local/lib/python3.12/site-packages/airflow/example_dags/tutorial_dag.py
[2024-10-27T00:34:51.117+0000] {processor.py:914} INFO - Processing file /home/airflow/.local/lib/python3.12/site-packages/airflow/example_dags/tutorial_dag.py for tasks to queue
[2024-10-27T00:34:51.119+0000] {logging_mixin.py:190} INFO - [2024-10-27T00:34:51.119+0000] {dagbag.py:588} INFO - Filling up the DagBag from /home/airflow/.local/lib/python3.12/site-packages/airflow/example_dags/tutorial_dag.py
[2024-10-27T00:34:51.126+0000] {processor.py:925} INFO - DAG(s) 'tutorial_dag' retrieved from /home/airflow/.local/lib/python3.12/site-packages/airflow/example_dags/tutorial_dag.py
[2024-10-27T00:34:51.150+0000] {logging_mixin.py:190} INFO - [2024-10-27T00:34:51.150+0000] {dag.py:3239} INFO - Sync 1 DAGs
[2024-10-27T00:34:51.165+0000] {logging_mixin.py:190} INFO - [2024-10-27T00:34:51.164+0000] {dag.py:4180} INFO - Setting next_dagrun for tutorial_dag to None, run_after=None
[2024-10-27T00:34:51.187+0000] {processor.py:208} INFO - Processing /home/airflow/.local/lib/python3.12/site-packages/airflow/example_dags/tutorial_dag.py took 0.079 seconds
[2024-10-27T00:35:23.705+0000] {processor.py:186} INFO - Started process (PID=51333) to work on /home/airflow/.local/lib/python3.12/site-packages/airflow/example_dags/tutorial_dag.py
[2024-10-27T00:35:23.706+0000] {processor.py:914} INFO - Processing file /home/airflow/.local/lib/python3.12/site-packages/airflow/example_dags/tutorial_dag.py for tasks to queue
[2024-10-27T00:35:23.708+0000] {logging_mixin.py:190} INFO - [2024-10-27T00:35:23.708+0000] {dagbag.py:588} INFO - Filling up the DagBag from /home/airflow/.local/lib/python3.12/site-packages/airflow/example_dags/tutorial_dag.py
[2024-10-27T00:35:23.717+0000] {processor.py:925} INFO - DAG(s) 'tutorial_dag' retrieved from /home/airflow/.local/lib/python3.12/site-packages/airflow/example_dags/tutorial_dag.py
[2024-10-27T00:35:23.737+0000] {logging_mixin.py:190} INFO - [2024-10-27T00:35:23.737+0000] {dag.py:3239} INFO - Sync 1 DAGs
[2024-10-27T00:35:23.752+0000] {logging_mixin.py:190} INFO - [2024-10-27T00:35:23.751+0000] {dag.py:4180} INFO - Setting next_dagrun for tutorial_dag to None, run_after=None
[2024-10-27T00:35:23.776+0000] {processor.py:208} INFO - Processing /home/airflow/.local/lib/python3.12/site-packages/airflow/example_dags/tutorial_dag.py took 0.076 seconds
[2024-10-27T00:35:56.314+0000] {processor.py:186} INFO - Started process (PID=51397) to work on /home/airflow/.local/lib/python3.12/site-packages/airflow/example_dags/tutorial_dag.py
[2024-10-27T00:35:56.316+0000] {processor.py:914} INFO - Processing file /home/airflow/.local/lib/python3.12/site-packages/airflow/example_dags/tutorial_dag.py for tasks to queue
[2024-10-27T00:35:56.319+0000] {logging_mixin.py:190} INFO - [2024-10-27T00:35:56.318+0000] {dagbag.py:588} INFO - Filling up the DagBag from /home/airflow/.local/lib/python3.12/site-packages/airflow/example_dags/tutorial_dag.py
[2024-10-27T00:35:56.329+0000] {processor.py:925} INFO - DAG(s) 'tutorial_dag' retrieved from /home/airflow/.local/lib/python3.12/site-packages/airflow/example_dags/tutorial_dag.py
[2024-10-27T00:35:56.351+0000] {logging_mixin.py:190} INFO - [2024-10-27T00:35:56.351+0000] {dag.py:3239} INFO - Sync 1 DAGs
[2024-10-27T00:35:56.367+0000] {logging_mixin.py:190} INFO - [2024-10-27T00:35:56.367+0000] {dag.py:4180} INFO - Setting next_dagrun for tutorial_dag to None, run_after=None
[2024-10-27T00:35:56.392+0000] {processor.py:208} INFO - Processing /home/airflow/.local/lib/python3.12/site-packages/airflow/example_dags/tutorial_dag.py took 0.086 seconds
[2024-10-27T00:36:29.527+0000] {processor.py:186} INFO - Started process (PID=51461) to work on /home/airflow/.local/lib/python3.12/site-packages/airflow/example_dags/tutorial_dag.py
[2024-10-27T00:36:29.528+0000] {processor.py:914} INFO - Processing file /home/airflow/.local/lib/python3.12/site-packages/airflow/example_dags/tutorial_dag.py for tasks to queue
[2024-10-27T00:36:29.531+0000] {logging_mixin.py:190} INFO - [2024-10-27T00:36:29.530+0000] {dagbag.py:588} INFO - Filling up the DagBag from /home/airflow/.local/lib/python3.12/site-packages/airflow/example_dags/tutorial_dag.py
[2024-10-27T00:36:29.538+0000] {processor.py:925} INFO - DAG(s) 'tutorial_dag' retrieved from /home/airflow/.local/lib/python3.12/site-packages/airflow/example_dags/tutorial_dag.py
[2024-10-27T00:36:29.560+0000] {logging_mixin.py:190} INFO - [2024-10-27T00:36:29.559+0000] {dag.py:3239} INFO - Sync 1 DAGs
[2024-10-27T00:36:29.575+0000] {logging_mixin.py:190} INFO - [2024-10-27T00:36:29.575+0000] {dag.py:4180} INFO - Setting next_dagrun for tutorial_dag to None, run_after=None
[2024-10-27T00:36:29.599+0000] {processor.py:208} INFO - Processing /home/airflow/.local/lib/python3.12/site-packages/airflow/example_dags/tutorial_dag.py took 0.077 seconds
[2024-10-27T00:37:01.828+0000] {processor.py:186} INFO - Started process (PID=51525) to work on /home/airflow/.local/lib/python3.12/site-packages/airflow/example_dags/tutorial_dag.py
[2024-10-27T00:37:01.829+0000] {processor.py:914} INFO - Processing file /home/airflow/.local/lib/python3.12/site-packages/airflow/example_dags/tutorial_dag.py for tasks to queue
[2024-10-27T00:37:01.832+0000] {logging_mixin.py:190} INFO - [2024-10-27T00:37:01.831+0000] {dagbag.py:588} INFO - Filling up the DagBag from /home/airflow/.local/lib/python3.12/site-packages/airflow/example_dags/tutorial_dag.py
[2024-10-27T00:37:01.842+0000] {processor.py:925} INFO - DAG(s) 'tutorial_dag' retrieved from /home/airflow/.local/lib/python3.12/site-packages/airflow/example_dags/tutorial_dag.py
[2024-10-27T00:37:01.862+0000] {logging_mixin.py:190} INFO - [2024-10-27T00:37:01.862+0000] {dag.py:3239} INFO - Sync 1 DAGs
[2024-10-27T00:37:01.876+0000] {logging_mixin.py:190} INFO - [2024-10-27T00:37:01.876+0000] {dag.py:4180} INFO - Setting next_dagrun for tutorial_dag to None, run_after=None
[2024-10-27T00:37:01.899+0000] {processor.py:208} INFO - Processing /home/airflow/.local/lib/python3.12/site-packages/airflow/example_dags/tutorial_dag.py took 0.077 seconds
[2024-10-27T00:37:34.252+0000] {processor.py:186} INFO - Started process (PID=51590) to work on /home/airflow/.local/lib/python3.12/site-packages/airflow/example_dags/tutorial_dag.py
[2024-10-27T00:37:34.253+0000] {processor.py:914} INFO - Processing file /home/airflow/.local/lib/python3.12/site-packages/airflow/example_dags/tutorial_dag.py for tasks to queue
[2024-10-27T00:37:34.256+0000] {logging_mixin.py:190} INFO - [2024-10-27T00:37:34.256+0000] {dagbag.py:588} INFO - Filling up the DagBag from /home/airflow/.local/lib/python3.12/site-packages/airflow/example_dags/tutorial_dag.py
[2024-10-27T00:37:34.267+0000] {processor.py:925} INFO - DAG(s) 'tutorial_dag' retrieved from /home/airflow/.local/lib/python3.12/site-packages/airflow/example_dags/tutorial_dag.py
[2024-10-27T00:37:34.286+0000] {logging_mixin.py:190} INFO - [2024-10-27T00:37:34.285+0000] {dag.py:3239} INFO - Sync 1 DAGs
[2024-10-27T00:37:34.302+0000] {logging_mixin.py:190} INFO - [2024-10-27T00:37:34.302+0000] {dag.py:4180} INFO - Setting next_dagrun for tutorial_dag to None, run_after=None
[2024-10-27T00:37:34.328+0000] {processor.py:208} INFO - Processing /home/airflow/.local/lib/python3.12/site-packages/airflow/example_dags/tutorial_dag.py took 0.083 seconds
[2024-10-27T00:38:07.744+0000] {processor.py:186} INFO - Started process (PID=51654) to work on /home/airflow/.local/lib/python3.12/site-packages/airflow/example_dags/tutorial_dag.py
[2024-10-27T00:38:07.746+0000] {processor.py:914} INFO - Processing file /home/airflow/.local/lib/python3.12/site-packages/airflow/example_dags/tutorial_dag.py for tasks to queue
[2024-10-27T00:38:07.748+0000] {logging_mixin.py:190} INFO - [2024-10-27T00:38:07.748+0000] {dagbag.py:588} INFO - Filling up the DagBag from /home/airflow/.local/lib/python3.12/site-packages/airflow/example_dags/tutorial_dag.py
[2024-10-27T00:38:07.760+0000] {processor.py:925} INFO - DAG(s) 'tutorial_dag' retrieved from /home/airflow/.local/lib/python3.12/site-packages/airflow/example_dags/tutorial_dag.py
[2024-10-27T00:38:07.786+0000] {logging_mixin.py:190} INFO - [2024-10-27T00:38:07.786+0000] {dag.py:3239} INFO - Sync 1 DAGs
[2024-10-27T00:38:07.802+0000] {logging_mixin.py:190} INFO - [2024-10-27T00:38:07.801+0000] {dag.py:4180} INFO - Setting next_dagrun for tutorial_dag to None, run_after=None
[2024-10-27T00:38:07.822+0000] {processor.py:208} INFO - Processing /home/airflow/.local/lib/python3.12/site-packages/airflow/example_dags/tutorial_dag.py took 0.084 seconds
[2024-10-27T00:38:40.350+0000] {processor.py:186} INFO - Started process (PID=51718) to work on /home/airflow/.local/lib/python3.12/site-packages/airflow/example_dags/tutorial_dag.py
[2024-10-27T00:38:40.352+0000] {processor.py:914} INFO - Processing file /home/airflow/.local/lib/python3.12/site-packages/airflow/example_dags/tutorial_dag.py for tasks to queue
[2024-10-27T00:38:40.355+0000] {logging_mixin.py:190} INFO - [2024-10-27T00:38:40.354+0000] {dagbag.py:588} INFO - Filling up the DagBag from /home/airflow/.local/lib/python3.12/site-packages/airflow/example_dags/tutorial_dag.py
[2024-10-27T00:38:40.365+0000] {processor.py:925} INFO - DAG(s) 'tutorial_dag' retrieved from /home/airflow/.local/lib/python3.12/site-packages/airflow/example_dags/tutorial_dag.py
[2024-10-27T00:38:40.390+0000] {logging_mixin.py:190} INFO - [2024-10-27T00:38:40.389+0000] {dag.py:3239} INFO - Sync 1 DAGs
[2024-10-27T00:38:40.409+0000] {logging_mixin.py:190} INFO - [2024-10-27T00:38:40.408+0000] {dag.py:4180} INFO - Setting next_dagrun for tutorial_dag to None, run_after=None
[2024-10-27T00:38:40.438+0000] {processor.py:208} INFO - Processing /home/airflow/.local/lib/python3.12/site-packages/airflow/example_dags/tutorial_dag.py took 0.094 seconds
[2024-10-27T00:39:13.790+0000] {processor.py:186} INFO - Started process (PID=51782) to work on /home/airflow/.local/lib/python3.12/site-packages/airflow/example_dags/tutorial_dag.py
[2024-10-27T00:39:13.792+0000] {processor.py:914} INFO - Processing file /home/airflow/.local/lib/python3.12/site-packages/airflow/example_dags/tutorial_dag.py for tasks to queue
[2024-10-27T00:39:13.796+0000] {logging_mixin.py:190} INFO - [2024-10-27T00:39:13.795+0000] {dagbag.py:588} INFO - Filling up the DagBag from /home/airflow/.local/lib/python3.12/site-packages/airflow/example_dags/tutorial_dag.py
[2024-10-27T00:39:13.803+0000] {processor.py:925} INFO - DAG(s) 'tutorial_dag' retrieved from /home/airflow/.local/lib/python3.12/site-packages/airflow/example_dags/tutorial_dag.py
[2024-10-27T00:39:13.824+0000] {logging_mixin.py:190} INFO - [2024-10-27T00:39:13.824+0000] {dag.py:3239} INFO - Sync 1 DAGs
[2024-10-27T00:39:13.841+0000] {logging_mixin.py:190} INFO - [2024-10-27T00:39:13.841+0000] {dag.py:4180} INFO - Setting next_dagrun for tutorial_dag to None, run_after=None
[2024-10-27T00:39:13.971+0000] {processor.py:208} INFO - Processing /home/airflow/.local/lib/python3.12/site-packages/airflow/example_dags/tutorial_dag.py took 0.187 seconds
[2024-10-27T00:39:45.296+0000] {processor.py:186} INFO - Started process (PID=51846) to work on /home/airflow/.local/lib/python3.12/site-packages/airflow/example_dags/tutorial_dag.py
[2024-10-27T00:39:45.297+0000] {processor.py:914} INFO - Processing file /home/airflow/.local/lib/python3.12/site-packages/airflow/example_dags/tutorial_dag.py for tasks to queue
[2024-10-27T00:39:45.300+0000] {logging_mixin.py:190} INFO - [2024-10-27T00:39:45.300+0000] {dagbag.py:588} INFO - Filling up the DagBag from /home/airflow/.local/lib/python3.12/site-packages/airflow/example_dags/tutorial_dag.py
[2024-10-27T00:39:45.309+0000] {processor.py:925} INFO - DAG(s) 'tutorial_dag' retrieved from /home/airflow/.local/lib/python3.12/site-packages/airflow/example_dags/tutorial_dag.py
[2024-10-27T00:39:45.330+0000] {logging_mixin.py:190} INFO - [2024-10-27T00:39:45.330+0000] {dag.py:3239} INFO - Sync 1 DAGs
[2024-10-27T00:39:45.344+0000] {logging_mixin.py:190} INFO - [2024-10-27T00:39:45.344+0000] {dag.py:4180} INFO - Setting next_dagrun for tutorial_dag to None, run_after=None
[2024-10-27T00:39:45.366+0000] {processor.py:208} INFO - Processing /home/airflow/.local/lib/python3.12/site-packages/airflow/example_dags/tutorial_dag.py took 0.075 seconds
[2024-10-27T00:40:18.713+0000] {processor.py:186} INFO - Started process (PID=51910) to work on /home/airflow/.local/lib/python3.12/site-packages/airflow/example_dags/tutorial_dag.py
[2024-10-27T00:40:18.714+0000] {processor.py:914} INFO - Processing file /home/airflow/.local/lib/python3.12/site-packages/airflow/example_dags/tutorial_dag.py for tasks to queue
[2024-10-27T00:40:18.717+0000] {logging_mixin.py:190} INFO - [2024-10-27T00:40:18.717+0000] {dagbag.py:588} INFO - Filling up the DagBag from /home/airflow/.local/lib/python3.12/site-packages/airflow/example_dags/tutorial_dag.py
[2024-10-27T00:40:18.723+0000] {processor.py:925} INFO - DAG(s) 'tutorial_dag' retrieved from /home/airflow/.local/lib/python3.12/site-packages/airflow/example_dags/tutorial_dag.py
[2024-10-27T00:40:18.742+0000] {logging_mixin.py:190} INFO - [2024-10-27T00:40:18.742+0000] {dag.py:3239} INFO - Sync 1 DAGs
[2024-10-27T00:40:18.756+0000] {logging_mixin.py:190} INFO - [2024-10-27T00:40:18.756+0000] {dag.py:4180} INFO - Setting next_dagrun for tutorial_dag to None, run_after=None
[2024-10-27T00:40:18.781+0000] {processor.py:208} INFO - Processing /home/airflow/.local/lib/python3.12/site-packages/airflow/example_dags/tutorial_dag.py took 0.075 seconds
[2024-10-27T00:40:51.648+0000] {processor.py:186} INFO - Started process (PID=51974) to work on /home/airflow/.local/lib/python3.12/site-packages/airflow/example_dags/tutorial_dag.py
[2024-10-27T00:40:51.650+0000] {processor.py:914} INFO - Processing file /home/airflow/.local/lib/python3.12/site-packages/airflow/example_dags/tutorial_dag.py for tasks to queue
[2024-10-27T00:40:51.652+0000] {logging_mixin.py:190} INFO - [2024-10-27T00:40:51.651+0000] {dagbag.py:588} INFO - Filling up the DagBag from /home/airflow/.local/lib/python3.12/site-packages/airflow/example_dags/tutorial_dag.py
[2024-10-27T00:40:51.658+0000] {processor.py:925} INFO - DAG(s) 'tutorial_dag' retrieved from /home/airflow/.local/lib/python3.12/site-packages/airflow/example_dags/tutorial_dag.py
[2024-10-27T00:40:51.680+0000] {logging_mixin.py:190} INFO - [2024-10-27T00:40:51.680+0000] {dag.py:3239} INFO - Sync 1 DAGs
[2024-10-27T00:40:51.694+0000] {logging_mixin.py:190} INFO - [2024-10-27T00:40:51.693+0000] {dag.py:4180} INFO - Setting next_dagrun for tutorial_dag to None, run_after=None
[2024-10-27T00:40:51.714+0000] {processor.py:208} INFO - Processing /home/airflow/.local/lib/python3.12/site-packages/airflow/example_dags/tutorial_dag.py took 0.073 seconds
[2024-10-27T00:41:24.223+0000] {processor.py:186} INFO - Started process (PID=52038) to work on /home/airflow/.local/lib/python3.12/site-packages/airflow/example_dags/tutorial_dag.py
[2024-10-27T00:41:24.224+0000] {processor.py:914} INFO - Processing file /home/airflow/.local/lib/python3.12/site-packages/airflow/example_dags/tutorial_dag.py for tasks to queue
[2024-10-27T00:41:24.226+0000] {logging_mixin.py:190} INFO - [2024-10-27T00:41:24.226+0000] {dagbag.py:588} INFO - Filling up the DagBag from /home/airflow/.local/lib/python3.12/site-packages/airflow/example_dags/tutorial_dag.py
[2024-10-27T00:41:24.235+0000] {processor.py:925} INFO - DAG(s) 'tutorial_dag' retrieved from /home/airflow/.local/lib/python3.12/site-packages/airflow/example_dags/tutorial_dag.py
[2024-10-27T00:41:24.259+0000] {logging_mixin.py:190} INFO - [2024-10-27T00:41:24.258+0000] {dag.py:3239} INFO - Sync 1 DAGs
[2024-10-27T00:41:24.275+0000] {logging_mixin.py:190} INFO - [2024-10-27T00:41:24.275+0000] {dag.py:4180} INFO - Setting next_dagrun for tutorial_dag to None, run_after=None
[2024-10-27T00:41:24.297+0000] {processor.py:208} INFO - Processing /home/airflow/.local/lib/python3.12/site-packages/airflow/example_dags/tutorial_dag.py took 0.079 seconds
[2024-10-27T00:41:57.098+0000] {processor.py:186} INFO - Started process (PID=52102) to work on /home/airflow/.local/lib/python3.12/site-packages/airflow/example_dags/tutorial_dag.py
[2024-10-27T00:41:57.099+0000] {processor.py:914} INFO - Processing file /home/airflow/.local/lib/python3.12/site-packages/airflow/example_dags/tutorial_dag.py for tasks to queue
[2024-10-27T00:41:57.101+0000] {logging_mixin.py:190} INFO - [2024-10-27T00:41:57.100+0000] {dagbag.py:588} INFO - Filling up the DagBag from /home/airflow/.local/lib/python3.12/site-packages/airflow/example_dags/tutorial_dag.py
[2024-10-27T00:41:57.110+0000] {processor.py:925} INFO - DAG(s) 'tutorial_dag' retrieved from /home/airflow/.local/lib/python3.12/site-packages/airflow/example_dags/tutorial_dag.py
[2024-10-27T00:41:57.130+0000] {logging_mixin.py:190} INFO - [2024-10-27T00:41:57.129+0000] {dag.py:3239} INFO - Sync 1 DAGs
[2024-10-27T00:41:57.143+0000] {logging_mixin.py:190} INFO - [2024-10-27T00:41:57.143+0000] {dag.py:4180} INFO - Setting next_dagrun for tutorial_dag to None, run_after=None
[2024-10-27T00:41:57.163+0000] {processor.py:208} INFO - Processing /home/airflow/.local/lib/python3.12/site-packages/airflow/example_dags/tutorial_dag.py took 0.071 seconds
[2024-10-27T00:42:29.865+0000] {processor.py:186} INFO - Started process (PID=52166) to work on /home/airflow/.local/lib/python3.12/site-packages/airflow/example_dags/tutorial_dag.py
[2024-10-27T00:42:29.866+0000] {processor.py:914} INFO - Processing file /home/airflow/.local/lib/python3.12/site-packages/airflow/example_dags/tutorial_dag.py for tasks to queue
[2024-10-27T00:42:29.868+0000] {logging_mixin.py:190} INFO - [2024-10-27T00:42:29.868+0000] {dagbag.py:588} INFO - Filling up the DagBag from /home/airflow/.local/lib/python3.12/site-packages/airflow/example_dags/tutorial_dag.py
[2024-10-27T00:42:29.875+0000] {processor.py:925} INFO - DAG(s) 'tutorial_dag' retrieved from /home/airflow/.local/lib/python3.12/site-packages/airflow/example_dags/tutorial_dag.py
[2024-10-27T00:42:29.895+0000] {logging_mixin.py:190} INFO - [2024-10-27T00:42:29.895+0000] {dag.py:3239} INFO - Sync 1 DAGs
[2024-10-27T00:42:29.912+0000] {logging_mixin.py:190} INFO - [2024-10-27T00:42:29.912+0000] {dag.py:4180} INFO - Setting next_dagrun for tutorial_dag to None, run_after=None
[2024-10-27T00:42:29.933+0000] {processor.py:208} INFO - Processing /home/airflow/.local/lib/python3.12/site-packages/airflow/example_dags/tutorial_dag.py took 0.074 seconds
[2024-10-27T00:43:02.618+0000] {processor.py:186} INFO - Started process (PID=52230) to work on /home/airflow/.local/lib/python3.12/site-packages/airflow/example_dags/tutorial_dag.py
[2024-10-27T00:43:02.620+0000] {processor.py:914} INFO - Processing file /home/airflow/.local/lib/python3.12/site-packages/airflow/example_dags/tutorial_dag.py for tasks to queue
[2024-10-27T00:43:02.622+0000] {logging_mixin.py:190} INFO - [2024-10-27T00:43:02.622+0000] {dagbag.py:588} INFO - Filling up the DagBag from /home/airflow/.local/lib/python3.12/site-packages/airflow/example_dags/tutorial_dag.py
[2024-10-27T00:43:02.632+0000] {processor.py:925} INFO - DAG(s) 'tutorial_dag' retrieved from /home/airflow/.local/lib/python3.12/site-packages/airflow/example_dags/tutorial_dag.py
[2024-10-27T00:43:02.653+0000] {logging_mixin.py:190} INFO - [2024-10-27T00:43:02.653+0000] {dag.py:3239} INFO - Sync 1 DAGs
[2024-10-27T00:43:02.666+0000] {logging_mixin.py:190} INFO - [2024-10-27T00:43:02.666+0000] {dag.py:4180} INFO - Setting next_dagrun for tutorial_dag to None, run_after=None
[2024-10-27T00:43:02.691+0000] {processor.py:208} INFO - Processing /home/airflow/.local/lib/python3.12/site-packages/airflow/example_dags/tutorial_dag.py took 0.078 seconds
[2024-10-27T00:43:34.431+0000] {processor.py:186} INFO - Started process (PID=52294) to work on /home/airflow/.local/lib/python3.12/site-packages/airflow/example_dags/tutorial_dag.py
[2024-10-27T00:43:34.434+0000] {processor.py:914} INFO - Processing file /home/airflow/.local/lib/python3.12/site-packages/airflow/example_dags/tutorial_dag.py for tasks to queue
[2024-10-27T00:43:34.439+0000] {logging_mixin.py:190} INFO - [2024-10-27T00:43:34.438+0000] {dagbag.py:588} INFO - Filling up the DagBag from /home/airflow/.local/lib/python3.12/site-packages/airflow/example_dags/tutorial_dag.py
[2024-10-27T00:43:34.446+0000] {processor.py:925} INFO - DAG(s) 'tutorial_dag' retrieved from /home/airflow/.local/lib/python3.12/site-packages/airflow/example_dags/tutorial_dag.py
[2024-10-27T00:43:34.469+0000] {logging_mixin.py:190} INFO - [2024-10-27T00:43:34.469+0000] {dag.py:3239} INFO - Sync 1 DAGs
[2024-10-27T00:43:34.484+0000] {logging_mixin.py:190} INFO - [2024-10-27T00:43:34.484+0000] {dag.py:4180} INFO - Setting next_dagrun for tutorial_dag to None, run_after=None
[2024-10-27T00:43:34.505+0000] {processor.py:208} INFO - Processing /home/airflow/.local/lib/python3.12/site-packages/airflow/example_dags/tutorial_dag.py took 0.080 seconds
[2024-10-27T00:44:09.973+0000] {processor.py:186} INFO - Started process (PID=52358) to work on /home/airflow/.local/lib/python3.12/site-packages/airflow/example_dags/tutorial_dag.py
[2024-10-27T00:44:09.974+0000] {processor.py:914} INFO - Processing file /home/airflow/.local/lib/python3.12/site-packages/airflow/example_dags/tutorial_dag.py for tasks to queue
[2024-10-27T00:44:09.977+0000] {logging_mixin.py:190} INFO - [2024-10-27T00:44:09.976+0000] {dagbag.py:588} INFO - Filling up the DagBag from /home/airflow/.local/lib/python3.12/site-packages/airflow/example_dags/tutorial_dag.py
[2024-10-27T00:44:09.984+0000] {processor.py:925} INFO - DAG(s) 'tutorial_dag' retrieved from /home/airflow/.local/lib/python3.12/site-packages/airflow/example_dags/tutorial_dag.py
[2024-10-27T00:44:10.007+0000] {logging_mixin.py:190} INFO - [2024-10-27T00:44:10.007+0000] {dag.py:3239} INFO - Sync 1 DAGs
[2024-10-27T00:44:10.023+0000] {logging_mixin.py:190} INFO - [2024-10-27T00:44:10.022+0000] {dag.py:4180} INFO - Setting next_dagrun for tutorial_dag to None, run_after=None
[2024-10-27T00:44:10.212+0000] {processor.py:208} INFO - Processing /home/airflow/.local/lib/python3.12/site-packages/airflow/example_dags/tutorial_dag.py took 0.245 seconds
[2024-10-27T00:44:41.669+0000] {processor.py:186} INFO - Started process (PID=52422) to work on /home/airflow/.local/lib/python3.12/site-packages/airflow/example_dags/tutorial_dag.py
[2024-10-27T00:44:41.670+0000] {processor.py:914} INFO - Processing file /home/airflow/.local/lib/python3.12/site-packages/airflow/example_dags/tutorial_dag.py for tasks to queue
[2024-10-27T00:44:41.672+0000] {logging_mixin.py:190} INFO - [2024-10-27T00:44:41.672+0000] {dagbag.py:588} INFO - Filling up the DagBag from /home/airflow/.local/lib/python3.12/site-packages/airflow/example_dags/tutorial_dag.py
[2024-10-27T00:44:41.680+0000] {processor.py:925} INFO - DAG(s) 'tutorial_dag' retrieved from /home/airflow/.local/lib/python3.12/site-packages/airflow/example_dags/tutorial_dag.py
[2024-10-27T00:44:41.701+0000] {logging_mixin.py:190} INFO - [2024-10-27T00:44:41.701+0000] {dag.py:3239} INFO - Sync 1 DAGs
[2024-10-27T00:44:41.716+0000] {logging_mixin.py:190} INFO - [2024-10-27T00:44:41.716+0000] {dag.py:4180} INFO - Setting next_dagrun for tutorial_dag to None, run_after=None
[2024-10-27T00:44:41.913+0000] {processor.py:208} INFO - Processing /home/airflow/.local/lib/python3.12/site-packages/airflow/example_dags/tutorial_dag.py took 0.250 seconds
[2024-10-27T00:45:14.245+0000] {processor.py:186} INFO - Started process (PID=52486) to work on /home/airflow/.local/lib/python3.12/site-packages/airflow/example_dags/tutorial_dag.py
[2024-10-27T00:45:14.246+0000] {processor.py:914} INFO - Processing file /home/airflow/.local/lib/python3.12/site-packages/airflow/example_dags/tutorial_dag.py for tasks to queue
[2024-10-27T00:45:14.249+0000] {logging_mixin.py:190} INFO - [2024-10-27T00:45:14.249+0000] {dagbag.py:588} INFO - Filling up the DagBag from /home/airflow/.local/lib/python3.12/site-packages/airflow/example_dags/tutorial_dag.py
[2024-10-27T00:45:14.258+0000] {processor.py:925} INFO - DAG(s) 'tutorial_dag' retrieved from /home/airflow/.local/lib/python3.12/site-packages/airflow/example_dags/tutorial_dag.py
[2024-10-27T00:45:14.278+0000] {logging_mixin.py:190} INFO - [2024-10-27T00:45:14.277+0000] {dag.py:3239} INFO - Sync 1 DAGs
[2024-10-27T00:45:14.293+0000] {logging_mixin.py:190} INFO - [2024-10-27T00:45:14.292+0000] {dag.py:4180} INFO - Setting next_dagrun for tutorial_dag to None, run_after=None
[2024-10-27T00:45:14.319+0000] {processor.py:208} INFO - Processing /home/airflow/.local/lib/python3.12/site-packages/airflow/example_dags/tutorial_dag.py took 0.081 seconds
[2024-10-27T00:45:46.790+0000] {processor.py:186} INFO - Started process (PID=52550) to work on /home/airflow/.local/lib/python3.12/site-packages/airflow/example_dags/tutorial_dag.py
[2024-10-27T00:45:46.791+0000] {processor.py:914} INFO - Processing file /home/airflow/.local/lib/python3.12/site-packages/airflow/example_dags/tutorial_dag.py for tasks to queue
[2024-10-27T00:45:46.793+0000] {logging_mixin.py:190} INFO - [2024-10-27T00:45:46.793+0000] {dagbag.py:588} INFO - Filling up the DagBag from /home/airflow/.local/lib/python3.12/site-packages/airflow/example_dags/tutorial_dag.py
[2024-10-27T00:45:46.801+0000] {processor.py:925} INFO - DAG(s) 'tutorial_dag' retrieved from /home/airflow/.local/lib/python3.12/site-packages/airflow/example_dags/tutorial_dag.py
[2024-10-27T00:45:46.820+0000] {logging_mixin.py:190} INFO - [2024-10-27T00:45:46.820+0000] {dag.py:3239} INFO - Sync 1 DAGs
[2024-10-27T00:45:46.836+0000] {logging_mixin.py:190} INFO - [2024-10-27T00:45:46.836+0000] {dag.py:4180} INFO - Setting next_dagrun for tutorial_dag to None, run_after=None
[2024-10-27T00:45:46.861+0000] {processor.py:208} INFO - Processing /home/airflow/.local/lib/python3.12/site-packages/airflow/example_dags/tutorial_dag.py took 0.076 seconds
[2024-10-27T00:46:18.583+0000] {processor.py:186} INFO - Started process (PID=52614) to work on /home/airflow/.local/lib/python3.12/site-packages/airflow/example_dags/tutorial_dag.py
[2024-10-27T00:46:18.584+0000] {processor.py:914} INFO - Processing file /home/airflow/.local/lib/python3.12/site-packages/airflow/example_dags/tutorial_dag.py for tasks to queue
[2024-10-27T00:46:18.589+0000] {logging_mixin.py:190} INFO - [2024-10-27T00:46:18.589+0000] {dagbag.py:588} INFO - Filling up the DagBag from /home/airflow/.local/lib/python3.12/site-packages/airflow/example_dags/tutorial_dag.py
[2024-10-27T00:46:18.597+0000] {processor.py:925} INFO - DAG(s) 'tutorial_dag' retrieved from /home/airflow/.local/lib/python3.12/site-packages/airflow/example_dags/tutorial_dag.py
[2024-10-27T00:46:18.630+0000] {logging_mixin.py:190} INFO - [2024-10-27T00:46:18.630+0000] {dag.py:3239} INFO - Sync 1 DAGs
[2024-10-27T00:46:18.650+0000] {logging_mixin.py:190} INFO - [2024-10-27T00:46:18.650+0000] {dag.py:4180} INFO - Setting next_dagrun for tutorial_dag to None, run_after=None
[2024-10-27T00:46:18.676+0000] {processor.py:208} INFO - Processing /home/airflow/.local/lib/python3.12/site-packages/airflow/example_dags/tutorial_dag.py took 0.099 seconds
[2024-10-27T00:46:50.529+0000] {processor.py:186} INFO - Started process (PID=52672) to work on /home/airflow/.local/lib/python3.12/site-packages/airflow/example_dags/tutorial_dag.py
[2024-10-27T00:46:50.530+0000] {processor.py:914} INFO - Processing file /home/airflow/.local/lib/python3.12/site-packages/airflow/example_dags/tutorial_dag.py for tasks to queue
[2024-10-27T00:46:50.533+0000] {logging_mixin.py:190} INFO - [2024-10-27T00:46:50.532+0000] {dagbag.py:588} INFO - Filling up the DagBag from /home/airflow/.local/lib/python3.12/site-packages/airflow/example_dags/tutorial_dag.py
[2024-10-27T00:46:50.541+0000] {processor.py:925} INFO - DAG(s) 'tutorial_dag' retrieved from /home/airflow/.local/lib/python3.12/site-packages/airflow/example_dags/tutorial_dag.py
[2024-10-27T00:46:50.562+0000] {logging_mixin.py:190} INFO - [2024-10-27T00:46:50.562+0000] {dag.py:3239} INFO - Sync 1 DAGs
[2024-10-27T00:46:50.578+0000] {logging_mixin.py:190} INFO - [2024-10-27T00:46:50.578+0000] {dag.py:4180} INFO - Setting next_dagrun for tutorial_dag to None, run_after=None
[2024-10-27T00:46:50.597+0000] {processor.py:208} INFO - Processing /home/airflow/.local/lib/python3.12/site-packages/airflow/example_dags/tutorial_dag.py took 0.076 seconds
[2024-10-27T00:47:23.802+0000] {processor.py:186} INFO - Started process (PID=52743) to work on /home/airflow/.local/lib/python3.12/site-packages/airflow/example_dags/tutorial_dag.py
[2024-10-27T00:47:23.804+0000] {processor.py:914} INFO - Processing file /home/airflow/.local/lib/python3.12/site-packages/airflow/example_dags/tutorial_dag.py for tasks to queue
[2024-10-27T00:47:23.807+0000] {logging_mixin.py:190} INFO - [2024-10-27T00:47:23.807+0000] {dagbag.py:588} INFO - Filling up the DagBag from /home/airflow/.local/lib/python3.12/site-packages/airflow/example_dags/tutorial_dag.py
[2024-10-27T00:47:23.814+0000] {processor.py:925} INFO - DAG(s) 'tutorial_dag' retrieved from /home/airflow/.local/lib/python3.12/site-packages/airflow/example_dags/tutorial_dag.py
[2024-10-27T00:47:23.838+0000] {logging_mixin.py:190} INFO - [2024-10-27T00:47:23.837+0000] {dag.py:3239} INFO - Sync 1 DAGs
[2024-10-27T00:47:23.852+0000] {logging_mixin.py:190} INFO - [2024-10-27T00:47:23.852+0000] {dag.py:4180} INFO - Setting next_dagrun for tutorial_dag to None, run_after=None
[2024-10-27T00:47:23.873+0000] {processor.py:208} INFO - Processing /home/airflow/.local/lib/python3.12/site-packages/airflow/example_dags/tutorial_dag.py took 0.078 seconds
[2024-10-27T00:47:56.902+0000] {processor.py:186} INFO - Started process (PID=52807) to work on /home/airflow/.local/lib/python3.12/site-packages/airflow/example_dags/tutorial_dag.py
[2024-10-27T00:47:56.903+0000] {processor.py:914} INFO - Processing file /home/airflow/.local/lib/python3.12/site-packages/airflow/example_dags/tutorial_dag.py for tasks to queue
[2024-10-27T00:47:56.905+0000] {logging_mixin.py:190} INFO - [2024-10-27T00:47:56.905+0000] {dagbag.py:588} INFO - Filling up the DagBag from /home/airflow/.local/lib/python3.12/site-packages/airflow/example_dags/tutorial_dag.py
[2024-10-27T00:47:56.912+0000] {processor.py:925} INFO - DAG(s) 'tutorial_dag' retrieved from /home/airflow/.local/lib/python3.12/site-packages/airflow/example_dags/tutorial_dag.py
[2024-10-27T00:47:56.932+0000] {logging_mixin.py:190} INFO - [2024-10-27T00:47:56.931+0000] {dag.py:3239} INFO - Sync 1 DAGs
[2024-10-27T00:47:56.945+0000] {logging_mixin.py:190} INFO - [2024-10-27T00:47:56.945+0000] {dag.py:4180} INFO - Setting next_dagrun for tutorial_dag to None, run_after=None
[2024-10-27T00:47:56.965+0000] {processor.py:208} INFO - Processing /home/airflow/.local/lib/python3.12/site-packages/airflow/example_dags/tutorial_dag.py took 0.071 seconds
[2024-10-27T00:48:29.361+0000] {processor.py:186} INFO - Started process (PID=52871) to work on /home/airflow/.local/lib/python3.12/site-packages/airflow/example_dags/tutorial_dag.py
[2024-10-27T00:48:29.362+0000] {processor.py:914} INFO - Processing file /home/airflow/.local/lib/python3.12/site-packages/airflow/example_dags/tutorial_dag.py for tasks to queue
[2024-10-27T00:48:29.366+0000] {logging_mixin.py:190} INFO - [2024-10-27T00:48:29.366+0000] {dagbag.py:588} INFO - Filling up the DagBag from /home/airflow/.local/lib/python3.12/site-packages/airflow/example_dags/tutorial_dag.py
[2024-10-27T00:48:29.373+0000] {processor.py:925} INFO - DAG(s) 'tutorial_dag' retrieved from /home/airflow/.local/lib/python3.12/site-packages/airflow/example_dags/tutorial_dag.py
[2024-10-27T00:48:29.400+0000] {logging_mixin.py:190} INFO - [2024-10-27T00:48:29.400+0000] {dag.py:3239} INFO - Sync 1 DAGs
[2024-10-27T00:48:29.418+0000] {logging_mixin.py:190} INFO - [2024-10-27T00:48:29.418+0000] {dag.py:4180} INFO - Setting next_dagrun for tutorial_dag to None, run_after=None
[2024-10-27T00:48:29.458+0000] {processor.py:208} INFO - Processing /home/airflow/.local/lib/python3.12/site-packages/airflow/example_dags/tutorial_dag.py took 0.102 seconds
[2024-10-27T00:49:01.655+0000] {processor.py:186} INFO - Started process (PID=52929) to work on /home/airflow/.local/lib/python3.12/site-packages/airflow/example_dags/tutorial_dag.py
[2024-10-27T00:49:01.656+0000] {processor.py:914} INFO - Processing file /home/airflow/.local/lib/python3.12/site-packages/airflow/example_dags/tutorial_dag.py for tasks to queue
[2024-10-27T00:49:01.659+0000] {logging_mixin.py:190} INFO - [2024-10-27T00:49:01.658+0000] {dagbag.py:588} INFO - Filling up the DagBag from /home/airflow/.local/lib/python3.12/site-packages/airflow/example_dags/tutorial_dag.py
[2024-10-27T00:49:01.666+0000] {processor.py:925} INFO - DAG(s) 'tutorial_dag' retrieved from /home/airflow/.local/lib/python3.12/site-packages/airflow/example_dags/tutorial_dag.py
[2024-10-27T00:49:01.688+0000] {logging_mixin.py:190} INFO - [2024-10-27T00:49:01.688+0000] {dag.py:3239} INFO - Sync 1 DAGs
[2024-10-27T00:49:01.703+0000] {logging_mixin.py:190} INFO - [2024-10-27T00:49:01.702+0000] {dag.py:4180} INFO - Setting next_dagrun for tutorial_dag to None, run_after=None
[2024-10-27T00:49:01.724+0000] {processor.py:208} INFO - Processing /home/airflow/.local/lib/python3.12/site-packages/airflow/example_dags/tutorial_dag.py took 0.076 seconds
[2024-10-27T00:49:34.783+0000] {processor.py:186} INFO - Started process (PID=52999) to work on /home/airflow/.local/lib/python3.12/site-packages/airflow/example_dags/tutorial_dag.py
[2024-10-27T00:49:34.784+0000] {processor.py:914} INFO - Processing file /home/airflow/.local/lib/python3.12/site-packages/airflow/example_dags/tutorial_dag.py for tasks to queue
[2024-10-27T00:49:34.786+0000] {logging_mixin.py:190} INFO - [2024-10-27T00:49:34.786+0000] {dagbag.py:588} INFO - Filling up the DagBag from /home/airflow/.local/lib/python3.12/site-packages/airflow/example_dags/tutorial_dag.py
[2024-10-27T00:49:34.795+0000] {processor.py:925} INFO - DAG(s) 'tutorial_dag' retrieved from /home/airflow/.local/lib/python3.12/site-packages/airflow/example_dags/tutorial_dag.py
[2024-10-27T00:49:34.817+0000] {logging_mixin.py:190} INFO - [2024-10-27T00:49:34.817+0000] {dag.py:3239} INFO - Sync 1 DAGs
[2024-10-27T00:49:34.833+0000] {logging_mixin.py:190} INFO - [2024-10-27T00:49:34.832+0000] {dag.py:4180} INFO - Setting next_dagrun for tutorial_dag to None, run_after=None
[2024-10-27T00:49:34.857+0000] {processor.py:208} INFO - Processing /home/airflow/.local/lib/python3.12/site-packages/airflow/example_dags/tutorial_dag.py took 0.080 seconds
[2024-10-27T00:50:07.161+0000] {processor.py:186} INFO - Started process (PID=53057) to work on /home/airflow/.local/lib/python3.12/site-packages/airflow/example_dags/tutorial_dag.py
[2024-10-27T00:50:07.162+0000] {processor.py:914} INFO - Processing file /home/airflow/.local/lib/python3.12/site-packages/airflow/example_dags/tutorial_dag.py for tasks to queue
[2024-10-27T00:50:07.164+0000] {logging_mixin.py:190} INFO - [2024-10-27T00:50:07.164+0000] {dagbag.py:588} INFO - Filling up the DagBag from /home/airflow/.local/lib/python3.12/site-packages/airflow/example_dags/tutorial_dag.py
[2024-10-27T00:50:07.172+0000] {processor.py:925} INFO - DAG(s) 'tutorial_dag' retrieved from /home/airflow/.local/lib/python3.12/site-packages/airflow/example_dags/tutorial_dag.py
[2024-10-27T00:50:07.192+0000] {logging_mixin.py:190} INFO - [2024-10-27T00:50:07.192+0000] {dag.py:3239} INFO - Sync 1 DAGs
[2024-10-27T00:50:07.208+0000] {logging_mixin.py:190} INFO - [2024-10-27T00:50:07.208+0000] {dag.py:4180} INFO - Setting next_dagrun for tutorial_dag to None, run_after=None
[2024-10-27T00:50:07.234+0000] {processor.py:208} INFO - Processing /home/airflow/.local/lib/python3.12/site-packages/airflow/example_dags/tutorial_dag.py took 0.079 seconds
[2024-10-27T00:50:40.579+0000] {processor.py:186} INFO - Started process (PID=53127) to work on /home/airflow/.local/lib/python3.12/site-packages/airflow/example_dags/tutorial_dag.py
[2024-10-27T00:50:40.581+0000] {processor.py:914} INFO - Processing file /home/airflow/.local/lib/python3.12/site-packages/airflow/example_dags/tutorial_dag.py for tasks to queue
[2024-10-27T00:50:40.584+0000] {logging_mixin.py:190} INFO - [2024-10-27T00:50:40.584+0000] {dagbag.py:588} INFO - Filling up the DagBag from /home/airflow/.local/lib/python3.12/site-packages/airflow/example_dags/tutorial_dag.py
[2024-10-27T00:50:40.593+0000] {processor.py:925} INFO - DAG(s) 'tutorial_dag' retrieved from /home/airflow/.local/lib/python3.12/site-packages/airflow/example_dags/tutorial_dag.py
[2024-10-27T00:50:40.615+0000] {logging_mixin.py:190} INFO - [2024-10-27T00:50:40.615+0000] {dag.py:3239} INFO - Sync 1 DAGs
[2024-10-27T00:50:40.631+0000] {logging_mixin.py:190} INFO - [2024-10-27T00:50:40.630+0000] {dag.py:4180} INFO - Setting next_dagrun for tutorial_dag to None, run_after=None
[2024-10-27T00:50:40.656+0000] {processor.py:208} INFO - Processing /home/airflow/.local/lib/python3.12/site-packages/airflow/example_dags/tutorial_dag.py took 0.085 seconds
[2024-10-27T00:51:12.795+0000] {processor.py:186} INFO - Started process (PID=53185) to work on /home/airflow/.local/lib/python3.12/site-packages/airflow/example_dags/tutorial_dag.py
[2024-10-27T00:51:12.796+0000] {processor.py:914} INFO - Processing file /home/airflow/.local/lib/python3.12/site-packages/airflow/example_dags/tutorial_dag.py for tasks to queue
[2024-10-27T00:51:12.801+0000] {logging_mixin.py:190} INFO - [2024-10-27T00:51:12.800+0000] {dagbag.py:588} INFO - Filling up the DagBag from /home/airflow/.local/lib/python3.12/site-packages/airflow/example_dags/tutorial_dag.py
[2024-10-27T00:51:12.809+0000] {processor.py:925} INFO - DAG(s) 'tutorial_dag' retrieved from /home/airflow/.local/lib/python3.12/site-packages/airflow/example_dags/tutorial_dag.py
[2024-10-27T00:51:12.829+0000] {logging_mixin.py:190} INFO - [2024-10-27T00:51:12.828+0000] {dag.py:3239} INFO - Sync 1 DAGs
[2024-10-27T00:51:12.849+0000] {logging_mixin.py:190} INFO - [2024-10-27T00:51:12.847+0000] {dag.py:4180} INFO - Setting next_dagrun for tutorial_dag to None, run_after=None
[2024-10-27T00:51:12.873+0000] {processor.py:208} INFO - Processing /home/airflow/.local/lib/python3.12/site-packages/airflow/example_dags/tutorial_dag.py took 0.085 seconds
[2024-10-27T00:51:45.926+0000] {processor.py:186} INFO - Started process (PID=53256) to work on /home/airflow/.local/lib/python3.12/site-packages/airflow/example_dags/tutorial_dag.py
[2024-10-27T00:51:45.927+0000] {processor.py:914} INFO - Processing file /home/airflow/.local/lib/python3.12/site-packages/airflow/example_dags/tutorial_dag.py for tasks to queue
[2024-10-27T00:51:45.930+0000] {logging_mixin.py:190} INFO - [2024-10-27T00:51:45.929+0000] {dagbag.py:588} INFO - Filling up the DagBag from /home/airflow/.local/lib/python3.12/site-packages/airflow/example_dags/tutorial_dag.py
[2024-10-27T00:51:45.940+0000] {processor.py:925} INFO - DAG(s) 'tutorial_dag' retrieved from /home/airflow/.local/lib/python3.12/site-packages/airflow/example_dags/tutorial_dag.py
[2024-10-27T00:51:45.959+0000] {logging_mixin.py:190} INFO - [2024-10-27T00:51:45.959+0000] {dag.py:3239} INFO - Sync 1 DAGs
[2024-10-27T00:51:45.974+0000] {logging_mixin.py:190} INFO - [2024-10-27T00:51:45.974+0000] {dag.py:4180} INFO - Setting next_dagrun for tutorial_dag to None, run_after=None
[2024-10-27T00:51:45.999+0000] {processor.py:208} INFO - Processing /home/airflow/.local/lib/python3.12/site-packages/airflow/example_dags/tutorial_dag.py took 0.079 seconds
[2024-10-27T00:52:18.501+0000] {processor.py:186} INFO - Started process (PID=53320) to work on /home/airflow/.local/lib/python3.12/site-packages/airflow/example_dags/tutorial_dag.py
[2024-10-27T00:52:18.503+0000] {processor.py:914} INFO - Processing file /home/airflow/.local/lib/python3.12/site-packages/airflow/example_dags/tutorial_dag.py for tasks to queue
[2024-10-27T00:52:18.507+0000] {logging_mixin.py:190} INFO - [2024-10-27T00:52:18.506+0000] {dagbag.py:588} INFO - Filling up the DagBag from /home/airflow/.local/lib/python3.12/site-packages/airflow/example_dags/tutorial_dag.py
[2024-10-27T00:52:18.515+0000] {processor.py:925} INFO - DAG(s) 'tutorial_dag' retrieved from /home/airflow/.local/lib/python3.12/site-packages/airflow/example_dags/tutorial_dag.py
[2024-10-27T00:52:18.538+0000] {logging_mixin.py:190} INFO - [2024-10-27T00:52:18.538+0000] {dag.py:3239} INFO - Sync 1 DAGs
[2024-10-27T00:52:18.553+0000] {logging_mixin.py:190} INFO - [2024-10-27T00:52:18.553+0000] {dag.py:4180} INFO - Setting next_dagrun for tutorial_dag to None, run_after=None
[2024-10-27T00:52:18.574+0000] {processor.py:208} INFO - Processing /home/airflow/.local/lib/python3.12/site-packages/airflow/example_dags/tutorial_dag.py took 0.081 seconds
[2024-10-27T00:52:50.914+0000] {processor.py:186} INFO - Started process (PID=53378) to work on /home/airflow/.local/lib/python3.12/site-packages/airflow/example_dags/tutorial_dag.py
[2024-10-27T00:52:50.915+0000] {processor.py:914} INFO - Processing file /home/airflow/.local/lib/python3.12/site-packages/airflow/example_dags/tutorial_dag.py for tasks to queue
[2024-10-27T00:52:50.919+0000] {logging_mixin.py:190} INFO - [2024-10-27T00:52:50.918+0000] {dagbag.py:588} INFO - Filling up the DagBag from /home/airflow/.local/lib/python3.12/site-packages/airflow/example_dags/tutorial_dag.py
[2024-10-27T00:52:50.928+0000] {processor.py:925} INFO - DAG(s) 'tutorial_dag' retrieved from /home/airflow/.local/lib/python3.12/site-packages/airflow/example_dags/tutorial_dag.py
[2024-10-27T00:52:50.950+0000] {logging_mixin.py:190} INFO - [2024-10-27T00:52:50.949+0000] {dag.py:3239} INFO - Sync 1 DAGs
[2024-10-27T00:52:50.969+0000] {logging_mixin.py:190} INFO - [2024-10-27T00:52:50.968+0000] {dag.py:4180} INFO - Setting next_dagrun for tutorial_dag to None, run_after=None
[2024-10-27T00:52:50.994+0000] {processor.py:208} INFO - Processing /home/airflow/.local/lib/python3.12/site-packages/airflow/example_dags/tutorial_dag.py took 0.088 seconds
[2024-10-27T00:53:23.490+0000] {processor.py:186} INFO - Started process (PID=53443) to work on /home/airflow/.local/lib/python3.12/site-packages/airflow/example_dags/tutorial_dag.py
[2024-10-27T00:53:23.491+0000] {processor.py:914} INFO - Processing file /home/airflow/.local/lib/python3.12/site-packages/airflow/example_dags/tutorial_dag.py for tasks to queue
[2024-10-27T00:53:23.494+0000] {logging_mixin.py:190} INFO - [2024-10-27T00:53:23.494+0000] {dagbag.py:588} INFO - Filling up the DagBag from /home/airflow/.local/lib/python3.12/site-packages/airflow/example_dags/tutorial_dag.py
[2024-10-27T00:53:23.504+0000] {processor.py:925} INFO - DAG(s) 'tutorial_dag' retrieved from /home/airflow/.local/lib/python3.12/site-packages/airflow/example_dags/tutorial_dag.py
[2024-10-27T00:53:23.526+0000] {logging_mixin.py:190} INFO - [2024-10-27T00:53:23.526+0000] {dag.py:3239} INFO - Sync 1 DAGs
[2024-10-27T00:53:23.545+0000] {logging_mixin.py:190} INFO - [2024-10-27T00:53:23.544+0000] {dag.py:4180} INFO - Setting next_dagrun for tutorial_dag to None, run_after=None
[2024-10-27T00:53:23.568+0000] {processor.py:208} INFO - Processing /home/airflow/.local/lib/python3.12/site-packages/airflow/example_dags/tutorial_dag.py took 0.086 seconds
[2024-10-27T00:53:56.958+0000] {processor.py:186} INFO - Started process (PID=53513) to work on /home/airflow/.local/lib/python3.12/site-packages/airflow/example_dags/tutorial_dag.py
[2024-10-27T00:53:56.960+0000] {processor.py:914} INFO - Processing file /home/airflow/.local/lib/python3.12/site-packages/airflow/example_dags/tutorial_dag.py for tasks to queue
[2024-10-27T00:53:56.963+0000] {logging_mixin.py:190} INFO - [2024-10-27T00:53:56.962+0000] {dagbag.py:588} INFO - Filling up the DagBag from /home/airflow/.local/lib/python3.12/site-packages/airflow/example_dags/tutorial_dag.py
[2024-10-27T00:53:56.975+0000] {processor.py:925} INFO - DAG(s) 'tutorial_dag' retrieved from /home/airflow/.local/lib/python3.12/site-packages/airflow/example_dags/tutorial_dag.py
[2024-10-27T00:53:57.000+0000] {logging_mixin.py:190} INFO - [2024-10-27T00:53:57.000+0000] {dag.py:3239} INFO - Sync 1 DAGs
[2024-10-27T00:53:57.016+0000] {logging_mixin.py:190} INFO - [2024-10-27T00:53:57.016+0000] {dag.py:4180} INFO - Setting next_dagrun for tutorial_dag to None, run_after=None
[2024-10-27T00:53:57.037+0000] {processor.py:208} INFO - Processing /home/airflow/.local/lib/python3.12/site-packages/airflow/example_dags/tutorial_dag.py took 0.089 seconds
[2024-10-27T00:54:29.046+0000] {processor.py:186} INFO - Started process (PID=53571) to work on /home/airflow/.local/lib/python3.12/site-packages/airflow/example_dags/tutorial_dag.py
[2024-10-27T00:54:29.047+0000] {processor.py:914} INFO - Processing file /home/airflow/.local/lib/python3.12/site-packages/airflow/example_dags/tutorial_dag.py for tasks to queue
[2024-10-27T00:54:29.050+0000] {logging_mixin.py:190} INFO - [2024-10-27T00:54:29.050+0000] {dagbag.py:588} INFO - Filling up the DagBag from /home/airflow/.local/lib/python3.12/site-packages/airflow/example_dags/tutorial_dag.py
[2024-10-27T00:54:29.057+0000] {processor.py:925} INFO - DAG(s) 'tutorial_dag' retrieved from /home/airflow/.local/lib/python3.12/site-packages/airflow/example_dags/tutorial_dag.py
[2024-10-27T00:54:29.081+0000] {logging_mixin.py:190} INFO - [2024-10-27T00:54:29.080+0000] {dag.py:3239} INFO - Sync 1 DAGs
[2024-10-27T00:54:29.096+0000] {logging_mixin.py:190} INFO - [2024-10-27T00:54:29.095+0000] {dag.py:4180} INFO - Setting next_dagrun for tutorial_dag to None, run_after=None
[2024-10-27T00:54:29.117+0000] {processor.py:208} INFO - Processing /home/airflow/.local/lib/python3.12/site-packages/airflow/example_dags/tutorial_dag.py took 0.078 seconds
[2024-10-27T00:55:02.660+0000] {processor.py:186} INFO - Started process (PID=53641) to work on /home/airflow/.local/lib/python3.12/site-packages/airflow/example_dags/tutorial_dag.py
[2024-10-27T00:55:02.661+0000] {processor.py:914} INFO - Processing file /home/airflow/.local/lib/python3.12/site-packages/airflow/example_dags/tutorial_dag.py for tasks to queue
[2024-10-27T00:55:02.665+0000] {logging_mixin.py:190} INFO - [2024-10-27T00:55:02.664+0000] {dagbag.py:588} INFO - Filling up the DagBag from /home/airflow/.local/lib/python3.12/site-packages/airflow/example_dags/tutorial_dag.py
[2024-10-27T00:55:02.676+0000] {processor.py:925} INFO - DAG(s) 'tutorial_dag' retrieved from /home/airflow/.local/lib/python3.12/site-packages/airflow/example_dags/tutorial_dag.py
[2024-10-27T00:55:02.715+0000] {logging_mixin.py:190} INFO - [2024-10-27T00:55:02.714+0000] {dag.py:3239} INFO - Sync 1 DAGs
[2024-10-27T00:55:02.737+0000] {logging_mixin.py:190} INFO - [2024-10-27T00:55:02.736+0000] {dag.py:4180} INFO - Setting next_dagrun for tutorial_dag to None, run_after=None
[2024-10-27T00:55:02.771+0000] {processor.py:208} INFO - Processing /home/airflow/.local/lib/python3.12/site-packages/airflow/example_dags/tutorial_dag.py took 0.117 seconds
[2024-10-27T00:55:35.089+0000] {processor.py:186} INFO - Started process (PID=53702) to work on /home/airflow/.local/lib/python3.12/site-packages/airflow/example_dags/tutorial_dag.py
[2024-10-27T00:55:35.090+0000] {processor.py:914} INFO - Processing file /home/airflow/.local/lib/python3.12/site-packages/airflow/example_dags/tutorial_dag.py for tasks to queue
[2024-10-27T00:55:35.094+0000] {logging_mixin.py:190} INFO - [2024-10-27T00:55:35.093+0000] {dagbag.py:588} INFO - Filling up the DagBag from /home/airflow/.local/lib/python3.12/site-packages/airflow/example_dags/tutorial_dag.py
[2024-10-27T00:55:35.102+0000] {processor.py:925} INFO - DAG(s) 'tutorial_dag' retrieved from /home/airflow/.local/lib/python3.12/site-packages/airflow/example_dags/tutorial_dag.py
[2024-10-27T00:55:35.122+0000] {logging_mixin.py:190} INFO - [2024-10-27T00:55:35.121+0000] {dag.py:3239} INFO - Sync 1 DAGs
[2024-10-27T00:55:35.135+0000] {logging_mixin.py:190} INFO - [2024-10-27T00:55:35.135+0000] {dag.py:4180} INFO - Setting next_dagrun for tutorial_dag to None, run_after=None
[2024-10-27T00:55:35.154+0000] {processor.py:208} INFO - Processing /home/airflow/.local/lib/python3.12/site-packages/airflow/example_dags/tutorial_dag.py took 0.075 seconds
[2024-10-27T00:56:07.470+0000] {processor.py:186} INFO - Started process (PID=53763) to work on /home/airflow/.local/lib/python3.12/site-packages/airflow/example_dags/tutorial_dag.py
[2024-10-27T00:56:07.471+0000] {processor.py:914} INFO - Processing file /home/airflow/.local/lib/python3.12/site-packages/airflow/example_dags/tutorial_dag.py for tasks to queue
[2024-10-27T00:56:07.474+0000] {logging_mixin.py:190} INFO - [2024-10-27T00:56:07.473+0000] {dagbag.py:588} INFO - Filling up the DagBag from /home/airflow/.local/lib/python3.12/site-packages/airflow/example_dags/tutorial_dag.py
[2024-10-27T00:56:07.482+0000] {processor.py:925} INFO - DAG(s) 'tutorial_dag' retrieved from /home/airflow/.local/lib/python3.12/site-packages/airflow/example_dags/tutorial_dag.py
[2024-10-27T00:56:07.502+0000] {logging_mixin.py:190} INFO - [2024-10-27T00:56:07.502+0000] {dag.py:3239} INFO - Sync 1 DAGs
[2024-10-27T00:56:07.518+0000] {logging_mixin.py:190} INFO - [2024-10-27T00:56:07.518+0000] {dag.py:4180} INFO - Setting next_dagrun for tutorial_dag to None, run_after=None
[2024-10-27T00:56:07.542+0000] {processor.py:208} INFO - Processing /home/airflow/.local/lib/python3.12/site-packages/airflow/example_dags/tutorial_dag.py took 0.078 seconds
[2024-10-27T00:56:39.634+0000] {processor.py:186} INFO - Started process (PID=53827) to work on /home/airflow/.local/lib/python3.12/site-packages/airflow/example_dags/tutorial_dag.py
[2024-10-27T00:56:39.635+0000] {processor.py:914} INFO - Processing file /home/airflow/.local/lib/python3.12/site-packages/airflow/example_dags/tutorial_dag.py for tasks to queue
[2024-10-27T00:56:39.637+0000] {logging_mixin.py:190} INFO - [2024-10-27T00:56:39.637+0000] {dagbag.py:588} INFO - Filling up the DagBag from /home/airflow/.local/lib/python3.12/site-packages/airflow/example_dags/tutorial_dag.py
[2024-10-27T00:56:39.643+0000] {processor.py:925} INFO - DAG(s) 'tutorial_dag' retrieved from /home/airflow/.local/lib/python3.12/site-packages/airflow/example_dags/tutorial_dag.py
[2024-10-27T00:56:39.665+0000] {logging_mixin.py:190} INFO - [2024-10-27T00:56:39.665+0000] {dag.py:3239} INFO - Sync 1 DAGs
[2024-10-27T00:56:39.681+0000] {logging_mixin.py:190} INFO - [2024-10-27T00:56:39.681+0000] {dag.py:4180} INFO - Setting next_dagrun for tutorial_dag to None, run_after=None
[2024-10-27T00:56:39.702+0000] {processor.py:208} INFO - Processing /home/airflow/.local/lib/python3.12/site-packages/airflow/example_dags/tutorial_dag.py took 0.075 seconds
[2024-10-27T00:57:12.910+0000] {processor.py:186} INFO - Started process (PID=53891) to work on /home/airflow/.local/lib/python3.12/site-packages/airflow/example_dags/tutorial_dag.py
[2024-10-27T00:57:12.912+0000] {processor.py:914} INFO - Processing file /home/airflow/.local/lib/python3.12/site-packages/airflow/example_dags/tutorial_dag.py for tasks to queue
[2024-10-27T00:57:12.917+0000] {logging_mixin.py:190} INFO - [2024-10-27T00:57:12.917+0000] {dagbag.py:588} INFO - Filling up the DagBag from /home/airflow/.local/lib/python3.12/site-packages/airflow/example_dags/tutorial_dag.py
[2024-10-27T00:57:12.936+0000] {processor.py:925} INFO - DAG(s) 'tutorial_dag' retrieved from /home/airflow/.local/lib/python3.12/site-packages/airflow/example_dags/tutorial_dag.py
[2024-10-27T00:57:12.983+0000] {logging_mixin.py:190} INFO - [2024-10-27T00:57:12.982+0000] {dag.py:3239} INFO - Sync 1 DAGs
[2024-10-27T00:57:13.003+0000] {logging_mixin.py:190} INFO - [2024-10-27T00:57:13.002+0000] {dag.py:4180} INFO - Setting next_dagrun for tutorial_dag to None, run_after=None
[2024-10-27T00:57:13.027+0000] {processor.py:208} INFO - Processing /home/airflow/.local/lib/python3.12/site-packages/airflow/example_dags/tutorial_dag.py took 0.124 seconds
[2024-10-27T00:57:45.148+0000] {processor.py:186} INFO - Started process (PID=53955) to work on /home/airflow/.local/lib/python3.12/site-packages/airflow/example_dags/tutorial_dag.py
[2024-10-27T00:57:45.149+0000] {processor.py:914} INFO - Processing file /home/airflow/.local/lib/python3.12/site-packages/airflow/example_dags/tutorial_dag.py for tasks to queue
[2024-10-27T00:57:45.152+0000] {logging_mixin.py:190} INFO - [2024-10-27T00:57:45.152+0000] {dagbag.py:588} INFO - Filling up the DagBag from /home/airflow/.local/lib/python3.12/site-packages/airflow/example_dags/tutorial_dag.py
[2024-10-27T00:57:45.161+0000] {processor.py:925} INFO - DAG(s) 'tutorial_dag' retrieved from /home/airflow/.local/lib/python3.12/site-packages/airflow/example_dags/tutorial_dag.py
[2024-10-27T00:57:45.179+0000] {logging_mixin.py:190} INFO - [2024-10-27T00:57:45.179+0000] {dag.py:3239} INFO - Sync 1 DAGs
[2024-10-27T00:57:45.193+0000] {logging_mixin.py:190} INFO - [2024-10-27T00:57:45.193+0000] {dag.py:4180} INFO - Setting next_dagrun for tutorial_dag to None, run_after=None
[2024-10-27T00:57:45.214+0000] {processor.py:208} INFO - Processing /home/airflow/.local/lib/python3.12/site-packages/airflow/example_dags/tutorial_dag.py took 0.073 seconds
[2024-10-27T00:58:18.417+0000] {processor.py:186} INFO - Started process (PID=54019) to work on /home/airflow/.local/lib/python3.12/site-packages/airflow/example_dags/tutorial_dag.py
[2024-10-27T00:58:18.419+0000] {processor.py:914} INFO - Processing file /home/airflow/.local/lib/python3.12/site-packages/airflow/example_dags/tutorial_dag.py for tasks to queue
[2024-10-27T00:58:18.421+0000] {logging_mixin.py:190} INFO - [2024-10-27T00:58:18.421+0000] {dagbag.py:588} INFO - Filling up the DagBag from /home/airflow/.local/lib/python3.12/site-packages/airflow/example_dags/tutorial_dag.py
[2024-10-27T00:58:18.434+0000] {processor.py:925} INFO - DAG(s) 'tutorial_dag' retrieved from /home/airflow/.local/lib/python3.12/site-packages/airflow/example_dags/tutorial_dag.py
[2024-10-27T00:58:18.468+0000] {logging_mixin.py:190} INFO - [2024-10-27T00:58:18.468+0000] {dag.py:3239} INFO - Sync 1 DAGs
[2024-10-27T00:58:18.481+0000] {logging_mixin.py:190} INFO - [2024-10-27T00:58:18.481+0000] {dag.py:4180} INFO - Setting next_dagrun for tutorial_dag to None, run_after=None
[2024-10-27T00:58:18.500+0000] {processor.py:208} INFO - Processing /home/airflow/.local/lib/python3.12/site-packages/airflow/example_dags/tutorial_dag.py took 0.089 seconds
[2024-10-27T00:58:51.581+0000] {processor.py:186} INFO - Started process (PID=54082) to work on /home/airflow/.local/lib/python3.12/site-packages/airflow/example_dags/tutorial_dag.py
[2024-10-27T00:58:51.582+0000] {processor.py:914} INFO - Processing file /home/airflow/.local/lib/python3.12/site-packages/airflow/example_dags/tutorial_dag.py for tasks to queue
[2024-10-27T00:58:51.584+0000] {logging_mixin.py:190} INFO - [2024-10-27T00:58:51.584+0000] {dagbag.py:588} INFO - Filling up the DagBag from /home/airflow/.local/lib/python3.12/site-packages/airflow/example_dags/tutorial_dag.py
[2024-10-27T00:58:51.590+0000] {processor.py:925} INFO - DAG(s) 'tutorial_dag' retrieved from /home/airflow/.local/lib/python3.12/site-packages/airflow/example_dags/tutorial_dag.py
[2024-10-27T00:58:51.608+0000] {logging_mixin.py:190} INFO - [2024-10-27T00:58:51.608+0000] {dag.py:3239} INFO - Sync 1 DAGs
[2024-10-27T00:58:51.621+0000] {logging_mixin.py:190} INFO - [2024-10-27T00:58:51.621+0000] {dag.py:4180} INFO - Setting next_dagrun for tutorial_dag to None, run_after=None
[2024-10-27T00:58:51.645+0000] {processor.py:208} INFO - Processing /home/airflow/.local/lib/python3.12/site-packages/airflow/example_dags/tutorial_dag.py took 0.071 seconds
[2024-10-27T00:59:23.926+0000] {processor.py:186} INFO - Started process (PID=54146) to work on /home/airflow/.local/lib/python3.12/site-packages/airflow/example_dags/tutorial_dag.py
[2024-10-27T00:59:23.928+0000] {processor.py:914} INFO - Processing file /home/airflow/.local/lib/python3.12/site-packages/airflow/example_dags/tutorial_dag.py for tasks to queue
[2024-10-27T00:59:23.934+0000] {logging_mixin.py:190} INFO - [2024-10-27T00:59:23.932+0000] {dagbag.py:588} INFO - Filling up the DagBag from /home/airflow/.local/lib/python3.12/site-packages/airflow/example_dags/tutorial_dag.py
[2024-10-27T00:59:23.942+0000] {processor.py:925} INFO - DAG(s) 'tutorial_dag' retrieved from /home/airflow/.local/lib/python3.12/site-packages/airflow/example_dags/tutorial_dag.py
[2024-10-27T00:59:23.987+0000] {logging_mixin.py:190} INFO - [2024-10-27T00:59:23.986+0000] {dag.py:3239} INFO - Sync 1 DAGs
[2024-10-27T00:59:24.016+0000] {logging_mixin.py:190} INFO - [2024-10-27T00:59:24.015+0000] {dag.py:4180} INFO - Setting next_dagrun for tutorial_dag to None, run_after=None
[2024-10-27T00:59:24.043+0000] {processor.py:208} INFO - Processing /home/airflow/.local/lib/python3.12/site-packages/airflow/example_dags/tutorial_dag.py took 0.124 seconds
[2024-10-27T00:59:56.935+0000] {processor.py:186} INFO - Started process (PID=54210) to work on /home/airflow/.local/lib/python3.12/site-packages/airflow/example_dags/tutorial_dag.py
[2024-10-27T00:59:56.937+0000] {processor.py:914} INFO - Processing file /home/airflow/.local/lib/python3.12/site-packages/airflow/example_dags/tutorial_dag.py for tasks to queue
[2024-10-27T00:59:56.940+0000] {logging_mixin.py:190} INFO - [2024-10-27T00:59:56.940+0000] {dagbag.py:588} INFO - Filling up the DagBag from /home/airflow/.local/lib/python3.12/site-packages/airflow/example_dags/tutorial_dag.py
[2024-10-27T00:59:56.947+0000] {processor.py:925} INFO - DAG(s) 'tutorial_dag' retrieved from /home/airflow/.local/lib/python3.12/site-packages/airflow/example_dags/tutorial_dag.py
[2024-10-27T00:59:56.970+0000] {logging_mixin.py:190} INFO - [2024-10-27T00:59:56.970+0000] {dag.py:3239} INFO - Sync 1 DAGs
[2024-10-27T00:59:56.985+0000] {logging_mixin.py:190} INFO - [2024-10-27T00:59:56.985+0000] {dag.py:4180} INFO - Setting next_dagrun for tutorial_dag to None, run_after=None
[2024-10-27T00:59:57.007+0000] {processor.py:208} INFO - Processing /home/airflow/.local/lib/python3.12/site-packages/airflow/example_dags/tutorial_dag.py took 0.078 seconds
[2024-10-27T01:00:29.562+0000] {processor.py:186} INFO - Started process (PID=54275) to work on /home/airflow/.local/lib/python3.12/site-packages/airflow/example_dags/tutorial_dag.py
[2024-10-27T01:00:29.563+0000] {processor.py:914} INFO - Processing file /home/airflow/.local/lib/python3.12/site-packages/airflow/example_dags/tutorial_dag.py for tasks to queue
[2024-10-27T01:00:29.566+0000] {logging_mixin.py:190} INFO - [2024-10-27T01:00:29.565+0000] {dagbag.py:588} INFO - Filling up the DagBag from /home/airflow/.local/lib/python3.12/site-packages/airflow/example_dags/tutorial_dag.py
[2024-10-27T01:00:29.575+0000] {processor.py:925} INFO - DAG(s) 'tutorial_dag' retrieved from /home/airflow/.local/lib/python3.12/site-packages/airflow/example_dags/tutorial_dag.py
[2024-10-27T01:00:29.593+0000] {logging_mixin.py:190} INFO - [2024-10-27T01:00:29.592+0000] {dag.py:3239} INFO - Sync 1 DAGs
[2024-10-27T01:00:29.610+0000] {logging_mixin.py:190} INFO - [2024-10-27T01:00:29.609+0000] {dag.py:4180} INFO - Setting next_dagrun for tutorial_dag to None, run_after=None
[2024-10-27T01:00:29.633+0000] {processor.py:208} INFO - Processing /home/airflow/.local/lib/python3.12/site-packages/airflow/example_dags/tutorial_dag.py took 0.077 seconds
[2024-10-27T01:01:01.968+0000] {processor.py:186} INFO - Started process (PID=54339) to work on /home/airflow/.local/lib/python3.12/site-packages/airflow/example_dags/tutorial_dag.py
[2024-10-27T01:01:01.969+0000] {processor.py:914} INFO - Processing file /home/airflow/.local/lib/python3.12/site-packages/airflow/example_dags/tutorial_dag.py for tasks to queue
[2024-10-27T01:01:01.971+0000] {logging_mixin.py:190} INFO - [2024-10-27T01:01:01.971+0000] {dagbag.py:588} INFO - Filling up the DagBag from /home/airflow/.local/lib/python3.12/site-packages/airflow/example_dags/tutorial_dag.py
[2024-10-27T01:01:01.978+0000] {processor.py:925} INFO - DAG(s) 'tutorial_dag' retrieved from /home/airflow/.local/lib/python3.12/site-packages/airflow/example_dags/tutorial_dag.py
[2024-10-27T01:01:01.998+0000] {logging_mixin.py:190} INFO - [2024-10-27T01:01:01.998+0000] {dag.py:3239} INFO - Sync 1 DAGs
[2024-10-27T01:01:02.013+0000] {logging_mixin.py:190} INFO - [2024-10-27T01:01:02.012+0000] {dag.py:4180} INFO - Setting next_dagrun for tutorial_dag to None, run_after=None
[2024-10-27T01:01:02.037+0000] {processor.py:208} INFO - Processing /home/airflow/.local/lib/python3.12/site-packages/airflow/example_dags/tutorial_dag.py took 0.074 seconds
[2024-10-27T01:01:34.384+0000] {processor.py:186} INFO - Started process (PID=54403) to work on /home/airflow/.local/lib/python3.12/site-packages/airflow/example_dags/tutorial_dag.py
[2024-10-27T01:01:34.385+0000] {processor.py:914} INFO - Processing file /home/airflow/.local/lib/python3.12/site-packages/airflow/example_dags/tutorial_dag.py for tasks to queue
[2024-10-27T01:01:34.389+0000] {logging_mixin.py:190} INFO - [2024-10-27T01:01:34.388+0000] {dagbag.py:588} INFO - Filling up the DagBag from /home/airflow/.local/lib/python3.12/site-packages/airflow/example_dags/tutorial_dag.py
[2024-10-27T01:01:34.396+0000] {processor.py:925} INFO - DAG(s) 'tutorial_dag' retrieved from /home/airflow/.local/lib/python3.12/site-packages/airflow/example_dags/tutorial_dag.py
[2024-10-27T01:01:34.414+0000] {logging_mixin.py:190} INFO - [2024-10-27T01:01:34.414+0000] {dag.py:3239} INFO - Sync 1 DAGs
[2024-10-27T01:01:34.429+0000] {logging_mixin.py:190} INFO - [2024-10-27T01:01:34.429+0000] {dag.py:4180} INFO - Setting next_dagrun for tutorial_dag to None, run_after=None
[2024-10-27T01:01:34.455+0000] {processor.py:208} INFO - Processing /home/airflow/.local/lib/python3.12/site-packages/airflow/example_dags/tutorial_dag.py took 0.076 seconds
[2024-10-27T01:02:04.866+0000] {processor.py:186} INFO - Started process (PID=54474) to work on /home/airflow/.local/lib/python3.12/site-packages/airflow/example_dags/tutorial_dag.py
[2024-10-27T01:02:04.868+0000] {processor.py:914} INFO - Processing file /home/airflow/.local/lib/python3.12/site-packages/airflow/example_dags/tutorial_dag.py for tasks to queue
[2024-10-27T01:02:04.870+0000] {logging_mixin.py:190} INFO - [2024-10-27T01:02:04.870+0000] {dagbag.py:588} INFO - Filling up the DagBag from /home/airflow/.local/lib/python3.12/site-packages/airflow/example_dags/tutorial_dag.py
[2024-10-27T01:02:04.877+0000] {processor.py:925} INFO - DAG(s) 'tutorial_dag' retrieved from /home/airflow/.local/lib/python3.12/site-packages/airflow/example_dags/tutorial_dag.py
[2024-10-27T01:02:04.897+0000] {logging_mixin.py:190} INFO - [2024-10-27T01:02:04.897+0000] {dag.py:3239} INFO - Sync 1 DAGs
[2024-10-27T01:02:04.911+0000] {logging_mixin.py:190} INFO - [2024-10-27T01:02:04.910+0000] {dag.py:4180} INFO - Setting next_dagrun for tutorial_dag to None, run_after=None
[2024-10-27T01:02:04.935+0000] {processor.py:208} INFO - Processing /home/airflow/.local/lib/python3.12/site-packages/airflow/example_dags/tutorial_dag.py took 0.075 seconds
[2024-10-27T01:02:35.393+0000] {processor.py:186} INFO - Started process (PID=54532) to work on /home/airflow/.local/lib/python3.12/site-packages/airflow/example_dags/tutorial_dag.py
[2024-10-27T01:02:35.395+0000] {processor.py:914} INFO - Processing file /home/airflow/.local/lib/python3.12/site-packages/airflow/example_dags/tutorial_dag.py for tasks to queue
[2024-10-27T01:02:35.399+0000] {logging_mixin.py:190} INFO - [2024-10-27T01:02:35.398+0000] {dagbag.py:588} INFO - Filling up the DagBag from /home/airflow/.local/lib/python3.12/site-packages/airflow/example_dags/tutorial_dag.py
[2024-10-27T01:02:35.406+0000] {processor.py:925} INFO - DAG(s) 'tutorial_dag' retrieved from /home/airflow/.local/lib/python3.12/site-packages/airflow/example_dags/tutorial_dag.py
[2024-10-27T01:02:35.429+0000] {logging_mixin.py:190} INFO - [2024-10-27T01:02:35.429+0000] {dag.py:3239} INFO - Sync 1 DAGs
[2024-10-27T01:02:35.443+0000] {logging_mixin.py:190} INFO - [2024-10-27T01:02:35.443+0000] {dag.py:4180} INFO - Setting next_dagrun for tutorial_dag to None, run_after=None
[2024-10-27T01:02:35.462+0000] {processor.py:208} INFO - Processing /home/airflow/.local/lib/python3.12/site-packages/airflow/example_dags/tutorial_dag.py took 0.076 seconds
[2024-10-27T01:03:06.511+0000] {processor.py:186} INFO - Started process (PID=54598) to work on /home/airflow/.local/lib/python3.12/site-packages/airflow/example_dags/tutorial_dag.py
[2024-10-27T01:03:06.512+0000] {processor.py:914} INFO - Processing file /home/airflow/.local/lib/python3.12/site-packages/airflow/example_dags/tutorial_dag.py for tasks to queue
[2024-10-27T01:03:06.515+0000] {logging_mixin.py:190} INFO - [2024-10-27T01:03:06.514+0000] {dagbag.py:588} INFO - Filling up the DagBag from /home/airflow/.local/lib/python3.12/site-packages/airflow/example_dags/tutorial_dag.py
[2024-10-27T01:03:06.521+0000] {processor.py:925} INFO - DAG(s) 'tutorial_dag' retrieved from /home/airflow/.local/lib/python3.12/site-packages/airflow/example_dags/tutorial_dag.py
[2024-10-27T01:03:06.539+0000] {logging_mixin.py:190} INFO - [2024-10-27T01:03:06.538+0000] {dag.py:3239} INFO - Sync 1 DAGs
[2024-10-27T01:03:06.553+0000] {logging_mixin.py:190} INFO - [2024-10-27T01:03:06.553+0000] {dag.py:4180} INFO - Setting next_dagrun for tutorial_dag to None, run_after=None
[2024-10-27T01:03:06.575+0000] {processor.py:208} INFO - Processing /home/airflow/.local/lib/python3.12/site-packages/airflow/example_dags/tutorial_dag.py took 0.070 seconds
[2024-10-27T01:03:37.470+0000] {processor.py:186} INFO - Started process (PID=54662) to work on /home/airflow/.local/lib/python3.12/site-packages/airflow/example_dags/tutorial_dag.py
[2024-10-27T01:03:37.472+0000] {processor.py:914} INFO - Processing file /home/airflow/.local/lib/python3.12/site-packages/airflow/example_dags/tutorial_dag.py for tasks to queue
[2024-10-27T01:03:37.474+0000] {logging_mixin.py:190} INFO - [2024-10-27T01:03:37.474+0000] {dagbag.py:588} INFO - Filling up the DagBag from /home/airflow/.local/lib/python3.12/site-packages/airflow/example_dags/tutorial_dag.py
[2024-10-27T01:03:37.481+0000] {processor.py:925} INFO - DAG(s) 'tutorial_dag' retrieved from /home/airflow/.local/lib/python3.12/site-packages/airflow/example_dags/tutorial_dag.py
[2024-10-27T01:03:37.502+0000] {logging_mixin.py:190} INFO - [2024-10-27T01:03:37.502+0000] {dag.py:3239} INFO - Sync 1 DAGs
[2024-10-27T01:03:37.518+0000] {logging_mixin.py:190} INFO - [2024-10-27T01:03:37.517+0000] {dag.py:4180} INFO - Setting next_dagrun for tutorial_dag to None, run_after=None
[2024-10-27T01:03:37.539+0000] {processor.py:208} INFO - Processing /home/airflow/.local/lib/python3.12/site-packages/airflow/example_dags/tutorial_dag.py took 0.076 seconds
[2024-10-27T01:04:07.740+0000] {processor.py:186} INFO - Started process (PID=54726) to work on /home/airflow/.local/lib/python3.12/site-packages/airflow/example_dags/tutorial_dag.py
[2024-10-27T01:04:07.741+0000] {processor.py:914} INFO - Processing file /home/airflow/.local/lib/python3.12/site-packages/airflow/example_dags/tutorial_dag.py for tasks to queue
[2024-10-27T01:04:07.745+0000] {logging_mixin.py:190} INFO - [2024-10-27T01:04:07.744+0000] {dagbag.py:588} INFO - Filling up the DagBag from /home/airflow/.local/lib/python3.12/site-packages/airflow/example_dags/tutorial_dag.py
[2024-10-27T01:04:07.752+0000] {processor.py:925} INFO - DAG(s) 'tutorial_dag' retrieved from /home/airflow/.local/lib/python3.12/site-packages/airflow/example_dags/tutorial_dag.py
[2024-10-27T01:04:07.774+0000] {logging_mixin.py:190} INFO - [2024-10-27T01:04:07.774+0000] {dag.py:3239} INFO - Sync 1 DAGs
[2024-10-27T01:04:07.789+0000] {logging_mixin.py:190} INFO - [2024-10-27T01:04:07.788+0000] {dag.py:4180} INFO - Setting next_dagrun for tutorial_dag to None, run_after=None
[2024-10-27T01:04:07.809+0000] {processor.py:208} INFO - Processing /home/airflow/.local/lib/python3.12/site-packages/airflow/example_dags/tutorial_dag.py took 0.075 seconds
[2024-10-27T01:04:38.152+0000] {processor.py:186} INFO - Started process (PID=54790) to work on /home/airflow/.local/lib/python3.12/site-packages/airflow/example_dags/tutorial_dag.py
[2024-10-27T01:04:38.153+0000] {processor.py:914} INFO - Processing file /home/airflow/.local/lib/python3.12/site-packages/airflow/example_dags/tutorial_dag.py for tasks to queue
[2024-10-27T01:04:38.157+0000] {logging_mixin.py:190} INFO - [2024-10-27T01:04:38.156+0000] {dagbag.py:588} INFO - Filling up the DagBag from /home/airflow/.local/lib/python3.12/site-packages/airflow/example_dags/tutorial_dag.py
[2024-10-27T01:04:38.168+0000] {processor.py:925} INFO - DAG(s) 'tutorial_dag' retrieved from /home/airflow/.local/lib/python3.12/site-packages/airflow/example_dags/tutorial_dag.py
[2024-10-27T01:04:38.189+0000] {logging_mixin.py:190} INFO - [2024-10-27T01:04:38.189+0000] {dag.py:3239} INFO - Sync 1 DAGs
[2024-10-27T01:04:38.205+0000] {logging_mixin.py:190} INFO - [2024-10-27T01:04:38.205+0000] {dag.py:4180} INFO - Setting next_dagrun for tutorial_dag to None, run_after=None
[2024-10-27T01:04:38.226+0000] {processor.py:208} INFO - Processing /home/airflow/.local/lib/python3.12/site-packages/airflow/example_dags/tutorial_dag.py took 0.080 seconds
[2024-10-27T01:05:09.116+0000] {processor.py:186} INFO - Started process (PID=54853) to work on /home/airflow/.local/lib/python3.12/site-packages/airflow/example_dags/tutorial_dag.py
[2024-10-27T01:05:09.117+0000] {processor.py:914} INFO - Processing file /home/airflow/.local/lib/python3.12/site-packages/airflow/example_dags/tutorial_dag.py for tasks to queue
[2024-10-27T01:05:09.120+0000] {logging_mixin.py:190} INFO - [2024-10-27T01:05:09.119+0000] {dagbag.py:588} INFO - Filling up the DagBag from /home/airflow/.local/lib/python3.12/site-packages/airflow/example_dags/tutorial_dag.py
[2024-10-27T01:05:09.130+0000] {processor.py:925} INFO - DAG(s) 'tutorial_dag' retrieved from /home/airflow/.local/lib/python3.12/site-packages/airflow/example_dags/tutorial_dag.py
[2024-10-27T01:05:09.149+0000] {logging_mixin.py:190} INFO - [2024-10-27T01:05:09.148+0000] {dag.py:3239} INFO - Sync 1 DAGs
[2024-10-27T01:05:09.163+0000] {logging_mixin.py:190} INFO - [2024-10-27T01:05:09.163+0000] {dag.py:4180} INFO - Setting next_dagrun for tutorial_dag to None, run_after=None
[2024-10-27T01:05:09.183+0000] {processor.py:208} INFO - Processing /home/airflow/.local/lib/python3.12/site-packages/airflow/example_dags/tutorial_dag.py took 0.073 seconds
[2024-10-27T01:05:39.440+0000] {processor.py:186} INFO - Started process (PID=54917) to work on /home/airflow/.local/lib/python3.12/site-packages/airflow/example_dags/tutorial_dag.py
[2024-10-27T01:05:39.442+0000] {processor.py:914} INFO - Processing file /home/airflow/.local/lib/python3.12/site-packages/airflow/example_dags/tutorial_dag.py for tasks to queue
[2024-10-27T01:05:39.445+0000] {logging_mixin.py:190} INFO - [2024-10-27T01:05:39.445+0000] {dagbag.py:588} INFO - Filling up the DagBag from /home/airflow/.local/lib/python3.12/site-packages/airflow/example_dags/tutorial_dag.py
[2024-10-27T01:05:39.452+0000] {processor.py:925} INFO - DAG(s) 'tutorial_dag' retrieved from /home/airflow/.local/lib/python3.12/site-packages/airflow/example_dags/tutorial_dag.py
[2024-10-27T01:05:39.471+0000] {logging_mixin.py:190} INFO - [2024-10-27T01:05:39.470+0000] {dag.py:3239} INFO - Sync 1 DAGs
[2024-10-27T01:05:39.483+0000] {logging_mixin.py:190} INFO - [2024-10-27T01:05:39.483+0000] {dag.py:4180} INFO - Setting next_dagrun for tutorial_dag to None, run_after=None
[2024-10-27T01:05:39.507+0000] {processor.py:208} INFO - Processing /home/airflow/.local/lib/python3.12/site-packages/airflow/example_dags/tutorial_dag.py took 0.073 seconds
[2024-10-27T01:06:10.470+0000] {processor.py:186} INFO - Started process (PID=54981) to work on /home/airflow/.local/lib/python3.12/site-packages/airflow/example_dags/tutorial_dag.py
[2024-10-27T01:06:10.472+0000] {processor.py:914} INFO - Processing file /home/airflow/.local/lib/python3.12/site-packages/airflow/example_dags/tutorial_dag.py for tasks to queue
[2024-10-27T01:06:10.477+0000] {logging_mixin.py:190} INFO - [2024-10-27T01:06:10.477+0000] {dagbag.py:588} INFO - Filling up the DagBag from /home/airflow/.local/lib/python3.12/site-packages/airflow/example_dags/tutorial_dag.py
[2024-10-27T01:06:10.494+0000] {processor.py:925} INFO - DAG(s) 'tutorial_dag' retrieved from /home/airflow/.local/lib/python3.12/site-packages/airflow/example_dags/tutorial_dag.py
[2024-10-27T01:06:10.518+0000] {logging_mixin.py:190} INFO - [2024-10-27T01:06:10.518+0000] {dag.py:3239} INFO - Sync 1 DAGs
[2024-10-27T01:06:10.542+0000] {logging_mixin.py:190} INFO - [2024-10-27T01:06:10.542+0000] {dag.py:4180} INFO - Setting next_dagrun for tutorial_dag to None, run_after=None
[2024-10-27T01:06:10.570+0000] {processor.py:208} INFO - Processing /home/airflow/.local/lib/python3.12/site-packages/airflow/example_dags/tutorial_dag.py took 0.106 seconds
[2024-10-27T01:06:41.087+0000] {processor.py:186} INFO - Started process (PID=55045) to work on /home/airflow/.local/lib/python3.12/site-packages/airflow/example_dags/tutorial_dag.py
[2024-10-27T01:06:41.089+0000] {processor.py:914} INFO - Processing file /home/airflow/.local/lib/python3.12/site-packages/airflow/example_dags/tutorial_dag.py for tasks to queue
[2024-10-27T01:06:41.092+0000] {logging_mixin.py:190} INFO - [2024-10-27T01:06:41.092+0000] {dagbag.py:588} INFO - Filling up the DagBag from /home/airflow/.local/lib/python3.12/site-packages/airflow/example_dags/tutorial_dag.py
[2024-10-27T01:06:41.106+0000] {processor.py:925} INFO - DAG(s) 'tutorial_dag' retrieved from /home/airflow/.local/lib/python3.12/site-packages/airflow/example_dags/tutorial_dag.py
[2024-10-27T01:06:41.136+0000] {logging_mixin.py:190} INFO - [2024-10-27T01:06:41.136+0000] {dag.py:3239} INFO - Sync 1 DAGs
[2024-10-27T01:06:41.158+0000] {logging_mixin.py:190} INFO - [2024-10-27T01:06:41.157+0000] {dag.py:4180} INFO - Setting next_dagrun for tutorial_dag to None, run_after=None
[2024-10-27T01:06:41.180+0000] {processor.py:208} INFO - Processing /home/airflow/.local/lib/python3.12/site-packages/airflow/example_dags/tutorial_dag.py took 0.100 seconds
[2024-10-27T01:07:12.195+0000] {processor.py:186} INFO - Started process (PID=55109) to work on /home/airflow/.local/lib/python3.12/site-packages/airflow/example_dags/tutorial_dag.py
[2024-10-27T01:07:12.197+0000] {processor.py:914} INFO - Processing file /home/airflow/.local/lib/python3.12/site-packages/airflow/example_dags/tutorial_dag.py for tasks to queue
[2024-10-27T01:07:12.199+0000] {logging_mixin.py:190} INFO - [2024-10-27T01:07:12.199+0000] {dagbag.py:588} INFO - Filling up the DagBag from /home/airflow/.local/lib/python3.12/site-packages/airflow/example_dags/tutorial_dag.py
[2024-10-27T01:07:12.207+0000] {processor.py:925} INFO - DAG(s) 'tutorial_dag' retrieved from /home/airflow/.local/lib/python3.12/site-packages/airflow/example_dags/tutorial_dag.py
[2024-10-27T01:07:12.228+0000] {logging_mixin.py:190} INFO - [2024-10-27T01:07:12.228+0000] {dag.py:3239} INFO - Sync 1 DAGs
[2024-10-27T01:07:12.243+0000] {logging_mixin.py:190} INFO - [2024-10-27T01:07:12.243+0000] {dag.py:4180} INFO - Setting next_dagrun for tutorial_dag to None, run_after=None
[2024-10-27T01:07:12.266+0000] {processor.py:208} INFO - Processing /home/airflow/.local/lib/python3.12/site-packages/airflow/example_dags/tutorial_dag.py took 0.077 seconds
[2024-10-27T01:07:43.044+0000] {processor.py:186} INFO - Started process (PID=55173) to work on /home/airflow/.local/lib/python3.12/site-packages/airflow/example_dags/tutorial_dag.py
[2024-10-27T01:07:43.045+0000] {processor.py:914} INFO - Processing file /home/airflow/.local/lib/python3.12/site-packages/airflow/example_dags/tutorial_dag.py for tasks to queue
[2024-10-27T01:07:43.048+0000] {logging_mixin.py:190} INFO - [2024-10-27T01:07:43.047+0000] {dagbag.py:588} INFO - Filling up the DagBag from /home/airflow/.local/lib/python3.12/site-packages/airflow/example_dags/tutorial_dag.py
[2024-10-27T01:07:43.057+0000] {processor.py:925} INFO - DAG(s) 'tutorial_dag' retrieved from /home/airflow/.local/lib/python3.12/site-packages/airflow/example_dags/tutorial_dag.py
[2024-10-27T01:07:43.075+0000] {logging_mixin.py:190} INFO - [2024-10-27T01:07:43.075+0000] {dag.py:3239} INFO - Sync 1 DAGs
[2024-10-27T01:07:43.089+0000] {logging_mixin.py:190} INFO - [2024-10-27T01:07:43.089+0000] {dag.py:4180} INFO - Setting next_dagrun for tutorial_dag to None, run_after=None
[2024-10-27T01:07:43.112+0000] {processor.py:208} INFO - Processing /home/airflow/.local/lib/python3.12/site-packages/airflow/example_dags/tutorial_dag.py took 0.073 seconds
[2024-10-27T01:08:14.330+0000] {processor.py:186} INFO - Started process (PID=55237) to work on /home/airflow/.local/lib/python3.12/site-packages/airflow/example_dags/tutorial_dag.py
[2024-10-27T01:08:14.331+0000] {processor.py:914} INFO - Processing file /home/airflow/.local/lib/python3.12/site-packages/airflow/example_dags/tutorial_dag.py for tasks to queue
[2024-10-27T01:08:14.334+0000] {logging_mixin.py:190} INFO - [2024-10-27T01:08:14.333+0000] {dagbag.py:588} INFO - Filling up the DagBag from /home/airflow/.local/lib/python3.12/site-packages/airflow/example_dags/tutorial_dag.py
[2024-10-27T01:08:14.342+0000] {processor.py:925} INFO - DAG(s) 'tutorial_dag' retrieved from /home/airflow/.local/lib/python3.12/site-packages/airflow/example_dags/tutorial_dag.py
[2024-10-27T01:08:14.362+0000] {logging_mixin.py:190} INFO - [2024-10-27T01:08:14.362+0000] {dag.py:3239} INFO - Sync 1 DAGs
[2024-10-27T01:08:14.377+0000] {logging_mixin.py:190} INFO - [2024-10-27T01:08:14.377+0000] {dag.py:4180} INFO - Setting next_dagrun for tutorial_dag to None, run_after=None
[2024-10-27T01:08:14.398+0000] {processor.py:208} INFO - Processing /home/airflow/.local/lib/python3.12/site-packages/airflow/example_dags/tutorial_dag.py took 0.075 seconds
[2024-10-27T01:08:44.699+0000] {processor.py:186} INFO - Started process (PID=55301) to work on /home/airflow/.local/lib/python3.12/site-packages/airflow/example_dags/tutorial_dag.py
[2024-10-27T01:08:44.700+0000] {processor.py:914} INFO - Processing file /home/airflow/.local/lib/python3.12/site-packages/airflow/example_dags/tutorial_dag.py for tasks to queue
[2024-10-27T01:08:44.702+0000] {logging_mixin.py:190} INFO - [2024-10-27T01:08:44.702+0000] {dagbag.py:588} INFO - Filling up the DagBag from /home/airflow/.local/lib/python3.12/site-packages/airflow/example_dags/tutorial_dag.py
[2024-10-27T01:08:44.711+0000] {processor.py:925} INFO - DAG(s) 'tutorial_dag' retrieved from /home/airflow/.local/lib/python3.12/site-packages/airflow/example_dags/tutorial_dag.py
[2024-10-27T01:08:44.731+0000] {logging_mixin.py:190} INFO - [2024-10-27T01:08:44.730+0000] {dag.py:3239} INFO - Sync 1 DAGs
[2024-10-27T01:08:44.743+0000] {logging_mixin.py:190} INFO - [2024-10-27T01:08:44.743+0000] {dag.py:4180} INFO - Setting next_dagrun for tutorial_dag to None, run_after=None
[2024-10-27T01:08:44.764+0000] {processor.py:208} INFO - Processing /home/airflow/.local/lib/python3.12/site-packages/airflow/example_dags/tutorial_dag.py took 0.070 seconds
[2024-10-27T01:09:14.932+0000] {processor.py:186} INFO - Started process (PID=55365) to work on /home/airflow/.local/lib/python3.12/site-packages/airflow/example_dags/tutorial_dag.py
[2024-10-27T01:09:14.933+0000] {processor.py:914} INFO - Processing file /home/airflow/.local/lib/python3.12/site-packages/airflow/example_dags/tutorial_dag.py for tasks to queue
[2024-10-27T01:09:14.936+0000] {logging_mixin.py:190} INFO - [2024-10-27T01:09:14.936+0000] {dagbag.py:588} INFO - Filling up the DagBag from /home/airflow/.local/lib/python3.12/site-packages/airflow/example_dags/tutorial_dag.py
[2024-10-27T01:09:14.946+0000] {processor.py:925} INFO - DAG(s) 'tutorial_dag' retrieved from /home/airflow/.local/lib/python3.12/site-packages/airflow/example_dags/tutorial_dag.py
[2024-10-27T01:09:14.970+0000] {logging_mixin.py:190} INFO - [2024-10-27T01:09:14.970+0000] {dag.py:3239} INFO - Sync 1 DAGs
[2024-10-27T01:09:14.985+0000] {logging_mixin.py:190} INFO - [2024-10-27T01:09:14.985+0000] {dag.py:4180} INFO - Setting next_dagrun for tutorial_dag to None, run_after=None
[2024-10-27T01:09:15.012+0000] {processor.py:208} INFO - Processing /home/airflow/.local/lib/python3.12/site-packages/airflow/example_dags/tutorial_dag.py took 0.088 seconds
[2024-10-27T01:09:46.919+0000] {processor.py:186} INFO - Started process (PID=55423) to work on /home/airflow/.local/lib/python3.12/site-packages/airflow/example_dags/tutorial_dag.py
[2024-10-27T01:09:46.921+0000] {processor.py:914} INFO - Processing file /home/airflow/.local/lib/python3.12/site-packages/airflow/example_dags/tutorial_dag.py for tasks to queue
[2024-10-27T01:09:46.924+0000] {logging_mixin.py:190} INFO - [2024-10-27T01:09:46.923+0000] {dagbag.py:588} INFO - Filling up the DagBag from /home/airflow/.local/lib/python3.12/site-packages/airflow/example_dags/tutorial_dag.py
[2024-10-27T01:09:46.931+0000] {processor.py:925} INFO - DAG(s) 'tutorial_dag' retrieved from /home/airflow/.local/lib/python3.12/site-packages/airflow/example_dags/tutorial_dag.py
[2024-10-27T01:09:46.950+0000] {logging_mixin.py:190} INFO - [2024-10-27T01:09:46.949+0000] {dag.py:3239} INFO - Sync 1 DAGs
[2024-10-27T01:09:46.963+0000] {logging_mixin.py:190} INFO - [2024-10-27T01:09:46.963+0000] {dag.py:4180} INFO - Setting next_dagrun for tutorial_dag to None, run_after=None
[2024-10-27T01:09:46.993+0000] {processor.py:208} INFO - Processing /home/airflow/.local/lib/python3.12/site-packages/airflow/example_dags/tutorial_dag.py took 0.079 seconds
[2024-10-27T01:10:20.239+0000] {processor.py:186} INFO - Started process (PID=55493) to work on /home/airflow/.local/lib/python3.12/site-packages/airflow/example_dags/tutorial_dag.py
[2024-10-27T01:10:20.240+0000] {processor.py:914} INFO - Processing file /home/airflow/.local/lib/python3.12/site-packages/airflow/example_dags/tutorial_dag.py for tasks to queue
[2024-10-27T01:10:20.245+0000] {logging_mixin.py:190} INFO - [2024-10-27T01:10:20.244+0000] {dagbag.py:588} INFO - Filling up the DagBag from /home/airflow/.local/lib/python3.12/site-packages/airflow/example_dags/tutorial_dag.py
[2024-10-27T01:10:20.253+0000] {processor.py:925} INFO - DAG(s) 'tutorial_dag' retrieved from /home/airflow/.local/lib/python3.12/site-packages/airflow/example_dags/tutorial_dag.py
[2024-10-27T01:10:20.273+0000] {logging_mixin.py:190} INFO - [2024-10-27T01:10:20.273+0000] {dag.py:3239} INFO - Sync 1 DAGs
[2024-10-27T01:10:20.286+0000] {logging_mixin.py:190} INFO - [2024-10-27T01:10:20.286+0000] {dag.py:4180} INFO - Setting next_dagrun for tutorial_dag to None, run_after=None
[2024-10-27T01:10:20.311+0000] {processor.py:208} INFO - Processing /home/airflow/.local/lib/python3.12/site-packages/airflow/example_dags/tutorial_dag.py took 0.079 seconds
[2024-10-27T01:10:52.634+0000] {processor.py:186} INFO - Started process (PID=55549) to work on /home/airflow/.local/lib/python3.12/site-packages/airflow/example_dags/tutorial_dag.py
[2024-10-27T01:10:52.636+0000] {processor.py:914} INFO - Processing file /home/airflow/.local/lib/python3.12/site-packages/airflow/example_dags/tutorial_dag.py for tasks to queue
[2024-10-27T01:10:52.638+0000] {logging_mixin.py:190} INFO - [2024-10-27T01:10:52.638+0000] {dagbag.py:588} INFO - Filling up the DagBag from /home/airflow/.local/lib/python3.12/site-packages/airflow/example_dags/tutorial_dag.py
[2024-10-27T01:10:52.647+0000] {processor.py:925} INFO - DAG(s) 'tutorial_dag' retrieved from /home/airflow/.local/lib/python3.12/site-packages/airflow/example_dags/tutorial_dag.py
[2024-10-27T01:10:52.666+0000] {logging_mixin.py:190} INFO - [2024-10-27T01:10:52.666+0000] {dag.py:3239} INFO - Sync 1 DAGs
[2024-10-27T01:10:52.682+0000] {logging_mixin.py:190} INFO - [2024-10-27T01:10:52.682+0000] {dag.py:4180} INFO - Setting next_dagrun for tutorial_dag to None, run_after=None
[2024-10-27T01:10:52.704+0000] {processor.py:208} INFO - Processing /home/airflow/.local/lib/python3.12/site-packages/airflow/example_dags/tutorial_dag.py took 0.075 seconds
[2024-10-27T01:11:25.123+0000] {processor.py:186} INFO - Started process (PID=55600) to work on /home/airflow/.local/lib/python3.12/site-packages/airflow/example_dags/tutorial_dag.py
[2024-10-27T01:11:25.124+0000] {processor.py:914} INFO - Processing file /home/airflow/.local/lib/python3.12/site-packages/airflow/example_dags/tutorial_dag.py for tasks to queue
[2024-10-27T01:11:25.129+0000] {logging_mixin.py:190} INFO - [2024-10-27T01:11:25.128+0000] {dagbag.py:588} INFO - Filling up the DagBag from /home/airflow/.local/lib/python3.12/site-packages/airflow/example_dags/tutorial_dag.py
[2024-10-27T01:11:25.138+0000] {processor.py:925} INFO - DAG(s) 'tutorial_dag' retrieved from /home/airflow/.local/lib/python3.12/site-packages/airflow/example_dags/tutorial_dag.py
[2024-10-27T01:11:25.156+0000] {logging_mixin.py:190} INFO - [2024-10-27T01:11:25.156+0000] {dag.py:3239} INFO - Sync 1 DAGs
[2024-10-27T01:11:25.170+0000] {logging_mixin.py:190} INFO - [2024-10-27T01:11:25.170+0000] {dag.py:4180} INFO - Setting next_dagrun for tutorial_dag to None, run_after=None
[2024-10-27T01:11:25.196+0000] {processor.py:208} INFO - Processing /home/airflow/.local/lib/python3.12/site-packages/airflow/example_dags/tutorial_dag.py took 0.080 seconds
[2024-10-27T01:11:56.941+0000] {processor.py:186} INFO - Started process (PID=55658) to work on /home/airflow/.local/lib/python3.12/site-packages/airflow/example_dags/tutorial_dag.py
[2024-10-27T01:11:56.942+0000] {processor.py:914} INFO - Processing file /home/airflow/.local/lib/python3.12/site-packages/airflow/example_dags/tutorial_dag.py for tasks to queue
[2024-10-27T01:11:56.945+0000] {logging_mixin.py:190} INFO - [2024-10-27T01:11:56.945+0000] {dagbag.py:588} INFO - Filling up the DagBag from /home/airflow/.local/lib/python3.12/site-packages/airflow/example_dags/tutorial_dag.py
[2024-10-27T01:11:56.954+0000] {processor.py:925} INFO - DAG(s) 'tutorial_dag' retrieved from /home/airflow/.local/lib/python3.12/site-packages/airflow/example_dags/tutorial_dag.py
[2024-10-27T01:11:56.973+0000] {logging_mixin.py:190} INFO - [2024-10-27T01:11:56.973+0000] {dag.py:3239} INFO - Sync 1 DAGs
[2024-10-27T01:11:56.987+0000] {logging_mixin.py:190} INFO - [2024-10-27T01:11:56.986+0000] {dag.py:4180} INFO - Setting next_dagrun for tutorial_dag to None, run_after=None
[2024-10-27T01:11:57.007+0000] {processor.py:208} INFO - Processing /home/airflow/.local/lib/python3.12/site-packages/airflow/example_dags/tutorial_dag.py took 0.072 seconds
[2024-10-27T01:12:30.455+0000] {processor.py:186} INFO - Started process (PID=55727) to work on /home/airflow/.local/lib/python3.12/site-packages/airflow/example_dags/tutorial_dag.py
[2024-10-27T01:12:30.467+0000] {processor.py:914} INFO - Processing file /home/airflow/.local/lib/python3.12/site-packages/airflow/example_dags/tutorial_dag.py for tasks to queue
[2024-10-27T01:12:30.474+0000] {logging_mixin.py:190} INFO - [2024-10-27T01:12:30.473+0000] {dagbag.py:588} INFO - Filling up the DagBag from /home/airflow/.local/lib/python3.12/site-packages/airflow/example_dags/tutorial_dag.py
[2024-10-27T01:12:30.492+0000] {processor.py:925} INFO - DAG(s) 'tutorial_dag' retrieved from /home/airflow/.local/lib/python3.12/site-packages/airflow/example_dags/tutorial_dag.py
[2024-10-27T01:12:30.522+0000] {logging_mixin.py:190} INFO - [2024-10-27T01:12:30.522+0000] {dag.py:3239} INFO - Sync 1 DAGs
[2024-10-27T01:12:30.541+0000] {logging_mixin.py:190} INFO - [2024-10-27T01:12:30.540+0000] {dag.py:4180} INFO - Setting next_dagrun for tutorial_dag to None, run_after=None
[2024-10-27T01:12:30.569+0000] {processor.py:208} INFO - Processing /home/airflow/.local/lib/python3.12/site-packages/airflow/example_dags/tutorial_dag.py took 0.140 seconds
[2024-10-27T01:13:01.575+0000] {processor.py:186} INFO - Started process (PID=55785) to work on /home/airflow/.local/lib/python3.12/site-packages/airflow/example_dags/tutorial_dag.py
[2024-10-27T01:13:01.577+0000] {processor.py:914} INFO - Processing file /home/airflow/.local/lib/python3.12/site-packages/airflow/example_dags/tutorial_dag.py for tasks to queue
[2024-10-27T01:13:01.581+0000] {logging_mixin.py:190} INFO - [2024-10-27T01:13:01.580+0000] {dagbag.py:588} INFO - Filling up the DagBag from /home/airflow/.local/lib/python3.12/site-packages/airflow/example_dags/tutorial_dag.py
[2024-10-27T01:13:01.590+0000] {processor.py:925} INFO - DAG(s) 'tutorial_dag' retrieved from /home/airflow/.local/lib/python3.12/site-packages/airflow/example_dags/tutorial_dag.py
[2024-10-27T01:13:01.613+0000] {logging_mixin.py:190} INFO - [2024-10-27T01:13:01.613+0000] {dag.py:3239} INFO - Sync 1 DAGs
[2024-10-27T01:13:01.629+0000] {logging_mixin.py:190} INFO - [2024-10-27T01:13:01.629+0000] {dag.py:4180} INFO - Setting next_dagrun for tutorial_dag to None, run_after=None
[2024-10-27T01:13:01.650+0000] {processor.py:208} INFO - Processing /home/airflow/.local/lib/python3.12/site-packages/airflow/example_dags/tutorial_dag.py took 0.081 seconds
[2024-10-27T01:13:34.206+0000] {processor.py:186} INFO - Started process (PID=55849) to work on /home/airflow/.local/lib/python3.12/site-packages/airflow/example_dags/tutorial_dag.py
[2024-10-27T01:13:34.207+0000] {processor.py:914} INFO - Processing file /home/airflow/.local/lib/python3.12/site-packages/airflow/example_dags/tutorial_dag.py for tasks to queue
[2024-10-27T01:13:34.209+0000] {logging_mixin.py:190} INFO - [2024-10-27T01:13:34.209+0000] {dagbag.py:588} INFO - Filling up the DagBag from /home/airflow/.local/lib/python3.12/site-packages/airflow/example_dags/tutorial_dag.py
[2024-10-27T01:13:34.219+0000] {processor.py:925} INFO - DAG(s) 'tutorial_dag' retrieved from /home/airflow/.local/lib/python3.12/site-packages/airflow/example_dags/tutorial_dag.py
[2024-10-27T01:13:34.240+0000] {logging_mixin.py:190} INFO - [2024-10-27T01:13:34.239+0000] {dag.py:3239} INFO - Sync 1 DAGs
[2024-10-27T01:13:34.254+0000] {logging_mixin.py:190} INFO - [2024-10-27T01:13:34.254+0000] {dag.py:4180} INFO - Setting next_dagrun for tutorial_dag to None, run_after=None
[2024-10-27T01:13:34.279+0000] {processor.py:208} INFO - Processing /home/airflow/.local/lib/python3.12/site-packages/airflow/example_dags/tutorial_dag.py took 0.079 seconds
[2024-10-27T01:14:07.199+0000] {processor.py:186} INFO - Started process (PID=55913) to work on /home/airflow/.local/lib/python3.12/site-packages/airflow/example_dags/tutorial_dag.py
[2024-10-27T01:14:07.200+0000] {processor.py:914} INFO - Processing file /home/airflow/.local/lib/python3.12/site-packages/airflow/example_dags/tutorial_dag.py for tasks to queue
[2024-10-27T01:14:07.202+0000] {logging_mixin.py:190} INFO - [2024-10-27T01:14:07.202+0000] {dagbag.py:588} INFO - Filling up the DagBag from /home/airflow/.local/lib/python3.12/site-packages/airflow/example_dags/tutorial_dag.py
[2024-10-27T01:14:07.212+0000] {processor.py:925} INFO - DAG(s) 'tutorial_dag' retrieved from /home/airflow/.local/lib/python3.12/site-packages/airflow/example_dags/tutorial_dag.py
[2024-10-27T01:14:07.233+0000] {logging_mixin.py:190} INFO - [2024-10-27T01:14:07.233+0000] {dag.py:3239} INFO - Sync 1 DAGs
[2024-10-27T01:14:07.249+0000] {logging_mixin.py:190} INFO - [2024-10-27T01:14:07.249+0000] {dag.py:4180} INFO - Setting next_dagrun for tutorial_dag to None, run_after=None
[2024-10-27T01:14:07.273+0000] {processor.py:208} INFO - Processing /home/airflow/.local/lib/python3.12/site-packages/airflow/example_dags/tutorial_dag.py took 0.082 seconds
[2024-10-27T01:14:40.438+0000] {processor.py:186} INFO - Started process (PID=55977) to work on /home/airflow/.local/lib/python3.12/site-packages/airflow/example_dags/tutorial_dag.py
[2024-10-27T01:14:40.439+0000] {processor.py:914} INFO - Processing file /home/airflow/.local/lib/python3.12/site-packages/airflow/example_dags/tutorial_dag.py for tasks to queue
[2024-10-27T01:14:40.441+0000] {logging_mixin.py:190} INFO - [2024-10-27T01:14:40.441+0000] {dagbag.py:588} INFO - Filling up the DagBag from /home/airflow/.local/lib/python3.12/site-packages/airflow/example_dags/tutorial_dag.py
[2024-10-27T01:14:40.449+0000] {processor.py:925} INFO - DAG(s) 'tutorial_dag' retrieved from /home/airflow/.local/lib/python3.12/site-packages/airflow/example_dags/tutorial_dag.py
[2024-10-27T01:14:40.469+0000] {logging_mixin.py:190} INFO - [2024-10-27T01:14:40.468+0000] {dag.py:3239} INFO - Sync 1 DAGs
[2024-10-27T01:14:40.483+0000] {logging_mixin.py:190} INFO - [2024-10-27T01:14:40.483+0000] {dag.py:4180} INFO - Setting next_dagrun for tutorial_dag to None, run_after=None
[2024-10-27T01:14:40.509+0000] {processor.py:208} INFO - Processing /home/airflow/.local/lib/python3.12/site-packages/airflow/example_dags/tutorial_dag.py took 0.075 seconds
[2024-10-27T01:15:12.894+0000] {processor.py:186} INFO - Started process (PID=56041) to work on /home/airflow/.local/lib/python3.12/site-packages/airflow/example_dags/tutorial_dag.py
[2024-10-27T01:15:12.895+0000] {processor.py:914} INFO - Processing file /home/airflow/.local/lib/python3.12/site-packages/airflow/example_dags/tutorial_dag.py for tasks to queue
[2024-10-27T01:15:12.898+0000] {logging_mixin.py:190} INFO - [2024-10-27T01:15:12.897+0000] {dagbag.py:588} INFO - Filling up the DagBag from /home/airflow/.local/lib/python3.12/site-packages/airflow/example_dags/tutorial_dag.py
[2024-10-27T01:15:12.907+0000] {processor.py:925} INFO - DAG(s) 'tutorial_dag' retrieved from /home/airflow/.local/lib/python3.12/site-packages/airflow/example_dags/tutorial_dag.py
[2024-10-27T01:15:12.926+0000] {logging_mixin.py:190} INFO - [2024-10-27T01:15:12.925+0000] {dag.py:3239} INFO - Sync 1 DAGs
[2024-10-27T01:15:12.941+0000] {logging_mixin.py:190} INFO - [2024-10-27T01:15:12.941+0000] {dag.py:4180} INFO - Setting next_dagrun for tutorial_dag to None, run_after=None
[2024-10-27T01:15:12.964+0000] {processor.py:208} INFO - Processing /home/airflow/.local/lib/python3.12/site-packages/airflow/example_dags/tutorial_dag.py took 0.076 seconds
[2024-10-27T01:15:46.004+0000] {processor.py:186} INFO - Started process (PID=56105) to work on /home/airflow/.local/lib/python3.12/site-packages/airflow/example_dags/tutorial_dag.py
[2024-10-27T01:15:46.006+0000] {processor.py:914} INFO - Processing file /home/airflow/.local/lib/python3.12/site-packages/airflow/example_dags/tutorial_dag.py for tasks to queue
[2024-10-27T01:15:46.009+0000] {logging_mixin.py:190} INFO - [2024-10-27T01:15:46.008+0000] {dagbag.py:588} INFO - Filling up the DagBag from /home/airflow/.local/lib/python3.12/site-packages/airflow/example_dags/tutorial_dag.py
[2024-10-27T01:15:46.015+0000] {processor.py:925} INFO - DAG(s) 'tutorial_dag' retrieved from /home/airflow/.local/lib/python3.12/site-packages/airflow/example_dags/tutorial_dag.py
[2024-10-27T01:15:46.037+0000] {logging_mixin.py:190} INFO - [2024-10-27T01:15:46.036+0000] {dag.py:3239} INFO - Sync 1 DAGs
[2024-10-27T01:15:46.051+0000] {logging_mixin.py:190} INFO - [2024-10-27T01:15:46.051+0000] {dag.py:4180} INFO - Setting next_dagrun for tutorial_dag to None, run_after=None
[2024-10-27T01:15:46.072+0000] {processor.py:208} INFO - Processing /home/airflow/.local/lib/python3.12/site-packages/airflow/example_dags/tutorial_dag.py took 0.075 seconds
[2024-10-27T01:16:18.289+0000] {processor.py:186} INFO - Started process (PID=56168) to work on /home/airflow/.local/lib/python3.12/site-packages/airflow/example_dags/tutorial_dag.py
[2024-10-27T01:16:18.290+0000] {processor.py:914} INFO - Processing file /home/airflow/.local/lib/python3.12/site-packages/airflow/example_dags/tutorial_dag.py for tasks to queue
[2024-10-27T01:16:18.292+0000] {logging_mixin.py:190} INFO - [2024-10-27T01:16:18.292+0000] {dagbag.py:588} INFO - Filling up the DagBag from /home/airflow/.local/lib/python3.12/site-packages/airflow/example_dags/tutorial_dag.py
[2024-10-27T01:16:18.305+0000] {processor.py:925} INFO - DAG(s) 'tutorial_dag' retrieved from /home/airflow/.local/lib/python3.12/site-packages/airflow/example_dags/tutorial_dag.py
[2024-10-27T01:16:18.323+0000] {logging_mixin.py:190} INFO - [2024-10-27T01:16:18.323+0000] {dag.py:3239} INFO - Sync 1 DAGs
[2024-10-27T01:16:18.338+0000] {logging_mixin.py:190} INFO - [2024-10-27T01:16:18.338+0000] {dag.py:4180} INFO - Setting next_dagrun for tutorial_dag to None, run_after=None
[2024-10-27T01:16:18.360+0000] {processor.py:208} INFO - Processing /home/airflow/.local/lib/python3.12/site-packages/airflow/example_dags/tutorial_dag.py took 0.077 seconds
[2024-10-27T01:16:51.227+0000] {processor.py:186} INFO - Started process (PID=56232) to work on /home/airflow/.local/lib/python3.12/site-packages/airflow/example_dags/tutorial_dag.py
[2024-10-27T01:16:51.228+0000] {processor.py:914} INFO - Processing file /home/airflow/.local/lib/python3.12/site-packages/airflow/example_dags/tutorial_dag.py for tasks to queue
[2024-10-27T01:16:51.231+0000] {logging_mixin.py:190} INFO - [2024-10-27T01:16:51.230+0000] {dagbag.py:588} INFO - Filling up the DagBag from /home/airflow/.local/lib/python3.12/site-packages/airflow/example_dags/tutorial_dag.py
[2024-10-27T01:16:51.238+0000] {processor.py:925} INFO - DAG(s) 'tutorial_dag' retrieved from /home/airflow/.local/lib/python3.12/site-packages/airflow/example_dags/tutorial_dag.py
[2024-10-27T01:16:51.258+0000] {logging_mixin.py:190} INFO - [2024-10-27T01:16:51.257+0000] {dag.py:3239} INFO - Sync 1 DAGs
[2024-10-27T01:16:51.272+0000] {logging_mixin.py:190} INFO - [2024-10-27T01:16:51.271+0000] {dag.py:4180} INFO - Setting next_dagrun for tutorial_dag to None, run_after=None
[2024-10-27T01:16:51.299+0000] {processor.py:208} INFO - Processing /home/airflow/.local/lib/python3.12/site-packages/airflow/example_dags/tutorial_dag.py took 0.077 seconds
[2024-10-27T01:17:23.533+0000] {processor.py:186} INFO - Started process (PID=56296) to work on /home/airflow/.local/lib/python3.12/site-packages/airflow/example_dags/tutorial_dag.py
[2024-10-27T01:17:23.534+0000] {processor.py:914} INFO - Processing file /home/airflow/.local/lib/python3.12/site-packages/airflow/example_dags/tutorial_dag.py for tasks to queue
[2024-10-27T01:17:23.537+0000] {logging_mixin.py:190} INFO - [2024-10-27T01:17:23.537+0000] {dagbag.py:588} INFO - Filling up the DagBag from /home/airflow/.local/lib/python3.12/site-packages/airflow/example_dags/tutorial_dag.py
[2024-10-27T01:17:23.549+0000] {processor.py:925} INFO - DAG(s) 'tutorial_dag' retrieved from /home/airflow/.local/lib/python3.12/site-packages/airflow/example_dags/tutorial_dag.py
[2024-10-27T01:17:23.570+0000] {logging_mixin.py:190} INFO - [2024-10-27T01:17:23.570+0000] {dag.py:3239} INFO - Sync 1 DAGs
[2024-10-27T01:17:23.588+0000] {logging_mixin.py:190} INFO - [2024-10-27T01:17:23.588+0000] {dag.py:4180} INFO - Setting next_dagrun for tutorial_dag to None, run_after=None
[2024-10-27T01:17:23.613+0000] {processor.py:208} INFO - Processing /home/airflow/.local/lib/python3.12/site-packages/airflow/example_dags/tutorial_dag.py took 0.088 seconds
[2024-10-27T01:17:56.661+0000] {processor.py:186} INFO - Started process (PID=56360) to work on /home/airflow/.local/lib/python3.12/site-packages/airflow/example_dags/tutorial_dag.py
[2024-10-27T01:17:56.663+0000] {processor.py:914} INFO - Processing file /home/airflow/.local/lib/python3.12/site-packages/airflow/example_dags/tutorial_dag.py for tasks to queue
[2024-10-27T01:17:56.666+0000] {logging_mixin.py:190} INFO - [2024-10-27T01:17:56.665+0000] {dagbag.py:588} INFO - Filling up the DagBag from /home/airflow/.local/lib/python3.12/site-packages/airflow/example_dags/tutorial_dag.py
[2024-10-27T01:17:56.674+0000] {processor.py:925} INFO - DAG(s) 'tutorial_dag' retrieved from /home/airflow/.local/lib/python3.12/site-packages/airflow/example_dags/tutorial_dag.py
[2024-10-27T01:17:56.695+0000] {logging_mixin.py:190} INFO - [2024-10-27T01:17:56.695+0000] {dag.py:3239} INFO - Sync 1 DAGs
[2024-10-27T01:17:56.711+0000] {logging_mixin.py:190} INFO - [2024-10-27T01:17:56.710+0000] {dag.py:4180} INFO - Setting next_dagrun for tutorial_dag to None, run_after=None
[2024-10-27T01:17:56.732+0000] {processor.py:208} INFO - Processing /home/airflow/.local/lib/python3.12/site-packages/airflow/example_dags/tutorial_dag.py took 0.078 seconds
[2024-10-27T01:18:29.480+0000] {processor.py:186} INFO - Started process (PID=56424) to work on /home/airflow/.local/lib/python3.12/site-packages/airflow/example_dags/tutorial_dag.py
[2024-10-27T01:18:29.481+0000] {processor.py:914} INFO - Processing file /home/airflow/.local/lib/python3.12/site-packages/airflow/example_dags/tutorial_dag.py for tasks to queue
[2024-10-27T01:18:29.483+0000] {logging_mixin.py:190} INFO - [2024-10-27T01:18:29.483+0000] {dagbag.py:588} INFO - Filling up the DagBag from /home/airflow/.local/lib/python3.12/site-packages/airflow/example_dags/tutorial_dag.py
[2024-10-27T01:18:29.496+0000] {processor.py:925} INFO - DAG(s) 'tutorial_dag' retrieved from /home/airflow/.local/lib/python3.12/site-packages/airflow/example_dags/tutorial_dag.py
[2024-10-27T01:18:29.523+0000] {logging_mixin.py:190} INFO - [2024-10-27T01:18:29.523+0000] {dag.py:3239} INFO - Sync 1 DAGs
[2024-10-27T01:18:29.541+0000] {logging_mixin.py:190} INFO - [2024-10-27T01:18:29.541+0000] {dag.py:4180} INFO - Setting next_dagrun for tutorial_dag to None, run_after=None
[2024-10-27T01:18:29.570+0000] {processor.py:208} INFO - Processing /home/airflow/.local/lib/python3.12/site-packages/airflow/example_dags/tutorial_dag.py took 0.096 seconds
[2024-10-27T01:19:01.921+0000] {processor.py:186} INFO - Started process (PID=56488) to work on /home/airflow/.local/lib/python3.12/site-packages/airflow/example_dags/tutorial_dag.py
[2024-10-27T01:19:01.923+0000] {processor.py:914} INFO - Processing file /home/airflow/.local/lib/python3.12/site-packages/airflow/example_dags/tutorial_dag.py for tasks to queue
[2024-10-27T01:19:01.926+0000] {logging_mixin.py:190} INFO - [2024-10-27T01:19:01.926+0000] {dagbag.py:588} INFO - Filling up the DagBag from /home/airflow/.local/lib/python3.12/site-packages/airflow/example_dags/tutorial_dag.py
[2024-10-27T01:19:01.935+0000] {processor.py:925} INFO - DAG(s) 'tutorial_dag' retrieved from /home/airflow/.local/lib/python3.12/site-packages/airflow/example_dags/tutorial_dag.py
[2024-10-27T01:19:01.962+0000] {logging_mixin.py:190} INFO - [2024-10-27T01:19:01.962+0000] {dag.py:3239} INFO - Sync 1 DAGs
[2024-10-27T01:19:01.981+0000] {logging_mixin.py:190} INFO - [2024-10-27T01:19:01.981+0000] {dag.py:4180} INFO - Setting next_dagrun for tutorial_dag to None, run_after=None
[2024-10-27T01:19:02.012+0000] {processor.py:208} INFO - Processing /home/airflow/.local/lib/python3.12/site-packages/airflow/example_dags/tutorial_dag.py took 0.098 seconds
[2024-10-27T01:19:34.704+0000] {processor.py:186} INFO - Started process (PID=56552) to work on /home/airflow/.local/lib/python3.12/site-packages/airflow/example_dags/tutorial_dag.py
[2024-10-27T01:19:34.705+0000] {processor.py:914} INFO - Processing file /home/airflow/.local/lib/python3.12/site-packages/airflow/example_dags/tutorial_dag.py for tasks to queue
[2024-10-27T01:19:34.708+0000] {logging_mixin.py:190} INFO - [2024-10-27T01:19:34.708+0000] {dagbag.py:588} INFO - Filling up the DagBag from /home/airflow/.local/lib/python3.12/site-packages/airflow/example_dags/tutorial_dag.py
[2024-10-27T01:19:34.715+0000] {processor.py:925} INFO - DAG(s) 'tutorial_dag' retrieved from /home/airflow/.local/lib/python3.12/site-packages/airflow/example_dags/tutorial_dag.py
[2024-10-27T01:19:34.737+0000] {logging_mixin.py:190} INFO - [2024-10-27T01:19:34.737+0000] {dag.py:3239} INFO - Sync 1 DAGs
[2024-10-27T01:19:34.754+0000] {logging_mixin.py:190} INFO - [2024-10-27T01:19:34.754+0000] {dag.py:4180} INFO - Setting next_dagrun for tutorial_dag to None, run_after=None
[2024-10-27T01:19:34.775+0000] {processor.py:208} INFO - Processing /home/airflow/.local/lib/python3.12/site-packages/airflow/example_dags/tutorial_dag.py took 0.079 seconds
[2024-10-27T01:20:06.959+0000] {processor.py:186} INFO - Started process (PID=56617) to work on /home/airflow/.local/lib/python3.12/site-packages/airflow/example_dags/tutorial_dag.py
[2024-10-27T01:20:06.960+0000] {processor.py:914} INFO - Processing file /home/airflow/.local/lib/python3.12/site-packages/airflow/example_dags/tutorial_dag.py for tasks to queue
[2024-10-27T01:20:06.962+0000] {logging_mixin.py:190} INFO - [2024-10-27T01:20:06.962+0000] {dagbag.py:588} INFO - Filling up the DagBag from /home/airflow/.local/lib/python3.12/site-packages/airflow/example_dags/tutorial_dag.py
[2024-10-27T01:20:06.971+0000] {processor.py:925} INFO - DAG(s) 'tutorial_dag' retrieved from /home/airflow/.local/lib/python3.12/site-packages/airflow/example_dags/tutorial_dag.py
[2024-10-27T01:20:06.990+0000] {logging_mixin.py:190} INFO - [2024-10-27T01:20:06.990+0000] {dag.py:3239} INFO - Sync 1 DAGs
[2024-10-27T01:20:07.004+0000] {logging_mixin.py:190} INFO - [2024-10-27T01:20:07.004+0000] {dag.py:4180} INFO - Setting next_dagrun for tutorial_dag to None, run_after=None
[2024-10-27T01:20:07.023+0000] {processor.py:208} INFO - Processing /home/airflow/.local/lib/python3.12/site-packages/airflow/example_dags/tutorial_dag.py took 0.072 seconds
[2024-10-27T01:20:40.072+0000] {processor.py:186} INFO - Started process (PID=56681) to work on /home/airflow/.local/lib/python3.12/site-packages/airflow/example_dags/tutorial_dag.py
[2024-10-27T01:20:40.074+0000] {processor.py:914} INFO - Processing file /home/airflow/.local/lib/python3.12/site-packages/airflow/example_dags/tutorial_dag.py for tasks to queue
[2024-10-27T01:20:40.077+0000] {logging_mixin.py:190} INFO - [2024-10-27T01:20:40.077+0000] {dagbag.py:588} INFO - Filling up the DagBag from /home/airflow/.local/lib/python3.12/site-packages/airflow/example_dags/tutorial_dag.py
[2024-10-27T01:20:40.085+0000] {processor.py:925} INFO - DAG(s) 'tutorial_dag' retrieved from /home/airflow/.local/lib/python3.12/site-packages/airflow/example_dags/tutorial_dag.py
[2024-10-27T01:20:40.107+0000] {logging_mixin.py:190} INFO - [2024-10-27T01:20:40.107+0000] {dag.py:3239} INFO - Sync 1 DAGs
[2024-10-27T01:20:40.121+0000] {logging_mixin.py:190} INFO - [2024-10-27T01:20:40.121+0000] {dag.py:4180} INFO - Setting next_dagrun for tutorial_dag to None, run_after=None
[2024-10-27T01:20:40.143+0000] {processor.py:208} INFO - Processing /home/airflow/.local/lib/python3.12/site-packages/airflow/example_dags/tutorial_dag.py took 0.078 seconds
[2024-10-27T01:21:13.940+0000] {processor.py:186} INFO - Started process (PID=56744) to work on /home/airflow/.local/lib/python3.12/site-packages/airflow/example_dags/tutorial_dag.py
[2024-10-27T01:21:13.941+0000] {processor.py:914} INFO - Processing file /home/airflow/.local/lib/python3.12/site-packages/airflow/example_dags/tutorial_dag.py for tasks to queue
[2024-10-27T01:21:13.946+0000] {logging_mixin.py:190} INFO - [2024-10-27T01:21:13.944+0000] {dagbag.py:588} INFO - Filling up the DagBag from /home/airflow/.local/lib/python3.12/site-packages/airflow/example_dags/tutorial_dag.py
[2024-10-27T01:21:13.954+0000] {processor.py:925} INFO - DAG(s) 'tutorial_dag' retrieved from /home/airflow/.local/lib/python3.12/site-packages/airflow/example_dags/tutorial_dag.py
[2024-10-27T01:21:13.980+0000] {logging_mixin.py:190} INFO - [2024-10-27T01:21:13.979+0000] {dag.py:3239} INFO - Sync 1 DAGs
[2024-10-27T01:21:13.996+0000] {logging_mixin.py:190} INFO - [2024-10-27T01:21:13.996+0000] {dag.py:4180} INFO - Setting next_dagrun for tutorial_dag to None, run_after=None
[2024-10-27T01:21:14.026+0000] {processor.py:208} INFO - Processing /home/airflow/.local/lib/python3.12/site-packages/airflow/example_dags/tutorial_dag.py took 0.091 seconds
[2024-10-27T01:21:45.462+0000] {processor.py:186} INFO - Started process (PID=56808) to work on /home/airflow/.local/lib/python3.12/site-packages/airflow/example_dags/tutorial_dag.py
[2024-10-27T01:21:45.463+0000] {processor.py:914} INFO - Processing file /home/airflow/.local/lib/python3.12/site-packages/airflow/example_dags/tutorial_dag.py for tasks to queue
[2024-10-27T01:21:45.467+0000] {logging_mixin.py:190} INFO - [2024-10-27T01:21:45.467+0000] {dagbag.py:588} INFO - Filling up the DagBag from /home/airflow/.local/lib/python3.12/site-packages/airflow/example_dags/tutorial_dag.py
[2024-10-27T01:21:45.474+0000] {processor.py:925} INFO - DAG(s) 'tutorial_dag' retrieved from /home/airflow/.local/lib/python3.12/site-packages/airflow/example_dags/tutorial_dag.py
[2024-10-27T01:21:45.493+0000] {logging_mixin.py:190} INFO - [2024-10-27T01:21:45.493+0000] {dag.py:3239} INFO - Sync 1 DAGs
[2024-10-27T01:21:45.511+0000] {logging_mixin.py:190} INFO - [2024-10-27T01:21:45.511+0000] {dag.py:4180} INFO - Setting next_dagrun for tutorial_dag to None, run_after=None
[2024-10-27T01:21:45.535+0000] {processor.py:208} INFO - Processing /home/airflow/.local/lib/python3.12/site-packages/airflow/example_dags/tutorial_dag.py took 0.079 seconds
[2024-10-27T01:22:18.671+0000] {processor.py:186} INFO - Started process (PID=56872) to work on /home/airflow/.local/lib/python3.12/site-packages/airflow/example_dags/tutorial_dag.py
[2024-10-27T01:22:18.672+0000] {processor.py:914} INFO - Processing file /home/airflow/.local/lib/python3.12/site-packages/airflow/example_dags/tutorial_dag.py for tasks to queue
[2024-10-27T01:22:18.675+0000] {logging_mixin.py:190} INFO - [2024-10-27T01:22:18.674+0000] {dagbag.py:588} INFO - Filling up the DagBag from /home/airflow/.local/lib/python3.12/site-packages/airflow/example_dags/tutorial_dag.py
[2024-10-27T01:22:18.685+0000] {processor.py:925} INFO - DAG(s) 'tutorial_dag' retrieved from /home/airflow/.local/lib/python3.12/site-packages/airflow/example_dags/tutorial_dag.py
[2024-10-27T01:22:18.703+0000] {logging_mixin.py:190} INFO - [2024-10-27T01:22:18.702+0000] {dag.py:3239} INFO - Sync 1 DAGs
[2024-10-27T01:22:18.716+0000] {logging_mixin.py:190} INFO - [2024-10-27T01:22:18.716+0000] {dag.py:4180} INFO - Setting next_dagrun for tutorial_dag to None, run_after=None
[2024-10-27T01:22:18.736+0000] {processor.py:208} INFO - Processing /home/airflow/.local/lib/python3.12/site-packages/airflow/example_dags/tutorial_dag.py took 0.072 seconds
[2024-10-27T01:22:51.242+0000] {processor.py:186} INFO - Started process (PID=56936) to work on /home/airflow/.local/lib/python3.12/site-packages/airflow/example_dags/tutorial_dag.py
[2024-10-27T01:22:51.244+0000] {processor.py:914} INFO - Processing file /home/airflow/.local/lib/python3.12/site-packages/airflow/example_dags/tutorial_dag.py for tasks to queue
[2024-10-27T01:22:51.247+0000] {logging_mixin.py:190} INFO - [2024-10-27T01:22:51.247+0000] {dagbag.py:588} INFO - Filling up the DagBag from /home/airflow/.local/lib/python3.12/site-packages/airflow/example_dags/tutorial_dag.py
[2024-10-27T01:22:51.258+0000] {processor.py:925} INFO - DAG(s) 'tutorial_dag' retrieved from /home/airflow/.local/lib/python3.12/site-packages/airflow/example_dags/tutorial_dag.py
[2024-10-27T01:22:51.282+0000] {logging_mixin.py:190} INFO - [2024-10-27T01:22:51.281+0000] {dag.py:3239} INFO - Sync 1 DAGs
[2024-10-27T01:22:51.297+0000] {logging_mixin.py:190} INFO - [2024-10-27T01:22:51.297+0000] {dag.py:4180} INFO - Setting next_dagrun for tutorial_dag to None, run_after=None
[2024-10-27T01:22:51.322+0000] {processor.py:208} INFO - Processing /home/airflow/.local/lib/python3.12/site-packages/airflow/example_dags/tutorial_dag.py took 0.087 seconds
[2024-10-27T01:23:23.561+0000] {processor.py:186} INFO - Started process (PID=57000) to work on /home/airflow/.local/lib/python3.12/site-packages/airflow/example_dags/tutorial_dag.py
[2024-10-27T01:23:23.562+0000] {processor.py:914} INFO - Processing file /home/airflow/.local/lib/python3.12/site-packages/airflow/example_dags/tutorial_dag.py for tasks to queue
[2024-10-27T01:23:23.564+0000] {logging_mixin.py:190} INFO - [2024-10-27T01:23:23.564+0000] {dagbag.py:588} INFO - Filling up the DagBag from /home/airflow/.local/lib/python3.12/site-packages/airflow/example_dags/tutorial_dag.py
[2024-10-27T01:23:23.573+0000] {processor.py:925} INFO - DAG(s) 'tutorial_dag' retrieved from /home/airflow/.local/lib/python3.12/site-packages/airflow/example_dags/tutorial_dag.py
[2024-10-27T01:23:23.596+0000] {logging_mixin.py:190} INFO - [2024-10-27T01:23:23.596+0000] {dag.py:3239} INFO - Sync 1 DAGs
[2024-10-27T01:23:23.611+0000] {logging_mixin.py:190} INFO - [2024-10-27T01:23:23.611+0000] {dag.py:4180} INFO - Setting next_dagrun for tutorial_dag to None, run_after=None
[2024-10-27T01:23:23.636+0000] {processor.py:208} INFO - Processing /home/airflow/.local/lib/python3.12/site-packages/airflow/example_dags/tutorial_dag.py took 0.081 seconds
[2024-10-27T01:23:57.035+0000] {processor.py:186} INFO - Started process (PID=57064) to work on /home/airflow/.local/lib/python3.12/site-packages/airflow/example_dags/tutorial_dag.py
[2024-10-27T01:23:57.035+0000] {processor.py:914} INFO - Processing file /home/airflow/.local/lib/python3.12/site-packages/airflow/example_dags/tutorial_dag.py for tasks to queue
[2024-10-27T01:23:57.038+0000] {logging_mixin.py:190} INFO - [2024-10-27T01:23:57.037+0000] {dagbag.py:588} INFO - Filling up the DagBag from /home/airflow/.local/lib/python3.12/site-packages/airflow/example_dags/tutorial_dag.py
[2024-10-27T01:23:57.046+0000] {processor.py:925} INFO - DAG(s) 'tutorial_dag' retrieved from /home/airflow/.local/lib/python3.12/site-packages/airflow/example_dags/tutorial_dag.py
[2024-10-27T01:23:57.066+0000] {logging_mixin.py:190} INFO - [2024-10-27T01:23:57.066+0000] {dag.py:3239} INFO - Sync 1 DAGs
[2024-10-27T01:23:57.081+0000] {logging_mixin.py:190} INFO - [2024-10-27T01:23:57.081+0000] {dag.py:4180} INFO - Setting next_dagrun for tutorial_dag to None, run_after=None
[2024-10-27T01:23:57.101+0000] {processor.py:208} INFO - Processing /home/airflow/.local/lib/python3.12/site-packages/airflow/example_dags/tutorial_dag.py took 0.073 seconds
[2024-10-27T01:24:29.309+0000] {processor.py:186} INFO - Started process (PID=57128) to work on /home/airflow/.local/lib/python3.12/site-packages/airflow/example_dags/tutorial_dag.py
[2024-10-27T01:24:29.311+0000] {processor.py:914} INFO - Processing file /home/airflow/.local/lib/python3.12/site-packages/airflow/example_dags/tutorial_dag.py for tasks to queue
[2024-10-27T01:24:29.314+0000] {logging_mixin.py:190} INFO - [2024-10-27T01:24:29.314+0000] {dagbag.py:588} INFO - Filling up the DagBag from /home/airflow/.local/lib/python3.12/site-packages/airflow/example_dags/tutorial_dag.py
[2024-10-27T01:24:29.322+0000] {processor.py:925} INFO - DAG(s) 'tutorial_dag' retrieved from /home/airflow/.local/lib/python3.12/site-packages/airflow/example_dags/tutorial_dag.py
[2024-10-27T01:24:29.346+0000] {logging_mixin.py:190} INFO - [2024-10-27T01:24:29.346+0000] {dag.py:3239} INFO - Sync 1 DAGs
[2024-10-27T01:24:29.361+0000] {logging_mixin.py:190} INFO - [2024-10-27T01:24:29.361+0000] {dag.py:4180} INFO - Setting next_dagrun for tutorial_dag to None, run_after=None
[2024-10-27T01:24:29.383+0000] {processor.py:208} INFO - Processing /home/airflow/.local/lib/python3.12/site-packages/airflow/example_dags/tutorial_dag.py took 0.081 seconds
[2024-10-27T01:25:01.779+0000] {processor.py:186} INFO - Started process (PID=57191) to work on /home/airflow/.local/lib/python3.12/site-packages/airflow/example_dags/tutorial_dag.py
[2024-10-27T01:25:01.780+0000] {processor.py:914} INFO - Processing file /home/airflow/.local/lib/python3.12/site-packages/airflow/example_dags/tutorial_dag.py for tasks to queue
[2024-10-27T01:25:01.782+0000] {logging_mixin.py:190} INFO - [2024-10-27T01:25:01.782+0000] {dagbag.py:588} INFO - Filling up the DagBag from /home/airflow/.local/lib/python3.12/site-packages/airflow/example_dags/tutorial_dag.py
[2024-10-27T01:25:01.793+0000] {processor.py:925} INFO - DAG(s) 'tutorial_dag' retrieved from /home/airflow/.local/lib/python3.12/site-packages/airflow/example_dags/tutorial_dag.py
[2024-10-27T01:25:01.812+0000] {logging_mixin.py:190} INFO - [2024-10-27T01:25:01.812+0000] {dag.py:3239} INFO - Sync 1 DAGs
[2024-10-27T01:25:01.827+0000] {logging_mixin.py:190} INFO - [2024-10-27T01:25:01.827+0000] {dag.py:4180} INFO - Setting next_dagrun for tutorial_dag to None, run_after=None
[2024-10-27T01:25:01.851+0000] {processor.py:208} INFO - Processing /home/airflow/.local/lib/python3.12/site-packages/airflow/example_dags/tutorial_dag.py took 0.077 seconds
[2024-10-27T01:25:35.077+0000] {processor.py:186} INFO - Started process (PID=57255) to work on /home/airflow/.local/lib/python3.12/site-packages/airflow/example_dags/tutorial_dag.py
[2024-10-27T01:25:35.079+0000] {processor.py:914} INFO - Processing file /home/airflow/.local/lib/python3.12/site-packages/airflow/example_dags/tutorial_dag.py for tasks to queue
[2024-10-27T01:25:35.081+0000] {logging_mixin.py:190} INFO - [2024-10-27T01:25:35.081+0000] {dagbag.py:588} INFO - Filling up the DagBag from /home/airflow/.local/lib/python3.12/site-packages/airflow/example_dags/tutorial_dag.py
[2024-10-27T01:25:35.090+0000] {processor.py:925} INFO - DAG(s) 'tutorial_dag' retrieved from /home/airflow/.local/lib/python3.12/site-packages/airflow/example_dags/tutorial_dag.py
[2024-10-27T01:25:35.112+0000] {logging_mixin.py:190} INFO - [2024-10-27T01:25:35.112+0000] {dag.py:3239} INFO - Sync 1 DAGs
[2024-10-27T01:25:35.126+0000] {logging_mixin.py:190} INFO - [2024-10-27T01:25:35.126+0000] {dag.py:4180} INFO - Setting next_dagrun for tutorial_dag to None, run_after=None
[2024-10-27T01:25:35.148+0000] {processor.py:208} INFO - Processing /home/airflow/.local/lib/python3.12/site-packages/airflow/example_dags/tutorial_dag.py took 0.078 seconds
[2024-10-27T01:26:07.360+0000] {processor.py:186} INFO - Started process (PID=57319) to work on /home/airflow/.local/lib/python3.12/site-packages/airflow/example_dags/tutorial_dag.py
[2024-10-27T01:26:07.361+0000] {processor.py:914} INFO - Processing file /home/airflow/.local/lib/python3.12/site-packages/airflow/example_dags/tutorial_dag.py for tasks to queue
[2024-10-27T01:26:07.363+0000] {logging_mixin.py:190} INFO - [2024-10-27T01:26:07.363+0000] {dagbag.py:588} INFO - Filling up the DagBag from /home/airflow/.local/lib/python3.12/site-packages/airflow/example_dags/tutorial_dag.py
[2024-10-27T01:26:07.371+0000] {processor.py:925} INFO - DAG(s) 'tutorial_dag' retrieved from /home/airflow/.local/lib/python3.12/site-packages/airflow/example_dags/tutorial_dag.py
[2024-10-27T01:26:07.394+0000] {logging_mixin.py:190} INFO - [2024-10-27T01:26:07.394+0000] {dag.py:3239} INFO - Sync 1 DAGs
[2024-10-27T01:26:07.409+0000] {logging_mixin.py:190} INFO - [2024-10-27T01:26:07.409+0000] {dag.py:4180} INFO - Setting next_dagrun for tutorial_dag to None, run_after=None
[2024-10-27T01:26:07.434+0000] {processor.py:208} INFO - Processing /home/airflow/.local/lib/python3.12/site-packages/airflow/example_dags/tutorial_dag.py took 0.080 seconds
[2024-10-27T01:26:41.064+0000] {processor.py:186} INFO - Started process (PID=57383) to work on /home/airflow/.local/lib/python3.12/site-packages/airflow/example_dags/tutorial_dag.py
[2024-10-27T01:26:41.066+0000] {processor.py:914} INFO - Processing file /home/airflow/.local/lib/python3.12/site-packages/airflow/example_dags/tutorial_dag.py for tasks to queue
[2024-10-27T01:26:41.070+0000] {logging_mixin.py:190} INFO - [2024-10-27T01:26:41.069+0000] {dagbag.py:588} INFO - Filling up the DagBag from /home/airflow/.local/lib/python3.12/site-packages/airflow/example_dags/tutorial_dag.py
[2024-10-27T01:26:41.077+0000] {processor.py:925} INFO - DAG(s) 'tutorial_dag' retrieved from /home/airflow/.local/lib/python3.12/site-packages/airflow/example_dags/tutorial_dag.py
[2024-10-27T01:26:41.122+0000] {logging_mixin.py:190} INFO - [2024-10-27T01:26:41.121+0000] {dag.py:3239} INFO - Sync 1 DAGs
[2024-10-27T01:26:41.139+0000] {logging_mixin.py:190} INFO - [2024-10-27T01:26:41.139+0000] {dag.py:4180} INFO - Setting next_dagrun for tutorial_dag to None, run_after=None
[2024-10-27T01:26:41.164+0000] {processor.py:208} INFO - Processing /home/airflow/.local/lib/python3.12/site-packages/airflow/example_dags/tutorial_dag.py took 0.105 seconds
[2024-10-27T01:27:13.483+0000] {processor.py:186} INFO - Started process (PID=57447) to work on /home/airflow/.local/lib/python3.12/site-packages/airflow/example_dags/tutorial_dag.py
[2024-10-27T01:27:13.484+0000] {processor.py:914} INFO - Processing file /home/airflow/.local/lib/python3.12/site-packages/airflow/example_dags/tutorial_dag.py for tasks to queue
[2024-10-27T01:27:13.487+0000] {logging_mixin.py:190} INFO - [2024-10-27T01:27:13.486+0000] {dagbag.py:588} INFO - Filling up the DagBag from /home/airflow/.local/lib/python3.12/site-packages/airflow/example_dags/tutorial_dag.py
[2024-10-27T01:27:13.494+0000] {processor.py:925} INFO - DAG(s) 'tutorial_dag' retrieved from /home/airflow/.local/lib/python3.12/site-packages/airflow/example_dags/tutorial_dag.py
[2024-10-27T01:27:13.512+0000] {logging_mixin.py:190} INFO - [2024-10-27T01:27:13.512+0000] {dag.py:3239} INFO - Sync 1 DAGs
[2024-10-27T01:27:13.527+0000] {logging_mixin.py:190} INFO - [2024-10-27T01:27:13.526+0000] {dag.py:4180} INFO - Setting next_dagrun for tutorial_dag to None, run_after=None
[2024-10-27T01:27:13.548+0000] {processor.py:208} INFO - Processing /home/airflow/.local/lib/python3.12/site-packages/airflow/example_dags/tutorial_dag.py took 0.074 seconds
[2024-10-27T01:27:45.746+0000] {processor.py:186} INFO - Started process (PID=57511) to work on /home/airflow/.local/lib/python3.12/site-packages/airflow/example_dags/tutorial_dag.py
[2024-10-27T01:27:45.747+0000] {processor.py:914} INFO - Processing file /home/airflow/.local/lib/python3.12/site-packages/airflow/example_dags/tutorial_dag.py for tasks to queue
[2024-10-27T01:27:45.750+0000] {logging_mixin.py:190} INFO - [2024-10-27T01:27:45.750+0000] {dagbag.py:588} INFO - Filling up the DagBag from /home/airflow/.local/lib/python3.12/site-packages/airflow/example_dags/tutorial_dag.py
[2024-10-27T01:27:45.758+0000] {processor.py:925} INFO - DAG(s) 'tutorial_dag' retrieved from /home/airflow/.local/lib/python3.12/site-packages/airflow/example_dags/tutorial_dag.py
[2024-10-27T01:27:45.777+0000] {logging_mixin.py:190} INFO - [2024-10-27T01:27:45.777+0000] {dag.py:3239} INFO - Sync 1 DAGs
[2024-10-27T01:27:45.792+0000] {logging_mixin.py:190} INFO - [2024-10-27T01:27:45.792+0000] {dag.py:4180} INFO - Setting next_dagrun for tutorial_dag to None, run_after=None
[2024-10-27T01:27:45.818+0000] {processor.py:208} INFO - Processing /home/airflow/.local/lib/python3.12/site-packages/airflow/example_dags/tutorial_dag.py took 0.078 seconds
[2024-10-27T01:28:18.161+0000] {processor.py:186} INFO - Started process (PID=57575) to work on /home/airflow/.local/lib/python3.12/site-packages/airflow/example_dags/tutorial_dag.py
[2024-10-27T01:28:18.162+0000] {processor.py:914} INFO - Processing file /home/airflow/.local/lib/python3.12/site-packages/airflow/example_dags/tutorial_dag.py for tasks to queue
[2024-10-27T01:28:18.164+0000] {logging_mixin.py:190} INFO - [2024-10-27T01:28:18.164+0000] {dagbag.py:588} INFO - Filling up the DagBag from /home/airflow/.local/lib/python3.12/site-packages/airflow/example_dags/tutorial_dag.py
[2024-10-27T01:28:18.175+0000] {processor.py:925} INFO - DAG(s) 'tutorial_dag' retrieved from /home/airflow/.local/lib/python3.12/site-packages/airflow/example_dags/tutorial_dag.py
[2024-10-27T01:28:18.198+0000] {logging_mixin.py:190} INFO - [2024-10-27T01:28:18.197+0000] {dag.py:3239} INFO - Sync 1 DAGs
[2024-10-27T01:28:18.212+0000] {logging_mixin.py:190} INFO - [2024-10-27T01:28:18.212+0000] {dag.py:4180} INFO - Setting next_dagrun for tutorial_dag to None, run_after=None
[2024-10-27T01:28:18.230+0000] {processor.py:208} INFO - Processing /home/airflow/.local/lib/python3.12/site-packages/airflow/example_dags/tutorial_dag.py took 0.080 seconds
[2024-10-27T01:28:50.947+0000] {processor.py:186} INFO - Started process (PID=57639) to work on /home/airflow/.local/lib/python3.12/site-packages/airflow/example_dags/tutorial_dag.py
[2024-10-27T01:28:50.948+0000] {processor.py:914} INFO - Processing file /home/airflow/.local/lib/python3.12/site-packages/airflow/example_dags/tutorial_dag.py for tasks to queue
[2024-10-27T01:28:50.950+0000] {logging_mixin.py:190} INFO - [2024-10-27T01:28:50.950+0000] {dagbag.py:588} INFO - Filling up the DagBag from /home/airflow/.local/lib/python3.12/site-packages/airflow/example_dags/tutorial_dag.py
[2024-10-27T01:28:50.959+0000] {processor.py:925} INFO - DAG(s) 'tutorial_dag' retrieved from /home/airflow/.local/lib/python3.12/site-packages/airflow/example_dags/tutorial_dag.py
[2024-10-27T01:28:50.978+0000] {logging_mixin.py:190} INFO - [2024-10-27T01:28:50.978+0000] {dag.py:3239} INFO - Sync 1 DAGs
[2024-10-27T01:28:50.992+0000] {logging_mixin.py:190} INFO - [2024-10-27T01:28:50.992+0000] {dag.py:4180} INFO - Setting next_dagrun for tutorial_dag to None, run_after=None
[2024-10-27T01:28:51.017+0000] {processor.py:208} INFO - Processing /home/airflow/.local/lib/python3.12/site-packages/airflow/example_dags/tutorial_dag.py took 0.078 seconds
[2024-10-27T01:29:24.386+0000] {processor.py:186} INFO - Started process (PID=57703) to work on /home/airflow/.local/lib/python3.12/site-packages/airflow/example_dags/tutorial_dag.py
[2024-10-27T01:29:24.387+0000] {processor.py:914} INFO - Processing file /home/airflow/.local/lib/python3.12/site-packages/airflow/example_dags/tutorial_dag.py for tasks to queue
[2024-10-27T01:29:24.390+0000] {logging_mixin.py:190} INFO - [2024-10-27T01:29:24.389+0000] {dagbag.py:588} INFO - Filling up the DagBag from /home/airflow/.local/lib/python3.12/site-packages/airflow/example_dags/tutorial_dag.py
[2024-10-27T01:29:24.404+0000] {processor.py:925} INFO - DAG(s) 'tutorial_dag' retrieved from /home/airflow/.local/lib/python3.12/site-packages/airflow/example_dags/tutorial_dag.py
[2024-10-27T01:29:24.442+0000] {logging_mixin.py:190} INFO - [2024-10-27T01:29:24.441+0000] {dag.py:3239} INFO - Sync 1 DAGs
[2024-10-27T01:29:24.458+0000] {logging_mixin.py:190} INFO - [2024-10-27T01:29:24.457+0000] {dag.py:4180} INFO - Setting next_dagrun for tutorial_dag to None, run_after=None
[2024-10-27T01:29:24.478+0000] {processor.py:208} INFO - Processing /home/airflow/.local/lib/python3.12/site-packages/airflow/example_dags/tutorial_dag.py took 0.100 seconds
[2024-10-27T01:29:57.302+0000] {processor.py:186} INFO - Started process (PID=57767) to work on /home/airflow/.local/lib/python3.12/site-packages/airflow/example_dags/tutorial_dag.py
[2024-10-27T01:29:57.303+0000] {processor.py:914} INFO - Processing file /home/airflow/.local/lib/python3.12/site-packages/airflow/example_dags/tutorial_dag.py for tasks to queue
[2024-10-27T01:29:57.307+0000] {logging_mixin.py:190} INFO - [2024-10-27T01:29:57.307+0000] {dagbag.py:588} INFO - Filling up the DagBag from /home/airflow/.local/lib/python3.12/site-packages/airflow/example_dags/tutorial_dag.py
[2024-10-27T01:29:57.314+0000] {processor.py:925} INFO - DAG(s) 'tutorial_dag' retrieved from /home/airflow/.local/lib/python3.12/site-packages/airflow/example_dags/tutorial_dag.py
[2024-10-27T01:29:57.336+0000] {logging_mixin.py:190} INFO - [2024-10-27T01:29:57.335+0000] {dag.py:3239} INFO - Sync 1 DAGs
[2024-10-27T01:29:57.355+0000] {logging_mixin.py:190} INFO - [2024-10-27T01:29:57.355+0000] {dag.py:4180} INFO - Setting next_dagrun for tutorial_dag to None, run_after=None
[2024-10-27T01:29:57.376+0000] {processor.py:208} INFO - Processing /home/airflow/.local/lib/python3.12/site-packages/airflow/example_dags/tutorial_dag.py took 0.080 seconds
[2024-10-27T01:30:30.270+0000] {processor.py:186} INFO - Started process (PID=57831) to work on /home/airflow/.local/lib/python3.12/site-packages/airflow/example_dags/tutorial_dag.py
[2024-10-27T01:30:30.271+0000] {processor.py:914} INFO - Processing file /home/airflow/.local/lib/python3.12/site-packages/airflow/example_dags/tutorial_dag.py for tasks to queue
[2024-10-27T01:30:30.274+0000] {logging_mixin.py:190} INFO - [2024-10-27T01:30:30.273+0000] {dagbag.py:588} INFO - Filling up the DagBag from /home/airflow/.local/lib/python3.12/site-packages/airflow/example_dags/tutorial_dag.py
[2024-10-27T01:30:30.283+0000] {processor.py:925} INFO - DAG(s) 'tutorial_dag' retrieved from /home/airflow/.local/lib/python3.12/site-packages/airflow/example_dags/tutorial_dag.py
[2024-10-27T01:30:30.306+0000] {logging_mixin.py:190} INFO - [2024-10-27T01:30:30.306+0000] {dag.py:3239} INFO - Sync 1 DAGs
[2024-10-27T01:30:30.321+0000] {logging_mixin.py:190} INFO - [2024-10-27T01:30:30.320+0000] {dag.py:4180} INFO - Setting next_dagrun for tutorial_dag to None, run_after=None
[2024-10-27T01:30:30.345+0000] {processor.py:208} INFO - Processing /home/airflow/.local/lib/python3.12/site-packages/airflow/example_dags/tutorial_dag.py took 0.081 seconds
[2024-10-27T01:31:02.255+0000] {processor.py:186} INFO - Started process (PID=57895) to work on /home/airflow/.local/lib/python3.12/site-packages/airflow/example_dags/tutorial_dag.py
[2024-10-27T01:31:02.256+0000] {processor.py:914} INFO - Processing file /home/airflow/.local/lib/python3.12/site-packages/airflow/example_dags/tutorial_dag.py for tasks to queue
[2024-10-27T01:31:02.259+0000] {logging_mixin.py:190} INFO - [2024-10-27T01:31:02.259+0000] {dagbag.py:588} INFO - Filling up the DagBag from /home/airflow/.local/lib/python3.12/site-packages/airflow/example_dags/tutorial_dag.py
[2024-10-27T01:31:02.269+0000] {processor.py:925} INFO - DAG(s) 'tutorial_dag' retrieved from /home/airflow/.local/lib/python3.12/site-packages/airflow/example_dags/tutorial_dag.py
[2024-10-27T01:31:02.287+0000] {logging_mixin.py:190} INFO - [2024-10-27T01:31:02.287+0000] {dag.py:3239} INFO - Sync 1 DAGs
[2024-10-27T01:31:02.300+0000] {logging_mixin.py:190} INFO - [2024-10-27T01:31:02.300+0000] {dag.py:4180} INFO - Setting next_dagrun for tutorial_dag to None, run_after=None
[2024-10-27T01:31:02.321+0000] {processor.py:208} INFO - Processing /home/airflow/.local/lib/python3.12/site-packages/airflow/example_dags/tutorial_dag.py took 0.076 seconds
[2024-10-27T01:31:34.849+0000] {processor.py:186} INFO - Started process (PID=57959) to work on /home/airflow/.local/lib/python3.12/site-packages/airflow/example_dags/tutorial_dag.py
[2024-10-27T01:31:34.850+0000] {processor.py:914} INFO - Processing file /home/airflow/.local/lib/python3.12/site-packages/airflow/example_dags/tutorial_dag.py for tasks to queue
[2024-10-27T01:31:34.852+0000] {logging_mixin.py:190} INFO - [2024-10-27T01:31:34.852+0000] {dagbag.py:588} INFO - Filling up the DagBag from /home/airflow/.local/lib/python3.12/site-packages/airflow/example_dags/tutorial_dag.py
[2024-10-27T01:31:34.859+0000] {processor.py:925} INFO - DAG(s) 'tutorial_dag' retrieved from /home/airflow/.local/lib/python3.12/site-packages/airflow/example_dags/tutorial_dag.py
[2024-10-27T01:31:34.883+0000] {logging_mixin.py:190} INFO - [2024-10-27T01:31:34.882+0000] {dag.py:3239} INFO - Sync 1 DAGs
[2024-10-27T01:31:34.897+0000] {logging_mixin.py:190} INFO - [2024-10-27T01:31:34.897+0000] {dag.py:4180} INFO - Setting next_dagrun for tutorial_dag to None, run_after=None
[2024-10-27T01:31:34.919+0000] {processor.py:208} INFO - Processing /home/airflow/.local/lib/python3.12/site-packages/airflow/example_dags/tutorial_dag.py took 0.077 seconds
[2024-10-27T01:32:07.013+0000] {processor.py:186} INFO - Started process (PID=58023) to work on /home/airflow/.local/lib/python3.12/site-packages/airflow/example_dags/tutorial_dag.py
[2024-10-27T01:32:07.014+0000] {processor.py:914} INFO - Processing file /home/airflow/.local/lib/python3.12/site-packages/airflow/example_dags/tutorial_dag.py for tasks to queue
[2024-10-27T01:32:07.019+0000] {logging_mixin.py:190} INFO - [2024-10-27T01:32:07.018+0000] {dagbag.py:588} INFO - Filling up the DagBag from /home/airflow/.local/lib/python3.12/site-packages/airflow/example_dags/tutorial_dag.py
[2024-10-27T01:32:07.026+0000] {processor.py:925} INFO - DAG(s) 'tutorial_dag' retrieved from /home/airflow/.local/lib/python3.12/site-packages/airflow/example_dags/tutorial_dag.py
[2024-10-27T01:32:07.047+0000] {logging_mixin.py:190} INFO - [2024-10-27T01:32:07.047+0000] {dag.py:3239} INFO - Sync 1 DAGs
[2024-10-27T01:32:07.059+0000] {logging_mixin.py:190} INFO - [2024-10-27T01:32:07.059+0000] {dag.py:4180} INFO - Setting next_dagrun for tutorial_dag to None, run_after=None
[2024-10-27T01:32:07.080+0000] {processor.py:208} INFO - Processing /home/airflow/.local/lib/python3.12/site-packages/airflow/example_dags/tutorial_dag.py took 0.073 seconds
[2024-10-27T01:32:40.374+0000] {processor.py:186} INFO - Started process (PID=58087) to work on /home/airflow/.local/lib/python3.12/site-packages/airflow/example_dags/tutorial_dag.py
[2024-10-27T01:32:40.375+0000] {processor.py:914} INFO - Processing file /home/airflow/.local/lib/python3.12/site-packages/airflow/example_dags/tutorial_dag.py for tasks to queue
[2024-10-27T01:32:40.377+0000] {logging_mixin.py:190} INFO - [2024-10-27T01:32:40.377+0000] {dagbag.py:588} INFO - Filling up the DagBag from /home/airflow/.local/lib/python3.12/site-packages/airflow/example_dags/tutorial_dag.py
[2024-10-27T01:32:40.387+0000] {processor.py:925} INFO - DAG(s) 'tutorial_dag' retrieved from /home/airflow/.local/lib/python3.12/site-packages/airflow/example_dags/tutorial_dag.py
[2024-10-27T01:32:40.407+0000] {logging_mixin.py:190} INFO - [2024-10-27T01:32:40.407+0000] {dag.py:3239} INFO - Sync 1 DAGs
[2024-10-27T01:32:40.422+0000] {logging_mixin.py:190} INFO - [2024-10-27T01:32:40.422+0000] {dag.py:4180} INFO - Setting next_dagrun for tutorial_dag to None, run_after=None
[2024-10-27T01:32:40.445+0000] {processor.py:208} INFO - Processing /home/airflow/.local/lib/python3.12/site-packages/airflow/example_dags/tutorial_dag.py took 0.077 seconds
[2024-10-27T01:33:13.552+0000] {processor.py:186} INFO - Started process (PID=58151) to work on /home/airflow/.local/lib/python3.12/site-packages/airflow/example_dags/tutorial_dag.py
[2024-10-27T01:33:13.554+0000] {processor.py:914} INFO - Processing file /home/airflow/.local/lib/python3.12/site-packages/airflow/example_dags/tutorial_dag.py for tasks to queue
[2024-10-27T01:33:13.557+0000] {logging_mixin.py:190} INFO - [2024-10-27T01:33:13.557+0000] {dagbag.py:588} INFO - Filling up the DagBag from /home/airflow/.local/lib/python3.12/site-packages/airflow/example_dags/tutorial_dag.py
[2024-10-27T01:33:13.566+0000] {processor.py:925} INFO - DAG(s) 'tutorial_dag' retrieved from /home/airflow/.local/lib/python3.12/site-packages/airflow/example_dags/tutorial_dag.py
[2024-10-27T01:33:13.588+0000] {logging_mixin.py:190} INFO - [2024-10-27T01:33:13.587+0000] {dag.py:3239} INFO - Sync 1 DAGs
[2024-10-27T01:33:13.603+0000] {logging_mixin.py:190} INFO - [2024-10-27T01:33:13.603+0000] {dag.py:4180} INFO - Setting next_dagrun for tutorial_dag to None, run_after=None
[2024-10-27T01:33:13.624+0000] {processor.py:208} INFO - Processing /home/airflow/.local/lib/python3.12/site-packages/airflow/example_dags/tutorial_dag.py took 0.079 seconds
[2024-10-27T01:33:46.765+0000] {processor.py:186} INFO - Started process (PID=58215) to work on /home/airflow/.local/lib/python3.12/site-packages/airflow/example_dags/tutorial_dag.py
[2024-10-27T01:33:46.766+0000] {processor.py:914} INFO - Processing file /home/airflow/.local/lib/python3.12/site-packages/airflow/example_dags/tutorial_dag.py for tasks to queue
[2024-10-27T01:33:46.769+0000] {logging_mixin.py:190} INFO - [2024-10-27T01:33:46.768+0000] {dagbag.py:588} INFO - Filling up the DagBag from /home/airflow/.local/lib/python3.12/site-packages/airflow/example_dags/tutorial_dag.py
[2024-10-27T01:33:46.778+0000] {processor.py:925} INFO - DAG(s) 'tutorial_dag' retrieved from /home/airflow/.local/lib/python3.12/site-packages/airflow/example_dags/tutorial_dag.py
[2024-10-27T01:33:46.801+0000] {logging_mixin.py:190} INFO - [2024-10-27T01:33:46.801+0000] {dag.py:3239} INFO - Sync 1 DAGs
[2024-10-27T01:33:46.821+0000] {logging_mixin.py:190} INFO - [2024-10-27T01:33:46.821+0000] {dag.py:4180} INFO - Setting next_dagrun for tutorial_dag to None, run_after=None
[2024-10-27T01:33:46.845+0000] {processor.py:208} INFO - Processing /home/airflow/.local/lib/python3.12/site-packages/airflow/example_dags/tutorial_dag.py took 0.087 seconds
[2024-10-27T01:34:18.956+0000] {processor.py:186} INFO - Started process (PID=58279) to work on /home/airflow/.local/lib/python3.12/site-packages/airflow/example_dags/tutorial_dag.py
[2024-10-27T01:34:18.957+0000] {processor.py:914} INFO - Processing file /home/airflow/.local/lib/python3.12/site-packages/airflow/example_dags/tutorial_dag.py for tasks to queue
[2024-10-27T01:34:18.960+0000] {logging_mixin.py:190} INFO - [2024-10-27T01:34:18.960+0000] {dagbag.py:588} INFO - Filling up the DagBag from /home/airflow/.local/lib/python3.12/site-packages/airflow/example_dags/tutorial_dag.py
[2024-10-27T01:34:18.972+0000] {processor.py:925} INFO - DAG(s) 'tutorial_dag' retrieved from /home/airflow/.local/lib/python3.12/site-packages/airflow/example_dags/tutorial_dag.py
[2024-10-27T01:34:18.998+0000] {logging_mixin.py:190} INFO - [2024-10-27T01:34:18.998+0000] {dag.py:3239} INFO - Sync 1 DAGs
[2024-10-27T01:34:19.022+0000] {logging_mixin.py:190} INFO - [2024-10-27T01:34:19.021+0000] {dag.py:4180} INFO - Setting next_dagrun for tutorial_dag to None, run_after=None
[2024-10-27T01:34:19.061+0000] {processor.py:208} INFO - Processing /home/airflow/.local/lib/python3.12/site-packages/airflow/example_dags/tutorial_dag.py took 0.116 seconds
[2024-10-27T01:34:51.806+0000] {processor.py:186} INFO - Started process (PID=58343) to work on /home/airflow/.local/lib/python3.12/site-packages/airflow/example_dags/tutorial_dag.py
[2024-10-27T01:34:51.808+0000] {processor.py:914} INFO - Processing file /home/airflow/.local/lib/python3.12/site-packages/airflow/example_dags/tutorial_dag.py for tasks to queue
[2024-10-27T01:34:51.812+0000] {logging_mixin.py:190} INFO - [2024-10-27T01:34:51.811+0000] {dagbag.py:588} INFO - Filling up the DagBag from /home/airflow/.local/lib/python3.12/site-packages/airflow/example_dags/tutorial_dag.py
[2024-10-27T01:34:51.819+0000] {processor.py:925} INFO - DAG(s) 'tutorial_dag' retrieved from /home/airflow/.local/lib/python3.12/site-packages/airflow/example_dags/tutorial_dag.py
[2024-10-27T01:34:51.840+0000] {logging_mixin.py:190} INFO - [2024-10-27T01:34:51.839+0000] {dag.py:3239} INFO - Sync 1 DAGs
[2024-10-27T01:34:51.853+0000] {logging_mixin.py:190} INFO - [2024-10-27T01:34:51.852+0000] {dag.py:4180} INFO - Setting next_dagrun for tutorial_dag to None, run_after=None
[2024-10-27T01:34:51.877+0000] {processor.py:208} INFO - Processing /home/airflow/.local/lib/python3.12/site-packages/airflow/example_dags/tutorial_dag.py took 0.076 seconds
[2024-10-27T01:35:23.988+0000] {processor.py:186} INFO - Started process (PID=58407) to work on /home/airflow/.local/lib/python3.12/site-packages/airflow/example_dags/tutorial_dag.py
[2024-10-27T01:35:23.989+0000] {processor.py:914} INFO - Processing file /home/airflow/.local/lib/python3.12/site-packages/airflow/example_dags/tutorial_dag.py for tasks to queue
[2024-10-27T01:35:23.991+0000] {logging_mixin.py:190} INFO - [2024-10-27T01:35:23.991+0000] {dagbag.py:588} INFO - Filling up the DagBag from /home/airflow/.local/lib/python3.12/site-packages/airflow/example_dags/tutorial_dag.py
[2024-10-27T01:35:23.999+0000] {processor.py:925} INFO - DAG(s) 'tutorial_dag' retrieved from /home/airflow/.local/lib/python3.12/site-packages/airflow/example_dags/tutorial_dag.py
[2024-10-27T01:35:24.022+0000] {logging_mixin.py:190} INFO - [2024-10-27T01:35:24.022+0000] {dag.py:3239} INFO - Sync 1 DAGs
[2024-10-27T01:35:24.039+0000] {logging_mixin.py:190} INFO - [2024-10-27T01:35:24.038+0000] {dag.py:4180} INFO - Setting next_dagrun for tutorial_dag to None, run_after=None
[2024-10-27T01:35:24.060+0000] {processor.py:208} INFO - Processing /home/airflow/.local/lib/python3.12/site-packages/airflow/example_dags/tutorial_dag.py took 0.080 seconds
[2024-10-27T01:35:57.242+0000] {processor.py:186} INFO - Started process (PID=58471) to work on /home/airflow/.local/lib/python3.12/site-packages/airflow/example_dags/tutorial_dag.py
[2024-10-27T01:35:57.243+0000] {processor.py:914} INFO - Processing file /home/airflow/.local/lib/python3.12/site-packages/airflow/example_dags/tutorial_dag.py for tasks to queue
[2024-10-27T01:35:57.245+0000] {logging_mixin.py:190} INFO - [2024-10-27T01:35:57.245+0000] {dagbag.py:588} INFO - Filling up the DagBag from /home/airflow/.local/lib/python3.12/site-packages/airflow/example_dags/tutorial_dag.py
[2024-10-27T01:35:57.253+0000] {processor.py:925} INFO - DAG(s) 'tutorial_dag' retrieved from /home/airflow/.local/lib/python3.12/site-packages/airflow/example_dags/tutorial_dag.py
[2024-10-27T01:35:57.278+0000] {logging_mixin.py:190} INFO - [2024-10-27T01:35:57.277+0000] {dag.py:3239} INFO - Sync 1 DAGs
[2024-10-27T01:35:57.294+0000] {logging_mixin.py:190} INFO - [2024-10-27T01:35:57.294+0000] {dag.py:4180} INFO - Setting next_dagrun for tutorial_dag to None, run_after=None
[2024-10-27T01:35:57.320+0000] {processor.py:208} INFO - Processing /home/airflow/.local/lib/python3.12/site-packages/airflow/example_dags/tutorial_dag.py took 0.086 seconds
[2024-10-27T01:36:29.744+0000] {processor.py:186} INFO - Started process (PID=58535) to work on /home/airflow/.local/lib/python3.12/site-packages/airflow/example_dags/tutorial_dag.py
[2024-10-27T01:36:29.747+0000] {processor.py:914} INFO - Processing file /home/airflow/.local/lib/python3.12/site-packages/airflow/example_dags/tutorial_dag.py for tasks to queue
[2024-10-27T01:36:29.750+0000] {logging_mixin.py:190} INFO - [2024-10-27T01:36:29.750+0000] {dagbag.py:588} INFO - Filling up the DagBag from /home/airflow/.local/lib/python3.12/site-packages/airflow/example_dags/tutorial_dag.py
[2024-10-27T01:36:29.757+0000] {processor.py:925} INFO - DAG(s) 'tutorial_dag' retrieved from /home/airflow/.local/lib/python3.12/site-packages/airflow/example_dags/tutorial_dag.py
[2024-10-27T01:36:29.782+0000] {logging_mixin.py:190} INFO - [2024-10-27T01:36:29.782+0000] {dag.py:3239} INFO - Sync 1 DAGs
[2024-10-27T01:36:29.796+0000] {logging_mixin.py:190} INFO - [2024-10-27T01:36:29.796+0000] {dag.py:4180} INFO - Setting next_dagrun for tutorial_dag to None, run_after=None
[2024-10-27T01:36:29.817+0000] {processor.py:208} INFO - Processing /home/airflow/.local/lib/python3.12/site-packages/airflow/example_dags/tutorial_dag.py took 0.078 seconds
[2024-10-27T01:37:02.607+0000] {processor.py:186} INFO - Started process (PID=58600) to work on /home/airflow/.local/lib/python3.12/site-packages/airflow/example_dags/tutorial_dag.py
[2024-10-27T01:37:02.608+0000] {processor.py:914} INFO - Processing file /home/airflow/.local/lib/python3.12/site-packages/airflow/example_dags/tutorial_dag.py for tasks to queue
[2024-10-27T01:37:02.611+0000] {logging_mixin.py:190} INFO - [2024-10-27T01:37:02.611+0000] {dagbag.py:588} INFO - Filling up the DagBag from /home/airflow/.local/lib/python3.12/site-packages/airflow/example_dags/tutorial_dag.py
[2024-10-27T01:37:02.620+0000] {processor.py:925} INFO - DAG(s) 'tutorial_dag' retrieved from /home/airflow/.local/lib/python3.12/site-packages/airflow/example_dags/tutorial_dag.py
[2024-10-27T01:37:02.644+0000] {logging_mixin.py:190} INFO - [2024-10-27T01:37:02.644+0000] {dag.py:3239} INFO - Sync 1 DAGs
[2024-10-27T01:37:02.658+0000] {logging_mixin.py:190} INFO - [2024-10-27T01:37:02.658+0000] {dag.py:4180} INFO - Setting next_dagrun for tutorial_dag to None, run_after=None
[2024-10-27T01:37:02.684+0000] {processor.py:208} INFO - Processing /home/airflow/.local/lib/python3.12/site-packages/airflow/example_dags/tutorial_dag.py took 0.085 seconds
[2024-10-27T01:37:35.379+0000] {processor.py:186} INFO - Started process (PID=58664) to work on /home/airflow/.local/lib/python3.12/site-packages/airflow/example_dags/tutorial_dag.py
[2024-10-27T01:37:35.381+0000] {processor.py:914} INFO - Processing file /home/airflow/.local/lib/python3.12/site-packages/airflow/example_dags/tutorial_dag.py for tasks to queue
[2024-10-27T01:37:35.384+0000] {logging_mixin.py:190} INFO - [2024-10-27T01:37:35.383+0000] {dagbag.py:588} INFO - Filling up the DagBag from /home/airflow/.local/lib/python3.12/site-packages/airflow/example_dags/tutorial_dag.py
[2024-10-27T01:37:35.392+0000] {processor.py:925} INFO - DAG(s) 'tutorial_dag' retrieved from /home/airflow/.local/lib/python3.12/site-packages/airflow/example_dags/tutorial_dag.py
[2024-10-27T01:37:35.411+0000] {logging_mixin.py:190} INFO - [2024-10-27T01:37:35.411+0000] {dag.py:3239} INFO - Sync 1 DAGs
[2024-10-27T01:37:35.425+0000] {logging_mixin.py:190} INFO - [2024-10-27T01:37:35.425+0000] {dag.py:4180} INFO - Setting next_dagrun for tutorial_dag to None, run_after=None
[2024-10-27T01:37:35.451+0000] {processor.py:208} INFO - Processing /home/airflow/.local/lib/python3.12/site-packages/airflow/example_dags/tutorial_dag.py took 0.080 seconds
[2024-10-27T01:38:08.697+0000] {processor.py:186} INFO - Started process (PID=58728) to work on /home/airflow/.local/lib/python3.12/site-packages/airflow/example_dags/tutorial_dag.py
[2024-10-27T01:38:08.698+0000] {processor.py:914} INFO - Processing file /home/airflow/.local/lib/python3.12/site-packages/airflow/example_dags/tutorial_dag.py for tasks to queue
[2024-10-27T01:38:08.701+0000] {logging_mixin.py:190} INFO - [2024-10-27T01:38:08.700+0000] {dagbag.py:588} INFO - Filling up the DagBag from /home/airflow/.local/lib/python3.12/site-packages/airflow/example_dags/tutorial_dag.py
[2024-10-27T01:38:08.708+0000] {processor.py:925} INFO - DAG(s) 'tutorial_dag' retrieved from /home/airflow/.local/lib/python3.12/site-packages/airflow/example_dags/tutorial_dag.py
[2024-10-27T01:38:08.730+0000] {logging_mixin.py:190} INFO - [2024-10-27T01:38:08.729+0000] {dag.py:3239} INFO - Sync 1 DAGs
[2024-10-27T01:38:08.748+0000] {logging_mixin.py:190} INFO - [2024-10-27T01:38:08.748+0000] {dag.py:4180} INFO - Setting next_dagrun for tutorial_dag to None, run_after=None
[2024-10-27T01:38:08.772+0000] {processor.py:208} INFO - Processing /home/airflow/.local/lib/python3.12/site-packages/airflow/example_dags/tutorial_dag.py took 0.080 seconds
[2024-10-27T01:38:42.289+0000] {processor.py:186} INFO - Started process (PID=58791) to work on /home/airflow/.local/lib/python3.12/site-packages/airflow/example_dags/tutorial_dag.py
[2024-10-27T01:38:42.290+0000] {processor.py:914} INFO - Processing file /home/airflow/.local/lib/python3.12/site-packages/airflow/example_dags/tutorial_dag.py for tasks to queue
[2024-10-27T01:38:42.292+0000] {logging_mixin.py:190} INFO - [2024-10-27T01:38:42.292+0000] {dagbag.py:588} INFO - Filling up the DagBag from /home/airflow/.local/lib/python3.12/site-packages/airflow/example_dags/tutorial_dag.py
[2024-10-27T01:38:42.299+0000] {processor.py:925} INFO - DAG(s) 'tutorial_dag' retrieved from /home/airflow/.local/lib/python3.12/site-packages/airflow/example_dags/tutorial_dag.py
[2024-10-27T01:38:42.317+0000] {logging_mixin.py:190} INFO - [2024-10-27T01:38:42.317+0000] {dag.py:3239} INFO - Sync 1 DAGs
[2024-10-27T01:38:42.331+0000] {logging_mixin.py:190} INFO - [2024-10-27T01:38:42.331+0000] {dag.py:4180} INFO - Setting next_dagrun for tutorial_dag to None, run_after=None
[2024-10-27T01:38:42.507+0000] {processor.py:208} INFO - Processing /home/airflow/.local/lib/python3.12/site-packages/airflow/example_dags/tutorial_dag.py took 0.223 seconds
[2024-10-27T01:39:14.600+0000] {processor.py:186} INFO - Started process (PID=58855) to work on /home/airflow/.local/lib/python3.12/site-packages/airflow/example_dags/tutorial_dag.py
[2024-10-27T01:39:14.601+0000] {processor.py:914} INFO - Processing file /home/airflow/.local/lib/python3.12/site-packages/airflow/example_dags/tutorial_dag.py for tasks to queue
[2024-10-27T01:39:14.603+0000] {logging_mixin.py:190} INFO - [2024-10-27T01:39:14.603+0000] {dagbag.py:588} INFO - Filling up the DagBag from /home/airflow/.local/lib/python3.12/site-packages/airflow/example_dags/tutorial_dag.py
[2024-10-27T01:39:14.611+0000] {processor.py:925} INFO - DAG(s) 'tutorial_dag' retrieved from /home/airflow/.local/lib/python3.12/site-packages/airflow/example_dags/tutorial_dag.py
[2024-10-27T01:39:14.636+0000] {logging_mixin.py:190} INFO - [2024-10-27T01:39:14.635+0000] {dag.py:3239} INFO - Sync 1 DAGs
[2024-10-27T01:39:14.653+0000] {logging_mixin.py:190} INFO - [2024-10-27T01:39:14.652+0000] {dag.py:4180} INFO - Setting next_dagrun for tutorial_dag to None, run_after=None
[2024-10-27T01:39:14.835+0000] {processor.py:208} INFO - Processing /home/airflow/.local/lib/python3.12/site-packages/airflow/example_dags/tutorial_dag.py took 0.241 seconds
[2024-10-27T01:39:47.199+0000] {processor.py:186} INFO - Started process (PID=58919) to work on /home/airflow/.local/lib/python3.12/site-packages/airflow/example_dags/tutorial_dag.py
[2024-10-27T01:39:47.200+0000] {processor.py:914} INFO - Processing file /home/airflow/.local/lib/python3.12/site-packages/airflow/example_dags/tutorial_dag.py for tasks to queue
[2024-10-27T01:39:47.203+0000] {logging_mixin.py:190} INFO - [2024-10-27T01:39:47.203+0000] {dagbag.py:588} INFO - Filling up the DagBag from /home/airflow/.local/lib/python3.12/site-packages/airflow/example_dags/tutorial_dag.py
[2024-10-27T01:39:47.216+0000] {processor.py:925} INFO - DAG(s) 'tutorial_dag' retrieved from /home/airflow/.local/lib/python3.12/site-packages/airflow/example_dags/tutorial_dag.py
[2024-10-27T01:39:47.240+0000] {logging_mixin.py:190} INFO - [2024-10-27T01:39:47.239+0000] {dag.py:3239} INFO - Sync 1 DAGs
[2024-10-27T01:39:47.258+0000] {logging_mixin.py:190} INFO - [2024-10-27T01:39:47.258+0000] {dag.py:4180} INFO - Setting next_dagrun for tutorial_dag to None, run_after=None
[2024-10-27T01:39:47.282+0000] {processor.py:208} INFO - Processing /home/airflow/.local/lib/python3.12/site-packages/airflow/example_dags/tutorial_dag.py took 0.092 seconds
[2024-10-27T01:40:18.693+0000] {processor.py:186} INFO - Started process (PID=58983) to work on /home/airflow/.local/lib/python3.12/site-packages/airflow/example_dags/tutorial_dag.py
[2024-10-27T01:40:18.694+0000] {processor.py:914} INFO - Processing file /home/airflow/.local/lib/python3.12/site-packages/airflow/example_dags/tutorial_dag.py for tasks to queue
[2024-10-27T01:40:18.697+0000] {logging_mixin.py:190} INFO - [2024-10-27T01:40:18.697+0000] {dagbag.py:588} INFO - Filling up the DagBag from /home/airflow/.local/lib/python3.12/site-packages/airflow/example_dags/tutorial_dag.py
[2024-10-27T01:40:18.707+0000] {processor.py:925} INFO - DAG(s) 'tutorial_dag' retrieved from /home/airflow/.local/lib/python3.12/site-packages/airflow/example_dags/tutorial_dag.py
[2024-10-27T01:40:18.727+0000] {logging_mixin.py:190} INFO - [2024-10-27T01:40:18.727+0000] {dag.py:3239} INFO - Sync 1 DAGs
[2024-10-27T01:40:18.743+0000] {logging_mixin.py:190} INFO - [2024-10-27T01:40:18.742+0000] {dag.py:4180} INFO - Setting next_dagrun for tutorial_dag to None, run_after=None
[2024-10-27T01:40:18.767+0000] {processor.py:208} INFO - Processing /home/airflow/.local/lib/python3.12/site-packages/airflow/example_dags/tutorial_dag.py took 0.081 seconds
[2024-10-27T01:40:51.510+0000] {processor.py:186} INFO - Started process (PID=59047) to work on /home/airflow/.local/lib/python3.12/site-packages/airflow/example_dags/tutorial_dag.py
[2024-10-27T01:40:51.511+0000] {processor.py:914} INFO - Processing file /home/airflow/.local/lib/python3.12/site-packages/airflow/example_dags/tutorial_dag.py for tasks to queue
[2024-10-27T01:40:51.515+0000] {logging_mixin.py:190} INFO - [2024-10-27T01:40:51.514+0000] {dagbag.py:588} INFO - Filling up the DagBag from /home/airflow/.local/lib/python3.12/site-packages/airflow/example_dags/tutorial_dag.py
[2024-10-27T01:40:51.525+0000] {processor.py:925} INFO - DAG(s) 'tutorial_dag' retrieved from /home/airflow/.local/lib/python3.12/site-packages/airflow/example_dags/tutorial_dag.py
[2024-10-27T01:40:51.549+0000] {logging_mixin.py:190} INFO - [2024-10-27T01:40:51.549+0000] {dag.py:3239} INFO - Sync 1 DAGs
[2024-10-27T01:40:51.570+0000] {logging_mixin.py:190} INFO - [2024-10-27T01:40:51.569+0000] {dag.py:4180} INFO - Setting next_dagrun for tutorial_dag to None, run_after=None
[2024-10-27T01:40:51.593+0000] {processor.py:208} INFO - Processing /home/airflow/.local/lib/python3.12/site-packages/airflow/example_dags/tutorial_dag.py took 0.089 seconds
[2024-10-27T01:41:23.993+0000] {processor.py:186} INFO - Started process (PID=59111) to work on /home/airflow/.local/lib/python3.12/site-packages/airflow/example_dags/tutorial_dag.py
[2024-10-27T01:41:23.995+0000] {processor.py:914} INFO - Processing file /home/airflow/.local/lib/python3.12/site-packages/airflow/example_dags/tutorial_dag.py for tasks to queue
[2024-10-27T01:41:24.000+0000] {logging_mixin.py:190} INFO - [2024-10-27T01:41:23.999+0000] {dagbag.py:588} INFO - Filling up the DagBag from /home/airflow/.local/lib/python3.12/site-packages/airflow/example_dags/tutorial_dag.py
[2024-10-27T01:41:24.009+0000] {processor.py:925} INFO - DAG(s) 'tutorial_dag' retrieved from /home/airflow/.local/lib/python3.12/site-packages/airflow/example_dags/tutorial_dag.py
[2024-10-27T01:41:24.031+0000] {logging_mixin.py:190} INFO - [2024-10-27T01:41:24.030+0000] {dag.py:3239} INFO - Sync 1 DAGs
[2024-10-27T01:41:24.046+0000] {logging_mixin.py:190} INFO - [2024-10-27T01:41:24.046+0000] {dag.py:4180} INFO - Setting next_dagrun for tutorial_dag to None, run_after=None
[2024-10-27T01:41:24.066+0000] {processor.py:208} INFO - Processing /home/airflow/.local/lib/python3.12/site-packages/airflow/example_dags/tutorial_dag.py took 0.079 seconds
[2024-10-27T01:41:57.360+0000] {processor.py:186} INFO - Started process (PID=59175) to work on /home/airflow/.local/lib/python3.12/site-packages/airflow/example_dags/tutorial_dag.py
[2024-10-27T01:41:57.361+0000] {processor.py:914} INFO - Processing file /home/airflow/.local/lib/python3.12/site-packages/airflow/example_dags/tutorial_dag.py for tasks to queue
[2024-10-27T01:41:57.363+0000] {logging_mixin.py:190} INFO - [2024-10-27T01:41:57.363+0000] {dagbag.py:588} INFO - Filling up the DagBag from /home/airflow/.local/lib/python3.12/site-packages/airflow/example_dags/tutorial_dag.py
[2024-10-27T01:41:57.370+0000] {processor.py:925} INFO - DAG(s) 'tutorial_dag' retrieved from /home/airflow/.local/lib/python3.12/site-packages/airflow/example_dags/tutorial_dag.py
[2024-10-27T01:41:57.392+0000] {logging_mixin.py:190} INFO - [2024-10-27T01:41:57.392+0000] {dag.py:3239} INFO - Sync 1 DAGs
[2024-10-27T01:41:57.406+0000] {logging_mixin.py:190} INFO - [2024-10-27T01:41:57.405+0000] {dag.py:4180} INFO - Setting next_dagrun for tutorial_dag to None, run_after=None
[2024-10-27T01:41:57.428+0000] {processor.py:208} INFO - Processing /home/airflow/.local/lib/python3.12/site-packages/airflow/example_dags/tutorial_dag.py took 0.074 seconds
[2024-10-27T01:42:29.578+0000] {processor.py:186} INFO - Started process (PID=59239) to work on /home/airflow/.local/lib/python3.12/site-packages/airflow/example_dags/tutorial_dag.py
[2024-10-27T01:42:29.580+0000] {processor.py:914} INFO - Processing file /home/airflow/.local/lib/python3.12/site-packages/airflow/example_dags/tutorial_dag.py for tasks to queue
[2024-10-27T01:42:29.583+0000] {logging_mixin.py:190} INFO - [2024-10-27T01:42:29.583+0000] {dagbag.py:588} INFO - Filling up the DagBag from /home/airflow/.local/lib/python3.12/site-packages/airflow/example_dags/tutorial_dag.py
[2024-10-27T01:42:29.590+0000] {processor.py:925} INFO - DAG(s) 'tutorial_dag' retrieved from /home/airflow/.local/lib/python3.12/site-packages/airflow/example_dags/tutorial_dag.py
[2024-10-27T01:42:29.608+0000] {logging_mixin.py:190} INFO - [2024-10-27T01:42:29.608+0000] {dag.py:3239} INFO - Sync 1 DAGs
[2024-10-27T01:42:29.622+0000] {logging_mixin.py:190} INFO - [2024-10-27T01:42:29.622+0000] {dag.py:4180} INFO - Setting next_dagrun for tutorial_dag to None, run_after=None
[2024-10-27T01:42:29.640+0000] {processor.py:208} INFO - Processing /home/airflow/.local/lib/python3.12/site-packages/airflow/example_dags/tutorial_dag.py took 0.068 seconds
[2024-10-27T01:43:01.887+0000] {processor.py:186} INFO - Started process (PID=59303) to work on /home/airflow/.local/lib/python3.12/site-packages/airflow/example_dags/tutorial_dag.py
[2024-10-27T01:43:01.888+0000] {processor.py:914} INFO - Processing file /home/airflow/.local/lib/python3.12/site-packages/airflow/example_dags/tutorial_dag.py for tasks to queue
[2024-10-27T01:43:01.891+0000] {logging_mixin.py:190} INFO - [2024-10-27T01:43:01.891+0000] {dagbag.py:588} INFO - Filling up the DagBag from /home/airflow/.local/lib/python3.12/site-packages/airflow/example_dags/tutorial_dag.py
[2024-10-27T01:43:01.899+0000] {processor.py:925} INFO - DAG(s) 'tutorial_dag' retrieved from /home/airflow/.local/lib/python3.12/site-packages/airflow/example_dags/tutorial_dag.py
[2024-10-27T01:43:01.920+0000] {logging_mixin.py:190} INFO - [2024-10-27T01:43:01.920+0000] {dag.py:3239} INFO - Sync 1 DAGs
[2024-10-27T01:43:01.937+0000] {logging_mixin.py:190} INFO - [2024-10-27T01:43:01.936+0000] {dag.py:4180} INFO - Setting next_dagrun for tutorial_dag to None, run_after=None
[2024-10-27T01:43:01.960+0000] {processor.py:208} INFO - Processing /home/airflow/.local/lib/python3.12/site-packages/airflow/example_dags/tutorial_dag.py took 0.081 seconds
[2024-10-27T01:43:35.239+0000] {processor.py:186} INFO - Started process (PID=59367) to work on /home/airflow/.local/lib/python3.12/site-packages/airflow/example_dags/tutorial_dag.py
[2024-10-27T01:43:35.240+0000] {processor.py:914} INFO - Processing file /home/airflow/.local/lib/python3.12/site-packages/airflow/example_dags/tutorial_dag.py for tasks to queue
[2024-10-27T01:43:35.244+0000] {logging_mixin.py:190} INFO - [2024-10-27T01:43:35.243+0000] {dagbag.py:588} INFO - Filling up the DagBag from /home/airflow/.local/lib/python3.12/site-packages/airflow/example_dags/tutorial_dag.py
[2024-10-27T01:43:35.254+0000] {processor.py:925} INFO - DAG(s) 'tutorial_dag' retrieved from /home/airflow/.local/lib/python3.12/site-packages/airflow/example_dags/tutorial_dag.py
[2024-10-27T01:43:35.272+0000] {logging_mixin.py:190} INFO - [2024-10-27T01:43:35.272+0000] {dag.py:3239} INFO - Sync 1 DAGs
[2024-10-27T01:43:35.287+0000] {logging_mixin.py:190} INFO - [2024-10-27T01:43:35.287+0000] {dag.py:4180} INFO - Setting next_dagrun for tutorial_dag to None, run_after=None
[2024-10-27T01:43:35.313+0000] {processor.py:208} INFO - Processing /home/airflow/.local/lib/python3.12/site-packages/airflow/example_dags/tutorial_dag.py took 0.082 seconds
[2024-10-27T01:44:07.705+0000] {processor.py:186} INFO - Started process (PID=59431) to work on /home/airflow/.local/lib/python3.12/site-packages/airflow/example_dags/tutorial_dag.py
[2024-10-27T01:44:07.706+0000] {processor.py:914} INFO - Processing file /home/airflow/.local/lib/python3.12/site-packages/airflow/example_dags/tutorial_dag.py for tasks to queue
[2024-10-27T01:44:07.711+0000] {logging_mixin.py:190} INFO - [2024-10-27T01:44:07.710+0000] {dagbag.py:588} INFO - Filling up the DagBag from /home/airflow/.local/lib/python3.12/site-packages/airflow/example_dags/tutorial_dag.py
[2024-10-27T01:44:07.717+0000] {processor.py:925} INFO - DAG(s) 'tutorial_dag' retrieved from /home/airflow/.local/lib/python3.12/site-packages/airflow/example_dags/tutorial_dag.py
[2024-10-27T01:44:07.735+0000] {logging_mixin.py:190} INFO - [2024-10-27T01:44:07.735+0000] {dag.py:3239} INFO - Sync 1 DAGs
[2024-10-27T01:44:07.748+0000] {logging_mixin.py:190} INFO - [2024-10-27T01:44:07.748+0000] {dag.py:4180} INFO - Setting next_dagrun for tutorial_dag to None, run_after=None
[2024-10-27T01:44:07.774+0000] {processor.py:208} INFO - Processing /home/airflow/.local/lib/python3.12/site-packages/airflow/example_dags/tutorial_dag.py took 0.074 seconds
[2024-10-27T01:44:40.788+0000] {processor.py:186} INFO - Started process (PID=59496) to work on /home/airflow/.local/lib/python3.12/site-packages/airflow/example_dags/tutorial_dag.py
[2024-10-27T01:44:40.789+0000] {processor.py:914} INFO - Processing file /home/airflow/.local/lib/python3.12/site-packages/airflow/example_dags/tutorial_dag.py for tasks to queue
[2024-10-27T01:44:40.792+0000] {logging_mixin.py:190} INFO - [2024-10-27T01:44:40.792+0000] {dagbag.py:588} INFO - Filling up the DagBag from /home/airflow/.local/lib/python3.12/site-packages/airflow/example_dags/tutorial_dag.py
[2024-10-27T01:44:40.801+0000] {processor.py:925} INFO - DAG(s) 'tutorial_dag' retrieved from /home/airflow/.local/lib/python3.12/site-packages/airflow/example_dags/tutorial_dag.py
[2024-10-27T01:44:40.829+0000] {logging_mixin.py:190} INFO - [2024-10-27T01:44:40.828+0000] {dag.py:3239} INFO - Sync 1 DAGs
[2024-10-27T01:44:40.848+0000] {logging_mixin.py:190} INFO - [2024-10-27T01:44:40.848+0000] {dag.py:4180} INFO - Setting next_dagrun for tutorial_dag to None, run_after=None
[2024-10-27T01:44:40.875+0000] {processor.py:208} INFO - Processing /home/airflow/.local/lib/python3.12/site-packages/airflow/example_dags/tutorial_dag.py took 0.091 seconds
[2024-10-27T01:45:13.686+0000] {processor.py:186} INFO - Started process (PID=59560) to work on /home/airflow/.local/lib/python3.12/site-packages/airflow/example_dags/tutorial_dag.py
[2024-10-27T01:45:13.687+0000] {processor.py:914} INFO - Processing file /home/airflow/.local/lib/python3.12/site-packages/airflow/example_dags/tutorial_dag.py for tasks to queue
[2024-10-27T01:45:13.690+0000] {logging_mixin.py:190} INFO - [2024-10-27T01:45:13.690+0000] {dagbag.py:588} INFO - Filling up the DagBag from /home/airflow/.local/lib/python3.12/site-packages/airflow/example_dags/tutorial_dag.py
[2024-10-27T01:45:13.699+0000] {processor.py:925} INFO - DAG(s) 'tutorial_dag' retrieved from /home/airflow/.local/lib/python3.12/site-packages/airflow/example_dags/tutorial_dag.py
[2024-10-27T01:45:13.719+0000] {logging_mixin.py:190} INFO - [2024-10-27T01:45:13.719+0000] {dag.py:3239} INFO - Sync 1 DAGs
[2024-10-27T01:45:13.734+0000] {logging_mixin.py:190} INFO - [2024-10-27T01:45:13.734+0000] {dag.py:4180} INFO - Setting next_dagrun for tutorial_dag to None, run_after=None
[2024-10-27T01:45:13.757+0000] {processor.py:208} INFO - Processing /home/airflow/.local/lib/python3.12/site-packages/airflow/example_dags/tutorial_dag.py took 0.076 seconds
[2024-10-27T01:45:45.360+0000] {processor.py:186} INFO - Started process (PID=59624) to work on /home/airflow/.local/lib/python3.12/site-packages/airflow/example_dags/tutorial_dag.py
[2024-10-27T01:45:45.362+0000] {processor.py:914} INFO - Processing file /home/airflow/.local/lib/python3.12/site-packages/airflow/example_dags/tutorial_dag.py for tasks to queue
[2024-10-27T01:45:45.366+0000] {logging_mixin.py:190} INFO - [2024-10-27T01:45:45.366+0000] {dagbag.py:588} INFO - Filling up the DagBag from /home/airflow/.local/lib/python3.12/site-packages/airflow/example_dags/tutorial_dag.py
[2024-10-27T01:45:45.374+0000] {processor.py:925} INFO - DAG(s) 'tutorial_dag' retrieved from /home/airflow/.local/lib/python3.12/site-packages/airflow/example_dags/tutorial_dag.py
[2024-10-27T01:45:45.403+0000] {logging_mixin.py:190} INFO - [2024-10-27T01:45:45.402+0000] {dag.py:3239} INFO - Sync 1 DAGs
[2024-10-27T01:45:45.432+0000] {logging_mixin.py:190} INFO - [2024-10-27T01:45:45.431+0000] {dag.py:4180} INFO - Setting next_dagrun for tutorial_dag to None, run_after=None
[2024-10-27T01:45:45.453+0000] {processor.py:208} INFO - Processing /home/airflow/.local/lib/python3.12/site-packages/airflow/example_dags/tutorial_dag.py took 0.100 seconds
[2024-10-27T01:46:18.487+0000] {processor.py:186} INFO - Started process (PID=59689) to work on /home/airflow/.local/lib/python3.12/site-packages/airflow/example_dags/tutorial_dag.py
[2024-10-27T01:46:18.489+0000] {processor.py:914} INFO - Processing file /home/airflow/.local/lib/python3.12/site-packages/airflow/example_dags/tutorial_dag.py for tasks to queue
[2024-10-27T01:46:18.492+0000] {logging_mixin.py:190} INFO - [2024-10-27T01:46:18.492+0000] {dagbag.py:588} INFO - Filling up the DagBag from /home/airflow/.local/lib/python3.12/site-packages/airflow/example_dags/tutorial_dag.py
[2024-10-27T01:46:18.498+0000] {processor.py:925} INFO - DAG(s) 'tutorial_dag' retrieved from /home/airflow/.local/lib/python3.12/site-packages/airflow/example_dags/tutorial_dag.py
[2024-10-27T01:46:18.518+0000] {logging_mixin.py:190} INFO - [2024-10-27T01:46:18.517+0000] {dag.py:3239} INFO - Sync 1 DAGs
[2024-10-27T01:46:18.532+0000] {logging_mixin.py:190} INFO - [2024-10-27T01:46:18.532+0000] {dag.py:4180} INFO - Setting next_dagrun for tutorial_dag to None, run_after=None
[2024-10-27T01:46:18.557+0000] {processor.py:208} INFO - Processing /home/airflow/.local/lib/python3.12/site-packages/airflow/example_dags/tutorial_dag.py took 0.076 seconds
[2024-10-27T01:46:51.777+0000] {processor.py:186} INFO - Started process (PID=59753) to work on /home/airflow/.local/lib/python3.12/site-packages/airflow/example_dags/tutorial_dag.py
[2024-10-27T01:46:51.780+0000] {processor.py:914} INFO - Processing file /home/airflow/.local/lib/python3.12/site-packages/airflow/example_dags/tutorial_dag.py for tasks to queue
[2024-10-27T01:46:51.784+0000] {logging_mixin.py:190} INFO - [2024-10-27T01:46:51.783+0000] {dagbag.py:588} INFO - Filling up the DagBag from /home/airflow/.local/lib/python3.12/site-packages/airflow/example_dags/tutorial_dag.py
[2024-10-27T01:46:51.793+0000] {processor.py:925} INFO - DAG(s) 'tutorial_dag' retrieved from /home/airflow/.local/lib/python3.12/site-packages/airflow/example_dags/tutorial_dag.py
[2024-10-27T01:46:51.821+0000] {logging_mixin.py:190} INFO - [2024-10-27T01:46:51.821+0000] {dag.py:3239} INFO - Sync 1 DAGs
[2024-10-27T01:46:51.839+0000] {logging_mixin.py:190} INFO - [2024-10-27T01:46:51.838+0000] {dag.py:4180} INFO - Setting next_dagrun for tutorial_dag to None, run_after=None
[2024-10-27T01:46:51.863+0000] {processor.py:208} INFO - Processing /home/airflow/.local/lib/python3.12/site-packages/airflow/example_dags/tutorial_dag.py took 0.092 seconds
[2024-10-27T01:47:23.989+0000] {processor.py:186} INFO - Started process (PID=59817) to work on /home/airflow/.local/lib/python3.12/site-packages/airflow/example_dags/tutorial_dag.py
[2024-10-27T01:47:23.991+0000] {processor.py:914} INFO - Processing file /home/airflow/.local/lib/python3.12/site-packages/airflow/example_dags/tutorial_dag.py for tasks to queue
[2024-10-27T01:47:23.997+0000] {logging_mixin.py:190} INFO - [2024-10-27T01:47:23.997+0000] {dagbag.py:588} INFO - Filling up the DagBag from /home/airflow/.local/lib/python3.12/site-packages/airflow/example_dags/tutorial_dag.py
[2024-10-27T01:47:24.008+0000] {processor.py:925} INFO - DAG(s) 'tutorial_dag' retrieved from /home/airflow/.local/lib/python3.12/site-packages/airflow/example_dags/tutorial_dag.py
[2024-10-27T01:47:24.034+0000] {logging_mixin.py:190} INFO - [2024-10-27T01:47:24.034+0000] {dag.py:3239} INFO - Sync 1 DAGs
[2024-10-27T01:47:24.051+0000] {logging_mixin.py:190} INFO - [2024-10-27T01:47:24.051+0000] {dag.py:4180} INFO - Setting next_dagrun for tutorial_dag to None, run_after=None
[2024-10-27T01:47:24.078+0000] {processor.py:208} INFO - Processing /home/airflow/.local/lib/python3.12/site-packages/airflow/example_dags/tutorial_dag.py took 0.096 seconds
[2024-10-27T01:47:57.296+0000] {processor.py:186} INFO - Started process (PID=59882) to work on /home/airflow/.local/lib/python3.12/site-packages/airflow/example_dags/tutorial_dag.py
[2024-10-27T01:47:57.297+0000] {processor.py:914} INFO - Processing file /home/airflow/.local/lib/python3.12/site-packages/airflow/example_dags/tutorial_dag.py for tasks to queue
[2024-10-27T01:47:57.299+0000] {logging_mixin.py:190} INFO - [2024-10-27T01:47:57.299+0000] {dagbag.py:588} INFO - Filling up the DagBag from /home/airflow/.local/lib/python3.12/site-packages/airflow/example_dags/tutorial_dag.py
[2024-10-27T01:47:57.305+0000] {processor.py:925} INFO - DAG(s) 'tutorial_dag' retrieved from /home/airflow/.local/lib/python3.12/site-packages/airflow/example_dags/tutorial_dag.py
[2024-10-27T01:47:57.325+0000] {logging_mixin.py:190} INFO - [2024-10-27T01:47:57.324+0000] {dag.py:3239} INFO - Sync 1 DAGs
[2024-10-27T01:47:57.338+0000] {logging_mixin.py:190} INFO - [2024-10-27T01:47:57.337+0000] {dag.py:4180} INFO - Setting next_dagrun for tutorial_dag to None, run_after=None
[2024-10-27T01:47:57.361+0000] {processor.py:208} INFO - Processing /home/airflow/.local/lib/python3.12/site-packages/airflow/example_dags/tutorial_dag.py took 0.073 seconds
[2024-10-27T01:48:29.707+0000] {processor.py:186} INFO - Started process (PID=59946) to work on /home/airflow/.local/lib/python3.12/site-packages/airflow/example_dags/tutorial_dag.py
[2024-10-27T01:48:29.708+0000] {processor.py:914} INFO - Processing file /home/airflow/.local/lib/python3.12/site-packages/airflow/example_dags/tutorial_dag.py for tasks to queue
[2024-10-27T01:48:29.712+0000] {logging_mixin.py:190} INFO - [2024-10-27T01:48:29.712+0000] {dagbag.py:588} INFO - Filling up the DagBag from /home/airflow/.local/lib/python3.12/site-packages/airflow/example_dags/tutorial_dag.py
[2024-10-27T01:48:29.719+0000] {processor.py:925} INFO - DAG(s) 'tutorial_dag' retrieved from /home/airflow/.local/lib/python3.12/site-packages/airflow/example_dags/tutorial_dag.py
[2024-10-27T01:48:29.742+0000] {logging_mixin.py:190} INFO - [2024-10-27T01:48:29.741+0000] {dag.py:3239} INFO - Sync 1 DAGs
[2024-10-27T01:48:29.757+0000] {logging_mixin.py:190} INFO - [2024-10-27T01:48:29.756+0000] {dag.py:4180} INFO - Setting next_dagrun for tutorial_dag to None, run_after=None
[2024-10-27T01:48:29.780+0000] {processor.py:208} INFO - Processing /home/airflow/.local/lib/python3.12/site-packages/airflow/example_dags/tutorial_dag.py took 0.079 seconds
[2024-10-27T01:49:02.196+0000] {processor.py:186} INFO - Started process (PID=60010) to work on /home/airflow/.local/lib/python3.12/site-packages/airflow/example_dags/tutorial_dag.py
[2024-10-27T01:49:02.198+0000] {processor.py:914} INFO - Processing file /home/airflow/.local/lib/python3.12/site-packages/airflow/example_dags/tutorial_dag.py for tasks to queue
[2024-10-27T01:49:02.200+0000] {logging_mixin.py:190} INFO - [2024-10-27T01:49:02.200+0000] {dagbag.py:588} INFO - Filling up the DagBag from /home/airflow/.local/lib/python3.12/site-packages/airflow/example_dags/tutorial_dag.py
[2024-10-27T01:49:02.210+0000] {processor.py:925} INFO - DAG(s) 'tutorial_dag' retrieved from /home/airflow/.local/lib/python3.12/site-packages/airflow/example_dags/tutorial_dag.py
[2024-10-27T01:49:02.231+0000] {logging_mixin.py:190} INFO - [2024-10-27T01:49:02.231+0000] {dag.py:3239} INFO - Sync 1 DAGs
[2024-10-27T01:49:02.247+0000] {logging_mixin.py:190} INFO - [2024-10-27T01:49:02.247+0000] {dag.py:4180} INFO - Setting next_dagrun for tutorial_dag to None, run_after=None
[2024-10-27T01:49:02.274+0000] {processor.py:208} INFO - Processing /home/airflow/.local/lib/python3.12/site-packages/airflow/example_dags/tutorial_dag.py took 0.087 seconds
[2024-10-27T01:49:35.510+0000] {processor.py:186} INFO - Started process (PID=60074) to work on /home/airflow/.local/lib/python3.12/site-packages/airflow/example_dags/tutorial_dag.py
[2024-10-27T01:49:35.512+0000] {processor.py:914} INFO - Processing file /home/airflow/.local/lib/python3.12/site-packages/airflow/example_dags/tutorial_dag.py for tasks to queue
[2024-10-27T01:49:35.516+0000] {logging_mixin.py:190} INFO - [2024-10-27T01:49:35.516+0000] {dagbag.py:588} INFO - Filling up the DagBag from /home/airflow/.local/lib/python3.12/site-packages/airflow/example_dags/tutorial_dag.py
[2024-10-27T01:49:35.523+0000] {processor.py:925} INFO - DAG(s) 'tutorial_dag' retrieved from /home/airflow/.local/lib/python3.12/site-packages/airflow/example_dags/tutorial_dag.py
[2024-10-27T01:49:35.549+0000] {logging_mixin.py:190} INFO - [2024-10-27T01:49:35.549+0000] {dag.py:3239} INFO - Sync 1 DAGs
[2024-10-27T01:49:35.563+0000] {logging_mixin.py:190} INFO - [2024-10-27T01:49:35.563+0000] {dag.py:4180} INFO - Setting next_dagrun for tutorial_dag to None, run_after=None
[2024-10-27T01:49:35.583+0000] {processor.py:208} INFO - Processing /home/airflow/.local/lib/python3.12/site-packages/airflow/example_dags/tutorial_dag.py took 0.079 seconds
[2024-10-27T01:50:07.757+0000] {processor.py:186} INFO - Started process (PID=60138) to work on /home/airflow/.local/lib/python3.12/site-packages/airflow/example_dags/tutorial_dag.py
[2024-10-27T01:50:07.758+0000] {processor.py:914} INFO - Processing file /home/airflow/.local/lib/python3.12/site-packages/airflow/example_dags/tutorial_dag.py for tasks to queue
[2024-10-27T01:50:07.760+0000] {logging_mixin.py:190} INFO - [2024-10-27T01:50:07.760+0000] {dagbag.py:588} INFO - Filling up the DagBag from /home/airflow/.local/lib/python3.12/site-packages/airflow/example_dags/tutorial_dag.py
[2024-10-27T01:50:07.770+0000] {processor.py:925} INFO - DAG(s) 'tutorial_dag' retrieved from /home/airflow/.local/lib/python3.12/site-packages/airflow/example_dags/tutorial_dag.py
[2024-10-27T01:50:07.790+0000] {logging_mixin.py:190} INFO - [2024-10-27T01:50:07.790+0000] {dag.py:3239} INFO - Sync 1 DAGs
[2024-10-27T01:50:07.806+0000] {logging_mixin.py:190} INFO - [2024-10-27T01:50:07.806+0000] {dag.py:4180} INFO - Setting next_dagrun for tutorial_dag to None, run_after=None
[2024-10-27T01:50:07.830+0000] {processor.py:208} INFO - Processing /home/airflow/.local/lib/python3.12/site-packages/airflow/example_dags/tutorial_dag.py took 0.081 seconds
[2024-10-27T01:50:40.180+0000] {processor.py:186} INFO - Started process (PID=60202) to work on /home/airflow/.local/lib/python3.12/site-packages/airflow/example_dags/tutorial_dag.py
[2024-10-27T01:50:40.181+0000] {processor.py:914} INFO - Processing file /home/airflow/.local/lib/python3.12/site-packages/airflow/example_dags/tutorial_dag.py for tasks to queue
[2024-10-27T01:50:40.183+0000] {logging_mixin.py:190} INFO - [2024-10-27T01:50:40.183+0000] {dagbag.py:588} INFO - Filling up the DagBag from /home/airflow/.local/lib/python3.12/site-packages/airflow/example_dags/tutorial_dag.py
[2024-10-27T01:50:40.191+0000] {processor.py:925} INFO - DAG(s) 'tutorial_dag' retrieved from /home/airflow/.local/lib/python3.12/site-packages/airflow/example_dags/tutorial_dag.py
[2024-10-27T01:50:40.213+0000] {logging_mixin.py:190} INFO - [2024-10-27T01:50:40.213+0000] {dag.py:3239} INFO - Sync 1 DAGs
[2024-10-27T01:50:40.228+0000] {logging_mixin.py:190} INFO - [2024-10-27T01:50:40.228+0000] {dag.py:4180} INFO - Setting next_dagrun for tutorial_dag to None, run_after=None
[2024-10-27T01:50:40.248+0000] {processor.py:208} INFO - Processing /home/airflow/.local/lib/python3.12/site-packages/airflow/example_dags/tutorial_dag.py took 0.078 seconds
[2024-10-27T01:51:12.673+0000] {processor.py:186} INFO - Started process (PID=60266) to work on /home/airflow/.local/lib/python3.12/site-packages/airflow/example_dags/tutorial_dag.py
[2024-10-27T01:51:12.674+0000] {processor.py:914} INFO - Processing file /home/airflow/.local/lib/python3.12/site-packages/airflow/example_dags/tutorial_dag.py for tasks to queue
[2024-10-27T01:51:12.678+0000] {logging_mixin.py:190} INFO - [2024-10-27T01:51:12.677+0000] {dagbag.py:588} INFO - Filling up the DagBag from /home/airflow/.local/lib/python3.12/site-packages/airflow/example_dags/tutorial_dag.py
[2024-10-27T01:51:12.686+0000] {processor.py:925} INFO - DAG(s) 'tutorial_dag' retrieved from /home/airflow/.local/lib/python3.12/site-packages/airflow/example_dags/tutorial_dag.py
[2024-10-27T01:51:12.708+0000] {logging_mixin.py:190} INFO - [2024-10-27T01:51:12.707+0000] {dag.py:3239} INFO - Sync 1 DAGs
[2024-10-27T01:51:12.722+0000] {logging_mixin.py:190} INFO - [2024-10-27T01:51:12.722+0000] {dag.py:4180} INFO - Setting next_dagrun for tutorial_dag to None, run_after=None
[2024-10-27T01:51:12.756+0000] {processor.py:208} INFO - Processing /home/airflow/.local/lib/python3.12/site-packages/airflow/example_dags/tutorial_dag.py took 0.091 seconds
[2024-10-27T01:51:46.197+0000] {processor.py:186} INFO - Started process (PID=60330) to work on /home/airflow/.local/lib/python3.12/site-packages/airflow/example_dags/tutorial_dag.py
[2024-10-27T01:51:46.198+0000] {processor.py:914} INFO - Processing file /home/airflow/.local/lib/python3.12/site-packages/airflow/example_dags/tutorial_dag.py for tasks to queue
[2024-10-27T01:51:46.201+0000] {logging_mixin.py:190} INFO - [2024-10-27T01:51:46.200+0000] {dagbag.py:588} INFO - Filling up the DagBag from /home/airflow/.local/lib/python3.12/site-packages/airflow/example_dags/tutorial_dag.py
[2024-10-27T01:51:46.208+0000] {processor.py:925} INFO - DAG(s) 'tutorial_dag' retrieved from /home/airflow/.local/lib/python3.12/site-packages/airflow/example_dags/tutorial_dag.py
[2024-10-27T01:51:46.225+0000] {logging_mixin.py:190} INFO - [2024-10-27T01:51:46.225+0000] {dag.py:3239} INFO - Sync 1 DAGs
[2024-10-27T01:51:46.240+0000] {logging_mixin.py:190} INFO - [2024-10-27T01:51:46.240+0000] {dag.py:4180} INFO - Setting next_dagrun for tutorial_dag to None, run_after=None
[2024-10-27T01:51:46.260+0000] {processor.py:208} INFO - Processing /home/airflow/.local/lib/python3.12/site-packages/airflow/example_dags/tutorial_dag.py took 0.069 seconds
[2024-10-27T01:52:18.295+0000] {processor.py:186} INFO - Started process (PID=60394) to work on /home/airflow/.local/lib/python3.12/site-packages/airflow/example_dags/tutorial_dag.py
[2024-10-27T01:52:18.297+0000] {processor.py:914} INFO - Processing file /home/airflow/.local/lib/python3.12/site-packages/airflow/example_dags/tutorial_dag.py for tasks to queue
[2024-10-27T01:52:18.301+0000] {logging_mixin.py:190} INFO - [2024-10-27T01:52:18.300+0000] {dagbag.py:588} INFO - Filling up the DagBag from /home/airflow/.local/lib/python3.12/site-packages/airflow/example_dags/tutorial_dag.py
[2024-10-27T01:52:18.308+0000] {processor.py:925} INFO - DAG(s) 'tutorial_dag' retrieved from /home/airflow/.local/lib/python3.12/site-packages/airflow/example_dags/tutorial_dag.py
[2024-10-27T01:52:18.329+0000] {logging_mixin.py:190} INFO - [2024-10-27T01:52:18.329+0000] {dag.py:3239} INFO - Sync 1 DAGs
[2024-10-27T01:52:18.343+0000] {logging_mixin.py:190} INFO - [2024-10-27T01:52:18.343+0000] {dag.py:4180} INFO - Setting next_dagrun for tutorial_dag to None, run_after=None
[2024-10-27T01:52:18.364+0000] {processor.py:208} INFO - Processing /home/airflow/.local/lib/python3.12/site-packages/airflow/example_dags/tutorial_dag.py took 0.075 seconds
[2024-10-27T01:52:51.639+0000] {processor.py:186} INFO - Started process (PID=60458) to work on /home/airflow/.local/lib/python3.12/site-packages/airflow/example_dags/tutorial_dag.py
[2024-10-27T01:52:51.641+0000] {processor.py:914} INFO - Processing file /home/airflow/.local/lib/python3.12/site-packages/airflow/example_dags/tutorial_dag.py for tasks to queue
[2024-10-27T01:52:51.644+0000] {logging_mixin.py:190} INFO - [2024-10-27T01:52:51.643+0000] {dagbag.py:588} INFO - Filling up the DagBag from /home/airflow/.local/lib/python3.12/site-packages/airflow/example_dags/tutorial_dag.py
[2024-10-27T01:52:51.650+0000] {processor.py:925} INFO - DAG(s) 'tutorial_dag' retrieved from /home/airflow/.local/lib/python3.12/site-packages/airflow/example_dags/tutorial_dag.py
[2024-10-27T01:52:51.670+0000] {logging_mixin.py:190} INFO - [2024-10-27T01:52:51.670+0000] {dag.py:3239} INFO - Sync 1 DAGs
[2024-10-27T01:52:51.684+0000] {logging_mixin.py:190} INFO - [2024-10-27T01:52:51.684+0000] {dag.py:4180} INFO - Setting next_dagrun for tutorial_dag to None, run_after=None
[2024-10-27T01:52:51.707+0000] {processor.py:208} INFO - Processing /home/airflow/.local/lib/python3.12/site-packages/airflow/example_dags/tutorial_dag.py took 0.074 seconds
[2024-10-27T01:53:23.882+0000] {processor.py:186} INFO - Started process (PID=60522) to work on /home/airflow/.local/lib/python3.12/site-packages/airflow/example_dags/tutorial_dag.py
[2024-10-27T01:53:23.884+0000] {processor.py:914} INFO - Processing file /home/airflow/.local/lib/python3.12/site-packages/airflow/example_dags/tutorial_dag.py for tasks to queue
[2024-10-27T01:53:23.887+0000] {logging_mixin.py:190} INFO - [2024-10-27T01:53:23.886+0000] {dagbag.py:588} INFO - Filling up the DagBag from /home/airflow/.local/lib/python3.12/site-packages/airflow/example_dags/tutorial_dag.py
[2024-10-27T01:53:23.895+0000] {processor.py:925} INFO - DAG(s) 'tutorial_dag' retrieved from /home/airflow/.local/lib/python3.12/site-packages/airflow/example_dags/tutorial_dag.py
[2024-10-27T01:53:23.913+0000] {logging_mixin.py:190} INFO - [2024-10-27T01:53:23.913+0000] {dag.py:3239} INFO - Sync 1 DAGs
[2024-10-27T01:53:23.929+0000] {logging_mixin.py:190} INFO - [2024-10-27T01:53:23.929+0000] {dag.py:4180} INFO - Setting next_dagrun for tutorial_dag to None, run_after=None
[2024-10-27T01:53:23.952+0000] {processor.py:208} INFO - Processing /home/airflow/.local/lib/python3.12/site-packages/airflow/example_dags/tutorial_dag.py took 0.076 seconds
[2024-10-27T01:53:56.877+0000] {processor.py:186} INFO - Started process (PID=60586) to work on /home/airflow/.local/lib/python3.12/site-packages/airflow/example_dags/tutorial_dag.py
[2024-10-27T01:53:56.878+0000] {processor.py:914} INFO - Processing file /home/airflow/.local/lib/python3.12/site-packages/airflow/example_dags/tutorial_dag.py for tasks to queue
[2024-10-27T01:53:56.881+0000] {logging_mixin.py:190} INFO - [2024-10-27T01:53:56.880+0000] {dagbag.py:588} INFO - Filling up the DagBag from /home/airflow/.local/lib/python3.12/site-packages/airflow/example_dags/tutorial_dag.py
[2024-10-27T01:53:56.893+0000] {processor.py:925} INFO - DAG(s) 'tutorial_dag' retrieved from /home/airflow/.local/lib/python3.12/site-packages/airflow/example_dags/tutorial_dag.py
[2024-10-27T01:53:56.920+0000] {logging_mixin.py:190} INFO - [2024-10-27T01:53:56.920+0000] {dag.py:3239} INFO - Sync 1 DAGs
[2024-10-27T01:53:56.940+0000] {logging_mixin.py:190} INFO - [2024-10-27T01:53:56.940+0000] {dag.py:4180} INFO - Setting next_dagrun for tutorial_dag to None, run_after=None
[2024-10-27T01:53:56.971+0000] {processor.py:208} INFO - Processing /home/airflow/.local/lib/python3.12/site-packages/airflow/example_dags/tutorial_dag.py took 0.104 seconds
[2024-10-27T01:54:29.622+0000] {processor.py:186} INFO - Started process (PID=60650) to work on /home/airflow/.local/lib/python3.12/site-packages/airflow/example_dags/tutorial_dag.py
[2024-10-27T01:54:29.623+0000] {processor.py:914} INFO - Processing file /home/airflow/.local/lib/python3.12/site-packages/airflow/example_dags/tutorial_dag.py for tasks to queue
[2024-10-27T01:54:29.627+0000] {logging_mixin.py:190} INFO - [2024-10-27T01:54:29.626+0000] {dagbag.py:588} INFO - Filling up the DagBag from /home/airflow/.local/lib/python3.12/site-packages/airflow/example_dags/tutorial_dag.py
[2024-10-27T01:54:29.636+0000] {processor.py:925} INFO - DAG(s) 'tutorial_dag' retrieved from /home/airflow/.local/lib/python3.12/site-packages/airflow/example_dags/tutorial_dag.py
[2024-10-27T01:54:29.661+0000] {logging_mixin.py:190} INFO - [2024-10-27T01:54:29.660+0000] {dag.py:3239} INFO - Sync 1 DAGs
[2024-10-27T01:54:29.678+0000] {logging_mixin.py:190} INFO - [2024-10-27T01:54:29.677+0000] {dag.py:4180} INFO - Setting next_dagrun for tutorial_dag to None, run_after=None
[2024-10-27T01:54:29.704+0000] {processor.py:208} INFO - Processing /home/airflow/.local/lib/python3.12/site-packages/airflow/example_dags/tutorial_dag.py took 0.087 seconds
[2024-10-27T01:55:02.368+0000] {processor.py:186} INFO - Started process (PID=60714) to work on /home/airflow/.local/lib/python3.12/site-packages/airflow/example_dags/tutorial_dag.py
[2024-10-27T01:55:02.369+0000] {processor.py:914} INFO - Processing file /home/airflow/.local/lib/python3.12/site-packages/airflow/example_dags/tutorial_dag.py for tasks to queue
[2024-10-27T01:55:02.371+0000] {logging_mixin.py:190} INFO - [2024-10-27T01:55:02.370+0000] {dagbag.py:588} INFO - Filling up the DagBag from /home/airflow/.local/lib/python3.12/site-packages/airflow/example_dags/tutorial_dag.py
[2024-10-27T01:55:02.378+0000] {processor.py:925} INFO - DAG(s) 'tutorial_dag' retrieved from /home/airflow/.local/lib/python3.12/site-packages/airflow/example_dags/tutorial_dag.py
[2024-10-27T01:55:02.397+0000] {logging_mixin.py:190} INFO - [2024-10-27T01:55:02.397+0000] {dag.py:3239} INFO - Sync 1 DAGs
[2024-10-27T01:55:02.410+0000] {logging_mixin.py:190} INFO - [2024-10-27T01:55:02.409+0000] {dag.py:4180} INFO - Setting next_dagrun for tutorial_dag to None, run_after=None
[2024-10-27T01:55:02.434+0000] {processor.py:208} INFO - Processing /home/airflow/.local/lib/python3.12/site-packages/airflow/example_dags/tutorial_dag.py took 0.074 seconds
[2024-10-27T01:55:34.945+0000] {processor.py:186} INFO - Started process (PID=60778) to work on /home/airflow/.local/lib/python3.12/site-packages/airflow/example_dags/tutorial_dag.py
[2024-10-27T01:55:34.946+0000] {processor.py:914} INFO - Processing file /home/airflow/.local/lib/python3.12/site-packages/airflow/example_dags/tutorial_dag.py for tasks to queue
[2024-10-27T01:55:34.950+0000] {logging_mixin.py:190} INFO - [2024-10-27T01:55:34.949+0000] {dagbag.py:588} INFO - Filling up the DagBag from /home/airflow/.local/lib/python3.12/site-packages/airflow/example_dags/tutorial_dag.py
[2024-10-27T01:55:34.958+0000] {processor.py:925} INFO - DAG(s) 'tutorial_dag' retrieved from /home/airflow/.local/lib/python3.12/site-packages/airflow/example_dags/tutorial_dag.py
[2024-10-27T01:55:34.982+0000] {logging_mixin.py:190} INFO - [2024-10-27T01:55:34.981+0000] {dag.py:3239} INFO - Sync 1 DAGs
[2024-10-27T01:55:35.005+0000] {logging_mixin.py:190} INFO - [2024-10-27T01:55:35.004+0000] {dag.py:4180} INFO - Setting next_dagrun for tutorial_dag to None, run_after=None
[2024-10-27T01:55:35.043+0000] {processor.py:208} INFO - Processing /home/airflow/.local/lib/python3.12/site-packages/airflow/example_dags/tutorial_dag.py took 0.104 seconds
[2024-10-27T01:56:08.125+0000] {processor.py:186} INFO - Started process (PID=60842) to work on /home/airflow/.local/lib/python3.12/site-packages/airflow/example_dags/tutorial_dag.py
[2024-10-27T01:56:08.126+0000] {processor.py:914} INFO - Processing file /home/airflow/.local/lib/python3.12/site-packages/airflow/example_dags/tutorial_dag.py for tasks to queue
[2024-10-27T01:56:08.129+0000] {logging_mixin.py:190} INFO - [2024-10-27T01:56:08.128+0000] {dagbag.py:588} INFO - Filling up the DagBag from /home/airflow/.local/lib/python3.12/site-packages/airflow/example_dags/tutorial_dag.py
[2024-10-27T01:56:08.138+0000] {processor.py:925} INFO - DAG(s) 'tutorial_dag' retrieved from /home/airflow/.local/lib/python3.12/site-packages/airflow/example_dags/tutorial_dag.py
[2024-10-27T01:56:08.159+0000] {logging_mixin.py:190} INFO - [2024-10-27T01:56:08.158+0000] {dag.py:3239} INFO - Sync 1 DAGs
[2024-10-27T01:56:08.175+0000] {logging_mixin.py:190} INFO - [2024-10-27T01:56:08.174+0000] {dag.py:4180} INFO - Setting next_dagrun for tutorial_dag to None, run_after=None
[2024-10-27T01:56:08.197+0000] {processor.py:208} INFO - Processing /home/airflow/.local/lib/python3.12/site-packages/airflow/example_dags/tutorial_dag.py took 0.078 seconds
[2024-10-27T01:56:40.477+0000] {processor.py:186} INFO - Started process (PID=60906) to work on /home/airflow/.local/lib/python3.12/site-packages/airflow/example_dags/tutorial_dag.py
[2024-10-27T01:56:40.478+0000] {processor.py:914} INFO - Processing file /home/airflow/.local/lib/python3.12/site-packages/airflow/example_dags/tutorial_dag.py for tasks to queue
[2024-10-27T01:56:40.481+0000] {logging_mixin.py:190} INFO - [2024-10-27T01:56:40.480+0000] {dagbag.py:588} INFO - Filling up the DagBag from /home/airflow/.local/lib/python3.12/site-packages/airflow/example_dags/tutorial_dag.py
[2024-10-27T01:56:40.491+0000] {processor.py:925} INFO - DAG(s) 'tutorial_dag' retrieved from /home/airflow/.local/lib/python3.12/site-packages/airflow/example_dags/tutorial_dag.py
[2024-10-27T01:56:40.510+0000] {logging_mixin.py:190} INFO - [2024-10-27T01:56:40.510+0000] {dag.py:3239} INFO - Sync 1 DAGs
[2024-10-27T01:56:40.526+0000] {logging_mixin.py:190} INFO - [2024-10-27T01:56:40.525+0000] {dag.py:4180} INFO - Setting next_dagrun for tutorial_dag to None, run_after=None
[2024-10-27T01:56:40.549+0000] {processor.py:208} INFO - Processing /home/airflow/.local/lib/python3.12/site-packages/airflow/example_dags/tutorial_dag.py took 0.080 seconds
[2024-10-27T01:57:13.648+0000] {processor.py:186} INFO - Started process (PID=60970) to work on /home/airflow/.local/lib/python3.12/site-packages/airflow/example_dags/tutorial_dag.py
[2024-10-27T01:57:13.649+0000] {processor.py:914} INFO - Processing file /home/airflow/.local/lib/python3.12/site-packages/airflow/example_dags/tutorial_dag.py for tasks to queue
[2024-10-27T01:57:13.652+0000] {logging_mixin.py:190} INFO - [2024-10-27T01:57:13.652+0000] {dagbag.py:588} INFO - Filling up the DagBag from /home/airflow/.local/lib/python3.12/site-packages/airflow/example_dags/tutorial_dag.py
[2024-10-27T01:57:13.661+0000] {processor.py:925} INFO - DAG(s) 'tutorial_dag' retrieved from /home/airflow/.local/lib/python3.12/site-packages/airflow/example_dags/tutorial_dag.py
[2024-10-27T01:57:13.682+0000] {logging_mixin.py:190} INFO - [2024-10-27T01:57:13.681+0000] {dag.py:3239} INFO - Sync 1 DAGs
[2024-10-27T01:57:13.698+0000] {logging_mixin.py:190} INFO - [2024-10-27T01:57:13.698+0000] {dag.py:4180} INFO - Setting next_dagrun for tutorial_dag to None, run_after=None
[2024-10-27T01:57:13.722+0000] {processor.py:208} INFO - Processing /home/airflow/.local/lib/python3.12/site-packages/airflow/example_dags/tutorial_dag.py took 0.079 seconds
[2024-10-27T01:57:46.082+0000] {processor.py:186} INFO - Started process (PID=61034) to work on /home/airflow/.local/lib/python3.12/site-packages/airflow/example_dags/tutorial_dag.py
[2024-10-27T01:57:46.083+0000] {processor.py:914} INFO - Processing file /home/airflow/.local/lib/python3.12/site-packages/airflow/example_dags/tutorial_dag.py for tasks to queue
[2024-10-27T01:57:46.085+0000] {logging_mixin.py:190} INFO - [2024-10-27T01:57:46.085+0000] {dagbag.py:588} INFO - Filling up the DagBag from /home/airflow/.local/lib/python3.12/site-packages/airflow/example_dags/tutorial_dag.py
[2024-10-27T01:57:46.092+0000] {processor.py:925} INFO - DAG(s) 'tutorial_dag' retrieved from /home/airflow/.local/lib/python3.12/site-packages/airflow/example_dags/tutorial_dag.py
[2024-10-27T01:57:46.114+0000] {logging_mixin.py:190} INFO - [2024-10-27T01:57:46.114+0000] {dag.py:3239} INFO - Sync 1 DAGs
[2024-10-27T01:57:46.130+0000] {logging_mixin.py:190} INFO - [2024-10-27T01:57:46.129+0000] {dag.py:4180} INFO - Setting next_dagrun for tutorial_dag to None, run_after=None
[2024-10-27T01:57:46.150+0000] {processor.py:208} INFO - Processing /home/airflow/.local/lib/python3.12/site-packages/airflow/example_dags/tutorial_dag.py took 0.077 seconds
[2024-10-27T01:58:18.602+0000] {processor.py:186} INFO - Started process (PID=61098) to work on /home/airflow/.local/lib/python3.12/site-packages/airflow/example_dags/tutorial_dag.py
[2024-10-27T01:58:18.603+0000] {processor.py:914} INFO - Processing file /home/airflow/.local/lib/python3.12/site-packages/airflow/example_dags/tutorial_dag.py for tasks to queue
[2024-10-27T01:58:18.607+0000] {logging_mixin.py:190} INFO - [2024-10-27T01:58:18.607+0000] {dagbag.py:588} INFO - Filling up the DagBag from /home/airflow/.local/lib/python3.12/site-packages/airflow/example_dags/tutorial_dag.py
[2024-10-27T01:58:18.615+0000] {processor.py:925} INFO - DAG(s) 'tutorial_dag' retrieved from /home/airflow/.local/lib/python3.12/site-packages/airflow/example_dags/tutorial_dag.py
[2024-10-27T01:58:18.641+0000] {logging_mixin.py:190} INFO - [2024-10-27T01:58:18.640+0000] {dag.py:3239} INFO - Sync 1 DAGs
[2024-10-27T01:58:18.656+0000] {logging_mixin.py:190} INFO - [2024-10-27T01:58:18.656+0000] {dag.py:4180} INFO - Setting next_dagrun for tutorial_dag to None, run_after=None
[2024-10-27T01:58:18.676+0000] {processor.py:208} INFO - Processing /home/airflow/.local/lib/python3.12/site-packages/airflow/example_dags/tutorial_dag.py took 0.080 seconds
[2024-10-27T01:58:51.163+0000] {processor.py:186} INFO - Started process (PID=61162) to work on /home/airflow/.local/lib/python3.12/site-packages/airflow/example_dags/tutorial_dag.py
[2024-10-27T01:58:51.165+0000] {processor.py:914} INFO - Processing file /home/airflow/.local/lib/python3.12/site-packages/airflow/example_dags/tutorial_dag.py for tasks to queue
[2024-10-27T01:58:51.167+0000] {logging_mixin.py:190} INFO - [2024-10-27T01:58:51.167+0000] {dagbag.py:588} INFO - Filling up the DagBag from /home/airflow/.local/lib/python3.12/site-packages/airflow/example_dags/tutorial_dag.py
[2024-10-27T01:58:51.176+0000] {processor.py:925} INFO - DAG(s) 'tutorial_dag' retrieved from /home/airflow/.local/lib/python3.12/site-packages/airflow/example_dags/tutorial_dag.py
[2024-10-27T01:58:51.197+0000] {logging_mixin.py:190} INFO - [2024-10-27T01:58:51.196+0000] {dag.py:3239} INFO - Sync 1 DAGs
[2024-10-27T01:58:51.211+0000] {logging_mixin.py:190} INFO - [2024-10-27T01:58:51.211+0000] {dag.py:4180} INFO - Setting next_dagrun for tutorial_dag to None, run_after=None
[2024-10-27T01:58:51.231+0000] {processor.py:208} INFO - Processing /home/airflow/.local/lib/python3.12/site-packages/airflow/example_dags/tutorial_dag.py took 0.076 seconds
[2024-10-27T01:59:24.583+0000] {processor.py:186} INFO - Started process (PID=61226) to work on /home/airflow/.local/lib/python3.12/site-packages/airflow/example_dags/tutorial_dag.py
[2024-10-27T01:59:24.584+0000] {processor.py:914} INFO - Processing file /home/airflow/.local/lib/python3.12/site-packages/airflow/example_dags/tutorial_dag.py for tasks to queue
[2024-10-27T01:59:24.588+0000] {logging_mixin.py:190} INFO - [2024-10-27T01:59:24.588+0000] {dagbag.py:588} INFO - Filling up the DagBag from /home/airflow/.local/lib/python3.12/site-packages/airflow/example_dags/tutorial_dag.py
[2024-10-27T01:59:24.595+0000] {processor.py:925} INFO - DAG(s) 'tutorial_dag' retrieved from /home/airflow/.local/lib/python3.12/site-packages/airflow/example_dags/tutorial_dag.py
[2024-10-27T01:59:24.616+0000] {logging_mixin.py:190} INFO - [2024-10-27T01:59:24.616+0000] {dag.py:3239} INFO - Sync 1 DAGs
[2024-10-27T01:59:24.632+0000] {logging_mixin.py:190} INFO - [2024-10-27T01:59:24.632+0000] {dag.py:4180} INFO - Setting next_dagrun for tutorial_dag to None, run_after=None
[2024-10-27T01:59:24.653+0000] {processor.py:208} INFO - Processing /home/airflow/.local/lib/python3.12/site-packages/airflow/example_dags/tutorial_dag.py took 0.077 seconds
[2024-10-27T01:59:57.828+0000] {processor.py:186} INFO - Started process (PID=61290) to work on /home/airflow/.local/lib/python3.12/site-packages/airflow/example_dags/tutorial_dag.py
[2024-10-27T01:59:57.829+0000] {processor.py:914} INFO - Processing file /home/airflow/.local/lib/python3.12/site-packages/airflow/example_dags/tutorial_dag.py for tasks to queue
[2024-10-27T01:59:57.831+0000] {logging_mixin.py:190} INFO - [2024-10-27T01:59:57.831+0000] {dagbag.py:588} INFO - Filling up the DagBag from /home/airflow/.local/lib/python3.12/site-packages/airflow/example_dags/tutorial_dag.py
[2024-10-27T01:59:57.838+0000] {processor.py:925} INFO - DAG(s) 'tutorial_dag' retrieved from /home/airflow/.local/lib/python3.12/site-packages/airflow/example_dags/tutorial_dag.py
[2024-10-27T01:59:57.858+0000] {logging_mixin.py:190} INFO - [2024-10-27T01:59:57.858+0000] {dag.py:3239} INFO - Sync 1 DAGs
[2024-10-27T01:59:57.873+0000] {logging_mixin.py:190} INFO - [2024-10-27T01:59:57.872+0000] {dag.py:4180} INFO - Setting next_dagrun for tutorial_dag to None, run_after=None
[2024-10-27T01:59:57.897+0000] {processor.py:208} INFO - Processing /home/airflow/.local/lib/python3.12/site-packages/airflow/example_dags/tutorial_dag.py took 0.074 seconds
[2024-10-27T02:00:29.200+0000] {processor.py:186} INFO - Started process (PID=61354) to work on /home/airflow/.local/lib/python3.12/site-packages/airflow/example_dags/tutorial_dag.py
[2024-10-27T02:00:29.207+0000] {processor.py:914} INFO - Processing file /home/airflow/.local/lib/python3.12/site-packages/airflow/example_dags/tutorial_dag.py for tasks to queue
[2024-10-27T02:00:29.210+0000] {logging_mixin.py:190} INFO - [2024-10-27T02:00:29.210+0000] {dagbag.py:588} INFO - Filling up the DagBag from /home/airflow/.local/lib/python3.12/site-packages/airflow/example_dags/tutorial_dag.py
[2024-10-27T02:00:29.222+0000] {processor.py:925} INFO - DAG(s) 'tutorial_dag' retrieved from /home/airflow/.local/lib/python3.12/site-packages/airflow/example_dags/tutorial_dag.py
[2024-10-27T02:00:29.251+0000] {logging_mixin.py:190} INFO - [2024-10-27T02:00:29.250+0000] {dag.py:3239} INFO - Sync 1 DAGs
[2024-10-27T02:00:29.273+0000] {logging_mixin.py:190} INFO - [2024-10-27T02:00:29.273+0000] {dag.py:4180} INFO - Setting next_dagrun for tutorial_dag to None, run_after=None
[2024-10-27T02:00:29.302+0000] {processor.py:208} INFO - Processing /home/airflow/.local/lib/python3.12/site-packages/airflow/example_dags/tutorial_dag.py took 0.109 seconds
[2024-10-27T02:01:02.560+0000] {processor.py:186} INFO - Started process (PID=61418) to work on /home/airflow/.local/lib/python3.12/site-packages/airflow/example_dags/tutorial_dag.py
[2024-10-27T02:01:02.561+0000] {processor.py:914} INFO - Processing file /home/airflow/.local/lib/python3.12/site-packages/airflow/example_dags/tutorial_dag.py for tasks to queue
[2024-10-27T02:01:02.563+0000] {logging_mixin.py:190} INFO - [2024-10-27T02:01:02.563+0000] {dagbag.py:588} INFO - Filling up the DagBag from /home/airflow/.local/lib/python3.12/site-packages/airflow/example_dags/tutorial_dag.py
[2024-10-27T02:01:02.573+0000] {processor.py:925} INFO - DAG(s) 'tutorial_dag' retrieved from /home/airflow/.local/lib/python3.12/site-packages/airflow/example_dags/tutorial_dag.py
[2024-10-27T02:01:02.592+0000] {logging_mixin.py:190} INFO - [2024-10-27T02:01:02.592+0000] {dag.py:3239} INFO - Sync 1 DAGs
[2024-10-27T02:01:02.608+0000] {logging_mixin.py:190} INFO - [2024-10-27T02:01:02.608+0000] {dag.py:4180} INFO - Setting next_dagrun for tutorial_dag to None, run_after=None
[2024-10-27T02:01:02.630+0000] {processor.py:208} INFO - Processing /home/airflow/.local/lib/python3.12/site-packages/airflow/example_dags/tutorial_dag.py took 0.077 seconds
[2024-10-27T02:01:35.200+0000] {processor.py:186} INFO - Started process (PID=61482) to work on /home/airflow/.local/lib/python3.12/site-packages/airflow/example_dags/tutorial_dag.py
[2024-10-27T02:01:35.201+0000] {processor.py:914} INFO - Processing file /home/airflow/.local/lib/python3.12/site-packages/airflow/example_dags/tutorial_dag.py for tasks to queue
[2024-10-27T02:01:35.204+0000] {logging_mixin.py:190} INFO - [2024-10-27T02:01:35.203+0000] {dagbag.py:588} INFO - Filling up the DagBag from /home/airflow/.local/lib/python3.12/site-packages/airflow/example_dags/tutorial_dag.py
[2024-10-27T02:01:35.215+0000] {processor.py:925} INFO - DAG(s) 'tutorial_dag' retrieved from /home/airflow/.local/lib/python3.12/site-packages/airflow/example_dags/tutorial_dag.py
[2024-10-27T02:01:35.239+0000] {logging_mixin.py:190} INFO - [2024-10-27T02:01:35.238+0000] {dag.py:3239} INFO - Sync 1 DAGs
[2024-10-27T02:01:35.253+0000] {logging_mixin.py:190} INFO - [2024-10-27T02:01:35.253+0000] {dag.py:4180} INFO - Setting next_dagrun for tutorial_dag to None, run_after=None
[2024-10-27T02:01:35.275+0000] {processor.py:208} INFO - Processing /home/airflow/.local/lib/python3.12/site-packages/airflow/example_dags/tutorial_dag.py took 0.081 seconds
[2024-10-27T02:02:07.497+0000] {processor.py:186} INFO - Started process (PID=61546) to work on /home/airflow/.local/lib/python3.12/site-packages/airflow/example_dags/tutorial_dag.py
[2024-10-27T02:02:07.498+0000] {processor.py:914} INFO - Processing file /home/airflow/.local/lib/python3.12/site-packages/airflow/example_dags/tutorial_dag.py for tasks to queue
[2024-10-27T02:02:07.502+0000] {logging_mixin.py:190} INFO - [2024-10-27T02:02:07.502+0000] {dagbag.py:588} INFO - Filling up the DagBag from /home/airflow/.local/lib/python3.12/site-packages/airflow/example_dags/tutorial_dag.py
[2024-10-27T02:02:07.512+0000] {processor.py:925} INFO - DAG(s) 'tutorial_dag' retrieved from /home/airflow/.local/lib/python3.12/site-packages/airflow/example_dags/tutorial_dag.py
[2024-10-27T02:02:07.535+0000] {logging_mixin.py:190} INFO - [2024-10-27T02:02:07.535+0000] {dag.py:3239} INFO - Sync 1 DAGs
[2024-10-27T02:02:07.551+0000] {logging_mixin.py:190} INFO - [2024-10-27T02:02:07.550+0000] {dag.py:4180} INFO - Setting next_dagrun for tutorial_dag to None, run_after=None
[2024-10-27T02:02:07.571+0000] {processor.py:208} INFO - Processing /home/airflow/.local/lib/python3.12/site-packages/airflow/example_dags/tutorial_dag.py took 0.080 seconds
[2024-10-27T02:02:40.664+0000] {processor.py:186} INFO - Started process (PID=61610) to work on /home/airflow/.local/lib/python3.12/site-packages/airflow/example_dags/tutorial_dag.py
[2024-10-27T02:02:40.665+0000] {processor.py:914} INFO - Processing file /home/airflow/.local/lib/python3.12/site-packages/airflow/example_dags/tutorial_dag.py for tasks to queue
[2024-10-27T02:02:40.668+0000] {logging_mixin.py:190} INFO - [2024-10-27T02:02:40.667+0000] {dagbag.py:588} INFO - Filling up the DagBag from /home/airflow/.local/lib/python3.12/site-packages/airflow/example_dags/tutorial_dag.py
[2024-10-27T02:02:40.677+0000] {processor.py:925} INFO - DAG(s) 'tutorial_dag' retrieved from /home/airflow/.local/lib/python3.12/site-packages/airflow/example_dags/tutorial_dag.py
[2024-10-27T02:02:40.695+0000] {logging_mixin.py:190} INFO - [2024-10-27T02:02:40.694+0000] {dag.py:3239} INFO - Sync 1 DAGs
[2024-10-27T02:02:40.709+0000] {logging_mixin.py:190} INFO - [2024-10-27T02:02:40.709+0000] {dag.py:4180} INFO - Setting next_dagrun for tutorial_dag to None, run_after=None
[2024-10-27T02:02:40.733+0000] {processor.py:208} INFO - Processing /home/airflow/.local/lib/python3.12/site-packages/airflow/example_dags/tutorial_dag.py took 0.073 seconds
[2024-10-27T02:03:13.261+0000] {processor.py:186} INFO - Started process (PID=61674) to work on /home/airflow/.local/lib/python3.12/site-packages/airflow/example_dags/tutorial_dag.py
[2024-10-27T02:03:13.262+0000] {processor.py:914} INFO - Processing file /home/airflow/.local/lib/python3.12/site-packages/airflow/example_dags/tutorial_dag.py for tasks to queue
[2024-10-27T02:03:13.264+0000] {logging_mixin.py:190} INFO - [2024-10-27T02:03:13.264+0000] {dagbag.py:588} INFO - Filling up the DagBag from /home/airflow/.local/lib/python3.12/site-packages/airflow/example_dags/tutorial_dag.py
[2024-10-27T02:03:13.274+0000] {processor.py:925} INFO - DAG(s) 'tutorial_dag' retrieved from /home/airflow/.local/lib/python3.12/site-packages/airflow/example_dags/tutorial_dag.py
[2024-10-27T02:03:13.297+0000] {logging_mixin.py:190} INFO - [2024-10-27T02:03:13.297+0000] {dag.py:3239} INFO - Sync 1 DAGs
[2024-10-27T02:03:13.315+0000] {logging_mixin.py:190} INFO - [2024-10-27T02:03:13.315+0000] {dag.py:4180} INFO - Setting next_dagrun for tutorial_dag to None, run_after=None
[2024-10-27T02:03:13.341+0000] {processor.py:208} INFO - Processing /home/airflow/.local/lib/python3.12/site-packages/airflow/example_dags/tutorial_dag.py took 0.089 seconds
[2024-10-27T02:03:45.736+0000] {processor.py:186} INFO - Started process (PID=61738) to work on /home/airflow/.local/lib/python3.12/site-packages/airflow/example_dags/tutorial_dag.py
[2024-10-27T02:03:45.737+0000] {processor.py:914} INFO - Processing file /home/airflow/.local/lib/python3.12/site-packages/airflow/example_dags/tutorial_dag.py for tasks to queue
[2024-10-27T02:03:45.740+0000] {logging_mixin.py:190} INFO - [2024-10-27T02:03:45.739+0000] {dagbag.py:588} INFO - Filling up the DagBag from /home/airflow/.local/lib/python3.12/site-packages/airflow/example_dags/tutorial_dag.py
[2024-10-27T02:03:45.749+0000] {processor.py:925} INFO - DAG(s) 'tutorial_dag' retrieved from /home/airflow/.local/lib/python3.12/site-packages/airflow/example_dags/tutorial_dag.py
[2024-10-27T02:03:45.771+0000] {logging_mixin.py:190} INFO - [2024-10-27T02:03:45.770+0000] {dag.py:3239} INFO - Sync 1 DAGs
[2024-10-27T02:03:45.785+0000] {logging_mixin.py:190} INFO - [2024-10-27T02:03:45.785+0000] {dag.py:4180} INFO - Setting next_dagrun for tutorial_dag to None, run_after=None
[2024-10-27T02:03:45.807+0000] {processor.py:208} INFO - Processing /home/airflow/.local/lib/python3.12/site-packages/airflow/example_dags/tutorial_dag.py took 0.077 seconds
[2024-10-27T02:04:19.103+0000] {processor.py:186} INFO - Started process (PID=61802) to work on /home/airflow/.local/lib/python3.12/site-packages/airflow/example_dags/tutorial_dag.py
[2024-10-27T02:04:19.104+0000] {processor.py:914} INFO - Processing file /home/airflow/.local/lib/python3.12/site-packages/airflow/example_dags/tutorial_dag.py for tasks to queue
[2024-10-27T02:04:19.106+0000] {logging_mixin.py:190} INFO - [2024-10-27T02:04:19.106+0000] {dagbag.py:588} INFO - Filling up the DagBag from /home/airflow/.local/lib/python3.12/site-packages/airflow/example_dags/tutorial_dag.py
[2024-10-27T02:04:19.115+0000] {processor.py:925} INFO - DAG(s) 'tutorial_dag' retrieved from /home/airflow/.local/lib/python3.12/site-packages/airflow/example_dags/tutorial_dag.py
[2024-10-27T02:04:19.133+0000] {logging_mixin.py:190} INFO - [2024-10-27T02:04:19.132+0000] {dag.py:3239} INFO - Sync 1 DAGs
[2024-10-27T02:04:19.147+0000] {logging_mixin.py:190} INFO - [2024-10-27T02:04:19.147+0000] {dag.py:4180} INFO - Setting next_dagrun for tutorial_dag to None, run_after=None
[2024-10-27T02:04:19.168+0000] {processor.py:208} INFO - Processing /home/airflow/.local/lib/python3.12/site-packages/airflow/example_dags/tutorial_dag.py took 0.071 seconds
[2024-10-27T02:04:51.552+0000] {processor.py:186} INFO - Started process (PID=61866) to work on /home/airflow/.local/lib/python3.12/site-packages/airflow/example_dags/tutorial_dag.py
[2024-10-27T02:04:51.553+0000] {processor.py:914} INFO - Processing file /home/airflow/.local/lib/python3.12/site-packages/airflow/example_dags/tutorial_dag.py for tasks to queue
[2024-10-27T02:04:51.556+0000] {logging_mixin.py:190} INFO - [2024-10-27T02:04:51.555+0000] {dagbag.py:588} INFO - Filling up the DagBag from /home/airflow/.local/lib/python3.12/site-packages/airflow/example_dags/tutorial_dag.py
[2024-10-27T02:04:51.562+0000] {processor.py:925} INFO - DAG(s) 'tutorial_dag' retrieved from /home/airflow/.local/lib/python3.12/site-packages/airflow/example_dags/tutorial_dag.py
[2024-10-27T02:04:51.584+0000] {logging_mixin.py:190} INFO - [2024-10-27T02:04:51.584+0000] {dag.py:3239} INFO - Sync 1 DAGs
[2024-10-27T02:04:51.599+0000] {logging_mixin.py:190} INFO - [2024-10-27T02:04:51.599+0000] {dag.py:4180} INFO - Setting next_dagrun for tutorial_dag to None, run_after=None
[2024-10-27T02:04:51.620+0000] {processor.py:208} INFO - Processing /home/airflow/.local/lib/python3.12/site-packages/airflow/example_dags/tutorial_dag.py took 0.076 seconds
[2024-10-27T02:05:24.212+0000] {processor.py:186} INFO - Started process (PID=61930) to work on /home/airflow/.local/lib/python3.12/site-packages/airflow/example_dags/tutorial_dag.py
[2024-10-27T02:05:24.213+0000] {processor.py:914} INFO - Processing file /home/airflow/.local/lib/python3.12/site-packages/airflow/example_dags/tutorial_dag.py for tasks to queue
[2024-10-27T02:05:24.216+0000] {logging_mixin.py:190} INFO - [2024-10-27T02:05:24.215+0000] {dagbag.py:588} INFO - Filling up the DagBag from /home/airflow/.local/lib/python3.12/site-packages/airflow/example_dags/tutorial_dag.py
[2024-10-27T02:05:24.226+0000] {processor.py:925} INFO - DAG(s) 'tutorial_dag' retrieved from /home/airflow/.local/lib/python3.12/site-packages/airflow/example_dags/tutorial_dag.py
[2024-10-27T02:05:24.245+0000] {logging_mixin.py:190} INFO - [2024-10-27T02:05:24.244+0000] {dag.py:3239} INFO - Sync 1 DAGs
[2024-10-27T02:05:24.259+0000] {logging_mixin.py:190} INFO - [2024-10-27T02:05:24.259+0000] {dag.py:4180} INFO - Setting next_dagrun for tutorial_dag to None, run_after=None
[2024-10-27T02:05:24.283+0000] {processor.py:208} INFO - Processing /home/airflow/.local/lib/python3.12/site-packages/airflow/example_dags/tutorial_dag.py took 0.077 seconds
[2024-10-27T02:05:56.717+0000] {processor.py:186} INFO - Started process (PID=61994) to work on /home/airflow/.local/lib/python3.12/site-packages/airflow/example_dags/tutorial_dag.py
[2024-10-27T02:05:56.718+0000] {processor.py:914} INFO - Processing file /home/airflow/.local/lib/python3.12/site-packages/airflow/example_dags/tutorial_dag.py for tasks to queue
[2024-10-27T02:05:56.721+0000] {logging_mixin.py:190} INFO - [2024-10-27T02:05:56.720+0000] {dagbag.py:588} INFO - Filling up the DagBag from /home/airflow/.local/lib/python3.12/site-packages/airflow/example_dags/tutorial_dag.py
[2024-10-27T02:05:56.730+0000] {processor.py:925} INFO - DAG(s) 'tutorial_dag' retrieved from /home/airflow/.local/lib/python3.12/site-packages/airflow/example_dags/tutorial_dag.py
[2024-10-27T02:05:56.753+0000] {logging_mixin.py:190} INFO - [2024-10-27T02:05:56.752+0000] {dag.py:3239} INFO - Sync 1 DAGs
[2024-10-27T02:05:56.771+0000] {logging_mixin.py:190} INFO - [2024-10-27T02:05:56.771+0000] {dag.py:4180} INFO - Setting next_dagrun for tutorial_dag to None, run_after=None
[2024-10-27T02:05:56.799+0000] {processor.py:208} INFO - Processing /home/airflow/.local/lib/python3.12/site-packages/airflow/example_dags/tutorial_dag.py took 0.090 seconds
[2024-10-27T02:06:30.018+0000] {processor.py:186} INFO - Started process (PID=62058) to work on /home/airflow/.local/lib/python3.12/site-packages/airflow/example_dags/tutorial_dag.py
[2024-10-27T02:06:30.019+0000] {processor.py:914} INFO - Processing file /home/airflow/.local/lib/python3.12/site-packages/airflow/example_dags/tutorial_dag.py for tasks to queue
[2024-10-27T02:06:30.023+0000] {logging_mixin.py:190} INFO - [2024-10-27T02:06:30.022+0000] {dagbag.py:588} INFO - Filling up the DagBag from /home/airflow/.local/lib/python3.12/site-packages/airflow/example_dags/tutorial_dag.py
[2024-10-27T02:06:30.031+0000] {processor.py:925} INFO - DAG(s) 'tutorial_dag' retrieved from /home/airflow/.local/lib/python3.12/site-packages/airflow/example_dags/tutorial_dag.py
[2024-10-27T02:06:30.056+0000] {logging_mixin.py:190} INFO - [2024-10-27T02:06:30.056+0000] {dag.py:3239} INFO - Sync 1 DAGs
[2024-10-27T02:06:30.070+0000] {logging_mixin.py:190} INFO - [2024-10-27T02:06:30.070+0000] {dag.py:4180} INFO - Setting next_dagrun for tutorial_dag to None, run_after=None
[2024-10-27T02:06:30.093+0000] {processor.py:208} INFO - Processing /home/airflow/.local/lib/python3.12/site-packages/airflow/example_dags/tutorial_dag.py took 0.081 seconds
[2024-10-27T02:07:02.313+0000] {processor.py:186} INFO - Started process (PID=62122) to work on /home/airflow/.local/lib/python3.12/site-packages/airflow/example_dags/tutorial_dag.py
[2024-10-27T02:07:02.314+0000] {processor.py:914} INFO - Processing file /home/airflow/.local/lib/python3.12/site-packages/airflow/example_dags/tutorial_dag.py for tasks to queue
[2024-10-27T02:07:02.317+0000] {logging_mixin.py:190} INFO - [2024-10-27T02:07:02.317+0000] {dagbag.py:588} INFO - Filling up the DagBag from /home/airflow/.local/lib/python3.12/site-packages/airflow/example_dags/tutorial_dag.py
[2024-10-27T02:07:02.326+0000] {processor.py:925} INFO - DAG(s) 'tutorial_dag' retrieved from /home/airflow/.local/lib/python3.12/site-packages/airflow/example_dags/tutorial_dag.py
[2024-10-27T02:07:02.346+0000] {logging_mixin.py:190} INFO - [2024-10-27T02:07:02.346+0000] {dag.py:3239} INFO - Sync 1 DAGs
[2024-10-27T02:07:02.361+0000] {logging_mixin.py:190} INFO - [2024-10-27T02:07:02.360+0000] {dag.py:4180} INFO - Setting next_dagrun for tutorial_dag to None, run_after=None
[2024-10-27T02:07:02.381+0000] {processor.py:208} INFO - Processing /home/airflow/.local/lib/python3.12/site-packages/airflow/example_dags/tutorial_dag.py took 0.075 seconds
[2024-10-27T02:07:35.396+0000] {processor.py:186} INFO - Started process (PID=62186) to work on /home/airflow/.local/lib/python3.12/site-packages/airflow/example_dags/tutorial_dag.py
[2024-10-27T02:07:35.397+0000] {processor.py:914} INFO - Processing file /home/airflow/.local/lib/python3.12/site-packages/airflow/example_dags/tutorial_dag.py for tasks to queue
[2024-10-27T02:07:35.400+0000] {logging_mixin.py:190} INFO - [2024-10-27T02:07:35.400+0000] {dagbag.py:588} INFO - Filling up the DagBag from /home/airflow/.local/lib/python3.12/site-packages/airflow/example_dags/tutorial_dag.py
[2024-10-27T02:07:35.407+0000] {processor.py:925} INFO - DAG(s) 'tutorial_dag' retrieved from /home/airflow/.local/lib/python3.12/site-packages/airflow/example_dags/tutorial_dag.py
[2024-10-27T02:07:35.428+0000] {logging_mixin.py:190} INFO - [2024-10-27T02:07:35.426+0000] {dag.py:3239} INFO - Sync 1 DAGs
[2024-10-27T02:07:35.443+0000] {logging_mixin.py:190} INFO - [2024-10-27T02:07:35.442+0000] {dag.py:4180} INFO - Setting next_dagrun for tutorial_dag to None, run_after=None
[2024-10-27T02:07:35.466+0000] {processor.py:208} INFO - Processing /home/airflow/.local/lib/python3.12/site-packages/airflow/example_dags/tutorial_dag.py took 0.075 seconds
[2024-10-27T02:08:07.522+0000] {processor.py:186} INFO - Started process (PID=62250) to work on /home/airflow/.local/lib/python3.12/site-packages/airflow/example_dags/tutorial_dag.py
[2024-10-27T02:08:07.523+0000] {processor.py:914} INFO - Processing file /home/airflow/.local/lib/python3.12/site-packages/airflow/example_dags/tutorial_dag.py for tasks to queue
[2024-10-27T02:08:07.525+0000] {logging_mixin.py:190} INFO - [2024-10-27T02:08:07.525+0000] {dagbag.py:588} INFO - Filling up the DagBag from /home/airflow/.local/lib/python3.12/site-packages/airflow/example_dags/tutorial_dag.py
[2024-10-27T02:08:07.534+0000] {processor.py:925} INFO - DAG(s) 'tutorial_dag' retrieved from /home/airflow/.local/lib/python3.12/site-packages/airflow/example_dags/tutorial_dag.py
[2024-10-27T02:08:07.552+0000] {logging_mixin.py:190} INFO - [2024-10-27T02:08:07.552+0000] {dag.py:3239} INFO - Sync 1 DAGs
[2024-10-27T02:08:07.566+0000] {logging_mixin.py:190} INFO - [2024-10-27T02:08:07.566+0000] {dag.py:4180} INFO - Setting next_dagrun for tutorial_dag to None, run_after=None
[2024-10-27T02:08:07.587+0000] {processor.py:208} INFO - Processing /home/airflow/.local/lib/python3.12/site-packages/airflow/example_dags/tutorial_dag.py took 0.073 seconds
[2024-10-27T02:08:40.537+0000] {processor.py:186} INFO - Started process (PID=62314) to work on /home/airflow/.local/lib/python3.12/site-packages/airflow/example_dags/tutorial_dag.py
[2024-10-27T02:08:40.539+0000] {processor.py:914} INFO - Processing file /home/airflow/.local/lib/python3.12/site-packages/airflow/example_dags/tutorial_dag.py for tasks to queue
[2024-10-27T02:08:40.543+0000] {logging_mixin.py:190} INFO - [2024-10-27T02:08:40.542+0000] {dagbag.py:588} INFO - Filling up the DagBag from /home/airflow/.local/lib/python3.12/site-packages/airflow/example_dags/tutorial_dag.py
[2024-10-27T02:08:40.556+0000] {processor.py:925} INFO - DAG(s) 'tutorial_dag' retrieved from /home/airflow/.local/lib/python3.12/site-packages/airflow/example_dags/tutorial_dag.py
[2024-10-27T02:08:40.587+0000] {logging_mixin.py:190} INFO - [2024-10-27T02:08:40.586+0000] {dag.py:3239} INFO - Sync 1 DAGs
[2024-10-27T02:08:40.612+0000] {logging_mixin.py:190} INFO - [2024-10-27T02:08:40.611+0000] {dag.py:4180} INFO - Setting next_dagrun for tutorial_dag to None, run_after=None
[2024-10-27T02:08:40.644+0000] {processor.py:208} INFO - Processing /home/airflow/.local/lib/python3.12/site-packages/airflow/example_dags/tutorial_dag.py took 0.117 seconds
[2024-10-27T02:09:13.233+0000] {processor.py:186} INFO - Started process (PID=62378) to work on /home/airflow/.local/lib/python3.12/site-packages/airflow/example_dags/tutorial_dag.py
[2024-10-27T02:09:13.235+0000] {processor.py:914} INFO - Processing file /home/airflow/.local/lib/python3.12/site-packages/airflow/example_dags/tutorial_dag.py for tasks to queue
[2024-10-27T02:09:13.238+0000] {logging_mixin.py:190} INFO - [2024-10-27T02:09:13.238+0000] {dagbag.py:588} INFO - Filling up the DagBag from /home/airflow/.local/lib/python3.12/site-packages/airflow/example_dags/tutorial_dag.py
[2024-10-27T02:09:13.246+0000] {processor.py:925} INFO - DAG(s) 'tutorial_dag' retrieved from /home/airflow/.local/lib/python3.12/site-packages/airflow/example_dags/tutorial_dag.py
[2024-10-27T02:09:13.269+0000] {logging_mixin.py:190} INFO - [2024-10-27T02:09:13.269+0000] {dag.py:3239} INFO - Sync 1 DAGs
[2024-10-27T02:09:13.285+0000] {logging_mixin.py:190} INFO - [2024-10-27T02:09:13.285+0000] {dag.py:4180} INFO - Setting next_dagrun for tutorial_dag to None, run_after=None
[2024-10-27T02:09:13.309+0000] {processor.py:208} INFO - Processing /home/airflow/.local/lib/python3.12/site-packages/airflow/example_dags/tutorial_dag.py took 0.083 seconds
[2024-10-27T02:09:45.668+0000] {processor.py:186} INFO - Started process (PID=62442) to work on /home/airflow/.local/lib/python3.12/site-packages/airflow/example_dags/tutorial_dag.py
[2024-10-27T02:09:45.669+0000] {processor.py:914} INFO - Processing file /home/airflow/.local/lib/python3.12/site-packages/airflow/example_dags/tutorial_dag.py for tasks to queue
[2024-10-27T02:09:45.673+0000] {logging_mixin.py:190} INFO - [2024-10-27T02:09:45.672+0000] {dagbag.py:588} INFO - Filling up the DagBag from /home/airflow/.local/lib/python3.12/site-packages/airflow/example_dags/tutorial_dag.py
[2024-10-27T02:09:45.683+0000] {processor.py:925} INFO - DAG(s) 'tutorial_dag' retrieved from /home/airflow/.local/lib/python3.12/site-packages/airflow/example_dags/tutorial_dag.py
[2024-10-27T02:09:45.701+0000] {logging_mixin.py:190} INFO - [2024-10-27T02:09:45.701+0000] {dag.py:3239} INFO - Sync 1 DAGs
[2024-10-27T02:09:45.714+0000] {logging_mixin.py:190} INFO - [2024-10-27T02:09:45.714+0000] {dag.py:4180} INFO - Setting next_dagrun for tutorial_dag to None, run_after=None
[2024-10-27T02:09:45.733+0000] {processor.py:208} INFO - Processing /home/airflow/.local/lib/python3.12/site-packages/airflow/example_dags/tutorial_dag.py took 0.071 seconds
[2024-10-27T02:10:18.591+0000] {processor.py:186} INFO - Started process (PID=62506) to work on /home/airflow/.local/lib/python3.12/site-packages/airflow/example_dags/tutorial_dag.py
[2024-10-27T02:10:18.592+0000] {processor.py:914} INFO - Processing file /home/airflow/.local/lib/python3.12/site-packages/airflow/example_dags/tutorial_dag.py for tasks to queue
[2024-10-27T02:10:18.594+0000] {logging_mixin.py:190} INFO - [2024-10-27T02:10:18.594+0000] {dagbag.py:588} INFO - Filling up the DagBag from /home/airflow/.local/lib/python3.12/site-packages/airflow/example_dags/tutorial_dag.py
[2024-10-27T02:10:18.602+0000] {processor.py:925} INFO - DAG(s) 'tutorial_dag' retrieved from /home/airflow/.local/lib/python3.12/site-packages/airflow/example_dags/tutorial_dag.py
[2024-10-27T02:10:18.622+0000] {logging_mixin.py:190} INFO - [2024-10-27T02:10:18.622+0000] {dag.py:3239} INFO - Sync 1 DAGs
[2024-10-27T02:10:18.635+0000] {logging_mixin.py:190} INFO - [2024-10-27T02:10:18.635+0000] {dag.py:4180} INFO - Setting next_dagrun for tutorial_dag to None, run_after=None
[2024-10-27T02:10:18.656+0000] {processor.py:208} INFO - Processing /home/airflow/.local/lib/python3.12/site-packages/airflow/example_dags/tutorial_dag.py took 0.071 seconds
[2024-10-27T02:10:51.492+0000] {processor.py:186} INFO - Started process (PID=62570) to work on /home/airflow/.local/lib/python3.12/site-packages/airflow/example_dags/tutorial_dag.py
[2024-10-27T02:10:51.494+0000] {processor.py:914} INFO - Processing file /home/airflow/.local/lib/python3.12/site-packages/airflow/example_dags/tutorial_dag.py for tasks to queue
[2024-10-27T02:10:51.496+0000] {logging_mixin.py:190} INFO - [2024-10-27T02:10:51.496+0000] {dagbag.py:588} INFO - Filling up the DagBag from /home/airflow/.local/lib/python3.12/site-packages/airflow/example_dags/tutorial_dag.py
[2024-10-27T02:10:51.504+0000] {processor.py:925} INFO - DAG(s) 'tutorial_dag' retrieved from /home/airflow/.local/lib/python3.12/site-packages/airflow/example_dags/tutorial_dag.py
[2024-10-27T02:10:51.522+0000] {logging_mixin.py:190} INFO - [2024-10-27T02:10:51.522+0000] {dag.py:3239} INFO - Sync 1 DAGs
[2024-10-27T02:10:51.536+0000] {logging_mixin.py:190} INFO - [2024-10-27T02:10:51.536+0000] {dag.py:4180} INFO - Setting next_dagrun for tutorial_dag to None, run_after=None
[2024-10-27T02:10:51.558+0000] {processor.py:208} INFO - Processing /home/airflow/.local/lib/python3.12/site-packages/airflow/example_dags/tutorial_dag.py took 0.072 seconds
[2024-10-27T02:11:23.569+0000] {processor.py:186} INFO - Started process (PID=62634) to work on /home/airflow/.local/lib/python3.12/site-packages/airflow/example_dags/tutorial_dag.py
[2024-10-27T02:11:23.570+0000] {processor.py:914} INFO - Processing file /home/airflow/.local/lib/python3.12/site-packages/airflow/example_dags/tutorial_dag.py for tasks to queue
[2024-10-27T02:11:23.574+0000] {logging_mixin.py:190} INFO - [2024-10-27T02:11:23.574+0000] {dagbag.py:588} INFO - Filling up the DagBag from /home/airflow/.local/lib/python3.12/site-packages/airflow/example_dags/tutorial_dag.py
[2024-10-27T02:11:23.582+0000] {processor.py:925} INFO - DAG(s) 'tutorial_dag' retrieved from /home/airflow/.local/lib/python3.12/site-packages/airflow/example_dags/tutorial_dag.py
[2024-10-27T02:11:23.605+0000] {logging_mixin.py:190} INFO - [2024-10-27T02:11:23.605+0000] {dag.py:3239} INFO - Sync 1 DAGs
[2024-10-27T02:11:23.620+0000] {logging_mixin.py:190} INFO - [2024-10-27T02:11:23.620+0000] {dag.py:4180} INFO - Setting next_dagrun for tutorial_dag to None, run_after=None
[2024-10-27T02:11:23.639+0000] {processor.py:208} INFO - Processing /home/airflow/.local/lib/python3.12/site-packages/airflow/example_dags/tutorial_dag.py took 0.078 seconds
[2024-10-27T02:11:56.409+0000] {processor.py:186} INFO - Started process (PID=62698) to work on /home/airflow/.local/lib/python3.12/site-packages/airflow/example_dags/tutorial_dag.py
[2024-10-27T02:11:56.411+0000] {processor.py:914} INFO - Processing file /home/airflow/.local/lib/python3.12/site-packages/airflow/example_dags/tutorial_dag.py for tasks to queue
[2024-10-27T02:11:56.413+0000] {logging_mixin.py:190} INFO - [2024-10-27T02:11:56.413+0000] {dagbag.py:588} INFO - Filling up the DagBag from /home/airflow/.local/lib/python3.12/site-packages/airflow/example_dags/tutorial_dag.py
[2024-10-27T02:11:56.420+0000] {processor.py:925} INFO - DAG(s) 'tutorial_dag' retrieved from /home/airflow/.local/lib/python3.12/site-packages/airflow/example_dags/tutorial_dag.py
[2024-10-27T02:11:56.440+0000] {logging_mixin.py:190} INFO - [2024-10-27T02:11:56.440+0000] {dag.py:3239} INFO - Sync 1 DAGs
[2024-10-27T02:11:56.454+0000] {logging_mixin.py:190} INFO - [2024-10-27T02:11:56.454+0000] {dag.py:4180} INFO - Setting next_dagrun for tutorial_dag to None, run_after=None
[2024-10-27T02:11:56.476+0000] {processor.py:208} INFO - Processing /home/airflow/.local/lib/python3.12/site-packages/airflow/example_dags/tutorial_dag.py took 0.072 seconds
[2024-10-27T02:12:29.055+0000] {processor.py:186} INFO - Started process (PID=62762) to work on /home/airflow/.local/lib/python3.12/site-packages/airflow/example_dags/tutorial_dag.py
[2024-10-27T02:12:29.056+0000] {processor.py:914} INFO - Processing file /home/airflow/.local/lib/python3.12/site-packages/airflow/example_dags/tutorial_dag.py for tasks to queue
[2024-10-27T02:12:29.058+0000] {logging_mixin.py:190} INFO - [2024-10-27T02:12:29.057+0000] {dagbag.py:588} INFO - Filling up the DagBag from /home/airflow/.local/lib/python3.12/site-packages/airflow/example_dags/tutorial_dag.py
[2024-10-27T02:12:29.066+0000] {processor.py:925} INFO - DAG(s) 'tutorial_dag' retrieved from /home/airflow/.local/lib/python3.12/site-packages/airflow/example_dags/tutorial_dag.py
[2024-10-27T02:12:29.083+0000] {logging_mixin.py:190} INFO - [2024-10-27T02:12:29.082+0000] {dag.py:3239} INFO - Sync 1 DAGs
[2024-10-27T02:12:29.097+0000] {logging_mixin.py:190} INFO - [2024-10-27T02:12:29.097+0000] {dag.py:4180} INFO - Setting next_dagrun for tutorial_dag to None, run_after=None
[2024-10-27T02:12:29.116+0000] {processor.py:208} INFO - Processing /home/airflow/.local/lib/python3.12/site-packages/airflow/example_dags/tutorial_dag.py took 0.067 seconds
[2024-10-27T02:13:02.608+0000] {processor.py:186} INFO - Started process (PID=62826) to work on /home/airflow/.local/lib/python3.12/site-packages/airflow/example_dags/tutorial_dag.py
[2024-10-27T02:13:02.610+0000] {processor.py:914} INFO - Processing file /home/airflow/.local/lib/python3.12/site-packages/airflow/example_dags/tutorial_dag.py for tasks to queue
[2024-10-27T02:13:02.613+0000] {logging_mixin.py:190} INFO - [2024-10-27T02:13:02.612+0000] {dagbag.py:588} INFO - Filling up the DagBag from /home/airflow/.local/lib/python3.12/site-packages/airflow/example_dags/tutorial_dag.py
[2024-10-27T02:13:02.620+0000] {processor.py:925} INFO - DAG(s) 'tutorial_dag' retrieved from /home/airflow/.local/lib/python3.12/site-packages/airflow/example_dags/tutorial_dag.py
[2024-10-27T02:13:02.639+0000] {logging_mixin.py:190} INFO - [2024-10-27T02:13:02.639+0000] {dag.py:3239} INFO - Sync 1 DAGs
[2024-10-27T02:13:02.654+0000] {logging_mixin.py:190} INFO - [2024-10-27T02:13:02.654+0000] {dag.py:4180} INFO - Setting next_dagrun for tutorial_dag to None, run_after=None
[2024-10-27T02:13:02.679+0000] {processor.py:208} INFO - Processing /home/airflow/.local/lib/python3.12/site-packages/airflow/example_dags/tutorial_dag.py took 0.077 seconds
[2024-10-27T02:13:35.471+0000] {processor.py:186} INFO - Started process (PID=62890) to work on /home/airflow/.local/lib/python3.12/site-packages/airflow/example_dags/tutorial_dag.py
[2024-10-27T02:13:35.473+0000] {processor.py:914} INFO - Processing file /home/airflow/.local/lib/python3.12/site-packages/airflow/example_dags/tutorial_dag.py for tasks to queue
[2024-10-27T02:13:35.475+0000] {logging_mixin.py:190} INFO - [2024-10-27T02:13:35.475+0000] {dagbag.py:588} INFO - Filling up the DagBag from /home/airflow/.local/lib/python3.12/site-packages/airflow/example_dags/tutorial_dag.py
[2024-10-27T02:13:35.488+0000] {processor.py:925} INFO - DAG(s) 'tutorial_dag' retrieved from /home/airflow/.local/lib/python3.12/site-packages/airflow/example_dags/tutorial_dag.py
[2024-10-27T02:13:35.518+0000] {logging_mixin.py:190} INFO - [2024-10-27T02:13:35.518+0000] {dag.py:3239} INFO - Sync 1 DAGs
[2024-10-27T02:13:35.534+0000] {logging_mixin.py:190} INFO - [2024-10-27T02:13:35.534+0000] {dag.py:4180} INFO - Setting next_dagrun for tutorial_dag to None, run_after=None
[2024-10-27T02:13:35.563+0000] {processor.py:208} INFO - Processing /home/airflow/.local/lib/python3.12/site-packages/airflow/example_dags/tutorial_dag.py took 0.100 seconds
[2024-10-27T02:14:07.159+0000] {processor.py:186} INFO - Started process (PID=62954) to work on /home/airflow/.local/lib/python3.12/site-packages/airflow/example_dags/tutorial_dag.py
[2024-10-27T02:14:07.160+0000] {processor.py:914} INFO - Processing file /home/airflow/.local/lib/python3.12/site-packages/airflow/example_dags/tutorial_dag.py for tasks to queue
[2024-10-27T02:14:07.162+0000] {logging_mixin.py:190} INFO - [2024-10-27T02:14:07.162+0000] {dagbag.py:588} INFO - Filling up the DagBag from /home/airflow/.local/lib/python3.12/site-packages/airflow/example_dags/tutorial_dag.py
[2024-10-27T02:14:07.171+0000] {processor.py:925} INFO - DAG(s) 'tutorial_dag' retrieved from /home/airflow/.local/lib/python3.12/site-packages/airflow/example_dags/tutorial_dag.py
[2024-10-27T02:14:07.188+0000] {logging_mixin.py:190} INFO - [2024-10-27T02:14:07.188+0000] {dag.py:3239} INFO - Sync 1 DAGs
[2024-10-27T02:14:07.206+0000] {logging_mixin.py:190} INFO - [2024-10-27T02:14:07.206+0000] {dag.py:4180} INFO - Setting next_dagrun for tutorial_dag to None, run_after=None
[2024-10-27T02:14:07.228+0000] {processor.py:208} INFO - Processing /home/airflow/.local/lib/python3.12/site-packages/airflow/example_dags/tutorial_dag.py took 0.074 seconds
[2024-10-27T02:14:39.714+0000] {processor.py:186} INFO - Started process (PID=63018) to work on /home/airflow/.local/lib/python3.12/site-packages/airflow/example_dags/tutorial_dag.py
[2024-10-27T02:14:39.716+0000] {processor.py:914} INFO - Processing file /home/airflow/.local/lib/python3.12/site-packages/airflow/example_dags/tutorial_dag.py for tasks to queue
[2024-10-27T02:14:39.718+0000] {logging_mixin.py:190} INFO - [2024-10-27T02:14:39.718+0000] {dagbag.py:588} INFO - Filling up the DagBag from /home/airflow/.local/lib/python3.12/site-packages/airflow/example_dags/tutorial_dag.py
[2024-10-27T02:14:39.728+0000] {processor.py:925} INFO - DAG(s) 'tutorial_dag' retrieved from /home/airflow/.local/lib/python3.12/site-packages/airflow/example_dags/tutorial_dag.py
[2024-10-27T02:14:39.747+0000] {logging_mixin.py:190} INFO - [2024-10-27T02:14:39.747+0000] {dag.py:3239} INFO - Sync 1 DAGs
[2024-10-27T02:14:39.762+0000] {logging_mixin.py:190} INFO - [2024-10-27T02:14:39.761+0000] {dag.py:4180} INFO - Setting next_dagrun for tutorial_dag to None, run_after=None
[2024-10-27T02:14:39.786+0000] {processor.py:208} INFO - Processing /home/airflow/.local/lib/python3.12/site-packages/airflow/example_dags/tutorial_dag.py took 0.078 seconds
[2024-10-27T02:15:13.095+0000] {processor.py:186} INFO - Started process (PID=63082) to work on /home/airflow/.local/lib/python3.12/site-packages/airflow/example_dags/tutorial_dag.py
[2024-10-27T02:15:13.097+0000] {processor.py:914} INFO - Processing file /home/airflow/.local/lib/python3.12/site-packages/airflow/example_dags/tutorial_dag.py for tasks to queue
[2024-10-27T02:15:13.101+0000] {logging_mixin.py:190} INFO - [2024-10-27T02:15:13.101+0000] {dagbag.py:588} INFO - Filling up the DagBag from /home/airflow/.local/lib/python3.12/site-packages/airflow/example_dags/tutorial_dag.py
[2024-10-27T02:15:13.109+0000] {processor.py:925} INFO - DAG(s) 'tutorial_dag' retrieved from /home/airflow/.local/lib/python3.12/site-packages/airflow/example_dags/tutorial_dag.py
[2024-10-27T02:15:13.131+0000] {logging_mixin.py:190} INFO - [2024-10-27T02:15:13.131+0000] {dag.py:3239} INFO - Sync 1 DAGs
[2024-10-27T02:15:13.148+0000] {logging_mixin.py:190} INFO - [2024-10-27T02:15:13.147+0000] {dag.py:4180} INFO - Setting next_dagrun for tutorial_dag to None, run_after=None
[2024-10-27T02:15:13.169+0000] {processor.py:208} INFO - Processing /home/airflow/.local/lib/python3.12/site-packages/airflow/example_dags/tutorial_dag.py took 0.083 seconds
[2024-10-27T02:15:45.577+0000] {processor.py:186} INFO - Started process (PID=63146) to work on /home/airflow/.local/lib/python3.12/site-packages/airflow/example_dags/tutorial_dag.py
[2024-10-27T02:15:45.579+0000] {processor.py:914} INFO - Processing file /home/airflow/.local/lib/python3.12/site-packages/airflow/example_dags/tutorial_dag.py for tasks to queue
[2024-10-27T02:15:45.581+0000] {logging_mixin.py:190} INFO - [2024-10-27T02:15:45.581+0000] {dagbag.py:588} INFO - Filling up the DagBag from /home/airflow/.local/lib/python3.12/site-packages/airflow/example_dags/tutorial_dag.py
[2024-10-27T02:15:45.589+0000] {processor.py:925} INFO - DAG(s) 'tutorial_dag' retrieved from /home/airflow/.local/lib/python3.12/site-packages/airflow/example_dags/tutorial_dag.py
[2024-10-27T02:15:45.610+0000] {logging_mixin.py:190} INFO - [2024-10-27T02:15:45.609+0000] {dag.py:3239} INFO - Sync 1 DAGs
[2024-10-27T02:15:45.623+0000] {logging_mixin.py:190} INFO - [2024-10-27T02:15:45.623+0000] {dag.py:4180} INFO - Setting next_dagrun for tutorial_dag to None, run_after=None
[2024-10-27T02:15:45.645+0000] {processor.py:208} INFO - Processing /home/airflow/.local/lib/python3.12/site-packages/airflow/example_dags/tutorial_dag.py took 0.076 seconds
[2024-10-27T02:16:18.032+0000] {processor.py:186} INFO - Started process (PID=63210) to work on /home/airflow/.local/lib/python3.12/site-packages/airflow/example_dags/tutorial_dag.py
[2024-10-27T02:16:18.034+0000] {processor.py:914} INFO - Processing file /home/airflow/.local/lib/python3.12/site-packages/airflow/example_dags/tutorial_dag.py for tasks to queue
[2024-10-27T02:16:18.037+0000] {logging_mixin.py:190} INFO - [2024-10-27T02:16:18.037+0000] {dagbag.py:588} INFO - Filling up the DagBag from /home/airflow/.local/lib/python3.12/site-packages/airflow/example_dags/tutorial_dag.py
[2024-10-27T02:16:18.044+0000] {processor.py:925} INFO - DAG(s) 'tutorial_dag' retrieved from /home/airflow/.local/lib/python3.12/site-packages/airflow/example_dags/tutorial_dag.py
[2024-10-27T02:16:18.065+0000] {logging_mixin.py:190} INFO - [2024-10-27T02:16:18.065+0000] {dag.py:3239} INFO - Sync 1 DAGs
[2024-10-27T02:16:18.080+0000] {logging_mixin.py:190} INFO - [2024-10-27T02:16:18.079+0000] {dag.py:4180} INFO - Setting next_dagrun for tutorial_dag to None, run_after=None
[2024-10-27T02:16:18.100+0000] {processor.py:208} INFO - Processing /home/airflow/.local/lib/python3.12/site-packages/airflow/example_dags/tutorial_dag.py took 0.078 seconds
[2024-10-27T02:16:51.893+0000] {processor.py:186} INFO - Started process (PID=63274) to work on /home/airflow/.local/lib/python3.12/site-packages/airflow/example_dags/tutorial_dag.py
[2024-10-27T02:16:51.894+0000] {processor.py:914} INFO - Processing file /home/airflow/.local/lib/python3.12/site-packages/airflow/example_dags/tutorial_dag.py for tasks to queue
[2024-10-27T02:16:51.897+0000] {logging_mixin.py:190} INFO - [2024-10-27T02:16:51.897+0000] {dagbag.py:588} INFO - Filling up the DagBag from /home/airflow/.local/lib/python3.12/site-packages/airflow/example_dags/tutorial_dag.py
[2024-10-27T02:16:51.904+0000] {processor.py:925} INFO - DAG(s) 'tutorial_dag' retrieved from /home/airflow/.local/lib/python3.12/site-packages/airflow/example_dags/tutorial_dag.py
[2024-10-27T02:16:51.924+0000] {logging_mixin.py:190} INFO - [2024-10-27T02:16:51.924+0000] {dag.py:3239} INFO - Sync 1 DAGs
[2024-10-27T02:16:51.942+0000] {logging_mixin.py:190} INFO - [2024-10-27T02:16:51.942+0000] {dag.py:4180} INFO - Setting next_dagrun for tutorial_dag to None, run_after=None
[2024-10-27T02:16:51.961+0000] {processor.py:208} INFO - Processing /home/airflow/.local/lib/python3.12/site-packages/airflow/example_dags/tutorial_dag.py took 0.073 seconds
[2024-10-27T02:17:23.654+0000] {processor.py:186} INFO - Started process (PID=63338) to work on /home/airflow/.local/lib/python3.12/site-packages/airflow/example_dags/tutorial_dag.py
[2024-10-27T02:17:23.655+0000] {processor.py:914} INFO - Processing file /home/airflow/.local/lib/python3.12/site-packages/airflow/example_dags/tutorial_dag.py for tasks to queue
[2024-10-27T02:17:23.657+0000] {logging_mixin.py:190} INFO - [2024-10-27T02:17:23.657+0000] {dagbag.py:588} INFO - Filling up the DagBag from /home/airflow/.local/lib/python3.12/site-packages/airflow/example_dags/tutorial_dag.py
[2024-10-27T02:17:23.668+0000] {processor.py:925} INFO - DAG(s) 'tutorial_dag' retrieved from /home/airflow/.local/lib/python3.12/site-packages/airflow/example_dags/tutorial_dag.py
[2024-10-27T02:17:23.690+0000] {logging_mixin.py:190} INFO - [2024-10-27T02:17:23.690+0000] {dag.py:3239} INFO - Sync 1 DAGs
[2024-10-27T02:17:23.705+0000] {logging_mixin.py:190} INFO - [2024-10-27T02:17:23.704+0000] {dag.py:4180} INFO - Setting next_dagrun for tutorial_dag to None, run_after=None
[2024-10-27T02:17:23.727+0000] {processor.py:208} INFO - Processing /home/airflow/.local/lib/python3.12/site-packages/airflow/example_dags/tutorial_dag.py took 0.081 seconds
[2024-10-27T02:17:56.720+0000] {processor.py:186} INFO - Started process (PID=63402) to work on /home/airflow/.local/lib/python3.12/site-packages/airflow/example_dags/tutorial_dag.py
[2024-10-27T02:17:56.721+0000] {processor.py:914} INFO - Processing file /home/airflow/.local/lib/python3.12/site-packages/airflow/example_dags/tutorial_dag.py for tasks to queue
[2024-10-27T02:17:56.723+0000] {logging_mixin.py:190} INFO - [2024-10-27T02:17:56.723+0000] {dagbag.py:588} INFO - Filling up the DagBag from /home/airflow/.local/lib/python3.12/site-packages/airflow/example_dags/tutorial_dag.py
[2024-10-27T02:17:56.730+0000] {processor.py:925} INFO - DAG(s) 'tutorial_dag' retrieved from /home/airflow/.local/lib/python3.12/site-packages/airflow/example_dags/tutorial_dag.py
[2024-10-27T02:17:56.749+0000] {logging_mixin.py:190} INFO - [2024-10-27T02:17:56.749+0000] {dag.py:3239} INFO - Sync 1 DAGs
[2024-10-27T02:17:56.763+0000] {logging_mixin.py:190} INFO - [2024-10-27T02:17:56.763+0000] {dag.py:4180} INFO - Setting next_dagrun for tutorial_dag to None, run_after=None
[2024-10-27T02:17:56.782+0000] {processor.py:208} INFO - Processing /home/airflow/.local/lib/python3.12/site-packages/airflow/example_dags/tutorial_dag.py took 0.067 seconds
[2024-10-27T02:18:28.963+0000] {processor.py:186} INFO - Started process (PID=63466) to work on /home/airflow/.local/lib/python3.12/site-packages/airflow/example_dags/tutorial_dag.py
[2024-10-27T02:18:28.964+0000] {processor.py:914} INFO - Processing file /home/airflow/.local/lib/python3.12/site-packages/airflow/example_dags/tutorial_dag.py for tasks to queue
[2024-10-27T02:18:28.968+0000] {logging_mixin.py:190} INFO - [2024-10-27T02:18:28.968+0000] {dagbag.py:588} INFO - Filling up the DagBag from /home/airflow/.local/lib/python3.12/site-packages/airflow/example_dags/tutorial_dag.py
[2024-10-27T02:18:28.976+0000] {processor.py:925} INFO - DAG(s) 'tutorial_dag' retrieved from /home/airflow/.local/lib/python3.12/site-packages/airflow/example_dags/tutorial_dag.py
[2024-10-27T02:18:28.995+0000] {logging_mixin.py:190} INFO - [2024-10-27T02:18:28.995+0000] {dag.py:3239} INFO - Sync 1 DAGs
[2024-10-27T02:18:29.008+0000] {logging_mixin.py:190} INFO - [2024-10-27T02:18:29.008+0000] {dag.py:4180} INFO - Setting next_dagrun for tutorial_dag to None, run_after=None
[2024-10-27T02:18:29.033+0000] {processor.py:208} INFO - Processing /home/airflow/.local/lib/python3.12/site-packages/airflow/example_dags/tutorial_dag.py took 0.075 seconds
[2024-10-27T02:19:02.132+0000] {processor.py:186} INFO - Started process (PID=63530) to work on /home/airflow/.local/lib/python3.12/site-packages/airflow/example_dags/tutorial_dag.py
[2024-10-27T02:19:02.133+0000] {processor.py:914} INFO - Processing file /home/airflow/.local/lib/python3.12/site-packages/airflow/example_dags/tutorial_dag.py for tasks to queue
[2024-10-27T02:19:02.137+0000] {logging_mixin.py:190} INFO - [2024-10-27T02:19:02.136+0000] {dagbag.py:588} INFO - Filling up the DagBag from /home/airflow/.local/lib/python3.12/site-packages/airflow/example_dags/tutorial_dag.py
[2024-10-27T02:19:02.146+0000] {processor.py:925} INFO - DAG(s) 'tutorial_dag' retrieved from /home/airflow/.local/lib/python3.12/site-packages/airflow/example_dags/tutorial_dag.py
[2024-10-27T02:19:02.172+0000] {logging_mixin.py:190} INFO - [2024-10-27T02:19:02.172+0000] {dag.py:3239} INFO - Sync 1 DAGs
[2024-10-27T02:19:02.189+0000] {logging_mixin.py:190} INFO - [2024-10-27T02:19:02.189+0000] {dag.py:4180} INFO - Setting next_dagrun for tutorial_dag to None, run_after=None
[2024-10-27T02:19:02.211+0000] {processor.py:208} INFO - Processing /home/airflow/.local/lib/python3.12/site-packages/airflow/example_dags/tutorial_dag.py took 0.088 seconds
[2024-10-27T02:19:35.084+0000] {processor.py:186} INFO - Started process (PID=63594) to work on /home/airflow/.local/lib/python3.12/site-packages/airflow/example_dags/tutorial_dag.py
[2024-10-27T02:19:35.086+0000] {processor.py:914} INFO - Processing file /home/airflow/.local/lib/python3.12/site-packages/airflow/example_dags/tutorial_dag.py for tasks to queue
[2024-10-27T02:19:35.088+0000] {logging_mixin.py:190} INFO - [2024-10-27T02:19:35.088+0000] {dagbag.py:588} INFO - Filling up the DagBag from /home/airflow/.local/lib/python3.12/site-packages/airflow/example_dags/tutorial_dag.py
[2024-10-27T02:19:35.099+0000] {processor.py:925} INFO - DAG(s) 'tutorial_dag' retrieved from /home/airflow/.local/lib/python3.12/site-packages/airflow/example_dags/tutorial_dag.py
[2024-10-27T02:19:35.122+0000] {logging_mixin.py:190} INFO - [2024-10-27T02:19:35.122+0000] {dag.py:3239} INFO - Sync 1 DAGs
[2024-10-27T02:19:35.142+0000] {logging_mixin.py:190} INFO - [2024-10-27T02:19:35.141+0000] {dag.py:4180} INFO - Setting next_dagrun for tutorial_dag to None, run_after=None
[2024-10-27T02:19:35.190+0000] {processor.py:208} INFO - Processing /home/airflow/.local/lib/python3.12/site-packages/airflow/example_dags/tutorial_dag.py took 0.115 seconds
[2024-10-27T02:20:07.313+0000] {processor.py:186} INFO - Started process (PID=63658) to work on /home/airflow/.local/lib/python3.12/site-packages/airflow/example_dags/tutorial_dag.py
[2024-10-27T02:20:07.314+0000] {processor.py:914} INFO - Processing file /home/airflow/.local/lib/python3.12/site-packages/airflow/example_dags/tutorial_dag.py for tasks to queue
[2024-10-27T02:20:07.317+0000] {logging_mixin.py:190} INFO - [2024-10-27T02:20:07.316+0000] {dagbag.py:588} INFO - Filling up the DagBag from /home/airflow/.local/lib/python3.12/site-packages/airflow/example_dags/tutorial_dag.py
[2024-10-27T02:20:07.324+0000] {processor.py:925} INFO - DAG(s) 'tutorial_dag' retrieved from /home/airflow/.local/lib/python3.12/site-packages/airflow/example_dags/tutorial_dag.py
[2024-10-27T02:20:07.345+0000] {logging_mixin.py:190} INFO - [2024-10-27T02:20:07.345+0000] {dag.py:3239} INFO - Sync 1 DAGs
[2024-10-27T02:20:07.361+0000] {logging_mixin.py:190} INFO - [2024-10-27T02:20:07.361+0000] {dag.py:4180} INFO - Setting next_dagrun for tutorial_dag to None, run_after=None
[2024-10-27T02:20:07.379+0000] {processor.py:208} INFO - Processing /home/airflow/.local/lib/python3.12/site-packages/airflow/example_dags/tutorial_dag.py took 0.074 seconds
[2024-10-27T02:20:40.641+0000] {processor.py:186} INFO - Started process (PID=63722) to work on /home/airflow/.local/lib/python3.12/site-packages/airflow/example_dags/tutorial_dag.py
[2024-10-27T02:20:40.642+0000] {processor.py:914} INFO - Processing file /home/airflow/.local/lib/python3.12/site-packages/airflow/example_dags/tutorial_dag.py for tasks to queue
[2024-10-27T02:20:40.645+0000] {logging_mixin.py:190} INFO - [2024-10-27T02:20:40.644+0000] {dagbag.py:588} INFO - Filling up the DagBag from /home/airflow/.local/lib/python3.12/site-packages/airflow/example_dags/tutorial_dag.py
[2024-10-27T02:20:40.651+0000] {processor.py:925} INFO - DAG(s) 'tutorial_dag' retrieved from /home/airflow/.local/lib/python3.12/site-packages/airflow/example_dags/tutorial_dag.py
[2024-10-27T02:20:40.675+0000] {logging_mixin.py:190} INFO - [2024-10-27T02:20:40.675+0000] {dag.py:3239} INFO - Sync 1 DAGs
[2024-10-27T02:20:40.688+0000] {logging_mixin.py:190} INFO - [2024-10-27T02:20:40.688+0000] {dag.py:4180} INFO - Setting next_dagrun for tutorial_dag to None, run_after=None
[2024-10-27T02:20:40.707+0000] {processor.py:208} INFO - Processing /home/airflow/.local/lib/python3.12/site-packages/airflow/example_dags/tutorial_dag.py took 0.072 seconds
[2024-10-27T02:21:12.719+0000] {processor.py:186} INFO - Started process (PID=63786) to work on /home/airflow/.local/lib/python3.12/site-packages/airflow/example_dags/tutorial_dag.py
[2024-10-27T02:21:12.720+0000] {processor.py:914} INFO - Processing file /home/airflow/.local/lib/python3.12/site-packages/airflow/example_dags/tutorial_dag.py for tasks to queue
[2024-10-27T02:21:12.723+0000] {logging_mixin.py:190} INFO - [2024-10-27T02:21:12.723+0000] {dagbag.py:588} INFO - Filling up the DagBag from /home/airflow/.local/lib/python3.12/site-packages/airflow/example_dags/tutorial_dag.py
[2024-10-27T02:21:12.735+0000] {processor.py:925} INFO - DAG(s) 'tutorial_dag' retrieved from /home/airflow/.local/lib/python3.12/site-packages/airflow/example_dags/tutorial_dag.py
[2024-10-27T02:21:12.753+0000] {logging_mixin.py:190} INFO - [2024-10-27T02:21:12.753+0000] {dag.py:3239} INFO - Sync 1 DAGs
[2024-10-27T02:21:12.766+0000] {logging_mixin.py:190} INFO - [2024-10-27T02:21:12.766+0000] {dag.py:4180} INFO - Setting next_dagrun for tutorial_dag to None, run_after=None
[2024-10-27T02:21:12.791+0000] {processor.py:208} INFO - Processing /home/airflow/.local/lib/python3.12/site-packages/airflow/example_dags/tutorial_dag.py took 0.078 seconds
[2024-10-27T02:21:46.644+0000] {processor.py:186} INFO - Started process (PID=63857) to work on /home/airflow/.local/lib/python3.12/site-packages/airflow/example_dags/tutorial_dag.py
[2024-10-27T02:21:46.645+0000] {processor.py:914} INFO - Processing file /home/airflow/.local/lib/python3.12/site-packages/airflow/example_dags/tutorial_dag.py for tasks to queue
[2024-10-27T02:21:46.647+0000] {logging_mixin.py:190} INFO - [2024-10-27T02:21:46.647+0000] {dagbag.py:588} INFO - Filling up the DagBag from /home/airflow/.local/lib/python3.12/site-packages/airflow/example_dags/tutorial_dag.py
[2024-10-27T02:21:46.655+0000] {processor.py:925} INFO - DAG(s) 'tutorial_dag' retrieved from /home/airflow/.local/lib/python3.12/site-packages/airflow/example_dags/tutorial_dag.py
[2024-10-27T02:21:46.673+0000] {logging_mixin.py:190} INFO - [2024-10-27T02:21:46.673+0000] {dag.py:3239} INFO - Sync 1 DAGs
[2024-10-27T02:21:46.687+0000] {logging_mixin.py:190} INFO - [2024-10-27T02:21:46.686+0000] {dag.py:4180} INFO - Setting next_dagrun for tutorial_dag to None, run_after=None
[2024-10-27T02:21:46.710+0000] {processor.py:208} INFO - Processing /home/airflow/.local/lib/python3.12/site-packages/airflow/example_dags/tutorial_dag.py took 0.072 seconds
[2024-10-27T02:22:19.135+0000] {processor.py:186} INFO - Started process (PID=63922) to work on /home/airflow/.local/lib/python3.12/site-packages/airflow/example_dags/tutorial_dag.py
[2024-10-27T02:22:19.136+0000] {processor.py:914} INFO - Processing file /home/airflow/.local/lib/python3.12/site-packages/airflow/example_dags/tutorial_dag.py for tasks to queue
[2024-10-27T02:22:19.141+0000] {logging_mixin.py:190} INFO - [2024-10-27T02:22:19.140+0000] {dagbag.py:588} INFO - Filling up the DagBag from /home/airflow/.local/lib/python3.12/site-packages/airflow/example_dags/tutorial_dag.py
[2024-10-27T02:22:19.148+0000] {processor.py:925} INFO - DAG(s) 'tutorial_dag' retrieved from /home/airflow/.local/lib/python3.12/site-packages/airflow/example_dags/tutorial_dag.py
[2024-10-27T02:22:19.172+0000] {logging_mixin.py:190} INFO - [2024-10-27T02:22:19.171+0000] {dag.py:3239} INFO - Sync 1 DAGs
[2024-10-27T02:22:19.209+0000] {logging_mixin.py:190} INFO - [2024-10-27T02:22:19.209+0000] {dag.py:4180} INFO - Setting next_dagrun for tutorial_dag to None, run_after=None
[2024-10-27T02:22:19.239+0000] {processor.py:208} INFO - Processing /home/airflow/.local/lib/python3.12/site-packages/airflow/example_dags/tutorial_dag.py took 0.109 seconds
[2024-10-27T02:22:51.763+0000] {processor.py:186} INFO - Started process (PID=63986) to work on /home/airflow/.local/lib/python3.12/site-packages/airflow/example_dags/tutorial_dag.py
[2024-10-27T02:22:51.765+0000] {processor.py:914} INFO - Processing file /home/airflow/.local/lib/python3.12/site-packages/airflow/example_dags/tutorial_dag.py for tasks to queue
[2024-10-27T02:22:51.767+0000] {logging_mixin.py:190} INFO - [2024-10-27T02:22:51.767+0000] {dagbag.py:588} INFO - Filling up the DagBag from /home/airflow/.local/lib/python3.12/site-packages/airflow/example_dags/tutorial_dag.py
[2024-10-27T02:22:51.775+0000] {processor.py:925} INFO - DAG(s) 'tutorial_dag' retrieved from /home/airflow/.local/lib/python3.12/site-packages/airflow/example_dags/tutorial_dag.py
[2024-10-27T02:22:51.797+0000] {logging_mixin.py:190} INFO - [2024-10-27T02:22:51.797+0000] {dag.py:3239} INFO - Sync 1 DAGs
[2024-10-27T02:22:51.812+0000] {logging_mixin.py:190} INFO - [2024-10-27T02:22:51.811+0000] {dag.py:4180} INFO - Setting next_dagrun for tutorial_dag to None, run_after=None
[2024-10-27T02:22:51.832+0000] {processor.py:208} INFO - Processing /home/airflow/.local/lib/python3.12/site-packages/airflow/example_dags/tutorial_dag.py took 0.075 seconds
[2024-10-27T02:23:25.437+0000] {processor.py:186} INFO - Started process (PID=64050) to work on /home/airflow/.local/lib/python3.12/site-packages/airflow/example_dags/tutorial_dag.py
[2024-10-27T02:23:25.438+0000] {processor.py:914} INFO - Processing file /home/airflow/.local/lib/python3.12/site-packages/airflow/example_dags/tutorial_dag.py for tasks to queue
[2024-10-27T02:23:25.441+0000] {logging_mixin.py:190} INFO - [2024-10-27T02:23:25.440+0000] {dagbag.py:588} INFO - Filling up the DagBag from /home/airflow/.local/lib/python3.12/site-packages/airflow/example_dags/tutorial_dag.py
[2024-10-27T02:23:25.451+0000] {processor.py:925} INFO - DAG(s) 'tutorial_dag' retrieved from /home/airflow/.local/lib/python3.12/site-packages/airflow/example_dags/tutorial_dag.py
[2024-10-27T02:23:25.473+0000] {logging_mixin.py:190} INFO - [2024-10-27T02:23:25.472+0000] {dag.py:3239} INFO - Sync 1 DAGs
[2024-10-27T02:23:25.488+0000] {logging_mixin.py:190} INFO - [2024-10-27T02:23:25.488+0000] {dag.py:4180} INFO - Setting next_dagrun for tutorial_dag to None, run_after=None
[2024-10-27T02:23:25.511+0000] {processor.py:208} INFO - Processing /home/airflow/.local/lib/python3.12/site-packages/airflow/example_dags/tutorial_dag.py took 0.084 seconds
[2024-10-27T02:23:57.434+0000] {processor.py:186} INFO - Started process (PID=64114) to work on /home/airflow/.local/lib/python3.12/site-packages/airflow/example_dags/tutorial_dag.py
[2024-10-27T02:23:57.435+0000] {processor.py:914} INFO - Processing file /home/airflow/.local/lib/python3.12/site-packages/airflow/example_dags/tutorial_dag.py for tasks to queue
[2024-10-27T02:23:57.437+0000] {logging_mixin.py:190} INFO - [2024-10-27T02:23:57.437+0000] {dagbag.py:588} INFO - Filling up the DagBag from /home/airflow/.local/lib/python3.12/site-packages/airflow/example_dags/tutorial_dag.py
[2024-10-27T02:23:57.446+0000] {processor.py:925} INFO - DAG(s) 'tutorial_dag' retrieved from /home/airflow/.local/lib/python3.12/site-packages/airflow/example_dags/tutorial_dag.py
[2024-10-27T02:23:57.467+0000] {logging_mixin.py:190} INFO - [2024-10-27T02:23:57.467+0000] {dag.py:3239} INFO - Sync 1 DAGs
[2024-10-27T02:23:57.483+0000] {logging_mixin.py:190} INFO - [2024-10-27T02:23:57.483+0000] {dag.py:4180} INFO - Setting next_dagrun for tutorial_dag to None, run_after=None
[2024-10-27T02:23:57.505+0000] {processor.py:208} INFO - Processing /home/airflow/.local/lib/python3.12/site-packages/airflow/example_dags/tutorial_dag.py took 0.077 seconds
[2024-10-27T02:24:30.064+0000] {processor.py:186} INFO - Started process (PID=64178) to work on /home/airflow/.local/lib/python3.12/site-packages/airflow/example_dags/tutorial_dag.py
[2024-10-27T02:24:30.065+0000] {processor.py:914} INFO - Processing file /home/airflow/.local/lib/python3.12/site-packages/airflow/example_dags/tutorial_dag.py for tasks to queue
[2024-10-27T02:24:30.068+0000] {logging_mixin.py:190} INFO - [2024-10-27T02:24:30.067+0000] {dagbag.py:588} INFO - Filling up the DagBag from /home/airflow/.local/lib/python3.12/site-packages/airflow/example_dags/tutorial_dag.py
[2024-10-27T02:24:30.077+0000] {processor.py:925} INFO - DAG(s) 'tutorial_dag' retrieved from /home/airflow/.local/lib/python3.12/site-packages/airflow/example_dags/tutorial_dag.py
[2024-10-27T02:24:30.102+0000] {logging_mixin.py:190} INFO - [2024-10-27T02:24:30.102+0000] {dag.py:3239} INFO - Sync 1 DAGs
[2024-10-27T02:24:30.116+0000] {logging_mixin.py:190} INFO - [2024-10-27T02:24:30.116+0000] {dag.py:4180} INFO - Setting next_dagrun for tutorial_dag to None, run_after=None
[2024-10-27T02:24:30.138+0000] {processor.py:208} INFO - Processing /home/airflow/.local/lib/python3.12/site-packages/airflow/example_dags/tutorial_dag.py took 0.080 seconds
[2024-10-27T02:25:02.853+0000] {processor.py:186} INFO - Started process (PID=64242) to work on /home/airflow/.local/lib/python3.12/site-packages/airflow/example_dags/tutorial_dag.py
[2024-10-27T02:25:02.854+0000] {processor.py:914} INFO - Processing file /home/airflow/.local/lib/python3.12/site-packages/airflow/example_dags/tutorial_dag.py for tasks to queue
[2024-10-27T02:25:02.856+0000] {logging_mixin.py:190} INFO - [2024-10-27T02:25:02.856+0000] {dagbag.py:588} INFO - Filling up the DagBag from /home/airflow/.local/lib/python3.12/site-packages/airflow/example_dags/tutorial_dag.py
[2024-10-27T02:25:02.872+0000] {processor.py:925} INFO - DAG(s) 'tutorial_dag' retrieved from /home/airflow/.local/lib/python3.12/site-packages/airflow/example_dags/tutorial_dag.py
[2024-10-27T02:25:02.898+0000] {logging_mixin.py:190} INFO - [2024-10-27T02:25:02.898+0000] {dag.py:3239} INFO - Sync 1 DAGs
[2024-10-27T02:25:02.919+0000] {logging_mixin.py:190} INFO - [2024-10-27T02:25:02.919+0000] {dag.py:4180} INFO - Setting next_dagrun for tutorial_dag to None, run_after=None
[2024-10-27T02:25:02.945+0000] {processor.py:208} INFO - Processing /home/airflow/.local/lib/python3.12/site-packages/airflow/example_dags/tutorial_dag.py took 0.102 seconds
[2024-10-27T02:25:35.646+0000] {processor.py:186} INFO - Started process (PID=64306) to work on /home/airflow/.local/lib/python3.12/site-packages/airflow/example_dags/tutorial_dag.py
[2024-10-27T02:25:35.649+0000] {processor.py:914} INFO - Processing file /home/airflow/.local/lib/python3.12/site-packages/airflow/example_dags/tutorial_dag.py for tasks to queue
[2024-10-27T02:25:35.652+0000] {logging_mixin.py:190} INFO - [2024-10-27T02:25:35.651+0000] {dagbag.py:588} INFO - Filling up the DagBag from /home/airflow/.local/lib/python3.12/site-packages/airflow/example_dags/tutorial_dag.py
[2024-10-27T02:25:35.662+0000] {processor.py:925} INFO - DAG(s) 'tutorial_dag' retrieved from /home/airflow/.local/lib/python3.12/site-packages/airflow/example_dags/tutorial_dag.py
[2024-10-27T02:25:35.687+0000] {logging_mixin.py:190} INFO - [2024-10-27T02:25:35.686+0000] {dag.py:3239} INFO - Sync 1 DAGs
[2024-10-27T02:25:35.707+0000] {logging_mixin.py:190} INFO - [2024-10-27T02:25:35.706+0000] {dag.py:4180} INFO - Setting next_dagrun for tutorial_dag to None, run_after=None
[2024-10-27T02:25:35.733+0000] {processor.py:208} INFO - Processing /home/airflow/.local/lib/python3.12/site-packages/airflow/example_dags/tutorial_dag.py took 0.096 seconds
[2024-10-27T02:26:08.626+0000] {processor.py:186} INFO - Started process (PID=64370) to work on /home/airflow/.local/lib/python3.12/site-packages/airflow/example_dags/tutorial_dag.py
[2024-10-27T02:26:08.628+0000] {processor.py:914} INFO - Processing file /home/airflow/.local/lib/python3.12/site-packages/airflow/example_dags/tutorial_dag.py for tasks to queue
[2024-10-27T02:26:08.630+0000] {logging_mixin.py:190} INFO - [2024-10-27T02:26:08.630+0000] {dagbag.py:588} INFO - Filling up the DagBag from /home/airflow/.local/lib/python3.12/site-packages/airflow/example_dags/tutorial_dag.py
[2024-10-27T02:26:08.637+0000] {processor.py:925} INFO - DAG(s) 'tutorial_dag' retrieved from /home/airflow/.local/lib/python3.12/site-packages/airflow/example_dags/tutorial_dag.py
[2024-10-27T02:26:08.658+0000] {logging_mixin.py:190} INFO - [2024-10-27T02:26:08.658+0000] {dag.py:3239} INFO - Sync 1 DAGs
[2024-10-27T02:26:08.673+0000] {logging_mixin.py:190} INFO - [2024-10-27T02:26:08.673+0000] {dag.py:4180} INFO - Setting next_dagrun for tutorial_dag to None, run_after=None
[2024-10-27T02:26:08.695+0000] {processor.py:208} INFO - Processing /home/airflow/.local/lib/python3.12/site-packages/airflow/example_dags/tutorial_dag.py took 0.075 seconds
[2024-10-27T02:26:41.085+0000] {processor.py:186} INFO - Started process (PID=64434) to work on /home/airflow/.local/lib/python3.12/site-packages/airflow/example_dags/tutorial_dag.py
[2024-10-27T02:26:41.087+0000] {processor.py:914} INFO - Processing file /home/airflow/.local/lib/python3.12/site-packages/airflow/example_dags/tutorial_dag.py for tasks to queue
[2024-10-27T02:26:41.089+0000] {logging_mixin.py:190} INFO - [2024-10-27T02:26:41.089+0000] {dagbag.py:588} INFO - Filling up the DagBag from /home/airflow/.local/lib/python3.12/site-packages/airflow/example_dags/tutorial_dag.py
[2024-10-27T02:26:41.099+0000] {processor.py:925} INFO - DAG(s) 'tutorial_dag' retrieved from /home/airflow/.local/lib/python3.12/site-packages/airflow/example_dags/tutorial_dag.py
[2024-10-27T02:26:41.118+0000] {logging_mixin.py:190} INFO - [2024-10-27T02:26:41.118+0000] {dag.py:3239} INFO - Sync 1 DAGs
[2024-10-27T02:26:41.132+0000] {logging_mixin.py:190} INFO - [2024-10-27T02:26:41.132+0000] {dag.py:4180} INFO - Setting next_dagrun for tutorial_dag to None, run_after=None
[2024-10-27T02:26:41.152+0000] {processor.py:208} INFO - Processing /home/airflow/.local/lib/python3.12/site-packages/airflow/example_dags/tutorial_dag.py took 0.072 seconds
[2024-10-27T02:27:14.219+0000] {processor.py:186} INFO - Started process (PID=64499) to work on /home/airflow/.local/lib/python3.12/site-packages/airflow/example_dags/tutorial_dag.py
[2024-10-27T02:27:14.220+0000] {processor.py:914} INFO - Processing file /home/airflow/.local/lib/python3.12/site-packages/airflow/example_dags/tutorial_dag.py for tasks to queue
[2024-10-27T02:27:14.224+0000] {logging_mixin.py:190} INFO - [2024-10-27T02:27:14.223+0000] {dagbag.py:588} INFO - Filling up the DagBag from /home/airflow/.local/lib/python3.12/site-packages/airflow/example_dags/tutorial_dag.py
[2024-10-27T02:27:14.234+0000] {processor.py:925} INFO - DAG(s) 'tutorial_dag' retrieved from /home/airflow/.local/lib/python3.12/site-packages/airflow/example_dags/tutorial_dag.py
[2024-10-27T02:27:14.263+0000] {logging_mixin.py:190} INFO - [2024-10-27T02:27:14.263+0000] {dag.py:3239} INFO - Sync 1 DAGs
[2024-10-27T02:27:14.282+0000] {logging_mixin.py:190} INFO - [2024-10-27T02:27:14.281+0000] {dag.py:4180} INFO - Setting next_dagrun for tutorial_dag to None, run_after=None
[2024-10-27T02:27:14.307+0000] {processor.py:208} INFO - Processing /home/airflow/.local/lib/python3.12/site-packages/airflow/example_dags/tutorial_dag.py took 0.094 seconds
[2024-10-27T02:27:46.850+0000] {processor.py:186} INFO - Started process (PID=64563) to work on /home/airflow/.local/lib/python3.12/site-packages/airflow/example_dags/tutorial_dag.py
[2024-10-27T02:27:46.852+0000] {processor.py:914} INFO - Processing file /home/airflow/.local/lib/python3.12/site-packages/airflow/example_dags/tutorial_dag.py for tasks to queue
[2024-10-27T02:27:46.854+0000] {logging_mixin.py:190} INFO - [2024-10-27T02:27:46.854+0000] {dagbag.py:588} INFO - Filling up the DagBag from /home/airflow/.local/lib/python3.12/site-packages/airflow/example_dags/tutorial_dag.py
[2024-10-27T02:27:46.862+0000] {processor.py:925} INFO - DAG(s) 'tutorial_dag' retrieved from /home/airflow/.local/lib/python3.12/site-packages/airflow/example_dags/tutorial_dag.py
[2024-10-27T02:27:46.886+0000] {logging_mixin.py:190} INFO - [2024-10-27T02:27:46.886+0000] {dag.py:3239} INFO - Sync 1 DAGs
[2024-10-27T02:27:46.902+0000] {logging_mixin.py:190} INFO - [2024-10-27T02:27:46.901+0000] {dag.py:4180} INFO - Setting next_dagrun for tutorial_dag to None, run_after=None
[2024-10-27T02:27:46.926+0000] {processor.py:208} INFO - Processing /home/airflow/.local/lib/python3.12/site-packages/airflow/example_dags/tutorial_dag.py took 0.082 seconds
[2024-10-27T02:28:19.507+0000] {processor.py:186} INFO - Started process (PID=64627) to work on /home/airflow/.local/lib/python3.12/site-packages/airflow/example_dags/tutorial_dag.py
[2024-10-27T02:28:19.508+0000] {processor.py:914} INFO - Processing file /home/airflow/.local/lib/python3.12/site-packages/airflow/example_dags/tutorial_dag.py for tasks to queue
[2024-10-27T02:28:19.511+0000] {logging_mixin.py:190} INFO - [2024-10-27T02:28:19.510+0000] {dagbag.py:588} INFO - Filling up the DagBag from /home/airflow/.local/lib/python3.12/site-packages/airflow/example_dags/tutorial_dag.py
[2024-10-27T02:28:19.520+0000] {processor.py:925} INFO - DAG(s) 'tutorial_dag' retrieved from /home/airflow/.local/lib/python3.12/site-packages/airflow/example_dags/tutorial_dag.py
[2024-10-27T02:28:19.543+0000] {logging_mixin.py:190} INFO - [2024-10-27T02:28:19.543+0000] {dag.py:3239} INFO - Sync 1 DAGs
[2024-10-27T02:28:19.559+0000] {logging_mixin.py:190} INFO - [2024-10-27T02:28:19.559+0000] {dag.py:4180} INFO - Setting next_dagrun for tutorial_dag to None, run_after=None
[2024-10-27T02:28:19.583+0000] {processor.py:208} INFO - Processing /home/airflow/.local/lib/python3.12/site-packages/airflow/example_dags/tutorial_dag.py took 0.082 seconds
[2024-10-27T02:28:52.179+0000] {processor.py:186} INFO - Started process (PID=64691) to work on /home/airflow/.local/lib/python3.12/site-packages/airflow/example_dags/tutorial_dag.py
[2024-10-27T02:28:52.180+0000] {processor.py:914} INFO - Processing file /home/airflow/.local/lib/python3.12/site-packages/airflow/example_dags/tutorial_dag.py for tasks to queue
[2024-10-27T02:28:52.183+0000] {logging_mixin.py:190} INFO - [2024-10-27T02:28:52.182+0000] {dagbag.py:588} INFO - Filling up the DagBag from /home/airflow/.local/lib/python3.12/site-packages/airflow/example_dags/tutorial_dag.py
[2024-10-27T02:28:52.191+0000] {processor.py:925} INFO - DAG(s) 'tutorial_dag' retrieved from /home/airflow/.local/lib/python3.12/site-packages/airflow/example_dags/tutorial_dag.py
[2024-10-27T02:28:52.215+0000] {logging_mixin.py:190} INFO - [2024-10-27T02:28:52.214+0000] {dag.py:3239} INFO - Sync 1 DAGs
[2024-10-27T02:28:52.232+0000] {logging_mixin.py:190} INFO - [2024-10-27T02:28:52.231+0000] {dag.py:4180} INFO - Setting next_dagrun for tutorial_dag to None, run_after=None
[2024-10-27T02:28:52.259+0000] {processor.py:208} INFO - Processing /home/airflow/.local/lib/python3.12/site-packages/airflow/example_dags/tutorial_dag.py took 0.087 seconds
[2024-10-27T02:29:25.015+0000] {processor.py:186} INFO - Started process (PID=64755) to work on /home/airflow/.local/lib/python3.12/site-packages/airflow/example_dags/tutorial_dag.py
[2024-10-27T02:29:25.016+0000] {processor.py:914} INFO - Processing file /home/airflow/.local/lib/python3.12/site-packages/airflow/example_dags/tutorial_dag.py for tasks to queue
[2024-10-27T02:29:25.018+0000] {logging_mixin.py:190} INFO - [2024-10-27T02:29:25.018+0000] {dagbag.py:588} INFO - Filling up the DagBag from /home/airflow/.local/lib/python3.12/site-packages/airflow/example_dags/tutorial_dag.py
[2024-10-27T02:29:25.027+0000] {processor.py:925} INFO - DAG(s) 'tutorial_dag' retrieved from /home/airflow/.local/lib/python3.12/site-packages/airflow/example_dags/tutorial_dag.py
[2024-10-27T02:29:25.049+0000] {logging_mixin.py:190} INFO - [2024-10-27T02:29:25.048+0000] {dag.py:3239} INFO - Sync 1 DAGs
[2024-10-27T02:29:25.065+0000] {logging_mixin.py:190} INFO - [2024-10-27T02:29:25.065+0000] {dag.py:4180} INFO - Setting next_dagrun for tutorial_dag to None, run_after=None
[2024-10-27T02:29:25.092+0000] {processor.py:208} INFO - Processing /home/airflow/.local/lib/python3.12/site-packages/airflow/example_dags/tutorial_dag.py took 0.085 seconds
[2024-10-27T02:29:57.261+0000] {processor.py:186} INFO - Started process (PID=64819) to work on /home/airflow/.local/lib/python3.12/site-packages/airflow/example_dags/tutorial_dag.py
[2024-10-27T02:29:57.262+0000] {processor.py:914} INFO - Processing file /home/airflow/.local/lib/python3.12/site-packages/airflow/example_dags/tutorial_dag.py for tasks to queue
[2024-10-27T02:29:57.264+0000] {logging_mixin.py:190} INFO - [2024-10-27T02:29:57.263+0000] {dagbag.py:588} INFO - Filling up the DagBag from /home/airflow/.local/lib/python3.12/site-packages/airflow/example_dags/tutorial_dag.py
[2024-10-27T02:29:57.272+0000] {processor.py:925} INFO - DAG(s) 'tutorial_dag' retrieved from /home/airflow/.local/lib/python3.12/site-packages/airflow/example_dags/tutorial_dag.py
[2024-10-27T02:29:57.301+0000] {logging_mixin.py:190} INFO - [2024-10-27T02:29:57.300+0000] {dag.py:3239} INFO - Sync 1 DAGs
[2024-10-27T02:29:57.316+0000] {logging_mixin.py:190} INFO - [2024-10-27T02:29:57.316+0000] {dag.py:4180} INFO - Setting next_dagrun for tutorial_dag to None, run_after=None
[2024-10-27T02:29:57.337+0000] {processor.py:208} INFO - Processing /home/airflow/.local/lib/python3.12/site-packages/airflow/example_dags/tutorial_dag.py took 0.082 seconds
[2024-10-27T02:30:32.093+0000] {processor.py:186} INFO - Started process (PID=64883) to work on /home/airflow/.local/lib/python3.12/site-packages/airflow/example_dags/tutorial_dag.py
[2024-10-27T02:30:32.094+0000] {processor.py:914} INFO - Processing file /home/airflow/.local/lib/python3.12/site-packages/airflow/example_dags/tutorial_dag.py for tasks to queue
[2024-10-27T02:30:32.100+0000] {logging_mixin.py:190} INFO - [2024-10-27T02:30:32.100+0000] {dagbag.py:588} INFO - Filling up the DagBag from /home/airflow/.local/lib/python3.12/site-packages/airflow/example_dags/tutorial_dag.py
[2024-10-27T02:30:32.108+0000] {processor.py:925} INFO - DAG(s) 'tutorial_dag' retrieved from /home/airflow/.local/lib/python3.12/site-packages/airflow/example_dags/tutorial_dag.py
[2024-10-27T02:30:32.135+0000] {logging_mixin.py:190} INFO - [2024-10-27T02:30:32.134+0000] {dag.py:3239} INFO - Sync 1 DAGs
[2024-10-27T02:30:32.151+0000] {logging_mixin.py:190} INFO - [2024-10-27T02:30:32.151+0000] {dag.py:4180} INFO - Setting next_dagrun for tutorial_dag to None, run_after=None
[2024-10-27T02:30:32.181+0000] {processor.py:208} INFO - Processing /home/airflow/.local/lib/python3.12/site-packages/airflow/example_dags/tutorial_dag.py took 0.094 seconds
[2024-10-27T02:31:02.625+0000] {processor.py:186} INFO - Started process (PID=64947) to work on /home/airflow/.local/lib/python3.12/site-packages/airflow/example_dags/tutorial_dag.py
[2024-10-27T02:31:02.627+0000] {processor.py:914} INFO - Processing file /home/airflow/.local/lib/python3.12/site-packages/airflow/example_dags/tutorial_dag.py for tasks to queue
[2024-10-27T02:31:02.629+0000] {logging_mixin.py:190} INFO - [2024-10-27T02:31:02.629+0000] {dagbag.py:588} INFO - Filling up the DagBag from /home/airflow/.local/lib/python3.12/site-packages/airflow/example_dags/tutorial_dag.py
[2024-10-27T02:31:02.639+0000] {processor.py:925} INFO - DAG(s) 'tutorial_dag' retrieved from /home/airflow/.local/lib/python3.12/site-packages/airflow/example_dags/tutorial_dag.py
[2024-10-27T02:31:02.660+0000] {logging_mixin.py:190} INFO - [2024-10-27T02:31:02.660+0000] {dag.py:3239} INFO - Sync 1 DAGs
[2024-10-27T02:31:02.675+0000] {logging_mixin.py:190} INFO - [2024-10-27T02:31:02.674+0000] {dag.py:4180} INFO - Setting next_dagrun for tutorial_dag to None, run_after=None
[2024-10-27T02:31:02.700+0000] {processor.py:208} INFO - Processing /home/airflow/.local/lib/python3.12/site-packages/airflow/example_dags/tutorial_dag.py took 0.080 seconds
[2024-10-27T02:31:35.291+0000] {processor.py:186} INFO - Started process (PID=65011) to work on /home/airflow/.local/lib/python3.12/site-packages/airflow/example_dags/tutorial_dag.py
[2024-10-27T02:31:35.292+0000] {processor.py:914} INFO - Processing file /home/airflow/.local/lib/python3.12/site-packages/airflow/example_dags/tutorial_dag.py for tasks to queue
[2024-10-27T02:31:35.294+0000] {logging_mixin.py:190} INFO - [2024-10-27T02:31:35.294+0000] {dagbag.py:588} INFO - Filling up the DagBag from /home/airflow/.local/lib/python3.12/site-packages/airflow/example_dags/tutorial_dag.py
[2024-10-27T02:31:35.302+0000] {processor.py:925} INFO - DAG(s) 'tutorial_dag' retrieved from /home/airflow/.local/lib/python3.12/site-packages/airflow/example_dags/tutorial_dag.py
[2024-10-27T02:31:35.322+0000] {logging_mixin.py:190} INFO - [2024-10-27T02:31:35.322+0000] {dag.py:3239} INFO - Sync 1 DAGs
[2024-10-27T02:31:35.336+0000] {logging_mixin.py:190} INFO - [2024-10-27T02:31:35.336+0000] {dag.py:4180} INFO - Setting next_dagrun for tutorial_dag to None, run_after=None
[2024-10-27T02:31:35.356+0000] {processor.py:208} INFO - Processing /home/airflow/.local/lib/python3.12/site-packages/airflow/example_dags/tutorial_dag.py took 0.072 seconds
[2024-10-27T02:32:09.718+0000] {processor.py:186} INFO - Started process (PID=65075) to work on /home/airflow/.local/lib/python3.12/site-packages/airflow/example_dags/tutorial_dag.py
[2024-10-27T02:32:09.720+0000] {processor.py:914} INFO - Processing file /home/airflow/.local/lib/python3.12/site-packages/airflow/example_dags/tutorial_dag.py for tasks to queue
[2024-10-27T02:32:09.723+0000] {logging_mixin.py:190} INFO - [2024-10-27T02:32:09.722+0000] {dagbag.py:588} INFO - Filling up the DagBag from /home/airflow/.local/lib/python3.12/site-packages/airflow/example_dags/tutorial_dag.py
[2024-10-27T02:32:09.730+0000] {processor.py:925} INFO - DAG(s) 'tutorial_dag' retrieved from /home/airflow/.local/lib/python3.12/site-packages/airflow/example_dags/tutorial_dag.py
[2024-10-27T02:32:09.749+0000] {logging_mixin.py:190} INFO - [2024-10-27T02:32:09.748+0000] {dag.py:3239} INFO - Sync 1 DAGs
[2024-10-27T02:32:09.763+0000] {logging_mixin.py:190} INFO - [2024-10-27T02:32:09.763+0000] {dag.py:4180} INFO - Setting next_dagrun for tutorial_dag to None, run_after=None
[2024-10-27T02:32:09.784+0000] {processor.py:208} INFO - Processing /home/airflow/.local/lib/python3.12/site-packages/airflow/example_dags/tutorial_dag.py took 0.073 seconds
[2024-10-27T02:32:43.454+0000] {processor.py:186} INFO - Started process (PID=65139) to work on /home/airflow/.local/lib/python3.12/site-packages/airflow/example_dags/tutorial_dag.py
[2024-10-27T02:32:43.455+0000] {processor.py:914} INFO - Processing file /home/airflow/.local/lib/python3.12/site-packages/airflow/example_dags/tutorial_dag.py for tasks to queue
[2024-10-27T02:32:43.458+0000] {logging_mixin.py:190} INFO - [2024-10-27T02:32:43.458+0000] {dagbag.py:588} INFO - Filling up the DagBag from /home/airflow/.local/lib/python3.12/site-packages/airflow/example_dags/tutorial_dag.py
[2024-10-27T02:32:43.468+0000] {processor.py:925} INFO - DAG(s) 'tutorial_dag' retrieved from /home/airflow/.local/lib/python3.12/site-packages/airflow/example_dags/tutorial_dag.py
[2024-10-27T02:32:43.488+0000] {logging_mixin.py:190} INFO - [2024-10-27T02:32:43.487+0000] {dag.py:3239} INFO - Sync 1 DAGs
[2024-10-27T02:32:43.672+0000] {logging_mixin.py:190} INFO - [2024-10-27T02:32:43.672+0000] {dag.py:4180} INFO - Setting next_dagrun for tutorial_dag to None, run_after=None
[2024-10-27T02:32:43.728+0000] {processor.py:208} INFO - Processing /home/airflow/.local/lib/python3.12/site-packages/airflow/example_dags/tutorial_dag.py took 0.279 seconds
[2024-10-27T02:33:16.494+0000] {processor.py:186} INFO - Started process (PID=65203) to work on /home/airflow/.local/lib/python3.12/site-packages/airflow/example_dags/tutorial_dag.py
[2024-10-27T02:33:16.495+0000] {processor.py:914} INFO - Processing file /home/airflow/.local/lib/python3.12/site-packages/airflow/example_dags/tutorial_dag.py for tasks to queue
[2024-10-27T02:33:16.498+0000] {logging_mixin.py:190} INFO - [2024-10-27T02:33:16.497+0000] {dagbag.py:588} INFO - Filling up the DagBag from /home/airflow/.local/lib/python3.12/site-packages/airflow/example_dags/tutorial_dag.py
[2024-10-27T02:33:16.507+0000] {processor.py:925} INFO - DAG(s) 'tutorial_dag' retrieved from /home/airflow/.local/lib/python3.12/site-packages/airflow/example_dags/tutorial_dag.py
[2024-10-27T02:33:16.529+0000] {logging_mixin.py:190} INFO - [2024-10-27T02:33:16.528+0000] {dag.py:3239} INFO - Sync 1 DAGs
[2024-10-27T02:33:16.708+0000] {logging_mixin.py:190} INFO - [2024-10-27T02:33:16.707+0000] {dag.py:4180} INFO - Setting next_dagrun for tutorial_dag to None, run_after=None
[2024-10-27T02:33:16.728+0000] {processor.py:208} INFO - Processing /home/airflow/.local/lib/python3.12/site-packages/airflow/example_dags/tutorial_dag.py took 0.238 seconds
[2024-10-27T02:33:47.145+0000] {processor.py:186} INFO - Started process (PID=65267) to work on /home/airflow/.local/lib/python3.12/site-packages/airflow/example_dags/tutorial_dag.py
[2024-10-27T02:33:47.147+0000] {processor.py:914} INFO - Processing file /home/airflow/.local/lib/python3.12/site-packages/airflow/example_dags/tutorial_dag.py for tasks to queue
[2024-10-27T02:33:47.150+0000] {logging_mixin.py:190} INFO - [2024-10-27T02:33:47.150+0000] {dagbag.py:588} INFO - Filling up the DagBag from /home/airflow/.local/lib/python3.12/site-packages/airflow/example_dags/tutorial_dag.py
[2024-10-27T02:33:47.157+0000] {processor.py:925} INFO - DAG(s) 'tutorial_dag' retrieved from /home/airflow/.local/lib/python3.12/site-packages/airflow/example_dags/tutorial_dag.py
[2024-10-27T02:33:47.177+0000] {logging_mixin.py:190} INFO - [2024-10-27T02:33:47.177+0000] {dag.py:3239} INFO - Sync 1 DAGs
[2024-10-27T02:33:47.193+0000] {logging_mixin.py:190} INFO - [2024-10-27T02:33:47.192+0000] {dag.py:4180} INFO - Setting next_dagrun for tutorial_dag to None, run_after=None
[2024-10-27T02:33:47.217+0000] {processor.py:208} INFO - Processing /home/airflow/.local/lib/python3.12/site-packages/airflow/example_dags/tutorial_dag.py took 0.078 seconds
[2024-10-27T02:34:18.997+0000] {processor.py:186} INFO - Started process (PID=65331) to work on /home/airflow/.local/lib/python3.12/site-packages/airflow/example_dags/tutorial_dag.py
[2024-10-27T02:34:18.998+0000] {processor.py:914} INFO - Processing file /home/airflow/.local/lib/python3.12/site-packages/airflow/example_dags/tutorial_dag.py for tasks to queue
[2024-10-27T02:34:19.001+0000] {logging_mixin.py:190} INFO - [2024-10-27T02:34:19.000+0000] {dagbag.py:588} INFO - Filling up the DagBag from /home/airflow/.local/lib/python3.12/site-packages/airflow/example_dags/tutorial_dag.py
[2024-10-27T02:34:19.007+0000] {processor.py:925} INFO - DAG(s) 'tutorial_dag' retrieved from /home/airflow/.local/lib/python3.12/site-packages/airflow/example_dags/tutorial_dag.py
[2024-10-27T02:34:19.029+0000] {logging_mixin.py:190} INFO - [2024-10-27T02:34:19.029+0000] {dag.py:3239} INFO - Sync 1 DAGs
[2024-10-27T02:34:19.043+0000] {logging_mixin.py:190} INFO - [2024-10-27T02:34:19.043+0000] {dag.py:4180} INFO - Setting next_dagrun for tutorial_dag to None, run_after=None
[2024-10-27T02:34:19.065+0000] {processor.py:208} INFO - Processing /home/airflow/.local/lib/python3.12/site-packages/airflow/example_dags/tutorial_dag.py took 0.077 seconds
[2024-10-27T02:34:51.928+0000] {processor.py:186} INFO - Started process (PID=65395) to work on /home/airflow/.local/lib/python3.12/site-packages/airflow/example_dags/tutorial_dag.py
[2024-10-27T02:34:51.930+0000] {processor.py:914} INFO - Processing file /home/airflow/.local/lib/python3.12/site-packages/airflow/example_dags/tutorial_dag.py for tasks to queue
[2024-10-27T02:34:51.934+0000] {logging_mixin.py:190} INFO - [2024-10-27T02:34:51.934+0000] {dagbag.py:588} INFO - Filling up the DagBag from /home/airflow/.local/lib/python3.12/site-packages/airflow/example_dags/tutorial_dag.py
[2024-10-27T02:34:51.946+0000] {processor.py:925} INFO - DAG(s) 'tutorial_dag' retrieved from /home/airflow/.local/lib/python3.12/site-packages/airflow/example_dags/tutorial_dag.py
[2024-10-27T02:34:51.969+0000] {logging_mixin.py:190} INFO - [2024-10-27T02:34:51.968+0000] {dag.py:3239} INFO - Sync 1 DAGs
[2024-10-27T02:34:51.983+0000] {logging_mixin.py:190} INFO - [2024-10-27T02:34:51.983+0000] {dag.py:4180} INFO - Setting next_dagrun for tutorial_dag to None, run_after=None
[2024-10-27T02:34:52.009+0000] {processor.py:208} INFO - Processing /home/airflow/.local/lib/python3.12/site-packages/airflow/example_dags/tutorial_dag.py took 0.088 seconds
[2024-10-27T02:35:23.979+0000] {processor.py:186} INFO - Started process (PID=65459) to work on /home/airflow/.local/lib/python3.12/site-packages/airflow/example_dags/tutorial_dag.py
[2024-10-27T02:35:23.980+0000] {processor.py:914} INFO - Processing file /home/airflow/.local/lib/python3.12/site-packages/airflow/example_dags/tutorial_dag.py for tasks to queue
[2024-10-27T02:35:23.982+0000] {logging_mixin.py:190} INFO - [2024-10-27T02:35:23.982+0000] {dagbag.py:588} INFO - Filling up the DagBag from /home/airflow/.local/lib/python3.12/site-packages/airflow/example_dags/tutorial_dag.py
[2024-10-27T02:35:23.992+0000] {processor.py:925} INFO - DAG(s) 'tutorial_dag' retrieved from /home/airflow/.local/lib/python3.12/site-packages/airflow/example_dags/tutorial_dag.py
[2024-10-27T02:35:24.013+0000] {logging_mixin.py:190} INFO - [2024-10-27T02:35:24.013+0000] {dag.py:3239} INFO - Sync 1 DAGs
[2024-10-27T02:35:24.028+0000] {logging_mixin.py:190} INFO - [2024-10-27T02:35:24.028+0000] {dag.py:4180} INFO - Setting next_dagrun for tutorial_dag to None, run_after=None
[2024-10-27T02:35:24.051+0000] {processor.py:208} INFO - Processing /home/airflow/.local/lib/python3.12/site-packages/airflow/example_dags/tutorial_dag.py took 0.078 seconds
[2024-10-27T02:35:57.313+0000] {processor.py:186} INFO - Started process (PID=65523) to work on /home/airflow/.local/lib/python3.12/site-packages/airflow/example_dags/tutorial_dag.py
[2024-10-27T02:35:57.314+0000] {processor.py:914} INFO - Processing file /home/airflow/.local/lib/python3.12/site-packages/airflow/example_dags/tutorial_dag.py for tasks to queue
[2024-10-27T02:35:57.316+0000] {logging_mixin.py:190} INFO - [2024-10-27T02:35:57.316+0000] {dagbag.py:588} INFO - Filling up the DagBag from /home/airflow/.local/lib/python3.12/site-packages/airflow/example_dags/tutorial_dag.py
[2024-10-27T02:35:57.325+0000] {processor.py:925} INFO - DAG(s) 'tutorial_dag' retrieved from /home/airflow/.local/lib/python3.12/site-packages/airflow/example_dags/tutorial_dag.py
[2024-10-27T02:35:57.345+0000] {logging_mixin.py:190} INFO - [2024-10-27T02:35:57.345+0000] {dag.py:3239} INFO - Sync 1 DAGs
[2024-10-27T02:35:57.360+0000] {logging_mixin.py:190} INFO - [2024-10-27T02:35:57.360+0000] {dag.py:4180} INFO - Setting next_dagrun for tutorial_dag to None, run_after=None
[2024-10-27T02:35:57.381+0000] {processor.py:208} INFO - Processing /home/airflow/.local/lib/python3.12/site-packages/airflow/example_dags/tutorial_dag.py took 0.074 seconds
[2024-10-27T02:36:29.481+0000] {processor.py:186} INFO - Started process (PID=65587) to work on /home/airflow/.local/lib/python3.12/site-packages/airflow/example_dags/tutorial_dag.py
[2024-10-27T02:36:29.482+0000] {processor.py:914} INFO - Processing file /home/airflow/.local/lib/python3.12/site-packages/airflow/example_dags/tutorial_dag.py for tasks to queue
[2024-10-27T02:36:29.487+0000] {logging_mixin.py:190} INFO - [2024-10-27T02:36:29.487+0000] {dagbag.py:588} INFO - Filling up the DagBag from /home/airflow/.local/lib/python3.12/site-packages/airflow/example_dags/tutorial_dag.py
[2024-10-27T02:36:29.499+0000] {processor.py:925} INFO - DAG(s) 'tutorial_dag' retrieved from /home/airflow/.local/lib/python3.12/site-packages/airflow/example_dags/tutorial_dag.py
[2024-10-27T02:36:29.534+0000] {logging_mixin.py:190} INFO - [2024-10-27T02:36:29.534+0000] {dag.py:3239} INFO - Sync 1 DAGs
[2024-10-27T02:36:29.554+0000] {logging_mixin.py:190} INFO - [2024-10-27T02:36:29.554+0000] {dag.py:4180} INFO - Setting next_dagrun for tutorial_dag to None, run_after=None
[2024-10-27T02:36:29.581+0000] {processor.py:208} INFO - Processing /home/airflow/.local/lib/python3.12/site-packages/airflow/example_dags/tutorial_dag.py took 0.108 seconds
[2024-10-27T02:37:02.965+0000] {processor.py:186} INFO - Started process (PID=65651) to work on /home/airflow/.local/lib/python3.12/site-packages/airflow/example_dags/tutorial_dag.py
[2024-10-27T02:37:02.966+0000] {processor.py:914} INFO - Processing file /home/airflow/.local/lib/python3.12/site-packages/airflow/example_dags/tutorial_dag.py for tasks to queue
[2024-10-27T02:37:02.969+0000] {logging_mixin.py:190} INFO - [2024-10-27T02:37:02.969+0000] {dagbag.py:588} INFO - Filling up the DagBag from /home/airflow/.local/lib/python3.12/site-packages/airflow/example_dags/tutorial_dag.py
[2024-10-27T02:37:02.977+0000] {processor.py:925} INFO - DAG(s) 'tutorial_dag' retrieved from /home/airflow/.local/lib/python3.12/site-packages/airflow/example_dags/tutorial_dag.py
[2024-10-27T02:37:02.998+0000] {logging_mixin.py:190} INFO - [2024-10-27T02:37:02.997+0000] {dag.py:3239} INFO - Sync 1 DAGs
[2024-10-27T02:37:03.014+0000] {logging_mixin.py:190} INFO - [2024-10-27T02:37:03.014+0000] {dag.py:4180} INFO - Setting next_dagrun for tutorial_dag to None, run_after=None
[2024-10-27T02:37:03.035+0000] {processor.py:208} INFO - Processing /home/airflow/.local/lib/python3.12/site-packages/airflow/example_dags/tutorial_dag.py took 0.078 seconds
[2024-10-27T02:37:35.242+0000] {processor.py:186} INFO - Started process (PID=65715) to work on /home/airflow/.local/lib/python3.12/site-packages/airflow/example_dags/tutorial_dag.py
[2024-10-27T02:37:35.243+0000] {processor.py:914} INFO - Processing file /home/airflow/.local/lib/python3.12/site-packages/airflow/example_dags/tutorial_dag.py for tasks to queue
[2024-10-27T02:37:35.246+0000] {logging_mixin.py:190} INFO - [2024-10-27T02:37:35.245+0000] {dagbag.py:588} INFO - Filling up the DagBag from /home/airflow/.local/lib/python3.12/site-packages/airflow/example_dags/tutorial_dag.py
[2024-10-27T02:37:35.256+0000] {processor.py:925} INFO - DAG(s) 'tutorial_dag' retrieved from /home/airflow/.local/lib/python3.12/site-packages/airflow/example_dags/tutorial_dag.py
[2024-10-27T02:37:35.301+0000] {logging_mixin.py:190} INFO - [2024-10-27T02:37:35.300+0000] {dag.py:3239} INFO - Sync 1 DAGs
[2024-10-27T02:37:35.320+0000] {logging_mixin.py:190} INFO - [2024-10-27T02:37:35.319+0000] {dag.py:4180} INFO - Setting next_dagrun for tutorial_dag to None, run_after=None
[2024-10-27T02:37:35.346+0000] {processor.py:208} INFO - Processing /home/airflow/.local/lib/python3.12/site-packages/airflow/example_dags/tutorial_dag.py took 0.113 seconds
[2024-10-27T02:38:07.640+0000] {processor.py:186} INFO - Started process (PID=65779) to work on /home/airflow/.local/lib/python3.12/site-packages/airflow/example_dags/tutorial_dag.py
[2024-10-27T02:38:07.641+0000] {processor.py:914} INFO - Processing file /home/airflow/.local/lib/python3.12/site-packages/airflow/example_dags/tutorial_dag.py for tasks to queue
[2024-10-27T02:38:07.644+0000] {logging_mixin.py:190} INFO - [2024-10-27T02:38:07.643+0000] {dagbag.py:588} INFO - Filling up the DagBag from /home/airflow/.local/lib/python3.12/site-packages/airflow/example_dags/tutorial_dag.py
[2024-10-27T02:38:07.651+0000] {processor.py:925} INFO - DAG(s) 'tutorial_dag' retrieved from /home/airflow/.local/lib/python3.12/site-packages/airflow/example_dags/tutorial_dag.py
[2024-10-27T02:38:07.672+0000] {logging_mixin.py:190} INFO - [2024-10-27T02:38:07.672+0000] {dag.py:3239} INFO - Sync 1 DAGs
[2024-10-27T02:38:07.686+0000] {logging_mixin.py:190} INFO - [2024-10-27T02:38:07.686+0000] {dag.py:4180} INFO - Setting next_dagrun for tutorial_dag to None, run_after=None
[2024-10-27T02:38:07.708+0000] {processor.py:208} INFO - Processing /home/airflow/.local/lib/python3.12/site-packages/airflow/example_dags/tutorial_dag.py took 0.076 seconds
[2024-10-27T02:38:40.596+0000] {processor.py:186} INFO - Started process (PID=65843) to work on /home/airflow/.local/lib/python3.12/site-packages/airflow/example_dags/tutorial_dag.py
[2024-10-27T02:38:40.597+0000] {processor.py:914} INFO - Processing file /home/airflow/.local/lib/python3.12/site-packages/airflow/example_dags/tutorial_dag.py for tasks to queue
[2024-10-27T02:38:40.599+0000] {logging_mixin.py:190} INFO - [2024-10-27T02:38:40.599+0000] {dagbag.py:588} INFO - Filling up the DagBag from /home/airflow/.local/lib/python3.12/site-packages/airflow/example_dags/tutorial_dag.py
[2024-10-27T02:38:40.607+0000] {processor.py:925} INFO - DAG(s) 'tutorial_dag' retrieved from /home/airflow/.local/lib/python3.12/site-packages/airflow/example_dags/tutorial_dag.py
[2024-10-27T02:38:40.626+0000] {logging_mixin.py:190} INFO - [2024-10-27T02:38:40.626+0000] {dag.py:3239} INFO - Sync 1 DAGs
[2024-10-27T02:38:40.640+0000] {logging_mixin.py:190} INFO - [2024-10-27T02:38:40.639+0000] {dag.py:4180} INFO - Setting next_dagrun for tutorial_dag to None, run_after=None
[2024-10-27T02:38:40.658+0000] {processor.py:208} INFO - Processing /home/airflow/.local/lib/python3.12/site-packages/airflow/example_dags/tutorial_dag.py took 0.068 seconds
[2024-10-27T02:39:13.785+0000] {processor.py:186} INFO - Started process (PID=65907) to work on /home/airflow/.local/lib/python3.12/site-packages/airflow/example_dags/tutorial_dag.py
[2024-10-27T02:39:13.786+0000] {processor.py:914} INFO - Processing file /home/airflow/.local/lib/python3.12/site-packages/airflow/example_dags/tutorial_dag.py for tasks to queue
[2024-10-27T02:39:13.790+0000] {logging_mixin.py:190} INFO - [2024-10-27T02:39:13.789+0000] {dagbag.py:588} INFO - Filling up the DagBag from /home/airflow/.local/lib/python3.12/site-packages/airflow/example_dags/tutorial_dag.py
[2024-10-27T02:39:13.798+0000] {processor.py:925} INFO - DAG(s) 'tutorial_dag' retrieved from /home/airflow/.local/lib/python3.12/site-packages/airflow/example_dags/tutorial_dag.py
[2024-10-27T02:39:13.819+0000] {logging_mixin.py:190} INFO - [2024-10-27T02:39:13.819+0000] {dag.py:3239} INFO - Sync 1 DAGs
[2024-10-27T02:39:13.834+0000] {logging_mixin.py:190} INFO - [2024-10-27T02:39:13.834+0000] {dag.py:4180} INFO - Setting next_dagrun for tutorial_dag to None, run_after=None
[2024-10-27T02:39:13.860+0000] {processor.py:208} INFO - Processing /home/airflow/.local/lib/python3.12/site-packages/airflow/example_dags/tutorial_dag.py took 0.083 seconds
[2024-10-27T02:39:46.018+0000] {processor.py:186} INFO - Started process (PID=65971) to work on /home/airflow/.local/lib/python3.12/site-packages/airflow/example_dags/tutorial_dag.py
[2024-10-27T02:39:46.019+0000] {processor.py:914} INFO - Processing file /home/airflow/.local/lib/python3.12/site-packages/airflow/example_dags/tutorial_dag.py for tasks to queue
[2024-10-27T02:39:46.022+0000] {logging_mixin.py:190} INFO - [2024-10-27T02:39:46.022+0000] {dagbag.py:588} INFO - Filling up the DagBag from /home/airflow/.local/lib/python3.12/site-packages/airflow/example_dags/tutorial_dag.py
[2024-10-27T02:39:46.030+0000] {processor.py:925} INFO - DAG(s) 'tutorial_dag' retrieved from /home/airflow/.local/lib/python3.12/site-packages/airflow/example_dags/tutorial_dag.py
[2024-10-27T02:39:46.048+0000] {logging_mixin.py:190} INFO - [2024-10-27T02:39:46.048+0000] {dag.py:3239} INFO - Sync 1 DAGs
[2024-10-27T02:39:46.061+0000] {logging_mixin.py:190} INFO - [2024-10-27T02:39:46.061+0000] {dag.py:4180} INFO - Setting next_dagrun for tutorial_dag to None, run_after=None
[2024-10-27T02:39:46.082+0000] {processor.py:208} INFO - Processing /home/airflow/.local/lib/python3.12/site-packages/airflow/example_dags/tutorial_dag.py took 0.069 seconds
[2024-10-27T02:40:19.578+0000] {processor.py:186} INFO - Started process (PID=66035) to work on /home/airflow/.local/lib/python3.12/site-packages/airflow/example_dags/tutorial_dag.py
[2024-10-27T02:40:19.580+0000] {processor.py:914} INFO - Processing file /home/airflow/.local/lib/python3.12/site-packages/airflow/example_dags/tutorial_dag.py for tasks to queue
[2024-10-27T02:40:19.585+0000] {logging_mixin.py:190} INFO - [2024-10-27T02:40:19.585+0000] {dagbag.py:588} INFO - Filling up the DagBag from /home/airflow/.local/lib/python3.12/site-packages/airflow/example_dags/tutorial_dag.py
[2024-10-27T02:40:19.593+0000] {processor.py:925} INFO - DAG(s) 'tutorial_dag' retrieved from /home/airflow/.local/lib/python3.12/site-packages/airflow/example_dags/tutorial_dag.py
[2024-10-27T02:40:19.619+0000] {logging_mixin.py:190} INFO - [2024-10-27T02:40:19.618+0000] {dag.py:3239} INFO - Sync 1 DAGs
[2024-10-27T02:40:19.638+0000] {logging_mixin.py:190} INFO - [2024-10-27T02:40:19.638+0000] {dag.py:4180} INFO - Setting next_dagrun for tutorial_dag to None, run_after=None
[2024-10-27T02:40:19.663+0000] {processor.py:208} INFO - Processing /home/airflow/.local/lib/python3.12/site-packages/airflow/example_dags/tutorial_dag.py took 0.090 seconds
[2024-10-27T02:40:52.749+0000] {processor.py:186} INFO - Started process (PID=66099) to work on /home/airflow/.local/lib/python3.12/site-packages/airflow/example_dags/tutorial_dag.py
[2024-10-27T02:40:52.750+0000] {processor.py:914} INFO - Processing file /home/airflow/.local/lib/python3.12/site-packages/airflow/example_dags/tutorial_dag.py for tasks to queue
[2024-10-27T02:40:52.753+0000] {logging_mixin.py:190} INFO - [2024-10-27T02:40:52.753+0000] {dagbag.py:588} INFO - Filling up the DagBag from /home/airflow/.local/lib/python3.12/site-packages/airflow/example_dags/tutorial_dag.py
[2024-10-27T02:40:52.762+0000] {processor.py:925} INFO - DAG(s) 'tutorial_dag' retrieved from /home/airflow/.local/lib/python3.12/site-packages/airflow/example_dags/tutorial_dag.py
[2024-10-27T02:40:52.781+0000] {logging_mixin.py:190} INFO - [2024-10-27T02:40:52.780+0000] {dag.py:3239} INFO - Sync 1 DAGs
[2024-10-27T02:40:52.796+0000] {logging_mixin.py:190} INFO - [2024-10-27T02:40:52.796+0000] {dag.py:4180} INFO - Setting next_dagrun for tutorial_dag to None, run_after=None
[2024-10-27T02:40:52.816+0000] {processor.py:208} INFO - Processing /home/airflow/.local/lib/python3.12/site-packages/airflow/example_dags/tutorial_dag.py took 0.075 seconds
[2024-10-27T02:41:25.568+0000] {processor.py:186} INFO - Started process (PID=66163) to work on /home/airflow/.local/lib/python3.12/site-packages/airflow/example_dags/tutorial_dag.py
[2024-10-27T02:41:25.569+0000] {processor.py:914} INFO - Processing file /home/airflow/.local/lib/python3.12/site-packages/airflow/example_dags/tutorial_dag.py for tasks to queue
[2024-10-27T02:41:25.574+0000] {logging_mixin.py:190} INFO - [2024-10-27T02:41:25.573+0000] {dagbag.py:588} INFO - Filling up the DagBag from /home/airflow/.local/lib/python3.12/site-packages/airflow/example_dags/tutorial_dag.py
[2024-10-27T02:41:25.583+0000] {processor.py:925} INFO - DAG(s) 'tutorial_dag' retrieved from /home/airflow/.local/lib/python3.12/site-packages/airflow/example_dags/tutorial_dag.py
[2024-10-27T02:41:25.610+0000] {logging_mixin.py:190} INFO - [2024-10-27T02:41:25.610+0000] {dag.py:3239} INFO - Sync 1 DAGs
[2024-10-27T02:41:25.628+0000] {logging_mixin.py:190} INFO - [2024-10-27T02:41:25.628+0000] {dag.py:4180} INFO - Setting next_dagrun for tutorial_dag to None, run_after=None
[2024-10-27T02:41:25.656+0000] {processor.py:208} INFO - Processing /home/airflow/.local/lib/python3.12/site-packages/airflow/example_dags/tutorial_dag.py took 0.098 seconds
[2024-10-27T02:41:57.686+0000] {processor.py:186} INFO - Started process (PID=66227) to work on /home/airflow/.local/lib/python3.12/site-packages/airflow/example_dags/tutorial_dag.py
[2024-10-27T02:41:57.688+0000] {processor.py:914} INFO - Processing file /home/airflow/.local/lib/python3.12/site-packages/airflow/example_dags/tutorial_dag.py for tasks to queue
[2024-10-27T02:41:57.692+0000] {logging_mixin.py:190} INFO - [2024-10-27T02:41:57.691+0000] {dagbag.py:588} INFO - Filling up the DagBag from /home/airflow/.local/lib/python3.12/site-packages/airflow/example_dags/tutorial_dag.py
[2024-10-27T02:41:57.700+0000] {processor.py:925} INFO - DAG(s) 'tutorial_dag' retrieved from /home/airflow/.local/lib/python3.12/site-packages/airflow/example_dags/tutorial_dag.py
[2024-10-27T02:41:57.719+0000] {logging_mixin.py:190} INFO - [2024-10-27T02:41:57.719+0000] {dag.py:3239} INFO - Sync 1 DAGs
[2024-10-27T02:41:57.733+0000] {logging_mixin.py:190} INFO - [2024-10-27T02:41:57.732+0000] {dag.py:4180} INFO - Setting next_dagrun for tutorial_dag to None, run_after=None
[2024-10-27T02:41:57.757+0000] {processor.py:208} INFO - Processing /home/airflow/.local/lib/python3.12/site-packages/airflow/example_dags/tutorial_dag.py took 0.078 seconds
[2024-10-27T02:42:29.962+0000] {processor.py:186} INFO - Started process (PID=66291) to work on /home/airflow/.local/lib/python3.12/site-packages/airflow/example_dags/tutorial_dag.py
[2024-10-27T02:42:29.963+0000] {processor.py:914} INFO - Processing file /home/airflow/.local/lib/python3.12/site-packages/airflow/example_dags/tutorial_dag.py for tasks to queue
[2024-10-27T02:42:29.965+0000] {logging_mixin.py:190} INFO - [2024-10-27T02:42:29.965+0000] {dagbag.py:588} INFO - Filling up the DagBag from /home/airflow/.local/lib/python3.12/site-packages/airflow/example_dags/tutorial_dag.py
[2024-10-27T02:42:29.971+0000] {processor.py:925} INFO - DAG(s) 'tutorial_dag' retrieved from /home/airflow/.local/lib/python3.12/site-packages/airflow/example_dags/tutorial_dag.py
[2024-10-27T02:42:29.994+0000] {logging_mixin.py:190} INFO - [2024-10-27T02:42:29.994+0000] {dag.py:3239} INFO - Sync 1 DAGs
[2024-10-27T02:42:30.007+0000] {logging_mixin.py:190} INFO - [2024-10-27T02:42:30.007+0000] {dag.py:4180} INFO - Setting next_dagrun for tutorial_dag to None, run_after=None
[2024-10-27T02:42:30.030+0000] {processor.py:208} INFO - Processing /home/airflow/.local/lib/python3.12/site-packages/airflow/example_dags/tutorial_dag.py took 0.074 seconds
[2024-10-27T02:43:02.592+0000] {processor.py:186} INFO - Started process (PID=66355) to work on /home/airflow/.local/lib/python3.12/site-packages/airflow/example_dags/tutorial_dag.py
[2024-10-27T02:43:02.593+0000] {processor.py:914} INFO - Processing file /home/airflow/.local/lib/python3.12/site-packages/airflow/example_dags/tutorial_dag.py for tasks to queue
[2024-10-27T02:43:02.597+0000] {logging_mixin.py:190} INFO - [2024-10-27T02:43:02.596+0000] {dagbag.py:588} INFO - Filling up the DagBag from /home/airflow/.local/lib/python3.12/site-packages/airflow/example_dags/tutorial_dag.py
[2024-10-27T02:43:02.607+0000] {processor.py:925} INFO - DAG(s) 'tutorial_dag' retrieved from /home/airflow/.local/lib/python3.12/site-packages/airflow/example_dags/tutorial_dag.py
[2024-10-27T02:43:02.627+0000] {logging_mixin.py:190} INFO - [2024-10-27T02:43:02.627+0000] {dag.py:3239} INFO - Sync 1 DAGs
[2024-10-27T02:43:02.641+0000] {logging_mixin.py:190} INFO - [2024-10-27T02:43:02.640+0000] {dag.py:4180} INFO - Setting next_dagrun for tutorial_dag to None, run_after=None
[2024-10-27T02:43:02.665+0000] {processor.py:208} INFO - Processing /home/airflow/.local/lib/python3.12/site-packages/airflow/example_dags/tutorial_dag.py took 0.082 seconds
[2024-10-27T02:43:35.544+0000] {processor.py:186} INFO - Started process (PID=66419) to work on /home/airflow/.local/lib/python3.12/site-packages/airflow/example_dags/tutorial_dag.py
[2024-10-27T02:43:35.545+0000] {processor.py:914} INFO - Processing file /home/airflow/.local/lib/python3.12/site-packages/airflow/example_dags/tutorial_dag.py for tasks to queue
[2024-10-27T02:43:35.547+0000] {logging_mixin.py:190} INFO - [2024-10-27T02:43:35.547+0000] {dagbag.py:588} INFO - Filling up the DagBag from /home/airflow/.local/lib/python3.12/site-packages/airflow/example_dags/tutorial_dag.py
[2024-10-27T02:43:35.556+0000] {processor.py:925} INFO - DAG(s) 'tutorial_dag' retrieved from /home/airflow/.local/lib/python3.12/site-packages/airflow/example_dags/tutorial_dag.py
[2024-10-27T02:43:35.577+0000] {logging_mixin.py:190} INFO - [2024-10-27T02:43:35.577+0000] {dag.py:3239} INFO - Sync 1 DAGs
[2024-10-27T02:43:35.590+0000] {logging_mixin.py:190} INFO - [2024-10-27T02:43:35.590+0000] {dag.py:4180} INFO - Setting next_dagrun for tutorial_dag to None, run_after=None
[2024-10-27T02:43:35.610+0000] {processor.py:208} INFO - Processing /home/airflow/.local/lib/python3.12/site-packages/airflow/example_dags/tutorial_dag.py took 0.074 seconds
[2024-10-27T02:44:08.034+0000] {processor.py:186} INFO - Started process (PID=66483) to work on /home/airflow/.local/lib/python3.12/site-packages/airflow/example_dags/tutorial_dag.py
[2024-10-27T02:44:08.035+0000] {processor.py:914} INFO - Processing file /home/airflow/.local/lib/python3.12/site-packages/airflow/example_dags/tutorial_dag.py for tasks to queue
[2024-10-27T02:44:08.038+0000] {logging_mixin.py:190} INFO - [2024-10-27T02:44:08.038+0000] {dagbag.py:588} INFO - Filling up the DagBag from /home/airflow/.local/lib/python3.12/site-packages/airflow/example_dags/tutorial_dag.py
[2024-10-27T02:44:08.044+0000] {processor.py:925} INFO - DAG(s) 'tutorial_dag' retrieved from /home/airflow/.local/lib/python3.12/site-packages/airflow/example_dags/tutorial_dag.py
[2024-10-27T02:44:08.063+0000] {logging_mixin.py:190} INFO - [2024-10-27T02:44:08.063+0000] {dag.py:3239} INFO - Sync 1 DAGs
[2024-10-27T02:44:08.077+0000] {logging_mixin.py:190} INFO - [2024-10-27T02:44:08.077+0000] {dag.py:4180} INFO - Setting next_dagrun for tutorial_dag to None, run_after=None
[2024-10-27T02:44:08.098+0000] {processor.py:208} INFO - Processing /home/airflow/.local/lib/python3.12/site-packages/airflow/example_dags/tutorial_dag.py took 0.068 seconds
[2024-10-27T02:44:40.911+0000] {processor.py:186} INFO - Started process (PID=66547) to work on /home/airflow/.local/lib/python3.12/site-packages/airflow/example_dags/tutorial_dag.py
[2024-10-27T02:44:40.912+0000] {processor.py:914} INFO - Processing file /home/airflow/.local/lib/python3.12/site-packages/airflow/example_dags/tutorial_dag.py for tasks to queue
[2024-10-27T02:44:40.915+0000] {logging_mixin.py:190} INFO - [2024-10-27T02:44:40.915+0000] {dagbag.py:588} INFO - Filling up the DagBag from /home/airflow/.local/lib/python3.12/site-packages/airflow/example_dags/tutorial_dag.py
[2024-10-27T02:44:40.923+0000] {processor.py:925} INFO - DAG(s) 'tutorial_dag' retrieved from /home/airflow/.local/lib/python3.12/site-packages/airflow/example_dags/tutorial_dag.py
[2024-10-27T02:44:40.942+0000] {logging_mixin.py:190} INFO - [2024-10-27T02:44:40.942+0000] {dag.py:3239} INFO - Sync 1 DAGs
[2024-10-27T02:44:40.957+0000] {logging_mixin.py:190} INFO - [2024-10-27T02:44:40.957+0000] {dag.py:4180} INFO - Setting next_dagrun for tutorial_dag to None, run_after=None
[2024-10-27T02:44:40.979+0000] {processor.py:208} INFO - Processing /home/airflow/.local/lib/python3.12/site-packages/airflow/example_dags/tutorial_dag.py took 0.075 seconds
[2024-10-27T02:45:13.917+0000] {processor.py:186} INFO - Started process (PID=66611) to work on /home/airflow/.local/lib/python3.12/site-packages/airflow/example_dags/tutorial_dag.py
[2024-10-27T02:45:13.919+0000] {processor.py:914} INFO - Processing file /home/airflow/.local/lib/python3.12/site-packages/airflow/example_dags/tutorial_dag.py for tasks to queue
[2024-10-27T02:45:13.924+0000] {logging_mixin.py:190} INFO - [2024-10-27T02:45:13.923+0000] {dagbag.py:588} INFO - Filling up the DagBag from /home/airflow/.local/lib/python3.12/site-packages/airflow/example_dags/tutorial_dag.py
[2024-10-27T02:45:13.932+0000] {processor.py:925} INFO - DAG(s) 'tutorial_dag' retrieved from /home/airflow/.local/lib/python3.12/site-packages/airflow/example_dags/tutorial_dag.py
[2024-10-27T02:45:13.950+0000] {logging_mixin.py:190} INFO - [2024-10-27T02:45:13.950+0000] {dag.py:3239} INFO - Sync 1 DAGs
[2024-10-27T02:45:13.963+0000] {logging_mixin.py:190} INFO - [2024-10-27T02:45:13.963+0000] {dag.py:4180} INFO - Setting next_dagrun for tutorial_dag to None, run_after=None
[2024-10-27T02:45:13.982+0000] {processor.py:208} INFO - Processing /home/airflow/.local/lib/python3.12/site-packages/airflow/example_dags/tutorial_dag.py took 0.076 seconds
[2024-10-27T02:45:48.948+0000] {processor.py:186} INFO - Started process (PID=66675) to work on /home/airflow/.local/lib/python3.12/site-packages/airflow/example_dags/tutorial_dag.py
[2024-10-27T02:45:48.950+0000] {processor.py:914} INFO - Processing file /home/airflow/.local/lib/python3.12/site-packages/airflow/example_dags/tutorial_dag.py for tasks to queue
[2024-10-27T02:45:48.954+0000] {logging_mixin.py:190} INFO - [2024-10-27T02:45:48.953+0000] {dagbag.py:588} INFO - Filling up the DagBag from /home/airflow/.local/lib/python3.12/site-packages/airflow/example_dags/tutorial_dag.py
[2024-10-27T02:45:48.960+0000] {processor.py:925} INFO - DAG(s) 'tutorial_dag' retrieved from /home/airflow/.local/lib/python3.12/site-packages/airflow/example_dags/tutorial_dag.py
[2024-10-27T02:45:48.984+0000] {logging_mixin.py:190} INFO - [2024-10-27T02:45:48.983+0000] {dag.py:3239} INFO - Sync 1 DAGs
[2024-10-27T02:45:48.999+0000] {logging_mixin.py:190} INFO - [2024-10-27T02:45:48.999+0000] {dag.py:4180} INFO - Setting next_dagrun for tutorial_dag to None, run_after=None
[2024-10-27T02:45:49.019+0000] {processor.py:208} INFO - Processing /home/airflow/.local/lib/python3.12/site-packages/airflow/example_dags/tutorial_dag.py took 0.076 seconds
[2024-10-27T02:46:20.078+0000] {processor.py:186} INFO - Started process (PID=66739) to work on /home/airflow/.local/lib/python3.12/site-packages/airflow/example_dags/tutorial_dag.py
[2024-10-27T02:46:20.078+0000] {processor.py:914} INFO - Processing file /home/airflow/.local/lib/python3.12/site-packages/airflow/example_dags/tutorial_dag.py for tasks to queue
[2024-10-27T02:46:20.082+0000] {logging_mixin.py:190} INFO - [2024-10-27T02:46:20.082+0000] {dagbag.py:588} INFO - Filling up the DagBag from /home/airflow/.local/lib/python3.12/site-packages/airflow/example_dags/tutorial_dag.py
[2024-10-27T02:46:20.092+0000] {processor.py:925} INFO - DAG(s) 'tutorial_dag' retrieved from /home/airflow/.local/lib/python3.12/site-packages/airflow/example_dags/tutorial_dag.py
[2024-10-27T02:46:20.110+0000] {logging_mixin.py:190} INFO - [2024-10-27T02:46:20.110+0000] {dag.py:3239} INFO - Sync 1 DAGs
[2024-10-27T02:46:20.125+0000] {logging_mixin.py:190} INFO - [2024-10-27T02:46:20.125+0000] {dag.py:4180} INFO - Setting next_dagrun for tutorial_dag to None, run_after=None
[2024-10-27T02:46:20.150+0000] {processor.py:208} INFO - Processing /home/airflow/.local/lib/python3.12/site-packages/airflow/example_dags/tutorial_dag.py took 0.080 seconds
[2024-10-27T02:46:51.640+0000] {processor.py:186} INFO - Started process (PID=66803) to work on /home/airflow/.local/lib/python3.12/site-packages/airflow/example_dags/tutorial_dag.py
[2024-10-27T02:46:51.642+0000] {processor.py:914} INFO - Processing file /home/airflow/.local/lib/python3.12/site-packages/airflow/example_dags/tutorial_dag.py for tasks to queue
[2024-10-27T02:46:51.645+0000] {logging_mixin.py:190} INFO - [2024-10-27T02:46:51.645+0000] {dagbag.py:588} INFO - Filling up the DagBag from /home/airflow/.local/lib/python3.12/site-packages/airflow/example_dags/tutorial_dag.py
[2024-10-27T02:46:51.654+0000] {processor.py:925} INFO - DAG(s) 'tutorial_dag' retrieved from /home/airflow/.local/lib/python3.12/site-packages/airflow/example_dags/tutorial_dag.py
[2024-10-27T02:46:51.677+0000] {logging_mixin.py:190} INFO - [2024-10-27T02:46:51.676+0000] {dag.py:3239} INFO - Sync 1 DAGs
[2024-10-27T02:46:51.692+0000] {logging_mixin.py:190} INFO - [2024-10-27T02:46:51.692+0000] {dag.py:4180} INFO - Setting next_dagrun for tutorial_dag to None, run_after=None
[2024-10-27T02:46:51.714+0000] {processor.py:208} INFO - Processing /home/airflow/.local/lib/python3.12/site-packages/airflow/example_dags/tutorial_dag.py took 0.080 seconds
[2024-10-27T02:47:25.455+0000] {processor.py:186} INFO - Started process (PID=66868) to work on /home/airflow/.local/lib/python3.12/site-packages/airflow/example_dags/tutorial_dag.py
[2024-10-27T02:47:25.456+0000] {processor.py:914} INFO - Processing file /home/airflow/.local/lib/python3.12/site-packages/airflow/example_dags/tutorial_dag.py for tasks to queue
[2024-10-27T02:47:25.459+0000] {logging_mixin.py:190} INFO - [2024-10-27T02:47:25.458+0000] {dagbag.py:588} INFO - Filling up the DagBag from /home/airflow/.local/lib/python3.12/site-packages/airflow/example_dags/tutorial_dag.py
[2024-10-27T02:47:25.470+0000] {processor.py:925} INFO - DAG(s) 'tutorial_dag' retrieved from /home/airflow/.local/lib/python3.12/site-packages/airflow/example_dags/tutorial_dag.py
[2024-10-27T02:47:25.491+0000] {logging_mixin.py:190} INFO - [2024-10-27T02:47:25.491+0000] {dag.py:3239} INFO - Sync 1 DAGs
[2024-10-27T02:47:25.514+0000] {logging_mixin.py:190} INFO - [2024-10-27T02:47:25.514+0000] {dag.py:4180} INFO - Setting next_dagrun for tutorial_dag to None, run_after=None
[2024-10-27T02:47:25.536+0000] {processor.py:208} INFO - Processing /home/airflow/.local/lib/python3.12/site-packages/airflow/example_dags/tutorial_dag.py took 0.090 seconds
[2024-10-27T02:47:57.225+0000] {processor.py:186} INFO - Started process (PID=66932) to work on /home/airflow/.local/lib/python3.12/site-packages/airflow/example_dags/tutorial_dag.py
[2024-10-27T02:47:57.226+0000] {processor.py:914} INFO - Processing file /home/airflow/.local/lib/python3.12/site-packages/airflow/example_dags/tutorial_dag.py for tasks to queue
[2024-10-27T02:47:57.228+0000] {logging_mixin.py:190} INFO - [2024-10-27T02:47:57.228+0000] {dagbag.py:588} INFO - Filling up the DagBag from /home/airflow/.local/lib/python3.12/site-packages/airflow/example_dags/tutorial_dag.py
[2024-10-27T02:47:57.239+0000] {processor.py:925} INFO - DAG(s) 'tutorial_dag' retrieved from /home/airflow/.local/lib/python3.12/site-packages/airflow/example_dags/tutorial_dag.py
[2024-10-27T02:47:57.259+0000] {logging_mixin.py:190} INFO - [2024-10-27T02:47:57.259+0000] {dag.py:3239} INFO - Sync 1 DAGs
[2024-10-27T02:47:57.274+0000] {logging_mixin.py:190} INFO - [2024-10-27T02:47:57.274+0000] {dag.py:4180} INFO - Setting next_dagrun for tutorial_dag to None, run_after=None
[2024-10-27T02:47:57.296+0000] {processor.py:208} INFO - Processing /home/airflow/.local/lib/python3.12/site-packages/airflow/example_dags/tutorial_dag.py took 0.078 seconds
[2024-10-27T02:48:29.588+0000] {processor.py:186} INFO - Started process (PID=66996) to work on /home/airflow/.local/lib/python3.12/site-packages/airflow/example_dags/tutorial_dag.py
[2024-10-27T02:48:29.590+0000] {processor.py:914} INFO - Processing file /home/airflow/.local/lib/python3.12/site-packages/airflow/example_dags/tutorial_dag.py for tasks to queue
[2024-10-27T02:48:29.594+0000] {logging_mixin.py:190} INFO - [2024-10-27T02:48:29.593+0000] {dagbag.py:588} INFO - Filling up the DagBag from /home/airflow/.local/lib/python3.12/site-packages/airflow/example_dags/tutorial_dag.py
[2024-10-27T02:48:29.612+0000] {processor.py:925} INFO - DAG(s) 'tutorial_dag' retrieved from /home/airflow/.local/lib/python3.12/site-packages/airflow/example_dags/tutorial_dag.py
[2024-10-27T02:48:29.639+0000] {logging_mixin.py:190} INFO - [2024-10-27T02:48:29.638+0000] {dag.py:3239} INFO - Sync 1 DAGs
[2024-10-27T02:48:29.660+0000] {logging_mixin.py:190} INFO - [2024-10-27T02:48:29.660+0000] {dag.py:4180} INFO - Setting next_dagrun for tutorial_dag to None, run_after=None
[2024-10-27T02:48:29.693+0000] {processor.py:208} INFO - Processing /home/airflow/.local/lib/python3.12/site-packages/airflow/example_dags/tutorial_dag.py took 0.114 seconds
[2024-10-27T02:49:03.094+0000] {processor.py:186} INFO - Started process (PID=67060) to work on /home/airflow/.local/lib/python3.12/site-packages/airflow/example_dags/tutorial_dag.py
[2024-10-27T02:49:03.095+0000] {processor.py:914} INFO - Processing file /home/airflow/.local/lib/python3.12/site-packages/airflow/example_dags/tutorial_dag.py for tasks to queue
[2024-10-27T02:49:03.097+0000] {logging_mixin.py:190} INFO - [2024-10-27T02:49:03.097+0000] {dagbag.py:588} INFO - Filling up the DagBag from /home/airflow/.local/lib/python3.12/site-packages/airflow/example_dags/tutorial_dag.py
[2024-10-27T02:49:03.106+0000] {processor.py:925} INFO - DAG(s) 'tutorial_dag' retrieved from /home/airflow/.local/lib/python3.12/site-packages/airflow/example_dags/tutorial_dag.py
[2024-10-27T02:49:03.126+0000] {logging_mixin.py:190} INFO - [2024-10-27T02:49:03.125+0000] {dag.py:3239} INFO - Sync 1 DAGs
[2024-10-27T02:49:03.140+0000] {logging_mixin.py:190} INFO - [2024-10-27T02:49:03.139+0000] {dag.py:4180} INFO - Setting next_dagrun for tutorial_dag to None, run_after=None
[2024-10-27T02:49:03.168+0000] {processor.py:208} INFO - Processing /home/airflow/.local/lib/python3.12/site-packages/airflow/example_dags/tutorial_dag.py took 0.078 seconds
[2024-10-27T02:49:35.371+0000] {processor.py:186} INFO - Started process (PID=67124) to work on /home/airflow/.local/lib/python3.12/site-packages/airflow/example_dags/tutorial_dag.py
[2024-10-27T02:49:35.373+0000] {processor.py:914} INFO - Processing file /home/airflow/.local/lib/python3.12/site-packages/airflow/example_dags/tutorial_dag.py for tasks to queue
[2024-10-27T02:49:35.376+0000] {logging_mixin.py:190} INFO - [2024-10-27T02:49:35.376+0000] {dagbag.py:588} INFO - Filling up the DagBag from /home/airflow/.local/lib/python3.12/site-packages/airflow/example_dags/tutorial_dag.py
[2024-10-27T02:49:35.383+0000] {processor.py:925} INFO - DAG(s) 'tutorial_dag' retrieved from /home/airflow/.local/lib/python3.12/site-packages/airflow/example_dags/tutorial_dag.py
[2024-10-27T02:49:35.405+0000] {logging_mixin.py:190} INFO - [2024-10-27T02:49:35.405+0000] {dag.py:3239} INFO - Sync 1 DAGs
[2024-10-27T02:49:35.420+0000] {logging_mixin.py:190} INFO - [2024-10-27T02:49:35.420+0000] {dag.py:4180} INFO - Setting next_dagrun for tutorial_dag to None, run_after=None
[2024-10-27T02:49:35.443+0000] {processor.py:208} INFO - Processing /home/airflow/.local/lib/python3.12/site-packages/airflow/example_dags/tutorial_dag.py took 0.078 seconds
[2024-10-27T02:50:07.935+0000] {processor.py:186} INFO - Started process (PID=67188) to work on /home/airflow/.local/lib/python3.12/site-packages/airflow/example_dags/tutorial_dag.py
[2024-10-27T02:50:07.936+0000] {processor.py:914} INFO - Processing file /home/airflow/.local/lib/python3.12/site-packages/airflow/example_dags/tutorial_dag.py for tasks to queue
[2024-10-27T02:50:07.939+0000] {logging_mixin.py:190} INFO - [2024-10-27T02:50:07.938+0000] {dagbag.py:588} INFO - Filling up the DagBag from /home/airflow/.local/lib/python3.12/site-packages/airflow/example_dags/tutorial_dag.py
[2024-10-27T02:50:07.949+0000] {processor.py:925} INFO - DAG(s) 'tutorial_dag' retrieved from /home/airflow/.local/lib/python3.12/site-packages/airflow/example_dags/tutorial_dag.py
[2024-10-27T02:50:07.968+0000] {logging_mixin.py:190} INFO - [2024-10-27T02:50:07.968+0000] {dag.py:3239} INFO - Sync 1 DAGs
[2024-10-27T02:50:07.984+0000] {logging_mixin.py:190} INFO - [2024-10-27T02:50:07.983+0000] {dag.py:4180} INFO - Setting next_dagrun for tutorial_dag to None, run_after=None
[2024-10-27T02:50:08.013+0000] {processor.py:208} INFO - Processing /home/airflow/.local/lib/python3.12/site-packages/airflow/example_dags/tutorial_dag.py took 0.084 seconds
[2024-10-27T02:50:41.403+0000] {processor.py:186} INFO - Started process (PID=67252) to work on /home/airflow/.local/lib/python3.12/site-packages/airflow/example_dags/tutorial_dag.py
[2024-10-27T02:50:41.405+0000] {processor.py:914} INFO - Processing file /home/airflow/.local/lib/python3.12/site-packages/airflow/example_dags/tutorial_dag.py for tasks to queue
[2024-10-27T02:50:41.409+0000] {logging_mixin.py:190} INFO - [2024-10-27T02:50:41.409+0000] {dagbag.py:588} INFO - Filling up the DagBag from /home/airflow/.local/lib/python3.12/site-packages/airflow/example_dags/tutorial_dag.py
[2024-10-27T02:50:41.417+0000] {processor.py:925} INFO - DAG(s) 'tutorial_dag' retrieved from /home/airflow/.local/lib/python3.12/site-packages/airflow/example_dags/tutorial_dag.py
[2024-10-27T02:50:41.443+0000] {logging_mixin.py:190} INFO - [2024-10-27T02:50:41.443+0000] {dag.py:3239} INFO - Sync 1 DAGs
[2024-10-27T02:50:41.459+0000] {logging_mixin.py:190} INFO - [2024-10-27T02:50:41.459+0000] {dag.py:4180} INFO - Setting next_dagrun for tutorial_dag to None, run_after=None
[2024-10-27T02:50:41.481+0000] {processor.py:208} INFO - Processing /home/airflow/.local/lib/python3.12/site-packages/airflow/example_dags/tutorial_dag.py took 0.083 seconds
[2024-10-27T02:51:13.812+0000] {processor.py:186} INFO - Started process (PID=67316) to work on /home/airflow/.local/lib/python3.12/site-packages/airflow/example_dags/tutorial_dag.py
[2024-10-27T02:51:13.813+0000] {processor.py:914} INFO - Processing file /home/airflow/.local/lib/python3.12/site-packages/airflow/example_dags/tutorial_dag.py for tasks to queue
[2024-10-27T02:51:13.816+0000] {logging_mixin.py:190} INFO - [2024-10-27T02:51:13.815+0000] {dagbag.py:588} INFO - Filling up the DagBag from /home/airflow/.local/lib/python3.12/site-packages/airflow/example_dags/tutorial_dag.py
[2024-10-27T02:51:13.824+0000] {processor.py:925} INFO - DAG(s) 'tutorial_dag' retrieved from /home/airflow/.local/lib/python3.12/site-packages/airflow/example_dags/tutorial_dag.py
[2024-10-27T02:51:13.844+0000] {logging_mixin.py:190} INFO - [2024-10-27T02:51:13.843+0000] {dag.py:3239} INFO - Sync 1 DAGs
[2024-10-27T02:51:13.859+0000] {logging_mixin.py:190} INFO - [2024-10-27T02:51:13.859+0000] {dag.py:4180} INFO - Setting next_dagrun for tutorial_dag to None, run_after=None
[2024-10-27T02:51:13.885+0000] {processor.py:208} INFO - Processing /home/airflow/.local/lib/python3.12/site-packages/airflow/example_dags/tutorial_dag.py took 0.078 seconds
[2024-10-27T02:51:46.534+0000] {processor.py:186} INFO - Started process (PID=67380) to work on /home/airflow/.local/lib/python3.12/site-packages/airflow/example_dags/tutorial_dag.py
[2024-10-27T02:51:46.535+0000] {processor.py:914} INFO - Processing file /home/airflow/.local/lib/python3.12/site-packages/airflow/example_dags/tutorial_dag.py for tasks to queue
[2024-10-27T02:51:46.539+0000] {logging_mixin.py:190} INFO - [2024-10-27T02:51:46.539+0000] {dagbag.py:588} INFO - Filling up the DagBag from /home/airflow/.local/lib/python3.12/site-packages/airflow/example_dags/tutorial_dag.py
[2024-10-27T02:51:46.549+0000] {processor.py:925} INFO - DAG(s) 'tutorial_dag' retrieved from /home/airflow/.local/lib/python3.12/site-packages/airflow/example_dags/tutorial_dag.py
[2024-10-27T02:51:46.570+0000] {logging_mixin.py:190} INFO - [2024-10-27T02:51:46.570+0000] {dag.py:3239} INFO - Sync 1 DAGs
[2024-10-27T02:51:46.585+0000] {logging_mixin.py:190} INFO - [2024-10-27T02:51:46.585+0000] {dag.py:4180} INFO - Setting next_dagrun for tutorial_dag to None, run_after=None
[2024-10-27T02:51:46.607+0000] {processor.py:208} INFO - Processing /home/airflow/.local/lib/python3.12/site-packages/airflow/example_dags/tutorial_dag.py took 0.079 seconds
[2024-10-27T02:52:18.840+0000] {processor.py:186} INFO - Started process (PID=67444) to work on /home/airflow/.local/lib/python3.12/site-packages/airflow/example_dags/tutorial_dag.py
[2024-10-27T02:52:18.841+0000] {processor.py:914} INFO - Processing file /home/airflow/.local/lib/python3.12/site-packages/airflow/example_dags/tutorial_dag.py for tasks to queue
[2024-10-27T02:52:18.844+0000] {logging_mixin.py:190} INFO - [2024-10-27T02:52:18.843+0000] {dagbag.py:588} INFO - Filling up the DagBag from /home/airflow/.local/lib/python3.12/site-packages/airflow/example_dags/tutorial_dag.py
[2024-10-27T02:52:18.853+0000] {processor.py:925} INFO - DAG(s) 'tutorial_dag' retrieved from /home/airflow/.local/lib/python3.12/site-packages/airflow/example_dags/tutorial_dag.py
[2024-10-27T02:52:18.872+0000] {logging_mixin.py:190} INFO - [2024-10-27T02:52:18.872+0000] {dag.py:3239} INFO - Sync 1 DAGs
[2024-10-27T02:52:18.887+0000] {logging_mixin.py:190} INFO - [2024-10-27T02:52:18.887+0000] {dag.py:4180} INFO - Setting next_dagrun for tutorial_dag to None, run_after=None
[2024-10-27T02:52:18.912+0000] {processor.py:208} INFO - Processing /home/airflow/.local/lib/python3.12/site-packages/airflow/example_dags/tutorial_dag.py took 0.078 seconds
[2024-10-27T02:52:52.167+0000] {processor.py:186} INFO - Started process (PID=67508) to work on /home/airflow/.local/lib/python3.12/site-packages/airflow/example_dags/tutorial_dag.py
[2024-10-27T02:52:52.168+0000] {processor.py:914} INFO - Processing file /home/airflow/.local/lib/python3.12/site-packages/airflow/example_dags/tutorial_dag.py for tasks to queue
[2024-10-27T02:52:52.171+0000] {logging_mixin.py:190} INFO - [2024-10-27T02:52:52.171+0000] {dagbag.py:588} INFO - Filling up the DagBag from /home/airflow/.local/lib/python3.12/site-packages/airflow/example_dags/tutorial_dag.py
[2024-10-27T02:52:52.182+0000] {processor.py:925} INFO - DAG(s) 'tutorial_dag' retrieved from /home/airflow/.local/lib/python3.12/site-packages/airflow/example_dags/tutorial_dag.py
[2024-10-27T02:52:52.205+0000] {logging_mixin.py:190} INFO - [2024-10-27T02:52:52.205+0000] {dag.py:3239} INFO - Sync 1 DAGs
[2024-10-27T02:52:52.220+0000] {logging_mixin.py:190} INFO - [2024-10-27T02:52:52.220+0000] {dag.py:4180} INFO - Setting next_dagrun for tutorial_dag to None, run_after=None
[2024-10-27T02:52:52.250+0000] {processor.py:208} INFO - Processing /home/airflow/.local/lib/python3.12/site-packages/airflow/example_dags/tutorial_dag.py took 0.091 seconds
[2024-10-27T02:53:25.103+0000] {processor.py:186} INFO - Started process (PID=67572) to work on /home/airflow/.local/lib/python3.12/site-packages/airflow/example_dags/tutorial_dag.py
[2024-10-27T02:53:25.104+0000] {processor.py:914} INFO - Processing file /home/airflow/.local/lib/python3.12/site-packages/airflow/example_dags/tutorial_dag.py for tasks to queue
[2024-10-27T02:53:25.106+0000] {logging_mixin.py:190} INFO - [2024-10-27T02:53:25.105+0000] {dagbag.py:588} INFO - Filling up the DagBag from /home/airflow/.local/lib/python3.12/site-packages/airflow/example_dags/tutorial_dag.py
[2024-10-27T02:53:25.114+0000] {processor.py:925} INFO - DAG(s) 'tutorial_dag' retrieved from /home/airflow/.local/lib/python3.12/site-packages/airflow/example_dags/tutorial_dag.py
[2024-10-27T02:53:25.133+0000] {logging_mixin.py:190} INFO - [2024-10-27T02:53:25.133+0000] {dag.py:3239} INFO - Sync 1 DAGs
[2024-10-27T02:53:25.147+0000] {logging_mixin.py:190} INFO - [2024-10-27T02:53:25.146+0000] {dag.py:4180} INFO - Setting next_dagrun for tutorial_dag to None, run_after=None
[2024-10-27T02:53:25.167+0000] {processor.py:208} INFO - Processing /home/airflow/.local/lib/python3.12/site-packages/airflow/example_dags/tutorial_dag.py took 0.070 seconds
[2024-10-27T02:53:57.741+0000] {processor.py:186} INFO - Started process (PID=67636) to work on /home/airflow/.local/lib/python3.12/site-packages/airflow/example_dags/tutorial_dag.py
[2024-10-27T02:53:57.742+0000] {processor.py:914} INFO - Processing file /home/airflow/.local/lib/python3.12/site-packages/airflow/example_dags/tutorial_dag.py for tasks to queue
[2024-10-27T02:53:57.746+0000] {logging_mixin.py:190} INFO - [2024-10-27T02:53:57.746+0000] {dagbag.py:588} INFO - Filling up the DagBag from /home/airflow/.local/lib/python3.12/site-packages/airflow/example_dags/tutorial_dag.py
[2024-10-27T02:53:57.754+0000] {processor.py:925} INFO - DAG(s) 'tutorial_dag' retrieved from /home/airflow/.local/lib/python3.12/site-packages/airflow/example_dags/tutorial_dag.py
[2024-10-27T02:53:57.780+0000] {logging_mixin.py:190} INFO - [2024-10-27T02:53:57.780+0000] {dag.py:3239} INFO - Sync 1 DAGs
[2024-10-27T02:53:57.799+0000] {logging_mixin.py:190} INFO - [2024-10-27T02:53:57.799+0000] {dag.py:4180} INFO - Setting next_dagrun for tutorial_dag to None, run_after=None
[2024-10-27T02:53:57.828+0000] {processor.py:208} INFO - Processing /home/airflow/.local/lib/python3.12/site-packages/airflow/example_dags/tutorial_dag.py took 0.093 seconds
[2024-10-27T02:54:30.373+0000] {processor.py:186} INFO - Started process (PID=67699) to work on /home/airflow/.local/lib/python3.12/site-packages/airflow/example_dags/tutorial_dag.py
[2024-10-27T02:54:30.374+0000] {processor.py:914} INFO - Processing file /home/airflow/.local/lib/python3.12/site-packages/airflow/example_dags/tutorial_dag.py for tasks to queue
[2024-10-27T02:54:30.376+0000] {logging_mixin.py:190} INFO - [2024-10-27T02:54:30.376+0000] {dagbag.py:588} INFO - Filling up the DagBag from /home/airflow/.local/lib/python3.12/site-packages/airflow/example_dags/tutorial_dag.py
[2024-10-27T02:54:30.385+0000] {processor.py:925} INFO - DAG(s) 'tutorial_dag' retrieved from /home/airflow/.local/lib/python3.12/site-packages/airflow/example_dags/tutorial_dag.py
[2024-10-27T02:54:30.404+0000] {logging_mixin.py:190} INFO - [2024-10-27T02:54:30.404+0000] {dag.py:3239} INFO - Sync 1 DAGs
[2024-10-27T02:54:30.418+0000] {logging_mixin.py:190} INFO - [2024-10-27T02:54:30.417+0000] {dag.py:4180} INFO - Setting next_dagrun for tutorial_dag to None, run_after=None
[2024-10-27T02:54:30.435+0000] {processor.py:208} INFO - Processing /home/airflow/.local/lib/python3.12/site-packages/airflow/example_dags/tutorial_dag.py took 0.070 seconds
[2024-10-27T02:55:03.206+0000] {processor.py:186} INFO - Started process (PID=67763) to work on /home/airflow/.local/lib/python3.12/site-packages/airflow/example_dags/tutorial_dag.py
[2024-10-27T02:55:03.207+0000] {processor.py:914} INFO - Processing file /home/airflow/.local/lib/python3.12/site-packages/airflow/example_dags/tutorial_dag.py for tasks to queue
[2024-10-27T02:55:03.209+0000] {logging_mixin.py:190} INFO - [2024-10-27T02:55:03.209+0000] {dagbag.py:588} INFO - Filling up the DagBag from /home/airflow/.local/lib/python3.12/site-packages/airflow/example_dags/tutorial_dag.py
[2024-10-27T02:55:03.219+0000] {processor.py:925} INFO - DAG(s) 'tutorial_dag' retrieved from /home/airflow/.local/lib/python3.12/site-packages/airflow/example_dags/tutorial_dag.py
[2024-10-27T02:55:03.239+0000] {logging_mixin.py:190} INFO - [2024-10-27T02:55:03.238+0000] {dag.py:3239} INFO - Sync 1 DAGs
[2024-10-27T02:55:03.255+0000] {logging_mixin.py:190} INFO - [2024-10-27T02:55:03.255+0000] {dag.py:4180} INFO - Setting next_dagrun for tutorial_dag to None, run_after=None
[2024-10-27T02:55:03.288+0000] {processor.py:208} INFO - Processing /home/airflow/.local/lib/python3.12/site-packages/airflow/example_dags/tutorial_dag.py took 0.088 seconds
[2024-10-27T02:55:35.078+0000] {processor.py:186} INFO - Started process (PID=67827) to work on /home/airflow/.local/lib/python3.12/site-packages/airflow/example_dags/tutorial_dag.py
[2024-10-27T02:55:35.080+0000] {processor.py:914} INFO - Processing file /home/airflow/.local/lib/python3.12/site-packages/airflow/example_dags/tutorial_dag.py for tasks to queue
[2024-10-27T02:55:35.084+0000] {logging_mixin.py:190} INFO - [2024-10-27T02:55:35.084+0000] {dagbag.py:588} INFO - Filling up the DagBag from /home/airflow/.local/lib/python3.12/site-packages/airflow/example_dags/tutorial_dag.py
[2024-10-27T02:55:35.093+0000] {processor.py:925} INFO - DAG(s) 'tutorial_dag' retrieved from /home/airflow/.local/lib/python3.12/site-packages/airflow/example_dags/tutorial_dag.py
[2024-10-27T02:55:35.116+0000] {logging_mixin.py:190} INFO - [2024-10-27T02:55:35.115+0000] {dag.py:3239} INFO - Sync 1 DAGs
[2024-10-27T02:55:35.130+0000] {logging_mixin.py:190} INFO - [2024-10-27T02:55:35.130+0000] {dag.py:4180} INFO - Setting next_dagrun for tutorial_dag to None, run_after=None
[2024-10-27T02:55:35.149+0000] {processor.py:208} INFO - Processing /home/airflow/.local/lib/python3.12/site-packages/airflow/example_dags/tutorial_dag.py took 0.076 seconds
[2024-10-27T02:56:08.065+0000] {processor.py:186} INFO - Started process (PID=67891) to work on /home/airflow/.local/lib/python3.12/site-packages/airflow/example_dags/tutorial_dag.py
[2024-10-27T02:56:08.067+0000] {processor.py:914} INFO - Processing file /home/airflow/.local/lib/python3.12/site-packages/airflow/example_dags/tutorial_dag.py for tasks to queue
[2024-10-27T02:56:08.070+0000] {logging_mixin.py:190} INFO - [2024-10-27T02:56:08.069+0000] {dagbag.py:588} INFO - Filling up the DagBag from /home/airflow/.local/lib/python3.12/site-packages/airflow/example_dags/tutorial_dag.py
[2024-10-27T02:56:08.079+0000] {processor.py:925} INFO - DAG(s) 'tutorial_dag' retrieved from /home/airflow/.local/lib/python3.12/site-packages/airflow/example_dags/tutorial_dag.py
[2024-10-27T02:56:08.102+0000] {logging_mixin.py:190} INFO - [2024-10-27T02:56:08.101+0000] {dag.py:3239} INFO - Sync 1 DAGs
[2024-10-27T02:56:08.119+0000] {logging_mixin.py:190} INFO - [2024-10-27T02:56:08.119+0000] {dag.py:4180} INFO - Setting next_dagrun for tutorial_dag to None, run_after=None
[2024-10-27T02:56:08.141+0000] {processor.py:208} INFO - Processing /home/airflow/.local/lib/python3.12/site-packages/airflow/example_dags/tutorial_dag.py took 0.083 seconds
[2024-10-27T02:56:40.431+0000] {processor.py:186} INFO - Started process (PID=67955) to work on /home/airflow/.local/lib/python3.12/site-packages/airflow/example_dags/tutorial_dag.py
[2024-10-27T02:56:40.433+0000] {processor.py:914} INFO - Processing file /home/airflow/.local/lib/python3.12/site-packages/airflow/example_dags/tutorial_dag.py for tasks to queue
[2024-10-27T02:56:40.436+0000] {logging_mixin.py:190} INFO - [2024-10-27T02:56:40.436+0000] {dagbag.py:588} INFO - Filling up the DagBag from /home/airflow/.local/lib/python3.12/site-packages/airflow/example_dags/tutorial_dag.py
[2024-10-27T02:56:40.443+0000] {processor.py:925} INFO - DAG(s) 'tutorial_dag' retrieved from /home/airflow/.local/lib/python3.12/site-packages/airflow/example_dags/tutorial_dag.py
[2024-10-27T02:56:40.461+0000] {logging_mixin.py:190} INFO - [2024-10-27T02:56:40.461+0000] {dag.py:3239} INFO - Sync 1 DAGs
[2024-10-27T02:56:40.476+0000] {logging_mixin.py:190} INFO - [2024-10-27T02:56:40.476+0000] {dag.py:4180} INFO - Setting next_dagrun for tutorial_dag to None, run_after=None
[2024-10-27T02:56:40.501+0000] {processor.py:208} INFO - Processing /home/airflow/.local/lib/python3.12/site-packages/airflow/example_dags/tutorial_dag.py took 0.075 seconds
[2024-10-27T02:57:13.427+0000] {processor.py:186} INFO - Started process (PID=68019) to work on /home/airflow/.local/lib/python3.12/site-packages/airflow/example_dags/tutorial_dag.py
[2024-10-27T02:57:13.428+0000] {processor.py:914} INFO - Processing file /home/airflow/.local/lib/python3.12/site-packages/airflow/example_dags/tutorial_dag.py for tasks to queue
[2024-10-27T02:57:13.431+0000] {logging_mixin.py:190} INFO - [2024-10-27T02:57:13.430+0000] {dagbag.py:588} INFO - Filling up the DagBag from /home/airflow/.local/lib/python3.12/site-packages/airflow/example_dags/tutorial_dag.py
[2024-10-27T02:57:13.439+0000] {processor.py:925} INFO - DAG(s) 'tutorial_dag' retrieved from /home/airflow/.local/lib/python3.12/site-packages/airflow/example_dags/tutorial_dag.py
[2024-10-27T02:57:13.458+0000] {logging_mixin.py:190} INFO - [2024-10-27T02:57:13.458+0000] {dag.py:3239} INFO - Sync 1 DAGs
[2024-10-27T02:57:13.473+0000] {logging_mixin.py:190} INFO - [2024-10-27T02:57:13.472+0000] {dag.py:4180} INFO - Setting next_dagrun for tutorial_dag to None, run_after=None
[2024-10-27T02:57:13.495+0000] {processor.py:208} INFO - Processing /home/airflow/.local/lib/python3.12/site-packages/airflow/example_dags/tutorial_dag.py took 0.074 seconds
[2024-10-27T02:57:47.129+0000] {processor.py:186} INFO - Started process (PID=68083) to work on /home/airflow/.local/lib/python3.12/site-packages/airflow/example_dags/tutorial_dag.py
[2024-10-27T02:57:47.130+0000] {processor.py:914} INFO - Processing file /home/airflow/.local/lib/python3.12/site-packages/airflow/example_dags/tutorial_dag.py for tasks to queue
[2024-10-27T02:57:47.132+0000] {logging_mixin.py:190} INFO - [2024-10-27T02:57:47.132+0000] {dagbag.py:588} INFO - Filling up the DagBag from /home/airflow/.local/lib/python3.12/site-packages/airflow/example_dags/tutorial_dag.py
[2024-10-27T02:57:47.144+0000] {processor.py:925} INFO - DAG(s) 'tutorial_dag' retrieved from /home/airflow/.local/lib/python3.12/site-packages/airflow/example_dags/tutorial_dag.py
[2024-10-27T02:57:47.166+0000] {logging_mixin.py:190} INFO - [2024-10-27T02:57:47.166+0000] {dag.py:3239} INFO - Sync 1 DAGs
[2024-10-27T02:57:47.190+0000] {logging_mixin.py:190} INFO - [2024-10-27T02:57:47.190+0000] {dag.py:4180} INFO - Setting next_dagrun for tutorial_dag to None, run_after=None
[2024-10-27T02:57:47.223+0000] {processor.py:208} INFO - Processing /home/airflow/.local/lib/python3.12/site-packages/airflow/example_dags/tutorial_dag.py took 0.103 seconds
[2024-10-27T02:58:18.855+0000] {processor.py:186} INFO - Started process (PID=68147) to work on /home/airflow/.local/lib/python3.12/site-packages/airflow/example_dags/tutorial_dag.py
[2024-10-27T02:58:18.857+0000] {processor.py:914} INFO - Processing file /home/airflow/.local/lib/python3.12/site-packages/airflow/example_dags/tutorial_dag.py for tasks to queue
[2024-10-27T02:58:18.861+0000] {logging_mixin.py:190} INFO - [2024-10-27T02:58:18.860+0000] {dagbag.py:588} INFO - Filling up the DagBag from /home/airflow/.local/lib/python3.12/site-packages/airflow/example_dags/tutorial_dag.py
[2024-10-27T02:58:18.868+0000] {processor.py:925} INFO - DAG(s) 'tutorial_dag' retrieved from /home/airflow/.local/lib/python3.12/site-packages/airflow/example_dags/tutorial_dag.py
[2024-10-27T02:58:18.889+0000] {logging_mixin.py:190} INFO - [2024-10-27T02:58:18.888+0000] {dag.py:3239} INFO - Sync 1 DAGs
[2024-10-27T02:58:18.906+0000] {logging_mixin.py:190} INFO - [2024-10-27T02:58:18.905+0000] {dag.py:4180} INFO - Setting next_dagrun for tutorial_dag to None, run_after=None
[2024-10-27T02:58:18.927+0000] {processor.py:208} INFO - Processing /home/airflow/.local/lib/python3.12/site-packages/airflow/example_dags/tutorial_dag.py took 0.077 seconds
[2024-10-27T02:58:52.162+0000] {processor.py:186} INFO - Started process (PID=68211) to work on /home/airflow/.local/lib/python3.12/site-packages/airflow/example_dags/tutorial_dag.py
[2024-10-27T02:58:52.163+0000] {processor.py:914} INFO - Processing file /home/airflow/.local/lib/python3.12/site-packages/airflow/example_dags/tutorial_dag.py for tasks to queue
[2024-10-27T02:58:52.166+0000] {logging_mixin.py:190} INFO - [2024-10-27T02:58:52.166+0000] {dagbag.py:588} INFO - Filling up the DagBag from /home/airflow/.local/lib/python3.12/site-packages/airflow/example_dags/tutorial_dag.py
[2024-10-27T02:58:52.174+0000] {processor.py:925} INFO - DAG(s) 'tutorial_dag' retrieved from /home/airflow/.local/lib/python3.12/site-packages/airflow/example_dags/tutorial_dag.py
[2024-10-27T02:58:52.196+0000] {logging_mixin.py:190} INFO - [2024-10-27T02:58:52.196+0000] {dag.py:3239} INFO - Sync 1 DAGs
[2024-10-27T02:58:52.211+0000] {logging_mixin.py:190} INFO - [2024-10-27T02:58:52.210+0000] {dag.py:4180} INFO - Setting next_dagrun for tutorial_dag to None, run_after=None
[2024-10-27T02:58:52.232+0000] {processor.py:208} INFO - Processing /home/airflow/.local/lib/python3.12/site-packages/airflow/example_dags/tutorial_dag.py took 0.076 seconds
[2024-10-27T02:59:24.578+0000] {processor.py:186} INFO - Started process (PID=68275) to work on /home/airflow/.local/lib/python3.12/site-packages/airflow/example_dags/tutorial_dag.py
[2024-10-27T02:59:24.579+0000] {processor.py:914} INFO - Processing file /home/airflow/.local/lib/python3.12/site-packages/airflow/example_dags/tutorial_dag.py for tasks to queue
[2024-10-27T02:59:24.581+0000] {logging_mixin.py:190} INFO - [2024-10-27T02:59:24.581+0000] {dagbag.py:588} INFO - Filling up the DagBag from /home/airflow/.local/lib/python3.12/site-packages/airflow/example_dags/tutorial_dag.py
[2024-10-27T02:59:24.590+0000] {processor.py:925} INFO - DAG(s) 'tutorial_dag' retrieved from /home/airflow/.local/lib/python3.12/site-packages/airflow/example_dags/tutorial_dag.py
[2024-10-27T02:59:24.607+0000] {logging_mixin.py:190} INFO - [2024-10-27T02:59:24.607+0000] {dag.py:3239} INFO - Sync 1 DAGs
[2024-10-27T02:59:24.620+0000] {logging_mixin.py:190} INFO - [2024-10-27T02:59:24.619+0000] {dag.py:4180} INFO - Setting next_dagrun for tutorial_dag to None, run_after=None
[2024-10-27T02:59:24.642+0000] {processor.py:208} INFO - Processing /home/airflow/.local/lib/python3.12/site-packages/airflow/example_dags/tutorial_dag.py took 0.070 seconds
[2024-10-27T02:59:58.446+0000] {processor.py:186} INFO - Started process (PID=68339) to work on /home/airflow/.local/lib/python3.12/site-packages/airflow/example_dags/tutorial_dag.py
[2024-10-27T02:59:58.448+0000] {processor.py:914} INFO - Processing file /home/airflow/.local/lib/python3.12/site-packages/airflow/example_dags/tutorial_dag.py for tasks to queue
[2024-10-27T02:59:58.451+0000] {logging_mixin.py:190} INFO - [2024-10-27T02:59:58.451+0000] {dagbag.py:588} INFO - Filling up the DagBag from /home/airflow/.local/lib/python3.12/site-packages/airflow/example_dags/tutorial_dag.py
[2024-10-27T02:59:58.462+0000] {processor.py:925} INFO - DAG(s) 'tutorial_dag' retrieved from /home/airflow/.local/lib/python3.12/site-packages/airflow/example_dags/tutorial_dag.py
[2024-10-27T02:59:58.484+0000] {logging_mixin.py:190} INFO - [2024-10-27T02:59:58.484+0000] {dag.py:3239} INFO - Sync 1 DAGs
[2024-10-27T02:59:58.505+0000] {logging_mixin.py:190} INFO - [2024-10-27T02:59:58.504+0000] {dag.py:4180} INFO - Setting next_dagrun for tutorial_dag to None, run_after=None
[2024-10-27T02:59:58.530+0000] {processor.py:208} INFO - Processing /home/airflow/.local/lib/python3.12/site-packages/airflow/example_dags/tutorial_dag.py took 0.092 seconds
[2024-10-27T03:00:30.316+0000] {processor.py:186} INFO - Started process (PID=68403) to work on /home/airflow/.local/lib/python3.12/site-packages/airflow/example_dags/tutorial_dag.py
[2024-10-27T03:00:30.317+0000] {processor.py:914} INFO - Processing file /home/airflow/.local/lib/python3.12/site-packages/airflow/example_dags/tutorial_dag.py for tasks to queue
[2024-10-27T03:00:30.321+0000] {logging_mixin.py:190} INFO - [2024-10-27T03:00:30.320+0000] {dagbag.py:588} INFO - Filling up the DagBag from /home/airflow/.local/lib/python3.12/site-packages/airflow/example_dags/tutorial_dag.py
[2024-10-27T03:00:30.329+0000] {processor.py:925} INFO - DAG(s) 'tutorial_dag' retrieved from /home/airflow/.local/lib/python3.12/site-packages/airflow/example_dags/tutorial_dag.py
[2024-10-27T03:00:30.347+0000] {logging_mixin.py:190} INFO - [2024-10-27T03:00:30.347+0000] {dag.py:3239} INFO - Sync 1 DAGs
[2024-10-27T03:00:30.361+0000] {logging_mixin.py:190} INFO - [2024-10-27T03:00:30.360+0000] {dag.py:4180} INFO - Setting next_dagrun for tutorial_dag to None, run_after=None
[2024-10-27T03:00:30.386+0000] {processor.py:208} INFO - Processing /home/airflow/.local/lib/python3.12/site-packages/airflow/example_dags/tutorial_dag.py took 0.077 seconds
[2024-10-27T03:01:02.517+0000] {processor.py:186} INFO - Started process (PID=68467) to work on /home/airflow/.local/lib/python3.12/site-packages/airflow/example_dags/tutorial_dag.py
[2024-10-27T03:01:02.518+0000] {processor.py:914} INFO - Processing file /home/airflow/.local/lib/python3.12/site-packages/airflow/example_dags/tutorial_dag.py for tasks to queue
[2024-10-27T03:01:02.521+0000] {logging_mixin.py:190} INFO - [2024-10-27T03:01:02.520+0000] {dagbag.py:588} INFO - Filling up the DagBag from /home/airflow/.local/lib/python3.12/site-packages/airflow/example_dags/tutorial_dag.py
[2024-10-27T03:01:02.531+0000] {processor.py:925} INFO - DAG(s) 'tutorial_dag' retrieved from /home/airflow/.local/lib/python3.12/site-packages/airflow/example_dags/tutorial_dag.py
[2024-10-27T03:01:02.552+0000] {logging_mixin.py:190} INFO - [2024-10-27T03:01:02.551+0000] {dag.py:3239} INFO - Sync 1 DAGs
[2024-10-27T03:01:02.566+0000] {logging_mixin.py:190} INFO - [2024-10-27T03:01:02.566+0000] {dag.py:4180} INFO - Setting next_dagrun for tutorial_dag to None, run_after=None
[2024-10-27T03:01:02.589+0000] {processor.py:208} INFO - Processing /home/airflow/.local/lib/python3.12/site-packages/airflow/example_dags/tutorial_dag.py took 0.078 seconds
[2024-10-27T03:01:35.849+0000] {processor.py:186} INFO - Started process (PID=68531) to work on /home/airflow/.local/lib/python3.12/site-packages/airflow/example_dags/tutorial_dag.py
[2024-10-27T03:01:35.850+0000] {processor.py:914} INFO - Processing file /home/airflow/.local/lib/python3.12/site-packages/airflow/example_dags/tutorial_dag.py for tasks to queue
[2024-10-27T03:01:35.853+0000] {logging_mixin.py:190} INFO - [2024-10-27T03:01:35.853+0000] {dagbag.py:588} INFO - Filling up the DagBag from /home/airflow/.local/lib/python3.12/site-packages/airflow/example_dags/tutorial_dag.py
[2024-10-27T03:01:35.860+0000] {processor.py:925} INFO - DAG(s) 'tutorial_dag' retrieved from /home/airflow/.local/lib/python3.12/site-packages/airflow/example_dags/tutorial_dag.py
[2024-10-27T03:01:35.879+0000] {logging_mixin.py:190} INFO - [2024-10-27T03:01:35.879+0000] {dag.py:3239} INFO - Sync 1 DAGs
[2024-10-27T03:01:35.892+0000] {logging_mixin.py:190} INFO - [2024-10-27T03:01:35.892+0000] {dag.py:4180} INFO - Setting next_dagrun for tutorial_dag to None, run_after=None
[2024-10-27T03:01:35.917+0000] {processor.py:208} INFO - Processing /home/airflow/.local/lib/python3.12/site-packages/airflow/example_dags/tutorial_dag.py took 0.074 seconds
[2024-10-27T03:02:08.181+0000] {processor.py:186} INFO - Started process (PID=68595) to work on /home/airflow/.local/lib/python3.12/site-packages/airflow/example_dags/tutorial_dag.py
[2024-10-27T03:02:08.182+0000] {processor.py:914} INFO - Processing file /home/airflow/.local/lib/python3.12/site-packages/airflow/example_dags/tutorial_dag.py for tasks to queue
[2024-10-27T03:02:08.186+0000] {logging_mixin.py:190} INFO - [2024-10-27T03:02:08.186+0000] {dagbag.py:588} INFO - Filling up the DagBag from /home/airflow/.local/lib/python3.12/site-packages/airflow/example_dags/tutorial_dag.py
[2024-10-27T03:02:08.194+0000] {processor.py:925} INFO - DAG(s) 'tutorial_dag' retrieved from /home/airflow/.local/lib/python3.12/site-packages/airflow/example_dags/tutorial_dag.py
[2024-10-27T03:02:08.214+0000] {logging_mixin.py:190} INFO - [2024-10-27T03:02:08.214+0000] {dag.py:3239} INFO - Sync 1 DAGs
[2024-10-27T03:02:08.227+0000] {logging_mixin.py:190} INFO - [2024-10-27T03:02:08.227+0000] {dag.py:4180} INFO - Setting next_dagrun for tutorial_dag to None, run_after=None
[2024-10-27T03:02:08.250+0000] {processor.py:208} INFO - Processing /home/airflow/.local/lib/python3.12/site-packages/airflow/example_dags/tutorial_dag.py took 0.076 seconds
[2024-10-27T03:02:41.410+0000] {processor.py:186} INFO - Started process (PID=68659) to work on /home/airflow/.local/lib/python3.12/site-packages/airflow/example_dags/tutorial_dag.py
[2024-10-27T03:02:41.412+0000] {processor.py:914} INFO - Processing file /home/airflow/.local/lib/python3.12/site-packages/airflow/example_dags/tutorial_dag.py for tasks to queue
[2024-10-27T03:02:41.414+0000] {logging_mixin.py:190} INFO - [2024-10-27T03:02:41.414+0000] {dagbag.py:588} INFO - Filling up the DagBag from /home/airflow/.local/lib/python3.12/site-packages/airflow/example_dags/tutorial_dag.py
[2024-10-27T03:02:41.428+0000] {processor.py:925} INFO - DAG(s) 'tutorial_dag' retrieved from /home/airflow/.local/lib/python3.12/site-packages/airflow/example_dags/tutorial_dag.py
[2024-10-27T03:02:41.449+0000] {logging_mixin.py:190} INFO - [2024-10-27T03:02:41.449+0000] {dag.py:3239} INFO - Sync 1 DAGs
[2024-10-27T03:02:41.461+0000] {logging_mixin.py:190} INFO - [2024-10-27T03:02:41.461+0000] {dag.py:4180} INFO - Setting next_dagrun for tutorial_dag to None, run_after=None
[2024-10-27T03:02:41.485+0000] {processor.py:208} INFO - Processing /home/airflow/.local/lib/python3.12/site-packages/airflow/example_dags/tutorial_dag.py took 0.083 seconds
[2024-10-27T03:03:13.664+0000] {processor.py:186} INFO - Started process (PID=68723) to work on /home/airflow/.local/lib/python3.12/site-packages/airflow/example_dags/tutorial_dag.py
[2024-10-27T03:03:13.665+0000] {processor.py:914} INFO - Processing file /home/airflow/.local/lib/python3.12/site-packages/airflow/example_dags/tutorial_dag.py for tasks to queue
[2024-10-27T03:03:13.668+0000] {logging_mixin.py:190} INFO - [2024-10-27T03:03:13.668+0000] {dagbag.py:588} INFO - Filling up the DagBag from /home/airflow/.local/lib/python3.12/site-packages/airflow/example_dags/tutorial_dag.py
[2024-10-27T03:03:13.674+0000] {processor.py:925} INFO - DAG(s) 'tutorial_dag' retrieved from /home/airflow/.local/lib/python3.12/site-packages/airflow/example_dags/tutorial_dag.py
[2024-10-27T03:03:13.693+0000] {logging_mixin.py:190} INFO - [2024-10-27T03:03:13.692+0000] {dag.py:3239} INFO - Sync 1 DAGs
[2024-10-27T03:03:13.706+0000] {logging_mixin.py:190} INFO - [2024-10-27T03:03:13.706+0000] {dag.py:4180} INFO - Setting next_dagrun for tutorial_dag to None, run_after=None
[2024-10-27T03:03:13.730+0000] {processor.py:208} INFO - Processing /home/airflow/.local/lib/python3.12/site-packages/airflow/example_dags/tutorial_dag.py took 0.073 seconds
[2024-10-27T03:03:46.840+0000] {processor.py:186} INFO - Started process (PID=68788) to work on /home/airflow/.local/lib/python3.12/site-packages/airflow/example_dags/tutorial_dag.py
[2024-10-27T03:03:46.841+0000] {processor.py:914} INFO - Processing file /home/airflow/.local/lib/python3.12/site-packages/airflow/example_dags/tutorial_dag.py for tasks to queue
[2024-10-27T03:03:46.844+0000] {logging_mixin.py:190} INFO - [2024-10-27T03:03:46.844+0000] {dagbag.py:588} INFO - Filling up the DagBag from /home/airflow/.local/lib/python3.12/site-packages/airflow/example_dags/tutorial_dag.py
[2024-10-27T03:03:46.851+0000] {processor.py:925} INFO - DAG(s) 'tutorial_dag' retrieved from /home/airflow/.local/lib/python3.12/site-packages/airflow/example_dags/tutorial_dag.py
[2024-10-27T03:03:46.872+0000] {logging_mixin.py:190} INFO - [2024-10-27T03:03:46.872+0000] {dag.py:3239} INFO - Sync 1 DAGs
[2024-10-27T03:03:46.886+0000] {logging_mixin.py:190} INFO - [2024-10-27T03:03:46.886+0000] {dag.py:4180} INFO - Setting next_dagrun for tutorial_dag to None, run_after=None
[2024-10-27T03:03:46.905+0000] {processor.py:208} INFO - Processing /home/airflow/.local/lib/python3.12/site-packages/airflow/example_dags/tutorial_dag.py took 0.070 seconds
[2024-10-27T03:04:18.882+0000] {processor.py:186} INFO - Started process (PID=68852) to work on /home/airflow/.local/lib/python3.12/site-packages/airflow/example_dags/tutorial_dag.py
[2024-10-27T03:04:18.883+0000] {processor.py:914} INFO - Processing file /home/airflow/.local/lib/python3.12/site-packages/airflow/example_dags/tutorial_dag.py for tasks to queue
[2024-10-27T03:04:18.886+0000] {logging_mixin.py:190} INFO - [2024-10-27T03:04:18.885+0000] {dagbag.py:588} INFO - Filling up the DagBag from /home/airflow/.local/lib/python3.12/site-packages/airflow/example_dags/tutorial_dag.py
[2024-10-27T03:04:18.894+0000] {processor.py:925} INFO - DAG(s) 'tutorial_dag' retrieved from /home/airflow/.local/lib/python3.12/site-packages/airflow/example_dags/tutorial_dag.py
[2024-10-27T03:04:18.916+0000] {logging_mixin.py:190} INFO - [2024-10-27T03:04:18.916+0000] {dag.py:3239} INFO - Sync 1 DAGs
[2024-10-27T03:04:18.930+0000] {logging_mixin.py:190} INFO - [2024-10-27T03:04:18.930+0000] {dag.py:4180} INFO - Setting next_dagrun for tutorial_dag to None, run_after=None
[2024-10-27T03:04:18.951+0000] {processor.py:208} INFO - Processing /home/airflow/.local/lib/python3.12/site-packages/airflow/example_dags/tutorial_dag.py took 0.075 seconds
[2024-10-27T03:04:51.855+0000] {processor.py:186} INFO - Started process (PID=68916) to work on /home/airflow/.local/lib/python3.12/site-packages/airflow/example_dags/tutorial_dag.py
[2024-10-27T03:04:51.857+0000] {processor.py:914} INFO - Processing file /home/airflow/.local/lib/python3.12/site-packages/airflow/example_dags/tutorial_dag.py for tasks to queue
[2024-10-27T03:04:51.859+0000] {logging_mixin.py:190} INFO - [2024-10-27T03:04:51.858+0000] {dagbag.py:588} INFO - Filling up the DagBag from /home/airflow/.local/lib/python3.12/site-packages/airflow/example_dags/tutorial_dag.py
[2024-10-27T03:04:51.866+0000] {processor.py:925} INFO - DAG(s) 'tutorial_dag' retrieved from /home/airflow/.local/lib/python3.12/site-packages/airflow/example_dags/tutorial_dag.py
[2024-10-27T03:04:51.888+0000] {logging_mixin.py:190} INFO - [2024-10-27T03:04:51.887+0000] {dag.py:3239} INFO - Sync 1 DAGs
[2024-10-27T03:04:51.900+0000] {logging_mixin.py:190} INFO - [2024-10-27T03:04:51.900+0000] {dag.py:4180} INFO - Setting next_dagrun for tutorial_dag to None, run_after=None
[2024-10-27T03:04:51.923+0000] {processor.py:208} INFO - Processing /home/airflow/.local/lib/python3.12/site-packages/airflow/example_dags/tutorial_dag.py took 0.075 seconds
[2024-10-27T03:05:24.402+0000] {processor.py:186} INFO - Started process (PID=68980) to work on /home/airflow/.local/lib/python3.12/site-packages/airflow/example_dags/tutorial_dag.py
[2024-10-27T03:05:24.404+0000] {processor.py:914} INFO - Processing file /home/airflow/.local/lib/python3.12/site-packages/airflow/example_dags/tutorial_dag.py for tasks to queue
[2024-10-27T03:05:24.407+0000] {logging_mixin.py:190} INFO - [2024-10-27T03:05:24.407+0000] {dagbag.py:588} INFO - Filling up the DagBag from /home/airflow/.local/lib/python3.12/site-packages/airflow/example_dags/tutorial_dag.py
[2024-10-27T03:05:24.415+0000] {processor.py:925} INFO - DAG(s) 'tutorial_dag' retrieved from /home/airflow/.local/lib/python3.12/site-packages/airflow/example_dags/tutorial_dag.py
[2024-10-27T03:05:24.438+0000] {logging_mixin.py:190} INFO - [2024-10-27T03:05:24.437+0000] {dag.py:3239} INFO - Sync 1 DAGs
[2024-10-27T03:05:24.456+0000] {logging_mixin.py:190} INFO - [2024-10-27T03:05:24.455+0000] {dag.py:4180} INFO - Setting next_dagrun for tutorial_dag to None, run_after=None
[2024-10-27T03:05:24.478+0000] {processor.py:208} INFO - Processing /home/airflow/.local/lib/python3.12/site-packages/airflow/example_dags/tutorial_dag.py took 0.083 seconds
[2024-10-27T03:05:57.502+0000] {processor.py:186} INFO - Started process (PID=69044) to work on /home/airflow/.local/lib/python3.12/site-packages/airflow/example_dags/tutorial_dag.py
[2024-10-27T03:05:57.504+0000] {processor.py:914} INFO - Processing file /home/airflow/.local/lib/python3.12/site-packages/airflow/example_dags/tutorial_dag.py for tasks to queue
[2024-10-27T03:05:57.506+0000] {logging_mixin.py:190} INFO - [2024-10-27T03:05:57.506+0000] {dagbag.py:588} INFO - Filling up the DagBag from /home/airflow/.local/lib/python3.12/site-packages/airflow/example_dags/tutorial_dag.py
[2024-10-27T03:05:57.519+0000] {processor.py:925} INFO - DAG(s) 'tutorial_dag' retrieved from /home/airflow/.local/lib/python3.12/site-packages/airflow/example_dags/tutorial_dag.py
[2024-10-27T03:05:57.541+0000] {logging_mixin.py:190} INFO - [2024-10-27T03:05:57.541+0000] {dag.py:3239} INFO - Sync 1 DAGs
[2024-10-27T03:05:57.556+0000] {logging_mixin.py:190} INFO - [2024-10-27T03:05:57.555+0000] {dag.py:4180} INFO - Setting next_dagrun for tutorial_dag to None, run_after=None
[2024-10-27T03:05:57.577+0000] {processor.py:208} INFO - Processing /home/airflow/.local/lib/python3.12/site-packages/airflow/example_dags/tutorial_dag.py took 0.083 seconds
[2024-10-27T03:06:30.500+0000] {processor.py:186} INFO - Started process (PID=69108) to work on /home/airflow/.local/lib/python3.12/site-packages/airflow/example_dags/tutorial_dag.py
[2024-10-27T03:06:30.501+0000] {processor.py:914} INFO - Processing file /home/airflow/.local/lib/python3.12/site-packages/airflow/example_dags/tutorial_dag.py for tasks to queue
[2024-10-27T03:06:30.504+0000] {logging_mixin.py:190} INFO - [2024-10-27T03:06:30.504+0000] {dagbag.py:588} INFO - Filling up the DagBag from /home/airflow/.local/lib/python3.12/site-packages/airflow/example_dags/tutorial_dag.py
[2024-10-27T03:06:30.514+0000] {processor.py:925} INFO - DAG(s) 'tutorial_dag' retrieved from /home/airflow/.local/lib/python3.12/site-packages/airflow/example_dags/tutorial_dag.py
[2024-10-27T03:06:30.533+0000] {logging_mixin.py:190} INFO - [2024-10-27T03:06:30.533+0000] {dag.py:3239} INFO - Sync 1 DAGs
[2024-10-27T03:06:30.549+0000] {logging_mixin.py:190} INFO - [2024-10-27T03:06:30.549+0000] {dag.py:4180} INFO - Setting next_dagrun for tutorial_dag to None, run_after=None
[2024-10-27T03:06:30.572+0000] {processor.py:208} INFO - Processing /home/airflow/.local/lib/python3.12/site-packages/airflow/example_dags/tutorial_dag.py took 0.079 seconds
[2024-10-27T03:07:02.532+0000] {processor.py:186} INFO - Started process (PID=69172) to work on /home/airflow/.local/lib/python3.12/site-packages/airflow/example_dags/tutorial_dag.py
[2024-10-27T03:07:02.534+0000] {processor.py:914} INFO - Processing file /home/airflow/.local/lib/python3.12/site-packages/airflow/example_dags/tutorial_dag.py for tasks to queue
[2024-10-27T03:07:02.538+0000] {logging_mixin.py:190} INFO - [2024-10-27T03:07:02.537+0000] {dagbag.py:588} INFO - Filling up the DagBag from /home/airflow/.local/lib/python3.12/site-packages/airflow/example_dags/tutorial_dag.py
[2024-10-27T03:07:02.547+0000] {processor.py:925} INFO - DAG(s) 'tutorial_dag' retrieved from /home/airflow/.local/lib/python3.12/site-packages/airflow/example_dags/tutorial_dag.py
[2024-10-27T03:07:02.570+0000] {logging_mixin.py:190} INFO - [2024-10-27T03:07:02.570+0000] {dag.py:3239} INFO - Sync 1 DAGs
[2024-10-27T03:07:02.591+0000] {logging_mixin.py:190} INFO - [2024-10-27T03:07:02.591+0000] {dag.py:4180} INFO - Setting next_dagrun for tutorial_dag to None, run_after=None
[2024-10-27T03:07:02.677+0000] {processor.py:208} INFO - Processing /home/airflow/.local/lib/python3.12/site-packages/airflow/example_dags/tutorial_dag.py took 0.152 seconds
[2024-10-27T03:07:36.193+0000] {processor.py:186} INFO - Started process (PID=69237) to work on /home/airflow/.local/lib/python3.12/site-packages/airflow/example_dags/tutorial_dag.py
[2024-10-27T03:07:36.194+0000] {processor.py:914} INFO - Processing file /home/airflow/.local/lib/python3.12/site-packages/airflow/example_dags/tutorial_dag.py for tasks to queue
[2024-10-27T03:07:36.197+0000] {logging_mixin.py:190} INFO - [2024-10-27T03:07:36.197+0000] {dagbag.py:588} INFO - Filling up the DagBag from /home/airflow/.local/lib/python3.12/site-packages/airflow/example_dags/tutorial_dag.py
[2024-10-27T03:07:36.208+0000] {processor.py:925} INFO - DAG(s) 'tutorial_dag' retrieved from /home/airflow/.local/lib/python3.12/site-packages/airflow/example_dags/tutorial_dag.py
[2024-10-27T03:07:36.236+0000] {logging_mixin.py:190} INFO - [2024-10-27T03:07:36.235+0000] {dag.py:3239} INFO - Sync 1 DAGs
[2024-10-27T03:07:36.263+0000] {logging_mixin.py:190} INFO - [2024-10-27T03:07:36.262+0000] {dag.py:4180} INFO - Setting next_dagrun for tutorial_dag to None, run_after=None
[2024-10-27T03:07:36.291+0000] {processor.py:208} INFO - Processing /home/airflow/.local/lib/python3.12/site-packages/airflow/example_dags/tutorial_dag.py took 0.105 seconds
[2024-10-27T03:08:08.588+0000] {processor.py:186} INFO - Started process (PID=69301) to work on /home/airflow/.local/lib/python3.12/site-packages/airflow/example_dags/tutorial_dag.py
[2024-10-27T03:08:08.589+0000] {processor.py:914} INFO - Processing file /home/airflow/.local/lib/python3.12/site-packages/airflow/example_dags/tutorial_dag.py for tasks to queue
[2024-10-27T03:08:08.593+0000] {logging_mixin.py:190} INFO - [2024-10-27T03:08:08.592+0000] {dagbag.py:588} INFO - Filling up the DagBag from /home/airflow/.local/lib/python3.12/site-packages/airflow/example_dags/tutorial_dag.py
[2024-10-27T03:08:08.601+0000] {processor.py:925} INFO - DAG(s) 'tutorial_dag' retrieved from /home/airflow/.local/lib/python3.12/site-packages/airflow/example_dags/tutorial_dag.py
[2024-10-27T03:08:08.623+0000] {logging_mixin.py:190} INFO - [2024-10-27T03:08:08.623+0000] {dag.py:3239} INFO - Sync 1 DAGs
[2024-10-27T03:08:08.636+0000] {logging_mixin.py:190} INFO - [2024-10-27T03:08:08.636+0000] {dag.py:4180} INFO - Setting next_dagrun for tutorial_dag to None, run_after=None
[2024-10-27T03:08:08.659+0000] {processor.py:208} INFO - Processing /home/airflow/.local/lib/python3.12/site-packages/airflow/example_dags/tutorial_dag.py took 0.076 seconds
[2024-10-27T03:08:40.579+0000] {processor.py:186} INFO - Started process (PID=69365) to work on /home/airflow/.local/lib/python3.12/site-packages/airflow/example_dags/tutorial_dag.py
[2024-10-27T03:08:40.581+0000] {processor.py:914} INFO - Processing file /home/airflow/.local/lib/python3.12/site-packages/airflow/example_dags/tutorial_dag.py for tasks to queue
[2024-10-27T03:08:40.583+0000] {logging_mixin.py:190} INFO - [2024-10-27T03:08:40.583+0000] {dagbag.py:588} INFO - Filling up the DagBag from /home/airflow/.local/lib/python3.12/site-packages/airflow/example_dags/tutorial_dag.py
[2024-10-27T03:08:40.593+0000] {processor.py:925} INFO - DAG(s) 'tutorial_dag' retrieved from /home/airflow/.local/lib/python3.12/site-packages/airflow/example_dags/tutorial_dag.py
[2024-10-27T03:08:40.611+0000] {logging_mixin.py:190} INFO - [2024-10-27T03:08:40.611+0000] {dag.py:3239} INFO - Sync 1 DAGs
[2024-10-27T03:08:40.626+0000] {logging_mixin.py:190} INFO - [2024-10-27T03:08:40.626+0000] {dag.py:4180} INFO - Setting next_dagrun for tutorial_dag to None, run_after=None
[2024-10-27T03:08:40.656+0000] {processor.py:208} INFO - Processing /home/airflow/.local/lib/python3.12/site-packages/airflow/example_dags/tutorial_dag.py took 0.084 seconds
[2024-10-27T03:09:13.977+0000] {processor.py:186} INFO - Started process (PID=69429) to work on /home/airflow/.local/lib/python3.12/site-packages/airflow/example_dags/tutorial_dag.py
[2024-10-27T03:09:13.978+0000] {processor.py:914} INFO - Processing file /home/airflow/.local/lib/python3.12/site-packages/airflow/example_dags/tutorial_dag.py for tasks to queue
[2024-10-27T03:09:13.980+0000] {logging_mixin.py:190} INFO - [2024-10-27T03:09:13.980+0000] {dagbag.py:588} INFO - Filling up the DagBag from /home/airflow/.local/lib/python3.12/site-packages/airflow/example_dags/tutorial_dag.py
[2024-10-27T03:09:13.987+0000] {processor.py:925} INFO - DAG(s) 'tutorial_dag' retrieved from /home/airflow/.local/lib/python3.12/site-packages/airflow/example_dags/tutorial_dag.py
[2024-10-27T03:09:14.007+0000] {logging_mixin.py:190} INFO - [2024-10-27T03:09:14.007+0000] {dag.py:3239} INFO - Sync 1 DAGs
[2024-10-27T03:09:14.021+0000] {logging_mixin.py:190} INFO - [2024-10-27T03:09:14.021+0000] {dag.py:4180} INFO - Setting next_dagrun for tutorial_dag to None, run_after=None
[2024-10-27T03:09:14.041+0000] {processor.py:208} INFO - Processing /home/airflow/.local/lib/python3.12/site-packages/airflow/example_dags/tutorial_dag.py took 0.071 seconds
[2024-10-27T03:09:45.943+0000] {processor.py:186} INFO - Started process (PID=69493) to work on /home/airflow/.local/lib/python3.12/site-packages/airflow/example_dags/tutorial_dag.py
[2024-10-27T03:09:45.944+0000] {processor.py:914} INFO - Processing file /home/airflow/.local/lib/python3.12/site-packages/airflow/example_dags/tutorial_dag.py for tasks to queue
[2024-10-27T03:09:45.946+0000] {logging_mixin.py:190} INFO - [2024-10-27T03:09:45.946+0000] {dagbag.py:588} INFO - Filling up the DagBag from /home/airflow/.local/lib/python3.12/site-packages/airflow/example_dags/tutorial_dag.py
[2024-10-27T03:09:45.955+0000] {processor.py:925} INFO - DAG(s) 'tutorial_dag' retrieved from /home/airflow/.local/lib/python3.12/site-packages/airflow/example_dags/tutorial_dag.py
[2024-10-27T03:09:45.978+0000] {logging_mixin.py:190} INFO - [2024-10-27T03:09:45.978+0000] {dag.py:3239} INFO - Sync 1 DAGs
[2024-10-27T03:09:45.993+0000] {logging_mixin.py:190} INFO - [2024-10-27T03:09:45.993+0000] {dag.py:4180} INFO - Setting next_dagrun for tutorial_dag to None, run_after=None
[2024-10-27T03:09:46.016+0000] {processor.py:208} INFO - Processing /home/airflow/.local/lib/python3.12/site-packages/airflow/example_dags/tutorial_dag.py took 0.080 seconds
[2024-10-27T03:10:19.149+0000] {processor.py:186} INFO - Started process (PID=69557) to work on /home/airflow/.local/lib/python3.12/site-packages/airflow/example_dags/tutorial_dag.py
[2024-10-27T03:10:19.150+0000] {processor.py:914} INFO - Processing file /home/airflow/.local/lib/python3.12/site-packages/airflow/example_dags/tutorial_dag.py for tasks to queue
[2024-10-27T03:10:19.152+0000] {logging_mixin.py:190} INFO - [2024-10-27T03:10:19.152+0000] {dagbag.py:588} INFO - Filling up the DagBag from /home/airflow/.local/lib/python3.12/site-packages/airflow/example_dags/tutorial_dag.py
[2024-10-27T03:10:19.161+0000] {processor.py:925} INFO - DAG(s) 'tutorial_dag' retrieved from /home/airflow/.local/lib/python3.12/site-packages/airflow/example_dags/tutorial_dag.py
[2024-10-27T03:10:19.180+0000] {logging_mixin.py:190} INFO - [2024-10-27T03:10:19.180+0000] {dag.py:3239} INFO - Sync 1 DAGs
[2024-10-27T03:10:19.194+0000] {logging_mixin.py:190} INFO - [2024-10-27T03:10:19.194+0000] {dag.py:4180} INFO - Setting next_dagrun for tutorial_dag to None, run_after=None
[2024-10-27T03:10:19.218+0000] {processor.py:208} INFO - Processing /home/airflow/.local/lib/python3.12/site-packages/airflow/example_dags/tutorial_dag.py took 0.075 seconds
[2024-10-27T03:10:52.422+0000] {processor.py:186} INFO - Started process (PID=69621) to work on /home/airflow/.local/lib/python3.12/site-packages/airflow/example_dags/tutorial_dag.py
[2024-10-27T03:10:52.423+0000] {processor.py:914} INFO - Processing file /home/airflow/.local/lib/python3.12/site-packages/airflow/example_dags/tutorial_dag.py for tasks to queue
[2024-10-27T03:10:52.425+0000] {logging_mixin.py:190} INFO - [2024-10-27T03:10:52.425+0000] {dagbag.py:588} INFO - Filling up the DagBag from /home/airflow/.local/lib/python3.12/site-packages/airflow/example_dags/tutorial_dag.py
[2024-10-27T03:10:52.434+0000] {processor.py:925} INFO - DAG(s) 'tutorial_dag' retrieved from /home/airflow/.local/lib/python3.12/site-packages/airflow/example_dags/tutorial_dag.py
[2024-10-27T03:10:52.454+0000] {logging_mixin.py:190} INFO - [2024-10-27T03:10:52.454+0000] {dag.py:3239} INFO - Sync 1 DAGs
[2024-10-27T03:10:52.469+0000] {logging_mixin.py:190} INFO - [2024-10-27T03:10:52.469+0000] {dag.py:4180} INFO - Setting next_dagrun for tutorial_dag to None, run_after=None
[2024-10-27T03:10:52.489+0000] {processor.py:208} INFO - Processing /home/airflow/.local/lib/python3.12/site-packages/airflow/example_dags/tutorial_dag.py took 0.072 seconds
[2024-10-27T03:11:24.813+0000] {processor.py:186} INFO - Started process (PID=69685) to work on /home/airflow/.local/lib/python3.12/site-packages/airflow/example_dags/tutorial_dag.py
[2024-10-27T03:11:24.814+0000] {processor.py:914} INFO - Processing file /home/airflow/.local/lib/python3.12/site-packages/airflow/example_dags/tutorial_dag.py for tasks to queue
[2024-10-27T03:11:24.816+0000] {logging_mixin.py:190} INFO - [2024-10-27T03:11:24.816+0000] {dagbag.py:588} INFO - Filling up the DagBag from /home/airflow/.local/lib/python3.12/site-packages/airflow/example_dags/tutorial_dag.py
[2024-10-27T03:11:24.824+0000] {processor.py:925} INFO - DAG(s) 'tutorial_dag' retrieved from /home/airflow/.local/lib/python3.12/site-packages/airflow/example_dags/tutorial_dag.py
[2024-10-27T03:11:24.846+0000] {logging_mixin.py:190} INFO - [2024-10-27T03:11:24.846+0000] {dag.py:3239} INFO - Sync 1 DAGs
[2024-10-27T03:11:24.862+0000] {logging_mixin.py:190} INFO - [2024-10-27T03:11:24.861+0000] {dag.py:4180} INFO - Setting next_dagrun for tutorial_dag to None, run_after=None
[2024-10-27T03:11:24.886+0000] {processor.py:208} INFO - Processing /home/airflow/.local/lib/python3.12/site-packages/airflow/example_dags/tutorial_dag.py took 0.080 seconds
[2024-10-27T03:11:57.131+0000] {processor.py:186} INFO - Started process (PID=69749) to work on /home/airflow/.local/lib/python3.12/site-packages/airflow/example_dags/tutorial_dag.py
[2024-10-27T03:11:57.132+0000] {processor.py:914} INFO - Processing file /home/airflow/.local/lib/python3.12/site-packages/airflow/example_dags/tutorial_dag.py for tasks to queue
[2024-10-27T03:11:57.134+0000] {logging_mixin.py:190} INFO - [2024-10-27T03:11:57.134+0000] {dagbag.py:588} INFO - Filling up the DagBag from /home/airflow/.local/lib/python3.12/site-packages/airflow/example_dags/tutorial_dag.py
[2024-10-27T03:11:57.141+0000] {processor.py:925} INFO - DAG(s) 'tutorial_dag' retrieved from /home/airflow/.local/lib/python3.12/site-packages/airflow/example_dags/tutorial_dag.py
[2024-10-27T03:11:57.160+0000] {logging_mixin.py:190} INFO - [2024-10-27T03:11:57.159+0000] {dag.py:3239} INFO - Sync 1 DAGs
[2024-10-27T03:11:57.174+0000] {logging_mixin.py:190} INFO - [2024-10-27T03:11:57.173+0000] {dag.py:4180} INFO - Setting next_dagrun for tutorial_dag to None, run_after=None
[2024-10-27T03:11:57.197+0000] {processor.py:208} INFO - Processing /home/airflow/.local/lib/python3.12/site-packages/airflow/example_dags/tutorial_dag.py took 0.073 seconds
[2024-10-27T03:12:30.484+0000] {processor.py:186} INFO - Started process (PID=69813) to work on /home/airflow/.local/lib/python3.12/site-packages/airflow/example_dags/tutorial_dag.py
[2024-10-27T03:12:30.485+0000] {processor.py:914} INFO - Processing file /home/airflow/.local/lib/python3.12/site-packages/airflow/example_dags/tutorial_dag.py for tasks to queue
[2024-10-27T03:12:30.488+0000] {logging_mixin.py:190} INFO - [2024-10-27T03:12:30.488+0000] {dagbag.py:588} INFO - Filling up the DagBag from /home/airflow/.local/lib/python3.12/site-packages/airflow/example_dags/tutorial_dag.py
[2024-10-27T03:12:30.498+0000] {processor.py:925} INFO - DAG(s) 'tutorial_dag' retrieved from /home/airflow/.local/lib/python3.12/site-packages/airflow/example_dags/tutorial_dag.py
[2024-10-27T03:12:30.518+0000] {logging_mixin.py:190} INFO - [2024-10-27T03:12:30.518+0000] {dag.py:3239} INFO - Sync 1 DAGs
[2024-10-27T03:12:30.534+0000] {logging_mixin.py:190} INFO - [2024-10-27T03:12:30.533+0000] {dag.py:4180} INFO - Setting next_dagrun for tutorial_dag to None, run_after=None
[2024-10-27T03:12:30.557+0000] {processor.py:208} INFO - Processing /home/airflow/.local/lib/python3.12/site-packages/airflow/example_dags/tutorial_dag.py took 0.079 seconds
[2024-10-27T03:13:02.427+0000] {processor.py:186} INFO - Started process (PID=69877) to work on /home/airflow/.local/lib/python3.12/site-packages/airflow/example_dags/tutorial_dag.py
[2024-10-27T03:13:02.428+0000] {processor.py:914} INFO - Processing file /home/airflow/.local/lib/python3.12/site-packages/airflow/example_dags/tutorial_dag.py for tasks to queue
[2024-10-27T03:13:02.430+0000] {logging_mixin.py:190} INFO - [2024-10-27T03:13:02.430+0000] {dagbag.py:588} INFO - Filling up the DagBag from /home/airflow/.local/lib/python3.12/site-packages/airflow/example_dags/tutorial_dag.py
[2024-10-27T03:13:02.440+0000] {processor.py:925} INFO - DAG(s) 'tutorial_dag' retrieved from /home/airflow/.local/lib/python3.12/site-packages/airflow/example_dags/tutorial_dag.py
[2024-10-27T03:13:02.460+0000] {logging_mixin.py:190} INFO - [2024-10-27T03:13:02.460+0000] {dag.py:3239} INFO - Sync 1 DAGs
[2024-10-27T03:13:02.474+0000] {logging_mixin.py:190} INFO - [2024-10-27T03:13:02.474+0000] {dag.py:4180} INFO - Setting next_dagrun for tutorial_dag to None, run_after=None
[2024-10-27T03:13:02.499+0000] {processor.py:208} INFO - Processing /home/airflow/.local/lib/python3.12/site-packages/airflow/example_dags/tutorial_dag.py took 0.079 seconds
[2024-10-27T03:13:35.439+0000] {processor.py:186} INFO - Started process (PID=69941) to work on /home/airflow/.local/lib/python3.12/site-packages/airflow/example_dags/tutorial_dag.py
[2024-10-27T03:13:35.440+0000] {processor.py:914} INFO - Processing file /home/airflow/.local/lib/python3.12/site-packages/airflow/example_dags/tutorial_dag.py for tasks to queue
[2024-10-27T03:13:35.443+0000] {logging_mixin.py:190} INFO - [2024-10-27T03:13:35.443+0000] {dagbag.py:588} INFO - Filling up the DagBag from /home/airflow/.local/lib/python3.12/site-packages/airflow/example_dags/tutorial_dag.py
[2024-10-27T03:13:35.451+0000] {processor.py:925} INFO - DAG(s) 'tutorial_dag' retrieved from /home/airflow/.local/lib/python3.12/site-packages/airflow/example_dags/tutorial_dag.py
[2024-10-27T03:13:35.471+0000] {logging_mixin.py:190} INFO - [2024-10-27T03:13:35.471+0000] {dag.py:3239} INFO - Sync 1 DAGs
[2024-10-27T03:13:35.485+0000] {logging_mixin.py:190} INFO - [2024-10-27T03:13:35.485+0000] {dag.py:4180} INFO - Setting next_dagrun for tutorial_dag to None, run_after=None
[2024-10-27T03:13:35.511+0000] {processor.py:208} INFO - Processing /home/airflow/.local/lib/python3.12/site-packages/airflow/example_dags/tutorial_dag.py took 0.079 seconds
[2024-10-27T03:14:09.312+0000] {processor.py:186} INFO - Started process (PID=70005) to work on /home/airflow/.local/lib/python3.12/site-packages/airflow/example_dags/tutorial_dag.py
[2024-10-27T03:14:09.313+0000] {processor.py:914} INFO - Processing file /home/airflow/.local/lib/python3.12/site-packages/airflow/example_dags/tutorial_dag.py for tasks to queue
[2024-10-27T03:14:09.320+0000] {logging_mixin.py:190} INFO - [2024-10-27T03:14:09.319+0000] {dagbag.py:588} INFO - Filling up the DagBag from /home/airflow/.local/lib/python3.12/site-packages/airflow/example_dags/tutorial_dag.py
[2024-10-27T03:14:09.328+0000] {processor.py:925} INFO - DAG(s) 'tutorial_dag' retrieved from /home/airflow/.local/lib/python3.12/site-packages/airflow/example_dags/tutorial_dag.py
[2024-10-27T03:14:09.353+0000] {logging_mixin.py:190} INFO - [2024-10-27T03:14:09.353+0000] {dag.py:3239} INFO - Sync 1 DAGs
[2024-10-27T03:14:09.368+0000] {logging_mixin.py:190} INFO - [2024-10-27T03:14:09.368+0000] {dag.py:4180} INFO - Setting next_dagrun for tutorial_dag to None, run_after=None
[2024-10-27T03:14:09.391+0000] {processor.py:208} INFO - Processing /home/airflow/.local/lib/python3.12/site-packages/airflow/example_dags/tutorial_dag.py took 0.085 seconds
[2024-10-27T03:14:40.890+0000] {processor.py:186} INFO - Started process (PID=70069) to work on /home/airflow/.local/lib/python3.12/site-packages/airflow/example_dags/tutorial_dag.py
[2024-10-27T03:14:40.891+0000] {processor.py:914} INFO - Processing file /home/airflow/.local/lib/python3.12/site-packages/airflow/example_dags/tutorial_dag.py for tasks to queue
[2024-10-27T03:14:40.895+0000] {logging_mixin.py:190} INFO - [2024-10-27T03:14:40.894+0000] {dagbag.py:588} INFO - Filling up the DagBag from /home/airflow/.local/lib/python3.12/site-packages/airflow/example_dags/tutorial_dag.py
[2024-10-27T03:14:40.902+0000] {processor.py:925} INFO - DAG(s) 'tutorial_dag' retrieved from /home/airflow/.local/lib/python3.12/site-packages/airflow/example_dags/tutorial_dag.py
[2024-10-27T03:14:40.926+0000] {logging_mixin.py:190} INFO - [2024-10-27T03:14:40.925+0000] {dag.py:3239} INFO - Sync 1 DAGs
[2024-10-27T03:14:40.941+0000] {logging_mixin.py:190} INFO - [2024-10-27T03:14:40.941+0000] {dag.py:4180} INFO - Setting next_dagrun for tutorial_dag to None, run_after=None
[2024-10-27T03:14:40.962+0000] {processor.py:208} INFO - Processing /home/airflow/.local/lib/python3.12/site-packages/airflow/example_dags/tutorial_dag.py took 0.078 seconds
[2024-10-27T03:15:14.553+0000] {processor.py:186} INFO - Started process (PID=70133) to work on /home/airflow/.local/lib/python3.12/site-packages/airflow/example_dags/tutorial_dag.py
[2024-10-27T03:15:14.554+0000] {processor.py:914} INFO - Processing file /home/airflow/.local/lib/python3.12/site-packages/airflow/example_dags/tutorial_dag.py for tasks to queue
[2024-10-27T03:15:14.556+0000] {logging_mixin.py:190} INFO - [2024-10-27T03:15:14.556+0000] {dagbag.py:588} INFO - Filling up the DagBag from /home/airflow/.local/lib/python3.12/site-packages/airflow/example_dags/tutorial_dag.py
[2024-10-27T03:15:14.565+0000] {processor.py:925} INFO - DAG(s) 'tutorial_dag' retrieved from /home/airflow/.local/lib/python3.12/site-packages/airflow/example_dags/tutorial_dag.py
[2024-10-27T03:15:14.587+0000] {logging_mixin.py:190} INFO - [2024-10-27T03:15:14.587+0000] {dag.py:3239} INFO - Sync 1 DAGs
[2024-10-27T03:15:14.600+0000] {logging_mixin.py:190} INFO - [2024-10-27T03:15:14.600+0000] {dag.py:4180} INFO - Setting next_dagrun for tutorial_dag to None, run_after=None
[2024-10-27T03:15:14.627+0000] {processor.py:208} INFO - Processing /home/airflow/.local/lib/python3.12/site-packages/airflow/example_dags/tutorial_dag.py took 0.080 seconds
[2024-10-27T03:15:46.953+0000] {processor.py:186} INFO - Started process (PID=70197) to work on /home/airflow/.local/lib/python3.12/site-packages/airflow/example_dags/tutorial_dag.py
[2024-10-27T03:15:46.954+0000] {processor.py:914} INFO - Processing file /home/airflow/.local/lib/python3.12/site-packages/airflow/example_dags/tutorial_dag.py for tasks to queue
[2024-10-27T03:15:46.957+0000] {logging_mixin.py:190} INFO - [2024-10-27T03:15:46.957+0000] {dagbag.py:588} INFO - Filling up the DagBag from /home/airflow/.local/lib/python3.12/site-packages/airflow/example_dags/tutorial_dag.py
[2024-10-27T03:15:46.969+0000] {processor.py:925} INFO - DAG(s) 'tutorial_dag' retrieved from /home/airflow/.local/lib/python3.12/site-packages/airflow/example_dags/tutorial_dag.py
[2024-10-27T03:15:46.995+0000] {logging_mixin.py:190} INFO - [2024-10-27T03:15:46.994+0000] {dag.py:3239} INFO - Sync 1 DAGs
[2024-10-27T03:15:47.010+0000] {logging_mixin.py:190} INFO - [2024-10-27T03:15:47.009+0000] {dag.py:4180} INFO - Setting next_dagrun for tutorial_dag to None, run_after=None
[2024-10-27T03:15:47.031+0000] {processor.py:208} INFO - Processing /home/airflow/.local/lib/python3.12/site-packages/airflow/example_dags/tutorial_dag.py took 0.085 seconds
[2024-10-27T03:16:19.580+0000] {processor.py:186} INFO - Started process (PID=70261) to work on /home/airflow/.local/lib/python3.12/site-packages/airflow/example_dags/tutorial_dag.py
[2024-10-27T03:16:19.581+0000] {processor.py:914} INFO - Processing file /home/airflow/.local/lib/python3.12/site-packages/airflow/example_dags/tutorial_dag.py for tasks to queue
[2024-10-27T03:16:19.585+0000] {logging_mixin.py:190} INFO - [2024-10-27T03:16:19.584+0000] {dagbag.py:588} INFO - Filling up the DagBag from /home/airflow/.local/lib/python3.12/site-packages/airflow/example_dags/tutorial_dag.py
[2024-10-27T03:16:19.592+0000] {processor.py:925} INFO - DAG(s) 'tutorial_dag' retrieved from /home/airflow/.local/lib/python3.12/site-packages/airflow/example_dags/tutorial_dag.py
[2024-10-27T03:16:19.614+0000] {logging_mixin.py:190} INFO - [2024-10-27T03:16:19.613+0000] {dag.py:3239} INFO - Sync 1 DAGs
[2024-10-27T03:16:19.627+0000] {logging_mixin.py:190} INFO - [2024-10-27T03:16:19.627+0000] {dag.py:4180} INFO - Setting next_dagrun for tutorial_dag to None, run_after=None
[2024-10-27T03:16:19.651+0000] {processor.py:208} INFO - Processing /home/airflow/.local/lib/python3.12/site-packages/airflow/example_dags/tutorial_dag.py took 0.076 seconds
[2024-10-27T03:16:52.445+0000] {processor.py:186} INFO - Started process (PID=70325) to work on /home/airflow/.local/lib/python3.12/site-packages/airflow/example_dags/tutorial_dag.py
[2024-10-27T03:16:52.446+0000] {processor.py:914} INFO - Processing file /home/airflow/.local/lib/python3.12/site-packages/airflow/example_dags/tutorial_dag.py for tasks to queue
[2024-10-27T03:16:52.449+0000] {logging_mixin.py:190} INFO - [2024-10-27T03:16:52.448+0000] {dagbag.py:588} INFO - Filling up the DagBag from /home/airflow/.local/lib/python3.12/site-packages/airflow/example_dags/tutorial_dag.py
[2024-10-27T03:16:52.455+0000] {processor.py:925} INFO - DAG(s) 'tutorial_dag' retrieved from /home/airflow/.local/lib/python3.12/site-packages/airflow/example_dags/tutorial_dag.py
[2024-10-27T03:16:52.476+0000] {logging_mixin.py:190} INFO - [2024-10-27T03:16:52.476+0000] {dag.py:3239} INFO - Sync 1 DAGs
[2024-10-27T03:16:52.491+0000] {logging_mixin.py:190} INFO - [2024-10-27T03:16:52.490+0000] {dag.py:4180} INFO - Setting next_dagrun for tutorial_dag to None, run_after=None
[2024-10-27T03:16:52.509+0000] {processor.py:208} INFO - Processing /home/airflow/.local/lib/python3.12/site-packages/airflow/example_dags/tutorial_dag.py took 0.074 seconds
[2024-10-27T03:17:24.540+0000] {processor.py:186} INFO - Started process (PID=70389) to work on /home/airflow/.local/lib/python3.12/site-packages/airflow/example_dags/tutorial_dag.py
[2024-10-27T03:17:24.542+0000] {processor.py:914} INFO - Processing file /home/airflow/.local/lib/python3.12/site-packages/airflow/example_dags/tutorial_dag.py for tasks to queue
[2024-10-27T03:17:24.544+0000] {logging_mixin.py:190} INFO - [2024-10-27T03:17:24.544+0000] {dagbag.py:588} INFO - Filling up the DagBag from /home/airflow/.local/lib/python3.12/site-packages/airflow/example_dags/tutorial_dag.py
[2024-10-27T03:17:24.551+0000] {processor.py:925} INFO - DAG(s) 'tutorial_dag' retrieved from /home/airflow/.local/lib/python3.12/site-packages/airflow/example_dags/tutorial_dag.py
[2024-10-27T03:17:24.572+0000] {logging_mixin.py:190} INFO - [2024-10-27T03:17:24.571+0000] {dag.py:3239} INFO - Sync 1 DAGs
[2024-10-27T03:17:24.585+0000] {logging_mixin.py:190} INFO - [2024-10-27T03:17:24.584+0000] {dag.py:4180} INFO - Setting next_dagrun for tutorial_dag to None, run_after=None
[2024-10-27T03:17:24.603+0000] {processor.py:208} INFO - Processing /home/airflow/.local/lib/python3.12/site-packages/airflow/example_dags/tutorial_dag.py took 0.069 seconds
[2024-10-27T03:17:59.175+0000] {processor.py:186} INFO - Started process (PID=70453) to work on /home/airflow/.local/lib/python3.12/site-packages/airflow/example_dags/tutorial_dag.py
[2024-10-27T03:17:59.176+0000] {processor.py:914} INFO - Processing file /home/airflow/.local/lib/python3.12/site-packages/airflow/example_dags/tutorial_dag.py for tasks to queue
[2024-10-27T03:17:59.180+0000] {logging_mixin.py:190} INFO - [2024-10-27T03:17:59.179+0000] {dagbag.py:588} INFO - Filling up the DagBag from /home/airflow/.local/lib/python3.12/site-packages/airflow/example_dags/tutorial_dag.py
[2024-10-27T03:17:59.192+0000] {processor.py:925} INFO - DAG(s) 'tutorial_dag' retrieved from /home/airflow/.local/lib/python3.12/site-packages/airflow/example_dags/tutorial_dag.py
[2024-10-27T03:17:59.215+0000] {logging_mixin.py:190} INFO - [2024-10-27T03:17:59.215+0000] {dag.py:3239} INFO - Sync 1 DAGs
[2024-10-27T03:17:59.234+0000] {logging_mixin.py:190} INFO - [2024-10-27T03:17:59.234+0000] {dag.py:4180} INFO - Setting next_dagrun for tutorial_dag to None, run_after=None
[2024-10-27T03:17:59.264+0000] {processor.py:208} INFO - Processing /home/airflow/.local/lib/python3.12/site-packages/airflow/example_dags/tutorial_dag.py took 0.101 seconds
[2024-10-27T03:18:30.580+0000] {processor.py:186} INFO - Started process (PID=70517) to work on /home/airflow/.local/lib/python3.12/site-packages/airflow/example_dags/tutorial_dag.py
[2024-10-27T03:18:30.582+0000] {processor.py:914} INFO - Processing file /home/airflow/.local/lib/python3.12/site-packages/airflow/example_dags/tutorial_dag.py for tasks to queue
[2024-10-27T03:18:30.584+0000] {logging_mixin.py:190} INFO - [2024-10-27T03:18:30.584+0000] {dagbag.py:588} INFO - Filling up the DagBag from /home/airflow/.local/lib/python3.12/site-packages/airflow/example_dags/tutorial_dag.py
[2024-10-27T03:18:30.594+0000] {processor.py:925} INFO - DAG(s) 'tutorial_dag' retrieved from /home/airflow/.local/lib/python3.12/site-packages/airflow/example_dags/tutorial_dag.py
[2024-10-27T03:18:30.616+0000] {logging_mixin.py:190} INFO - [2024-10-27T03:18:30.615+0000] {dag.py:3239} INFO - Sync 1 DAGs
[2024-10-27T03:18:30.632+0000] {logging_mixin.py:190} INFO - [2024-10-27T03:18:30.632+0000] {dag.py:4180} INFO - Setting next_dagrun for tutorial_dag to None, run_after=None
[2024-10-27T03:18:30.660+0000] {processor.py:208} INFO - Processing /home/airflow/.local/lib/python3.12/site-packages/airflow/example_dags/tutorial_dag.py took 0.089 seconds
[2024-10-27T03:19:04.935+0000] {processor.py:186} INFO - Started process (PID=70581) to work on /home/airflow/.local/lib/python3.12/site-packages/airflow/example_dags/tutorial_dag.py
[2024-10-27T03:19:04.937+0000] {processor.py:914} INFO - Processing file /home/airflow/.local/lib/python3.12/site-packages/airflow/example_dags/tutorial_dag.py for tasks to queue
[2024-10-27T03:19:04.946+0000] {logging_mixin.py:190} INFO - [2024-10-27T03:19:04.945+0000] {dagbag.py:588} INFO - Filling up the DagBag from /home/airflow/.local/lib/python3.12/site-packages/airflow/example_dags/tutorial_dag.py
[2024-10-27T03:19:04.980+0000] {processor.py:925} INFO - DAG(s) 'tutorial_dag' retrieved from /home/airflow/.local/lib/python3.12/site-packages/airflow/example_dags/tutorial_dag.py
[2024-10-27T03:19:05.042+0000] {logging_mixin.py:190} INFO - [2024-10-27T03:19:05.042+0000] {dag.py:3239} INFO - Sync 1 DAGs
[2024-10-27T03:19:05.090+0000] {logging_mixin.py:190} INFO - [2024-10-27T03:19:05.090+0000] {dag.py:4180} INFO - Setting next_dagrun for tutorial_dag to None, run_after=None
[2024-10-27T03:19:05.152+0000] {processor.py:208} INFO - Processing /home/airflow/.local/lib/python3.12/site-packages/airflow/example_dags/tutorial_dag.py took 0.234 seconds
[2024-10-27T03:19:36.456+0000] {processor.py:186} INFO - Started process (PID=70645) to work on /home/airflow/.local/lib/python3.12/site-packages/airflow/example_dags/tutorial_dag.py
[2024-10-27T03:19:36.457+0000] {processor.py:914} INFO - Processing file /home/airflow/.local/lib/python3.12/site-packages/airflow/example_dags/tutorial_dag.py for tasks to queue
[2024-10-27T03:19:36.459+0000] {logging_mixin.py:190} INFO - [2024-10-27T03:19:36.459+0000] {dagbag.py:588} INFO - Filling up the DagBag from /home/airflow/.local/lib/python3.12/site-packages/airflow/example_dags/tutorial_dag.py
[2024-10-27T03:19:36.467+0000] {processor.py:925} INFO - DAG(s) 'tutorial_dag' retrieved from /home/airflow/.local/lib/python3.12/site-packages/airflow/example_dags/tutorial_dag.py
[2024-10-27T03:19:36.486+0000] {logging_mixin.py:190} INFO - [2024-10-27T03:19:36.485+0000] {dag.py:3239} INFO - Sync 1 DAGs
[2024-10-27T03:19:36.501+0000] {logging_mixin.py:190} INFO - [2024-10-27T03:19:36.500+0000] {dag.py:4180} INFO - Setting next_dagrun for tutorial_dag to None, run_after=None
[2024-10-27T03:19:36.524+0000] {processor.py:208} INFO - Processing /home/airflow/.local/lib/python3.12/site-packages/airflow/example_dags/tutorial_dag.py took 0.074 seconds
[2024-10-27T03:20:08.877+0000] {processor.py:186} INFO - Started process (PID=70709) to work on /home/airflow/.local/lib/python3.12/site-packages/airflow/example_dags/tutorial_dag.py
[2024-10-27T03:20:08.878+0000] {processor.py:914} INFO - Processing file /home/airflow/.local/lib/python3.12/site-packages/airflow/example_dags/tutorial_dag.py for tasks to queue
[2024-10-27T03:20:08.880+0000] {logging_mixin.py:190} INFO - [2024-10-27T03:20:08.880+0000] {dagbag.py:588} INFO - Filling up the DagBag from /home/airflow/.local/lib/python3.12/site-packages/airflow/example_dags/tutorial_dag.py
[2024-10-27T03:20:08.887+0000] {processor.py:925} INFO - DAG(s) 'tutorial_dag' retrieved from /home/airflow/.local/lib/python3.12/site-packages/airflow/example_dags/tutorial_dag.py
[2024-10-27T03:20:08.904+0000] {logging_mixin.py:190} INFO - [2024-10-27T03:20:08.904+0000] {dag.py:3239} INFO - Sync 1 DAGs
[2024-10-27T03:20:08.917+0000] {logging_mixin.py:190} INFO - [2024-10-27T03:20:08.917+0000] {dag.py:4180} INFO - Setting next_dagrun for tutorial_dag to None, run_after=None
[2024-10-27T03:20:08.939+0000] {processor.py:208} INFO - Processing /home/airflow/.local/lib/python3.12/site-packages/airflow/example_dags/tutorial_dag.py took 0.068 seconds
[2024-10-27T03:20:41.131+0000] {processor.py:186} INFO - Started process (PID=70773) to work on /home/airflow/.local/lib/python3.12/site-packages/airflow/example_dags/tutorial_dag.py
[2024-10-27T03:20:41.132+0000] {processor.py:914} INFO - Processing file /home/airflow/.local/lib/python3.12/site-packages/airflow/example_dags/tutorial_dag.py for tasks to queue
[2024-10-27T03:20:41.135+0000] {logging_mixin.py:190} INFO - [2024-10-27T03:20:41.135+0000] {dagbag.py:588} INFO - Filling up the DagBag from /home/airflow/.local/lib/python3.12/site-packages/airflow/example_dags/tutorial_dag.py
[2024-10-27T03:20:41.144+0000] {processor.py:925} INFO - DAG(s) 'tutorial_dag' retrieved from /home/airflow/.local/lib/python3.12/site-packages/airflow/example_dags/tutorial_dag.py
[2024-10-27T03:20:41.165+0000] {logging_mixin.py:190} INFO - [2024-10-27T03:20:41.165+0000] {dag.py:3239} INFO - Sync 1 DAGs
[2024-10-27T03:20:41.178+0000] {logging_mixin.py:190} INFO - [2024-10-27T03:20:41.178+0000] {dag.py:4180} INFO - Setting next_dagrun for tutorial_dag to None, run_after=None
[2024-10-27T03:20:41.199+0000] {processor.py:208} INFO - Processing /home/airflow/.local/lib/python3.12/site-packages/airflow/example_dags/tutorial_dag.py took 0.074 seconds
[2024-10-27T03:21:14.604+0000] {processor.py:186} INFO - Started process (PID=70837) to work on /home/airflow/.local/lib/python3.12/site-packages/airflow/example_dags/tutorial_dag.py
[2024-10-27T03:21:14.606+0000] {processor.py:914} INFO - Processing file /home/airflow/.local/lib/python3.12/site-packages/airflow/example_dags/tutorial_dag.py for tasks to queue
[2024-10-27T03:21:14.609+0000] {logging_mixin.py:190} INFO - [2024-10-27T03:21:14.608+0000] {dagbag.py:588} INFO - Filling up the DagBag from /home/airflow/.local/lib/python3.12/site-packages/airflow/example_dags/tutorial_dag.py
[2024-10-27T03:21:14.617+0000] {processor.py:925} INFO - DAG(s) 'tutorial_dag' retrieved from /home/airflow/.local/lib/python3.12/site-packages/airflow/example_dags/tutorial_dag.py
[2024-10-27T03:21:14.634+0000] {logging_mixin.py:190} INFO - [2024-10-27T03:21:14.634+0000] {dag.py:3239} INFO - Sync 1 DAGs
[2024-10-27T03:21:14.650+0000] {logging_mixin.py:190} INFO - [2024-10-27T03:21:14.650+0000] {dag.py:4180} INFO - Setting next_dagrun for tutorial_dag to None, run_after=None
[2024-10-27T03:21:14.680+0000] {processor.py:208} INFO - Processing /home/airflow/.local/lib/python3.12/site-packages/airflow/example_dags/tutorial_dag.py took 0.081 seconds
[2024-10-27T03:21:47.058+0000] {processor.py:186} INFO - Started process (PID=70901) to work on /home/airflow/.local/lib/python3.12/site-packages/airflow/example_dags/tutorial_dag.py
[2024-10-27T03:21:47.059+0000] {processor.py:914} INFO - Processing file /home/airflow/.local/lib/python3.12/site-packages/airflow/example_dags/tutorial_dag.py for tasks to queue
[2024-10-27T03:21:47.061+0000] {logging_mixin.py:190} INFO - [2024-10-27T03:21:47.061+0000] {dagbag.py:588} INFO - Filling up the DagBag from /home/airflow/.local/lib/python3.12/site-packages/airflow/example_dags/tutorial_dag.py
[2024-10-27T03:21:47.068+0000] {processor.py:925} INFO - DAG(s) 'tutorial_dag' retrieved from /home/airflow/.local/lib/python3.12/site-packages/airflow/example_dags/tutorial_dag.py
[2024-10-27T03:21:47.092+0000] {logging_mixin.py:190} INFO - [2024-10-27T03:21:47.091+0000] {dag.py:3239} INFO - Sync 1 DAGs
[2024-10-27T03:21:47.105+0000] {logging_mixin.py:190} INFO - [2024-10-27T03:21:47.105+0000] {dag.py:4180} INFO - Setting next_dagrun for tutorial_dag to None, run_after=None
[2024-10-27T03:21:47.126+0000] {processor.py:208} INFO - Processing /home/airflow/.local/lib/python3.12/site-packages/airflow/example_dags/tutorial_dag.py took 0.074 seconds
[2024-10-27T03:22:19.511+0000] {processor.py:186} INFO - Started process (PID=70965) to work on /home/airflow/.local/lib/python3.12/site-packages/airflow/example_dags/tutorial_dag.py
[2024-10-27T03:22:19.513+0000] {processor.py:914} INFO - Processing file /home/airflow/.local/lib/python3.12/site-packages/airflow/example_dags/tutorial_dag.py for tasks to queue
[2024-10-27T03:22:19.517+0000] {logging_mixin.py:190} INFO - [2024-10-27T03:22:19.517+0000] {dagbag.py:588} INFO - Filling up the DagBag from /home/airflow/.local/lib/python3.12/site-packages/airflow/example_dags/tutorial_dag.py
[2024-10-27T03:22:19.525+0000] {processor.py:925} INFO - DAG(s) 'tutorial_dag' retrieved from /home/airflow/.local/lib/python3.12/site-packages/airflow/example_dags/tutorial_dag.py
[2024-10-27T03:22:19.548+0000] {logging_mixin.py:190} INFO - [2024-10-27T03:22:19.547+0000] {dag.py:3239} INFO - Sync 1 DAGs
[2024-10-27T03:22:19.562+0000] {logging_mixin.py:190} INFO - [2024-10-27T03:22:19.562+0000] {dag.py:4180} INFO - Setting next_dagrun for tutorial_dag to None, run_after=None
[2024-10-27T03:22:19.585+0000] {processor.py:208} INFO - Processing /home/airflow/.local/lib/python3.12/site-packages/airflow/example_dags/tutorial_dag.py took 0.079 seconds
[2024-10-27T03:22:51.998+0000] {processor.py:186} INFO - Started process (PID=71030) to work on /home/airflow/.local/lib/python3.12/site-packages/airflow/example_dags/tutorial_dag.py
[2024-10-27T03:22:52.000+0000] {processor.py:914} INFO - Processing file /home/airflow/.local/lib/python3.12/site-packages/airflow/example_dags/tutorial_dag.py for tasks to queue
[2024-10-27T03:22:52.002+0000] {logging_mixin.py:190} INFO - [2024-10-27T03:22:52.002+0000] {dagbag.py:588} INFO - Filling up the DagBag from /home/airflow/.local/lib/python3.12/site-packages/airflow/example_dags/tutorial_dag.py
[2024-10-27T03:22:52.009+0000] {processor.py:925} INFO - DAG(s) 'tutorial_dag' retrieved from /home/airflow/.local/lib/python3.12/site-packages/airflow/example_dags/tutorial_dag.py
[2024-10-27T03:22:52.027+0000] {logging_mixin.py:190} INFO - [2024-10-27T03:22:52.026+0000] {dag.py:3239} INFO - Sync 1 DAGs
[2024-10-27T03:22:52.041+0000] {logging_mixin.py:190} INFO - [2024-10-27T03:22:52.040+0000] {dag.py:4180} INFO - Setting next_dagrun for tutorial_dag to None, run_after=None
[2024-10-27T03:22:52.062+0000] {processor.py:208} INFO - Processing /home/airflow/.local/lib/python3.12/site-packages/airflow/example_dags/tutorial_dag.py took 0.071 seconds
[2024-10-27T03:23:24.689+0000] {processor.py:186} INFO - Started process (PID=71094) to work on /home/airflow/.local/lib/python3.12/site-packages/airflow/example_dags/tutorial_dag.py
[2024-10-27T03:23:24.691+0000] {processor.py:914} INFO - Processing file /home/airflow/.local/lib/python3.12/site-packages/airflow/example_dags/tutorial_dag.py for tasks to queue
[2024-10-27T03:23:24.695+0000] {logging_mixin.py:190} INFO - [2024-10-27T03:23:24.694+0000] {dagbag.py:588} INFO - Filling up the DagBag from /home/airflow/.local/lib/python3.12/site-packages/airflow/example_dags/tutorial_dag.py
[2024-10-27T03:23:24.703+0000] {processor.py:925} INFO - DAG(s) 'tutorial_dag' retrieved from /home/airflow/.local/lib/python3.12/site-packages/airflow/example_dags/tutorial_dag.py
[2024-10-27T03:23:24.728+0000] {logging_mixin.py:190} INFO - [2024-10-27T03:23:24.728+0000] {dag.py:3239} INFO - Sync 1 DAGs
[2024-10-27T03:23:24.741+0000] {logging_mixin.py:190} INFO - [2024-10-27T03:23:24.741+0000] {dag.py:4180} INFO - Setting next_dagrun for tutorial_dag to None, run_after=None
[2024-10-27T03:23:24.761+0000] {processor.py:208} INFO - Processing /home/airflow/.local/lib/python3.12/site-packages/airflow/example_dags/tutorial_dag.py took 0.079 seconds
[2024-10-27T03:23:57.989+0000] {processor.py:186} INFO - Started process (PID=71158) to work on /home/airflow/.local/lib/python3.12/site-packages/airflow/example_dags/tutorial_dag.py
[2024-10-27T03:23:57.990+0000] {processor.py:914} INFO - Processing file /home/airflow/.local/lib/python3.12/site-packages/airflow/example_dags/tutorial_dag.py for tasks to queue
[2024-10-27T03:23:57.992+0000] {logging_mixin.py:190} INFO - [2024-10-27T03:23:57.992+0000] {dagbag.py:588} INFO - Filling up the DagBag from /home/airflow/.local/lib/python3.12/site-packages/airflow/example_dags/tutorial_dag.py
[2024-10-27T03:23:57.999+0000] {processor.py:925} INFO - DAG(s) 'tutorial_dag' retrieved from /home/airflow/.local/lib/python3.12/site-packages/airflow/example_dags/tutorial_dag.py
[2024-10-27T03:23:58.021+0000] {logging_mixin.py:190} INFO - [2024-10-27T03:23:58.021+0000] {dag.py:3239} INFO - Sync 1 DAGs
[2024-10-27T03:23:58.035+0000] {logging_mixin.py:190} INFO - [2024-10-27T03:23:58.035+0000] {dag.py:4180} INFO - Setting next_dagrun for tutorial_dag to None, run_after=None
[2024-10-27T03:23:58.057+0000] {processor.py:208} INFO - Processing /home/airflow/.local/lib/python3.12/site-packages/airflow/example_dags/tutorial_dag.py took 0.074 seconds
[2024-10-27T03:24:32.121+0000] {processor.py:186} INFO - Started process (PID=71222) to work on /home/airflow/.local/lib/python3.12/site-packages/airflow/example_dags/tutorial_dag.py
[2024-10-27T03:24:32.122+0000] {processor.py:914} INFO - Processing file /home/airflow/.local/lib/python3.12/site-packages/airflow/example_dags/tutorial_dag.py for tasks to queue
[2024-10-27T03:24:32.125+0000] {logging_mixin.py:190} INFO - [2024-10-27T03:24:32.124+0000] {dagbag.py:588} INFO - Filling up the DagBag from /home/airflow/.local/lib/python3.12/site-packages/airflow/example_dags/tutorial_dag.py
[2024-10-27T03:24:32.132+0000] {processor.py:925} INFO - DAG(s) 'tutorial_dag' retrieved from /home/airflow/.local/lib/python3.12/site-packages/airflow/example_dags/tutorial_dag.py
[2024-10-27T03:24:32.150+0000] {logging_mixin.py:190} INFO - [2024-10-27T03:24:32.149+0000] {dag.py:3239} INFO - Sync 1 DAGs
[2024-10-27T03:24:32.164+0000] {logging_mixin.py:190} INFO - [2024-10-27T03:24:32.163+0000] {dag.py:4180} INFO - Setting next_dagrun for tutorial_dag to None, run_after=None
[2024-10-27T03:24:32.383+0000] {processor.py:208} INFO - Processing /home/airflow/.local/lib/python3.12/site-packages/airflow/example_dags/tutorial_dag.py took 0.269 seconds
[2024-10-27T03:25:03.789+0000] {processor.py:186} INFO - Started process (PID=71286) to work on /home/airflow/.local/lib/python3.12/site-packages/airflow/example_dags/tutorial_dag.py
[2024-10-27T03:25:03.790+0000] {processor.py:914} INFO - Processing file /home/airflow/.local/lib/python3.12/site-packages/airflow/example_dags/tutorial_dag.py for tasks to queue
[2024-10-27T03:25:03.793+0000] {logging_mixin.py:190} INFO - [2024-10-27T03:25:03.793+0000] {dagbag.py:588} INFO - Filling up the DagBag from /home/airflow/.local/lib/python3.12/site-packages/airflow/example_dags/tutorial_dag.py
[2024-10-27T03:25:03.802+0000] {processor.py:925} INFO - DAG(s) 'tutorial_dag' retrieved from /home/airflow/.local/lib/python3.12/site-packages/airflow/example_dags/tutorial_dag.py
[2024-10-27T03:25:03.822+0000] {logging_mixin.py:190} INFO - [2024-10-27T03:25:03.821+0000] {dag.py:3239} INFO - Sync 1 DAGs
[2024-10-27T03:25:03.836+0000] {logging_mixin.py:190} INFO - [2024-10-27T03:25:03.835+0000] {dag.py:4180} INFO - Setting next_dagrun for tutorial_dag to None, run_after=None
[2024-10-27T03:25:04.024+0000] {processor.py:208} INFO - Processing /home/airflow/.local/lib/python3.12/site-packages/airflow/example_dags/tutorial_dag.py took 0.242 seconds
[2024-10-27T03:25:37.004+0000] {processor.py:186} INFO - Started process (PID=71350) to work on /home/airflow/.local/lib/python3.12/site-packages/airflow/example_dags/tutorial_dag.py
[2024-10-27T03:25:37.006+0000] {processor.py:914} INFO - Processing file /home/airflow/.local/lib/python3.12/site-packages/airflow/example_dags/tutorial_dag.py for tasks to queue
[2024-10-27T03:25:37.009+0000] {logging_mixin.py:190} INFO - [2024-10-27T03:25:37.008+0000] {dagbag.py:588} INFO - Filling up the DagBag from /home/airflow/.local/lib/python3.12/site-packages/airflow/example_dags/tutorial_dag.py
[2024-10-27T03:25:37.018+0000] {processor.py:925} INFO - DAG(s) 'tutorial_dag' retrieved from /home/airflow/.local/lib/python3.12/site-packages/airflow/example_dags/tutorial_dag.py
[2024-10-27T03:25:37.042+0000] {logging_mixin.py:190} INFO - [2024-10-27T03:25:37.041+0000] {dag.py:3239} INFO - Sync 1 DAGs
[2024-10-27T03:25:37.057+0000] {logging_mixin.py:190} INFO - [2024-10-27T03:25:37.057+0000] {dag.py:4180} INFO - Setting next_dagrun for tutorial_dag to None, run_after=None
[2024-10-27T03:25:37.082+0000] {processor.py:208} INFO - Processing /home/airflow/.local/lib/python3.12/site-packages/airflow/example_dags/tutorial_dag.py took 0.085 seconds
[2024-10-27T03:26:08.589+0000] {processor.py:186} INFO - Started process (PID=71414) to work on /home/airflow/.local/lib/python3.12/site-packages/airflow/example_dags/tutorial_dag.py
[2024-10-27T03:26:08.590+0000] {processor.py:914} INFO - Processing file /home/airflow/.local/lib/python3.12/site-packages/airflow/example_dags/tutorial_dag.py for tasks to queue
[2024-10-27T03:26:08.595+0000] {logging_mixin.py:190} INFO - [2024-10-27T03:26:08.594+0000] {dagbag.py:588} INFO - Filling up the DagBag from /home/airflow/.local/lib/python3.12/site-packages/airflow/example_dags/tutorial_dag.py
[2024-10-27T03:26:08.605+0000] {processor.py:925} INFO - DAG(s) 'tutorial_dag' retrieved from /home/airflow/.local/lib/python3.12/site-packages/airflow/example_dags/tutorial_dag.py
[2024-10-27T03:26:08.624+0000] {logging_mixin.py:190} INFO - [2024-10-27T03:26:08.624+0000] {dag.py:3239} INFO - Sync 1 DAGs
[2024-10-27T03:26:08.638+0000] {logging_mixin.py:190} INFO - [2024-10-27T03:26:08.638+0000] {dag.py:4180} INFO - Setting next_dagrun for tutorial_dag to None, run_after=None
[2024-10-27T03:26:08.658+0000] {processor.py:208} INFO - Processing /home/airflow/.local/lib/python3.12/site-packages/airflow/example_dags/tutorial_dag.py took 0.077 seconds
[2024-10-27T03:26:40.641+0000] {processor.py:186} INFO - Started process (PID=71479) to work on /home/airflow/.local/lib/python3.12/site-packages/airflow/example_dags/tutorial_dag.py
[2024-10-27T03:26:40.642+0000] {processor.py:914} INFO - Processing file /home/airflow/.local/lib/python3.12/site-packages/airflow/example_dags/tutorial_dag.py for tasks to queue
[2024-10-27T03:26:40.646+0000] {logging_mixin.py:190} INFO - [2024-10-27T03:26:40.646+0000] {dagbag.py:588} INFO - Filling up the DagBag from /home/airflow/.local/lib/python3.12/site-packages/airflow/example_dags/tutorial_dag.py
[2024-10-27T03:26:40.654+0000] {processor.py:925} INFO - DAG(s) 'tutorial_dag' retrieved from /home/airflow/.local/lib/python3.12/site-packages/airflow/example_dags/tutorial_dag.py
[2024-10-27T03:26:40.679+0000] {logging_mixin.py:190} INFO - [2024-10-27T03:26:40.679+0000] {dag.py:3239} INFO - Sync 1 DAGs
[2024-10-27T03:26:40.694+0000] {logging_mixin.py:190} INFO - [2024-10-27T03:26:40.694+0000] {dag.py:4180} INFO - Setting next_dagrun for tutorial_dag to None, run_after=None
[2024-10-27T03:26:40.719+0000] {processor.py:208} INFO - Processing /home/airflow/.local/lib/python3.12/site-packages/airflow/example_dags/tutorial_dag.py took 0.085 seconds
[2024-10-27T03:27:13.523+0000] {processor.py:186} INFO - Started process (PID=71543) to work on /home/airflow/.local/lib/python3.12/site-packages/airflow/example_dags/tutorial_dag.py
[2024-10-27T03:27:13.523+0000] {processor.py:914} INFO - Processing file /home/airflow/.local/lib/python3.12/site-packages/airflow/example_dags/tutorial_dag.py for tasks to queue
[2024-10-27T03:27:13.526+0000] {logging_mixin.py:190} INFO - [2024-10-27T03:27:13.526+0000] {dagbag.py:588} INFO - Filling up the DagBag from /home/airflow/.local/lib/python3.12/site-packages/airflow/example_dags/tutorial_dag.py
[2024-10-27T03:27:13.534+0000] {processor.py:925} INFO - DAG(s) 'tutorial_dag' retrieved from /home/airflow/.local/lib/python3.12/site-packages/airflow/example_dags/tutorial_dag.py
[2024-10-27T03:27:13.551+0000] {logging_mixin.py:190} INFO - [2024-10-27T03:27:13.551+0000] {dag.py:3239} INFO - Sync 1 DAGs
[2024-10-27T03:27:13.564+0000] {logging_mixin.py:190} INFO - [2024-10-27T03:27:13.563+0000] {dag.py:4180} INFO - Setting next_dagrun for tutorial_dag to None, run_after=None
[2024-10-27T03:27:13.586+0000] {processor.py:208} INFO - Processing /home/airflow/.local/lib/python3.12/site-packages/airflow/example_dags/tutorial_dag.py took 0.069 seconds
[2024-10-27T03:27:46.412+0000] {processor.py:186} INFO - Started process (PID=71607) to work on /home/airflow/.local/lib/python3.12/site-packages/airflow/example_dags/tutorial_dag.py
[2024-10-27T03:27:46.413+0000] {processor.py:914} INFO - Processing file /home/airflow/.local/lib/python3.12/site-packages/airflow/example_dags/tutorial_dag.py for tasks to queue
[2024-10-27T03:27:46.415+0000] {logging_mixin.py:190} INFO - [2024-10-27T03:27:46.415+0000] {dagbag.py:588} INFO - Filling up the DagBag from /home/airflow/.local/lib/python3.12/site-packages/airflow/example_dags/tutorial_dag.py
[2024-10-27T03:27:46.422+0000] {processor.py:925} INFO - DAG(s) 'tutorial_dag' retrieved from /home/airflow/.local/lib/python3.12/site-packages/airflow/example_dags/tutorial_dag.py
[2024-10-27T03:27:46.442+0000] {logging_mixin.py:190} INFO - [2024-10-27T03:27:46.442+0000] {dag.py:3239} INFO - Sync 1 DAGs
[2024-10-27T03:27:46.456+0000] {logging_mixin.py:190} INFO - [2024-10-27T03:27:46.456+0000] {dag.py:4180} INFO - Setting next_dagrun for tutorial_dag to None, run_after=None
[2024-10-27T03:27:46.476+0000] {processor.py:208} INFO - Processing /home/airflow/.local/lib/python3.12/site-packages/airflow/example_dags/tutorial_dag.py took 0.070 seconds
[2024-10-27T03:28:19.520+0000] {processor.py:186} INFO - Started process (PID=71671) to work on /home/airflow/.local/lib/python3.12/site-packages/airflow/example_dags/tutorial_dag.py
[2024-10-27T03:28:19.521+0000] {processor.py:914} INFO - Processing file /home/airflow/.local/lib/python3.12/site-packages/airflow/example_dags/tutorial_dag.py for tasks to queue
[2024-10-27T03:28:19.523+0000] {logging_mixin.py:190} INFO - [2024-10-27T03:28:19.523+0000] {dagbag.py:588} INFO - Filling up the DagBag from /home/airflow/.local/lib/python3.12/site-packages/airflow/example_dags/tutorial_dag.py
[2024-10-27T03:28:19.530+0000] {processor.py:925} INFO - DAG(s) 'tutorial_dag' retrieved from /home/airflow/.local/lib/python3.12/site-packages/airflow/example_dags/tutorial_dag.py
[2024-10-27T03:28:19.548+0000] {logging_mixin.py:190} INFO - [2024-10-27T03:28:19.548+0000] {dag.py:3239} INFO - Sync 1 DAGs
[2024-10-27T03:28:19.561+0000] {logging_mixin.py:190} INFO - [2024-10-27T03:28:19.561+0000] {dag.py:4180} INFO - Setting next_dagrun for tutorial_dag to None, run_after=None
[2024-10-27T03:28:19.580+0000] {processor.py:208} INFO - Processing /home/airflow/.local/lib/python3.12/site-packages/airflow/example_dags/tutorial_dag.py took 0.066 seconds
[2024-10-27T03:28:52.164+0000] {processor.py:186} INFO - Started process (PID=71735) to work on /home/airflow/.local/lib/python3.12/site-packages/airflow/example_dags/tutorial_dag.py
[2024-10-27T03:28:52.165+0000] {processor.py:914} INFO - Processing file /home/airflow/.local/lib/python3.12/site-packages/airflow/example_dags/tutorial_dag.py for tasks to queue
[2024-10-27T03:28:52.168+0000] {logging_mixin.py:190} INFO - [2024-10-27T03:28:52.167+0000] {dagbag.py:588} INFO - Filling up the DagBag from /home/airflow/.local/lib/python3.12/site-packages/airflow/example_dags/tutorial_dag.py
[2024-10-27T03:28:52.175+0000] {processor.py:925} INFO - DAG(s) 'tutorial_dag' retrieved from /home/airflow/.local/lib/python3.12/site-packages/airflow/example_dags/tutorial_dag.py
[2024-10-27T03:28:52.197+0000] {logging_mixin.py:190} INFO - [2024-10-27T03:28:52.197+0000] {dag.py:3239} INFO - Sync 1 DAGs
[2024-10-27T03:28:52.213+0000] {logging_mixin.py:190} INFO - [2024-10-27T03:28:52.212+0000] {dag.py:4180} INFO - Setting next_dagrun for tutorial_dag to None, run_after=None
[2024-10-27T03:28:52.234+0000] {processor.py:208} INFO - Processing /home/airflow/.local/lib/python3.12/site-packages/airflow/example_dags/tutorial_dag.py took 0.077 seconds
[2024-10-27T03:29:25.142+0000] {processor.py:186} INFO - Started process (PID=71799) to work on /home/airflow/.local/lib/python3.12/site-packages/airflow/example_dags/tutorial_dag.py
[2024-10-27T03:29:25.143+0000] {processor.py:914} INFO - Processing file /home/airflow/.local/lib/python3.12/site-packages/airflow/example_dags/tutorial_dag.py for tasks to queue
[2024-10-27T03:29:25.146+0000] {logging_mixin.py:190} INFO - [2024-10-27T03:29:25.145+0000] {dagbag.py:588} INFO - Filling up the DagBag from /home/airflow/.local/lib/python3.12/site-packages/airflow/example_dags/tutorial_dag.py
[2024-10-27T03:29:25.152+0000] {processor.py:925} INFO - DAG(s) 'tutorial_dag' retrieved from /home/airflow/.local/lib/python3.12/site-packages/airflow/example_dags/tutorial_dag.py
[2024-10-27T03:29:25.171+0000] {logging_mixin.py:190} INFO - [2024-10-27T03:29:25.171+0000] {dag.py:3239} INFO - Sync 1 DAGs
[2024-10-27T03:29:25.187+0000] {logging_mixin.py:190} INFO - [2024-10-27T03:29:25.186+0000] {dag.py:4180} INFO - Setting next_dagrun for tutorial_dag to None, run_after=None
[2024-10-27T03:29:25.207+0000] {processor.py:208} INFO - Processing /home/airflow/.local/lib/python3.12/site-packages/airflow/example_dags/tutorial_dag.py took 0.070 seconds
[2024-10-27T03:29:57.536+0000] {processor.py:186} INFO - Started process (PID=71863) to work on /home/airflow/.local/lib/python3.12/site-packages/airflow/example_dags/tutorial_dag.py
[2024-10-27T03:29:57.537+0000] {processor.py:914} INFO - Processing file /home/airflow/.local/lib/python3.12/site-packages/airflow/example_dags/tutorial_dag.py for tasks to queue
[2024-10-27T03:29:57.540+0000] {logging_mixin.py:190} INFO - [2024-10-27T03:29:57.539+0000] {dagbag.py:588} INFO - Filling up the DagBag from /home/airflow/.local/lib/python3.12/site-packages/airflow/example_dags/tutorial_dag.py
[2024-10-27T03:29:57.546+0000] {processor.py:925} INFO - DAG(s) 'tutorial_dag' retrieved from /home/airflow/.local/lib/python3.12/site-packages/airflow/example_dags/tutorial_dag.py
[2024-10-27T03:29:57.567+0000] {logging_mixin.py:190} INFO - [2024-10-27T03:29:57.566+0000] {dag.py:3239} INFO - Sync 1 DAGs
[2024-10-27T03:29:57.585+0000] {logging_mixin.py:190} INFO - [2024-10-27T03:29:57.584+0000] {dag.py:4180} INFO - Setting next_dagrun for tutorial_dag to None, run_after=None
[2024-10-27T03:29:57.609+0000] {processor.py:208} INFO - Processing /home/airflow/.local/lib/python3.12/site-packages/airflow/example_dags/tutorial_dag.py took 0.079 seconds
[2024-10-27T03:30:29.968+0000] {processor.py:186} INFO - Started process (PID=71927) to work on /home/airflow/.local/lib/python3.12/site-packages/airflow/example_dags/tutorial_dag.py
[2024-10-27T03:30:29.969+0000] {processor.py:914} INFO - Processing file /home/airflow/.local/lib/python3.12/site-packages/airflow/example_dags/tutorial_dag.py for tasks to queue
[2024-10-27T03:30:29.972+0000] {logging_mixin.py:190} INFO - [2024-10-27T03:30:29.972+0000] {dagbag.py:588} INFO - Filling up the DagBag from /home/airflow/.local/lib/python3.12/site-packages/airflow/example_dags/tutorial_dag.py
[2024-10-27T03:30:29.982+0000] {processor.py:925} INFO - DAG(s) 'tutorial_dag' retrieved from /home/airflow/.local/lib/python3.12/site-packages/airflow/example_dags/tutorial_dag.py
[2024-10-27T03:30:30.006+0000] {logging_mixin.py:190} INFO - [2024-10-27T03:30:30.006+0000] {dag.py:3239} INFO - Sync 1 DAGs
[2024-10-27T03:30:30.026+0000] {logging_mixin.py:190} INFO - [2024-10-27T03:30:30.026+0000] {dag.py:4180} INFO - Setting next_dagrun for tutorial_dag to None, run_after=None
[2024-10-27T03:30:30.053+0000] {processor.py:208} INFO - Processing /home/airflow/.local/lib/python3.12/site-packages/airflow/example_dags/tutorial_dag.py took 0.092 seconds
[2024-10-27T03:31:02.976+0000] {processor.py:186} INFO - Started process (PID=71991) to work on /home/airflow/.local/lib/python3.12/site-packages/airflow/example_dags/tutorial_dag.py
[2024-10-27T03:31:02.978+0000] {processor.py:914} INFO - Processing file /home/airflow/.local/lib/python3.12/site-packages/airflow/example_dags/tutorial_dag.py for tasks to queue
[2024-10-27T03:31:02.982+0000] {logging_mixin.py:190} INFO - [2024-10-27T03:31:02.981+0000] {dagbag.py:588} INFO - Filling up the DagBag from /home/airflow/.local/lib/python3.12/site-packages/airflow/example_dags/tutorial_dag.py
[2024-10-27T03:31:02.992+0000] {processor.py:925} INFO - DAG(s) 'tutorial_dag' retrieved from /home/airflow/.local/lib/python3.12/site-packages/airflow/example_dags/tutorial_dag.py
[2024-10-27T03:31:03.015+0000] {logging_mixin.py:190} INFO - [2024-10-27T03:31:03.014+0000] {dag.py:3239} INFO - Sync 1 DAGs
[2024-10-27T03:31:03.029+0000] {logging_mixin.py:190} INFO - [2024-10-27T03:31:03.029+0000] {dag.py:4180} INFO - Setting next_dagrun for tutorial_dag to None, run_after=None
[2024-10-27T03:31:03.054+0000] {processor.py:208} INFO - Processing /home/airflow/.local/lib/python3.12/site-packages/airflow/example_dags/tutorial_dag.py took 0.084 seconds
[2024-10-27T03:31:36.047+0000] {processor.py:186} INFO - Started process (PID=72055) to work on /home/airflow/.local/lib/python3.12/site-packages/airflow/example_dags/tutorial_dag.py
[2024-10-27T03:31:36.048+0000] {processor.py:914} INFO - Processing file /home/airflow/.local/lib/python3.12/site-packages/airflow/example_dags/tutorial_dag.py for tasks to queue
[2024-10-27T03:31:36.051+0000] {logging_mixin.py:190} INFO - [2024-10-27T03:31:36.051+0000] {dagbag.py:588} INFO - Filling up the DagBag from /home/airflow/.local/lib/python3.12/site-packages/airflow/example_dags/tutorial_dag.py
[2024-10-27T03:31:36.058+0000] {processor.py:925} INFO - DAG(s) 'tutorial_dag' retrieved from /home/airflow/.local/lib/python3.12/site-packages/airflow/example_dags/tutorial_dag.py
[2024-10-27T03:31:36.078+0000] {logging_mixin.py:190} INFO - [2024-10-27T03:31:36.077+0000] {dag.py:3239} INFO - Sync 1 DAGs
[2024-10-27T03:31:36.091+0000] {logging_mixin.py:190} INFO - [2024-10-27T03:31:36.091+0000] {dag.py:4180} INFO - Setting next_dagrun for tutorial_dag to None, run_after=None
[2024-10-27T03:31:36.111+0000] {processor.py:208} INFO - Processing /home/airflow/.local/lib/python3.12/site-packages/airflow/example_dags/tutorial_dag.py took 0.070 seconds
[2024-10-27T03:32:08.751+0000] {processor.py:186} INFO - Started process (PID=72119) to work on /home/airflow/.local/lib/python3.12/site-packages/airflow/example_dags/tutorial_dag.py
[2024-10-27T03:32:08.752+0000] {processor.py:914} INFO - Processing file /home/airflow/.local/lib/python3.12/site-packages/airflow/example_dags/tutorial_dag.py for tasks to queue
[2024-10-27T03:32:08.757+0000] {logging_mixin.py:190} INFO - [2024-10-27T03:32:08.756+0000] {dagbag.py:588} INFO - Filling up the DagBag from /home/airflow/.local/lib/python3.12/site-packages/airflow/example_dags/tutorial_dag.py
[2024-10-27T03:32:08.767+0000] {processor.py:925} INFO - DAG(s) 'tutorial_dag' retrieved from /home/airflow/.local/lib/python3.12/site-packages/airflow/example_dags/tutorial_dag.py
[2024-10-27T03:32:08.790+0000] {logging_mixin.py:190} INFO - [2024-10-27T03:32:08.790+0000] {dag.py:3239} INFO - Sync 1 DAGs
[2024-10-27T03:32:08.806+0000] {logging_mixin.py:190} INFO - [2024-10-27T03:32:08.806+0000] {dag.py:4180} INFO - Setting next_dagrun for tutorial_dag to None, run_after=None
[2024-10-27T03:32:08.829+0000] {processor.py:208} INFO - Processing /home/airflow/.local/lib/python3.12/site-packages/airflow/example_dags/tutorial_dag.py took 0.085 seconds
[2024-10-27T03:32:40.823+0000] {processor.py:186} INFO - Started process (PID=72183) to work on /home/airflow/.local/lib/python3.12/site-packages/airflow/example_dags/tutorial_dag.py
[2024-10-27T03:32:40.824+0000] {processor.py:914} INFO - Processing file /home/airflow/.local/lib/python3.12/site-packages/airflow/example_dags/tutorial_dag.py for tasks to queue
[2024-10-27T03:32:40.827+0000] {logging_mixin.py:190} INFO - [2024-10-27T03:32:40.826+0000] {dagbag.py:588} INFO - Filling up the DagBag from /home/airflow/.local/lib/python3.12/site-packages/airflow/example_dags/tutorial_dag.py
[2024-10-27T03:32:40.834+0000] {processor.py:925} INFO - DAG(s) 'tutorial_dag' retrieved from /home/airflow/.local/lib/python3.12/site-packages/airflow/example_dags/tutorial_dag.py
[2024-10-27T03:32:40.852+0000] {logging_mixin.py:190} INFO - [2024-10-27T03:32:40.852+0000] {dag.py:3239} INFO - Sync 1 DAGs
[2024-10-27T03:32:40.866+0000] {logging_mixin.py:190} INFO - [2024-10-27T03:32:40.865+0000] {dag.py:4180} INFO - Setting next_dagrun for tutorial_dag to None, run_after=None
[2024-10-27T03:32:40.886+0000] {processor.py:208} INFO - Processing /home/airflow/.local/lib/python3.12/site-packages/airflow/example_dags/tutorial_dag.py took 0.070 seconds
[2024-10-27T03:33:13.725+0000] {processor.py:186} INFO - Started process (PID=72247) to work on /home/airflow/.local/lib/python3.12/site-packages/airflow/example_dags/tutorial_dag.py
[2024-10-27T03:33:13.726+0000] {processor.py:914} INFO - Processing file /home/airflow/.local/lib/python3.12/site-packages/airflow/example_dags/tutorial_dag.py for tasks to queue
[2024-10-27T03:33:13.729+0000] {logging_mixin.py:190} INFO - [2024-10-27T03:33:13.729+0000] {dagbag.py:588} INFO - Filling up the DagBag from /home/airflow/.local/lib/python3.12/site-packages/airflow/example_dags/tutorial_dag.py
[2024-10-27T03:33:13.736+0000] {processor.py:925} INFO - DAG(s) 'tutorial_dag' retrieved from /home/airflow/.local/lib/python3.12/site-packages/airflow/example_dags/tutorial_dag.py
[2024-10-27T03:33:13.754+0000] {logging_mixin.py:190} INFO - [2024-10-27T03:33:13.754+0000] {dag.py:3239} INFO - Sync 1 DAGs
[2024-10-27T03:33:13.767+0000] {logging_mixin.py:190} INFO - [2024-10-27T03:33:13.767+0000] {dag.py:4180} INFO - Setting next_dagrun for tutorial_dag to None, run_after=None
[2024-10-27T03:33:13.788+0000] {processor.py:208} INFO - Processing /home/airflow/.local/lib/python3.12/site-packages/airflow/example_dags/tutorial_dag.py took 0.068 seconds
[2024-10-27T03:33:46.311+0000] {processor.py:186} INFO - Started process (PID=72311) to work on /home/airflow/.local/lib/python3.12/site-packages/airflow/example_dags/tutorial_dag.py
[2024-10-27T03:33:46.312+0000] {processor.py:914} INFO - Processing file /home/airflow/.local/lib/python3.12/site-packages/airflow/example_dags/tutorial_dag.py for tasks to queue
[2024-10-27T03:33:46.315+0000] {logging_mixin.py:190} INFO - [2024-10-27T03:33:46.315+0000] {dagbag.py:588} INFO - Filling up the DagBag from /home/airflow/.local/lib/python3.12/site-packages/airflow/example_dags/tutorial_dag.py
[2024-10-27T03:33:46.323+0000] {processor.py:925} INFO - DAG(s) 'tutorial_dag' retrieved from /home/airflow/.local/lib/python3.12/site-packages/airflow/example_dags/tutorial_dag.py
[2024-10-27T03:33:46.349+0000] {logging_mixin.py:190} INFO - [2024-10-27T03:33:46.349+0000] {dag.py:3239} INFO - Sync 1 DAGs
[2024-10-27T03:33:46.373+0000] {logging_mixin.py:190} INFO - [2024-10-27T03:33:46.373+0000] {dag.py:4180} INFO - Setting next_dagrun for tutorial_dag to None, run_after=None
[2024-10-27T03:33:46.399+0000] {processor.py:208} INFO - Processing /home/airflow/.local/lib/python3.12/site-packages/airflow/example_dags/tutorial_dag.py took 0.096 seconds
[2024-10-27T03:34:19.389+0000] {processor.py:186} INFO - Started process (PID=72376) to work on /home/airflow/.local/lib/python3.12/site-packages/airflow/example_dags/tutorial_dag.py
[2024-10-27T03:34:19.390+0000] {processor.py:914} INFO - Processing file /home/airflow/.local/lib/python3.12/site-packages/airflow/example_dags/tutorial_dag.py for tasks to queue
[2024-10-27T03:34:19.393+0000] {logging_mixin.py:190} INFO - [2024-10-27T03:34:19.392+0000] {dagbag.py:588} INFO - Filling up the DagBag from /home/airflow/.local/lib/python3.12/site-packages/airflow/example_dags/tutorial_dag.py
[2024-10-27T03:34:19.404+0000] {processor.py:925} INFO - DAG(s) 'tutorial_dag' retrieved from /home/airflow/.local/lib/python3.12/site-packages/airflow/example_dags/tutorial_dag.py
[2024-10-27T03:34:19.430+0000] {logging_mixin.py:190} INFO - [2024-10-27T03:34:19.430+0000] {dag.py:3239} INFO - Sync 1 DAGs
[2024-10-27T03:34:19.453+0000] {logging_mixin.py:190} INFO - [2024-10-27T03:34:19.453+0000] {dag.py:4180} INFO - Setting next_dagrun for tutorial_dag to None, run_after=None
[2024-10-27T03:34:19.480+0000] {processor.py:208} INFO - Processing /home/airflow/.local/lib/python3.12/site-packages/airflow/example_dags/tutorial_dag.py took 0.099 seconds
[2024-10-27T03:34:52.208+0000] {processor.py:186} INFO - Started process (PID=72440) to work on /home/airflow/.local/lib/python3.12/site-packages/airflow/example_dags/tutorial_dag.py
[2024-10-27T03:34:52.209+0000] {processor.py:914} INFO - Processing file /home/airflow/.local/lib/python3.12/site-packages/airflow/example_dags/tutorial_dag.py for tasks to queue
[2024-10-27T03:34:52.212+0000] {logging_mixin.py:190} INFO - [2024-10-27T03:34:52.212+0000] {dagbag.py:588} INFO - Filling up the DagBag from /home/airflow/.local/lib/python3.12/site-packages/airflow/example_dags/tutorial_dag.py
[2024-10-27T03:34:52.220+0000] {processor.py:925} INFO - DAG(s) 'tutorial_dag' retrieved from /home/airflow/.local/lib/python3.12/site-packages/airflow/example_dags/tutorial_dag.py
[2024-10-27T03:34:52.239+0000] {logging_mixin.py:190} INFO - [2024-10-27T03:34:52.239+0000] {dag.py:3239} INFO - Sync 1 DAGs
[2024-10-27T03:34:52.253+0000] {logging_mixin.py:190} INFO - [2024-10-27T03:34:52.253+0000] {dag.py:4180} INFO - Setting next_dagrun for tutorial_dag to None, run_after=None
[2024-10-27T03:34:52.276+0000] {processor.py:208} INFO - Processing /home/airflow/.local/lib/python3.12/site-packages/airflow/example_dags/tutorial_dag.py took 0.075 seconds
[2024-10-27T03:35:25.159+0000] {processor.py:186} INFO - Started process (PID=72504) to work on /home/airflow/.local/lib/python3.12/site-packages/airflow/example_dags/tutorial_dag.py
[2024-10-27T03:35:25.161+0000] {processor.py:914} INFO - Processing file /home/airflow/.local/lib/python3.12/site-packages/airflow/example_dags/tutorial_dag.py for tasks to queue
[2024-10-27T03:35:25.165+0000] {logging_mixin.py:190} INFO - [2024-10-27T03:35:25.164+0000] {dagbag.py:588} INFO - Filling up the DagBag from /home/airflow/.local/lib/python3.12/site-packages/airflow/example_dags/tutorial_dag.py
[2024-10-27T03:35:25.171+0000] {processor.py:925} INFO - DAG(s) 'tutorial_dag' retrieved from /home/airflow/.local/lib/python3.12/site-packages/airflow/example_dags/tutorial_dag.py
[2024-10-27T03:35:25.189+0000] {logging_mixin.py:190} INFO - [2024-10-27T03:35:25.189+0000] {dag.py:3239} INFO - Sync 1 DAGs
[2024-10-27T03:35:25.205+0000] {logging_mixin.py:190} INFO - [2024-10-27T03:35:25.205+0000] {dag.py:4180} INFO - Setting next_dagrun for tutorial_dag to None, run_after=None
[2024-10-27T03:35:25.223+0000] {processor.py:208} INFO - Processing /home/airflow/.local/lib/python3.12/site-packages/airflow/example_dags/tutorial_dag.py took 0.075 seconds
[2024-10-27T03:35:57.131+0000] {processor.py:186} INFO - Started process (PID=72568) to work on /home/airflow/.local/lib/python3.12/site-packages/airflow/example_dags/tutorial_dag.py
[2024-10-27T03:35:57.132+0000] {processor.py:914} INFO - Processing file /home/airflow/.local/lib/python3.12/site-packages/airflow/example_dags/tutorial_dag.py for tasks to queue
[2024-10-27T03:35:57.135+0000] {logging_mixin.py:190} INFO - [2024-10-27T03:35:57.134+0000] {dagbag.py:588} INFO - Filling up the DagBag from /home/airflow/.local/lib/python3.12/site-packages/airflow/example_dags/tutorial_dag.py
[2024-10-27T03:35:57.144+0000] {processor.py:925} INFO - DAG(s) 'tutorial_dag' retrieved from /home/airflow/.local/lib/python3.12/site-packages/airflow/example_dags/tutorial_dag.py
[2024-10-27T03:35:57.164+0000] {logging_mixin.py:190} INFO - [2024-10-27T03:35:57.164+0000] {dag.py:3239} INFO - Sync 1 DAGs
[2024-10-27T03:35:57.180+0000] {logging_mixin.py:190} INFO - [2024-10-27T03:35:57.180+0000] {dag.py:4180} INFO - Setting next_dagrun for tutorial_dag to None, run_after=None
[2024-10-27T03:35:57.209+0000] {processor.py:208} INFO - Processing /home/airflow/.local/lib/python3.12/site-packages/airflow/example_dags/tutorial_dag.py took 0.084 seconds
[2024-10-27T03:36:30.769+0000] {processor.py:186} INFO - Started process (PID=72632) to work on /home/airflow/.local/lib/python3.12/site-packages/airflow/example_dags/tutorial_dag.py
[2024-10-27T03:36:30.770+0000] {processor.py:914} INFO - Processing file /home/airflow/.local/lib/python3.12/site-packages/airflow/example_dags/tutorial_dag.py for tasks to queue
[2024-10-27T03:36:30.772+0000] {logging_mixin.py:190} INFO - [2024-10-27T03:36:30.772+0000] {dagbag.py:588} INFO - Filling up the DagBag from /home/airflow/.local/lib/python3.12/site-packages/airflow/example_dags/tutorial_dag.py
[2024-10-27T03:36:30.780+0000] {processor.py:925} INFO - DAG(s) 'tutorial_dag' retrieved from /home/airflow/.local/lib/python3.12/site-packages/airflow/example_dags/tutorial_dag.py
[2024-10-27T03:36:30.800+0000] {logging_mixin.py:190} INFO - [2024-10-27T03:36:30.800+0000] {dag.py:3239} INFO - Sync 1 DAGs
[2024-10-27T03:36:30.814+0000] {logging_mixin.py:190} INFO - [2024-10-27T03:36:30.814+0000] {dag.py:4180} INFO - Setting next_dagrun for tutorial_dag to None, run_after=None
[2024-10-27T03:36:30.839+0000] {processor.py:208} INFO - Processing /home/airflow/.local/lib/python3.12/site-packages/airflow/example_dags/tutorial_dag.py took 0.076 seconds
[2024-10-27T03:37:02.843+0000] {processor.py:186} INFO - Started process (PID=72696) to work on /home/airflow/.local/lib/python3.12/site-packages/airflow/example_dags/tutorial_dag.py
[2024-10-27T03:37:02.845+0000] {processor.py:914} INFO - Processing file /home/airflow/.local/lib/python3.12/site-packages/airflow/example_dags/tutorial_dag.py for tasks to queue
[2024-10-27T03:37:02.848+0000] {logging_mixin.py:190} INFO - [2024-10-27T03:37:02.847+0000] {dagbag.py:588} INFO - Filling up the DagBag from /home/airflow/.local/lib/python3.12/site-packages/airflow/example_dags/tutorial_dag.py
[2024-10-27T03:37:02.856+0000] {processor.py:925} INFO - DAG(s) 'tutorial_dag' retrieved from /home/airflow/.local/lib/python3.12/site-packages/airflow/example_dags/tutorial_dag.py
[2024-10-27T03:37:02.877+0000] {logging_mixin.py:190} INFO - [2024-10-27T03:37:02.877+0000] {dag.py:3239} INFO - Sync 1 DAGs
[2024-10-27T03:37:02.893+0000] {logging_mixin.py:190} INFO - [2024-10-27T03:37:02.893+0000] {dag.py:4180} INFO - Setting next_dagrun for tutorial_dag to None, run_after=None
[2024-10-27T03:37:02.921+0000] {processor.py:208} INFO - Processing /home/airflow/.local/lib/python3.12/site-packages/airflow/example_dags/tutorial_dag.py took 0.083 seconds
[2024-10-27T03:37:35.969+0000] {processor.py:186} INFO - Started process (PID=72760) to work on /home/airflow/.local/lib/python3.12/site-packages/airflow/example_dags/tutorial_dag.py
[2024-10-27T03:37:35.970+0000] {processor.py:914} INFO - Processing file /home/airflow/.local/lib/python3.12/site-packages/airflow/example_dags/tutorial_dag.py for tasks to queue
[2024-10-27T03:37:35.972+0000] {logging_mixin.py:190} INFO - [2024-10-27T03:37:35.971+0000] {dagbag.py:588} INFO - Filling up the DagBag from /home/airflow/.local/lib/python3.12/site-packages/airflow/example_dags/tutorial_dag.py
[2024-10-27T03:37:35.979+0000] {processor.py:925} INFO - DAG(s) 'tutorial_dag' retrieved from /home/airflow/.local/lib/python3.12/site-packages/airflow/example_dags/tutorial_dag.py
[2024-10-27T03:37:35.996+0000] {logging_mixin.py:190} INFO - [2024-10-27T03:37:35.996+0000] {dag.py:3239} INFO - Sync 1 DAGs
[2024-10-27T03:37:36.009+0000] {logging_mixin.py:190} INFO - [2024-10-27T03:37:36.008+0000] {dag.py:4180} INFO - Setting next_dagrun for tutorial_dag to None, run_after=None
[2024-10-27T03:37:36.029+0000] {processor.py:208} INFO - Processing /home/airflow/.local/lib/python3.12/site-packages/airflow/example_dags/tutorial_dag.py took 0.065 seconds
[2024-10-27T03:38:08.798+0000] {processor.py:186} INFO - Started process (PID=72824) to work on /home/airflow/.local/lib/python3.12/site-packages/airflow/example_dags/tutorial_dag.py
[2024-10-27T03:38:08.799+0000] {processor.py:914} INFO - Processing file /home/airflow/.local/lib/python3.12/site-packages/airflow/example_dags/tutorial_dag.py for tasks to queue
[2024-10-27T03:38:08.802+0000] {logging_mixin.py:190} INFO - [2024-10-27T03:38:08.801+0000] {dagbag.py:588} INFO - Filling up the DagBag from /home/airflow/.local/lib/python3.12/site-packages/airflow/example_dags/tutorial_dag.py
[2024-10-27T03:38:08.810+0000] {processor.py:925} INFO - DAG(s) 'tutorial_dag' retrieved from /home/airflow/.local/lib/python3.12/site-packages/airflow/example_dags/tutorial_dag.py
[2024-10-27T03:38:08.829+0000] {logging_mixin.py:190} INFO - [2024-10-27T03:38:08.828+0000] {dag.py:3239} INFO - Sync 1 DAGs
[2024-10-27T03:38:08.842+0000] {logging_mixin.py:190} INFO - [2024-10-27T03:38:08.842+0000] {dag.py:4180} INFO - Setting next_dagrun for tutorial_dag to None, run_after=None
[2024-10-27T03:38:08.861+0000] {processor.py:208} INFO - Processing /home/airflow/.local/lib/python3.12/site-packages/airflow/example_dags/tutorial_dag.py took 0.070 seconds
[2024-10-27T03:38:40.887+0000] {processor.py:186} INFO - Started process (PID=72888) to work on /home/airflow/.local/lib/python3.12/site-packages/airflow/example_dags/tutorial_dag.py
[2024-10-27T03:38:40.888+0000] {processor.py:914} INFO - Processing file /home/airflow/.local/lib/python3.12/site-packages/airflow/example_dags/tutorial_dag.py for tasks to queue
[2024-10-27T03:38:40.891+0000] {logging_mixin.py:190} INFO - [2024-10-27T03:38:40.890+0000] {dagbag.py:588} INFO - Filling up the DagBag from /home/airflow/.local/lib/python3.12/site-packages/airflow/example_dags/tutorial_dag.py
[2024-10-27T03:38:40.897+0000] {processor.py:925} INFO - DAG(s) 'tutorial_dag' retrieved from /home/airflow/.local/lib/python3.12/site-packages/airflow/example_dags/tutorial_dag.py
[2024-10-27T03:38:40.916+0000] {logging_mixin.py:190} INFO - [2024-10-27T03:38:40.916+0000] {dag.py:3239} INFO - Sync 1 DAGs
[2024-10-27T03:38:40.929+0000] {logging_mixin.py:190} INFO - [2024-10-27T03:38:40.929+0000] {dag.py:4180} INFO - Setting next_dagrun for tutorial_dag to None, run_after=None
[2024-10-27T03:38:40.949+0000] {processor.py:208} INFO - Processing /home/airflow/.local/lib/python3.12/site-packages/airflow/example_dags/tutorial_dag.py took 0.068 seconds
[2024-10-27T03:39:13.732+0000] {processor.py:186} INFO - Started process (PID=72952) to work on /home/airflow/.local/lib/python3.12/site-packages/airflow/example_dags/tutorial_dag.py
[2024-10-27T03:39:13.733+0000] {processor.py:914} INFO - Processing file /home/airflow/.local/lib/python3.12/site-packages/airflow/example_dags/tutorial_dag.py for tasks to queue
[2024-10-27T03:39:13.736+0000] {logging_mixin.py:190} INFO - [2024-10-27T03:39:13.735+0000] {dagbag.py:588} INFO - Filling up the DagBag from /home/airflow/.local/lib/python3.12/site-packages/airflow/example_dags/tutorial_dag.py
[2024-10-27T03:39:13.743+0000] {processor.py:925} INFO - DAG(s) 'tutorial_dag' retrieved from /home/airflow/.local/lib/python3.12/site-packages/airflow/example_dags/tutorial_dag.py
[2024-10-27T03:39:13.761+0000] {logging_mixin.py:190} INFO - [2024-10-27T03:39:13.761+0000] {dag.py:3239} INFO - Sync 1 DAGs
[2024-10-27T03:39:13.773+0000] {logging_mixin.py:190} INFO - [2024-10-27T03:39:13.773+0000] {dag.py:4180} INFO - Setting next_dagrun for tutorial_dag to None, run_after=None
[2024-10-27T03:39:13.794+0000] {processor.py:208} INFO - Processing /home/airflow/.local/lib/python3.12/site-packages/airflow/example_dags/tutorial_dag.py took 0.068 seconds
[2024-10-27T03:39:46.770+0000] {processor.py:186} INFO - Started process (PID=73016) to work on /home/airflow/.local/lib/python3.12/site-packages/airflow/example_dags/tutorial_dag.py
[2024-10-27T03:39:46.772+0000] {processor.py:914} INFO - Processing file /home/airflow/.local/lib/python3.12/site-packages/airflow/example_dags/tutorial_dag.py for tasks to queue
[2024-10-27T03:39:46.777+0000] {logging_mixin.py:190} INFO - [2024-10-27T03:39:46.776+0000] {dagbag.py:588} INFO - Filling up the DagBag from /home/airflow/.local/lib/python3.12/site-packages/airflow/example_dags/tutorial_dag.py
[2024-10-27T03:39:46.786+0000] {processor.py:925} INFO - DAG(s) 'tutorial_dag' retrieved from /home/airflow/.local/lib/python3.12/site-packages/airflow/example_dags/tutorial_dag.py
[2024-10-27T03:39:46.809+0000] {logging_mixin.py:190} INFO - [2024-10-27T03:39:46.808+0000] {dag.py:3239} INFO - Sync 1 DAGs
[2024-10-27T03:39:46.825+0000] {logging_mixin.py:190} INFO - [2024-10-27T03:39:46.825+0000] {dag.py:4180} INFO - Setting next_dagrun for tutorial_dag to None, run_after=None
[2024-10-27T03:39:46.852+0000] {processor.py:208} INFO - Processing /home/airflow/.local/lib/python3.12/site-packages/airflow/example_dags/tutorial_dag.py took 0.090 seconds
[2024-10-27T03:40:19.904+0000] {processor.py:186} INFO - Started process (PID=73080) to work on /home/airflow/.local/lib/python3.12/site-packages/airflow/example_dags/tutorial_dag.py
[2024-10-27T03:40:19.905+0000] {processor.py:914} INFO - Processing file /home/airflow/.local/lib/python3.12/site-packages/airflow/example_dags/tutorial_dag.py for tasks to queue
[2024-10-27T03:40:19.908+0000] {logging_mixin.py:190} INFO - [2024-10-27T03:40:19.907+0000] {dagbag.py:588} INFO - Filling up the DagBag from /home/airflow/.local/lib/python3.12/site-packages/airflow/example_dags/tutorial_dag.py
[2024-10-27T03:40:19.914+0000] {processor.py:925} INFO - DAG(s) 'tutorial_dag' retrieved from /home/airflow/.local/lib/python3.12/site-packages/airflow/example_dags/tutorial_dag.py
[2024-10-27T03:40:19.932+0000] {logging_mixin.py:190} INFO - [2024-10-27T03:40:19.932+0000] {dag.py:3239} INFO - Sync 1 DAGs
[2024-10-27T03:40:19.946+0000] {logging_mixin.py:190} INFO - [2024-10-27T03:40:19.945+0000] {dag.py:4180} INFO - Setting next_dagrun for tutorial_dag to None, run_after=None
[2024-10-27T03:40:19.968+0000] {processor.py:208} INFO - Processing /home/airflow/.local/lib/python3.12/site-packages/airflow/example_dags/tutorial_dag.py took 0.070 seconds
[2024-10-27T03:40:51.680+0000] {processor.py:186} INFO - Started process (PID=73144) to work on /home/airflow/.local/lib/python3.12/site-packages/airflow/example_dags/tutorial_dag.py
[2024-10-27T03:40:51.681+0000] {processor.py:914} INFO - Processing file /home/airflow/.local/lib/python3.12/site-packages/airflow/example_dags/tutorial_dag.py for tasks to queue
[2024-10-27T03:40:51.684+0000] {logging_mixin.py:190} INFO - [2024-10-27T03:40:51.684+0000] {dagbag.py:588} INFO - Filling up the DagBag from /home/airflow/.local/lib/python3.12/site-packages/airflow/example_dags/tutorial_dag.py
[2024-10-27T03:40:51.690+0000] {processor.py:925} INFO - DAG(s) 'tutorial_dag' retrieved from /home/airflow/.local/lib/python3.12/site-packages/airflow/example_dags/tutorial_dag.py
[2024-10-27T03:40:51.712+0000] {logging_mixin.py:190} INFO - [2024-10-27T03:40:51.712+0000] {dag.py:3239} INFO - Sync 1 DAGs
[2024-10-27T03:40:51.725+0000] {logging_mixin.py:190} INFO - [2024-10-27T03:40:51.725+0000] {dag.py:4180} INFO - Setting next_dagrun for tutorial_dag to None, run_after=None
[2024-10-27T03:40:51.749+0000] {processor.py:208} INFO - Processing /home/airflow/.local/lib/python3.12/site-packages/airflow/example_dags/tutorial_dag.py took 0.077 seconds
[2024-10-27T03:41:24.646+0000] {processor.py:186} INFO - Started process (PID=73208) to work on /home/airflow/.local/lib/python3.12/site-packages/airflow/example_dags/tutorial_dag.py
[2024-10-27T03:41:24.647+0000] {processor.py:914} INFO - Processing file /home/airflow/.local/lib/python3.12/site-packages/airflow/example_dags/tutorial_dag.py for tasks to queue
[2024-10-27T03:41:24.649+0000] {logging_mixin.py:190} INFO - [2024-10-27T03:41:24.649+0000] {dagbag.py:588} INFO - Filling up the DagBag from /home/airflow/.local/lib/python3.12/site-packages/airflow/example_dags/tutorial_dag.py
[2024-10-27T03:41:24.658+0000] {processor.py:925} INFO - DAG(s) 'tutorial_dag' retrieved from /home/airflow/.local/lib/python3.12/site-packages/airflow/example_dags/tutorial_dag.py
[2024-10-27T03:41:24.678+0000] {logging_mixin.py:190} INFO - [2024-10-27T03:41:24.678+0000] {dag.py:3239} INFO - Sync 1 DAGs
[2024-10-27T03:41:24.696+0000] {logging_mixin.py:190} INFO - [2024-10-27T03:41:24.695+0000] {dag.py:4180} INFO - Setting next_dagrun for tutorial_dag to None, run_after=None
[2024-10-27T03:41:24.721+0000] {processor.py:208} INFO - Processing /home/airflow/.local/lib/python3.12/site-packages/airflow/example_dags/tutorial_dag.py took 0.081 seconds
[2024-10-27T03:41:57.427+0000] {processor.py:186} INFO - Started process (PID=73272) to work on /home/airflow/.local/lib/python3.12/site-packages/airflow/example_dags/tutorial_dag.py
[2024-10-27T03:41:57.428+0000] {processor.py:914} INFO - Processing file /home/airflow/.local/lib/python3.12/site-packages/airflow/example_dags/tutorial_dag.py for tasks to queue
[2024-10-27T03:41:57.430+0000] {logging_mixin.py:190} INFO - [2024-10-27T03:41:57.430+0000] {dagbag.py:588} INFO - Filling up the DagBag from /home/airflow/.local/lib/python3.12/site-packages/airflow/example_dags/tutorial_dag.py
[2024-10-27T03:41:57.437+0000] {processor.py:925} INFO - DAG(s) 'tutorial_dag' retrieved from /home/airflow/.local/lib/python3.12/site-packages/airflow/example_dags/tutorial_dag.py
[2024-10-27T03:41:57.456+0000] {logging_mixin.py:190} INFO - [2024-10-27T03:41:57.456+0000] {dag.py:3239} INFO - Sync 1 DAGs
[2024-10-27T03:41:57.469+0000] {logging_mixin.py:190} INFO - [2024-10-27T03:41:57.469+0000] {dag.py:4180} INFO - Setting next_dagrun for tutorial_dag to None, run_after=None
[2024-10-27T03:41:57.488+0000] {processor.py:208} INFO - Processing /home/airflow/.local/lib/python3.12/site-packages/airflow/example_dags/tutorial_dag.py took 0.066 seconds
[2024-10-27T03:42:32.397+0000] {processor.py:186} INFO - Started process (PID=73336) to work on /home/airflow/.local/lib/python3.12/site-packages/airflow/example_dags/tutorial_dag.py
[2024-10-27T03:42:32.399+0000] {processor.py:914} INFO - Processing file /home/airflow/.local/lib/python3.12/site-packages/airflow/example_dags/tutorial_dag.py for tasks to queue
[2024-10-27T03:42:32.401+0000] {logging_mixin.py:190} INFO - [2024-10-27T03:42:32.401+0000] {dagbag.py:588} INFO - Filling up the DagBag from /home/airflow/.local/lib/python3.12/site-packages/airflow/example_dags/tutorial_dag.py
[2024-10-27T03:42:32.413+0000] {processor.py:925} INFO - DAG(s) 'tutorial_dag' retrieved from /home/airflow/.local/lib/python3.12/site-packages/airflow/example_dags/tutorial_dag.py
[2024-10-27T03:42:32.438+0000] {logging_mixin.py:190} INFO - [2024-10-27T03:42:32.437+0000] {dag.py:3239} INFO - Sync 1 DAGs
[2024-10-27T03:42:32.465+0000] {logging_mixin.py:190} INFO - [2024-10-27T03:42:32.465+0000] {dag.py:4180} INFO - Setting next_dagrun for tutorial_dag to None, run_after=None
[2024-10-27T03:42:32.511+0000] {processor.py:208} INFO - Processing /home/airflow/.local/lib/python3.12/site-packages/airflow/example_dags/tutorial_dag.py took 0.123 seconds
[2024-10-27T03:43:03.199+0000] {processor.py:186} INFO - Started process (PID=73400) to work on /home/airflow/.local/lib/python3.12/site-packages/airflow/example_dags/tutorial_dag.py
[2024-10-27T03:43:03.200+0000] {processor.py:914} INFO - Processing file /home/airflow/.local/lib/python3.12/site-packages/airflow/example_dags/tutorial_dag.py for tasks to queue
[2024-10-27T03:43:03.203+0000] {logging_mixin.py:190} INFO - [2024-10-27T03:43:03.202+0000] {dagbag.py:588} INFO - Filling up the DagBag from /home/airflow/.local/lib/python3.12/site-packages/airflow/example_dags/tutorial_dag.py
[2024-10-27T03:43:03.210+0000] {processor.py:925} INFO - DAG(s) 'tutorial_dag' retrieved from /home/airflow/.local/lib/python3.12/site-packages/airflow/example_dags/tutorial_dag.py
[2024-10-27T03:43:03.230+0000] {logging_mixin.py:190} INFO - [2024-10-27T03:43:03.230+0000] {dag.py:3239} INFO - Sync 1 DAGs
[2024-10-27T03:43:03.243+0000] {logging_mixin.py:190} INFO - [2024-10-27T03:43:03.243+0000] {dag.py:4180} INFO - Setting next_dagrun for tutorial_dag to None, run_after=None
[2024-10-27T03:43:03.263+0000] {processor.py:208} INFO - Processing /home/airflow/.local/lib/python3.12/site-packages/airflow/example_dags/tutorial_dag.py took 0.070 seconds
[2024-10-27T03:43:36.007+0000] {processor.py:186} INFO - Started process (PID=73464) to work on /home/airflow/.local/lib/python3.12/site-packages/airflow/example_dags/tutorial_dag.py
[2024-10-27T03:43:36.008+0000] {processor.py:914} INFO - Processing file /home/airflow/.local/lib/python3.12/site-packages/airflow/example_dags/tutorial_dag.py for tasks to queue
[2024-10-27T03:43:36.011+0000] {logging_mixin.py:190} INFO - [2024-10-27T03:43:36.011+0000] {dagbag.py:588} INFO - Filling up the DagBag from /home/airflow/.local/lib/python3.12/site-packages/airflow/example_dags/tutorial_dag.py
[2024-10-27T03:43:36.018+0000] {processor.py:925} INFO - DAG(s) 'tutorial_dag' retrieved from /home/airflow/.local/lib/python3.12/site-packages/airflow/example_dags/tutorial_dag.py
[2024-10-27T03:43:36.037+0000] {logging_mixin.py:190} INFO - [2024-10-27T03:43:36.037+0000] {dag.py:3239} INFO - Sync 1 DAGs
[2024-10-27T03:43:36.051+0000] {logging_mixin.py:190} INFO - [2024-10-27T03:43:36.051+0000] {dag.py:4180} INFO - Setting next_dagrun for tutorial_dag to None, run_after=None
[2024-10-27T03:43:36.070+0000] {processor.py:208} INFO - Processing /home/airflow/.local/lib/python3.12/site-packages/airflow/example_dags/tutorial_dag.py took 0.070 seconds
[2024-10-27T03:44:08.808+0000] {processor.py:186} INFO - Started process (PID=73528) to work on /home/airflow/.local/lib/python3.12/site-packages/airflow/example_dags/tutorial_dag.py
[2024-10-27T03:44:08.810+0000] {processor.py:914} INFO - Processing file /home/airflow/.local/lib/python3.12/site-packages/airflow/example_dags/tutorial_dag.py for tasks to queue
[2024-10-27T03:44:08.814+0000] {logging_mixin.py:190} INFO - [2024-10-27T03:44:08.813+0000] {dagbag.py:588} INFO - Filling up the DagBag from /home/airflow/.local/lib/python3.12/site-packages/airflow/example_dags/tutorial_dag.py
[2024-10-27T03:44:08.822+0000] {processor.py:925} INFO - DAG(s) 'tutorial_dag' retrieved from /home/airflow/.local/lib/python3.12/site-packages/airflow/example_dags/tutorial_dag.py
[2024-10-27T03:44:08.844+0000] {logging_mixin.py:190} INFO - [2024-10-27T03:44:08.844+0000] {dag.py:3239} INFO - Sync 1 DAGs
[2024-10-27T03:44:08.858+0000] {logging_mixin.py:190} INFO - [2024-10-27T03:44:08.858+0000] {dag.py:4180} INFO - Setting next_dagrun for tutorial_dag to None, run_after=None
[2024-10-27T03:44:08.880+0000] {processor.py:208} INFO - Processing /home/airflow/.local/lib/python3.12/site-packages/airflow/example_dags/tutorial_dag.py took 0.079 seconds
[2024-10-27T03:44:40.779+0000] {processor.py:186} INFO - Started process (PID=73592) to work on /home/airflow/.local/lib/python3.12/site-packages/airflow/example_dags/tutorial_dag.py
[2024-10-27T03:44:40.780+0000] {processor.py:914} INFO - Processing file /home/airflow/.local/lib/python3.12/site-packages/airflow/example_dags/tutorial_dag.py for tasks to queue
[2024-10-27T03:44:40.782+0000] {logging_mixin.py:190} INFO - [2024-10-27T03:44:40.781+0000] {dagbag.py:588} INFO - Filling up the DagBag from /home/airflow/.local/lib/python3.12/site-packages/airflow/example_dags/tutorial_dag.py
[2024-10-27T03:44:40.789+0000] {processor.py:925} INFO - DAG(s) 'tutorial_dag' retrieved from /home/airflow/.local/lib/python3.12/site-packages/airflow/example_dags/tutorial_dag.py
[2024-10-27T03:44:40.806+0000] {logging_mixin.py:190} INFO - [2024-10-27T03:44:40.806+0000] {dag.py:3239} INFO - Sync 1 DAGs
[2024-10-27T03:44:40.820+0000] {logging_mixin.py:190} INFO - [2024-10-27T03:44:40.820+0000] {dag.py:4180} INFO - Setting next_dagrun for tutorial_dag to None, run_after=None
[2024-10-27T03:44:40.843+0000] {processor.py:208} INFO - Processing /home/airflow/.local/lib/python3.12/site-packages/airflow/example_dags/tutorial_dag.py took 0.069 seconds
[2024-10-27T03:45:13.461+0000] {processor.py:186} INFO - Started process (PID=73656) to work on /home/airflow/.local/lib/python3.12/site-packages/airflow/example_dags/tutorial_dag.py
[2024-10-27T03:45:13.463+0000] {processor.py:914} INFO - Processing file /home/airflow/.local/lib/python3.12/site-packages/airflow/example_dags/tutorial_dag.py for tasks to queue
[2024-10-27T03:45:13.465+0000] {logging_mixin.py:190} INFO - [2024-10-27T03:45:13.465+0000] {dagbag.py:588} INFO - Filling up the DagBag from /home/airflow/.local/lib/python3.12/site-packages/airflow/example_dags/tutorial_dag.py
[2024-10-27T03:45:13.473+0000] {processor.py:925} INFO - DAG(s) 'tutorial_dag' retrieved from /home/airflow/.local/lib/python3.12/site-packages/airflow/example_dags/tutorial_dag.py
[2024-10-27T03:45:13.496+0000] {logging_mixin.py:190} INFO - [2024-10-27T03:45:13.496+0000] {dag.py:3239} INFO - Sync 1 DAGs
[2024-10-27T03:45:13.509+0000] {logging_mixin.py:190} INFO - [2024-10-27T03:45:13.509+0000] {dag.py:4180} INFO - Setting next_dagrun for tutorial_dag to None, run_after=None
[2024-10-27T03:45:13.530+0000] {processor.py:208} INFO - Processing /home/airflow/.local/lib/python3.12/site-packages/airflow/example_dags/tutorial_dag.py took 0.076 seconds
[2024-10-27T03:45:46.352+0000] {processor.py:186} INFO - Started process (PID=73720) to work on /home/airflow/.local/lib/python3.12/site-packages/airflow/example_dags/tutorial_dag.py
[2024-10-27T03:45:46.353+0000] {processor.py:914} INFO - Processing file /home/airflow/.local/lib/python3.12/site-packages/airflow/example_dags/tutorial_dag.py for tasks to queue
[2024-10-27T03:45:46.355+0000] {logging_mixin.py:190} INFO - [2024-10-27T03:45:46.355+0000] {dagbag.py:588} INFO - Filling up the DagBag from /home/airflow/.local/lib/python3.12/site-packages/airflow/example_dags/tutorial_dag.py
[2024-10-27T03:45:46.364+0000] {processor.py:925} INFO - DAG(s) 'tutorial_dag' retrieved from /home/airflow/.local/lib/python3.12/site-packages/airflow/example_dags/tutorial_dag.py
[2024-10-27T03:45:46.383+0000] {logging_mixin.py:190} INFO - [2024-10-27T03:45:46.382+0000] {dag.py:3239} INFO - Sync 1 DAGs
[2024-10-27T03:45:46.396+0000] {logging_mixin.py:190} INFO - [2024-10-27T03:45:46.396+0000] {dag.py:4180} INFO - Setting next_dagrun for tutorial_dag to None, run_after=None
[2024-10-27T03:45:46.418+0000] {processor.py:208} INFO - Processing /home/airflow/.local/lib/python3.12/site-packages/airflow/example_dags/tutorial_dag.py took 0.071 seconds
[2024-10-27T03:46:19.059+0000] {processor.py:186} INFO - Started process (PID=73784) to work on /home/airflow/.local/lib/python3.12/site-packages/airflow/example_dags/tutorial_dag.py
[2024-10-27T03:46:19.061+0000] {processor.py:914} INFO - Processing file /home/airflow/.local/lib/python3.12/site-packages/airflow/example_dags/tutorial_dag.py for tasks to queue
[2024-10-27T03:46:19.063+0000] {logging_mixin.py:190} INFO - [2024-10-27T03:46:19.063+0000] {dagbag.py:588} INFO - Filling up the DagBag from /home/airflow/.local/lib/python3.12/site-packages/airflow/example_dags/tutorial_dag.py
[2024-10-27T03:46:19.070+0000] {processor.py:925} INFO - DAG(s) 'tutorial_dag' retrieved from /home/airflow/.local/lib/python3.12/site-packages/airflow/example_dags/tutorial_dag.py
[2024-10-27T03:46:19.087+0000] {logging_mixin.py:190} INFO - [2024-10-27T03:46:19.087+0000] {dag.py:3239} INFO - Sync 1 DAGs
[2024-10-27T03:46:19.101+0000] {logging_mixin.py:190} INFO - [2024-10-27T03:46:19.100+0000] {dag.py:4180} INFO - Setting next_dagrun for tutorial_dag to None, run_after=None
[2024-10-27T03:46:19.124+0000] {processor.py:208} INFO - Processing /home/airflow/.local/lib/python3.12/site-packages/airflow/example_dags/tutorial_dag.py took 0.069 seconds
[2024-10-27T03:46:51.821+0000] {processor.py:186} INFO - Started process (PID=73848) to work on /home/airflow/.local/lib/python3.12/site-packages/airflow/example_dags/tutorial_dag.py
[2024-10-27T03:46:51.822+0000] {processor.py:914} INFO - Processing file /home/airflow/.local/lib/python3.12/site-packages/airflow/example_dags/tutorial_dag.py for tasks to queue
[2024-10-27T03:46:51.825+0000] {logging_mixin.py:190} INFO - [2024-10-27T03:46:51.824+0000] {dagbag.py:588} INFO - Filling up the DagBag from /home/airflow/.local/lib/python3.12/site-packages/airflow/example_dags/tutorial_dag.py
[2024-10-27T03:46:51.833+0000] {processor.py:925} INFO - DAG(s) 'tutorial_dag' retrieved from /home/airflow/.local/lib/python3.12/site-packages/airflow/example_dags/tutorial_dag.py
[2024-10-27T03:46:51.862+0000] {logging_mixin.py:190} INFO - [2024-10-27T03:46:51.862+0000] {dag.py:3239} INFO - Sync 1 DAGs
[2024-10-27T03:46:51.894+0000] {logging_mixin.py:190} INFO - [2024-10-27T03:46:51.894+0000] {dag.py:4180} INFO - Setting next_dagrun for tutorial_dag to None, run_after=None
[2024-10-27T03:46:51.923+0000] {processor.py:208} INFO - Processing /home/airflow/.local/lib/python3.12/site-packages/airflow/example_dags/tutorial_dag.py took 0.107 seconds
[2024-10-27T03:47:24.704+0000] {processor.py:186} INFO - Started process (PID=73912) to work on /home/airflow/.local/lib/python3.12/site-packages/airflow/example_dags/tutorial_dag.py
[2024-10-27T03:47:24.706+0000] {processor.py:914} INFO - Processing file /home/airflow/.local/lib/python3.12/site-packages/airflow/example_dags/tutorial_dag.py for tasks to queue
[2024-10-27T03:47:24.708+0000] {logging_mixin.py:190} INFO - [2024-10-27T03:47:24.708+0000] {dagbag.py:588} INFO - Filling up the DagBag from /home/airflow/.local/lib/python3.12/site-packages/airflow/example_dags/tutorial_dag.py
[2024-10-27T03:47:24.715+0000] {processor.py:925} INFO - DAG(s) 'tutorial_dag' retrieved from /home/airflow/.local/lib/python3.12/site-packages/airflow/example_dags/tutorial_dag.py
[2024-10-27T03:47:24.736+0000] {logging_mixin.py:190} INFO - [2024-10-27T03:47:24.736+0000] {dag.py:3239} INFO - Sync 1 DAGs
[2024-10-27T03:47:24.753+0000] {logging_mixin.py:190} INFO - [2024-10-27T03:47:24.753+0000] {dag.py:4180} INFO - Setting next_dagrun for tutorial_dag to None, run_after=None
[2024-10-27T03:47:24.774+0000] {processor.py:208} INFO - Processing /home/airflow/.local/lib/python3.12/site-packages/airflow/example_dags/tutorial_dag.py took 0.077 seconds
[2024-10-27T03:47:58.324+0000] {processor.py:186} INFO - Started process (PID=73976) to work on /home/airflow/.local/lib/python3.12/site-packages/airflow/example_dags/tutorial_dag.py
[2024-10-27T03:47:58.325+0000] {processor.py:914} INFO - Processing file /home/airflow/.local/lib/python3.12/site-packages/airflow/example_dags/tutorial_dag.py for tasks to queue
[2024-10-27T03:47:58.327+0000] {logging_mixin.py:190} INFO - [2024-10-27T03:47:58.327+0000] {dagbag.py:588} INFO - Filling up the DagBag from /home/airflow/.local/lib/python3.12/site-packages/airflow/example_dags/tutorial_dag.py
[2024-10-27T03:47:58.334+0000] {processor.py:925} INFO - DAG(s) 'tutorial_dag' retrieved from /home/airflow/.local/lib/python3.12/site-packages/airflow/example_dags/tutorial_dag.py
[2024-10-27T03:47:58.350+0000] {logging_mixin.py:190} INFO - [2024-10-27T03:47:58.350+0000] {dag.py:3239} INFO - Sync 1 DAGs
[2024-10-27T03:47:58.364+0000] {logging_mixin.py:190} INFO - [2024-10-27T03:47:58.364+0000] {dag.py:4180} INFO - Setting next_dagrun for tutorial_dag to None, run_after=None
[2024-10-27T03:47:58.386+0000] {processor.py:208} INFO - Processing /home/airflow/.local/lib/python3.12/site-packages/airflow/example_dags/tutorial_dag.py took 0.066 seconds
[2024-10-27T03:48:30.853+0000] {processor.py:186} INFO - Started process (PID=74041) to work on /home/airflow/.local/lib/python3.12/site-packages/airflow/example_dags/tutorial_dag.py
[2024-10-27T03:48:30.854+0000] {processor.py:914} INFO - Processing file /home/airflow/.local/lib/python3.12/site-packages/airflow/example_dags/tutorial_dag.py for tasks to queue
[2024-10-27T03:48:30.857+0000] {logging_mixin.py:190} INFO - [2024-10-27T03:48:30.856+0000] {dagbag.py:588} INFO - Filling up the DagBag from /home/airflow/.local/lib/python3.12/site-packages/airflow/example_dags/tutorial_dag.py
[2024-10-27T03:48:30.864+0000] {processor.py:925} INFO - DAG(s) 'tutorial_dag' retrieved from /home/airflow/.local/lib/python3.12/site-packages/airflow/example_dags/tutorial_dag.py
[2024-10-27T03:48:30.882+0000] {logging_mixin.py:190} INFO - [2024-10-27T03:48:30.882+0000] {dag.py:3239} INFO - Sync 1 DAGs
[2024-10-27T03:48:30.896+0000] {logging_mixin.py:190} INFO - [2024-10-27T03:48:30.896+0000] {dag.py:4180} INFO - Setting next_dagrun for tutorial_dag to None, run_after=None
[2024-10-27T03:48:30.918+0000] {processor.py:208} INFO - Processing /home/airflow/.local/lib/python3.12/site-packages/airflow/example_dags/tutorial_dag.py took 0.071 seconds
[2024-10-27T03:49:03.481+0000] {processor.py:186} INFO - Started process (PID=74105) to work on /home/airflow/.local/lib/python3.12/site-packages/airflow/example_dags/tutorial_dag.py
[2024-10-27T03:49:03.482+0000] {processor.py:914} INFO - Processing file /home/airflow/.local/lib/python3.12/site-packages/airflow/example_dags/tutorial_dag.py for tasks to queue
[2024-10-27T03:49:03.484+0000] {logging_mixin.py:190} INFO - [2024-10-27T03:49:03.484+0000] {dagbag.py:588} INFO - Filling up the DagBag from /home/airflow/.local/lib/python3.12/site-packages/airflow/example_dags/tutorial_dag.py
[2024-10-27T03:49:03.492+0000] {processor.py:925} INFO - DAG(s) 'tutorial_dag' retrieved from /home/airflow/.local/lib/python3.12/site-packages/airflow/example_dags/tutorial_dag.py
[2024-10-27T03:49:03.510+0000] {logging_mixin.py:190} INFO - [2024-10-27T03:49:03.510+0000] {dag.py:3239} INFO - Sync 1 DAGs
[2024-10-27T03:49:03.523+0000] {logging_mixin.py:190} INFO - [2024-10-27T03:49:03.523+0000] {dag.py:4180} INFO - Setting next_dagrun for tutorial_dag to None, run_after=None
[2024-10-27T03:49:03.543+0000] {processor.py:208} INFO - Processing /home/airflow/.local/lib/python3.12/site-packages/airflow/example_dags/tutorial_dag.py took 0.068 seconds
[2024-10-27T03:49:35.403+0000] {processor.py:186} INFO - Started process (PID=74169) to work on /home/airflow/.local/lib/python3.12/site-packages/airflow/example_dags/tutorial_dag.py
[2024-10-27T03:49:35.404+0000] {processor.py:914} INFO - Processing file /home/airflow/.local/lib/python3.12/site-packages/airflow/example_dags/tutorial_dag.py for tasks to queue
[2024-10-27T03:49:35.407+0000] {logging_mixin.py:190} INFO - [2024-10-27T03:49:35.407+0000] {dagbag.py:588} INFO - Filling up the DagBag from /home/airflow/.local/lib/python3.12/site-packages/airflow/example_dags/tutorial_dag.py
[2024-10-27T03:49:35.414+0000] {processor.py:925} INFO - DAG(s) 'tutorial_dag' retrieved from /home/airflow/.local/lib/python3.12/site-packages/airflow/example_dags/tutorial_dag.py
[2024-10-27T03:49:35.430+0000] {logging_mixin.py:190} INFO - [2024-10-27T03:49:35.430+0000] {dag.py:3239} INFO - Sync 1 DAGs
[2024-10-27T03:49:35.445+0000] {logging_mixin.py:190} INFO - [2024-10-27T03:49:35.445+0000] {dag.py:4180} INFO - Setting next_dagrun for tutorial_dag to None, run_after=None
[2024-10-27T03:49:35.466+0000] {processor.py:208} INFO - Processing /home/airflow/.local/lib/python3.12/site-packages/airflow/example_dags/tutorial_dag.py took 0.069 seconds
[2024-10-27T03:50:09.170+0000] {processor.py:186} INFO - Started process (PID=74233) to work on /home/airflow/.local/lib/python3.12/site-packages/airflow/example_dags/tutorial_dag.py
[2024-10-27T03:50:09.171+0000] {processor.py:914} INFO - Processing file /home/airflow/.local/lib/python3.12/site-packages/airflow/example_dags/tutorial_dag.py for tasks to queue
[2024-10-27T03:50:09.174+0000] {logging_mixin.py:190} INFO - [2024-10-27T03:50:09.173+0000] {dagbag.py:588} INFO - Filling up the DagBag from /home/airflow/.local/lib/python3.12/site-packages/airflow/example_dags/tutorial_dag.py
[2024-10-27T03:50:09.183+0000] {processor.py:925} INFO - DAG(s) 'tutorial_dag' retrieved from /home/airflow/.local/lib/python3.12/site-packages/airflow/example_dags/tutorial_dag.py
[2024-10-27T03:50:09.202+0000] {logging_mixin.py:190} INFO - [2024-10-27T03:50:09.202+0000] {dag.py:3239} INFO - Sync 1 DAGs
[2024-10-27T03:50:09.216+0000] {logging_mixin.py:190} INFO - [2024-10-27T03:50:09.216+0000] {dag.py:4180} INFO - Setting next_dagrun for tutorial_dag to None, run_after=None
[2024-10-27T03:50:09.237+0000] {processor.py:208} INFO - Processing /home/airflow/.local/lib/python3.12/site-packages/airflow/example_dags/tutorial_dag.py took 0.071 seconds
[2024-10-27T03:50:41.021+0000] {processor.py:186} INFO - Started process (PID=74297) to work on /home/airflow/.local/lib/python3.12/site-packages/airflow/example_dags/tutorial_dag.py
[2024-10-27T03:50:41.022+0000] {processor.py:914} INFO - Processing file /home/airflow/.local/lib/python3.12/site-packages/airflow/example_dags/tutorial_dag.py for tasks to queue
[2024-10-27T03:50:41.026+0000] {logging_mixin.py:190} INFO - [2024-10-27T03:50:41.025+0000] {dagbag.py:588} INFO - Filling up the DagBag from /home/airflow/.local/lib/python3.12/site-packages/airflow/example_dags/tutorial_dag.py
[2024-10-27T03:50:41.034+0000] {processor.py:925} INFO - DAG(s) 'tutorial_dag' retrieved from /home/airflow/.local/lib/python3.12/site-packages/airflow/example_dags/tutorial_dag.py
[2024-10-27T03:50:41.052+0000] {logging_mixin.py:190} INFO - [2024-10-27T03:50:41.052+0000] {dag.py:3239} INFO - Sync 1 DAGs
[2024-10-27T03:50:41.066+0000] {logging_mixin.py:190} INFO - [2024-10-27T03:50:41.065+0000] {dag.py:4180} INFO - Setting next_dagrun for tutorial_dag to None, run_after=None
[2024-10-27T03:50:41.086+0000] {processor.py:208} INFO - Processing /home/airflow/.local/lib/python3.12/site-packages/airflow/example_dags/tutorial_dag.py took 0.070 seconds
[2024-10-27T03:51:13.774+0000] {processor.py:186} INFO - Started process (PID=74361) to work on /home/airflow/.local/lib/python3.12/site-packages/airflow/example_dags/tutorial_dag.py
[2024-10-27T03:51:13.775+0000] {processor.py:914} INFO - Processing file /home/airflow/.local/lib/python3.12/site-packages/airflow/example_dags/tutorial_dag.py for tasks to queue
[2024-10-27T03:51:13.778+0000] {logging_mixin.py:190} INFO - [2024-10-27T03:51:13.777+0000] {dagbag.py:588} INFO - Filling up the DagBag from /home/airflow/.local/lib/python3.12/site-packages/airflow/example_dags/tutorial_dag.py
[2024-10-27T03:51:13.785+0000] {processor.py:925} INFO - DAG(s) 'tutorial_dag' retrieved from /home/airflow/.local/lib/python3.12/site-packages/airflow/example_dags/tutorial_dag.py
[2024-10-27T03:51:13.802+0000] {logging_mixin.py:190} INFO - [2024-10-27T03:51:13.802+0000] {dag.py:3239} INFO - Sync 1 DAGs
[2024-10-27T03:51:13.815+0000] {logging_mixin.py:190} INFO - [2024-10-27T03:51:13.815+0000] {dag.py:4180} INFO - Setting next_dagrun for tutorial_dag to None, run_after=None
[2024-10-27T03:51:13.837+0000] {processor.py:208} INFO - Processing /home/airflow/.local/lib/python3.12/site-packages/airflow/example_dags/tutorial_dag.py took 0.071 seconds
[2024-10-27T03:51:46.371+0000] {processor.py:186} INFO - Started process (PID=74425) to work on /home/airflow/.local/lib/python3.12/site-packages/airflow/example_dags/tutorial_dag.py
[2024-10-27T03:51:46.372+0000] {processor.py:914} INFO - Processing file /home/airflow/.local/lib/python3.12/site-packages/airflow/example_dags/tutorial_dag.py for tasks to queue
[2024-10-27T03:51:46.375+0000] {logging_mixin.py:190} INFO - [2024-10-27T03:51:46.374+0000] {dagbag.py:588} INFO - Filling up the DagBag from /home/airflow/.local/lib/python3.12/site-packages/airflow/example_dags/tutorial_dag.py
[2024-10-27T03:51:46.383+0000] {processor.py:925} INFO - DAG(s) 'tutorial_dag' retrieved from /home/airflow/.local/lib/python3.12/site-packages/airflow/example_dags/tutorial_dag.py
[2024-10-27T03:51:46.401+0000] {logging_mixin.py:190} INFO - [2024-10-27T03:51:46.401+0000] {dag.py:3239} INFO - Sync 1 DAGs
[2024-10-27T03:51:46.414+0000] {logging_mixin.py:190} INFO - [2024-10-27T03:51:46.414+0000] {dag.py:4180} INFO - Setting next_dagrun for tutorial_dag to None, run_after=None
[2024-10-27T03:51:46.436+0000] {processor.py:208} INFO - Processing /home/airflow/.local/lib/python3.12/site-packages/airflow/example_dags/tutorial_dag.py took 0.070 seconds
[2024-10-27T03:52:19.113+0000] {processor.py:186} INFO - Started process (PID=74489) to work on /home/airflow/.local/lib/python3.12/site-packages/airflow/example_dags/tutorial_dag.py
[2024-10-27T03:52:19.114+0000] {processor.py:914} INFO - Processing file /home/airflow/.local/lib/python3.12/site-packages/airflow/example_dags/tutorial_dag.py for tasks to queue
[2024-10-27T03:52:19.116+0000] {logging_mixin.py:190} INFO - [2024-10-27T03:52:19.116+0000] {dagbag.py:588} INFO - Filling up the DagBag from /home/airflow/.local/lib/python3.12/site-packages/airflow/example_dags/tutorial_dag.py
[2024-10-27T03:52:19.123+0000] {processor.py:925} INFO - DAG(s) 'tutorial_dag' retrieved from /home/airflow/.local/lib/python3.12/site-packages/airflow/example_dags/tutorial_dag.py
[2024-10-27T03:52:19.142+0000] {logging_mixin.py:190} INFO - [2024-10-27T03:52:19.142+0000] {dag.py:3239} INFO - Sync 1 DAGs
[2024-10-27T03:52:19.155+0000] {logging_mixin.py:190} INFO - [2024-10-27T03:52:19.155+0000] {dag.py:4180} INFO - Setting next_dagrun for tutorial_dag to None, run_after=None
[2024-10-27T03:52:19.177+0000] {processor.py:208} INFO - Processing /home/airflow/.local/lib/python3.12/site-packages/airflow/example_dags/tutorial_dag.py took 0.069 seconds
[2024-10-27T03:52:51.914+0000] {processor.py:186} INFO - Started process (PID=74553) to work on /home/airflow/.local/lib/python3.12/site-packages/airflow/example_dags/tutorial_dag.py
[2024-10-27T03:52:51.915+0000] {processor.py:914} INFO - Processing file /home/airflow/.local/lib/python3.12/site-packages/airflow/example_dags/tutorial_dag.py for tasks to queue
[2024-10-27T03:52:51.917+0000] {logging_mixin.py:190} INFO - [2024-10-27T03:52:51.917+0000] {dagbag.py:588} INFO - Filling up the DagBag from /home/airflow/.local/lib/python3.12/site-packages/airflow/example_dags/tutorial_dag.py
[2024-10-27T03:52:51.923+0000] {processor.py:925} INFO - DAG(s) 'tutorial_dag' retrieved from /home/airflow/.local/lib/python3.12/site-packages/airflow/example_dags/tutorial_dag.py
[2024-10-27T03:52:51.950+0000] {logging_mixin.py:190} INFO - [2024-10-27T03:52:51.950+0000] {dag.py:3239} INFO - Sync 1 DAGs
[2024-10-27T03:52:51.970+0000] {logging_mixin.py:190} INFO - [2024-10-27T03:52:51.970+0000] {dag.py:4180} INFO - Setting next_dagrun for tutorial_dag to None, run_after=None
[2024-10-27T03:52:51.997+0000] {processor.py:208} INFO - Processing /home/airflow/.local/lib/python3.12/site-packages/airflow/example_dags/tutorial_dag.py took 0.089 seconds
[2024-10-27T03:53:24.605+0000] {processor.py:186} INFO - Started process (PID=74616) to work on /home/airflow/.local/lib/python3.12/site-packages/airflow/example_dags/tutorial_dag.py
[2024-10-27T03:53:24.606+0000] {processor.py:914} INFO - Processing file /home/airflow/.local/lib/python3.12/site-packages/airflow/example_dags/tutorial_dag.py for tasks to queue
[2024-10-27T03:53:24.609+0000] {logging_mixin.py:190} INFO - [2024-10-27T03:53:24.608+0000] {dagbag.py:588} INFO - Filling up the DagBag from /home/airflow/.local/lib/python3.12/site-packages/airflow/example_dags/tutorial_dag.py
[2024-10-27T03:53:24.615+0000] {processor.py:925} INFO - DAG(s) 'tutorial_dag' retrieved from /home/airflow/.local/lib/python3.12/site-packages/airflow/example_dags/tutorial_dag.py
[2024-10-27T03:53:24.633+0000] {logging_mixin.py:190} INFO - [2024-10-27T03:53:24.633+0000] {dag.py:3239} INFO - Sync 1 DAGs
[2024-10-27T03:53:24.647+0000] {logging_mixin.py:190} INFO - [2024-10-27T03:53:24.646+0000] {dag.py:4180} INFO - Setting next_dagrun for tutorial_dag to None, run_after=None
[2024-10-27T03:53:24.668+0000] {processor.py:208} INFO - Processing /home/airflow/.local/lib/python3.12/site-packages/airflow/example_dags/tutorial_dag.py took 0.068 seconds
[2024-10-27T03:53:57.400+0000] {processor.py:186} INFO - Started process (PID=74680) to work on /home/airflow/.local/lib/python3.12/site-packages/airflow/example_dags/tutorial_dag.py
[2024-10-27T03:53:57.401+0000] {processor.py:914} INFO - Processing file /home/airflow/.local/lib/python3.12/site-packages/airflow/example_dags/tutorial_dag.py for tasks to queue
[2024-10-27T03:53:57.404+0000] {logging_mixin.py:190} INFO - [2024-10-27T03:53:57.403+0000] {dagbag.py:588} INFO - Filling up the DagBag from /home/airflow/.local/lib/python3.12/site-packages/airflow/example_dags/tutorial_dag.py
[2024-10-27T03:53:57.411+0000] {processor.py:925} INFO - DAG(s) 'tutorial_dag' retrieved from /home/airflow/.local/lib/python3.12/site-packages/airflow/example_dags/tutorial_dag.py
[2024-10-27T03:53:57.430+0000] {logging_mixin.py:190} INFO - [2024-10-27T03:53:57.430+0000] {dag.py:3239} INFO - Sync 1 DAGs
[2024-10-27T03:53:57.444+0000] {logging_mixin.py:190} INFO - [2024-10-27T03:53:57.443+0000] {dag.py:4180} INFO - Setting next_dagrun for tutorial_dag to None, run_after=None
[2024-10-27T03:53:57.465+0000] {processor.py:208} INFO - Processing /home/airflow/.local/lib/python3.12/site-packages/airflow/example_dags/tutorial_dag.py took 0.070 seconds
[2024-10-27T03:54:30.337+0000] {processor.py:186} INFO - Started process (PID=74744) to work on /home/airflow/.local/lib/python3.12/site-packages/airflow/example_dags/tutorial_dag.py
[2024-10-27T03:54:30.339+0000] {processor.py:914} INFO - Processing file /home/airflow/.local/lib/python3.12/site-packages/airflow/example_dags/tutorial_dag.py for tasks to queue
[2024-10-27T03:54:30.342+0000] {logging_mixin.py:190} INFO - [2024-10-27T03:54:30.342+0000] {dagbag.py:588} INFO - Filling up the DagBag from /home/airflow/.local/lib/python3.12/site-packages/airflow/example_dags/tutorial_dag.py
[2024-10-27T03:54:30.354+0000] {processor.py:925} INFO - DAG(s) 'tutorial_dag' retrieved from /home/airflow/.local/lib/python3.12/site-packages/airflow/example_dags/tutorial_dag.py
[2024-10-27T03:54:30.379+0000] {logging_mixin.py:190} INFO - [2024-10-27T03:54:30.378+0000] {dag.py:3239} INFO - Sync 1 DAGs
[2024-10-27T03:54:30.398+0000] {logging_mixin.py:190} INFO - [2024-10-27T03:54:30.397+0000] {dag.py:4180} INFO - Setting next_dagrun for tutorial_dag to None, run_after=None
[2024-10-27T03:54:30.432+0000] {processor.py:208} INFO - Processing /home/airflow/.local/lib/python3.12/site-packages/airflow/example_dags/tutorial_dag.py took 0.103 seconds
[2024-10-27T03:55:03.130+0000] {processor.py:186} INFO - Started process (PID=74808) to work on /home/airflow/.local/lib/python3.12/site-packages/airflow/example_dags/tutorial_dag.py
[2024-10-27T03:55:03.131+0000] {processor.py:914} INFO - Processing file /home/airflow/.local/lib/python3.12/site-packages/airflow/example_dags/tutorial_dag.py for tasks to queue
[2024-10-27T03:55:03.133+0000] {logging_mixin.py:190} INFO - [2024-10-27T03:55:03.133+0000] {dagbag.py:588} INFO - Filling up the DagBag from /home/airflow/.local/lib/python3.12/site-packages/airflow/example_dags/tutorial_dag.py
[2024-10-27T03:55:03.142+0000] {processor.py:925} INFO - DAG(s) 'tutorial_dag' retrieved from /home/airflow/.local/lib/python3.12/site-packages/airflow/example_dags/tutorial_dag.py
[2024-10-27T03:55:03.161+0000] {logging_mixin.py:190} INFO - [2024-10-27T03:55:03.161+0000] {dag.py:3239} INFO - Sync 1 DAGs
[2024-10-27T03:55:03.174+0000] {logging_mixin.py:190} INFO - [2024-10-27T03:55:03.173+0000] {dag.py:4180} INFO - Setting next_dagrun for tutorial_dag to None, run_after=None
[2024-10-27T03:55:03.194+0000] {processor.py:208} INFO - Processing /home/airflow/.local/lib/python3.12/site-packages/airflow/example_dags/tutorial_dag.py took 0.070 seconds
[2024-10-27T03:55:35.634+0000] {processor.py:186} INFO - Started process (PID=74872) to work on /home/airflow/.local/lib/python3.12/site-packages/airflow/example_dags/tutorial_dag.py
[2024-10-27T03:55:35.635+0000] {processor.py:914} INFO - Processing file /home/airflow/.local/lib/python3.12/site-packages/airflow/example_dags/tutorial_dag.py for tasks to queue
[2024-10-27T03:55:35.638+0000] {logging_mixin.py:190} INFO - [2024-10-27T03:55:35.637+0000] {dagbag.py:588} INFO - Filling up the DagBag from /home/airflow/.local/lib/python3.12/site-packages/airflow/example_dags/tutorial_dag.py
[2024-10-27T03:55:35.646+0000] {processor.py:925} INFO - DAG(s) 'tutorial_dag' retrieved from /home/airflow/.local/lib/python3.12/site-packages/airflow/example_dags/tutorial_dag.py
[2024-10-27T03:55:35.664+0000] {logging_mixin.py:190} INFO - [2024-10-27T03:55:35.664+0000] {dag.py:3239} INFO - Sync 1 DAGs
[2024-10-27T03:55:35.677+0000] {logging_mixin.py:190} INFO - [2024-10-27T03:55:35.677+0000] {dag.py:4180} INFO - Setting next_dagrun for tutorial_dag to None, run_after=None
[2024-10-27T03:55:35.694+0000] {processor.py:208} INFO - Processing /home/airflow/.local/lib/python3.12/site-packages/airflow/example_dags/tutorial_dag.py took 0.069 seconds
[2024-10-27T03:56:09.002+0000] {processor.py:186} INFO - Started process (PID=74936) to work on /home/airflow/.local/lib/python3.12/site-packages/airflow/example_dags/tutorial_dag.py
[2024-10-27T03:56:09.003+0000] {processor.py:914} INFO - Processing file /home/airflow/.local/lib/python3.12/site-packages/airflow/example_dags/tutorial_dag.py for tasks to queue
[2024-10-27T03:56:09.006+0000] {logging_mixin.py:190} INFO - [2024-10-27T03:56:09.005+0000] {dagbag.py:588} INFO - Filling up the DagBag from /home/airflow/.local/lib/python3.12/site-packages/airflow/example_dags/tutorial_dag.py
[2024-10-27T03:56:09.013+0000] {processor.py:925} INFO - DAG(s) 'tutorial_dag' retrieved from /home/airflow/.local/lib/python3.12/site-packages/airflow/example_dags/tutorial_dag.py
[2024-10-27T03:56:09.031+0000] {logging_mixin.py:190} INFO - [2024-10-27T03:56:09.031+0000] {dag.py:3239} INFO - Sync 1 DAGs
[2024-10-27T03:56:09.045+0000] {logging_mixin.py:190} INFO - [2024-10-27T03:56:09.045+0000] {dag.py:4180} INFO - Setting next_dagrun for tutorial_dag to None, run_after=None
[2024-10-27T03:56:09.074+0000] {processor.py:208} INFO - Processing /home/airflow/.local/lib/python3.12/site-packages/airflow/example_dags/tutorial_dag.py took 0.078 seconds
[2024-10-27T03:56:40.783+0000] {processor.py:186} INFO - Started process (PID=75000) to work on /home/airflow/.local/lib/python3.12/site-packages/airflow/example_dags/tutorial_dag.py
[2024-10-27T03:56:40.784+0000] {processor.py:914} INFO - Processing file /home/airflow/.local/lib/python3.12/site-packages/airflow/example_dags/tutorial_dag.py for tasks to queue
[2024-10-27T03:56:40.786+0000] {logging_mixin.py:190} INFO - [2024-10-27T03:56:40.786+0000] {dagbag.py:588} INFO - Filling up the DagBag from /home/airflow/.local/lib/python3.12/site-packages/airflow/example_dags/tutorial_dag.py
[2024-10-27T03:56:40.794+0000] {processor.py:925} INFO - DAG(s) 'tutorial_dag' retrieved from /home/airflow/.local/lib/python3.12/site-packages/airflow/example_dags/tutorial_dag.py
[2024-10-27T03:56:40.811+0000] {logging_mixin.py:190} INFO - [2024-10-27T03:56:40.811+0000] {dag.py:3239} INFO - Sync 1 DAGs
[2024-10-27T03:56:40.824+0000] {logging_mixin.py:190} INFO - [2024-10-27T03:56:40.823+0000] {dag.py:4180} INFO - Setting next_dagrun for tutorial_dag to None, run_after=None
[2024-10-27T03:56:40.846+0000] {processor.py:208} INFO - Processing /home/airflow/.local/lib/python3.12/site-packages/airflow/example_dags/tutorial_dag.py took 0.069 seconds
[2024-10-27T03:57:13.428+0000] {processor.py:186} INFO - Started process (PID=75064) to work on /home/airflow/.local/lib/python3.12/site-packages/airflow/example_dags/tutorial_dag.py
[2024-10-27T03:57:13.429+0000] {processor.py:914} INFO - Processing file /home/airflow/.local/lib/python3.12/site-packages/airflow/example_dags/tutorial_dag.py for tasks to queue
[2024-10-27T03:57:13.431+0000] {logging_mixin.py:190} INFO - [2024-10-27T03:57:13.431+0000] {dagbag.py:588} INFO - Filling up the DagBag from /home/airflow/.local/lib/python3.12/site-packages/airflow/example_dags/tutorial_dag.py
[2024-10-27T03:57:13.438+0000] {processor.py:925} INFO - DAG(s) 'tutorial_dag' retrieved from /home/airflow/.local/lib/python3.12/site-packages/airflow/example_dags/tutorial_dag.py
[2024-10-27T03:57:13.459+0000] {logging_mixin.py:190} INFO - [2024-10-27T03:57:13.459+0000] {dag.py:3239} INFO - Sync 1 DAGs
[2024-10-27T03:57:13.472+0000] {logging_mixin.py:190} INFO - [2024-10-27T03:57:13.472+0000] {dag.py:4180} INFO - Setting next_dagrun for tutorial_dag to None, run_after=None
[2024-10-27T03:57:13.494+0000] {processor.py:208} INFO - Processing /home/airflow/.local/lib/python3.12/site-packages/airflow/example_dags/tutorial_dag.py took 0.072 seconds
[2024-10-27T03:57:44.363+0000] {processor.py:186} INFO - Started process (PID=75128) to work on /home/airflow/.local/lib/python3.12/site-packages/airflow/example_dags/tutorial_dag.py
[2024-10-27T03:57:44.365+0000] {processor.py:914} INFO - Processing file /home/airflow/.local/lib/python3.12/site-packages/airflow/example_dags/tutorial_dag.py for tasks to queue
[2024-10-27T03:57:44.368+0000] {logging_mixin.py:190} INFO - [2024-10-27T03:57:44.368+0000] {dagbag.py:588} INFO - Filling up the DagBag from /home/airflow/.local/lib/python3.12/site-packages/airflow/example_dags/tutorial_dag.py
[2024-10-27T03:57:44.376+0000] {processor.py:925} INFO - DAG(s) 'tutorial_dag' retrieved from /home/airflow/.local/lib/python3.12/site-packages/airflow/example_dags/tutorial_dag.py
[2024-10-27T03:57:44.396+0000] {logging_mixin.py:190} INFO - [2024-10-27T03:57:44.396+0000] {dag.py:3239} INFO - Sync 1 DAGs
[2024-10-27T03:57:44.410+0000] {logging_mixin.py:190} INFO - [2024-10-27T03:57:44.410+0000] {dag.py:4180} INFO - Setting next_dagrun for tutorial_dag to None, run_after=None
[2024-10-27T03:57:44.437+0000] {processor.py:208} INFO - Processing /home/airflow/.local/lib/python3.12/site-packages/airflow/example_dags/tutorial_dag.py took 0.081 seconds
[2024-10-27T03:58:15.165+0000] {processor.py:186} INFO - Started process (PID=75192) to work on /home/airflow/.local/lib/python3.12/site-packages/airflow/example_dags/tutorial_dag.py
[2024-10-27T03:58:15.166+0000] {processor.py:914} INFO - Processing file /home/airflow/.local/lib/python3.12/site-packages/airflow/example_dags/tutorial_dag.py for tasks to queue
[2024-10-27T03:58:15.169+0000] {logging_mixin.py:190} INFO - [2024-10-27T03:58:15.168+0000] {dagbag.py:588} INFO - Filling up the DagBag from /home/airflow/.local/lib/python3.12/site-packages/airflow/example_dags/tutorial_dag.py
[2024-10-27T03:58:15.177+0000] {processor.py:925} INFO - DAG(s) 'tutorial_dag' retrieved from /home/airflow/.local/lib/python3.12/site-packages/airflow/example_dags/tutorial_dag.py
[2024-10-27T03:58:15.200+0000] {logging_mixin.py:190} INFO - [2024-10-27T03:58:15.199+0000] {dag.py:3239} INFO - Sync 1 DAGs
[2024-10-27T03:58:15.216+0000] {logging_mixin.py:190} INFO - [2024-10-27T03:58:15.216+0000] {dag.py:4180} INFO - Setting next_dagrun for tutorial_dag to None, run_after=None
[2024-10-27T03:58:15.240+0000] {processor.py:208} INFO - Processing /home/airflow/.local/lib/python3.12/site-packages/airflow/example_dags/tutorial_dag.py took 0.082 seconds
[2024-10-27T03:58:45.952+0000] {processor.py:186} INFO - Started process (PID=75256) to work on /home/airflow/.local/lib/python3.12/site-packages/airflow/example_dags/tutorial_dag.py
[2024-10-27T03:58:45.953+0000] {processor.py:914} INFO - Processing file /home/airflow/.local/lib/python3.12/site-packages/airflow/example_dags/tutorial_dag.py for tasks to queue
[2024-10-27T03:58:45.956+0000] {logging_mixin.py:190} INFO - [2024-10-27T03:58:45.956+0000] {dagbag.py:588} INFO - Filling up the DagBag from /home/airflow/.local/lib/python3.12/site-packages/airflow/example_dags/tutorial_dag.py
[2024-10-27T03:58:45.966+0000] {processor.py:925} INFO - DAG(s) 'tutorial_dag' retrieved from /home/airflow/.local/lib/python3.12/site-packages/airflow/example_dags/tutorial_dag.py
[2024-10-27T03:58:45.984+0000] {logging_mixin.py:190} INFO - [2024-10-27T03:58:45.984+0000] {dag.py:3239} INFO - Sync 1 DAGs
[2024-10-27T03:58:45.999+0000] {logging_mixin.py:190} INFO - [2024-10-27T03:58:45.998+0000] {dag.py:4180} INFO - Setting next_dagrun for tutorial_dag to None, run_after=None
[2024-10-27T03:58:46.020+0000] {processor.py:208} INFO - Processing /home/airflow/.local/lib/python3.12/site-packages/airflow/example_dags/tutorial_dag.py took 0.074 seconds
[2024-10-27T03:59:16.366+0000] {processor.py:186} INFO - Started process (PID=75320) to work on /home/airflow/.local/lib/python3.12/site-packages/airflow/example_dags/tutorial_dag.py
[2024-10-27T03:59:16.367+0000] {processor.py:914} INFO - Processing file /home/airflow/.local/lib/python3.12/site-packages/airflow/example_dags/tutorial_dag.py for tasks to queue
[2024-10-27T03:59:16.371+0000] {logging_mixin.py:190} INFO - [2024-10-27T03:59:16.370+0000] {dagbag.py:588} INFO - Filling up the DagBag from /home/airflow/.local/lib/python3.12/site-packages/airflow/example_dags/tutorial_dag.py
[2024-10-27T03:59:16.379+0000] {processor.py:925} INFO - DAG(s) 'tutorial_dag' retrieved from /home/airflow/.local/lib/python3.12/site-packages/airflow/example_dags/tutorial_dag.py
[2024-10-27T03:59:16.400+0000] {logging_mixin.py:190} INFO - [2024-10-27T03:59:16.399+0000] {dag.py:3239} INFO - Sync 1 DAGs
[2024-10-27T03:59:16.416+0000] {logging_mixin.py:190} INFO - [2024-10-27T03:59:16.416+0000] {dag.py:4180} INFO - Setting next_dagrun for tutorial_dag to None, run_after=None
[2024-10-27T03:59:16.442+0000] {processor.py:208} INFO - Processing /home/airflow/.local/lib/python3.12/site-packages/airflow/example_dags/tutorial_dag.py took 0.083 seconds
[2024-10-27T03:59:46.771+0000] {processor.py:186} INFO - Started process (PID=75384) to work on /home/airflow/.local/lib/python3.12/site-packages/airflow/example_dags/tutorial_dag.py
[2024-10-27T03:59:46.772+0000] {processor.py:914} INFO - Processing file /home/airflow/.local/lib/python3.12/site-packages/airflow/example_dags/tutorial_dag.py for tasks to queue
[2024-10-27T03:59:46.774+0000] {logging_mixin.py:190} INFO - [2024-10-27T03:59:46.774+0000] {dagbag.py:588} INFO - Filling up the DagBag from /home/airflow/.local/lib/python3.12/site-packages/airflow/example_dags/tutorial_dag.py
[2024-10-27T03:59:46.783+0000] {processor.py:925} INFO - DAG(s) 'tutorial_dag' retrieved from /home/airflow/.local/lib/python3.12/site-packages/airflow/example_dags/tutorial_dag.py
[2024-10-27T03:59:46.805+0000] {logging_mixin.py:190} INFO - [2024-10-27T03:59:46.805+0000] {dag.py:3239} INFO - Sync 1 DAGs
[2024-10-27T03:59:46.819+0000] {logging_mixin.py:190} INFO - [2024-10-27T03:59:46.819+0000] {dag.py:4180} INFO - Setting next_dagrun for tutorial_dag to None, run_after=None
[2024-10-27T03:59:46.841+0000] {processor.py:208} INFO - Processing /home/airflow/.local/lib/python3.12/site-packages/airflow/example_dags/tutorial_dag.py took 0.078 seconds
[2024-10-27T04:00:17.550+0000] {processor.py:186} INFO - Started process (PID=75448) to work on /home/airflow/.local/lib/python3.12/site-packages/airflow/example_dags/tutorial_dag.py
[2024-10-27T04:00:17.551+0000] {processor.py:914} INFO - Processing file /home/airflow/.local/lib/python3.12/site-packages/airflow/example_dags/tutorial_dag.py for tasks to queue
[2024-10-27T04:00:17.553+0000] {logging_mixin.py:190} INFO - [2024-10-27T04:00:17.553+0000] {dagbag.py:588} INFO - Filling up the DagBag from /home/airflow/.local/lib/python3.12/site-packages/airflow/example_dags/tutorial_dag.py
[2024-10-27T04:00:17.560+0000] {processor.py:925} INFO - DAG(s) 'tutorial_dag' retrieved from /home/airflow/.local/lib/python3.12/site-packages/airflow/example_dags/tutorial_dag.py
[2024-10-27T04:00:17.579+0000] {logging_mixin.py:190} INFO - [2024-10-27T04:00:17.579+0000] {dag.py:3239} INFO - Sync 1 DAGs
[2024-10-27T04:00:17.595+0000] {logging_mixin.py:190} INFO - [2024-10-27T04:00:17.595+0000] {dag.py:4180} INFO - Setting next_dagrun for tutorial_dag to None, run_after=None
[2024-10-27T04:00:17.620+0000] {processor.py:208} INFO - Processing /home/airflow/.local/lib/python3.12/site-packages/airflow/example_dags/tutorial_dag.py took 0.076 seconds
[2024-10-27T04:00:48.259+0000] {processor.py:186} INFO - Started process (PID=75512) to work on /home/airflow/.local/lib/python3.12/site-packages/airflow/example_dags/tutorial_dag.py
[2024-10-27T04:00:48.260+0000] {processor.py:914} INFO - Processing file /home/airflow/.local/lib/python3.12/site-packages/airflow/example_dags/tutorial_dag.py for tasks to queue
[2024-10-27T04:00:48.264+0000] {logging_mixin.py:190} INFO - [2024-10-27T04:00:48.263+0000] {dagbag.py:588} INFO - Filling up the DagBag from /home/airflow/.local/lib/python3.12/site-packages/airflow/example_dags/tutorial_dag.py
[2024-10-27T04:00:48.272+0000] {processor.py:925} INFO - DAG(s) 'tutorial_dag' retrieved from /home/airflow/.local/lib/python3.12/site-packages/airflow/example_dags/tutorial_dag.py
[2024-10-27T04:00:48.291+0000] {logging_mixin.py:190} INFO - [2024-10-27T04:00:48.291+0000] {dag.py:3239} INFO - Sync 1 DAGs
[2024-10-27T04:00:48.305+0000] {logging_mixin.py:190} INFO - [2024-10-27T04:00:48.305+0000] {dag.py:4180} INFO - Setting next_dagrun for tutorial_dag to None, run_after=None
[2024-10-27T04:00:48.327+0000] {processor.py:208} INFO - Processing /home/airflow/.local/lib/python3.12/site-packages/airflow/example_dags/tutorial_dag.py took 0.074 seconds
[2024-10-27T04:01:19.096+0000] {processor.py:186} INFO - Started process (PID=75576) to work on /home/airflow/.local/lib/python3.12/site-packages/airflow/example_dags/tutorial_dag.py
[2024-10-27T04:01:19.098+0000] {processor.py:914} INFO - Processing file /home/airflow/.local/lib/python3.12/site-packages/airflow/example_dags/tutorial_dag.py for tasks to queue
[2024-10-27T04:01:19.101+0000] {logging_mixin.py:190} INFO - [2024-10-27T04:01:19.101+0000] {dagbag.py:588} INFO - Filling up the DagBag from /home/airflow/.local/lib/python3.12/site-packages/airflow/example_dags/tutorial_dag.py
[2024-10-27T04:01:19.113+0000] {processor.py:925} INFO - DAG(s) 'tutorial_dag' retrieved from /home/airflow/.local/lib/python3.12/site-packages/airflow/example_dags/tutorial_dag.py
[2024-10-27T04:01:19.135+0000] {logging_mixin.py:190} INFO - [2024-10-27T04:01:19.134+0000] {dag.py:3239} INFO - Sync 1 DAGs
[2024-10-27T04:01:19.150+0000] {logging_mixin.py:190} INFO - [2024-10-27T04:01:19.150+0000] {dag.py:4180} INFO - Setting next_dagrun for tutorial_dag to None, run_after=None
[2024-10-27T04:01:19.173+0000] {processor.py:208} INFO - Processing /home/airflow/.local/lib/python3.12/site-packages/airflow/example_dags/tutorial_dag.py took 0.087 seconds
[2024-10-27T04:01:49.710+0000] {processor.py:186} INFO - Started process (PID=75640) to work on /home/airflow/.local/lib/python3.12/site-packages/airflow/example_dags/tutorial_dag.py
[2024-10-27T04:01:49.711+0000] {processor.py:914} INFO - Processing file /home/airflow/.local/lib/python3.12/site-packages/airflow/example_dags/tutorial_dag.py for tasks to queue
[2024-10-27T04:01:49.714+0000] {logging_mixin.py:190} INFO - [2024-10-27T04:01:49.713+0000] {dagbag.py:588} INFO - Filling up the DagBag from /home/airflow/.local/lib/python3.12/site-packages/airflow/example_dags/tutorial_dag.py
[2024-10-27T04:01:49.721+0000] {processor.py:925} INFO - DAG(s) 'tutorial_dag' retrieved from /home/airflow/.local/lib/python3.12/site-packages/airflow/example_dags/tutorial_dag.py
[2024-10-27T04:01:49.741+0000] {logging_mixin.py:190} INFO - [2024-10-27T04:01:49.741+0000] {dag.py:3239} INFO - Sync 1 DAGs
[2024-10-27T04:01:49.756+0000] {logging_mixin.py:190} INFO - [2024-10-27T04:01:49.756+0000] {dag.py:4180} INFO - Setting next_dagrun for tutorial_dag to None, run_after=None
[2024-10-27T04:01:49.779+0000] {processor.py:208} INFO - Processing /home/airflow/.local/lib/python3.12/site-packages/airflow/example_dags/tutorial_dag.py took 0.076 seconds
[2024-10-27T04:02:20.328+0000] {processor.py:186} INFO - Started process (PID=75704) to work on /home/airflow/.local/lib/python3.12/site-packages/airflow/example_dags/tutorial_dag.py
[2024-10-27T04:02:20.329+0000] {processor.py:914} INFO - Processing file /home/airflow/.local/lib/python3.12/site-packages/airflow/example_dags/tutorial_dag.py for tasks to queue
[2024-10-27T04:02:20.332+0000] {logging_mixin.py:190} INFO - [2024-10-27T04:02:20.331+0000] {dagbag.py:588} INFO - Filling up the DagBag from /home/airflow/.local/lib/python3.12/site-packages/airflow/example_dags/tutorial_dag.py
[2024-10-27T04:02:20.341+0000] {processor.py:925} INFO - DAG(s) 'tutorial_dag' retrieved from /home/airflow/.local/lib/python3.12/site-packages/airflow/example_dags/tutorial_dag.py
[2024-10-27T04:02:20.363+0000] {logging_mixin.py:190} INFO - [2024-10-27T04:02:20.362+0000] {dag.py:3239} INFO - Sync 1 DAGs
[2024-10-27T04:02:20.377+0000] {logging_mixin.py:190} INFO - [2024-10-27T04:02:20.377+0000] {dag.py:4180} INFO - Setting next_dagrun for tutorial_dag to None, run_after=None
[2024-10-27T04:02:20.400+0000] {processor.py:208} INFO - Processing /home/airflow/.local/lib/python3.12/site-packages/airflow/example_dags/tutorial_dag.py took 0.078 seconds
[2024-10-27T04:02:51.271+0000] {processor.py:186} INFO - Started process (PID=75768) to work on /home/airflow/.local/lib/python3.12/site-packages/airflow/example_dags/tutorial_dag.py
[2024-10-27T04:02:51.272+0000] {processor.py:914} INFO - Processing file /home/airflow/.local/lib/python3.12/site-packages/airflow/example_dags/tutorial_dag.py for tasks to queue
[2024-10-27T04:02:51.275+0000] {logging_mixin.py:190} INFO - [2024-10-27T04:02:51.275+0000] {dagbag.py:588} INFO - Filling up the DagBag from /home/airflow/.local/lib/python3.12/site-packages/airflow/example_dags/tutorial_dag.py
[2024-10-27T04:02:51.282+0000] {processor.py:925} INFO - DAG(s) 'tutorial_dag' retrieved from /home/airflow/.local/lib/python3.12/site-packages/airflow/example_dags/tutorial_dag.py
[2024-10-27T04:02:51.302+0000] {logging_mixin.py:190} INFO - [2024-10-27T04:02:51.302+0000] {dag.py:3239} INFO - Sync 1 DAGs
[2024-10-27T04:02:51.317+0000] {logging_mixin.py:190} INFO - [2024-10-27T04:02:51.317+0000] {dag.py:4180} INFO - Setting next_dagrun for tutorial_dag to None, run_after=None
[2024-10-27T04:02:51.340+0000] {processor.py:208} INFO - Processing /home/airflow/.local/lib/python3.12/site-packages/airflow/example_dags/tutorial_dag.py took 0.076 seconds
[2024-10-27T04:03:22.011+0000] {processor.py:186} INFO - Started process (PID=75832) to work on /home/airflow/.local/lib/python3.12/site-packages/airflow/example_dags/tutorial_dag.py
[2024-10-27T04:03:22.012+0000] {processor.py:914} INFO - Processing file /home/airflow/.local/lib/python3.12/site-packages/airflow/example_dags/tutorial_dag.py for tasks to queue
[2024-10-27T04:03:22.015+0000] {logging_mixin.py:190} INFO - [2024-10-27T04:03:22.015+0000] {dagbag.py:588} INFO - Filling up the DagBag from /home/airflow/.local/lib/python3.12/site-packages/airflow/example_dags/tutorial_dag.py
[2024-10-27T04:03:22.022+0000] {processor.py:925} INFO - DAG(s) 'tutorial_dag' retrieved from /home/airflow/.local/lib/python3.12/site-packages/airflow/example_dags/tutorial_dag.py
[2024-10-27T04:03:22.043+0000] {logging_mixin.py:190} INFO - [2024-10-27T04:03:22.042+0000] {dag.py:3239} INFO - Sync 1 DAGs
[2024-10-27T04:03:22.057+0000] {logging_mixin.py:190} INFO - [2024-10-27T04:03:22.057+0000] {dag.py:4180} INFO - Setting next_dagrun for tutorial_dag to None, run_after=None
[2024-10-27T04:03:22.079+0000] {processor.py:208} INFO - Processing /home/airflow/.local/lib/python3.12/site-packages/airflow/example_dags/tutorial_dag.py took 0.073 seconds
[2024-10-27T04:03:52.640+0000] {processor.py:186} INFO - Started process (PID=75896) to work on /home/airflow/.local/lib/python3.12/site-packages/airflow/example_dags/tutorial_dag.py
[2024-10-27T04:03:52.641+0000] {processor.py:914} INFO - Processing file /home/airflow/.local/lib/python3.12/site-packages/airflow/example_dags/tutorial_dag.py for tasks to queue
[2024-10-27T04:03:52.644+0000] {logging_mixin.py:190} INFO - [2024-10-27T04:03:52.643+0000] {dagbag.py:588} INFO - Filling up the DagBag from /home/airflow/.local/lib/python3.12/site-packages/airflow/example_dags/tutorial_dag.py
[2024-10-27T04:03:52.651+0000] {processor.py:925} INFO - DAG(s) 'tutorial_dag' retrieved from /home/airflow/.local/lib/python3.12/site-packages/airflow/example_dags/tutorial_dag.py
[2024-10-27T04:03:52.672+0000] {logging_mixin.py:190} INFO - [2024-10-27T04:03:52.672+0000] {dag.py:3239} INFO - Sync 1 DAGs
[2024-10-27T04:03:52.687+0000] {logging_mixin.py:190} INFO - [2024-10-27T04:03:52.687+0000] {dag.py:4180} INFO - Setting next_dagrun for tutorial_dag to None, run_after=None
[2024-10-27T04:03:52.711+0000] {processor.py:208} INFO - Processing /home/airflow/.local/lib/python3.12/site-packages/airflow/example_dags/tutorial_dag.py took 0.077 seconds
[2024-10-27T04:04:22.966+0000] {processor.py:186} INFO - Started process (PID=75960) to work on /home/airflow/.local/lib/python3.12/site-packages/airflow/example_dags/tutorial_dag.py
[2024-10-27T04:04:22.968+0000] {processor.py:914} INFO - Processing file /home/airflow/.local/lib/python3.12/site-packages/airflow/example_dags/tutorial_dag.py for tasks to queue
[2024-10-27T04:04:22.972+0000] {logging_mixin.py:190} INFO - [2024-10-27T04:04:22.971+0000] {dagbag.py:588} INFO - Filling up the DagBag from /home/airflow/.local/lib/python3.12/site-packages/airflow/example_dags/tutorial_dag.py
[2024-10-27T04:04:22.983+0000] {processor.py:925} INFO - DAG(s) 'tutorial_dag' retrieved from /home/airflow/.local/lib/python3.12/site-packages/airflow/example_dags/tutorial_dag.py
[2024-10-27T04:04:23.017+0000] {logging_mixin.py:190} INFO - [2024-10-27T04:04:23.016+0000] {dag.py:3239} INFO - Sync 1 DAGs
[2024-10-27T04:04:23.031+0000] {logging_mixin.py:190} INFO - [2024-10-27T04:04:23.031+0000] {dag.py:4180} INFO - Setting next_dagrun for tutorial_dag to None, run_after=None
[2024-10-27T04:04:23.052+0000] {processor.py:208} INFO - Processing /home/airflow/.local/lib/python3.12/site-packages/airflow/example_dags/tutorial_dag.py took 0.096 seconds
[2024-10-27T04:04:53.338+0000] {processor.py:186} INFO - Started process (PID=76024) to work on /home/airflow/.local/lib/python3.12/site-packages/airflow/example_dags/tutorial_dag.py
[2024-10-27T04:04:53.340+0000] {processor.py:914} INFO - Processing file /home/airflow/.local/lib/python3.12/site-packages/airflow/example_dags/tutorial_dag.py for tasks to queue
[2024-10-27T04:04:53.343+0000] {logging_mixin.py:190} INFO - [2024-10-27T04:04:53.342+0000] {dagbag.py:588} INFO - Filling up the DagBag from /home/airflow/.local/lib/python3.12/site-packages/airflow/example_dags/tutorial_dag.py
[2024-10-27T04:04:53.351+0000] {processor.py:925} INFO - DAG(s) 'tutorial_dag' retrieved from /home/airflow/.local/lib/python3.12/site-packages/airflow/example_dags/tutorial_dag.py
[2024-10-27T04:04:53.374+0000] {logging_mixin.py:190} INFO - [2024-10-27T04:04:53.374+0000] {dag.py:3239} INFO - Sync 1 DAGs
[2024-10-27T04:04:53.389+0000] {logging_mixin.py:190} INFO - [2024-10-27T04:04:53.388+0000] {dag.py:4180} INFO - Setting next_dagrun for tutorial_dag to None, run_after=None
[2024-10-27T04:04:53.412+0000] {processor.py:208} INFO - Processing /home/airflow/.local/lib/python3.12/site-packages/airflow/example_dags/tutorial_dag.py took 0.080 seconds
[2024-10-27T04:05:24.001+0000] {processor.py:186} INFO - Started process (PID=76088) to work on /home/airflow/.local/lib/python3.12/site-packages/airflow/example_dags/tutorial_dag.py
[2024-10-27T04:05:24.002+0000] {processor.py:914} INFO - Processing file /home/airflow/.local/lib/python3.12/site-packages/airflow/example_dags/tutorial_dag.py for tasks to queue
[2024-10-27T04:05:24.005+0000] {logging_mixin.py:190} INFO - [2024-10-27T04:05:24.004+0000] {dagbag.py:588} INFO - Filling up the DagBag from /home/airflow/.local/lib/python3.12/site-packages/airflow/example_dags/tutorial_dag.py
[2024-10-27T04:05:24.012+0000] {processor.py:925} INFO - DAG(s) 'tutorial_dag' retrieved from /home/airflow/.local/lib/python3.12/site-packages/airflow/example_dags/tutorial_dag.py
[2024-10-27T04:05:24.033+0000] {logging_mixin.py:190} INFO - [2024-10-27T04:05:24.033+0000] {dag.py:3239} INFO - Sync 1 DAGs
[2024-10-27T04:05:24.047+0000] {logging_mixin.py:190} INFO - [2024-10-27T04:05:24.046+0000] {dag.py:4180} INFO - Setting next_dagrun for tutorial_dag to None, run_after=None
[2024-10-27T04:05:24.067+0000] {processor.py:208} INFO - Processing /home/airflow/.local/lib/python3.12/site-packages/airflow/example_dags/tutorial_dag.py took 0.072 seconds
[2024-10-27T04:05:54.580+0000] {processor.py:186} INFO - Started process (PID=76152) to work on /home/airflow/.local/lib/python3.12/site-packages/airflow/example_dags/tutorial_dag.py
[2024-10-27T04:05:54.581+0000] {processor.py:914} INFO - Processing file /home/airflow/.local/lib/python3.12/site-packages/airflow/example_dags/tutorial_dag.py for tasks to queue
[2024-10-27T04:05:54.583+0000] {logging_mixin.py:190} INFO - [2024-10-27T04:05:54.583+0000] {dagbag.py:588} INFO - Filling up the DagBag from /home/airflow/.local/lib/python3.12/site-packages/airflow/example_dags/tutorial_dag.py
[2024-10-27T04:05:54.591+0000] {processor.py:925} INFO - DAG(s) 'tutorial_dag' retrieved from /home/airflow/.local/lib/python3.12/site-packages/airflow/example_dags/tutorial_dag.py
[2024-10-27T04:05:54.611+0000] {logging_mixin.py:190} INFO - [2024-10-27T04:05:54.610+0000] {dag.py:3239} INFO - Sync 1 DAGs
[2024-10-27T04:05:54.625+0000] {logging_mixin.py:190} INFO - [2024-10-27T04:05:54.624+0000] {dag.py:4180} INFO - Setting next_dagrun for tutorial_dag to None, run_after=None
[2024-10-27T04:05:54.648+0000] {processor.py:208} INFO - Processing /home/airflow/.local/lib/python3.12/site-packages/airflow/example_dags/tutorial_dag.py took 0.073 seconds
[2024-10-27T04:06:25.038+0000] {processor.py:186} INFO - Started process (PID=76216) to work on /home/airflow/.local/lib/python3.12/site-packages/airflow/example_dags/tutorial_dag.py
[2024-10-27T04:06:25.039+0000] {processor.py:914} INFO - Processing file /home/airflow/.local/lib/python3.12/site-packages/airflow/example_dags/tutorial_dag.py for tasks to queue
[2024-10-27T04:06:25.041+0000] {logging_mixin.py:190} INFO - [2024-10-27T04:06:25.041+0000] {dagbag.py:588} INFO - Filling up the DagBag from /home/airflow/.local/lib/python3.12/site-packages/airflow/example_dags/tutorial_dag.py
[2024-10-27T04:06:25.050+0000] {processor.py:925} INFO - DAG(s) 'tutorial_dag' retrieved from /home/airflow/.local/lib/python3.12/site-packages/airflow/example_dags/tutorial_dag.py
[2024-10-27T04:06:25.071+0000] {logging_mixin.py:190} INFO - [2024-10-27T04:06:25.071+0000] {dag.py:3239} INFO - Sync 1 DAGs
[2024-10-27T04:06:25.085+0000] {logging_mixin.py:190} INFO - [2024-10-27T04:06:25.085+0000] {dag.py:4180} INFO - Setting next_dagrun for tutorial_dag to None, run_after=None
[2024-10-27T04:06:25.108+0000] {processor.py:208} INFO - Processing /home/airflow/.local/lib/python3.12/site-packages/airflow/example_dags/tutorial_dag.py took 0.076 seconds
[2024-10-27T04:06:55.243+0000] {processor.py:186} INFO - Started process (PID=76280) to work on /home/airflow/.local/lib/python3.12/site-packages/airflow/example_dags/tutorial_dag.py
[2024-10-27T04:06:55.244+0000] {processor.py:914} INFO - Processing file /home/airflow/.local/lib/python3.12/site-packages/airflow/example_dags/tutorial_dag.py for tasks to queue
[2024-10-27T04:06:55.247+0000] {logging_mixin.py:190} INFO - [2024-10-27T04:06:55.246+0000] {dagbag.py:588} INFO - Filling up the DagBag from /home/airflow/.local/lib/python3.12/site-packages/airflow/example_dags/tutorial_dag.py
[2024-10-27T04:06:55.255+0000] {processor.py:925} INFO - DAG(s) 'tutorial_dag' retrieved from /home/airflow/.local/lib/python3.12/site-packages/airflow/example_dags/tutorial_dag.py
[2024-10-27T04:06:55.276+0000] {logging_mixin.py:190} INFO - [2024-10-27T04:06:55.276+0000] {dag.py:3239} INFO - Sync 1 DAGs
[2024-10-27T04:06:55.293+0000] {logging_mixin.py:190} INFO - [2024-10-27T04:06:55.292+0000] {dag.py:4180} INFO - Setting next_dagrun for tutorial_dag to None, run_after=None
[2024-10-27T04:06:55.313+0000] {processor.py:208} INFO - Processing /home/airflow/.local/lib/python3.12/site-packages/airflow/example_dags/tutorial_dag.py took 0.075 seconds
[2024-10-27T04:07:26.318+0000] {processor.py:186} INFO - Started process (PID=76344) to work on /home/airflow/.local/lib/python3.12/site-packages/airflow/example_dags/tutorial_dag.py
[2024-10-27T04:07:26.319+0000] {processor.py:914} INFO - Processing file /home/airflow/.local/lib/python3.12/site-packages/airflow/example_dags/tutorial_dag.py for tasks to queue
[2024-10-27T04:07:26.322+0000] {logging_mixin.py:190} INFO - [2024-10-27T04:07:26.322+0000] {dagbag.py:588} INFO - Filling up the DagBag from /home/airflow/.local/lib/python3.12/site-packages/airflow/example_dags/tutorial_dag.py
[2024-10-27T04:07:26.332+0000] {processor.py:925} INFO - DAG(s) 'tutorial_dag' retrieved from /home/airflow/.local/lib/python3.12/site-packages/airflow/example_dags/tutorial_dag.py
[2024-10-27T04:07:26.353+0000] {logging_mixin.py:190} INFO - [2024-10-27T04:07:26.353+0000] {dag.py:3239} INFO - Sync 1 DAGs
[2024-10-27T04:07:26.367+0000] {logging_mixin.py:190} INFO - [2024-10-27T04:07:26.367+0000] {dag.py:4180} INFO - Setting next_dagrun for tutorial_dag to None, run_after=None
[2024-10-27T04:07:26.386+0000] {processor.py:208} INFO - Processing /home/airflow/.local/lib/python3.12/site-packages/airflow/example_dags/tutorial_dag.py took 0.074 seconds
[2024-10-27T04:07:56.801+0000] {processor.py:186} INFO - Started process (PID=76408) to work on /home/airflow/.local/lib/python3.12/site-packages/airflow/example_dags/tutorial_dag.py
[2024-10-27T04:07:56.802+0000] {processor.py:914} INFO - Processing file /home/airflow/.local/lib/python3.12/site-packages/airflow/example_dags/tutorial_dag.py for tasks to queue
[2024-10-27T04:07:56.806+0000] {logging_mixin.py:190} INFO - [2024-10-27T04:07:56.805+0000] {dagbag.py:588} INFO - Filling up the DagBag from /home/airflow/.local/lib/python3.12/site-packages/airflow/example_dags/tutorial_dag.py
[2024-10-27T04:07:56.817+0000] {processor.py:925} INFO - DAG(s) 'tutorial_dag' retrieved from /home/airflow/.local/lib/python3.12/site-packages/airflow/example_dags/tutorial_dag.py
[2024-10-27T04:07:56.844+0000] {logging_mixin.py:190} INFO - [2024-10-27T04:07:56.844+0000] {dag.py:3239} INFO - Sync 1 DAGs
[2024-10-27T04:07:56.871+0000] {logging_mixin.py:190} INFO - [2024-10-27T04:07:56.871+0000] {dag.py:4180} INFO - Setting next_dagrun for tutorial_dag to None, run_after=None
[2024-10-27T04:07:56.906+0000] {processor.py:208} INFO - Processing /home/airflow/.local/lib/python3.12/site-packages/airflow/example_dags/tutorial_dag.py took 0.113 seconds
[2024-10-27T04:08:27.315+0000] {processor.py:186} INFO - Started process (PID=76472) to work on /home/airflow/.local/lib/python3.12/site-packages/airflow/example_dags/tutorial_dag.py
[2024-10-27T04:08:27.316+0000] {processor.py:914} INFO - Processing file /home/airflow/.local/lib/python3.12/site-packages/airflow/example_dags/tutorial_dag.py for tasks to queue
[2024-10-27T04:08:27.319+0000] {logging_mixin.py:190} INFO - [2024-10-27T04:08:27.319+0000] {dagbag.py:588} INFO - Filling up the DagBag from /home/airflow/.local/lib/python3.12/site-packages/airflow/example_dags/tutorial_dag.py
[2024-10-27T04:08:27.329+0000] {processor.py:925} INFO - DAG(s) 'tutorial_dag' retrieved from /home/airflow/.local/lib/python3.12/site-packages/airflow/example_dags/tutorial_dag.py
[2024-10-27T04:08:27.348+0000] {logging_mixin.py:190} INFO - [2024-10-27T04:08:27.348+0000] {dag.py:3239} INFO - Sync 1 DAGs
[2024-10-27T04:08:27.362+0000] {logging_mixin.py:190} INFO - [2024-10-27T04:08:27.362+0000] {dag.py:4180} INFO - Setting next_dagrun for tutorial_dag to None, run_after=None
[2024-10-27T04:08:27.384+0000] {processor.py:208} INFO - Processing /home/airflow/.local/lib/python3.12/site-packages/airflow/example_dags/tutorial_dag.py took 0.075 seconds
[2024-10-27T04:08:57.580+0000] {processor.py:186} INFO - Started process (PID=76536) to work on /home/airflow/.local/lib/python3.12/site-packages/airflow/example_dags/tutorial_dag.py
[2024-10-27T04:08:57.582+0000] {processor.py:914} INFO - Processing file /home/airflow/.local/lib/python3.12/site-packages/airflow/example_dags/tutorial_dag.py for tasks to queue
[2024-10-27T04:08:57.584+0000] {logging_mixin.py:190} INFO - [2024-10-27T04:08:57.584+0000] {dagbag.py:588} INFO - Filling up the DagBag from /home/airflow/.local/lib/python3.12/site-packages/airflow/example_dags/tutorial_dag.py
[2024-10-27T04:08:57.592+0000] {processor.py:925} INFO - DAG(s) 'tutorial_dag' retrieved from /home/airflow/.local/lib/python3.12/site-packages/airflow/example_dags/tutorial_dag.py
[2024-10-27T04:08:57.612+0000] {logging_mixin.py:190} INFO - [2024-10-27T04:08:57.612+0000] {dag.py:3239} INFO - Sync 1 DAGs
[2024-10-27T04:08:57.629+0000] {logging_mixin.py:190} INFO - [2024-10-27T04:08:57.628+0000] {dag.py:4180} INFO - Setting next_dagrun for tutorial_dag to None, run_after=None
[2024-10-27T04:08:57.650+0000] {processor.py:208} INFO - Processing /home/airflow/.local/lib/python3.12/site-packages/airflow/example_dags/tutorial_dag.py took 0.075 seconds
[2024-10-27T04:09:28.120+0000] {processor.py:186} INFO - Started process (PID=76600) to work on /home/airflow/.local/lib/python3.12/site-packages/airflow/example_dags/tutorial_dag.py
[2024-10-27T04:09:28.121+0000] {processor.py:914} INFO - Processing file /home/airflow/.local/lib/python3.12/site-packages/airflow/example_dags/tutorial_dag.py for tasks to queue
[2024-10-27T04:09:28.124+0000] {logging_mixin.py:190} INFO - [2024-10-27T04:09:28.123+0000] {dagbag.py:588} INFO - Filling up the DagBag from /home/airflow/.local/lib/python3.12/site-packages/airflow/example_dags/tutorial_dag.py
[2024-10-27T04:09:28.133+0000] {processor.py:925} INFO - DAG(s) 'tutorial_dag' retrieved from /home/airflow/.local/lib/python3.12/site-packages/airflow/example_dags/tutorial_dag.py
[2024-10-27T04:09:28.153+0000] {logging_mixin.py:190} INFO - [2024-10-27T04:09:28.153+0000] {dag.py:3239} INFO - Sync 1 DAGs
[2024-10-27T04:09:28.168+0000] {logging_mixin.py:190} INFO - [2024-10-27T04:09:28.168+0000] {dag.py:4180} INFO - Setting next_dagrun for tutorial_dag to None, run_after=None
[2024-10-27T04:09:28.190+0000] {processor.py:208} INFO - Processing /home/airflow/.local/lib/python3.12/site-packages/airflow/example_dags/tutorial_dag.py took 0.076 seconds
[2024-10-27T04:09:59.037+0000] {processor.py:186} INFO - Started process (PID=76670) to work on /home/airflow/.local/lib/python3.12/site-packages/airflow/example_dags/tutorial_dag.py
[2024-10-27T04:09:59.038+0000] {processor.py:914} INFO - Processing file /home/airflow/.local/lib/python3.12/site-packages/airflow/example_dags/tutorial_dag.py for tasks to queue
[2024-10-27T04:09:59.042+0000] {logging_mixin.py:190} INFO - [2024-10-27T04:09:59.041+0000] {dagbag.py:588} INFO - Filling up the DagBag from /home/airflow/.local/lib/python3.12/site-packages/airflow/example_dags/tutorial_dag.py
[2024-10-27T04:09:59.050+0000] {processor.py:925} INFO - DAG(s) 'tutorial_dag' retrieved from /home/airflow/.local/lib/python3.12/site-packages/airflow/example_dags/tutorial_dag.py
[2024-10-27T04:09:59.072+0000] {logging_mixin.py:190} INFO - [2024-10-27T04:09:59.071+0000] {dag.py:3239} INFO - Sync 1 DAGs
[2024-10-27T04:09:59.087+0000] {logging_mixin.py:190} INFO - [2024-10-27T04:09:59.087+0000] {dag.py:4180} INFO - Setting next_dagrun for tutorial_dag to None, run_after=None
[2024-10-27T04:09:59.110+0000] {processor.py:208} INFO - Processing /home/airflow/.local/lib/python3.12/site-packages/airflow/example_dags/tutorial_dag.py took 0.079 seconds
[2024-10-27T04:10:30.245+0000] {processor.py:186} INFO - Started process (PID=76734) to work on /home/airflow/.local/lib/python3.12/site-packages/airflow/example_dags/tutorial_dag.py
[2024-10-27T04:10:30.246+0000] {processor.py:914} INFO - Processing file /home/airflow/.local/lib/python3.12/site-packages/airflow/example_dags/tutorial_dag.py for tasks to queue
[2024-10-27T04:10:30.249+0000] {logging_mixin.py:190} INFO - [2024-10-27T04:10:30.248+0000] {dagbag.py:588} INFO - Filling up the DagBag from /home/airflow/.local/lib/python3.12/site-packages/airflow/example_dags/tutorial_dag.py
[2024-10-27T04:10:30.257+0000] {processor.py:925} INFO - DAG(s) 'tutorial_dag' retrieved from /home/airflow/.local/lib/python3.12/site-packages/airflow/example_dags/tutorial_dag.py
[2024-10-27T04:10:30.288+0000] {logging_mixin.py:190} INFO - [2024-10-27T04:10:30.288+0000] {dag.py:3239} INFO - Sync 1 DAGs
[2024-10-27T04:10:30.304+0000] {logging_mixin.py:190} INFO - [2024-10-27T04:10:30.303+0000] {dag.py:4180} INFO - Setting next_dagrun for tutorial_dag to None, run_after=None
[2024-10-27T04:10:30.325+0000] {processor.py:208} INFO - Processing /home/airflow/.local/lib/python3.12/site-packages/airflow/example_dags/tutorial_dag.py took 0.086 seconds
[2024-10-27T04:11:01.490+0000] {processor.py:186} INFO - Started process (PID=76798) to work on /home/airflow/.local/lib/python3.12/site-packages/airflow/example_dags/tutorial_dag.py
[2024-10-27T04:11:01.491+0000] {processor.py:914} INFO - Processing file /home/airflow/.local/lib/python3.12/site-packages/airflow/example_dags/tutorial_dag.py for tasks to queue
[2024-10-27T04:11:01.494+0000] {logging_mixin.py:190} INFO - [2024-10-27T04:11:01.494+0000] {dagbag.py:588} INFO - Filling up the DagBag from /home/airflow/.local/lib/python3.12/site-packages/airflow/example_dags/tutorial_dag.py
[2024-10-27T04:11:01.508+0000] {processor.py:925} INFO - DAG(s) 'tutorial_dag' retrieved from /home/airflow/.local/lib/python3.12/site-packages/airflow/example_dags/tutorial_dag.py
[2024-10-27T04:11:01.528+0000] {logging_mixin.py:190} INFO - [2024-10-27T04:11:01.528+0000] {dag.py:3239} INFO - Sync 1 DAGs
[2024-10-27T04:11:01.543+0000] {logging_mixin.py:190} INFO - [2024-10-27T04:11:01.543+0000] {dag.py:4180} INFO - Setting next_dagrun for tutorial_dag to None, run_after=None
[2024-10-27T04:11:01.566+0000] {processor.py:208} INFO - Processing /home/airflow/.local/lib/python3.12/site-packages/airflow/example_dags/tutorial_dag.py took 0.083 seconds
[2024-10-27T04:11:31.903+0000] {processor.py:186} INFO - Started process (PID=76862) to work on /home/airflow/.local/lib/python3.12/site-packages/airflow/example_dags/tutorial_dag.py
[2024-10-27T04:11:31.904+0000] {processor.py:914} INFO - Processing file /home/airflow/.local/lib/python3.12/site-packages/airflow/example_dags/tutorial_dag.py for tasks to queue
[2024-10-27T04:11:31.906+0000] {logging_mixin.py:190} INFO - [2024-10-27T04:11:31.906+0000] {dagbag.py:588} INFO - Filling up the DagBag from /home/airflow/.local/lib/python3.12/site-packages/airflow/example_dags/tutorial_dag.py
[2024-10-27T04:11:31.914+0000] {processor.py:925} INFO - DAG(s) 'tutorial_dag' retrieved from /home/airflow/.local/lib/python3.12/site-packages/airflow/example_dags/tutorial_dag.py
[2024-10-27T04:11:31.935+0000] {logging_mixin.py:190} INFO - [2024-10-27T04:11:31.935+0000] {dag.py:3239} INFO - Sync 1 DAGs
[2024-10-27T04:11:31.949+0000] {logging_mixin.py:190} INFO - [2024-10-27T04:11:31.948+0000] {dag.py:4180} INFO - Setting next_dagrun for tutorial_dag to None, run_after=None
[2024-10-27T04:11:31.972+0000] {processor.py:208} INFO - Processing /home/airflow/.local/lib/python3.12/site-packages/airflow/example_dags/tutorial_dag.py took 0.076 seconds
[2024-10-27T04:12:02.547+0000] {processor.py:186} INFO - Started process (PID=76926) to work on /home/airflow/.local/lib/python3.12/site-packages/airflow/example_dags/tutorial_dag.py
[2024-10-27T04:12:02.548+0000] {processor.py:914} INFO - Processing file /home/airflow/.local/lib/python3.12/site-packages/airflow/example_dags/tutorial_dag.py for tasks to queue
[2024-10-27T04:12:02.551+0000] {logging_mixin.py:190} INFO - [2024-10-27T04:12:02.551+0000] {dagbag.py:588} INFO - Filling up the DagBag from /home/airflow/.local/lib/python3.12/site-packages/airflow/example_dags/tutorial_dag.py
[2024-10-27T04:12:02.560+0000] {processor.py:925} INFO - DAG(s) 'tutorial_dag' retrieved from /home/airflow/.local/lib/python3.12/site-packages/airflow/example_dags/tutorial_dag.py
[2024-10-27T04:12:02.580+0000] {logging_mixin.py:190} INFO - [2024-10-27T04:12:02.580+0000] {dag.py:3239} INFO - Sync 1 DAGs
[2024-10-27T04:12:02.599+0000] {logging_mixin.py:190} INFO - [2024-10-27T04:12:02.598+0000] {dag.py:4180} INFO - Setting next_dagrun for tutorial_dag to None, run_after=None
[2024-10-27T04:12:02.619+0000] {processor.py:208} INFO - Processing /home/airflow/.local/lib/python3.12/site-packages/airflow/example_dags/tutorial_dag.py took 0.077 seconds
[2024-10-27T04:12:33.107+0000] {processor.py:186} INFO - Started process (PID=76990) to work on /home/airflow/.local/lib/python3.12/site-packages/airflow/example_dags/tutorial_dag.py
[2024-10-27T04:12:33.108+0000] {processor.py:914} INFO - Processing file /home/airflow/.local/lib/python3.12/site-packages/airflow/example_dags/tutorial_dag.py for tasks to queue
[2024-10-27T04:12:33.111+0000] {logging_mixin.py:190} INFO - [2024-10-27T04:12:33.110+0000] {dagbag.py:588} INFO - Filling up the DagBag from /home/airflow/.local/lib/python3.12/site-packages/airflow/example_dags/tutorial_dag.py
[2024-10-27T04:12:33.118+0000] {processor.py:925} INFO - DAG(s) 'tutorial_dag' retrieved from /home/airflow/.local/lib/python3.12/site-packages/airflow/example_dags/tutorial_dag.py
[2024-10-27T04:12:33.142+0000] {logging_mixin.py:190} INFO - [2024-10-27T04:12:33.141+0000] {dag.py:3239} INFO - Sync 1 DAGs
[2024-10-27T04:12:33.158+0000] {logging_mixin.py:190} INFO - [2024-10-27T04:12:33.157+0000] {dag.py:4180} INFO - Setting next_dagrun for tutorial_dag to None, run_after=None
[2024-10-27T04:12:33.180+0000] {processor.py:208} INFO - Processing /home/airflow/.local/lib/python3.12/site-packages/airflow/example_dags/tutorial_dag.py took 0.080 seconds
[2024-10-27T04:13:03.526+0000] {processor.py:186} INFO - Started process (PID=77054) to work on /home/airflow/.local/lib/python3.12/site-packages/airflow/example_dags/tutorial_dag.py
[2024-10-27T04:13:03.528+0000] {processor.py:914} INFO - Processing file /home/airflow/.local/lib/python3.12/site-packages/airflow/example_dags/tutorial_dag.py for tasks to queue
[2024-10-27T04:13:03.531+0000] {logging_mixin.py:190} INFO - [2024-10-27T04:13:03.530+0000] {dagbag.py:588} INFO - Filling up the DagBag from /home/airflow/.local/lib/python3.12/site-packages/airflow/example_dags/tutorial_dag.py
[2024-10-27T04:13:03.538+0000] {processor.py:925} INFO - DAG(s) 'tutorial_dag' retrieved from /home/airflow/.local/lib/python3.12/site-packages/airflow/example_dags/tutorial_dag.py
[2024-10-27T04:13:03.559+0000] {logging_mixin.py:190} INFO - [2024-10-27T04:13:03.558+0000] {dag.py:3239} INFO - Sync 1 DAGs
[2024-10-27T04:13:03.574+0000] {logging_mixin.py:190} INFO - [2024-10-27T04:13:03.573+0000] {dag.py:4180} INFO - Setting next_dagrun for tutorial_dag to None, run_after=None
[2024-10-27T04:13:03.596+0000] {processor.py:208} INFO - Processing /home/airflow/.local/lib/python3.12/site-packages/airflow/example_dags/tutorial_dag.py took 0.076 seconds
[2024-10-27T04:13:34.754+0000] {processor.py:186} INFO - Started process (PID=77118) to work on /home/airflow/.local/lib/python3.12/site-packages/airflow/example_dags/tutorial_dag.py
[2024-10-27T04:13:34.755+0000] {processor.py:914} INFO - Processing file /home/airflow/.local/lib/python3.12/site-packages/airflow/example_dags/tutorial_dag.py for tasks to queue
[2024-10-27T04:13:34.757+0000] {logging_mixin.py:190} INFO - [2024-10-27T04:13:34.757+0000] {dagbag.py:588} INFO - Filling up the DagBag from /home/airflow/.local/lib/python3.12/site-packages/airflow/example_dags/tutorial_dag.py
[2024-10-27T04:13:34.765+0000] {processor.py:925} INFO - DAG(s) 'tutorial_dag' retrieved from /home/airflow/.local/lib/python3.12/site-packages/airflow/example_dags/tutorial_dag.py
[2024-10-27T04:13:34.785+0000] {logging_mixin.py:190} INFO - [2024-10-27T04:13:34.784+0000] {dag.py:3239} INFO - Sync 1 DAGs
[2024-10-27T04:13:34.800+0000] {logging_mixin.py:190} INFO - [2024-10-27T04:13:34.799+0000] {dag.py:4180} INFO - Setting next_dagrun for tutorial_dag to None, run_after=None
[2024-10-27T04:13:34.823+0000] {processor.py:208} INFO - Processing /home/airflow/.local/lib/python3.12/site-packages/airflow/example_dags/tutorial_dag.py took 0.074 seconds
[2024-10-27T04:14:05.525+0000] {processor.py:186} INFO - Started process (PID=77182) to work on /home/airflow/.local/lib/python3.12/site-packages/airflow/example_dags/tutorial_dag.py
[2024-10-27T04:14:05.526+0000] {processor.py:914} INFO - Processing file /home/airflow/.local/lib/python3.12/site-packages/airflow/example_dags/tutorial_dag.py for tasks to queue
[2024-10-27T04:14:05.529+0000] {logging_mixin.py:190} INFO - [2024-10-27T04:14:05.529+0000] {dagbag.py:588} INFO - Filling up the DagBag from /home/airflow/.local/lib/python3.12/site-packages/airflow/example_dags/tutorial_dag.py
[2024-10-27T04:14:05.542+0000] {processor.py:925} INFO - DAG(s) 'tutorial_dag' retrieved from /home/airflow/.local/lib/python3.12/site-packages/airflow/example_dags/tutorial_dag.py
[2024-10-27T04:14:05.580+0000] {logging_mixin.py:190} INFO - [2024-10-27T04:14:05.579+0000] {dag.py:3239} INFO - Sync 1 DAGs
[2024-10-27T04:14:05.594+0000] {logging_mixin.py:190} INFO - [2024-10-27T04:14:05.594+0000] {dag.py:4180} INFO - Setting next_dagrun for tutorial_dag to None, run_after=None
[2024-10-27T04:14:05.615+0000] {processor.py:208} INFO - Processing /home/airflow/.local/lib/python3.12/site-packages/airflow/example_dags/tutorial_dag.py took 0.101 seconds
[2024-10-27T04:14:36.593+0000] {processor.py:186} INFO - Started process (PID=77246) to work on /home/airflow/.local/lib/python3.12/site-packages/airflow/example_dags/tutorial_dag.py
[2024-10-27T04:14:36.594+0000] {processor.py:914} INFO - Processing file /home/airflow/.local/lib/python3.12/site-packages/airflow/example_dags/tutorial_dag.py for tasks to queue
[2024-10-27T04:14:36.596+0000] {logging_mixin.py:190} INFO - [2024-10-27T04:14:36.596+0000] {dagbag.py:588} INFO - Filling up the DagBag from /home/airflow/.local/lib/python3.12/site-packages/airflow/example_dags/tutorial_dag.py
[2024-10-27T04:14:36.604+0000] {processor.py:925} INFO - DAG(s) 'tutorial_dag' retrieved from /home/airflow/.local/lib/python3.12/site-packages/airflow/example_dags/tutorial_dag.py
[2024-10-27T04:14:36.623+0000] {logging_mixin.py:190} INFO - [2024-10-27T04:14:36.622+0000] {dag.py:3239} INFO - Sync 1 DAGs
[2024-10-27T04:14:36.638+0000] {logging_mixin.py:190} INFO - [2024-10-27T04:14:36.637+0000] {dag.py:4180} INFO - Setting next_dagrun for tutorial_dag to None, run_after=None
[2024-10-27T04:14:36.658+0000] {processor.py:208} INFO - Processing /home/airflow/.local/lib/python3.12/site-packages/airflow/example_dags/tutorial_dag.py took 0.070 seconds
[2024-10-27T04:15:07.625+0000] {processor.py:186} INFO - Started process (PID=77310) to work on /home/airflow/.local/lib/python3.12/site-packages/airflow/example_dags/tutorial_dag.py
[2024-10-27T04:15:07.626+0000] {processor.py:914} INFO - Processing file /home/airflow/.local/lib/python3.12/site-packages/airflow/example_dags/tutorial_dag.py for tasks to queue
[2024-10-27T04:15:07.628+0000] {logging_mixin.py:190} INFO - [2024-10-27T04:15:07.628+0000] {dagbag.py:588} INFO - Filling up the DagBag from /home/airflow/.local/lib/python3.12/site-packages/airflow/example_dags/tutorial_dag.py
[2024-10-27T04:15:07.636+0000] {processor.py:925} INFO - DAG(s) 'tutorial_dag' retrieved from /home/airflow/.local/lib/python3.12/site-packages/airflow/example_dags/tutorial_dag.py
[2024-10-27T04:15:07.656+0000] {logging_mixin.py:190} INFO - [2024-10-27T04:15:07.655+0000] {dag.py:3239} INFO - Sync 1 DAGs
[2024-10-27T04:15:07.671+0000] {logging_mixin.py:190} INFO - [2024-10-27T04:15:07.670+0000] {dag.py:4180} INFO - Setting next_dagrun for tutorial_dag to None, run_after=None
[2024-10-27T04:15:07.843+0000] {processor.py:208} INFO - Processing /home/airflow/.local/lib/python3.12/site-packages/airflow/example_dags/tutorial_dag.py took 0.224 seconds
[2024-10-27T04:15:38.177+0000] {processor.py:186} INFO - Started process (PID=77374) to work on /home/airflow/.local/lib/python3.12/site-packages/airflow/example_dags/tutorial_dag.py
[2024-10-27T04:15:38.178+0000] {processor.py:914} INFO - Processing file /home/airflow/.local/lib/python3.12/site-packages/airflow/example_dags/tutorial_dag.py for tasks to queue
[2024-10-27T04:15:38.181+0000] {logging_mixin.py:190} INFO - [2024-10-27T04:15:38.180+0000] {dagbag.py:588} INFO - Filling up the DagBag from /home/airflow/.local/lib/python3.12/site-packages/airflow/example_dags/tutorial_dag.py
[2024-10-27T04:15:38.189+0000] {processor.py:925} INFO - DAG(s) 'tutorial_dag' retrieved from /home/airflow/.local/lib/python3.12/site-packages/airflow/example_dags/tutorial_dag.py
[2024-10-27T04:15:38.210+0000] {logging_mixin.py:190} INFO - [2024-10-27T04:15:38.210+0000] {dag.py:3239} INFO - Sync 1 DAGs
[2024-10-27T04:15:38.225+0000] {logging_mixin.py:190} INFO - [2024-10-27T04:15:38.225+0000] {dag.py:4180} INFO - Setting next_dagrun for tutorial_dag to None, run_after=None
[2024-10-27T04:15:38.394+0000] {processor.py:208} INFO - Processing /home/airflow/.local/lib/python3.12/site-packages/airflow/example_dags/tutorial_dag.py took 0.223 seconds
[2024-10-27T04:16:09.382+0000] {processor.py:186} INFO - Started process (PID=77438) to work on /home/airflow/.local/lib/python3.12/site-packages/airflow/example_dags/tutorial_dag.py
[2024-10-27T04:16:09.383+0000] {processor.py:914} INFO - Processing file /home/airflow/.local/lib/python3.12/site-packages/airflow/example_dags/tutorial_dag.py for tasks to queue
[2024-10-27T04:16:09.385+0000] {logging_mixin.py:190} INFO - [2024-10-27T04:16:09.385+0000] {dagbag.py:588} INFO - Filling up the DagBag from /home/airflow/.local/lib/python3.12/site-packages/airflow/example_dags/tutorial_dag.py
[2024-10-27T04:16:09.392+0000] {processor.py:925} INFO - DAG(s) 'tutorial_dag' retrieved from /home/airflow/.local/lib/python3.12/site-packages/airflow/example_dags/tutorial_dag.py
[2024-10-27T04:16:09.413+0000] {logging_mixin.py:190} INFO - [2024-10-27T04:16:09.412+0000] {dag.py:3239} INFO - Sync 1 DAGs
[2024-10-27T04:16:09.426+0000] {logging_mixin.py:190} INFO - [2024-10-27T04:16:09.426+0000] {dag.py:4180} INFO - Setting next_dagrun for tutorial_dag to None, run_after=None
[2024-10-27T04:16:09.451+0000] {processor.py:208} INFO - Processing /home/airflow/.local/lib/python3.12/site-packages/airflow/example_dags/tutorial_dag.py took 0.076 seconds
[2024-10-27T04:16:39.651+0000] {processor.py:186} INFO - Started process (PID=77503) to work on /home/airflow/.local/lib/python3.12/site-packages/airflow/example_dags/tutorial_dag.py
[2024-10-27T04:16:39.652+0000] {processor.py:914} INFO - Processing file /home/airflow/.local/lib/python3.12/site-packages/airflow/example_dags/tutorial_dag.py for tasks to queue
[2024-10-27T04:16:39.654+0000] {logging_mixin.py:190} INFO - [2024-10-27T04:16:39.654+0000] {dagbag.py:588} INFO - Filling up the DagBag from /home/airflow/.local/lib/python3.12/site-packages/airflow/example_dags/tutorial_dag.py
[2024-10-27T04:16:39.661+0000] {processor.py:925} INFO - DAG(s) 'tutorial_dag' retrieved from /home/airflow/.local/lib/python3.12/site-packages/airflow/example_dags/tutorial_dag.py
[2024-10-27T04:16:39.682+0000] {logging_mixin.py:190} INFO - [2024-10-27T04:16:39.682+0000] {dag.py:3239} INFO - Sync 1 DAGs
[2024-10-27T04:16:39.696+0000] {logging_mixin.py:190} INFO - [2024-10-27T04:16:39.696+0000] {dag.py:4180} INFO - Setting next_dagrun for tutorial_dag to None, run_after=None
[2024-10-27T04:16:39.721+0000] {processor.py:208} INFO - Processing /home/airflow/.local/lib/python3.12/site-packages/airflow/example_dags/tutorial_dag.py took 0.076 seconds
[2024-10-27T04:17:10.032+0000] {processor.py:186} INFO - Started process (PID=77567) to work on /home/airflow/.local/lib/python3.12/site-packages/airflow/example_dags/tutorial_dag.py
[2024-10-27T04:17:10.034+0000] {processor.py:914} INFO - Processing file /home/airflow/.local/lib/python3.12/site-packages/airflow/example_dags/tutorial_dag.py for tasks to queue
[2024-10-27T04:17:10.037+0000] {logging_mixin.py:190} INFO - [2024-10-27T04:17:10.036+0000] {dagbag.py:588} INFO - Filling up the DagBag from /home/airflow/.local/lib/python3.12/site-packages/airflow/example_dags/tutorial_dag.py
[2024-10-27T04:17:10.046+0000] {processor.py:925} INFO - DAG(s) 'tutorial_dag' retrieved from /home/airflow/.local/lib/python3.12/site-packages/airflow/example_dags/tutorial_dag.py
[2024-10-27T04:17:10.077+0000] {logging_mixin.py:190} INFO - [2024-10-27T04:17:10.077+0000] {dag.py:3239} INFO - Sync 1 DAGs
[2024-10-27T04:17:10.096+0000] {logging_mixin.py:190} INFO - [2024-10-27T04:17:10.096+0000] {dag.py:4180} INFO - Setting next_dagrun for tutorial_dag to None, run_after=None
[2024-10-27T04:17:10.123+0000] {processor.py:208} INFO - Processing /home/airflow/.local/lib/python3.12/site-packages/airflow/example_dags/tutorial_dag.py took 0.107 seconds
[2024-10-27T04:17:40.271+0000] {processor.py:186} INFO - Started process (PID=77631) to work on /home/airflow/.local/lib/python3.12/site-packages/airflow/example_dags/tutorial_dag.py
[2024-10-27T04:17:40.272+0000] {processor.py:914} INFO - Processing file /home/airflow/.local/lib/python3.12/site-packages/airflow/example_dags/tutorial_dag.py for tasks to queue
[2024-10-27T04:17:40.275+0000] {logging_mixin.py:190} INFO - [2024-10-27T04:17:40.275+0000] {dagbag.py:588} INFO - Filling up the DagBag from /home/airflow/.local/lib/python3.12/site-packages/airflow/example_dags/tutorial_dag.py
[2024-10-27T04:17:40.283+0000] {processor.py:925} INFO - DAG(s) 'tutorial_dag' retrieved from /home/airflow/.local/lib/python3.12/site-packages/airflow/example_dags/tutorial_dag.py
[2024-10-27T04:17:40.301+0000] {logging_mixin.py:190} INFO - [2024-10-27T04:17:40.301+0000] {dag.py:3239} INFO - Sync 1 DAGs
[2024-10-27T04:17:40.318+0000] {logging_mixin.py:190} INFO - [2024-10-27T04:17:40.318+0000] {dag.py:4180} INFO - Setting next_dagrun for tutorial_dag to None, run_after=None
[2024-10-27T04:17:40.342+0000] {processor.py:208} INFO - Processing /home/airflow/.local/lib/python3.12/site-packages/airflow/example_dags/tutorial_dag.py took 0.079 seconds
[2024-10-27T04:18:10.660+0000] {processor.py:186} INFO - Started process (PID=77695) to work on /home/airflow/.local/lib/python3.12/site-packages/airflow/example_dags/tutorial_dag.py
[2024-10-27T04:18:10.661+0000] {processor.py:914} INFO - Processing file /home/airflow/.local/lib/python3.12/site-packages/airflow/example_dags/tutorial_dag.py for tasks to queue
[2024-10-27T04:18:10.664+0000] {logging_mixin.py:190} INFO - [2024-10-27T04:18:10.664+0000] {dagbag.py:588} INFO - Filling up the DagBag from /home/airflow/.local/lib/python3.12/site-packages/airflow/example_dags/tutorial_dag.py
[2024-10-27T04:18:10.671+0000] {processor.py:925} INFO - DAG(s) 'tutorial_dag' retrieved from /home/airflow/.local/lib/python3.12/site-packages/airflow/example_dags/tutorial_dag.py
[2024-10-27T04:18:10.690+0000] {logging_mixin.py:190} INFO - [2024-10-27T04:18:10.690+0000] {dag.py:3239} INFO - Sync 1 DAGs
[2024-10-27T04:18:10.705+0000] {logging_mixin.py:190} INFO - [2024-10-27T04:18:10.704+0000] {dag.py:4180} INFO - Setting next_dagrun for tutorial_dag to None, run_after=None
[2024-10-27T04:18:10.729+0000] {processor.py:208} INFO - Processing /home/airflow/.local/lib/python3.12/site-packages/airflow/example_dags/tutorial_dag.py took 0.074 seconds
[2024-10-27T04:18:40.987+0000] {processor.py:186} INFO - Started process (PID=77759) to work on /home/airflow/.local/lib/python3.12/site-packages/airflow/example_dags/tutorial_dag.py
[2024-10-27T04:18:40.988+0000] {processor.py:914} INFO - Processing file /home/airflow/.local/lib/python3.12/site-packages/airflow/example_dags/tutorial_dag.py for tasks to queue
[2024-10-27T04:18:40.991+0000] {logging_mixin.py:190} INFO - [2024-10-27T04:18:40.990+0000] {dagbag.py:588} INFO - Filling up the DagBag from /home/airflow/.local/lib/python3.12/site-packages/airflow/example_dags/tutorial_dag.py
[2024-10-27T04:18:40.998+0000] {processor.py:925} INFO - DAG(s) 'tutorial_dag' retrieved from /home/airflow/.local/lib/python3.12/site-packages/airflow/example_dags/tutorial_dag.py
[2024-10-27T04:18:41.021+0000] {logging_mixin.py:190} INFO - [2024-10-27T04:18:41.020+0000] {dag.py:3239} INFO - Sync 1 DAGs
[2024-10-27T04:18:41.034+0000] {logging_mixin.py:190} INFO - [2024-10-27T04:18:41.034+0000] {dag.py:4180} INFO - Setting next_dagrun for tutorial_dag to None, run_after=None
[2024-10-27T04:18:41.057+0000] {processor.py:208} INFO - Processing /home/airflow/.local/lib/python3.12/site-packages/airflow/example_dags/tutorial_dag.py took 0.076 seconds
[2024-10-27T04:19:11.355+0000] {processor.py:186} INFO - Started process (PID=77823) to work on /home/airflow/.local/lib/python3.12/site-packages/airflow/example_dags/tutorial_dag.py
[2024-10-27T04:19:11.356+0000] {processor.py:914} INFO - Processing file /home/airflow/.local/lib/python3.12/site-packages/airflow/example_dags/tutorial_dag.py for tasks to queue
[2024-10-27T04:19:11.358+0000] {logging_mixin.py:190} INFO - [2024-10-27T04:19:11.358+0000] {dagbag.py:588} INFO - Filling up the DagBag from /home/airflow/.local/lib/python3.12/site-packages/airflow/example_dags/tutorial_dag.py
[2024-10-27T04:19:11.366+0000] {processor.py:925} INFO - DAG(s) 'tutorial_dag' retrieved from /home/airflow/.local/lib/python3.12/site-packages/airflow/example_dags/tutorial_dag.py
[2024-10-27T04:19:11.386+0000] {logging_mixin.py:190} INFO - [2024-10-27T04:19:11.386+0000] {dag.py:3239} INFO - Sync 1 DAGs
[2024-10-27T04:19:11.403+0000] {logging_mixin.py:190} INFO - [2024-10-27T04:19:11.403+0000] {dag.py:4180} INFO - Setting next_dagrun for tutorial_dag to None, run_after=None
[2024-10-27T04:19:11.426+0000] {processor.py:208} INFO - Processing /home/airflow/.local/lib/python3.12/site-packages/airflow/example_dags/tutorial_dag.py took 0.077 seconds
[2024-10-27T04:19:41.604+0000] {processor.py:186} INFO - Started process (PID=77887) to work on /home/airflow/.local/lib/python3.12/site-packages/airflow/example_dags/tutorial_dag.py
[2024-10-27T04:19:41.605+0000] {processor.py:914} INFO - Processing file /home/airflow/.local/lib/python3.12/site-packages/airflow/example_dags/tutorial_dag.py for tasks to queue
[2024-10-27T04:19:41.609+0000] {logging_mixin.py:190} INFO - [2024-10-27T04:19:41.608+0000] {dagbag.py:588} INFO - Filling up the DagBag from /home/airflow/.local/lib/python3.12/site-packages/airflow/example_dags/tutorial_dag.py
[2024-10-27T04:19:41.617+0000] {processor.py:925} INFO - DAG(s) 'tutorial_dag' retrieved from /home/airflow/.local/lib/python3.12/site-packages/airflow/example_dags/tutorial_dag.py
[2024-10-27T04:19:41.638+0000] {logging_mixin.py:190} INFO - [2024-10-27T04:19:41.637+0000] {dag.py:3239} INFO - Sync 1 DAGs
[2024-10-27T04:19:41.651+0000] {logging_mixin.py:190} INFO - [2024-10-27T04:19:41.651+0000] {dag.py:4180} INFO - Setting next_dagrun for tutorial_dag to None, run_after=None
[2024-10-27T04:19:41.673+0000] {processor.py:208} INFO - Processing /home/airflow/.local/lib/python3.12/site-packages/airflow/example_dags/tutorial_dag.py took 0.076 seconds
[2024-10-27T04:20:12.011+0000] {processor.py:186} INFO - Started process (PID=77951) to work on /home/airflow/.local/lib/python3.12/site-packages/airflow/example_dags/tutorial_dag.py
[2024-10-27T04:20:12.012+0000] {processor.py:914} INFO - Processing file /home/airflow/.local/lib/python3.12/site-packages/airflow/example_dags/tutorial_dag.py for tasks to queue
[2024-10-27T04:20:12.015+0000] {logging_mixin.py:190} INFO - [2024-10-27T04:20:12.014+0000] {dagbag.py:588} INFO - Filling up the DagBag from /home/airflow/.local/lib/python3.12/site-packages/airflow/example_dags/tutorial_dag.py
[2024-10-27T04:20:12.023+0000] {processor.py:925} INFO - DAG(s) 'tutorial_dag' retrieved from /home/airflow/.local/lib/python3.12/site-packages/airflow/example_dags/tutorial_dag.py
[2024-10-27T04:20:12.041+0000] {logging_mixin.py:190} INFO - [2024-10-27T04:20:12.040+0000] {dag.py:3239} INFO - Sync 1 DAGs
[2024-10-27T04:20:12.054+0000] {logging_mixin.py:190} INFO - [2024-10-27T04:20:12.054+0000] {dag.py:4180} INFO - Setting next_dagrun for tutorial_dag to None, run_after=None
[2024-10-27T04:20:12.073+0000] {processor.py:208} INFO - Processing /home/airflow/.local/lib/python3.12/site-packages/airflow/example_dags/tutorial_dag.py took 0.068 seconds
[2024-10-27T04:20:43.007+0000] {processor.py:186} INFO - Started process (PID=78016) to work on /home/airflow/.local/lib/python3.12/site-packages/airflow/example_dags/tutorial_dag.py
[2024-10-27T04:20:43.008+0000] {processor.py:914} INFO - Processing file /home/airflow/.local/lib/python3.12/site-packages/airflow/example_dags/tutorial_dag.py for tasks to queue
[2024-10-27T04:20:43.011+0000] {logging_mixin.py:190} INFO - [2024-10-27T04:20:43.010+0000] {dagbag.py:588} INFO - Filling up the DagBag from /home/airflow/.local/lib/python3.12/site-packages/airflow/example_dags/tutorial_dag.py
[2024-10-27T04:20:43.020+0000] {processor.py:925} INFO - DAG(s) 'tutorial_dag' retrieved from /home/airflow/.local/lib/python3.12/site-packages/airflow/example_dags/tutorial_dag.py
[2024-10-27T04:20:43.041+0000] {logging_mixin.py:190} INFO - [2024-10-27T04:20:43.041+0000] {dag.py:3239} INFO - Sync 1 DAGs
[2024-10-27T04:20:43.058+0000] {logging_mixin.py:190} INFO - [2024-10-27T04:20:43.057+0000] {dag.py:4180} INFO - Setting next_dagrun for tutorial_dag to None, run_after=None
[2024-10-27T04:20:43.083+0000] {processor.py:208} INFO - Processing /home/airflow/.local/lib/python3.12/site-packages/airflow/example_dags/tutorial_dag.py took 0.082 seconds
[2024-10-27T04:21:13.241+0000] {processor.py:186} INFO - Started process (PID=78081) to work on /home/airflow/.local/lib/python3.12/site-packages/airflow/example_dags/tutorial_dag.py
[2024-10-27T04:21:13.242+0000] {processor.py:914} INFO - Processing file /home/airflow/.local/lib/python3.12/site-packages/airflow/example_dags/tutorial_dag.py for tasks to queue
[2024-10-27T04:21:13.244+0000] {logging_mixin.py:190} INFO - [2024-10-27T04:21:13.244+0000] {dagbag.py:588} INFO - Filling up the DagBag from /home/airflow/.local/lib/python3.12/site-packages/airflow/example_dags/tutorial_dag.py
[2024-10-27T04:21:13.251+0000] {processor.py:925} INFO - DAG(s) 'tutorial_dag' retrieved from /home/airflow/.local/lib/python3.12/site-packages/airflow/example_dags/tutorial_dag.py
[2024-10-27T04:21:13.272+0000] {logging_mixin.py:190} INFO - [2024-10-27T04:21:13.271+0000] {dag.py:3239} INFO - Sync 1 DAGs
[2024-10-27T04:21:13.285+0000] {logging_mixin.py:190} INFO - [2024-10-27T04:21:13.285+0000] {dag.py:4180} INFO - Setting next_dagrun for tutorial_dag to None, run_after=None
[2024-10-27T04:21:13.307+0000] {processor.py:208} INFO - Processing /home/airflow/.local/lib/python3.12/site-packages/airflow/example_dags/tutorial_dag.py took 0.072 seconds
[2024-10-27T04:21:43.626+0000] {processor.py:186} INFO - Started process (PID=78145) to work on /home/airflow/.local/lib/python3.12/site-packages/airflow/example_dags/tutorial_dag.py
[2024-10-27T04:21:43.627+0000] {processor.py:914} INFO - Processing file /home/airflow/.local/lib/python3.12/site-packages/airflow/example_dags/tutorial_dag.py for tasks to queue
[2024-10-27T04:21:43.631+0000] {logging_mixin.py:190} INFO - [2024-10-27T04:21:43.630+0000] {dagbag.py:588} INFO - Filling up the DagBag from /home/airflow/.local/lib/python3.12/site-packages/airflow/example_dags/tutorial_dag.py
[2024-10-27T04:21:43.639+0000] {processor.py:925} INFO - DAG(s) 'tutorial_dag' retrieved from /home/airflow/.local/lib/python3.12/site-packages/airflow/example_dags/tutorial_dag.py
[2024-10-27T04:21:43.664+0000] {logging_mixin.py:190} INFO - [2024-10-27T04:21:43.664+0000] {dag.py:3239} INFO - Sync 1 DAGs
[2024-10-27T04:21:43.683+0000] {logging_mixin.py:190} INFO - [2024-10-27T04:21:43.682+0000] {dag.py:4180} INFO - Setting next_dagrun for tutorial_dag to None, run_after=None
[2024-10-27T04:21:43.705+0000] {processor.py:208} INFO - Processing /home/airflow/.local/lib/python3.12/site-packages/airflow/example_dags/tutorial_dag.py took 0.085 seconds
[2024-10-27T04:22:14.308+0000] {processor.py:186} INFO - Started process (PID=78209) to work on /home/airflow/.local/lib/python3.12/site-packages/airflow/example_dags/tutorial_dag.py
[2024-10-27T04:22:14.308+0000] {processor.py:914} INFO - Processing file /home/airflow/.local/lib/python3.12/site-packages/airflow/example_dags/tutorial_dag.py for tasks to queue
[2024-10-27T04:22:14.311+0000] {logging_mixin.py:190} INFO - [2024-10-27T04:22:14.310+0000] {dagbag.py:588} INFO - Filling up the DagBag from /home/airflow/.local/lib/python3.12/site-packages/airflow/example_dags/tutorial_dag.py
[2024-10-27T04:22:14.318+0000] {processor.py:925} INFO - DAG(s) 'tutorial_dag' retrieved from /home/airflow/.local/lib/python3.12/site-packages/airflow/example_dags/tutorial_dag.py
[2024-10-27T04:22:14.338+0000] {logging_mixin.py:190} INFO - [2024-10-27T04:22:14.337+0000] {dag.py:3239} INFO - Sync 1 DAGs
[2024-10-27T04:22:14.351+0000] {logging_mixin.py:190} INFO - [2024-10-27T04:22:14.350+0000] {dag.py:4180} INFO - Setting next_dagrun for tutorial_dag to None, run_after=None
[2024-10-27T04:22:14.373+0000] {processor.py:208} INFO - Processing /home/airflow/.local/lib/python3.12/site-packages/airflow/example_dags/tutorial_dag.py took 0.071 seconds
[2024-10-27T04:22:45.544+0000] {processor.py:186} INFO - Started process (PID=78273) to work on /home/airflow/.local/lib/python3.12/site-packages/airflow/example_dags/tutorial_dag.py
[2024-10-27T04:22:45.545+0000] {processor.py:914} INFO - Processing file /home/airflow/.local/lib/python3.12/site-packages/airflow/example_dags/tutorial_dag.py for tasks to queue
[2024-10-27T04:22:45.548+0000] {logging_mixin.py:190} INFO - [2024-10-27T04:22:45.547+0000] {dagbag.py:588} INFO - Filling up the DagBag from /home/airflow/.local/lib/python3.12/site-packages/airflow/example_dags/tutorial_dag.py
[2024-10-27T04:22:45.556+0000] {processor.py:925} INFO - DAG(s) 'tutorial_dag' retrieved from /home/airflow/.local/lib/python3.12/site-packages/airflow/example_dags/tutorial_dag.py
[2024-10-27T04:22:45.578+0000] {logging_mixin.py:190} INFO - [2024-10-27T04:22:45.578+0000] {dag.py:3239} INFO - Sync 1 DAGs
[2024-10-27T04:22:45.593+0000] {logging_mixin.py:190} INFO - [2024-10-27T04:22:45.593+0000] {dag.py:4180} INFO - Setting next_dagrun for tutorial_dag to None, run_after=None
[2024-10-27T04:22:45.615+0000] {processor.py:208} INFO - Processing /home/airflow/.local/lib/python3.12/site-packages/airflow/example_dags/tutorial_dag.py took 0.078 seconds
[2024-10-27T04:23:15.933+0000] {processor.py:186} INFO - Started process (PID=78337) to work on /home/airflow/.local/lib/python3.12/site-packages/airflow/example_dags/tutorial_dag.py
[2024-10-27T04:23:15.934+0000] {processor.py:914} INFO - Processing file /home/airflow/.local/lib/python3.12/site-packages/airflow/example_dags/tutorial_dag.py for tasks to queue
[2024-10-27T04:23:15.936+0000] {logging_mixin.py:190} INFO - [2024-10-27T04:23:15.936+0000] {dagbag.py:588} INFO - Filling up the DagBag from /home/airflow/.local/lib/python3.12/site-packages/airflow/example_dags/tutorial_dag.py
[2024-10-27T04:23:15.944+0000] {processor.py:925} INFO - DAG(s) 'tutorial_dag' retrieved from /home/airflow/.local/lib/python3.12/site-packages/airflow/example_dags/tutorial_dag.py
[2024-10-27T04:23:15.965+0000] {logging_mixin.py:190} INFO - [2024-10-27T04:23:15.965+0000] {dag.py:3239} INFO - Sync 1 DAGs
[2024-10-27T04:23:15.979+0000] {logging_mixin.py:190} INFO - [2024-10-27T04:23:15.979+0000] {dag.py:4180} INFO - Setting next_dagrun for tutorial_dag to None, run_after=None
[2024-10-27T04:23:16.002+0000] {processor.py:208} INFO - Processing /home/airflow/.local/lib/python3.12/site-packages/airflow/example_dags/tutorial_dag.py took 0.074 seconds
[2024-10-27T04:23:46.400+0000] {processor.py:186} INFO - Started process (PID=78401) to work on /home/airflow/.local/lib/python3.12/site-packages/airflow/example_dags/tutorial_dag.py
[2024-10-27T04:23:46.401+0000] {processor.py:914} INFO - Processing file /home/airflow/.local/lib/python3.12/site-packages/airflow/example_dags/tutorial_dag.py for tasks to queue
[2024-10-27T04:23:46.404+0000] {logging_mixin.py:190} INFO - [2024-10-27T04:23:46.404+0000] {dagbag.py:588} INFO - Filling up the DagBag from /home/airflow/.local/lib/python3.12/site-packages/airflow/example_dags/tutorial_dag.py
[2024-10-27T04:23:46.412+0000] {processor.py:925} INFO - DAG(s) 'tutorial_dag' retrieved from /home/airflow/.local/lib/python3.12/site-packages/airflow/example_dags/tutorial_dag.py
[2024-10-27T04:23:46.435+0000] {logging_mixin.py:190} INFO - [2024-10-27T04:23:46.435+0000] {dag.py:3239} INFO - Sync 1 DAGs
[2024-10-27T04:23:46.453+0000] {logging_mixin.py:190} INFO - [2024-10-27T04:23:46.452+0000] {dag.py:4180} INFO - Setting next_dagrun for tutorial_dag to None, run_after=None
[2024-10-27T04:23:46.473+0000] {processor.py:208} INFO - Processing /home/airflow/.local/lib/python3.12/site-packages/airflow/example_dags/tutorial_dag.py took 0.078 seconds
[2024-10-27T04:24:17.052+0000] {processor.py:186} INFO - Started process (PID=78465) to work on /home/airflow/.local/lib/python3.12/site-packages/airflow/example_dags/tutorial_dag.py
[2024-10-27T04:24:17.053+0000] {processor.py:914} INFO - Processing file /home/airflow/.local/lib/python3.12/site-packages/airflow/example_dags/tutorial_dag.py for tasks to queue
[2024-10-27T04:24:17.056+0000] {logging_mixin.py:190} INFO - [2024-10-27T04:24:17.056+0000] {dagbag.py:588} INFO - Filling up the DagBag from /home/airflow/.local/lib/python3.12/site-packages/airflow/example_dags/tutorial_dag.py
[2024-10-27T04:24:17.064+0000] {processor.py:925} INFO - DAG(s) 'tutorial_dag' retrieved from /home/airflow/.local/lib/python3.12/site-packages/airflow/example_dags/tutorial_dag.py
[2024-10-27T04:24:17.086+0000] {logging_mixin.py:190} INFO - [2024-10-27T04:24:17.086+0000] {dag.py:3239} INFO - Sync 1 DAGs
[2024-10-27T04:24:17.100+0000] {logging_mixin.py:190} INFO - [2024-10-27T04:24:17.099+0000] {dag.py:4180} INFO - Setting next_dagrun for tutorial_dag to None, run_after=None
[2024-10-27T04:24:17.122+0000] {processor.py:208} INFO - Processing /home/airflow/.local/lib/python3.12/site-packages/airflow/example_dags/tutorial_dag.py took 0.077 seconds
[2024-10-27T04:24:47.356+0000] {processor.py:186} INFO - Started process (PID=78529) to work on /home/airflow/.local/lib/python3.12/site-packages/airflow/example_dags/tutorial_dag.py
[2024-10-27T04:24:47.357+0000] {processor.py:914} INFO - Processing file /home/airflow/.local/lib/python3.12/site-packages/airflow/example_dags/tutorial_dag.py for tasks to queue
[2024-10-27T04:24:47.359+0000] {logging_mixin.py:190} INFO - [2024-10-27T04:24:47.359+0000] {dagbag.py:588} INFO - Filling up the DagBag from /home/airflow/.local/lib/python3.12/site-packages/airflow/example_dags/tutorial_dag.py
[2024-10-27T04:24:47.368+0000] {processor.py:925} INFO - DAG(s) 'tutorial_dag' retrieved from /home/airflow/.local/lib/python3.12/site-packages/airflow/example_dags/tutorial_dag.py
[2024-10-27T04:24:47.390+0000] {logging_mixin.py:190} INFO - [2024-10-27T04:24:47.390+0000] {dag.py:3239} INFO - Sync 1 DAGs
[2024-10-27T04:24:47.403+0000] {logging_mixin.py:190} INFO - [2024-10-27T04:24:47.403+0000] {dag.py:4180} INFO - Setting next_dagrun for tutorial_dag to None, run_after=None
[2024-10-27T04:24:47.427+0000] {processor.py:208} INFO - Processing /home/airflow/.local/lib/python3.12/site-packages/airflow/example_dags/tutorial_dag.py took 0.078 seconds
[2024-10-27T04:25:17.766+0000] {processor.py:186} INFO - Started process (PID=78593) to work on /home/airflow/.local/lib/python3.12/site-packages/airflow/example_dags/tutorial_dag.py
[2024-10-27T04:25:17.767+0000] {processor.py:914} INFO - Processing file /home/airflow/.local/lib/python3.12/site-packages/airflow/example_dags/tutorial_dag.py for tasks to queue
[2024-10-27T04:25:17.770+0000] {logging_mixin.py:190} INFO - [2024-10-27T04:25:17.770+0000] {dagbag.py:588} INFO - Filling up the DagBag from /home/airflow/.local/lib/python3.12/site-packages/airflow/example_dags/tutorial_dag.py
[2024-10-27T04:25:17.780+0000] {processor.py:925} INFO - DAG(s) 'tutorial_dag' retrieved from /home/airflow/.local/lib/python3.12/site-packages/airflow/example_dags/tutorial_dag.py
[2024-10-27T04:25:17.806+0000] {logging_mixin.py:190} INFO - [2024-10-27T04:25:17.805+0000] {dag.py:3239} INFO - Sync 1 DAGs
[2024-10-27T04:25:17.827+0000] {logging_mixin.py:190} INFO - [2024-10-27T04:25:17.827+0000] {dag.py:4180} INFO - Setting next_dagrun for tutorial_dag to None, run_after=None
[2024-10-27T04:25:17.849+0000] {processor.py:208} INFO - Processing /home/airflow/.local/lib/python3.12/site-packages/airflow/example_dags/tutorial_dag.py took 0.093 seconds
[2024-10-27T04:25:48.401+0000] {processor.py:186} INFO - Started process (PID=78657) to work on /home/airflow/.local/lib/python3.12/site-packages/airflow/example_dags/tutorial_dag.py
[2024-10-27T04:25:48.402+0000] {processor.py:914} INFO - Processing file /home/airflow/.local/lib/python3.12/site-packages/airflow/example_dags/tutorial_dag.py for tasks to queue
[2024-10-27T04:25:48.405+0000] {logging_mixin.py:190} INFO - [2024-10-27T04:25:48.405+0000] {dagbag.py:588} INFO - Filling up the DagBag from /home/airflow/.local/lib/python3.12/site-packages/airflow/example_dags/tutorial_dag.py
[2024-10-27T04:25:48.413+0000] {processor.py:925} INFO - DAG(s) 'tutorial_dag' retrieved from /home/airflow/.local/lib/python3.12/site-packages/airflow/example_dags/tutorial_dag.py
[2024-10-27T04:25:48.436+0000] {logging_mixin.py:190} INFO - [2024-10-27T04:25:48.436+0000] {dag.py:3239} INFO - Sync 1 DAGs
[2024-10-27T04:25:48.451+0000] {logging_mixin.py:190} INFO - [2024-10-27T04:25:48.451+0000] {dag.py:4180} INFO - Setting next_dagrun for tutorial_dag to None, run_after=None
[2024-10-27T04:25:48.475+0000] {processor.py:208} INFO - Processing /home/airflow/.local/lib/python3.12/site-packages/airflow/example_dags/tutorial_dag.py took 0.080 seconds
[2024-10-27T04:26:18.933+0000] {processor.py:186} INFO - Started process (PID=78721) to work on /home/airflow/.local/lib/python3.12/site-packages/airflow/example_dags/tutorial_dag.py
[2024-10-27T04:26:18.934+0000] {processor.py:914} INFO - Processing file /home/airflow/.local/lib/python3.12/site-packages/airflow/example_dags/tutorial_dag.py for tasks to queue
[2024-10-27T04:26:18.937+0000] {logging_mixin.py:190} INFO - [2024-10-27T04:26:18.937+0000] {dagbag.py:588} INFO - Filling up the DagBag from /home/airflow/.local/lib/python3.12/site-packages/airflow/example_dags/tutorial_dag.py
[2024-10-27T04:26:18.945+0000] {processor.py:925} INFO - DAG(s) 'tutorial_dag' retrieved from /home/airflow/.local/lib/python3.12/site-packages/airflow/example_dags/tutorial_dag.py
[2024-10-27T04:26:18.965+0000] {logging_mixin.py:190} INFO - [2024-10-27T04:26:18.964+0000] {dag.py:3239} INFO - Sync 1 DAGs
[2024-10-27T04:26:18.979+0000] {logging_mixin.py:190} INFO - [2024-10-27T04:26:18.978+0000] {dag.py:4180} INFO - Setting next_dagrun for tutorial_dag to None, run_after=None
[2024-10-27T04:26:19.002+0000] {processor.py:208} INFO - Processing /home/airflow/.local/lib/python3.12/site-packages/airflow/example_dags/tutorial_dag.py took 0.076 seconds
[2024-10-27T04:26:49.342+0000] {processor.py:186} INFO - Started process (PID=78785) to work on /home/airflow/.local/lib/python3.12/site-packages/airflow/example_dags/tutorial_dag.py
[2024-10-27T04:26:49.344+0000] {processor.py:914} INFO - Processing file /home/airflow/.local/lib/python3.12/site-packages/airflow/example_dags/tutorial_dag.py for tasks to queue
[2024-10-27T04:26:49.347+0000] {logging_mixin.py:190} INFO - [2024-10-27T04:26:49.346+0000] {dagbag.py:588} INFO - Filling up the DagBag from /home/airflow/.local/lib/python3.12/site-packages/airflow/example_dags/tutorial_dag.py
[2024-10-27T04:26:49.354+0000] {processor.py:925} INFO - DAG(s) 'tutorial_dag' retrieved from /home/airflow/.local/lib/python3.12/site-packages/airflow/example_dags/tutorial_dag.py
[2024-10-27T04:26:49.375+0000] {logging_mixin.py:190} INFO - [2024-10-27T04:26:49.375+0000] {dag.py:3239} INFO - Sync 1 DAGs
[2024-10-27T04:26:49.392+0000] {logging_mixin.py:190} INFO - [2024-10-27T04:26:49.391+0000] {dag.py:4180} INFO - Setting next_dagrun for tutorial_dag to None, run_after=None
[2024-10-27T04:26:49.416+0000] {processor.py:208} INFO - Processing /home/airflow/.local/lib/python3.12/site-packages/airflow/example_dags/tutorial_dag.py took 0.080 seconds
[2024-10-27T04:27:19.640+0000] {processor.py:186} INFO - Started process (PID=78849) to work on /home/airflow/.local/lib/python3.12/site-packages/airflow/example_dags/tutorial_dag.py
[2024-10-27T04:27:19.641+0000] {processor.py:914} INFO - Processing file /home/airflow/.local/lib/python3.12/site-packages/airflow/example_dags/tutorial_dag.py for tasks to queue
[2024-10-27T04:27:19.644+0000] {logging_mixin.py:190} INFO - [2024-10-27T04:27:19.644+0000] {dagbag.py:588} INFO - Filling up the DagBag from /home/airflow/.local/lib/python3.12/site-packages/airflow/example_dags/tutorial_dag.py
[2024-10-27T04:27:19.651+0000] {processor.py:925} INFO - DAG(s) 'tutorial_dag' retrieved from /home/airflow/.local/lib/python3.12/site-packages/airflow/example_dags/tutorial_dag.py
[2024-10-27T04:27:19.672+0000] {logging_mixin.py:190} INFO - [2024-10-27T04:27:19.671+0000] {dag.py:3239} INFO - Sync 1 DAGs
[2024-10-27T04:27:19.686+0000] {logging_mixin.py:190} INFO - [2024-10-27T04:27:19.685+0000] {dag.py:4180} INFO - Setting next_dagrun for tutorial_dag to None, run_after=None
[2024-10-27T04:27:19.708+0000] {processor.py:208} INFO - Processing /home/airflow/.local/lib/python3.12/site-packages/airflow/example_dags/tutorial_dag.py took 0.074 seconds
[2024-10-27T04:27:50.154+0000] {processor.py:186} INFO - Started process (PID=78913) to work on /home/airflow/.local/lib/python3.12/site-packages/airflow/example_dags/tutorial_dag.py
[2024-10-27T04:27:50.155+0000] {processor.py:914} INFO - Processing file /home/airflow/.local/lib/python3.12/site-packages/airflow/example_dags/tutorial_dag.py for tasks to queue
[2024-10-27T04:27:50.157+0000] {logging_mixin.py:190} INFO - [2024-10-27T04:27:50.157+0000] {dagbag.py:588} INFO - Filling up the DagBag from /home/airflow/.local/lib/python3.12/site-packages/airflow/example_dags/tutorial_dag.py
[2024-10-27T04:27:50.166+0000] {processor.py:925} INFO - DAG(s) 'tutorial_dag' retrieved from /home/airflow/.local/lib/python3.12/site-packages/airflow/example_dags/tutorial_dag.py
[2024-10-27T04:27:50.189+0000] {logging_mixin.py:190} INFO - [2024-10-27T04:27:50.188+0000] {dag.py:3239} INFO - Sync 1 DAGs
[2024-10-27T04:27:50.214+0000] {logging_mixin.py:190} INFO - [2024-10-27T04:27:50.213+0000] {dag.py:4180} INFO - Setting next_dagrun for tutorial_dag to None, run_after=None
[2024-10-27T04:27:50.256+0000] {processor.py:208} INFO - Processing /home/airflow/.local/lib/python3.12/site-packages/airflow/example_dags/tutorial_dag.py took 0.108 seconds
[2024-10-27T04:28:20.660+0000] {processor.py:186} INFO - Started process (PID=78977) to work on /home/airflow/.local/lib/python3.12/site-packages/airflow/example_dags/tutorial_dag.py
[2024-10-27T04:28:20.661+0000] {processor.py:914} INFO - Processing file /home/airflow/.local/lib/python3.12/site-packages/airflow/example_dags/tutorial_dag.py for tasks to queue
[2024-10-27T04:28:20.663+0000] {logging_mixin.py:190} INFO - [2024-10-27T04:28:20.663+0000] {dagbag.py:588} INFO - Filling up the DagBag from /home/airflow/.local/lib/python3.12/site-packages/airflow/example_dags/tutorial_dag.py
[2024-10-27T04:28:20.671+0000] {processor.py:925} INFO - DAG(s) 'tutorial_dag' retrieved from /home/airflow/.local/lib/python3.12/site-packages/airflow/example_dags/tutorial_dag.py
[2024-10-27T04:28:20.697+0000] {logging_mixin.py:190} INFO - [2024-10-27T04:28:20.697+0000] {dag.py:3239} INFO - Sync 1 DAGs
[2024-10-27T04:28:20.715+0000] {logging_mixin.py:190} INFO - [2024-10-27T04:28:20.715+0000] {dag.py:4180} INFO - Setting next_dagrun for tutorial_dag to None, run_after=None
[2024-10-27T04:28:20.743+0000] {processor.py:208} INFO - Processing /home/airflow/.local/lib/python3.12/site-packages/airflow/example_dags/tutorial_dag.py took 0.090 seconds
[2024-10-27T04:28:51.123+0000] {processor.py:186} INFO - Started process (PID=79042) to work on /home/airflow/.local/lib/python3.12/site-packages/airflow/example_dags/tutorial_dag.py
[2024-10-27T04:28:51.124+0000] {processor.py:914} INFO - Processing file /home/airflow/.local/lib/python3.12/site-packages/airflow/example_dags/tutorial_dag.py for tasks to queue
[2024-10-27T04:28:51.127+0000] {logging_mixin.py:190} INFO - [2024-10-27T04:28:51.126+0000] {dagbag.py:588} INFO - Filling up the DagBag from /home/airflow/.local/lib/python3.12/site-packages/airflow/example_dags/tutorial_dag.py
[2024-10-27T04:28:51.134+0000] {processor.py:925} INFO - DAG(s) 'tutorial_dag' retrieved from /home/airflow/.local/lib/python3.12/site-packages/airflow/example_dags/tutorial_dag.py
[2024-10-27T04:28:51.152+0000] {logging_mixin.py:190} INFO - [2024-10-27T04:28:51.152+0000] {dag.py:3239} INFO - Sync 1 DAGs
[2024-10-27T04:28:51.165+0000] {logging_mixin.py:190} INFO - [2024-10-27T04:28:51.165+0000] {dag.py:4180} INFO - Setting next_dagrun for tutorial_dag to None, run_after=None
[2024-10-27T04:28:51.190+0000] {processor.py:208} INFO - Processing /home/airflow/.local/lib/python3.12/site-packages/airflow/example_dags/tutorial_dag.py took 0.073 seconds
[2024-10-27T04:29:21.423+0000] {processor.py:186} INFO - Started process (PID=79106) to work on /home/airflow/.local/lib/python3.12/site-packages/airflow/example_dags/tutorial_dag.py
[2024-10-27T04:29:21.424+0000] {processor.py:914} INFO - Processing file /home/airflow/.local/lib/python3.12/site-packages/airflow/example_dags/tutorial_dag.py for tasks to queue
[2024-10-27T04:29:21.427+0000] {logging_mixin.py:190} INFO - [2024-10-27T04:29:21.426+0000] {dagbag.py:588} INFO - Filling up the DagBag from /home/airflow/.local/lib/python3.12/site-packages/airflow/example_dags/tutorial_dag.py
[2024-10-27T04:29:21.435+0000] {processor.py:925} INFO - DAG(s) 'tutorial_dag' retrieved from /home/airflow/.local/lib/python3.12/site-packages/airflow/example_dags/tutorial_dag.py
[2024-10-27T04:29:21.458+0000] {logging_mixin.py:190} INFO - [2024-10-27T04:29:21.457+0000] {dag.py:3239} INFO - Sync 1 DAGs
[2024-10-27T04:29:21.472+0000] {logging_mixin.py:190} INFO - [2024-10-27T04:29:21.472+0000] {dag.py:4180} INFO - Setting next_dagrun for tutorial_dag to None, run_after=None
[2024-10-27T04:29:21.493+0000] {processor.py:208} INFO - Processing /home/airflow/.local/lib/python3.12/site-packages/airflow/example_dags/tutorial_dag.py took 0.076 seconds
[2024-10-27T04:29:51.949+0000] {processor.py:186} INFO - Started process (PID=79170) to work on /home/airflow/.local/lib/python3.12/site-packages/airflow/example_dags/tutorial_dag.py
[2024-10-27T04:29:51.951+0000] {processor.py:914} INFO - Processing file /home/airflow/.local/lib/python3.12/site-packages/airflow/example_dags/tutorial_dag.py for tasks to queue
[2024-10-27T04:29:51.953+0000] {logging_mixin.py:190} INFO - [2024-10-27T04:29:51.953+0000] {dagbag.py:588} INFO - Filling up the DagBag from /home/airflow/.local/lib/python3.12/site-packages/airflow/example_dags/tutorial_dag.py
[2024-10-27T04:29:51.964+0000] {processor.py:925} INFO - DAG(s) 'tutorial_dag' retrieved from /home/airflow/.local/lib/python3.12/site-packages/airflow/example_dags/tutorial_dag.py
[2024-10-27T04:29:51.985+0000] {logging_mixin.py:190} INFO - [2024-10-27T04:29:51.985+0000] {dag.py:3239} INFO - Sync 1 DAGs
[2024-10-27T04:29:52.001+0000] {logging_mixin.py:190} INFO - [2024-10-27T04:29:52.001+0000] {dag.py:4180} INFO - Setting next_dagrun for tutorial_dag to None, run_after=None
[2024-10-27T04:29:52.025+0000] {processor.py:208} INFO - Processing /home/airflow/.local/lib/python3.12/site-packages/airflow/example_dags/tutorial_dag.py took 0.081 seconds
[2024-10-27T04:30:22.312+0000] {processor.py:186} INFO - Started process (PID=79234) to work on /home/airflow/.local/lib/python3.12/site-packages/airflow/example_dags/tutorial_dag.py
[2024-10-27T04:30:22.313+0000] {processor.py:914} INFO - Processing file /home/airflow/.local/lib/python3.12/site-packages/airflow/example_dags/tutorial_dag.py for tasks to queue
[2024-10-27T04:30:22.315+0000] {logging_mixin.py:190} INFO - [2024-10-27T04:30:22.315+0000] {dagbag.py:588} INFO - Filling up the DagBag from /home/airflow/.local/lib/python3.12/site-packages/airflow/example_dags/tutorial_dag.py
[2024-10-27T04:30:22.323+0000] {processor.py:925} INFO - DAG(s) 'tutorial_dag' retrieved from /home/airflow/.local/lib/python3.12/site-packages/airflow/example_dags/tutorial_dag.py
[2024-10-27T04:30:22.341+0000] {logging_mixin.py:190} INFO - [2024-10-27T04:30:22.341+0000] {dag.py:3239} INFO - Sync 1 DAGs
[2024-10-27T04:30:22.355+0000] {logging_mixin.py:190} INFO - [2024-10-27T04:30:22.355+0000] {dag.py:4180} INFO - Setting next_dagrun for tutorial_dag to None, run_after=None
[2024-10-27T04:30:22.378+0000] {processor.py:208} INFO - Processing /home/airflow/.local/lib/python3.12/site-packages/airflow/example_dags/tutorial_dag.py took 0.071 seconds
[2024-10-27T04:30:52.746+0000] {processor.py:186} INFO - Started process (PID=79298) to work on /home/airflow/.local/lib/python3.12/site-packages/airflow/example_dags/tutorial_dag.py
[2024-10-27T04:30:52.748+0000] {processor.py:914} INFO - Processing file /home/airflow/.local/lib/python3.12/site-packages/airflow/example_dags/tutorial_dag.py for tasks to queue
[2024-10-27T04:30:52.752+0000] {logging_mixin.py:190} INFO - [2024-10-27T04:30:52.751+0000] {dagbag.py:588} INFO - Filling up the DagBag from /home/airflow/.local/lib/python3.12/site-packages/airflow/example_dags/tutorial_dag.py
[2024-10-27T04:30:52.762+0000] {processor.py:925} INFO - DAG(s) 'tutorial_dag' retrieved from /home/airflow/.local/lib/python3.12/site-packages/airflow/example_dags/tutorial_dag.py
[2024-10-27T04:30:52.782+0000] {logging_mixin.py:190} INFO - [2024-10-27T04:30:52.782+0000] {dag.py:3239} INFO - Sync 1 DAGs
[2024-10-27T04:30:52.796+0000] {logging_mixin.py:190} INFO - [2024-10-27T04:30:52.795+0000] {dag.py:4180} INFO - Setting next_dagrun for tutorial_dag to None, run_after=None
[2024-10-27T04:30:52.817+0000] {processor.py:208} INFO - Processing /home/airflow/.local/lib/python3.12/site-packages/airflow/example_dags/tutorial_dag.py took 0.081 seconds
[2024-10-27T04:31:22.985+0000] {processor.py:186} INFO - Started process (PID=79362) to work on /home/airflow/.local/lib/python3.12/site-packages/airflow/example_dags/tutorial_dag.py
[2024-10-27T04:31:22.986+0000] {processor.py:914} INFO - Processing file /home/airflow/.local/lib/python3.12/site-packages/airflow/example_dags/tutorial_dag.py for tasks to queue
[2024-10-27T04:31:22.988+0000] {logging_mixin.py:190} INFO - [2024-10-27T04:31:22.988+0000] {dagbag.py:588} INFO - Filling up the DagBag from /home/airflow/.local/lib/python3.12/site-packages/airflow/example_dags/tutorial_dag.py
[2024-10-27T04:31:22.995+0000] {processor.py:925} INFO - DAG(s) 'tutorial_dag' retrieved from /home/airflow/.local/lib/python3.12/site-packages/airflow/example_dags/tutorial_dag.py
[2024-10-27T04:31:23.015+0000] {logging_mixin.py:190} INFO - [2024-10-27T04:31:23.014+0000] {dag.py:3239} INFO - Sync 1 DAGs
[2024-10-27T04:31:23.027+0000] {logging_mixin.py:190} INFO - [2024-10-27T04:31:23.027+0000] {dag.py:4180} INFO - Setting next_dagrun for tutorial_dag to None, run_after=None
[2024-10-27T04:31:23.048+0000] {processor.py:208} INFO - Processing /home/airflow/.local/lib/python3.12/site-packages/airflow/example_dags/tutorial_dag.py took 0.069 seconds
[2024-10-27T04:31:53.446+0000] {processor.py:186} INFO - Started process (PID=79426) to work on /home/airflow/.local/lib/python3.12/site-packages/airflow/example_dags/tutorial_dag.py
[2024-10-27T04:31:53.447+0000] {processor.py:914} INFO - Processing file /home/airflow/.local/lib/python3.12/site-packages/airflow/example_dags/tutorial_dag.py for tasks to queue
[2024-10-27T04:31:53.450+0000] {logging_mixin.py:190} INFO - [2024-10-27T04:31:53.449+0000] {dagbag.py:588} INFO - Filling up the DagBag from /home/airflow/.local/lib/python3.12/site-packages/airflow/example_dags/tutorial_dag.py
[2024-10-27T04:31:53.457+0000] {processor.py:925} INFO - DAG(s) 'tutorial_dag' retrieved from /home/airflow/.local/lib/python3.12/site-packages/airflow/example_dags/tutorial_dag.py
[2024-10-27T04:31:53.478+0000] {logging_mixin.py:190} INFO - [2024-10-27T04:31:53.478+0000] {dag.py:3239} INFO - Sync 1 DAGs
[2024-10-27T04:31:53.492+0000] {logging_mixin.py:190} INFO - [2024-10-27T04:31:53.492+0000] {dag.py:4180} INFO - Setting next_dagrun for tutorial_dag to None, run_after=None
[2024-10-27T04:31:53.513+0000] {processor.py:208} INFO - Processing /home/airflow/.local/lib/python3.12/site-packages/airflow/example_dags/tutorial_dag.py took 0.073 seconds
[2024-10-27T04:32:23.789+0000] {processor.py:186} INFO - Started process (PID=79490) to work on /home/airflow/.local/lib/python3.12/site-packages/airflow/example_dags/tutorial_dag.py
[2024-10-27T04:32:23.790+0000] {processor.py:914} INFO - Processing file /home/airflow/.local/lib/python3.12/site-packages/airflow/example_dags/tutorial_dag.py for tasks to queue
[2024-10-27T04:32:23.793+0000] {logging_mixin.py:190} INFO - [2024-10-27T04:32:23.793+0000] {dagbag.py:588} INFO - Filling up the DagBag from /home/airflow/.local/lib/python3.12/site-packages/airflow/example_dags/tutorial_dag.py
[2024-10-27T04:32:23.802+0000] {processor.py:925} INFO - DAG(s) 'tutorial_dag' retrieved from /home/airflow/.local/lib/python3.12/site-packages/airflow/example_dags/tutorial_dag.py
[2024-10-27T04:32:23.824+0000] {logging_mixin.py:190} INFO - [2024-10-27T04:32:23.823+0000] {dag.py:3239} INFO - Sync 1 DAGs
[2024-10-27T04:32:23.839+0000] {logging_mixin.py:190} INFO - [2024-10-27T04:32:23.839+0000] {dag.py:4180} INFO - Setting next_dagrun for tutorial_dag to None, run_after=None
[2024-10-27T04:32:23.858+0000] {processor.py:208} INFO - Processing /home/airflow/.local/lib/python3.12/site-packages/airflow/example_dags/tutorial_dag.py took 0.079 seconds
[2024-10-27T04:32:54.907+0000] {processor.py:186} INFO - Started process (PID=79554) to work on /home/airflow/.local/lib/python3.12/site-packages/airflow/example_dags/tutorial_dag.py
[2024-10-27T04:32:54.908+0000] {processor.py:914} INFO - Processing file /home/airflow/.local/lib/python3.12/site-packages/airflow/example_dags/tutorial_dag.py for tasks to queue
[2024-10-27T04:32:54.911+0000] {logging_mixin.py:190} INFO - [2024-10-27T04:32:54.911+0000] {dagbag.py:588} INFO - Filling up the DagBag from /home/airflow/.local/lib/python3.12/site-packages/airflow/example_dags/tutorial_dag.py
[2024-10-27T04:32:54.921+0000] {processor.py:925} INFO - DAG(s) 'tutorial_dag' retrieved from /home/airflow/.local/lib/python3.12/site-packages/airflow/example_dags/tutorial_dag.py
[2024-10-27T04:32:54.943+0000] {logging_mixin.py:190} INFO - [2024-10-27T04:32:54.943+0000] {dag.py:3239} INFO - Sync 1 DAGs
[2024-10-27T04:32:54.956+0000] {logging_mixin.py:190} INFO - [2024-10-27T04:32:54.956+0000] {dag.py:4180} INFO - Setting next_dagrun for tutorial_dag to None, run_after=None
[2024-10-27T04:32:54.978+0000] {processor.py:208} INFO - Processing /home/airflow/.local/lib/python3.12/site-packages/airflow/example_dags/tutorial_dag.py took 0.078 seconds
[2024-10-27T04:33:26.086+0000] {processor.py:186} INFO - Started process (PID=79618) to work on /home/airflow/.local/lib/python3.12/site-packages/airflow/example_dags/tutorial_dag.py
[2024-10-27T04:33:26.087+0000] {processor.py:914} INFO - Processing file /home/airflow/.local/lib/python3.12/site-packages/airflow/example_dags/tutorial_dag.py for tasks to queue
[2024-10-27T04:33:26.090+0000] {logging_mixin.py:190} INFO - [2024-10-27T04:33:26.089+0000] {dagbag.py:588} INFO - Filling up the DagBag from /home/airflow/.local/lib/python3.12/site-packages/airflow/example_dags/tutorial_dag.py
[2024-10-27T04:33:26.098+0000] {processor.py:925} INFO - DAG(s) 'tutorial_dag' retrieved from /home/airflow/.local/lib/python3.12/site-packages/airflow/example_dags/tutorial_dag.py
[2024-10-27T04:33:26.119+0000] {logging_mixin.py:190} INFO - [2024-10-27T04:33:26.119+0000] {dag.py:3239} INFO - Sync 1 DAGs
[2024-10-27T04:33:26.137+0000] {logging_mixin.py:190} INFO - [2024-10-27T04:33:26.137+0000] {dag.py:4180} INFO - Setting next_dagrun for tutorial_dag to None, run_after=None
[2024-10-27T04:33:26.158+0000] {processor.py:208} INFO - Processing /home/airflow/.local/lib/python3.12/site-packages/airflow/example_dags/tutorial_dag.py took 0.078 seconds
[2024-10-27T04:33:56.665+0000] {processor.py:186} INFO - Started process (PID=79682) to work on /home/airflow/.local/lib/python3.12/site-packages/airflow/example_dags/tutorial_dag.py
[2024-10-27T04:33:56.667+0000] {processor.py:914} INFO - Processing file /home/airflow/.local/lib/python3.12/site-packages/airflow/example_dags/tutorial_dag.py for tasks to queue
[2024-10-27T04:33:56.670+0000] {logging_mixin.py:190} INFO - [2024-10-27T04:33:56.670+0000] {dagbag.py:588} INFO - Filling up the DagBag from /home/airflow/.local/lib/python3.12/site-packages/airflow/example_dags/tutorial_dag.py
[2024-10-27T04:33:56.682+0000] {processor.py:925} INFO - DAG(s) 'tutorial_dag' retrieved from /home/airflow/.local/lib/python3.12/site-packages/airflow/example_dags/tutorial_dag.py
[2024-10-27T04:33:56.715+0000] {logging_mixin.py:190} INFO - [2024-10-27T04:33:56.715+0000] {dag.py:3239} INFO - Sync 1 DAGs
[2024-10-27T04:33:56.747+0000] {logging_mixin.py:190} INFO - [2024-10-27T04:33:56.746+0000] {dag.py:4180} INFO - Setting next_dagrun for tutorial_dag to None, run_after=None
[2024-10-27T04:33:56.773+0000] {processor.py:208} INFO - Processing /home/airflow/.local/lib/python3.12/site-packages/airflow/example_dags/tutorial_dag.py took 0.114 seconds
[2024-10-27T04:34:27.110+0000] {processor.py:186} INFO - Started process (PID=79746) to work on /home/airflow/.local/lib/python3.12/site-packages/airflow/example_dags/tutorial_dag.py
[2024-10-27T04:34:27.112+0000] {processor.py:914} INFO - Processing file /home/airflow/.local/lib/python3.12/site-packages/airflow/example_dags/tutorial_dag.py for tasks to queue
[2024-10-27T04:34:27.114+0000] {logging_mixin.py:190} INFO - [2024-10-27T04:34:27.114+0000] {dagbag.py:588} INFO - Filling up the DagBag from /home/airflow/.local/lib/python3.12/site-packages/airflow/example_dags/tutorial_dag.py
[2024-10-27T04:34:27.122+0000] {processor.py:925} INFO - DAG(s) 'tutorial_dag' retrieved from /home/airflow/.local/lib/python3.12/site-packages/airflow/example_dags/tutorial_dag.py
[2024-10-27T04:34:27.141+0000] {logging_mixin.py:190} INFO - [2024-10-27T04:34:27.141+0000] {dag.py:3239} INFO - Sync 1 DAGs
[2024-10-27T04:34:27.156+0000] {logging_mixin.py:190} INFO - [2024-10-27T04:34:27.155+0000] {dag.py:4180} INFO - Setting next_dagrun for tutorial_dag to None, run_after=None
[2024-10-27T04:34:27.176+0000] {processor.py:208} INFO - Processing /home/airflow/.local/lib/python3.12/site-packages/airflow/example_dags/tutorial_dag.py took 0.071 seconds
[2024-10-27T04:34:58.049+0000] {processor.py:186} INFO - Started process (PID=79810) to work on /home/airflow/.local/lib/python3.12/site-packages/airflow/example_dags/tutorial_dag.py
[2024-10-27T04:34:58.050+0000] {processor.py:914} INFO - Processing file /home/airflow/.local/lib/python3.12/site-packages/airflow/example_dags/tutorial_dag.py for tasks to queue
[2024-10-27T04:34:58.053+0000] {logging_mixin.py:190} INFO - [2024-10-27T04:34:58.053+0000] {dagbag.py:588} INFO - Filling up the DagBag from /home/airflow/.local/lib/python3.12/site-packages/airflow/example_dags/tutorial_dag.py
[2024-10-27T04:34:58.061+0000] {processor.py:925} INFO - DAG(s) 'tutorial_dag' retrieved from /home/airflow/.local/lib/python3.12/site-packages/airflow/example_dags/tutorial_dag.py
[2024-10-27T04:34:58.082+0000] {logging_mixin.py:190} INFO - [2024-10-27T04:34:58.082+0000] {dag.py:3239} INFO - Sync 1 DAGs
[2024-10-27T04:34:58.100+0000] {logging_mixin.py:190} INFO - [2024-10-27T04:34:58.099+0000] {dag.py:4180} INFO - Setting next_dagrun for tutorial_dag to None, run_after=None
[2024-10-27T04:34:58.124+0000] {processor.py:208} INFO - Processing /home/airflow/.local/lib/python3.12/site-packages/airflow/example_dags/tutorial_dag.py took 0.081 seconds
[2024-10-27T04:35:28.774+0000] {processor.py:186} INFO - Started process (PID=79874) to work on /home/airflow/.local/lib/python3.12/site-packages/airflow/example_dags/tutorial_dag.py
[2024-10-27T04:35:28.775+0000] {processor.py:914} INFO - Processing file /home/airflow/.local/lib/python3.12/site-packages/airflow/example_dags/tutorial_dag.py for tasks to queue
[2024-10-27T04:35:28.778+0000] {logging_mixin.py:190} INFO - [2024-10-27T04:35:28.777+0000] {dagbag.py:588} INFO - Filling up the DagBag from /home/airflow/.local/lib/python3.12/site-packages/airflow/example_dags/tutorial_dag.py
[2024-10-27T04:35:28.785+0000] {processor.py:925} INFO - DAG(s) 'tutorial_dag' retrieved from /home/airflow/.local/lib/python3.12/site-packages/airflow/example_dags/tutorial_dag.py
[2024-10-27T04:35:28.806+0000] {logging_mixin.py:190} INFO - [2024-10-27T04:35:28.805+0000] {dag.py:3239} INFO - Sync 1 DAGs
[2024-10-27T04:35:28.819+0000] {logging_mixin.py:190} INFO - [2024-10-27T04:35:28.819+0000] {dag.py:4180} INFO - Setting next_dagrun for tutorial_dag to None, run_after=None
[2024-10-27T04:35:28.843+0000] {processor.py:208} INFO - Processing /home/airflow/.local/lib/python3.12/site-packages/airflow/example_dags/tutorial_dag.py took 0.074 seconds
[2024-10-27T04:35:59.985+0000] {processor.py:186} INFO - Started process (PID=79938) to work on /home/airflow/.local/lib/python3.12/site-packages/airflow/example_dags/tutorial_dag.py
[2024-10-27T04:35:59.987+0000] {processor.py:914} INFO - Processing file /home/airflow/.local/lib/python3.12/site-packages/airflow/example_dags/tutorial_dag.py for tasks to queue
[2024-10-27T04:35:59.989+0000] {logging_mixin.py:190} INFO - [2024-10-27T04:35:59.989+0000] {dagbag.py:588} INFO - Filling up the DagBag from /home/airflow/.local/lib/python3.12/site-packages/airflow/example_dags/tutorial_dag.py
[2024-10-27T04:35:59.997+0000] {processor.py:925} INFO - DAG(s) 'tutorial_dag' retrieved from /home/airflow/.local/lib/python3.12/site-packages/airflow/example_dags/tutorial_dag.py
[2024-10-27T04:36:00.021+0000] {logging_mixin.py:190} INFO - [2024-10-27T04:36:00.020+0000] {dag.py:3239} INFO - Sync 1 DAGs
[2024-10-27T04:36:00.034+0000] {logging_mixin.py:190} INFO - [2024-10-27T04:36:00.034+0000] {dag.py:4180} INFO - Setting next_dagrun for tutorial_dag to None, run_after=None
[2024-10-27T04:36:00.071+0000] {processor.py:208} INFO - Processing /home/airflow/.local/lib/python3.12/site-packages/airflow/example_dags/tutorial_dag.py took 0.092 seconds
[2024-10-27T04:36:31.165+0000] {processor.py:186} INFO - Started process (PID=80002) to work on /home/airflow/.local/lib/python3.12/site-packages/airflow/example_dags/tutorial_dag.py
[2024-10-27T04:36:31.166+0000] {processor.py:914} INFO - Processing file /home/airflow/.local/lib/python3.12/site-packages/airflow/example_dags/tutorial_dag.py for tasks to queue
[2024-10-27T04:36:31.169+0000] {logging_mixin.py:190} INFO - [2024-10-27T04:36:31.168+0000] {dagbag.py:588} INFO - Filling up the DagBag from /home/airflow/.local/lib/python3.12/site-packages/airflow/example_dags/tutorial_dag.py
[2024-10-27T04:36:31.177+0000] {processor.py:925} INFO - DAG(s) 'tutorial_dag' retrieved from /home/airflow/.local/lib/python3.12/site-packages/airflow/example_dags/tutorial_dag.py
[2024-10-27T04:36:31.199+0000] {logging_mixin.py:190} INFO - [2024-10-27T04:36:31.199+0000] {dag.py:3239} INFO - Sync 1 DAGs
[2024-10-27T04:36:31.213+0000] {logging_mixin.py:190} INFO - [2024-10-27T04:36:31.212+0000] {dag.py:4180} INFO - Setting next_dagrun for tutorial_dag to None, run_after=None
[2024-10-27T04:36:31.232+0000] {processor.py:208} INFO - Processing /home/airflow/.local/lib/python3.12/site-packages/airflow/example_dags/tutorial_dag.py took 0.074 seconds
[2024-10-27T04:37:01.595+0000] {processor.py:186} INFO - Started process (PID=80066) to work on /home/airflow/.local/lib/python3.12/site-packages/airflow/example_dags/tutorial_dag.py
[2024-10-27T04:37:01.596+0000] {processor.py:914} INFO - Processing file /home/airflow/.local/lib/python3.12/site-packages/airflow/example_dags/tutorial_dag.py for tasks to queue
[2024-10-27T04:37:01.599+0000] {logging_mixin.py:190} INFO - [2024-10-27T04:37:01.598+0000] {dagbag.py:588} INFO - Filling up the DagBag from /home/airflow/.local/lib/python3.12/site-packages/airflow/example_dags/tutorial_dag.py
[2024-10-27T04:37:01.606+0000] {processor.py:925} INFO - DAG(s) 'tutorial_dag' retrieved from /home/airflow/.local/lib/python3.12/site-packages/airflow/example_dags/tutorial_dag.py
[2024-10-27T04:37:01.625+0000] {logging_mixin.py:190} INFO - [2024-10-27T04:37:01.625+0000] {dag.py:3239} INFO - Sync 1 DAGs
[2024-10-27T04:37:01.640+0000] {logging_mixin.py:190} INFO - [2024-10-27T04:37:01.640+0000] {dag.py:4180} INFO - Setting next_dagrun for tutorial_dag to None, run_after=None
[2024-10-27T04:37:01.666+0000] {processor.py:208} INFO - Processing /home/airflow/.local/lib/python3.12/site-packages/airflow/example_dags/tutorial_dag.py took 0.076 seconds
[2024-10-27T04:37:31.760+0000] {processor.py:186} INFO - Started process (PID=80130) to work on /home/airflow/.local/lib/python3.12/site-packages/airflow/example_dags/tutorial_dag.py
[2024-10-27T04:37:31.761+0000] {processor.py:914} INFO - Processing file /home/airflow/.local/lib/python3.12/site-packages/airflow/example_dags/tutorial_dag.py for tasks to queue
[2024-10-27T04:37:31.764+0000] {logging_mixin.py:190} INFO - [2024-10-27T04:37:31.764+0000] {dagbag.py:588} INFO - Filling up the DagBag from /home/airflow/.local/lib/python3.12/site-packages/airflow/example_dags/tutorial_dag.py
[2024-10-27T04:37:31.773+0000] {processor.py:925} INFO - DAG(s) 'tutorial_dag' retrieved from /home/airflow/.local/lib/python3.12/site-packages/airflow/example_dags/tutorial_dag.py
[2024-10-27T04:37:31.793+0000] {logging_mixin.py:190} INFO - [2024-10-27T04:37:31.793+0000] {dag.py:3239} INFO - Sync 1 DAGs
[2024-10-27T04:37:31.807+0000] {logging_mixin.py:190} INFO - [2024-10-27T04:37:31.806+0000] {dag.py:4180} INFO - Setting next_dagrun for tutorial_dag to None, run_after=None
[2024-10-27T04:37:31.828+0000] {processor.py:208} INFO - Processing /home/airflow/.local/lib/python3.12/site-packages/airflow/example_dags/tutorial_dag.py took 0.074 seconds
[2024-10-27T04:38:02.806+0000] {processor.py:186} INFO - Started process (PID=80194) to work on /home/airflow/.local/lib/python3.12/site-packages/airflow/example_dags/tutorial_dag.py
[2024-10-27T04:38:02.807+0000] {processor.py:914} INFO - Processing file /home/airflow/.local/lib/python3.12/site-packages/airflow/example_dags/tutorial_dag.py for tasks to queue
[2024-10-27T04:38:02.810+0000] {logging_mixin.py:190} INFO - [2024-10-27T04:38:02.810+0000] {dagbag.py:588} INFO - Filling up the DagBag from /home/airflow/.local/lib/python3.12/site-packages/airflow/example_dags/tutorial_dag.py
[2024-10-27T04:38:02.820+0000] {processor.py:925} INFO - DAG(s) 'tutorial_dag' retrieved from /home/airflow/.local/lib/python3.12/site-packages/airflow/example_dags/tutorial_dag.py
[2024-10-27T04:38:02.842+0000] {logging_mixin.py:190} INFO - [2024-10-27T04:38:02.842+0000] {dag.py:3239} INFO - Sync 1 DAGs
[2024-10-27T04:38:02.860+0000] {logging_mixin.py:190} INFO - [2024-10-27T04:38:02.860+0000] {dag.py:4180} INFO - Setting next_dagrun for tutorial_dag to None, run_after=None
[2024-10-27T04:38:02.890+0000] {processor.py:208} INFO - Processing /home/airflow/.local/lib/python3.12/site-packages/airflow/example_dags/tutorial_dag.py took 0.094 seconds
[2024-10-27T04:38:33.179+0000] {processor.py:186} INFO - Started process (PID=80258) to work on /home/airflow/.local/lib/python3.12/site-packages/airflow/example_dags/tutorial_dag.py
[2024-10-27T04:38:33.180+0000] {processor.py:914} INFO - Processing file /home/airflow/.local/lib/python3.12/site-packages/airflow/example_dags/tutorial_dag.py for tasks to queue
[2024-10-27T04:38:33.183+0000] {logging_mixin.py:190} INFO - [2024-10-27T04:38:33.183+0000] {dagbag.py:588} INFO - Filling up the DagBag from /home/airflow/.local/lib/python3.12/site-packages/airflow/example_dags/tutorial_dag.py
[2024-10-27T04:38:33.192+0000] {processor.py:925} INFO - DAG(s) 'tutorial_dag' retrieved from /home/airflow/.local/lib/python3.12/site-packages/airflow/example_dags/tutorial_dag.py
[2024-10-27T04:38:33.212+0000] {logging_mixin.py:190} INFO - [2024-10-27T04:38:33.211+0000] {dag.py:3239} INFO - Sync 1 DAGs
[2024-10-27T04:38:33.227+0000] {logging_mixin.py:190} INFO - [2024-10-27T04:38:33.226+0000] {dag.py:4180} INFO - Setting next_dagrun for tutorial_dag to None, run_after=None
[2024-10-27T04:38:33.246+0000] {processor.py:208} INFO - Processing /home/airflow/.local/lib/python3.12/site-packages/airflow/example_dags/tutorial_dag.py took 0.072 seconds
[2024-10-27T04:39:03.434+0000] {processor.py:186} INFO - Started process (PID=80322) to work on /home/airflow/.local/lib/python3.12/site-packages/airflow/example_dags/tutorial_dag.py
[2024-10-27T04:39:03.435+0000] {processor.py:914} INFO - Processing file /home/airflow/.local/lib/python3.12/site-packages/airflow/example_dags/tutorial_dag.py for tasks to queue
[2024-10-27T04:39:03.438+0000] {logging_mixin.py:190} INFO - [2024-10-27T04:39:03.437+0000] {dagbag.py:588} INFO - Filling up the DagBag from /home/airflow/.local/lib/python3.12/site-packages/airflow/example_dags/tutorial_dag.py
[2024-10-27T04:39:03.445+0000] {processor.py:925} INFO - DAG(s) 'tutorial_dag' retrieved from /home/airflow/.local/lib/python3.12/site-packages/airflow/example_dags/tutorial_dag.py
[2024-10-27T04:39:03.464+0000] {logging_mixin.py:190} INFO - [2024-10-27T04:39:03.464+0000] {dag.py:3239} INFO - Sync 1 DAGs
[2024-10-27T04:39:03.477+0000] {logging_mixin.py:190} INFO - [2024-10-27T04:39:03.477+0000] {dag.py:4180} INFO - Setting next_dagrun for tutorial_dag to None, run_after=None
[2024-10-27T04:39:03.500+0000] {processor.py:208} INFO - Processing /home/airflow/.local/lib/python3.12/site-packages/airflow/example_dags/tutorial_dag.py took 0.071 seconds
[2024-10-27T04:39:34.545+0000] {processor.py:186} INFO - Started process (PID=80386) to work on /home/airflow/.local/lib/python3.12/site-packages/airflow/example_dags/tutorial_dag.py
[2024-10-27T04:39:34.546+0000] {processor.py:914} INFO - Processing file /home/airflow/.local/lib/python3.12/site-packages/airflow/example_dags/tutorial_dag.py for tasks to queue
[2024-10-27T04:39:34.549+0000] {logging_mixin.py:190} INFO - [2024-10-27T04:39:34.548+0000] {dagbag.py:588} INFO - Filling up the DagBag from /home/airflow/.local/lib/python3.12/site-packages/airflow/example_dags/tutorial_dag.py
[2024-10-27T04:39:34.555+0000] {processor.py:925} INFO - DAG(s) 'tutorial_dag' retrieved from /home/airflow/.local/lib/python3.12/site-packages/airflow/example_dags/tutorial_dag.py
[2024-10-27T04:39:34.574+0000] {logging_mixin.py:190} INFO - [2024-10-27T04:39:34.574+0000] {dag.py:3239} INFO - Sync 1 DAGs
[2024-10-27T04:39:34.587+0000] {logging_mixin.py:190} INFO - [2024-10-27T04:39:34.587+0000] {dag.py:4180} INFO - Setting next_dagrun for tutorial_dag to None, run_after=None
[2024-10-27T04:39:34.610+0000] {processor.py:208} INFO - Processing /home/airflow/.local/lib/python3.12/site-packages/airflow/example_dags/tutorial_dag.py took 0.070 seconds
[2024-10-27T04:40:04.827+0000] {processor.py:186} INFO - Started process (PID=80450) to work on /home/airflow/.local/lib/python3.12/site-packages/airflow/example_dags/tutorial_dag.py
[2024-10-27T04:40:04.828+0000] {processor.py:914} INFO - Processing file /home/airflow/.local/lib/python3.12/site-packages/airflow/example_dags/tutorial_dag.py for tasks to queue
[2024-10-27T04:40:04.831+0000] {logging_mixin.py:190} INFO - [2024-10-27T04:40:04.830+0000] {dagbag.py:588} INFO - Filling up the DagBag from /home/airflow/.local/lib/python3.12/site-packages/airflow/example_dags/tutorial_dag.py
[2024-10-27T04:40:04.838+0000] {processor.py:925} INFO - DAG(s) 'tutorial_dag' retrieved from /home/airflow/.local/lib/python3.12/site-packages/airflow/example_dags/tutorial_dag.py
[2024-10-27T04:40:04.859+0000] {logging_mixin.py:190} INFO - [2024-10-27T04:40:04.859+0000] {dag.py:3239} INFO - Sync 1 DAGs
[2024-10-27T04:40:04.873+0000] {logging_mixin.py:190} INFO - [2024-10-27T04:40:04.873+0000] {dag.py:4180} INFO - Setting next_dagrun for tutorial_dag to None, run_after=None
[2024-10-27T04:40:04.898+0000] {processor.py:208} INFO - Processing /home/airflow/.local/lib/python3.12/site-packages/airflow/example_dags/tutorial_dag.py took 0.076 seconds
[2024-10-27T04:40:35.189+0000] {processor.py:186} INFO - Started process (PID=80514) to work on /home/airflow/.local/lib/python3.12/site-packages/airflow/example_dags/tutorial_dag.py
[2024-10-27T04:40:35.190+0000] {processor.py:914} INFO - Processing file /home/airflow/.local/lib/python3.12/site-packages/airflow/example_dags/tutorial_dag.py for tasks to queue
[2024-10-27T04:40:35.194+0000] {logging_mixin.py:190} INFO - [2024-10-27T04:40:35.193+0000] {dagbag.py:588} INFO - Filling up the DagBag from /home/airflow/.local/lib/python3.12/site-packages/airflow/example_dags/tutorial_dag.py
[2024-10-27T04:40:35.201+0000] {processor.py:925} INFO - DAG(s) 'tutorial_dag' retrieved from /home/airflow/.local/lib/python3.12/site-packages/airflow/example_dags/tutorial_dag.py
[2024-10-27T04:40:35.226+0000] {logging_mixin.py:190} INFO - [2024-10-27T04:40:35.225+0000] {dag.py:3239} INFO - Sync 1 DAGs
[2024-10-27T04:40:35.240+0000] {logging_mixin.py:190} INFO - [2024-10-27T04:40:35.240+0000] {dag.py:4180} INFO - Setting next_dagrun for tutorial_dag to None, run_after=None
[2024-10-27T04:40:35.260+0000] {processor.py:208} INFO - Processing /home/airflow/.local/lib/python3.12/site-packages/airflow/example_dags/tutorial_dag.py took 0.079 seconds
[2024-10-27T04:41:05.655+0000] {processor.py:186} INFO - Started process (PID=80579) to work on /home/airflow/.local/lib/python3.12/site-packages/airflow/example_dags/tutorial_dag.py
[2024-10-27T04:41:05.657+0000] {processor.py:914} INFO - Processing file /home/airflow/.local/lib/python3.12/site-packages/airflow/example_dags/tutorial_dag.py for tasks to queue
[2024-10-27T04:41:05.659+0000] {logging_mixin.py:190} INFO - [2024-10-27T04:41:05.659+0000] {dagbag.py:588} INFO - Filling up the DagBag from /home/airflow/.local/lib/python3.12/site-packages/airflow/example_dags/tutorial_dag.py
[2024-10-27T04:41:05.669+0000] {processor.py:925} INFO - DAG(s) 'tutorial_dag' retrieved from /home/airflow/.local/lib/python3.12/site-packages/airflow/example_dags/tutorial_dag.py
[2024-10-27T04:41:05.689+0000] {logging_mixin.py:190} INFO - [2024-10-27T04:41:05.689+0000] {dag.py:3239} INFO - Sync 1 DAGs
[2024-10-27T04:41:05.706+0000] {logging_mixin.py:190} INFO - [2024-10-27T04:41:05.706+0000] {dag.py:4180} INFO - Setting next_dagrun for tutorial_dag to None, run_after=None
[2024-10-27T04:41:05.727+0000] {processor.py:208} INFO - Processing /home/airflow/.local/lib/python3.12/site-packages/airflow/example_dags/tutorial_dag.py took 0.077 seconds
[2024-10-27T04:41:36.006+0000] {processor.py:186} INFO - Started process (PID=80643) to work on /home/airflow/.local/lib/python3.12/site-packages/airflow/example_dags/tutorial_dag.py
[2024-10-27T04:41:36.008+0000] {processor.py:914} INFO - Processing file /home/airflow/.local/lib/python3.12/site-packages/airflow/example_dags/tutorial_dag.py for tasks to queue
[2024-10-27T04:41:36.011+0000] {logging_mixin.py:190} INFO - [2024-10-27T04:41:36.010+0000] {dagbag.py:588} INFO - Filling up the DagBag from /home/airflow/.local/lib/python3.12/site-packages/airflow/example_dags/tutorial_dag.py
[2024-10-27T04:41:36.018+0000] {processor.py:925} INFO - DAG(s) 'tutorial_dag' retrieved from /home/airflow/.local/lib/python3.12/site-packages/airflow/example_dags/tutorial_dag.py
[2024-10-27T04:41:36.039+0000] {logging_mixin.py:190} INFO - [2024-10-27T04:41:36.039+0000] {dag.py:3239} INFO - Sync 1 DAGs
[2024-10-27T04:41:36.054+0000] {logging_mixin.py:190} INFO - [2024-10-27T04:41:36.053+0000] {dag.py:4180} INFO - Setting next_dagrun for tutorial_dag to None, run_after=None
[2024-10-27T04:41:36.078+0000] {processor.py:208} INFO - Processing /home/airflow/.local/lib/python3.12/site-packages/airflow/example_dags/tutorial_dag.py took 0.078 seconds
[2024-10-27T04:42:06.410+0000] {processor.py:186} INFO - Started process (PID=80707) to work on /home/airflow/.local/lib/python3.12/site-packages/airflow/example_dags/tutorial_dag.py
[2024-10-27T04:42:06.412+0000] {processor.py:914} INFO - Processing file /home/airflow/.local/lib/python3.12/site-packages/airflow/example_dags/tutorial_dag.py for tasks to queue
[2024-10-27T04:42:06.415+0000] {logging_mixin.py:190} INFO - [2024-10-27T04:42:06.415+0000] {dagbag.py:588} INFO - Filling up the DagBag from /home/airflow/.local/lib/python3.12/site-packages/airflow/example_dags/tutorial_dag.py
[2024-10-27T04:42:06.425+0000] {processor.py:925} INFO - DAG(s) 'tutorial_dag' retrieved from /home/airflow/.local/lib/python3.12/site-packages/airflow/example_dags/tutorial_dag.py
[2024-10-27T04:42:06.449+0000] {logging_mixin.py:190} INFO - [2024-10-27T04:42:06.449+0000] {dag.py:3239} INFO - Sync 1 DAGs
[2024-10-27T04:42:06.465+0000] {logging_mixin.py:190} INFO - [2024-10-27T04:42:06.465+0000] {dag.py:4180} INFO - Setting next_dagrun for tutorial_dag to None, run_after=None
[2024-10-27T04:42:06.491+0000] {processor.py:208} INFO - Processing /home/airflow/.local/lib/python3.12/site-packages/airflow/example_dags/tutorial_dag.py took 0.088 seconds
[2024-10-27T04:42:36.778+0000] {processor.py:186} INFO - Started process (PID=80777) to work on /home/airflow/.local/lib/python3.12/site-packages/airflow/example_dags/tutorial_dag.py
[2024-10-27T04:42:36.779+0000] {processor.py:914} INFO - Processing file /home/airflow/.local/lib/python3.12/site-packages/airflow/example_dags/tutorial_dag.py for tasks to queue
[2024-10-27T04:42:36.782+0000] {logging_mixin.py:190} INFO - [2024-10-27T04:42:36.781+0000] {dagbag.py:588} INFO - Filling up the DagBag from /home/airflow/.local/lib/python3.12/site-packages/airflow/example_dags/tutorial_dag.py
[2024-10-27T04:42:36.791+0000] {processor.py:925} INFO - DAG(s) 'tutorial_dag' retrieved from /home/airflow/.local/lib/python3.12/site-packages/airflow/example_dags/tutorial_dag.py
[2024-10-27T04:42:36.813+0000] {logging_mixin.py:190} INFO - [2024-10-27T04:42:36.813+0000] {dag.py:3239} INFO - Sync 1 DAGs
[2024-10-27T04:42:36.827+0000] {logging_mixin.py:190} INFO - [2024-10-27T04:42:36.827+0000] {dag.py:4180} INFO - Setting next_dagrun for tutorial_dag to None, run_after=None
[2024-10-27T04:42:36.850+0000] {processor.py:208} INFO - Processing /home/airflow/.local/lib/python3.12/site-packages/airflow/example_dags/tutorial_dag.py took 0.079 seconds
[2024-10-27T04:43:07.143+0000] {processor.py:186} INFO - Started process (PID=80841) to work on /home/airflow/.local/lib/python3.12/site-packages/airflow/example_dags/tutorial_dag.py
[2024-10-27T04:43:07.144+0000] {processor.py:914} INFO - Processing file /home/airflow/.local/lib/python3.12/site-packages/airflow/example_dags/tutorial_dag.py for tasks to queue
[2024-10-27T04:43:07.147+0000] {logging_mixin.py:190} INFO - [2024-10-27T04:43:07.146+0000] {dagbag.py:588} INFO - Filling up the DagBag from /home/airflow/.local/lib/python3.12/site-packages/airflow/example_dags/tutorial_dag.py
[2024-10-27T04:43:07.156+0000] {processor.py:925} INFO - DAG(s) 'tutorial_dag' retrieved from /home/airflow/.local/lib/python3.12/site-packages/airflow/example_dags/tutorial_dag.py
[2024-10-27T04:43:07.175+0000] {logging_mixin.py:190} INFO - [2024-10-27T04:43:07.175+0000] {dag.py:3239} INFO - Sync 1 DAGs
[2024-10-27T04:43:07.189+0000] {logging_mixin.py:190} INFO - [2024-10-27T04:43:07.189+0000] {dag.py:4180} INFO - Setting next_dagrun for tutorial_dag to None, run_after=None
[2024-10-27T04:43:07.208+0000] {processor.py:208} INFO - Processing /home/airflow/.local/lib/python3.12/site-packages/airflow/example_dags/tutorial_dag.py took 0.072 seconds
[2024-10-27T04:43:37.504+0000] {processor.py:186} INFO - Started process (PID=80906) to work on /home/airflow/.local/lib/python3.12/site-packages/airflow/example_dags/tutorial_dag.py
[2024-10-27T04:43:37.506+0000] {processor.py:914} INFO - Processing file /home/airflow/.local/lib/python3.12/site-packages/airflow/example_dags/tutorial_dag.py for tasks to queue
[2024-10-27T04:43:37.508+0000] {logging_mixin.py:190} INFO - [2024-10-27T04:43:37.508+0000] {dagbag.py:588} INFO - Filling up the DagBag from /home/airflow/.local/lib/python3.12/site-packages/airflow/example_dags/tutorial_dag.py
[2024-10-27T04:43:37.518+0000] {processor.py:925} INFO - DAG(s) 'tutorial_dag' retrieved from /home/airflow/.local/lib/python3.12/site-packages/airflow/example_dags/tutorial_dag.py
[2024-10-27T04:43:37.537+0000] {logging_mixin.py:190} INFO - [2024-10-27T04:43:37.537+0000] {dag.py:3239} INFO - Sync 1 DAGs
[2024-10-27T04:43:37.553+0000] {logging_mixin.py:190} INFO - [2024-10-27T04:43:37.553+0000] {dag.py:4180} INFO - Setting next_dagrun for tutorial_dag to None, run_after=None
[2024-10-27T04:43:37.576+0000] {processor.py:208} INFO - Processing /home/airflow/.local/lib/python3.12/site-packages/airflow/example_dags/tutorial_dag.py took 0.079 seconds
[2024-10-27T04:44:07.864+0000] {processor.py:186} INFO - Started process (PID=80970) to work on /home/airflow/.local/lib/python3.12/site-packages/airflow/example_dags/tutorial_dag.py
[2024-10-27T04:44:07.865+0000] {processor.py:914} INFO - Processing file /home/airflow/.local/lib/python3.12/site-packages/airflow/example_dags/tutorial_dag.py for tasks to queue
[2024-10-27T04:44:07.867+0000] {logging_mixin.py:190} INFO - [2024-10-27T04:44:07.867+0000] {dagbag.py:588} INFO - Filling up the DagBag from /home/airflow/.local/lib/python3.12/site-packages/airflow/example_dags/tutorial_dag.py
[2024-10-27T04:44:07.874+0000] {processor.py:925} INFO - DAG(s) 'tutorial_dag' retrieved from /home/airflow/.local/lib/python3.12/site-packages/airflow/example_dags/tutorial_dag.py
[2024-10-27T04:44:07.893+0000] {logging_mixin.py:190} INFO - [2024-10-27T04:44:07.893+0000] {dag.py:3239} INFO - Sync 1 DAGs
[2024-10-27T04:44:07.906+0000] {logging_mixin.py:190} INFO - [2024-10-27T04:44:07.906+0000] {dag.py:4180} INFO - Setting next_dagrun for tutorial_dag to None, run_after=None
[2024-10-27T04:44:07.929+0000] {processor.py:208} INFO - Processing /home/airflow/.local/lib/python3.12/site-packages/airflow/example_dags/tutorial_dag.py took 0.070 seconds
[2024-10-27T04:44:38.274+0000] {processor.py:186} INFO - Started process (PID=81034) to work on /home/airflow/.local/lib/python3.12/site-packages/airflow/example_dags/tutorial_dag.py
[2024-10-27T04:44:38.275+0000] {processor.py:914} INFO - Processing file /home/airflow/.local/lib/python3.12/site-packages/airflow/example_dags/tutorial_dag.py for tasks to queue
[2024-10-27T04:44:38.278+0000] {logging_mixin.py:190} INFO - [2024-10-27T04:44:38.277+0000] {dagbag.py:588} INFO - Filling up the DagBag from /home/airflow/.local/lib/python3.12/site-packages/airflow/example_dags/tutorial_dag.py
[2024-10-27T04:44:38.285+0000] {processor.py:925} INFO - DAG(s) 'tutorial_dag' retrieved from /home/airflow/.local/lib/python3.12/site-packages/airflow/example_dags/tutorial_dag.py
[2024-10-27T04:44:38.305+0000] {logging_mixin.py:190} INFO - [2024-10-27T04:44:38.305+0000] {dag.py:3239} INFO - Sync 1 DAGs
[2024-10-27T04:44:38.318+0000] {logging_mixin.py:190} INFO - [2024-10-27T04:44:38.318+0000] {dag.py:4180} INFO - Setting next_dagrun for tutorial_dag to None, run_after=None
[2024-10-27T04:44:38.342+0000] {processor.py:208} INFO - Processing /home/airflow/.local/lib/python3.12/site-packages/airflow/example_dags/tutorial_dag.py took 0.074 seconds
[2024-10-27T04:45:09.386+0000] {processor.py:186} INFO - Started process (PID=81098) to work on /home/airflow/.local/lib/python3.12/site-packages/airflow/example_dags/tutorial_dag.py
[2024-10-27T04:45:09.387+0000] {processor.py:914} INFO - Processing file /home/airflow/.local/lib/python3.12/site-packages/airflow/example_dags/tutorial_dag.py for tasks to queue
[2024-10-27T04:45:09.390+0000] {logging_mixin.py:190} INFO - [2024-10-27T04:45:09.389+0000] {dagbag.py:588} INFO - Filling up the DagBag from /home/airflow/.local/lib/python3.12/site-packages/airflow/example_dags/tutorial_dag.py
[2024-10-27T04:45:09.397+0000] {processor.py:925} INFO - DAG(s) 'tutorial_dag' retrieved from /home/airflow/.local/lib/python3.12/site-packages/airflow/example_dags/tutorial_dag.py
[2024-10-27T04:45:09.415+0000] {logging_mixin.py:190} INFO - [2024-10-27T04:45:09.415+0000] {dag.py:3239} INFO - Sync 1 DAGs
[2024-10-27T04:45:09.429+0000] {logging_mixin.py:190} INFO - [2024-10-27T04:45:09.429+0000] {dag.py:4180} INFO - Setting next_dagrun for tutorial_dag to None, run_after=None
[2024-10-27T04:45:09.451+0000] {processor.py:208} INFO - Processing /home/airflow/.local/lib/python3.12/site-packages/airflow/example_dags/tutorial_dag.py took 0.071 seconds
[2024-10-27T04:45:40.579+0000] {processor.py:186} INFO - Started process (PID=81162) to work on /home/airflow/.local/lib/python3.12/site-packages/airflow/example_dags/tutorial_dag.py
[2024-10-27T04:45:40.581+0000] {processor.py:914} INFO - Processing file /home/airflow/.local/lib/python3.12/site-packages/airflow/example_dags/tutorial_dag.py for tasks to queue
[2024-10-27T04:45:40.583+0000] {logging_mixin.py:190} INFO - [2024-10-27T04:45:40.583+0000] {dagbag.py:588} INFO - Filling up the DagBag from /home/airflow/.local/lib/python3.12/site-packages/airflow/example_dags/tutorial_dag.py
[2024-10-27T04:45:40.590+0000] {processor.py:925} INFO - DAG(s) 'tutorial_dag' retrieved from /home/airflow/.local/lib/python3.12/site-packages/airflow/example_dags/tutorial_dag.py
[2024-10-27T04:45:40.609+0000] {logging_mixin.py:190} INFO - [2024-10-27T04:45:40.608+0000] {dag.py:3239} INFO - Sync 1 DAGs
[2024-10-27T04:45:40.622+0000] {logging_mixin.py:190} INFO - [2024-10-27T04:45:40.621+0000] {dag.py:4180} INFO - Setting next_dagrun for tutorial_dag to None, run_after=None
[2024-10-27T04:45:40.646+0000] {processor.py:208} INFO - Processing /home/airflow/.local/lib/python3.12/site-packages/airflow/example_dags/tutorial_dag.py took 0.072 seconds
[2024-10-27T04:46:11.797+0000] {processor.py:186} INFO - Started process (PID=81226) to work on /home/airflow/.local/lib/python3.12/site-packages/airflow/example_dags/tutorial_dag.py
[2024-10-27T04:46:11.798+0000] {processor.py:914} INFO - Processing file /home/airflow/.local/lib/python3.12/site-packages/airflow/example_dags/tutorial_dag.py for tasks to queue
[2024-10-27T04:46:11.801+0000] {logging_mixin.py:190} INFO - [2024-10-27T04:46:11.800+0000] {dagbag.py:588} INFO - Filling up the DagBag from /home/airflow/.local/lib/python3.12/site-packages/airflow/example_dags/tutorial_dag.py
[2024-10-27T04:46:11.808+0000] {processor.py:925} INFO - DAG(s) 'tutorial_dag' retrieved from /home/airflow/.local/lib/python3.12/site-packages/airflow/example_dags/tutorial_dag.py
[2024-10-27T04:46:11.826+0000] {logging_mixin.py:190} INFO - [2024-10-27T04:46:11.826+0000] {dag.py:3239} INFO - Sync 1 DAGs
[2024-10-27T04:46:11.839+0000] {logging_mixin.py:190} INFO - [2024-10-27T04:46:11.839+0000] {dag.py:4180} INFO - Setting next_dagrun for tutorial_dag to None, run_after=None
[2024-10-27T04:46:11.858+0000] {processor.py:208} INFO - Processing /home/airflow/.local/lib/python3.12/site-packages/airflow/example_dags/tutorial_dag.py took 0.066 seconds
[2024-10-27T04:46:42.243+0000] {processor.py:186} INFO - Started process (PID=81290) to work on /home/airflow/.local/lib/python3.12/site-packages/airflow/example_dags/tutorial_dag.py
[2024-10-27T04:46:42.244+0000] {processor.py:914} INFO - Processing file /home/airflow/.local/lib/python3.12/site-packages/airflow/example_dags/tutorial_dag.py for tasks to queue
[2024-10-27T04:46:42.246+0000] {logging_mixin.py:190} INFO - [2024-10-27T04:46:42.246+0000] {dagbag.py:588} INFO - Filling up the DagBag from /home/airflow/.local/lib/python3.12/site-packages/airflow/example_dags/tutorial_dag.py
[2024-10-27T04:46:42.253+0000] {processor.py:925} INFO - DAG(s) 'tutorial_dag' retrieved from /home/airflow/.local/lib/python3.12/site-packages/airflow/example_dags/tutorial_dag.py
[2024-10-27T04:46:42.275+0000] {logging_mixin.py:190} INFO - [2024-10-27T04:46:42.275+0000] {dag.py:3239} INFO - Sync 1 DAGs
[2024-10-27T04:46:42.289+0000] {logging_mixin.py:190} INFO - [2024-10-27T04:46:42.289+0000] {dag.py:4180} INFO - Setting next_dagrun for tutorial_dag to None, run_after=None
[2024-10-27T04:46:42.313+0000] {processor.py:208} INFO - Processing /home/airflow/.local/lib/python3.12/site-packages/airflow/example_dags/tutorial_dag.py took 0.076 seconds
[2024-10-27T04:47:13.453+0000] {processor.py:186} INFO - Started process (PID=81354) to work on /home/airflow/.local/lib/python3.12/site-packages/airflow/example_dags/tutorial_dag.py
[2024-10-27T04:47:13.454+0000] {processor.py:914} INFO - Processing file /home/airflow/.local/lib/python3.12/site-packages/airflow/example_dags/tutorial_dag.py for tasks to queue
[2024-10-27T04:47:13.457+0000] {logging_mixin.py:190} INFO - [2024-10-27T04:47:13.457+0000] {dagbag.py:588} INFO - Filling up the DagBag from /home/airflow/.local/lib/python3.12/site-packages/airflow/example_dags/tutorial_dag.py
[2024-10-27T04:47:13.465+0000] {processor.py:925} INFO - DAG(s) 'tutorial_dag' retrieved from /home/airflow/.local/lib/python3.12/site-packages/airflow/example_dags/tutorial_dag.py
[2024-10-27T04:47:13.485+0000] {logging_mixin.py:190} INFO - [2024-10-27T04:47:13.485+0000] {dag.py:3239} INFO - Sync 1 DAGs
[2024-10-27T04:47:13.499+0000] {logging_mixin.py:190} INFO - [2024-10-27T04:47:13.499+0000] {dag.py:4180} INFO - Setting next_dagrun for tutorial_dag to None, run_after=None
[2024-10-27T04:47:13.520+0000] {processor.py:208} INFO - Processing /home/airflow/.local/lib/python3.12/site-packages/airflow/example_dags/tutorial_dag.py took 0.074 seconds
[2024-10-27T04:47:43.916+0000] {processor.py:186} INFO - Started process (PID=81418) to work on /home/airflow/.local/lib/python3.12/site-packages/airflow/example_dags/tutorial_dag.py
[2024-10-27T04:47:43.917+0000] {processor.py:914} INFO - Processing file /home/airflow/.local/lib/python3.12/site-packages/airflow/example_dags/tutorial_dag.py for tasks to queue
[2024-10-27T04:47:43.920+0000] {logging_mixin.py:190} INFO - [2024-10-27T04:47:43.920+0000] {dagbag.py:588} INFO - Filling up the DagBag from /home/airflow/.local/lib/python3.12/site-packages/airflow/example_dags/tutorial_dag.py
[2024-10-27T04:47:43.927+0000] {processor.py:925} INFO - DAG(s) 'tutorial_dag' retrieved from /home/airflow/.local/lib/python3.12/site-packages/airflow/example_dags/tutorial_dag.py
[2024-10-27T04:47:43.947+0000] {logging_mixin.py:190} INFO - [2024-10-27T04:47:43.947+0000] {dag.py:3239} INFO - Sync 1 DAGs
[2024-10-27T04:47:43.962+0000] {logging_mixin.py:190} INFO - [2024-10-27T04:47:43.962+0000] {dag.py:4180} INFO - Setting next_dagrun for tutorial_dag to None, run_after=None
[2024-10-27T04:47:43.984+0000] {processor.py:208} INFO - Processing /home/airflow/.local/lib/python3.12/site-packages/airflow/example_dags/tutorial_dag.py took 0.074 seconds
[2024-10-27T04:48:14.938+0000] {processor.py:186} INFO - Started process (PID=81482) to work on /home/airflow/.local/lib/python3.12/site-packages/airflow/example_dags/tutorial_dag.py
[2024-10-27T04:48:14.940+0000] {processor.py:914} INFO - Processing file /home/airflow/.local/lib/python3.12/site-packages/airflow/example_dags/tutorial_dag.py for tasks to queue
[2024-10-27T04:48:14.942+0000] {logging_mixin.py:190} INFO - [2024-10-27T04:48:14.942+0000] {dagbag.py:588} INFO - Filling up the DagBag from /home/airflow/.local/lib/python3.12/site-packages/airflow/example_dags/tutorial_dag.py
[2024-10-27T04:48:14.950+0000] {processor.py:925} INFO - DAG(s) 'tutorial_dag' retrieved from /home/airflow/.local/lib/python3.12/site-packages/airflow/example_dags/tutorial_dag.py
[2024-10-27T04:48:14.973+0000] {logging_mixin.py:190} INFO - [2024-10-27T04:48:14.973+0000] {dag.py:3239} INFO - Sync 1 DAGs
[2024-10-27T04:48:14.989+0000] {logging_mixin.py:190} INFO - [2024-10-27T04:48:14.988+0000] {dag.py:4180} INFO - Setting next_dagrun for tutorial_dag to None, run_after=None
[2024-10-27T04:48:15.011+0000] {processor.py:208} INFO - Processing /home/airflow/.local/lib/python3.12/site-packages/airflow/example_dags/tutorial_dag.py took 0.079 seconds
[2024-10-27T04:48:45.257+0000] {processor.py:186} INFO - Started process (PID=81546) to work on /home/airflow/.local/lib/python3.12/site-packages/airflow/example_dags/tutorial_dag.py
[2024-10-27T04:48:45.258+0000] {processor.py:914} INFO - Processing file /home/airflow/.local/lib/python3.12/site-packages/airflow/example_dags/tutorial_dag.py for tasks to queue
[2024-10-27T04:48:45.261+0000] {logging_mixin.py:190} INFO - [2024-10-27T04:48:45.260+0000] {dagbag.py:588} INFO - Filling up the DagBag from /home/airflow/.local/lib/python3.12/site-packages/airflow/example_dags/tutorial_dag.py
[2024-10-27T04:48:45.268+0000] {processor.py:925} INFO - DAG(s) 'tutorial_dag' retrieved from /home/airflow/.local/lib/python3.12/site-packages/airflow/example_dags/tutorial_dag.py
[2024-10-27T04:48:45.291+0000] {logging_mixin.py:190} INFO - [2024-10-27T04:48:45.291+0000] {dag.py:3239} INFO - Sync 1 DAGs
[2024-10-27T04:48:45.307+0000] {logging_mixin.py:190} INFO - [2024-10-27T04:48:45.307+0000] {dag.py:4180} INFO - Setting next_dagrun for tutorial_dag to None, run_after=None
[2024-10-27T04:48:45.330+0000] {processor.py:208} INFO - Processing /home/airflow/.local/lib/python3.12/site-packages/airflow/example_dags/tutorial_dag.py took 0.078 seconds
[2024-10-27T04:49:15.673+0000] {processor.py:186} INFO - Started process (PID=81610) to work on /home/airflow/.local/lib/python3.12/site-packages/airflow/example_dags/tutorial_dag.py
[2024-10-27T04:49:15.674+0000] {processor.py:914} INFO - Processing file /home/airflow/.local/lib/python3.12/site-packages/airflow/example_dags/tutorial_dag.py for tasks to queue
[2024-10-27T04:49:15.677+0000] {logging_mixin.py:190} INFO - [2024-10-27T04:49:15.677+0000] {dagbag.py:588} INFO - Filling up the DagBag from /home/airflow/.local/lib/python3.12/site-packages/airflow/example_dags/tutorial_dag.py
[2024-10-27T04:49:15.685+0000] {processor.py:925} INFO - DAG(s) 'tutorial_dag' retrieved from /home/airflow/.local/lib/python3.12/site-packages/airflow/example_dags/tutorial_dag.py
[2024-10-27T04:49:15.706+0000] {logging_mixin.py:190} INFO - [2024-10-27T04:49:15.706+0000] {dag.py:3239} INFO - Sync 1 DAGs
[2024-10-27T04:49:15.721+0000] {logging_mixin.py:190} INFO - [2024-10-27T04:49:15.721+0000] {dag.py:4180} INFO - Setting next_dagrun for tutorial_dag to None, run_after=None
[2024-10-27T04:49:15.745+0000] {processor.py:208} INFO - Processing /home/airflow/.local/lib/python3.12/site-packages/airflow/example_dags/tutorial_dag.py took 0.078 seconds
[2024-10-27T04:49:45.998+0000] {processor.py:186} INFO - Started process (PID=81674) to work on /home/airflow/.local/lib/python3.12/site-packages/airflow/example_dags/tutorial_dag.py
[2024-10-27T04:49:45.999+0000] {processor.py:914} INFO - Processing file /home/airflow/.local/lib/python3.12/site-packages/airflow/example_dags/tutorial_dag.py for tasks to queue
[2024-10-27T04:49:46.003+0000] {logging_mixin.py:190} INFO - [2024-10-27T04:49:46.003+0000] {dagbag.py:588} INFO - Filling up the DagBag from /home/airflow/.local/lib/python3.12/site-packages/airflow/example_dags/tutorial_dag.py
[2024-10-27T04:49:46.013+0000] {processor.py:925} INFO - DAG(s) 'tutorial_dag' retrieved from /home/airflow/.local/lib/python3.12/site-packages/airflow/example_dags/tutorial_dag.py
[2024-10-27T04:49:46.038+0000] {logging_mixin.py:190} INFO - [2024-10-27T04:49:46.037+0000] {dag.py:3239} INFO - Sync 1 DAGs
[2024-10-27T04:49:46.053+0000] {logging_mixin.py:190} INFO - [2024-10-27T04:49:46.053+0000] {dag.py:4180} INFO - Setting next_dagrun for tutorial_dag to None, run_after=None
[2024-10-27T04:49:46.077+0000] {processor.py:208} INFO - Processing /home/airflow/.local/lib/python3.12/site-packages/airflow/example_dags/tutorial_dag.py took 0.085 seconds
[2024-10-27T04:50:16.340+0000] {processor.py:186} INFO - Started process (PID=81738) to work on /home/airflow/.local/lib/python3.12/site-packages/airflow/example_dags/tutorial_dag.py
[2024-10-27T04:50:16.341+0000] {processor.py:914} INFO - Processing file /home/airflow/.local/lib/python3.12/site-packages/airflow/example_dags/tutorial_dag.py for tasks to queue
[2024-10-27T04:50:16.343+0000] {logging_mixin.py:190} INFO - [2024-10-27T04:50:16.343+0000] {dagbag.py:588} INFO - Filling up the DagBag from /home/airflow/.local/lib/python3.12/site-packages/airflow/example_dags/tutorial_dag.py
[2024-10-27T04:50:16.351+0000] {processor.py:925} INFO - DAG(s) 'tutorial_dag' retrieved from /home/airflow/.local/lib/python3.12/site-packages/airflow/example_dags/tutorial_dag.py
[2024-10-27T04:50:16.370+0000] {logging_mixin.py:190} INFO - [2024-10-27T04:50:16.370+0000] {dag.py:3239} INFO - Sync 1 DAGs
[2024-10-27T04:50:16.384+0000] {logging_mixin.py:190} INFO - [2024-10-27T04:50:16.384+0000] {dag.py:4180} INFO - Setting next_dagrun for tutorial_dag to None, run_after=None
[2024-10-27T04:50:16.405+0000] {processor.py:208} INFO - Processing /home/airflow/.local/lib/python3.12/site-packages/airflow/example_dags/tutorial_dag.py took 0.071 seconds
[2024-10-27T04:50:46.639+0000] {processor.py:186} INFO - Started process (PID=81802) to work on /home/airflow/.local/lib/python3.12/site-packages/airflow/example_dags/tutorial_dag.py
[2024-10-27T04:50:46.640+0000] {processor.py:914} INFO - Processing file /home/airflow/.local/lib/python3.12/site-packages/airflow/example_dags/tutorial_dag.py for tasks to queue
[2024-10-27T04:50:46.643+0000] {logging_mixin.py:190} INFO - [2024-10-27T04:50:46.643+0000] {dagbag.py:588} INFO - Filling up the DagBag from /home/airflow/.local/lib/python3.12/site-packages/airflow/example_dags/tutorial_dag.py
[2024-10-27T04:50:46.650+0000] {processor.py:925} INFO - DAG(s) 'tutorial_dag' retrieved from /home/airflow/.local/lib/python3.12/site-packages/airflow/example_dags/tutorial_dag.py
[2024-10-27T04:50:46.669+0000] {logging_mixin.py:190} INFO - [2024-10-27T04:50:46.669+0000] {dag.py:3239} INFO - Sync 1 DAGs
[2024-10-27T04:50:46.683+0000] {logging_mixin.py:190} INFO - [2024-10-27T04:50:46.682+0000] {dag.py:4180} INFO - Setting next_dagrun for tutorial_dag to None, run_after=None
[2024-10-27T04:50:46.703+0000] {processor.py:208} INFO - Processing /home/airflow/.local/lib/python3.12/site-packages/airflow/example_dags/tutorial_dag.py took 0.069 seconds
[2024-10-27T04:51:16.982+0000] {processor.py:186} INFO - Started process (PID=81866) to work on /home/airflow/.local/lib/python3.12/site-packages/airflow/example_dags/tutorial_dag.py
[2024-10-27T04:51:16.983+0000] {processor.py:914} INFO - Processing file /home/airflow/.local/lib/python3.12/site-packages/airflow/example_dags/tutorial_dag.py for tasks to queue
[2024-10-27T04:51:16.986+0000] {logging_mixin.py:190} INFO - [2024-10-27T04:51:16.985+0000] {dagbag.py:588} INFO - Filling up the DagBag from /home/airflow/.local/lib/python3.12/site-packages/airflow/example_dags/tutorial_dag.py
[2024-10-27T04:51:16.994+0000] {processor.py:925} INFO - DAG(s) 'tutorial_dag' retrieved from /home/airflow/.local/lib/python3.12/site-packages/airflow/example_dags/tutorial_dag.py
[2024-10-27T04:51:17.013+0000] {logging_mixin.py:190} INFO - [2024-10-27T04:51:17.013+0000] {dag.py:3239} INFO - Sync 1 DAGs
[2024-10-27T04:51:17.026+0000] {logging_mixin.py:190} INFO - [2024-10-27T04:51:17.026+0000] {dag.py:4180} INFO - Setting next_dagrun for tutorial_dag to None, run_after=None
[2024-10-27T04:51:17.049+0000] {processor.py:208} INFO - Processing /home/airflow/.local/lib/python3.12/site-packages/airflow/example_dags/tutorial_dag.py took 0.073 seconds
[2024-10-27T04:51:47.620+0000] {processor.py:186} INFO - Started process (PID=81930) to work on /home/airflow/.local/lib/python3.12/site-packages/airflow/example_dags/tutorial_dag.py
[2024-10-27T04:51:47.621+0000] {processor.py:914} INFO - Processing file /home/airflow/.local/lib/python3.12/site-packages/airflow/example_dags/tutorial_dag.py for tasks to queue
[2024-10-27T04:51:47.623+0000] {logging_mixin.py:190} INFO - [2024-10-27T04:51:47.622+0000] {dagbag.py:588} INFO - Filling up the DagBag from /home/airflow/.local/lib/python3.12/site-packages/airflow/example_dags/tutorial_dag.py
[2024-10-27T04:51:47.630+0000] {processor.py:925} INFO - DAG(s) 'tutorial_dag' retrieved from /home/airflow/.local/lib/python3.12/site-packages/airflow/example_dags/tutorial_dag.py
[2024-10-27T04:51:47.648+0000] {logging_mixin.py:190} INFO - [2024-10-27T04:51:47.648+0000] {dag.py:3239} INFO - Sync 1 DAGs
[2024-10-27T04:51:47.662+0000] {logging_mixin.py:190} INFO - [2024-10-27T04:51:47.661+0000] {dag.py:4180} INFO - Setting next_dagrun for tutorial_dag to None, run_after=None
[2024-10-27T04:51:47.685+0000] {processor.py:208} INFO - Processing /home/airflow/.local/lib/python3.12/site-packages/airflow/example_dags/tutorial_dag.py took 0.071 seconds
[2024-10-27T04:52:17.997+0000] {processor.py:186} INFO - Started process (PID=81994) to work on /home/airflow/.local/lib/python3.12/site-packages/airflow/example_dags/tutorial_dag.py
[2024-10-27T04:52:17.998+0000] {processor.py:914} INFO - Processing file /home/airflow/.local/lib/python3.12/site-packages/airflow/example_dags/tutorial_dag.py for tasks to queue
[2024-10-27T04:52:18.001+0000] {logging_mixin.py:190} INFO - [2024-10-27T04:52:18.000+0000] {dagbag.py:588} INFO - Filling up the DagBag from /home/airflow/.local/lib/python3.12/site-packages/airflow/example_dags/tutorial_dag.py
[2024-10-27T04:52:18.008+0000] {processor.py:925} INFO - DAG(s) 'tutorial_dag' retrieved from /home/airflow/.local/lib/python3.12/site-packages/airflow/example_dags/tutorial_dag.py
[2024-10-27T04:52:18.026+0000] {logging_mixin.py:190} INFO - [2024-10-27T04:52:18.026+0000] {dag.py:3239} INFO - Sync 1 DAGs
[2024-10-27T04:52:18.039+0000] {logging_mixin.py:190} INFO - [2024-10-27T04:52:18.039+0000] {dag.py:4180} INFO - Setting next_dagrun for tutorial_dag to None, run_after=None
[2024-10-27T04:52:18.063+0000] {processor.py:208} INFO - Processing /home/airflow/.local/lib/python3.12/site-packages/airflow/example_dags/tutorial_dag.py took 0.072 seconds
[2024-10-27T04:52:49.038+0000] {processor.py:186} INFO - Started process (PID=82058) to work on /home/airflow/.local/lib/python3.12/site-packages/airflow/example_dags/tutorial_dag.py
[2024-10-27T04:52:49.039+0000] {processor.py:914} INFO - Processing file /home/airflow/.local/lib/python3.12/site-packages/airflow/example_dags/tutorial_dag.py for tasks to queue
[2024-10-27T04:52:49.041+0000] {logging_mixin.py:190} INFO - [2024-10-27T04:52:49.041+0000] {dagbag.py:588} INFO - Filling up the DagBag from /home/airflow/.local/lib/python3.12/site-packages/airflow/example_dags/tutorial_dag.py
[2024-10-27T04:52:49.050+0000] {processor.py:925} INFO - DAG(s) 'tutorial_dag' retrieved from /home/airflow/.local/lib/python3.12/site-packages/airflow/example_dags/tutorial_dag.py
[2024-10-27T04:52:49.069+0000] {logging_mixin.py:190} INFO - [2024-10-27T04:52:49.069+0000] {dag.py:3239} INFO - Sync 1 DAGs
[2024-10-27T04:52:49.082+0000] {logging_mixin.py:190} INFO - [2024-10-27T04:52:49.082+0000] {dag.py:4180} INFO - Setting next_dagrun for tutorial_dag to None, run_after=None
[2024-10-27T04:52:49.103+0000] {processor.py:208} INFO - Processing /home/airflow/.local/lib/python3.12/site-packages/airflow/example_dags/tutorial_dag.py took 0.072 seconds
[2024-10-27T04:53:19.351+0000] {processor.py:186} INFO - Started process (PID=82122) to work on /home/airflow/.local/lib/python3.12/site-packages/airflow/example_dags/tutorial_dag.py
[2024-10-27T04:53:19.352+0000] {processor.py:914} INFO - Processing file /home/airflow/.local/lib/python3.12/site-packages/airflow/example_dags/tutorial_dag.py for tasks to queue
[2024-10-27T04:53:19.354+0000] {logging_mixin.py:190} INFO - [2024-10-27T04:53:19.354+0000] {dagbag.py:588} INFO - Filling up the DagBag from /home/airflow/.local/lib/python3.12/site-packages/airflow/example_dags/tutorial_dag.py
[2024-10-27T04:53:19.361+0000] {processor.py:925} INFO - DAG(s) 'tutorial_dag' retrieved from /home/airflow/.local/lib/python3.12/site-packages/airflow/example_dags/tutorial_dag.py
[2024-10-27T04:53:19.380+0000] {logging_mixin.py:190} INFO - [2024-10-27T04:53:19.380+0000] {dag.py:3239} INFO - Sync 1 DAGs
[2024-10-27T04:53:19.393+0000] {logging_mixin.py:190} INFO - [2024-10-27T04:53:19.393+0000] {dag.py:4180} INFO - Setting next_dagrun for tutorial_dag to None, run_after=None
[2024-10-27T04:53:19.418+0000] {processor.py:208} INFO - Processing /home/airflow/.local/lib/python3.12/site-packages/airflow/example_dags/tutorial_dag.py took 0.072 seconds
[2024-10-27T04:53:50.175+0000] {processor.py:186} INFO - Started process (PID=82186) to work on /home/airflow/.local/lib/python3.12/site-packages/airflow/example_dags/tutorial_dag.py
[2024-10-27T04:53:50.176+0000] {processor.py:914} INFO - Processing file /home/airflow/.local/lib/python3.12/site-packages/airflow/example_dags/tutorial_dag.py for tasks to queue
[2024-10-27T04:53:50.179+0000] {logging_mixin.py:190} INFO - [2024-10-27T04:53:50.179+0000] {dagbag.py:588} INFO - Filling up the DagBag from /home/airflow/.local/lib/python3.12/site-packages/airflow/example_dags/tutorial_dag.py
[2024-10-27T04:53:50.187+0000] {processor.py:925} INFO - DAG(s) 'tutorial_dag' retrieved from /home/airflow/.local/lib/python3.12/site-packages/airflow/example_dags/tutorial_dag.py
[2024-10-27T04:53:50.205+0000] {logging_mixin.py:190} INFO - [2024-10-27T04:53:50.205+0000] {dag.py:3239} INFO - Sync 1 DAGs
[2024-10-27T04:53:50.220+0000] {logging_mixin.py:190} INFO - [2024-10-27T04:53:50.220+0000] {dag.py:4180} INFO - Setting next_dagrun for tutorial_dag to None, run_after=None
[2024-10-27T04:53:50.243+0000] {processor.py:208} INFO - Processing /home/airflow/.local/lib/python3.12/site-packages/airflow/example_dags/tutorial_dag.py took 0.074 seconds
[2024-10-27T04:54:21.393+0000] {processor.py:186} INFO - Started process (PID=82250) to work on /home/airflow/.local/lib/python3.12/site-packages/airflow/example_dags/tutorial_dag.py
[2024-10-27T04:54:21.394+0000] {processor.py:914} INFO - Processing file /home/airflow/.local/lib/python3.12/site-packages/airflow/example_dags/tutorial_dag.py for tasks to queue
[2024-10-27T04:54:21.397+0000] {logging_mixin.py:190} INFO - [2024-10-27T04:54:21.396+0000] {dagbag.py:588} INFO - Filling up the DagBag from /home/airflow/.local/lib/python3.12/site-packages/airflow/example_dags/tutorial_dag.py
[2024-10-27T04:54:21.404+0000] {processor.py:925} INFO - DAG(s) 'tutorial_dag' retrieved from /home/airflow/.local/lib/python3.12/site-packages/airflow/example_dags/tutorial_dag.py
[2024-10-27T04:54:21.428+0000] {logging_mixin.py:190} INFO - [2024-10-27T04:54:21.427+0000] {dag.py:3239} INFO - Sync 1 DAGs
[2024-10-27T04:54:21.444+0000] {logging_mixin.py:190} INFO - [2024-10-27T04:54:21.444+0000] {dag.py:4180} INFO - Setting next_dagrun for tutorial_dag to None, run_after=None
[2024-10-27T04:54:21.469+0000] {processor.py:208} INFO - Processing /home/airflow/.local/lib/python3.12/site-packages/airflow/example_dags/tutorial_dag.py took 0.081 seconds
[2024-10-27T04:54:52.352+0000] {processor.py:186} INFO - Started process (PID=82314) to work on /home/airflow/.local/lib/python3.12/site-packages/airflow/example_dags/tutorial_dag.py
[2024-10-27T04:54:52.353+0000] {processor.py:914} INFO - Processing file /home/airflow/.local/lib/python3.12/site-packages/airflow/example_dags/tutorial_dag.py for tasks to queue
[2024-10-27T04:54:52.356+0000] {logging_mixin.py:190} INFO - [2024-10-27T04:54:52.356+0000] {dagbag.py:588} INFO - Filling up the DagBag from /home/airflow/.local/lib/python3.12/site-packages/airflow/example_dags/tutorial_dag.py
[2024-10-27T04:54:52.363+0000] {processor.py:925} INFO - DAG(s) 'tutorial_dag' retrieved from /home/airflow/.local/lib/python3.12/site-packages/airflow/example_dags/tutorial_dag.py
[2024-10-27T04:54:52.382+0000] {logging_mixin.py:190} INFO - [2024-10-27T04:54:52.382+0000] {dag.py:3239} INFO - Sync 1 DAGs
[2024-10-27T04:54:52.396+0000] {logging_mixin.py:190} INFO - [2024-10-27T04:54:52.395+0000] {dag.py:4180} INFO - Setting next_dagrun for tutorial_dag to None, run_after=None
[2024-10-27T04:54:52.419+0000] {processor.py:208} INFO - Processing /home/airflow/.local/lib/python3.12/site-packages/airflow/example_dags/tutorial_dag.py took 0.072 seconds
[2024-10-27T04:55:22.855+0000] {processor.py:186} INFO - Started process (PID=82378) to work on /home/airflow/.local/lib/python3.12/site-packages/airflow/example_dags/tutorial_dag.py
[2024-10-27T04:55:22.856+0000] {processor.py:914} INFO - Processing file /home/airflow/.local/lib/python3.12/site-packages/airflow/example_dags/tutorial_dag.py for tasks to queue
[2024-10-27T04:55:22.859+0000] {logging_mixin.py:190} INFO - [2024-10-27T04:55:22.859+0000] {dagbag.py:588} INFO - Filling up the DagBag from /home/airflow/.local/lib/python3.12/site-packages/airflow/example_dags/tutorial_dag.py
[2024-10-27T04:55:22.868+0000] {processor.py:925} INFO - DAG(s) 'tutorial_dag' retrieved from /home/airflow/.local/lib/python3.12/site-packages/airflow/example_dags/tutorial_dag.py
[2024-10-27T04:55:22.893+0000] {logging_mixin.py:190} INFO - [2024-10-27T04:55:22.893+0000] {dag.py:3239} INFO - Sync 1 DAGs
[2024-10-27T04:55:22.908+0000] {logging_mixin.py:190} INFO - [2024-10-27T04:55:22.908+0000] {dag.py:4180} INFO - Setting next_dagrun for tutorial_dag to None, run_after=None
[2024-10-27T04:55:22.930+0000] {processor.py:208} INFO - Processing /home/airflow/.local/lib/python3.12/site-packages/airflow/example_dags/tutorial_dag.py took 0.083 seconds
[2024-10-27T04:55:53.545+0000] {processor.py:186} INFO - Started process (PID=82442) to work on /home/airflow/.local/lib/python3.12/site-packages/airflow/example_dags/tutorial_dag.py
[2024-10-27T04:55:53.546+0000] {processor.py:914} INFO - Processing file /home/airflow/.local/lib/python3.12/site-packages/airflow/example_dags/tutorial_dag.py for tasks to queue
[2024-10-27T04:55:53.549+0000] {logging_mixin.py:190} INFO - [2024-10-27T04:55:53.549+0000] {dagbag.py:588} INFO - Filling up the DagBag from /home/airflow/.local/lib/python3.12/site-packages/airflow/example_dags/tutorial_dag.py
[2024-10-27T04:55:53.557+0000] {processor.py:925} INFO - DAG(s) 'tutorial_dag' retrieved from /home/airflow/.local/lib/python3.12/site-packages/airflow/example_dags/tutorial_dag.py
[2024-10-27T04:55:53.579+0000] {logging_mixin.py:190} INFO - [2024-10-27T04:55:53.579+0000] {dag.py:3239} INFO - Sync 1 DAGs
[2024-10-27T04:55:53.592+0000] {logging_mixin.py:190} INFO - [2024-10-27T04:55:53.592+0000] {dag.py:4180} INFO - Setting next_dagrun for tutorial_dag to None, run_after=None
[2024-10-27T04:55:53.613+0000] {processor.py:208} INFO - Processing /home/airflow/.local/lib/python3.12/site-packages/airflow/example_dags/tutorial_dag.py took 0.075 seconds
[2024-10-27T04:56:24.936+0000] {processor.py:186} INFO - Started process (PID=82506) to work on /home/airflow/.local/lib/python3.12/site-packages/airflow/example_dags/tutorial_dag.py
[2024-10-27T04:56:24.937+0000] {processor.py:914} INFO - Processing file /home/airflow/.local/lib/python3.12/site-packages/airflow/example_dags/tutorial_dag.py for tasks to queue
[2024-10-27T04:56:24.940+0000] {logging_mixin.py:190} INFO - [2024-10-27T04:56:24.940+0000] {dagbag.py:588} INFO - Filling up the DagBag from /home/airflow/.local/lib/python3.12/site-packages/airflow/example_dags/tutorial_dag.py
[2024-10-27T04:56:24.949+0000] {processor.py:925} INFO - DAG(s) 'tutorial_dag' retrieved from /home/airflow/.local/lib/python3.12/site-packages/airflow/example_dags/tutorial_dag.py
[2024-10-27T04:56:24.974+0000] {logging_mixin.py:190} INFO - [2024-10-27T04:56:24.974+0000] {dag.py:3239} INFO - Sync 1 DAGs
[2024-10-27T04:56:24.990+0000] {logging_mixin.py:190} INFO - [2024-10-27T04:56:24.990+0000] {dag.py:4180} INFO - Setting next_dagrun for tutorial_dag to None, run_after=None
[2024-10-27T04:56:25.014+0000] {processor.py:208} INFO - Processing /home/airflow/.local/lib/python3.12/site-packages/airflow/example_dags/tutorial_dag.py took 0.084 seconds
[2024-10-27T04:56:56.035+0000] {processor.py:186} INFO - Started process (PID=82570) to work on /home/airflow/.local/lib/python3.12/site-packages/airflow/example_dags/tutorial_dag.py
[2024-10-27T04:56:56.036+0000] {processor.py:914} INFO - Processing file /home/airflow/.local/lib/python3.12/site-packages/airflow/example_dags/tutorial_dag.py for tasks to queue
[2024-10-27T04:56:56.039+0000] {logging_mixin.py:190} INFO - [2024-10-27T04:56:56.038+0000] {dagbag.py:588} INFO - Filling up the DagBag from /home/airflow/.local/lib/python3.12/site-packages/airflow/example_dags/tutorial_dag.py
[2024-10-27T04:56:56.047+0000] {processor.py:925} INFO - DAG(s) 'tutorial_dag' retrieved from /home/airflow/.local/lib/python3.12/site-packages/airflow/example_dags/tutorial_dag.py
[2024-10-27T04:56:56.069+0000] {logging_mixin.py:190} INFO - [2024-10-27T04:56:56.069+0000] {dag.py:3239} INFO - Sync 1 DAGs
[2024-10-27T04:56:56.084+0000] {logging_mixin.py:190} INFO - [2024-10-27T04:56:56.084+0000] {dag.py:4180} INFO - Setting next_dagrun for tutorial_dag to None, run_after=None
[2024-10-27T04:56:56.105+0000] {processor.py:208} INFO - Processing /home/airflow/.local/lib/python3.12/site-packages/airflow/example_dags/tutorial_dag.py took 0.077 seconds
[2024-10-27T04:57:27.152+0000] {processor.py:186} INFO - Started process (PID=82634) to work on /home/airflow/.local/lib/python3.12/site-packages/airflow/example_dags/tutorial_dag.py
[2024-10-27T04:57:27.153+0000] {processor.py:914} INFO - Processing file /home/airflow/.local/lib/python3.12/site-packages/airflow/example_dags/tutorial_dag.py for tasks to queue
[2024-10-27T04:57:27.155+0000] {logging_mixin.py:190} INFO - [2024-10-27T04:57:27.155+0000] {dagbag.py:588} INFO - Filling up the DagBag from /home/airflow/.local/lib/python3.12/site-packages/airflow/example_dags/tutorial_dag.py
[2024-10-27T04:57:27.162+0000] {processor.py:925} INFO - DAG(s) 'tutorial_dag' retrieved from /home/airflow/.local/lib/python3.12/site-packages/airflow/example_dags/tutorial_dag.py
[2024-10-27T04:57:27.181+0000] {logging_mixin.py:190} INFO - [2024-10-27T04:57:27.180+0000] {dag.py:3239} INFO - Sync 1 DAGs
[2024-10-27T04:57:27.195+0000] {logging_mixin.py:190} INFO - [2024-10-27T04:57:27.194+0000] {dag.py:4180} INFO - Setting next_dagrun for tutorial_dag to None, run_after=None
[2024-10-27T04:57:27.218+0000] {processor.py:208} INFO - Processing /home/airflow/.local/lib/python3.12/site-packages/airflow/example_dags/tutorial_dag.py took 0.071 seconds
[2024-10-27T04:57:57.933+0000] {processor.py:186} INFO - Started process (PID=82698) to work on /home/airflow/.local/lib/python3.12/site-packages/airflow/example_dags/tutorial_dag.py
[2024-10-27T04:57:57.934+0000] {processor.py:914} INFO - Processing file /home/airflow/.local/lib/python3.12/site-packages/airflow/example_dags/tutorial_dag.py for tasks to queue
[2024-10-27T04:57:57.937+0000] {logging_mixin.py:190} INFO - [2024-10-27T04:57:57.937+0000] {dagbag.py:588} INFO - Filling up the DagBag from /home/airflow/.local/lib/python3.12/site-packages/airflow/example_dags/tutorial_dag.py
[2024-10-27T04:57:57.946+0000] {processor.py:925} INFO - DAG(s) 'tutorial_dag' retrieved from /home/airflow/.local/lib/python3.12/site-packages/airflow/example_dags/tutorial_dag.py
[2024-10-27T04:57:57.967+0000] {logging_mixin.py:190} INFO - [2024-10-27T04:57:57.966+0000] {dag.py:3239} INFO - Sync 1 DAGs
[2024-10-27T04:57:57.980+0000] {logging_mixin.py:190} INFO - [2024-10-27T04:57:57.980+0000] {dag.py:4180} INFO - Setting next_dagrun for tutorial_dag to None, run_after=None
[2024-10-27T04:57:58.005+0000] {processor.py:208} INFO - Processing /home/airflow/.local/lib/python3.12/site-packages/airflow/example_dags/tutorial_dag.py took 0.078 seconds
[2024-10-27T04:58:29.151+0000] {processor.py:186} INFO - Started process (PID=82762) to work on /home/airflow/.local/lib/python3.12/site-packages/airflow/example_dags/tutorial_dag.py
[2024-10-27T04:58:29.152+0000] {processor.py:914} INFO - Processing file /home/airflow/.local/lib/python3.12/site-packages/airflow/example_dags/tutorial_dag.py for tasks to queue
[2024-10-27T04:58:29.155+0000] {logging_mixin.py:190} INFO - [2024-10-27T04:58:29.154+0000] {dagbag.py:588} INFO - Filling up the DagBag from /home/airflow/.local/lib/python3.12/site-packages/airflow/example_dags/tutorial_dag.py
[2024-10-27T04:58:29.162+0000] {processor.py:925} INFO - DAG(s) 'tutorial_dag' retrieved from /home/airflow/.local/lib/python3.12/site-packages/airflow/example_dags/tutorial_dag.py
[2024-10-27T04:58:29.184+0000] {logging_mixin.py:190} INFO - [2024-10-27T04:58:29.184+0000] {dag.py:3239} INFO - Sync 1 DAGs
[2024-10-27T04:58:29.198+0000] {logging_mixin.py:190} INFO - [2024-10-27T04:58:29.197+0000] {dag.py:4180} INFO - Setting next_dagrun for tutorial_dag to None, run_after=None
[2024-10-27T04:58:29.218+0000] {processor.py:208} INFO - Processing /home/airflow/.local/lib/python3.12/site-packages/airflow/example_dags/tutorial_dag.py took 0.074 seconds
[2024-10-27T04:58:59.790+0000] {processor.py:186} INFO - Started process (PID=82826) to work on /home/airflow/.local/lib/python3.12/site-packages/airflow/example_dags/tutorial_dag.py
[2024-10-27T04:58:59.791+0000] {processor.py:914} INFO - Processing file /home/airflow/.local/lib/python3.12/site-packages/airflow/example_dags/tutorial_dag.py for tasks to queue
[2024-10-27T04:58:59.795+0000] {logging_mixin.py:190} INFO - [2024-10-27T04:58:59.794+0000] {dagbag.py:588} INFO - Filling up the DagBag from /home/airflow/.local/lib/python3.12/site-packages/airflow/example_dags/tutorial_dag.py
[2024-10-27T04:58:59.804+0000] {processor.py:925} INFO - DAG(s) 'tutorial_dag' retrieved from /home/airflow/.local/lib/python3.12/site-packages/airflow/example_dags/tutorial_dag.py
[2024-10-27T04:58:59.824+0000] {logging_mixin.py:190} INFO - [2024-10-27T04:58:59.824+0000] {dag.py:3239} INFO - Sync 1 DAGs
[2024-10-27T04:58:59.838+0000] {logging_mixin.py:190} INFO - [2024-10-27T04:58:59.837+0000] {dag.py:4180} INFO - Setting next_dagrun for tutorial_dag to None, run_after=None
[2024-10-27T04:58:59.861+0000] {processor.py:208} INFO - Processing /home/airflow/.local/lib/python3.12/site-packages/airflow/example_dags/tutorial_dag.py took 0.077 seconds
[2024-10-27T04:59:30.994+0000] {processor.py:186} INFO - Started process (PID=82890) to work on /home/airflow/.local/lib/python3.12/site-packages/airflow/example_dags/tutorial_dag.py
[2024-10-27T04:59:30.995+0000] {processor.py:914} INFO - Processing file /home/airflow/.local/lib/python3.12/site-packages/airflow/example_dags/tutorial_dag.py for tasks to queue
[2024-10-27T04:59:30.997+0000] {logging_mixin.py:190} INFO - [2024-10-27T04:59:30.997+0000] {dagbag.py:588} INFO - Filling up the DagBag from /home/airflow/.local/lib/python3.12/site-packages/airflow/example_dags/tutorial_dag.py
[2024-10-27T04:59:31.007+0000] {processor.py:925} INFO - DAG(s) 'tutorial_dag' retrieved from /home/airflow/.local/lib/python3.12/site-packages/airflow/example_dags/tutorial_dag.py
[2024-10-27T04:59:31.026+0000] {logging_mixin.py:190} INFO - [2024-10-27T04:59:31.025+0000] {dag.py:3239} INFO - Sync 1 DAGs
[2024-10-27T04:59:31.040+0000] {logging_mixin.py:190} INFO - [2024-10-27T04:59:31.040+0000] {dag.py:4180} INFO - Setting next_dagrun for tutorial_dag to None, run_after=None
[2024-10-27T04:59:31.061+0000] {processor.py:208} INFO - Processing /home/airflow/.local/lib/python3.12/site-packages/airflow/example_dags/tutorial_dag.py took 0.075 seconds
[2024-10-27T05:00:01.505+0000] {processor.py:186} INFO - Started process (PID=82954) to work on /home/airflow/.local/lib/python3.12/site-packages/airflow/example_dags/tutorial_dag.py
[2024-10-27T05:00:01.507+0000] {processor.py:914} INFO - Processing file /home/airflow/.local/lib/python3.12/site-packages/airflow/example_dags/tutorial_dag.py for tasks to queue
[2024-10-27T05:00:01.510+0000] {logging_mixin.py:190} INFO - [2024-10-27T05:00:01.509+0000] {dagbag.py:588} INFO - Filling up the DagBag from /home/airflow/.local/lib/python3.12/site-packages/airflow/example_dags/tutorial_dag.py
[2024-10-27T05:00:01.522+0000] {processor.py:925} INFO - DAG(s) 'tutorial_dag' retrieved from /home/airflow/.local/lib/python3.12/site-packages/airflow/example_dags/tutorial_dag.py
[2024-10-27T05:00:01.554+0000] {logging_mixin.py:190} INFO - [2024-10-27T05:00:01.553+0000] {dag.py:3239} INFO - Sync 1 DAGs
[2024-10-27T05:00:01.574+0000] {logging_mixin.py:190} INFO - [2024-10-27T05:00:01.573+0000] {dag.py:4180} INFO - Setting next_dagrun for tutorial_dag to None, run_after=None
[2024-10-27T05:00:01.597+0000] {processor.py:208} INFO - Processing /home/airflow/.local/lib/python3.12/site-packages/airflow/example_dags/tutorial_dag.py took 0.100 seconds
[2024-10-27T05:00:32.021+0000] {processor.py:186} INFO - Started process (PID=83018) to work on /home/airflow/.local/lib/python3.12/site-packages/airflow/example_dags/tutorial_dag.py
[2024-10-27T05:00:32.022+0000] {processor.py:914} INFO - Processing file /home/airflow/.local/lib/python3.12/site-packages/airflow/example_dags/tutorial_dag.py for tasks to queue
[2024-10-27T05:00:32.025+0000] {logging_mixin.py:190} INFO - [2024-10-27T05:00:32.025+0000] {dagbag.py:588} INFO - Filling up the DagBag from /home/airflow/.local/lib/python3.12/site-packages/airflow/example_dags/tutorial_dag.py
[2024-10-27T05:00:32.035+0000] {processor.py:925} INFO - DAG(s) 'tutorial_dag' retrieved from /home/airflow/.local/lib/python3.12/site-packages/airflow/example_dags/tutorial_dag.py
[2024-10-27T05:00:32.060+0000] {logging_mixin.py:190} INFO - [2024-10-27T05:00:32.059+0000] {dag.py:3239} INFO - Sync 1 DAGs
[2024-10-27T05:00:32.078+0000] {logging_mixin.py:190} INFO - [2024-10-27T05:00:32.077+0000] {dag.py:4180} INFO - Setting next_dagrun for tutorial_dag to None, run_after=None
[2024-10-27T05:00:32.102+0000] {processor.py:208} INFO - Processing /home/airflow/.local/lib/python3.12/site-packages/airflow/example_dags/tutorial_dag.py took 0.086 seconds
[2024-10-27T05:01:03.260+0000] {processor.py:186} INFO - Started process (PID=83082) to work on /home/airflow/.local/lib/python3.12/site-packages/airflow/example_dags/tutorial_dag.py
[2024-10-27T05:01:03.261+0000] {processor.py:914} INFO - Processing file /home/airflow/.local/lib/python3.12/site-packages/airflow/example_dags/tutorial_dag.py for tasks to queue
[2024-10-27T05:01:03.264+0000] {logging_mixin.py:190} INFO - [2024-10-27T05:01:03.263+0000] {dagbag.py:588} INFO - Filling up the DagBag from /home/airflow/.local/lib/python3.12/site-packages/airflow/example_dags/tutorial_dag.py
[2024-10-27T05:01:03.273+0000] {processor.py:925} INFO - DAG(s) 'tutorial_dag' retrieved from /home/airflow/.local/lib/python3.12/site-packages/airflow/example_dags/tutorial_dag.py
[2024-10-27T05:01:03.296+0000] {logging_mixin.py:190} INFO - [2024-10-27T05:01:03.296+0000] {dag.py:3239} INFO - Sync 1 DAGs
[2024-10-27T05:01:03.311+0000] {logging_mixin.py:190} INFO - [2024-10-27T05:01:03.311+0000] {dag.py:4180} INFO - Setting next_dagrun for tutorial_dag to None, run_after=None
[2024-10-27T05:01:03.336+0000] {processor.py:208} INFO - Processing /home/airflow/.local/lib/python3.12/site-packages/airflow/example_dags/tutorial_dag.py took 0.082 seconds
[2024-10-27T05:01:33.821+0000] {processor.py:186} INFO - Started process (PID=83146) to work on /home/airflow/.local/lib/python3.12/site-packages/airflow/example_dags/tutorial_dag.py
[2024-10-27T05:01:33.822+0000] {processor.py:914} INFO - Processing file /home/airflow/.local/lib/python3.12/site-packages/airflow/example_dags/tutorial_dag.py for tasks to queue
[2024-10-27T05:01:33.824+0000] {logging_mixin.py:190} INFO - [2024-10-27T05:01:33.824+0000] {dagbag.py:588} INFO - Filling up the DagBag from /home/airflow/.local/lib/python3.12/site-packages/airflow/example_dags/tutorial_dag.py
[2024-10-27T05:01:33.833+0000] {processor.py:925} INFO - DAG(s) 'tutorial_dag' retrieved from /home/airflow/.local/lib/python3.12/site-packages/airflow/example_dags/tutorial_dag.py
[2024-10-27T05:01:33.854+0000] {logging_mixin.py:190} INFO - [2024-10-27T05:01:33.853+0000] {dag.py:3239} INFO - Sync 1 DAGs
[2024-10-27T05:01:33.867+0000] {logging_mixin.py:190} INFO - [2024-10-27T05:01:33.867+0000] {dag.py:4180} INFO - Setting next_dagrun for tutorial_dag to None, run_after=None
[2024-10-27T05:01:33.889+0000] {processor.py:208} INFO - Processing /home/airflow/.local/lib/python3.12/site-packages/airflow/example_dags/tutorial_dag.py took 0.074 seconds
[2024-10-27T05:02:05.115+0000] {processor.py:186} INFO - Started process (PID=83210) to work on /home/airflow/.local/lib/python3.12/site-packages/airflow/example_dags/tutorial_dag.py
[2024-10-27T05:02:05.116+0000] {processor.py:914} INFO - Processing file /home/airflow/.local/lib/python3.12/site-packages/airflow/example_dags/tutorial_dag.py for tasks to queue
[2024-10-27T05:02:05.119+0000] {logging_mixin.py:190} INFO - [2024-10-27T05:02:05.119+0000] {dagbag.py:588} INFO - Filling up the DagBag from /home/airflow/.local/lib/python3.12/site-packages/airflow/example_dags/tutorial_dag.py
[2024-10-27T05:02:05.129+0000] {processor.py:925} INFO - DAG(s) 'tutorial_dag' retrieved from /home/airflow/.local/lib/python3.12/site-packages/airflow/example_dags/tutorial_dag.py
[2024-10-27T05:02:05.151+0000] {logging_mixin.py:190} INFO - [2024-10-27T05:02:05.151+0000] {dag.py:3239} INFO - Sync 1 DAGs
[2024-10-27T05:02:05.165+0000] {logging_mixin.py:190} INFO - [2024-10-27T05:02:05.165+0000] {dag.py:4180} INFO - Setting next_dagrun for tutorial_dag to None, run_after=None
[2024-10-27T05:02:05.188+0000] {processor.py:208} INFO - Processing /home/airflow/.local/lib/python3.12/site-packages/airflow/example_dags/tutorial_dag.py took 0.078 seconds
[2024-10-27T05:02:36.298+0000] {processor.py:186} INFO - Started process (PID=83274) to work on /home/airflow/.local/lib/python3.12/site-packages/airflow/example_dags/tutorial_dag.py
[2024-10-27T05:02:36.299+0000] {processor.py:914} INFO - Processing file /home/airflow/.local/lib/python3.12/site-packages/airflow/example_dags/tutorial_dag.py for tasks to queue
[2024-10-27T05:02:36.302+0000] {logging_mixin.py:190} INFO - [2024-10-27T05:02:36.302+0000] {dagbag.py:588} INFO - Filling up the DagBag from /home/airflow/.local/lib/python3.12/site-packages/airflow/example_dags/tutorial_dag.py
[2024-10-27T05:02:36.312+0000] {processor.py:925} INFO - DAG(s) 'tutorial_dag' retrieved from /home/airflow/.local/lib/python3.12/site-packages/airflow/example_dags/tutorial_dag.py
[2024-10-27T05:02:36.334+0000] {logging_mixin.py:190} INFO - [2024-10-27T05:02:36.333+0000] {dag.py:3239} INFO - Sync 1 DAGs
[2024-10-27T05:02:36.349+0000] {logging_mixin.py:190} INFO - [2024-10-27T05:02:36.348+0000] {dag.py:4180} INFO - Setting next_dagrun for tutorial_dag to None, run_after=None
[2024-10-27T05:02:36.371+0000] {processor.py:208} INFO - Processing /home/airflow/.local/lib/python3.12/site-packages/airflow/example_dags/tutorial_dag.py took 0.078 seconds
[2024-10-27T05:03:07.566+0000] {processor.py:186} INFO - Started process (PID=83340) to work on /home/airflow/.local/lib/python3.12/site-packages/airflow/example_dags/tutorial_dag.py
[2024-10-27T05:03:07.568+0000] {processor.py:914} INFO - Processing file /home/airflow/.local/lib/python3.12/site-packages/airflow/example_dags/tutorial_dag.py for tasks to queue
[2024-10-27T05:03:07.571+0000] {logging_mixin.py:190} INFO - [2024-10-27T05:03:07.570+0000] {dagbag.py:588} INFO - Filling up the DagBag from /home/airflow/.local/lib/python3.12/site-packages/airflow/example_dags/tutorial_dag.py
[2024-10-27T05:03:07.579+0000] {processor.py:925} INFO - DAG(s) 'tutorial_dag' retrieved from /home/airflow/.local/lib/python3.12/site-packages/airflow/example_dags/tutorial_dag.py
[2024-10-27T05:03:07.600+0000] {logging_mixin.py:190} INFO - [2024-10-27T05:03:07.599+0000] {dag.py:3239} INFO - Sync 1 DAGs
[2024-10-27T05:03:07.614+0000] {logging_mixin.py:190} INFO - [2024-10-27T05:03:07.614+0000] {dag.py:4180} INFO - Setting next_dagrun for tutorial_dag to None, run_after=None
[2024-10-27T05:03:07.637+0000] {processor.py:208} INFO - Processing /home/airflow/.local/lib/python3.12/site-packages/airflow/example_dags/tutorial_dag.py took 0.076 seconds
[2024-10-27T05:03:38.900+0000] {processor.py:186} INFO - Started process (PID=83406) to work on /home/airflow/.local/lib/python3.12/site-packages/airflow/example_dags/tutorial_dag.py
[2024-10-27T05:03:38.901+0000] {processor.py:914} INFO - Processing file /home/airflow/.local/lib/python3.12/site-packages/airflow/example_dags/tutorial_dag.py for tasks to queue
[2024-10-27T05:03:38.904+0000] {logging_mixin.py:190} INFO - [2024-10-27T05:03:38.903+0000] {dagbag.py:588} INFO - Filling up the DagBag from /home/airflow/.local/lib/python3.12/site-packages/airflow/example_dags/tutorial_dag.py
[2024-10-27T05:03:38.910+0000] {processor.py:925} INFO - DAG(s) 'tutorial_dag' retrieved from /home/airflow/.local/lib/python3.12/site-packages/airflow/example_dags/tutorial_dag.py
[2024-10-27T05:03:38.930+0000] {logging_mixin.py:190} INFO - [2024-10-27T05:03:38.930+0000] {dag.py:3239} INFO - Sync 1 DAGs
[2024-10-27T05:03:38.942+0000] {logging_mixin.py:190} INFO - [2024-10-27T05:03:38.942+0000] {dag.py:4180} INFO - Setting next_dagrun for tutorial_dag to None, run_after=None
[2024-10-27T05:03:38.963+0000] {processor.py:208} INFO - Processing /home/airflow/.local/lib/python3.12/site-packages/airflow/example_dags/tutorial_dag.py took 0.069 seconds
[2024-10-27T05:04:09.937+0000] {processor.py:186} INFO - Started process (PID=83470) to work on /home/airflow/.local/lib/python3.12/site-packages/airflow/example_dags/tutorial_dag.py
[2024-10-27T05:04:09.939+0000] {processor.py:914} INFO - Processing file /home/airflow/.local/lib/python3.12/site-packages/airflow/example_dags/tutorial_dag.py for tasks to queue
[2024-10-27T05:04:09.941+0000] {logging_mixin.py:190} INFO - [2024-10-27T05:04:09.941+0000] {dagbag.py:588} INFO - Filling up the DagBag from /home/airflow/.local/lib/python3.12/site-packages/airflow/example_dags/tutorial_dag.py
[2024-10-27T05:04:09.949+0000] {processor.py:925} INFO - DAG(s) 'tutorial_dag' retrieved from /home/airflow/.local/lib/python3.12/site-packages/airflow/example_dags/tutorial_dag.py
[2024-10-27T05:04:09.970+0000] {logging_mixin.py:190} INFO - [2024-10-27T05:04:09.969+0000] {dag.py:3239} INFO - Sync 1 DAGs
[2024-10-27T05:04:10.136+0000] {logging_mixin.py:190} INFO - [2024-10-27T05:04:10.136+0000] {dag.py:4180} INFO - Setting next_dagrun for tutorial_dag to None, run_after=None
[2024-10-27T05:04:10.156+0000] {processor.py:208} INFO - Processing /home/airflow/.local/lib/python3.12/site-packages/airflow/example_dags/tutorial_dag.py took 0.225 seconds
[2024-10-27T05:04:40.582+0000] {processor.py:186} INFO - Started process (PID=83534) to work on /home/airflow/.local/lib/python3.12/site-packages/airflow/example_dags/tutorial_dag.py
[2024-10-27T05:04:40.584+0000] {processor.py:914} INFO - Processing file /home/airflow/.local/lib/python3.12/site-packages/airflow/example_dags/tutorial_dag.py for tasks to queue
[2024-10-27T05:04:40.586+0000] {logging_mixin.py:190} INFO - [2024-10-27T05:04:40.586+0000] {dagbag.py:588} INFO - Filling up the DagBag from /home/airflow/.local/lib/python3.12/site-packages/airflow/example_dags/tutorial_dag.py
[2024-10-27T05:04:40.593+0000] {processor.py:925} INFO - DAG(s) 'tutorial_dag' retrieved from /home/airflow/.local/lib/python3.12/site-packages/airflow/example_dags/tutorial_dag.py
[2024-10-27T05:04:40.613+0000] {logging_mixin.py:190} INFO - [2024-10-27T05:04:40.613+0000] {dag.py:3239} INFO - Sync 1 DAGs
[2024-10-27T05:04:40.789+0000] {logging_mixin.py:190} INFO - [2024-10-27T05:04:40.788+0000] {dag.py:4180} INFO - Setting next_dagrun for tutorial_dag to None, run_after=None
[2024-10-27T05:04:40.810+0000] {processor.py:208} INFO - Processing /home/airflow/.local/lib/python3.12/site-packages/airflow/example_dags/tutorial_dag.py took 0.232 seconds
[2024-10-27T05:05:11.886+0000] {processor.py:186} INFO - Started process (PID=83603) to work on /home/airflow/.local/lib/python3.12/site-packages/airflow/example_dags/tutorial_dag.py
[2024-10-27T05:05:11.887+0000] {processor.py:914} INFO - Processing file /home/airflow/.local/lib/python3.12/site-packages/airflow/example_dags/tutorial_dag.py for tasks to queue
[2024-10-27T05:05:11.890+0000] {logging_mixin.py:190} INFO - [2024-10-27T05:05:11.889+0000] {dagbag.py:588} INFO - Filling up the DagBag from /home/airflow/.local/lib/python3.12/site-packages/airflow/example_dags/tutorial_dag.py
[2024-10-27T05:05:11.896+0000] {processor.py:925} INFO - DAG(s) 'tutorial_dag' retrieved from /home/airflow/.local/lib/python3.12/site-packages/airflow/example_dags/tutorial_dag.py
[2024-10-27T05:05:11.920+0000] {logging_mixin.py:190} INFO - [2024-10-27T05:05:11.920+0000] {dag.py:3239} INFO - Sync 1 DAGs
[2024-10-27T05:05:11.937+0000] {logging_mixin.py:190} INFO - [2024-10-27T05:05:11.937+0000] {dag.py:4180} INFO - Setting next_dagrun for tutorial_dag to None, run_after=None
[2024-10-27T05:05:11.959+0000] {processor.py:208} INFO - Processing /home/airflow/.local/lib/python3.12/site-packages/airflow/example_dags/tutorial_dag.py took 0.080 seconds
[2024-10-27T05:05:42.152+0000] {processor.py:186} INFO - Started process (PID=83667) to work on /home/airflow/.local/lib/python3.12/site-packages/airflow/example_dags/tutorial_dag.py
[2024-10-27T05:05:42.153+0000] {processor.py:914} INFO - Processing file /home/airflow/.local/lib/python3.12/site-packages/airflow/example_dags/tutorial_dag.py for tasks to queue
[2024-10-27T05:05:42.155+0000] {logging_mixin.py:190} INFO - [2024-10-27T05:05:42.155+0000] {dagbag.py:588} INFO - Filling up the DagBag from /home/airflow/.local/lib/python3.12/site-packages/airflow/example_dags/tutorial_dag.py
[2024-10-27T05:05:42.162+0000] {processor.py:925} INFO - DAG(s) 'tutorial_dag' retrieved from /home/airflow/.local/lib/python3.12/site-packages/airflow/example_dags/tutorial_dag.py
[2024-10-27T05:05:42.181+0000] {logging_mixin.py:190} INFO - [2024-10-27T05:05:42.180+0000] {dag.py:3239} INFO - Sync 1 DAGs
[2024-10-27T05:05:42.193+0000] {logging_mixin.py:190} INFO - [2024-10-27T05:05:42.193+0000] {dag.py:4180} INFO - Setting next_dagrun for tutorial_dag to None, run_after=None
[2024-10-27T05:05:42.215+0000] {processor.py:208} INFO - Processing /home/airflow/.local/lib/python3.12/site-packages/airflow/example_dags/tutorial_dag.py took 0.069 seconds
[2024-10-27T05:06:12.534+0000] {processor.py:186} INFO - Started process (PID=83731) to work on /home/airflow/.local/lib/python3.12/site-packages/airflow/example_dags/tutorial_dag.py
[2024-10-27T05:06:12.535+0000] {processor.py:914} INFO - Processing file /home/airflow/.local/lib/python3.12/site-packages/airflow/example_dags/tutorial_dag.py for tasks to queue
[2024-10-27T05:06:12.540+0000] {logging_mixin.py:190} INFO - [2024-10-27T05:06:12.539+0000] {dagbag.py:588} INFO - Filling up the DagBag from /home/airflow/.local/lib/python3.12/site-packages/airflow/example_dags/tutorial_dag.py
[2024-10-27T05:06:12.550+0000] {processor.py:925} INFO - DAG(s) 'tutorial_dag' retrieved from /home/airflow/.local/lib/python3.12/site-packages/airflow/example_dags/tutorial_dag.py
[2024-10-27T05:06:12.573+0000] {logging_mixin.py:190} INFO - [2024-10-27T05:06:12.573+0000] {dag.py:3239} INFO - Sync 1 DAGs
[2024-10-27T05:06:12.591+0000] {logging_mixin.py:190} INFO - [2024-10-27T05:06:12.590+0000] {dag.py:4180} INFO - Setting next_dagrun for tutorial_dag to None, run_after=None
[2024-10-27T05:06:12.613+0000] {processor.py:208} INFO - Processing /home/airflow/.local/lib/python3.12/site-packages/airflow/example_dags/tutorial_dag.py took 0.090 seconds
[2024-10-27T05:06:42.659+0000] {processor.py:186} INFO - Started process (PID=83794) to work on /home/airflow/.local/lib/python3.12/site-packages/airflow/example_dags/tutorial_dag.py
[2024-10-27T05:06:42.661+0000] {processor.py:914} INFO - Processing file /home/airflow/.local/lib/python3.12/site-packages/airflow/example_dags/tutorial_dag.py for tasks to queue
[2024-10-27T05:06:42.664+0000] {logging_mixin.py:190} INFO - [2024-10-27T05:06:42.664+0000] {dagbag.py:588} INFO - Filling up the DagBag from /home/airflow/.local/lib/python3.12/site-packages/airflow/example_dags/tutorial_dag.py
[2024-10-27T05:06:42.671+0000] {processor.py:925} INFO - DAG(s) 'tutorial_dag' retrieved from /home/airflow/.local/lib/python3.12/site-packages/airflow/example_dags/tutorial_dag.py
[2024-10-27T05:06:42.691+0000] {logging_mixin.py:190} INFO - [2024-10-27T05:06:42.690+0000] {dag.py:3239} INFO - Sync 1 DAGs
[2024-10-27T05:06:42.704+0000] {logging_mixin.py:190} INFO - [2024-10-27T05:06:42.704+0000] {dag.py:4180} INFO - Setting next_dagrun for tutorial_dag to None, run_after=None
[2024-10-27T05:06:42.727+0000] {processor.py:208} INFO - Processing /home/airflow/.local/lib/python3.12/site-packages/airflow/example_dags/tutorial_dag.py took 0.074 seconds
[2024-10-27T09:22:36.307+0000] {processor.py:186} INFO - Started process (PID=83878) to work on /home/airflow/.local/lib/python3.12/site-packages/airflow/example_dags/tutorial_dag.py
[2024-10-27T09:22:36.309+0000] {processor.py:914} INFO - Processing file /home/airflow/.local/lib/python3.12/site-packages/airflow/example_dags/tutorial_dag.py for tasks to queue
[2024-10-27T09:22:36.314+0000] {logging_mixin.py:190} INFO - [2024-10-27T09:22:36.314+0000] {dagbag.py:588} INFO - Filling up the DagBag from /home/airflow/.local/lib/python3.12/site-packages/airflow/example_dags/tutorial_dag.py
[2024-10-27T09:22:36.334+0000] {processor.py:925} INFO - DAG(s) 'tutorial_dag' retrieved from /home/airflow/.local/lib/python3.12/site-packages/airflow/example_dags/tutorial_dag.py
[2024-10-27T09:22:36.373+0000] {logging_mixin.py:190} INFO - [2024-10-27T09:22:36.372+0000] {dag.py:3239} INFO - Sync 1 DAGs
[2024-10-27T09:22:36.405+0000] {logging_mixin.py:190} INFO - [2024-10-27T09:22:36.404+0000] {dag.py:4180} INFO - Setting next_dagrun for tutorial_dag to None, run_after=None
[2024-10-27T09:22:36.453+0000] {processor.py:208} INFO - Processing /home/airflow/.local/lib/python3.12/site-packages/airflow/example_dags/tutorial_dag.py took 0.159 seconds
[2024-10-27T12:51:48.058+0000] {processor.py:186} INFO - Started process (PID=83936) to work on /home/airflow/.local/lib/python3.12/site-packages/airflow/example_dags/tutorial_dag.py
[2024-10-27T12:51:48.060+0000] {processor.py:914} INFO - Processing file /home/airflow/.local/lib/python3.12/site-packages/airflow/example_dags/tutorial_dag.py for tasks to queue
[2024-10-27T12:51:48.063+0000] {logging_mixin.py:190} INFO - [2024-10-27T12:51:48.062+0000] {dagbag.py:588} INFO - Filling up the DagBag from /home/airflow/.local/lib/python3.12/site-packages/airflow/example_dags/tutorial_dag.py
[2024-10-27T12:51:48.098+0000] {processor.py:925} INFO - DAG(s) 'tutorial_dag' retrieved from /home/airflow/.local/lib/python3.12/site-packages/airflow/example_dags/tutorial_dag.py
[2024-10-27T12:51:48.168+0000] {logging_mixin.py:190} INFO - [2024-10-27T12:51:48.168+0000] {dag.py:3239} INFO - Sync 1 DAGs
[2024-10-27T12:51:48.228+0000] {logging_mixin.py:190} INFO - [2024-10-27T12:51:48.227+0000] {dag.py:4180} INFO - Setting next_dagrun for tutorial_dag to None, run_after=None
[2024-10-27T12:51:48.284+0000] {processor.py:208} INFO - Processing /home/airflow/.local/lib/python3.12/site-packages/airflow/example_dags/tutorial_dag.py took 0.247 seconds
[2024-10-27T12:52:18.925+0000] {processor.py:186} INFO - Started process (PID=84000) to work on /home/airflow/.local/lib/python3.12/site-packages/airflow/example_dags/tutorial_dag.py
[2024-10-27T12:52:18.926+0000] {processor.py:914} INFO - Processing file /home/airflow/.local/lib/python3.12/site-packages/airflow/example_dags/tutorial_dag.py for tasks to queue
[2024-10-27T12:52:18.928+0000] {logging_mixin.py:190} INFO - [2024-10-27T12:52:18.927+0000] {dagbag.py:588} INFO - Filling up the DagBag from /home/airflow/.local/lib/python3.12/site-packages/airflow/example_dags/tutorial_dag.py
[2024-10-27T12:52:18.938+0000] {processor.py:925} INFO - DAG(s) 'tutorial_dag' retrieved from /home/airflow/.local/lib/python3.12/site-packages/airflow/example_dags/tutorial_dag.py
[2024-10-27T12:52:18.961+0000] {logging_mixin.py:190} INFO - [2024-10-27T12:52:18.960+0000] {dag.py:3239} INFO - Sync 1 DAGs
[2024-10-27T12:52:18.975+0000] {logging_mixin.py:190} INFO - [2024-10-27T12:52:18.974+0000] {dag.py:4180} INFO - Setting next_dagrun for tutorial_dag to None, run_after=None
[2024-10-27T12:52:18.995+0000] {processor.py:208} INFO - Processing /home/airflow/.local/lib/python3.12/site-packages/airflow/example_dags/tutorial_dag.py took 0.076 seconds
[2024-10-27T12:52:49.242+0000] {processor.py:186} INFO - Started process (PID=84064) to work on /home/airflow/.local/lib/python3.12/site-packages/airflow/example_dags/tutorial_dag.py
[2024-10-27T12:52:49.243+0000] {processor.py:914} INFO - Processing file /home/airflow/.local/lib/python3.12/site-packages/airflow/example_dags/tutorial_dag.py for tasks to queue
[2024-10-27T12:52:49.246+0000] {logging_mixin.py:190} INFO - [2024-10-27T12:52:49.245+0000] {dagbag.py:588} INFO - Filling up the DagBag from /home/airflow/.local/lib/python3.12/site-packages/airflow/example_dags/tutorial_dag.py
[2024-10-27T12:52:49.256+0000] {processor.py:925} INFO - DAG(s) 'tutorial_dag' retrieved from /home/airflow/.local/lib/python3.12/site-packages/airflow/example_dags/tutorial_dag.py
[2024-10-27T12:52:49.287+0000] {logging_mixin.py:190} INFO - [2024-10-27T12:52:49.287+0000] {dag.py:3239} INFO - Sync 1 DAGs
[2024-10-27T12:52:49.310+0000] {logging_mixin.py:190} INFO - [2024-10-27T12:52:49.310+0000] {dag.py:4180} INFO - Setting next_dagrun for tutorial_dag to None, run_after=None
[2024-10-27T12:52:49.337+0000] {processor.py:208} INFO - Processing /home/airflow/.local/lib/python3.12/site-packages/airflow/example_dags/tutorial_dag.py took 0.103 seconds
[2024-10-27T12:53:19.605+0000] {processor.py:186} INFO - Started process (PID=84128) to work on /home/airflow/.local/lib/python3.12/site-packages/airflow/example_dags/tutorial_dag.py
[2024-10-27T12:53:19.606+0000] {processor.py:914} INFO - Processing file /home/airflow/.local/lib/python3.12/site-packages/airflow/example_dags/tutorial_dag.py for tasks to queue
[2024-10-27T12:53:19.608+0000] {logging_mixin.py:190} INFO - [2024-10-27T12:53:19.608+0000] {dagbag.py:588} INFO - Filling up the DagBag from /home/airflow/.local/lib/python3.12/site-packages/airflow/example_dags/tutorial_dag.py
[2024-10-27T12:53:19.618+0000] {processor.py:925} INFO - DAG(s) 'tutorial_dag' retrieved from /home/airflow/.local/lib/python3.12/site-packages/airflow/example_dags/tutorial_dag.py
[2024-10-27T12:53:19.639+0000] {logging_mixin.py:190} INFO - [2024-10-27T12:53:19.639+0000] {dag.py:3239} INFO - Sync 1 DAGs
[2024-10-27T12:53:19.655+0000] {logging_mixin.py:190} INFO - [2024-10-27T12:53:19.654+0000] {dag.py:4180} INFO - Setting next_dagrun for tutorial_dag to None, run_after=None
[2024-10-27T12:53:19.698+0000] {processor.py:208} INFO - Processing /home/airflow/.local/lib/python3.12/site-packages/airflow/example_dags/tutorial_dag.py took 0.098 seconds
[2024-10-27T12:53:50.282+0000] {processor.py:186} INFO - Started process (PID=84193) to work on /home/airflow/.local/lib/python3.12/site-packages/airflow/example_dags/tutorial_dag.py
[2024-10-27T12:53:50.283+0000] {processor.py:914} INFO - Processing file /home/airflow/.local/lib/python3.12/site-packages/airflow/example_dags/tutorial_dag.py for tasks to queue
[2024-10-27T12:53:50.284+0000] {logging_mixin.py:190} INFO - [2024-10-27T12:53:50.284+0000] {dagbag.py:588} INFO - Filling up the DagBag from /home/airflow/.local/lib/python3.12/site-packages/airflow/example_dags/tutorial_dag.py
[2024-10-27T12:53:50.292+0000] {processor.py:925} INFO - DAG(s) 'tutorial_dag' retrieved from /home/airflow/.local/lib/python3.12/site-packages/airflow/example_dags/tutorial_dag.py
[2024-10-27T12:53:50.315+0000] {logging_mixin.py:190} INFO - [2024-10-27T12:53:50.314+0000] {dag.py:3239} INFO - Sync 1 DAGs
[2024-10-27T12:53:50.359+0000] {logging_mixin.py:190} INFO - [2024-10-27T12:53:50.358+0000] {dag.py:4180} INFO - Setting next_dagrun for tutorial_dag to None, run_after=None
[2024-10-27T12:53:50.383+0000] {processor.py:208} INFO - Processing /home/airflow/.local/lib/python3.12/site-packages/airflow/example_dags/tutorial_dag.py took 0.106 seconds
[2024-10-27T12:54:20.691+0000] {processor.py:186} INFO - Started process (PID=84257) to work on /home/airflow/.local/lib/python3.12/site-packages/airflow/example_dags/tutorial_dag.py
[2024-10-27T12:54:20.692+0000] {processor.py:914} INFO - Processing file /home/airflow/.local/lib/python3.12/site-packages/airflow/example_dags/tutorial_dag.py for tasks to queue
[2024-10-27T12:54:20.693+0000] {logging_mixin.py:190} INFO - [2024-10-27T12:54:20.693+0000] {dagbag.py:588} INFO - Filling up the DagBag from /home/airflow/.local/lib/python3.12/site-packages/airflow/example_dags/tutorial_dag.py
[2024-10-27T12:54:20.701+0000] {processor.py:925} INFO - DAG(s) 'tutorial_dag' retrieved from /home/airflow/.local/lib/python3.12/site-packages/airflow/example_dags/tutorial_dag.py
[2024-10-27T12:54:20.722+0000] {logging_mixin.py:190} INFO - [2024-10-27T12:54:20.722+0000] {dag.py:3239} INFO - Sync 1 DAGs
[2024-10-27T12:54:20.737+0000] {logging_mixin.py:190} INFO - [2024-10-27T12:54:20.737+0000] {dag.py:4180} INFO - Setting next_dagrun for tutorial_dag to None, run_after=None
[2024-10-27T12:54:20.758+0000] {processor.py:208} INFO - Processing /home/airflow/.local/lib/python3.12/site-packages/airflow/example_dags/tutorial_dag.py took 0.074 seconds
[2024-10-27T12:54:51.020+0000] {processor.py:186} INFO - Started process (PID=84321) to work on /home/airflow/.local/lib/python3.12/site-packages/airflow/example_dags/tutorial_dag.py
[2024-10-27T12:54:51.021+0000] {processor.py:914} INFO - Processing file /home/airflow/.local/lib/python3.12/site-packages/airflow/example_dags/tutorial_dag.py for tasks to queue
[2024-10-27T12:54:51.022+0000] {logging_mixin.py:190} INFO - [2024-10-27T12:54:51.022+0000] {dagbag.py:588} INFO - Filling up the DagBag from /home/airflow/.local/lib/python3.12/site-packages/airflow/example_dags/tutorial_dag.py
[2024-10-27T12:54:51.033+0000] {processor.py:925} INFO - DAG(s) 'tutorial_dag' retrieved from /home/airflow/.local/lib/python3.12/site-packages/airflow/example_dags/tutorial_dag.py
[2024-10-27T12:54:51.063+0000] {logging_mixin.py:190} INFO - [2024-10-27T12:54:51.062+0000] {dag.py:3239} INFO - Sync 1 DAGs
[2024-10-27T12:54:51.081+0000] {logging_mixin.py:190} INFO - [2024-10-27T12:54:51.080+0000] {dag.py:4180} INFO - Setting next_dagrun for tutorial_dag to None, run_after=None
[2024-10-27T12:54:51.108+0000] {processor.py:208} INFO - Processing /home/airflow/.local/lib/python3.12/site-packages/airflow/example_dags/tutorial_dag.py took 0.095 seconds
[2024-10-27T12:55:21.789+0000] {processor.py:186} INFO - Started process (PID=84386) to work on /home/airflow/.local/lib/python3.12/site-packages/airflow/example_dags/tutorial_dag.py
[2024-10-27T12:55:21.790+0000] {processor.py:914} INFO - Processing file /home/airflow/.local/lib/python3.12/site-packages/airflow/example_dags/tutorial_dag.py for tasks to queue
[2024-10-27T12:55:21.792+0000] {logging_mixin.py:190} INFO - [2024-10-27T12:55:21.792+0000] {dagbag.py:588} INFO - Filling up the DagBag from /home/airflow/.local/lib/python3.12/site-packages/airflow/example_dags/tutorial_dag.py
[2024-10-27T12:55:21.801+0000] {processor.py:925} INFO - DAG(s) 'tutorial_dag' retrieved from /home/airflow/.local/lib/python3.12/site-packages/airflow/example_dags/tutorial_dag.py
[2024-10-27T12:55:21.823+0000] {logging_mixin.py:190} INFO - [2024-10-27T12:55:21.822+0000] {dag.py:3239} INFO - Sync 1 DAGs
[2024-10-27T12:55:21.839+0000] {logging_mixin.py:190} INFO - [2024-10-27T12:55:21.839+0000] {dag.py:4180} INFO - Setting next_dagrun for tutorial_dag to None, run_after=None
[2024-10-27T12:55:21.861+0000] {processor.py:208} INFO - Processing /home/airflow/.local/lib/python3.12/site-packages/airflow/example_dags/tutorial_dag.py took 0.077 seconds
[2024-10-27T12:55:52.359+0000] {processor.py:186} INFO - Started process (PID=84450) to work on /home/airflow/.local/lib/python3.12/site-packages/airflow/example_dags/tutorial_dag.py
[2024-10-27T12:55:52.360+0000] {processor.py:914} INFO - Processing file /home/airflow/.local/lib/python3.12/site-packages/airflow/example_dags/tutorial_dag.py for tasks to queue
[2024-10-27T12:55:52.362+0000] {logging_mixin.py:190} INFO - [2024-10-27T12:55:52.361+0000] {dagbag.py:588} INFO - Filling up the DagBag from /home/airflow/.local/lib/python3.12/site-packages/airflow/example_dags/tutorial_dag.py
[2024-10-27T12:55:52.372+0000] {processor.py:925} INFO - DAG(s) 'tutorial_dag' retrieved from /home/airflow/.local/lib/python3.12/site-packages/airflow/example_dags/tutorial_dag.py
[2024-10-27T12:55:52.392+0000] {logging_mixin.py:190} INFO - [2024-10-27T12:55:52.392+0000] {dag.py:3239} INFO - Sync 1 DAGs
[2024-10-27T12:55:52.407+0000] {logging_mixin.py:190} INFO - [2024-10-27T12:55:52.407+0000] {dag.py:4180} INFO - Setting next_dagrun for tutorial_dag to None, run_after=None
[2024-10-27T12:55:52.433+0000] {processor.py:208} INFO - Processing /home/airflow/.local/lib/python3.12/site-packages/airflow/example_dags/tutorial_dag.py took 0.079 seconds
[2024-10-27T12:56:23.085+0000] {processor.py:186} INFO - Started process (PID=84514) to work on /home/airflow/.local/lib/python3.12/site-packages/airflow/example_dags/tutorial_dag.py
[2024-10-27T12:56:23.086+0000] {processor.py:914} INFO - Processing file /home/airflow/.local/lib/python3.12/site-packages/airflow/example_dags/tutorial_dag.py for tasks to queue
[2024-10-27T12:56:23.088+0000] {logging_mixin.py:190} INFO - [2024-10-27T12:56:23.088+0000] {dagbag.py:588} INFO - Filling up the DagBag from /home/airflow/.local/lib/python3.12/site-packages/airflow/example_dags/tutorial_dag.py
[2024-10-27T12:56:23.098+0000] {processor.py:925} INFO - DAG(s) 'tutorial_dag' retrieved from /home/airflow/.local/lib/python3.12/site-packages/airflow/example_dags/tutorial_dag.py
[2024-10-27T12:56:23.125+0000] {logging_mixin.py:190} INFO - [2024-10-27T12:56:23.125+0000] {dag.py:3239} INFO - Sync 1 DAGs
[2024-10-27T12:56:23.139+0000] {logging_mixin.py:190} INFO - [2024-10-27T12:56:23.139+0000] {dag.py:4180} INFO - Setting next_dagrun for tutorial_dag to None, run_after=None
[2024-10-27T12:56:23.161+0000] {processor.py:208} INFO - Processing /home/airflow/.local/lib/python3.12/site-packages/airflow/example_dags/tutorial_dag.py took 0.084 seconds
[2024-10-27T12:56:53.629+0000] {processor.py:186} INFO - Started process (PID=84578) to work on /home/airflow/.local/lib/python3.12/site-packages/airflow/example_dags/tutorial_dag.py
[2024-10-27T12:56:53.630+0000] {processor.py:914} INFO - Processing file /home/airflow/.local/lib/python3.12/site-packages/airflow/example_dags/tutorial_dag.py for tasks to queue
[2024-10-27T12:56:53.631+0000] {logging_mixin.py:190} INFO - [2024-10-27T12:56:53.631+0000] {dagbag.py:588} INFO - Filling up the DagBag from /home/airflow/.local/lib/python3.12/site-packages/airflow/example_dags/tutorial_dag.py
[2024-10-27T12:56:53.640+0000] {processor.py:925} INFO - DAG(s) 'tutorial_dag' retrieved from /home/airflow/.local/lib/python3.12/site-packages/airflow/example_dags/tutorial_dag.py
[2024-10-27T12:56:53.663+0000] {logging_mixin.py:190} INFO - [2024-10-27T12:56:53.663+0000] {dag.py:3239} INFO - Sync 1 DAGs
[2024-10-27T12:56:53.678+0000] {logging_mixin.py:190} INFO - [2024-10-27T12:56:53.677+0000] {dag.py:4180} INFO - Setting next_dagrun for tutorial_dag to None, run_after=None
[2024-10-27T12:56:53.698+0000] {processor.py:208} INFO - Processing /home/airflow/.local/lib/python3.12/site-packages/airflow/example_dags/tutorial_dag.py took 0.076 seconds
[2024-10-27T12:57:25.128+0000] {processor.py:186} INFO - Started process (PID=84642) to work on /home/airflow/.local/lib/python3.12/site-packages/airflow/example_dags/tutorial_dag.py
[2024-10-27T12:57:25.129+0000] {processor.py:914} INFO - Processing file /home/airflow/.local/lib/python3.12/site-packages/airflow/example_dags/tutorial_dag.py for tasks to queue
[2024-10-27T12:57:25.131+0000] {logging_mixin.py:190} INFO - [2024-10-27T12:57:25.131+0000] {dagbag.py:588} INFO - Filling up the DagBag from /home/airflow/.local/lib/python3.12/site-packages/airflow/example_dags/tutorial_dag.py
[2024-10-27T12:57:25.139+0000] {processor.py:925} INFO - DAG(s) 'tutorial_dag' retrieved from /home/airflow/.local/lib/python3.12/site-packages/airflow/example_dags/tutorial_dag.py
[2024-10-27T12:57:25.157+0000] {logging_mixin.py:190} INFO - [2024-10-27T12:57:25.157+0000] {dag.py:3239} INFO - Sync 1 DAGs
[2024-10-27T12:57:25.173+0000] {logging_mixin.py:190} INFO - [2024-10-27T12:57:25.173+0000] {dag.py:4180} INFO - Setting next_dagrun for tutorial_dag to None, run_after=None
[2024-10-27T12:57:25.193+0000] {processor.py:208} INFO - Processing /home/airflow/.local/lib/python3.12/site-packages/airflow/example_dags/tutorial_dag.py took 0.072 seconds
[2024-10-27T12:57:56.183+0000] {processor.py:186} INFO - Started process (PID=84705) to work on /home/airflow/.local/lib/python3.12/site-packages/airflow/example_dags/tutorial_dag.py
[2024-10-27T12:57:56.184+0000] {processor.py:914} INFO - Processing file /home/airflow/.local/lib/python3.12/site-packages/airflow/example_dags/tutorial_dag.py for tasks to queue
[2024-10-27T12:57:56.185+0000] {logging_mixin.py:190} INFO - [2024-10-27T12:57:56.185+0000] {dagbag.py:588} INFO - Filling up the DagBag from /home/airflow/.local/lib/python3.12/site-packages/airflow/example_dags/tutorial_dag.py
[2024-10-27T12:57:56.192+0000] {processor.py:925} INFO - DAG(s) 'tutorial_dag' retrieved from /home/airflow/.local/lib/python3.12/site-packages/airflow/example_dags/tutorial_dag.py
[2024-10-27T12:57:56.212+0000] {logging_mixin.py:190} INFO - [2024-10-27T12:57:56.211+0000] {dag.py:3239} INFO - Sync 1 DAGs
[2024-10-27T12:57:56.226+0000] {logging_mixin.py:190} INFO - [2024-10-27T12:57:56.226+0000] {dag.py:4180} INFO - Setting next_dagrun for tutorial_dag to None, run_after=None
[2024-10-27T12:57:56.249+0000] {processor.py:208} INFO - Processing /home/airflow/.local/lib/python3.12/site-packages/airflow/example_dags/tutorial_dag.py took 0.071 seconds
[2024-10-27T12:58:28.188+0000] {processor.py:186} INFO - Started process (PID=84769) to work on /home/airflow/.local/lib/python3.12/site-packages/airflow/example_dags/tutorial_dag.py
[2024-10-27T12:58:28.189+0000] {processor.py:914} INFO - Processing file /home/airflow/.local/lib/python3.12/site-packages/airflow/example_dags/tutorial_dag.py for tasks to queue
[2024-10-27T12:58:28.190+0000] {logging_mixin.py:190} INFO - [2024-10-27T12:58:28.190+0000] {dagbag.py:588} INFO - Filling up the DagBag from /home/airflow/.local/lib/python3.12/site-packages/airflow/example_dags/tutorial_dag.py
[2024-10-27T12:58:28.197+0000] {processor.py:925} INFO - DAG(s) 'tutorial_dag' retrieved from /home/airflow/.local/lib/python3.12/site-packages/airflow/example_dags/tutorial_dag.py
[2024-10-27T12:58:28.215+0000] {logging_mixin.py:190} INFO - [2024-10-27T12:58:28.215+0000] {dag.py:3239} INFO - Sync 1 DAGs
[2024-10-27T12:58:28.229+0000] {logging_mixin.py:190} INFO - [2024-10-27T12:58:28.229+0000] {dag.py:4180} INFO - Setting next_dagrun for tutorial_dag to None, run_after=None
[2024-10-27T12:58:28.250+0000] {processor.py:208} INFO - Processing /home/airflow/.local/lib/python3.12/site-packages/airflow/example_dags/tutorial_dag.py took 0.069 seconds
[2024-10-27T12:58:59.889+0000] {processor.py:186} INFO - Started process (PID=84833) to work on /home/airflow/.local/lib/python3.12/site-packages/airflow/example_dags/tutorial_dag.py
[2024-10-27T12:58:59.890+0000] {processor.py:914} INFO - Processing file /home/airflow/.local/lib/python3.12/site-packages/airflow/example_dags/tutorial_dag.py for tasks to queue
[2024-10-27T12:58:59.891+0000] {logging_mixin.py:190} INFO - [2024-10-27T12:58:59.891+0000] {dagbag.py:588} INFO - Filling up the DagBag from /home/airflow/.local/lib/python3.12/site-packages/airflow/example_dags/tutorial_dag.py
[2024-10-27T12:58:59.900+0000] {processor.py:925} INFO - DAG(s) 'tutorial_dag' retrieved from /home/airflow/.local/lib/python3.12/site-packages/airflow/example_dags/tutorial_dag.py
[2024-10-27T12:58:59.921+0000] {logging_mixin.py:190} INFO - [2024-10-27T12:58:59.921+0000] {dag.py:3239} INFO - Sync 1 DAGs
[2024-10-27T12:58:59.939+0000] {logging_mixin.py:190} INFO - [2024-10-27T12:58:59.939+0000] {dag.py:4180} INFO - Setting next_dagrun for tutorial_dag to None, run_after=None
[2024-10-27T12:58:59.962+0000] {processor.py:208} INFO - Processing /home/airflow/.local/lib/python3.12/site-packages/airflow/example_dags/tutorial_dag.py took 0.079 seconds
[2024-10-27T12:59:31.340+0000] {processor.py:186} INFO - Started process (PID=84897) to work on /home/airflow/.local/lib/python3.12/site-packages/airflow/example_dags/tutorial_dag.py
[2024-10-27T12:59:31.341+0000] {processor.py:914} INFO - Processing file /home/airflow/.local/lib/python3.12/site-packages/airflow/example_dags/tutorial_dag.py for tasks to queue
[2024-10-27T12:59:31.343+0000] {logging_mixin.py:190} INFO - [2024-10-27T12:59:31.342+0000] {dagbag.py:588} INFO - Filling up the DagBag from /home/airflow/.local/lib/python3.12/site-packages/airflow/example_dags/tutorial_dag.py
[2024-10-27T12:59:31.351+0000] {processor.py:925} INFO - DAG(s) 'tutorial_dag' retrieved from /home/airflow/.local/lib/python3.12/site-packages/airflow/example_dags/tutorial_dag.py
[2024-10-27T12:59:31.370+0000] {logging_mixin.py:190} INFO - [2024-10-27T12:59:31.370+0000] {dag.py:3239} INFO - Sync 1 DAGs
[2024-10-27T12:59:31.385+0000] {logging_mixin.py:190} INFO - [2024-10-27T12:59:31.385+0000] {dag.py:4180} INFO - Setting next_dagrun for tutorial_dag to None, run_after=None
[2024-10-27T12:59:31.407+0000] {processor.py:208} INFO - Processing /home/airflow/.local/lib/python3.12/site-packages/airflow/example_dags/tutorial_dag.py took 0.073 seconds
[2024-10-27T13:00:02.824+0000] {processor.py:186} INFO - Started process (PID=84961) to work on /home/airflow/.local/lib/python3.12/site-packages/airflow/example_dags/tutorial_dag.py
[2024-10-27T13:00:02.825+0000] {processor.py:914} INFO - Processing file /home/airflow/.local/lib/python3.12/site-packages/airflow/example_dags/tutorial_dag.py for tasks to queue
[2024-10-27T13:00:02.827+0000] {logging_mixin.py:190} INFO - [2024-10-27T13:00:02.826+0000] {dagbag.py:588} INFO - Filling up the DagBag from /home/airflow/.local/lib/python3.12/site-packages/airflow/example_dags/tutorial_dag.py
[2024-10-27T13:00:02.833+0000] {processor.py:925} INFO - DAG(s) 'tutorial_dag' retrieved from /home/airflow/.local/lib/python3.12/site-packages/airflow/example_dags/tutorial_dag.py
[2024-10-27T13:00:02.851+0000] {logging_mixin.py:190} INFO - [2024-10-27T13:00:02.851+0000] {dag.py:3239} INFO - Sync 1 DAGs
[2024-10-27T13:00:02.865+0000] {logging_mixin.py:190} INFO - [2024-10-27T13:00:02.864+0000] {dag.py:4180} INFO - Setting next_dagrun for tutorial_dag to None, run_after=None
[2024-10-27T13:00:02.884+0000] {processor.py:208} INFO - Processing /home/airflow/.local/lib/python3.12/site-packages/airflow/example_dags/tutorial_dag.py took 0.066 seconds
[2024-10-27T13:00:34.365+0000] {processor.py:186} INFO - Started process (PID=85025) to work on /home/airflow/.local/lib/python3.12/site-packages/airflow/example_dags/tutorial_dag.py
[2024-10-27T13:00:34.366+0000] {processor.py:914} INFO - Processing file /home/airflow/.local/lib/python3.12/site-packages/airflow/example_dags/tutorial_dag.py for tasks to queue
[2024-10-27T13:00:34.368+0000] {logging_mixin.py:190} INFO - [2024-10-27T13:00:34.368+0000] {dagbag.py:588} INFO - Filling up the DagBag from /home/airflow/.local/lib/python3.12/site-packages/airflow/example_dags/tutorial_dag.py
[2024-10-27T13:00:34.376+0000] {processor.py:925} INFO - DAG(s) 'tutorial_dag' retrieved from /home/airflow/.local/lib/python3.12/site-packages/airflow/example_dags/tutorial_dag.py
[2024-10-27T13:00:34.392+0000] {logging_mixin.py:190} INFO - [2024-10-27T13:00:34.392+0000] {dag.py:3239} INFO - Sync 1 DAGs
[2024-10-27T13:00:34.405+0000] {logging_mixin.py:190} INFO - [2024-10-27T13:00:34.405+0000] {dag.py:4180} INFO - Setting next_dagrun for tutorial_dag to None, run_after=None
[2024-10-27T13:00:34.423+0000] {processor.py:208} INFO - Processing /home/airflow/.local/lib/python3.12/site-packages/airflow/example_dags/tutorial_dag.py took 0.062 seconds
[2024-10-27T13:01:06.341+0000] {processor.py:186} INFO - Started process (PID=85089) to work on /home/airflow/.local/lib/python3.12/site-packages/airflow/example_dags/tutorial_dag.py
[2024-10-27T13:01:06.342+0000] {processor.py:914} INFO - Processing file /home/airflow/.local/lib/python3.12/site-packages/airflow/example_dags/tutorial_dag.py for tasks to queue
[2024-10-27T13:01:06.344+0000] {logging_mixin.py:190} INFO - [2024-10-27T13:01:06.343+0000] {dagbag.py:588} INFO - Filling up the DagBag from /home/airflow/.local/lib/python3.12/site-packages/airflow/example_dags/tutorial_dag.py
[2024-10-27T13:01:06.351+0000] {processor.py:925} INFO - DAG(s) 'tutorial_dag' retrieved from /home/airflow/.local/lib/python3.12/site-packages/airflow/example_dags/tutorial_dag.py
[2024-10-27T13:01:06.371+0000] {logging_mixin.py:190} INFO - [2024-10-27T13:01:06.370+0000] {dag.py:3239} INFO - Sync 1 DAGs
[2024-10-27T13:01:06.386+0000] {logging_mixin.py:190} INFO - [2024-10-27T13:01:06.386+0000] {dag.py:4180} INFO - Setting next_dagrun for tutorial_dag to None, run_after=None
[2024-10-27T13:01:06.411+0000] {processor.py:208} INFO - Processing /home/airflow/.local/lib/python3.12/site-packages/airflow/example_dags/tutorial_dag.py took 0.075 seconds
[2024-10-27T13:01:37.939+0000] {processor.py:186} INFO - Started process (PID=85153) to work on /home/airflow/.local/lib/python3.12/site-packages/airflow/example_dags/tutorial_dag.py
[2024-10-27T13:01:37.941+0000] {processor.py:914} INFO - Processing file /home/airflow/.local/lib/python3.12/site-packages/airflow/example_dags/tutorial_dag.py for tasks to queue
[2024-10-27T13:01:37.943+0000] {logging_mixin.py:190} INFO - [2024-10-27T13:01:37.943+0000] {dagbag.py:588} INFO - Filling up the DagBag from /home/airflow/.local/lib/python3.12/site-packages/airflow/example_dags/tutorial_dag.py
[2024-10-27T13:01:37.953+0000] {processor.py:925} INFO - DAG(s) 'tutorial_dag' retrieved from /home/airflow/.local/lib/python3.12/site-packages/airflow/example_dags/tutorial_dag.py
[2024-10-27T13:01:37.972+0000] {logging_mixin.py:190} INFO - [2024-10-27T13:01:37.972+0000] {dag.py:3239} INFO - Sync 1 DAGs
[2024-10-27T13:01:37.989+0000] {logging_mixin.py:190} INFO - [2024-10-27T13:01:37.989+0000] {dag.py:4180} INFO - Setting next_dagrun for tutorial_dag to None, run_after=None
[2024-10-27T13:01:38.010+0000] {processor.py:208} INFO - Processing /home/airflow/.local/lib/python3.12/site-packages/airflow/example_dags/tutorial_dag.py took 0.077 seconds
[2024-10-27T13:02:10.095+0000] {processor.py:186} INFO - Started process (PID=85217) to work on /home/airflow/.local/lib/python3.12/site-packages/airflow/example_dags/tutorial_dag.py
[2024-10-27T13:02:10.096+0000] {processor.py:914} INFO - Processing file /home/airflow/.local/lib/python3.12/site-packages/airflow/example_dags/tutorial_dag.py for tasks to queue
[2024-10-27T13:02:10.097+0000] {logging_mixin.py:190} INFO - [2024-10-27T13:02:10.097+0000] {dagbag.py:588} INFO - Filling up the DagBag from /home/airflow/.local/lib/python3.12/site-packages/airflow/example_dags/tutorial_dag.py
[2024-10-27T13:02:10.107+0000] {processor.py:925} INFO - DAG(s) 'tutorial_dag' retrieved from /home/airflow/.local/lib/python3.12/site-packages/airflow/example_dags/tutorial_dag.py
[2024-10-27T13:02:10.128+0000] {logging_mixin.py:190} INFO - [2024-10-27T13:02:10.127+0000] {dag.py:3239} INFO - Sync 1 DAGs
[2024-10-27T13:02:10.143+0000] {logging_mixin.py:190} INFO - [2024-10-27T13:02:10.143+0000] {dag.py:4180} INFO - Setting next_dagrun for tutorial_dag to None, run_after=None
[2024-10-27T13:02:10.165+0000] {processor.py:208} INFO - Processing /home/airflow/.local/lib/python3.12/site-packages/airflow/example_dags/tutorial_dag.py took 0.076 seconds
[2024-10-27T13:02:41.513+0000] {processor.py:186} INFO - Started process (PID=85281) to work on /home/airflow/.local/lib/python3.12/site-packages/airflow/example_dags/tutorial_dag.py
[2024-10-27T13:02:41.514+0000] {processor.py:914} INFO - Processing file /home/airflow/.local/lib/python3.12/site-packages/airflow/example_dags/tutorial_dag.py for tasks to queue
[2024-10-27T13:02:41.515+0000] {logging_mixin.py:190} INFO - [2024-10-27T13:02:41.515+0000] {dagbag.py:588} INFO - Filling up the DagBag from /home/airflow/.local/lib/python3.12/site-packages/airflow/example_dags/tutorial_dag.py
[2024-10-27T13:02:41.522+0000] {processor.py:925} INFO - DAG(s) 'tutorial_dag' retrieved from /home/airflow/.local/lib/python3.12/site-packages/airflow/example_dags/tutorial_dag.py
[2024-10-27T13:02:41.540+0000] {logging_mixin.py:190} INFO - [2024-10-27T13:02:41.540+0000] {dag.py:3239} INFO - Sync 1 DAGs
[2024-10-27T13:02:41.553+0000] {logging_mixin.py:190} INFO - [2024-10-27T13:02:41.553+0000] {dag.py:4180} INFO - Setting next_dagrun for tutorial_dag to None, run_after=None
[2024-10-27T13:02:41.574+0000] {processor.py:208} INFO - Processing /home/airflow/.local/lib/python3.12/site-packages/airflow/example_dags/tutorial_dag.py took 0.066 seconds
[2024-10-27T13:03:11.948+0000] {processor.py:186} INFO - Started process (PID=85345) to work on /home/airflow/.local/lib/python3.12/site-packages/airflow/example_dags/tutorial_dag.py
[2024-10-27T13:03:11.949+0000] {processor.py:914} INFO - Processing file /home/airflow/.local/lib/python3.12/site-packages/airflow/example_dags/tutorial_dag.py for tasks to queue
[2024-10-27T13:03:11.950+0000] {logging_mixin.py:190} INFO - [2024-10-27T13:03:11.950+0000] {dagbag.py:588} INFO - Filling up the DagBag from /home/airflow/.local/lib/python3.12/site-packages/airflow/example_dags/tutorial_dag.py
[2024-10-27T13:03:11.959+0000] {processor.py:925} INFO - DAG(s) 'tutorial_dag' retrieved from /home/airflow/.local/lib/python3.12/site-packages/airflow/example_dags/tutorial_dag.py
[2024-10-27T13:03:11.979+0000] {logging_mixin.py:190} INFO - [2024-10-27T13:03:11.979+0000] {dag.py:3239} INFO - Sync 1 DAGs
[2024-10-27T13:03:11.996+0000] {logging_mixin.py:190} INFO - [2024-10-27T13:03:11.995+0000] {dag.py:4180} INFO - Setting next_dagrun for tutorial_dag to None, run_after=None
[2024-10-27T13:03:12.017+0000] {processor.py:208} INFO - Processing /home/airflow/.local/lib/python3.12/site-packages/airflow/example_dags/tutorial_dag.py took 0.075 seconds
[2024-10-27T13:03:44.241+0000] {processor.py:186} INFO - Started process (PID=85409) to work on /home/airflow/.local/lib/python3.12/site-packages/airflow/example_dags/tutorial_dag.py
[2024-10-27T13:03:44.242+0000] {processor.py:914} INFO - Processing file /home/airflow/.local/lib/python3.12/site-packages/airflow/example_dags/tutorial_dag.py for tasks to queue
[2024-10-27T13:03:44.243+0000] {logging_mixin.py:190} INFO - [2024-10-27T13:03:44.243+0000] {dagbag.py:588} INFO - Filling up the DagBag from /home/airflow/.local/lib/python3.12/site-packages/airflow/example_dags/tutorial_dag.py
[2024-10-27T13:03:44.250+0000] {processor.py:925} INFO - DAG(s) 'tutorial_dag' retrieved from /home/airflow/.local/lib/python3.12/site-packages/airflow/example_dags/tutorial_dag.py
[2024-10-27T13:03:44.273+0000] {logging_mixin.py:190} INFO - [2024-10-27T13:03:44.273+0000] {dag.py:3239} INFO - Sync 1 DAGs
[2024-10-27T13:03:44.289+0000] {logging_mixin.py:190} INFO - [2024-10-27T13:03:44.288+0000] {dag.py:4180} INFO - Setting next_dagrun for tutorial_dag to None, run_after=None
[2024-10-27T13:03:44.307+0000] {processor.py:208} INFO - Processing /home/airflow/.local/lib/python3.12/site-packages/airflow/example_dags/tutorial_dag.py took 0.074 seconds
[2024-10-27T13:04:15.336+0000] {processor.py:186} INFO - Started process (PID=85473) to work on /home/airflow/.local/lib/python3.12/site-packages/airflow/example_dags/tutorial_dag.py
[2024-10-27T13:04:15.337+0000] {processor.py:914} INFO - Processing file /home/airflow/.local/lib/python3.12/site-packages/airflow/example_dags/tutorial_dag.py for tasks to queue
[2024-10-27T13:04:15.338+0000] {logging_mixin.py:190} INFO - [2024-10-27T13:04:15.338+0000] {dagbag.py:588} INFO - Filling up the DagBag from /home/airflow/.local/lib/python3.12/site-packages/airflow/example_dags/tutorial_dag.py
[2024-10-27T13:04:15.345+0000] {processor.py:925} INFO - DAG(s) 'tutorial_dag' retrieved from /home/airflow/.local/lib/python3.12/site-packages/airflow/example_dags/tutorial_dag.py
[2024-10-27T13:04:15.364+0000] {logging_mixin.py:190} INFO - [2024-10-27T13:04:15.363+0000] {dag.py:3239} INFO - Sync 1 DAGs
[2024-10-27T13:04:15.376+0000] {logging_mixin.py:190} INFO - [2024-10-27T13:04:15.376+0000] {dag.py:4180} INFO - Setting next_dagrun for tutorial_dag to None, run_after=None
[2024-10-27T13:04:15.396+0000] {processor.py:208} INFO - Processing /home/airflow/.local/lib/python3.12/site-packages/airflow/example_dags/tutorial_dag.py took 0.066 seconds
[2024-10-27T13:04:47.500+0000] {processor.py:186} INFO - Started process (PID=85537) to work on /home/airflow/.local/lib/python3.12/site-packages/airflow/example_dags/tutorial_dag.py
[2024-10-27T13:04:47.501+0000] {processor.py:914} INFO - Processing file /home/airflow/.local/lib/python3.12/site-packages/airflow/example_dags/tutorial_dag.py for tasks to queue
[2024-10-27T13:04:47.502+0000] {logging_mixin.py:190} INFO - [2024-10-27T13:04:47.502+0000] {dagbag.py:588} INFO - Filling up the DagBag from /home/airflow/.local/lib/python3.12/site-packages/airflow/example_dags/tutorial_dag.py
[2024-10-27T13:04:47.510+0000] {processor.py:925} INFO - DAG(s) 'tutorial_dag' retrieved from /home/airflow/.local/lib/python3.12/site-packages/airflow/example_dags/tutorial_dag.py
[2024-10-27T13:04:47.529+0000] {logging_mixin.py:190} INFO - [2024-10-27T13:04:47.528+0000] {dag.py:3239} INFO - Sync 1 DAGs
[2024-10-27T13:04:47.541+0000] {logging_mixin.py:190} INFO - [2024-10-27T13:04:47.541+0000] {dag.py:4180} INFO - Setting next_dagrun for tutorial_dag to None, run_after=None
[2024-10-27T13:04:47.562+0000] {processor.py:208} INFO - Processing /home/airflow/.local/lib/python3.12/site-packages/airflow/example_dags/tutorial_dag.py took 0.067 seconds
[2024-10-27T13:05:19.197+0000] {processor.py:186} INFO - Started process (PID=85601) to work on /home/airflow/.local/lib/python3.12/site-packages/airflow/example_dags/tutorial_dag.py
[2024-10-27T13:05:19.198+0000] {processor.py:914} INFO - Processing file /home/airflow/.local/lib/python3.12/site-packages/airflow/example_dags/tutorial_dag.py for tasks to queue
[2024-10-27T13:05:19.201+0000] {logging_mixin.py:190} INFO - [2024-10-27T13:05:19.200+0000] {dagbag.py:588} INFO - Filling up the DagBag from /home/airflow/.local/lib/python3.12/site-packages/airflow/example_dags/tutorial_dag.py
[2024-10-27T13:05:19.209+0000] {processor.py:925} INFO - DAG(s) 'tutorial_dag' retrieved from /home/airflow/.local/lib/python3.12/site-packages/airflow/example_dags/tutorial_dag.py
[2024-10-27T13:05:19.228+0000] {logging_mixin.py:190} INFO - [2024-10-27T13:05:19.228+0000] {dag.py:3239} INFO - Sync 1 DAGs
[2024-10-27T13:05:19.241+0000] {logging_mixin.py:190} INFO - [2024-10-27T13:05:19.241+0000] {dag.py:4180} INFO - Setting next_dagrun for tutorial_dag to None, run_after=None
[2024-10-27T13:05:19.262+0000] {processor.py:208} INFO - Processing /home/airflow/.local/lib/python3.12/site-packages/airflow/example_dags/tutorial_dag.py took 0.071 seconds
[2024-10-27T13:05:51.097+0000] {processor.py:186} INFO - Started process (PID=85665) to work on /home/airflow/.local/lib/python3.12/site-packages/airflow/example_dags/tutorial_dag.py
[2024-10-27T13:05:51.099+0000] {processor.py:914} INFO - Processing file /home/airflow/.local/lib/python3.12/site-packages/airflow/example_dags/tutorial_dag.py for tasks to queue
[2024-10-27T13:05:51.100+0000] {logging_mixin.py:190} INFO - [2024-10-27T13:05:51.100+0000] {dagbag.py:588} INFO - Filling up the DagBag from /home/airflow/.local/lib/python3.12/site-packages/airflow/example_dags/tutorial_dag.py
[2024-10-27T13:05:51.110+0000] {processor.py:925} INFO - DAG(s) 'tutorial_dag' retrieved from /home/airflow/.local/lib/python3.12/site-packages/airflow/example_dags/tutorial_dag.py
[2024-10-27T13:05:51.130+0000] {logging_mixin.py:190} INFO - [2024-10-27T13:05:51.130+0000] {dag.py:3239} INFO - Sync 1 DAGs
[2024-10-27T13:05:51.145+0000] {logging_mixin.py:190} INFO - [2024-10-27T13:05:51.145+0000] {dag.py:4180} INFO - Setting next_dagrun for tutorial_dag to None, run_after=None
[2024-10-27T13:05:51.165+0000] {processor.py:208} INFO - Processing /home/airflow/.local/lib/python3.12/site-packages/airflow/example_dags/tutorial_dag.py took 0.075 seconds
[2024-10-27T13:06:22.820+0000] {processor.py:186} INFO - Started process (PID=85729) to work on /home/airflow/.local/lib/python3.12/site-packages/airflow/example_dags/tutorial_dag.py
[2024-10-27T13:06:22.822+0000] {processor.py:914} INFO - Processing file /home/airflow/.local/lib/python3.12/site-packages/airflow/example_dags/tutorial_dag.py for tasks to queue
[2024-10-27T13:06:22.823+0000] {logging_mixin.py:190} INFO - [2024-10-27T13:06:22.823+0000] {dagbag.py:588} INFO - Filling up the DagBag from /home/airflow/.local/lib/python3.12/site-packages/airflow/example_dags/tutorial_dag.py
[2024-10-27T13:06:22.831+0000] {processor.py:925} INFO - DAG(s) 'tutorial_dag' retrieved from /home/airflow/.local/lib/python3.12/site-packages/airflow/example_dags/tutorial_dag.py
[2024-10-27T13:06:22.849+0000] {logging_mixin.py:190} INFO - [2024-10-27T13:06:22.849+0000] {dag.py:3239} INFO - Sync 1 DAGs
[2024-10-27T13:06:22.864+0000] {logging_mixin.py:190} INFO - [2024-10-27T13:06:22.864+0000] {dag.py:4180} INFO - Setting next_dagrun for tutorial_dag to None, run_after=None
[2024-10-27T13:06:22.886+0000] {processor.py:208} INFO - Processing /home/airflow/.local/lib/python3.12/site-packages/airflow/example_dags/tutorial_dag.py took 0.072 seconds
[2024-10-27T13:06:54.796+0000] {processor.py:186} INFO - Started process (PID=85793) to work on /home/airflow/.local/lib/python3.12/site-packages/airflow/example_dags/tutorial_dag.py
[2024-10-27T13:06:54.797+0000] {processor.py:914} INFO - Processing file /home/airflow/.local/lib/python3.12/site-packages/airflow/example_dags/tutorial_dag.py for tasks to queue
[2024-10-27T13:06:54.799+0000] {logging_mixin.py:190} INFO - [2024-10-27T13:06:54.799+0000] {dagbag.py:588} INFO - Filling up the DagBag from /home/airflow/.local/lib/python3.12/site-packages/airflow/example_dags/tutorial_dag.py
[2024-10-27T13:06:54.807+0000] {processor.py:925} INFO - DAG(s) 'tutorial_dag' retrieved from /home/airflow/.local/lib/python3.12/site-packages/airflow/example_dags/tutorial_dag.py
[2024-10-27T13:06:54.825+0000] {logging_mixin.py:190} INFO - [2024-10-27T13:06:54.825+0000] {dag.py:3239} INFO - Sync 1 DAGs
[2024-10-27T13:06:54.839+0000] {logging_mixin.py:190} INFO - [2024-10-27T13:06:54.839+0000] {dag.py:4180} INFO - Setting next_dagrun for tutorial_dag to None, run_after=None
[2024-10-27T13:06:54.868+0000] {processor.py:208} INFO - Processing /home/airflow/.local/lib/python3.12/site-packages/airflow/example_dags/tutorial_dag.py took 0.077 seconds
[2024-10-27T13:07:26.584+0000] {processor.py:186} INFO - Started process (PID=85857) to work on /home/airflow/.local/lib/python3.12/site-packages/airflow/example_dags/tutorial_dag.py
[2024-10-27T13:07:26.585+0000] {processor.py:914} INFO - Processing file /home/airflow/.local/lib/python3.12/site-packages/airflow/example_dags/tutorial_dag.py for tasks to queue
[2024-10-27T13:07:26.587+0000] {logging_mixin.py:190} INFO - [2024-10-27T13:07:26.586+0000] {dagbag.py:588} INFO - Filling up the DagBag from /home/airflow/.local/lib/python3.12/site-packages/airflow/example_dags/tutorial_dag.py
[2024-10-27T13:07:26.598+0000] {processor.py:925} INFO - DAG(s) 'tutorial_dag' retrieved from /home/airflow/.local/lib/python3.12/site-packages/airflow/example_dags/tutorial_dag.py
[2024-10-27T13:07:26.618+0000] {logging_mixin.py:190} INFO - [2024-10-27T13:07:26.618+0000] {dag.py:3239} INFO - Sync 1 DAGs
[2024-10-27T13:07:26.633+0000] {logging_mixin.py:190} INFO - [2024-10-27T13:07:26.633+0000] {dag.py:4180} INFO - Setting next_dagrun for tutorial_dag to None, run_after=None
[2024-10-27T13:07:26.655+0000] {processor.py:208} INFO - Processing /home/airflow/.local/lib/python3.12/site-packages/airflow/example_dags/tutorial_dag.py took 0.077 seconds
[2024-10-27T13:07:58.000+0000] {processor.py:186} INFO - Started process (PID=85921) to work on /home/airflow/.local/lib/python3.12/site-packages/airflow/example_dags/tutorial_dag.py
[2024-10-27T13:07:58.001+0000] {processor.py:914} INFO - Processing file /home/airflow/.local/lib/python3.12/site-packages/airflow/example_dags/tutorial_dag.py for tasks to queue
[2024-10-27T13:07:58.002+0000] {logging_mixin.py:190} INFO - [2024-10-27T13:07:58.002+0000] {dagbag.py:588} INFO - Filling up the DagBag from /home/airflow/.local/lib/python3.12/site-packages/airflow/example_dags/tutorial_dag.py
[2024-10-27T13:07:58.011+0000] {processor.py:925} INFO - DAG(s) 'tutorial_dag' retrieved from /home/airflow/.local/lib/python3.12/site-packages/airflow/example_dags/tutorial_dag.py
[2024-10-27T13:07:58.033+0000] {logging_mixin.py:190} INFO - [2024-10-27T13:07:58.033+0000] {dag.py:3239} INFO - Sync 1 DAGs
[2024-10-27T13:07:58.048+0000] {logging_mixin.py:190} INFO - [2024-10-27T13:07:58.047+0000] {dag.py:4180} INFO - Setting next_dagrun for tutorial_dag to None, run_after=None
[2024-10-27T13:07:58.069+0000] {processor.py:208} INFO - Processing /home/airflow/.local/lib/python3.12/site-packages/airflow/example_dags/tutorial_dag.py took 0.075 seconds
[2024-10-27T13:08:29.554+0000] {processor.py:186} INFO - Started process (PID=85985) to work on /home/airflow/.local/lib/python3.12/site-packages/airflow/example_dags/tutorial_dag.py
[2024-10-27T13:08:29.555+0000] {processor.py:914} INFO - Processing file /home/airflow/.local/lib/python3.12/site-packages/airflow/example_dags/tutorial_dag.py for tasks to queue
[2024-10-27T13:08:29.557+0000] {logging_mixin.py:190} INFO - [2024-10-27T13:08:29.556+0000] {dagbag.py:588} INFO - Filling up the DagBag from /home/airflow/.local/lib/python3.12/site-packages/airflow/example_dags/tutorial_dag.py
[2024-10-27T13:08:29.564+0000] {processor.py:925} INFO - DAG(s) 'tutorial_dag' retrieved from /home/airflow/.local/lib/python3.12/site-packages/airflow/example_dags/tutorial_dag.py
[2024-10-27T13:08:29.585+0000] {logging_mixin.py:190} INFO - [2024-10-27T13:08:29.584+0000] {dag.py:3239} INFO - Sync 1 DAGs
[2024-10-27T13:08:29.601+0000] {logging_mixin.py:190} INFO - [2024-10-27T13:08:29.601+0000] {dag.py:4180} INFO - Setting next_dagrun for tutorial_dag to None, run_after=None
[2024-10-27T13:08:29.626+0000] {processor.py:208} INFO - Processing /home/airflow/.local/lib/python3.12/site-packages/airflow/example_dags/tutorial_dag.py took 0.077 seconds
[2024-10-27T13:09:00.824+0000] {processor.py:186} INFO - Started process (PID=86052) to work on /home/airflow/.local/lib/python3.12/site-packages/airflow/example_dags/tutorial_dag.py
[2024-10-27T13:09:00.825+0000] {processor.py:914} INFO - Processing file /home/airflow/.local/lib/python3.12/site-packages/airflow/example_dags/tutorial_dag.py for tasks to queue
[2024-10-27T13:09:00.827+0000] {logging_mixin.py:190} INFO - [2024-10-27T13:09:00.827+0000] {dagbag.py:588} INFO - Filling up the DagBag from /home/airflow/.local/lib/python3.12/site-packages/airflow/example_dags/tutorial_dag.py
[2024-10-27T13:09:00.835+0000] {processor.py:925} INFO - DAG(s) 'tutorial_dag' retrieved from /home/airflow/.local/lib/python3.12/site-packages/airflow/example_dags/tutorial_dag.py
[2024-10-27T13:09:00.858+0000] {logging_mixin.py:190} INFO - [2024-10-27T13:09:00.857+0000] {dag.py:3239} INFO - Sync 1 DAGs
[2024-10-27T13:09:00.875+0000] {logging_mixin.py:190} INFO - [2024-10-27T13:09:00.875+0000] {dag.py:4180} INFO - Setting next_dagrun for tutorial_dag to None, run_after=None
[2024-10-27T13:09:00.900+0000] {processor.py:208} INFO - Processing /home/airflow/.local/lib/python3.12/site-packages/airflow/example_dags/tutorial_dag.py took 0.084 seconds
[2024-10-27T13:09:32.099+0000] {processor.py:186} INFO - Started process (PID=86117) to work on /home/airflow/.local/lib/python3.12/site-packages/airflow/example_dags/tutorial_dag.py
[2024-10-27T13:09:32.101+0000] {processor.py:914} INFO - Processing file /home/airflow/.local/lib/python3.12/site-packages/airflow/example_dags/tutorial_dag.py for tasks to queue
[2024-10-27T13:09:32.102+0000] {logging_mixin.py:190} INFO - [2024-10-27T13:09:32.102+0000] {dagbag.py:588} INFO - Filling up the DagBag from /home/airflow/.local/lib/python3.12/site-packages/airflow/example_dags/tutorial_dag.py
[2024-10-27T13:09:32.112+0000] {processor.py:925} INFO - DAG(s) 'tutorial_dag' retrieved from /home/airflow/.local/lib/python3.12/site-packages/airflow/example_dags/tutorial_dag.py
[2024-10-27T13:09:32.136+0000] {logging_mixin.py:190} INFO - [2024-10-27T13:09:32.136+0000] {dag.py:3239} INFO - Sync 1 DAGs
[2024-10-27T13:09:32.156+0000] {logging_mixin.py:190} INFO - [2024-10-27T13:09:32.156+0000] {dag.py:4180} INFO - Setting next_dagrun for tutorial_dag to None, run_after=None
[2024-10-27T13:09:32.185+0000] {processor.py:208} INFO - Processing /home/airflow/.local/lib/python3.12/site-packages/airflow/example_dags/tutorial_dag.py took 0.094 seconds
[2024-10-27T13:10:03.640+0000] {processor.py:186} INFO - Started process (PID=86181) to work on /home/airflow/.local/lib/python3.12/site-packages/airflow/example_dags/tutorial_dag.py
[2024-10-27T13:10:03.641+0000] {processor.py:914} INFO - Processing file /home/airflow/.local/lib/python3.12/site-packages/airflow/example_dags/tutorial_dag.py for tasks to queue
[2024-10-27T13:10:03.642+0000] {logging_mixin.py:190} INFO - [2024-10-27T13:10:03.642+0000] {dagbag.py:588} INFO - Filling up the DagBag from /home/airflow/.local/lib/python3.12/site-packages/airflow/example_dags/tutorial_dag.py
[2024-10-27T13:10:03.650+0000] {processor.py:925} INFO - DAG(s) 'tutorial_dag' retrieved from /home/airflow/.local/lib/python3.12/site-packages/airflow/example_dags/tutorial_dag.py
[2024-10-27T13:10:03.668+0000] {logging_mixin.py:190} INFO - [2024-10-27T13:10:03.668+0000] {dag.py:3239} INFO - Sync 1 DAGs
[2024-10-27T13:10:03.682+0000] {logging_mixin.py:190} INFO - [2024-10-27T13:10:03.682+0000] {dag.py:4180} INFO - Setting next_dagrun for tutorial_dag to None, run_after=None
[2024-10-27T13:10:03.703+0000] {processor.py:208} INFO - Processing /home/airflow/.local/lib/python3.12/site-packages/airflow/example_dags/tutorial_dag.py took 0.069 seconds
[2024-10-27T13:10:35.265+0000] {processor.py:186} INFO - Started process (PID=86245) to work on /home/airflow/.local/lib/python3.12/site-packages/airflow/example_dags/tutorial_dag.py
[2024-10-27T13:10:35.266+0000] {processor.py:914} INFO - Processing file /home/airflow/.local/lib/python3.12/site-packages/airflow/example_dags/tutorial_dag.py for tasks to queue
[2024-10-27T13:10:35.267+0000] {logging_mixin.py:190} INFO - [2024-10-27T13:10:35.267+0000] {dagbag.py:588} INFO - Filling up the DagBag from /home/airflow/.local/lib/python3.12/site-packages/airflow/example_dags/tutorial_dag.py
[2024-10-27T13:10:35.274+0000] {processor.py:925} INFO - DAG(s) 'tutorial_dag' retrieved from /home/airflow/.local/lib/python3.12/site-packages/airflow/example_dags/tutorial_dag.py
[2024-10-27T13:10:35.292+0000] {logging_mixin.py:190} INFO - [2024-10-27T13:10:35.292+0000] {dag.py:3239} INFO - Sync 1 DAGs
[2024-10-27T13:10:35.306+0000] {logging_mixin.py:190} INFO - [2024-10-27T13:10:35.306+0000] {dag.py:4180} INFO - Setting next_dagrun for tutorial_dag to None, run_after=None
[2024-10-27T13:10:35.327+0000] {processor.py:208} INFO - Processing /home/airflow/.local/lib/python3.12/site-packages/airflow/example_dags/tutorial_dag.py took 0.067 seconds
[2024-10-27T13:11:07.088+0000] {processor.py:186} INFO - Started process (PID=86309) to work on /home/airflow/.local/lib/python3.12/site-packages/airflow/example_dags/tutorial_dag.py
[2024-10-27T13:11:07.089+0000] {processor.py:914} INFO - Processing file /home/airflow/.local/lib/python3.12/site-packages/airflow/example_dags/tutorial_dag.py for tasks to queue
[2024-10-27T13:11:07.090+0000] {logging_mixin.py:190} INFO - [2024-10-27T13:11:07.090+0000] {dagbag.py:588} INFO - Filling up the DagBag from /home/airflow/.local/lib/python3.12/site-packages/airflow/example_dags/tutorial_dag.py
[2024-10-27T13:11:07.097+0000] {processor.py:925} INFO - DAG(s) 'tutorial_dag' retrieved from /home/airflow/.local/lib/python3.12/site-packages/airflow/example_dags/tutorial_dag.py
[2024-10-27T13:11:07.115+0000] {logging_mixin.py:190} INFO - [2024-10-27T13:11:07.115+0000] {dag.py:3239} INFO - Sync 1 DAGs
[2024-10-27T13:11:07.128+0000] {logging_mixin.py:190} INFO - [2024-10-27T13:11:07.128+0000] {dag.py:4180} INFO - Setting next_dagrun for tutorial_dag to None, run_after=None
[2024-10-27T13:11:07.149+0000] {processor.py:208} INFO - Processing /home/airflow/.local/lib/python3.12/site-packages/airflow/example_dags/tutorial_dag.py took 0.066 seconds
[2024-10-27T13:11:38.990+0000] {processor.py:186} INFO - Started process (PID=86373) to work on /home/airflow/.local/lib/python3.12/site-packages/airflow/example_dags/tutorial_dag.py
[2024-10-27T13:11:38.991+0000] {processor.py:914} INFO - Processing file /home/airflow/.local/lib/python3.12/site-packages/airflow/example_dags/tutorial_dag.py for tasks to queue
[2024-10-27T13:11:38.993+0000] {logging_mixin.py:190} INFO - [2024-10-27T13:11:38.993+0000] {dagbag.py:588} INFO - Filling up the DagBag from /home/airflow/.local/lib/python3.12/site-packages/airflow/example_dags/tutorial_dag.py
[2024-10-27T13:11:39.000+0000] {processor.py:925} INFO - DAG(s) 'tutorial_dag' retrieved from /home/airflow/.local/lib/python3.12/site-packages/airflow/example_dags/tutorial_dag.py
[2024-10-27T13:11:39.018+0000] {logging_mixin.py:190} INFO - [2024-10-27T13:11:39.018+0000] {dag.py:3239} INFO - Sync 1 DAGs
[2024-10-27T13:11:39.033+0000] {logging_mixin.py:190} INFO - [2024-10-27T13:11:39.032+0000] {dag.py:4180} INFO - Setting next_dagrun for tutorial_dag to None, run_after=None
[2024-10-27T13:11:39.054+0000] {processor.py:208} INFO - Processing /home/airflow/.local/lib/python3.12/site-packages/airflow/example_dags/tutorial_dag.py took 0.070 seconds
[2024-10-27T13:12:10.694+0000] {processor.py:186} INFO - Started process (PID=86437) to work on /home/airflow/.local/lib/python3.12/site-packages/airflow/example_dags/tutorial_dag.py
[2024-10-27T13:12:10.695+0000] {processor.py:914} INFO - Processing file /home/airflow/.local/lib/python3.12/site-packages/airflow/example_dags/tutorial_dag.py for tasks to queue
[2024-10-27T13:12:10.697+0000] {logging_mixin.py:190} INFO - [2024-10-27T13:12:10.696+0000] {dagbag.py:588} INFO - Filling up the DagBag from /home/airflow/.local/lib/python3.12/site-packages/airflow/example_dags/tutorial_dag.py
[2024-10-27T13:12:10.703+0000] {processor.py:925} INFO - DAG(s) 'tutorial_dag' retrieved from /home/airflow/.local/lib/python3.12/site-packages/airflow/example_dags/tutorial_dag.py
[2024-10-27T13:12:10.721+0000] {logging_mixin.py:190} INFO - [2024-10-27T13:12:10.721+0000] {dag.py:3239} INFO - Sync 1 DAGs
[2024-10-27T13:12:10.735+0000] {logging_mixin.py:190} INFO - [2024-10-27T13:12:10.734+0000] {dag.py:4180} INFO - Setting next_dagrun for tutorial_dag to None, run_after=None
[2024-10-27T13:12:10.757+0000] {processor.py:208} INFO - Processing /home/airflow/.local/lib/python3.12/site-packages/airflow/example_dags/tutorial_dag.py took 0.068 seconds
[2024-10-27T13:12:42.513+0000] {processor.py:186} INFO - Started process (PID=86501) to work on /home/airflow/.local/lib/python3.12/site-packages/airflow/example_dags/tutorial_dag.py
[2024-10-27T13:12:42.514+0000] {processor.py:914} INFO - Processing file /home/airflow/.local/lib/python3.12/site-packages/airflow/example_dags/tutorial_dag.py for tasks to queue
[2024-10-27T13:12:42.515+0000] {logging_mixin.py:190} INFO - [2024-10-27T13:12:42.515+0000] {dagbag.py:588} INFO - Filling up the DagBag from /home/airflow/.local/lib/python3.12/site-packages/airflow/example_dags/tutorial_dag.py
[2024-10-27T13:12:42.522+0000] {processor.py:925} INFO - DAG(s) 'tutorial_dag' retrieved from /home/airflow/.local/lib/python3.12/site-packages/airflow/example_dags/tutorial_dag.py
[2024-10-27T13:12:42.540+0000] {logging_mixin.py:190} INFO - [2024-10-27T13:12:42.540+0000] {dag.py:3239} INFO - Sync 1 DAGs
[2024-10-27T13:12:42.553+0000] {logging_mixin.py:190} INFO - [2024-10-27T13:12:42.553+0000] {dag.py:4180} INFO - Setting next_dagrun for tutorial_dag to None, run_after=None
[2024-10-27T13:12:42.574+0000] {processor.py:208} INFO - Processing /home/airflow/.local/lib/python3.12/site-packages/airflow/example_dags/tutorial_dag.py took 0.067 seconds
[2024-10-27T13:13:13.490+0000] {processor.py:186} INFO - Started process (PID=86565) to work on /home/airflow/.local/lib/python3.12/site-packages/airflow/example_dags/tutorial_dag.py
[2024-10-27T13:13:13.491+0000] {processor.py:914} INFO - Processing file /home/airflow/.local/lib/python3.12/site-packages/airflow/example_dags/tutorial_dag.py for tasks to queue
[2024-10-27T13:13:13.492+0000] {logging_mixin.py:190} INFO - [2024-10-27T13:13:13.492+0000] {dagbag.py:588} INFO - Filling up the DagBag from /home/airflow/.local/lib/python3.12/site-packages/airflow/example_dags/tutorial_dag.py
[2024-10-27T13:13:13.499+0000] {processor.py:925} INFO - DAG(s) 'tutorial_dag' retrieved from /home/airflow/.local/lib/python3.12/site-packages/airflow/example_dags/tutorial_dag.py
[2024-10-27T13:13:13.516+0000] {logging_mixin.py:190} INFO - [2024-10-27T13:13:13.516+0000] {dag.py:3239} INFO - Sync 1 DAGs
[2024-10-27T13:13:13.529+0000] {logging_mixin.py:190} INFO - [2024-10-27T13:13:13.529+0000] {dag.py:4180} INFO - Setting next_dagrun for tutorial_dag to None, run_after=None
[2024-10-27T13:13:13.550+0000] {processor.py:208} INFO - Processing /home/airflow/.local/lib/python3.12/site-packages/airflow/example_dags/tutorial_dag.py took 0.065 seconds
[2024-10-27T13:13:44.878+0000] {processor.py:186} INFO - Started process (PID=86629) to work on /home/airflow/.local/lib/python3.12/site-packages/airflow/example_dags/tutorial_dag.py
[2024-10-27T13:13:44.879+0000] {processor.py:914} INFO - Processing file /home/airflow/.local/lib/python3.12/site-packages/airflow/example_dags/tutorial_dag.py for tasks to queue
[2024-10-27T13:13:44.881+0000] {logging_mixin.py:190} INFO - [2024-10-27T13:13:44.881+0000] {dagbag.py:588} INFO - Filling up the DagBag from /home/airflow/.local/lib/python3.12/site-packages/airflow/example_dags/tutorial_dag.py
[2024-10-27T13:13:44.888+0000] {processor.py:925} INFO - DAG(s) 'tutorial_dag' retrieved from /home/airflow/.local/lib/python3.12/site-packages/airflow/example_dags/tutorial_dag.py
[2024-10-27T13:13:44.906+0000] {logging_mixin.py:190} INFO - [2024-10-27T13:13:44.906+0000] {dag.py:3239} INFO - Sync 1 DAGs
[2024-10-27T13:13:44.920+0000] {logging_mixin.py:190} INFO - [2024-10-27T13:13:44.920+0000] {dag.py:4180} INFO - Setting next_dagrun for tutorial_dag to None, run_after=None
[2024-10-27T13:13:44.944+0000] {processor.py:208} INFO - Processing /home/airflow/.local/lib/python3.12/site-packages/airflow/example_dags/tutorial_dag.py took 0.072 seconds
[2024-10-27T13:14:16.410+0000] {processor.py:186} INFO - Started process (PID=86693) to work on /home/airflow/.local/lib/python3.12/site-packages/airflow/example_dags/tutorial_dag.py
[2024-10-27T13:14:16.411+0000] {processor.py:914} INFO - Processing file /home/airflow/.local/lib/python3.12/site-packages/airflow/example_dags/tutorial_dag.py for tasks to queue
[2024-10-27T13:14:16.413+0000] {logging_mixin.py:190} INFO - [2024-10-27T13:14:16.413+0000] {dagbag.py:588} INFO - Filling up the DagBag from /home/airflow/.local/lib/python3.12/site-packages/airflow/example_dags/tutorial_dag.py
[2024-10-27T13:14:16.422+0000] {processor.py:925} INFO - DAG(s) 'tutorial_dag' retrieved from /home/airflow/.local/lib/python3.12/site-packages/airflow/example_dags/tutorial_dag.py
[2024-10-27T13:14:16.442+0000] {logging_mixin.py:190} INFO - [2024-10-27T13:14:16.442+0000] {dag.py:3239} INFO - Sync 1 DAGs
[2024-10-27T13:14:16.456+0000] {logging_mixin.py:190} INFO - [2024-10-27T13:14:16.456+0000] {dag.py:4180} INFO - Setting next_dagrun for tutorial_dag to None, run_after=None
[2024-10-27T13:14:16.474+0000] {processor.py:208} INFO - Processing /home/airflow/.local/lib/python3.12/site-packages/airflow/example_dags/tutorial_dag.py took 0.070 seconds
[2024-10-27T13:14:47.935+0000] {processor.py:186} INFO - Started process (PID=86757) to work on /home/airflow/.local/lib/python3.12/site-packages/airflow/example_dags/tutorial_dag.py
[2024-10-27T13:14:47.936+0000] {processor.py:914} INFO - Processing file /home/airflow/.local/lib/python3.12/site-packages/airflow/example_dags/tutorial_dag.py for tasks to queue
[2024-10-27T13:14:47.937+0000] {logging_mixin.py:190} INFO - [2024-10-27T13:14:47.937+0000] {dagbag.py:588} INFO - Filling up the DagBag from /home/airflow/.local/lib/python3.12/site-packages/airflow/example_dags/tutorial_dag.py
[2024-10-27T13:14:47.944+0000] {processor.py:925} INFO - DAG(s) 'tutorial_dag' retrieved from /home/airflow/.local/lib/python3.12/site-packages/airflow/example_dags/tutorial_dag.py
[2024-10-27T13:14:47.963+0000] {logging_mixin.py:190} INFO - [2024-10-27T13:14:47.962+0000] {dag.py:3239} INFO - Sync 1 DAGs
[2024-10-27T13:14:47.981+0000] {logging_mixin.py:190} INFO - [2024-10-27T13:14:47.981+0000] {dag.py:4180} INFO - Setting next_dagrun for tutorial_dag to None, run_after=None
[2024-10-27T13:14:48.000+0000] {processor.py:208} INFO - Processing /home/airflow/.local/lib/python3.12/site-packages/airflow/example_dags/tutorial_dag.py took 0.071 seconds
[2024-10-27T13:15:19.970+0000] {processor.py:186} INFO - Started process (PID=86821) to work on /home/airflow/.local/lib/python3.12/site-packages/airflow/example_dags/tutorial_dag.py
[2024-10-27T13:15:19.971+0000] {processor.py:914} INFO - Processing file /home/airflow/.local/lib/python3.12/site-packages/airflow/example_dags/tutorial_dag.py for tasks to queue
[2024-10-27T13:15:19.972+0000] {logging_mixin.py:190} INFO - [2024-10-27T13:15:19.972+0000] {dagbag.py:588} INFO - Filling up the DagBag from /home/airflow/.local/lib/python3.12/site-packages/airflow/example_dags/tutorial_dag.py
[2024-10-27T13:15:19.980+0000] {processor.py:925} INFO - DAG(s) 'tutorial_dag' retrieved from /home/airflow/.local/lib/python3.12/site-packages/airflow/example_dags/tutorial_dag.py
[2024-10-27T13:15:19.999+0000] {logging_mixin.py:190} INFO - [2024-10-27T13:15:19.998+0000] {dag.py:3239} INFO - Sync 1 DAGs
[2024-10-27T13:15:20.012+0000] {logging_mixin.py:190} INFO - [2024-10-27T13:15:20.012+0000] {dag.py:4180} INFO - Setting next_dagrun for tutorial_dag to None, run_after=None
[2024-10-27T13:15:20.033+0000] {processor.py:208} INFO - Processing /home/airflow/.local/lib/python3.12/site-packages/airflow/example_dags/tutorial_dag.py took 0.071 seconds
[2024-10-27T13:15:51.588+0000] {processor.py:186} INFO - Started process (PID=86885) to work on /home/airflow/.local/lib/python3.12/site-packages/airflow/example_dags/tutorial_dag.py
[2024-10-27T13:15:51.589+0000] {processor.py:914} INFO - Processing file /home/airflow/.local/lib/python3.12/site-packages/airflow/example_dags/tutorial_dag.py for tasks to queue
[2024-10-27T13:15:51.591+0000] {logging_mixin.py:190} INFO - [2024-10-27T13:15:51.590+0000] {dagbag.py:588} INFO - Filling up the DagBag from /home/airflow/.local/lib/python3.12/site-packages/airflow/example_dags/tutorial_dag.py
[2024-10-27T13:15:51.599+0000] {processor.py:925} INFO - DAG(s) 'tutorial_dag' retrieved from /home/airflow/.local/lib/python3.12/site-packages/airflow/example_dags/tutorial_dag.py
[2024-10-27T13:15:51.617+0000] {logging_mixin.py:190} INFO - [2024-10-27T13:15:51.617+0000] {dag.py:3239} INFO - Sync 1 DAGs
[2024-10-27T13:15:51.631+0000] {logging_mixin.py:190} INFO - [2024-10-27T13:15:51.630+0000] {dag.py:4180} INFO - Setting next_dagrun for tutorial_dag to None, run_after=None
[2024-10-27T13:15:51.653+0000] {processor.py:208} INFO - Processing /home/airflow/.local/lib/python3.12/site-packages/airflow/example_dags/tutorial_dag.py took 0.072 seconds
[2024-10-27T13:16:23.381+0000] {processor.py:186} INFO - Started process (PID=86949) to work on /home/airflow/.local/lib/python3.12/site-packages/airflow/example_dags/tutorial_dag.py
[2024-10-27T13:16:23.383+0000] {processor.py:914} INFO - Processing file /home/airflow/.local/lib/python3.12/site-packages/airflow/example_dags/tutorial_dag.py for tasks to queue
[2024-10-27T13:16:23.384+0000] {logging_mixin.py:190} INFO - [2024-10-27T13:16:23.384+0000] {dagbag.py:588} INFO - Filling up the DagBag from /home/airflow/.local/lib/python3.12/site-packages/airflow/example_dags/tutorial_dag.py
[2024-10-27T13:16:23.392+0000] {processor.py:925} INFO - DAG(s) 'tutorial_dag' retrieved from /home/airflow/.local/lib/python3.12/site-packages/airflow/example_dags/tutorial_dag.py
[2024-10-27T13:16:23.411+0000] {logging_mixin.py:190} INFO - [2024-10-27T13:16:23.411+0000] {dag.py:3239} INFO - Sync 1 DAGs
[2024-10-27T13:16:23.424+0000] {logging_mixin.py:190} INFO - [2024-10-27T13:16:23.424+0000] {dag.py:4180} INFO - Setting next_dagrun for tutorial_dag to None, run_after=None
[2024-10-27T13:16:23.446+0000] {processor.py:208} INFO - Processing /home/airflow/.local/lib/python3.12/site-packages/airflow/example_dags/tutorial_dag.py took 0.071 seconds
[2024-10-27T13:16:55.373+0000] {processor.py:186} INFO - Started process (PID=87013) to work on /home/airflow/.local/lib/python3.12/site-packages/airflow/example_dags/tutorial_dag.py
[2024-10-27T13:16:55.374+0000] {processor.py:914} INFO - Processing file /home/airflow/.local/lib/python3.12/site-packages/airflow/example_dags/tutorial_dag.py for tasks to queue
[2024-10-27T13:16:55.376+0000] {logging_mixin.py:190} INFO - [2024-10-27T13:16:55.375+0000] {dagbag.py:588} INFO - Filling up the DagBag from /home/airflow/.local/lib/python3.12/site-packages/airflow/example_dags/tutorial_dag.py
[2024-10-27T13:16:55.383+0000] {processor.py:925} INFO - DAG(s) 'tutorial_dag' retrieved from /home/airflow/.local/lib/python3.12/site-packages/airflow/example_dags/tutorial_dag.py
[2024-10-27T13:16:55.401+0000] {logging_mixin.py:190} INFO - [2024-10-27T13:16:55.401+0000] {dag.py:3239} INFO - Sync 1 DAGs
[2024-10-27T13:16:55.415+0000] {logging_mixin.py:190} INFO - [2024-10-27T13:16:55.415+0000] {dag.py:4180} INFO - Setting next_dagrun for tutorial_dag to None, run_after=None
[2024-10-27T13:16:55.437+0000] {processor.py:208} INFO - Processing /home/airflow/.local/lib/python3.12/site-packages/airflow/example_dags/tutorial_dag.py took 0.068 seconds
[2024-10-27T13:17:27.086+0000] {processor.py:186} INFO - Started process (PID=87077) to work on /home/airflow/.local/lib/python3.12/site-packages/airflow/example_dags/tutorial_dag.py
[2024-10-27T13:17:27.087+0000] {processor.py:914} INFO - Processing file /home/airflow/.local/lib/python3.12/site-packages/airflow/example_dags/tutorial_dag.py for tasks to queue
[2024-10-27T13:17:27.088+0000] {logging_mixin.py:190} INFO - [2024-10-27T13:17:27.088+0000] {dagbag.py:588} INFO - Filling up the DagBag from /home/airflow/.local/lib/python3.12/site-packages/airflow/example_dags/tutorial_dag.py
[2024-10-27T13:17:27.096+0000] {processor.py:925} INFO - DAG(s) 'tutorial_dag' retrieved from /home/airflow/.local/lib/python3.12/site-packages/airflow/example_dags/tutorial_dag.py
[2024-10-27T13:17:27.117+0000] {logging_mixin.py:190} INFO - [2024-10-27T13:17:27.116+0000] {dag.py:3239} INFO - Sync 1 DAGs
[2024-10-27T13:17:27.130+0000] {logging_mixin.py:190} INFO - [2024-10-27T13:17:27.130+0000] {dag.py:4180} INFO - Setting next_dagrun for tutorial_dag to None, run_after=None
[2024-10-27T13:17:27.150+0000] {processor.py:208} INFO - Processing /home/airflow/.local/lib/python3.12/site-packages/airflow/example_dags/tutorial_dag.py took 0.070 seconds
[2024-10-27T13:17:58.899+0000] {processor.py:186} INFO - Started process (PID=87141) to work on /home/airflow/.local/lib/python3.12/site-packages/airflow/example_dags/tutorial_dag.py
[2024-10-27T13:17:58.900+0000] {processor.py:914} INFO - Processing file /home/airflow/.local/lib/python3.12/site-packages/airflow/example_dags/tutorial_dag.py for tasks to queue
[2024-10-27T13:17:58.902+0000] {logging_mixin.py:190} INFO - [2024-10-27T13:17:58.901+0000] {dagbag.py:588} INFO - Filling up the DagBag from /home/airflow/.local/lib/python3.12/site-packages/airflow/example_dags/tutorial_dag.py
[2024-10-27T13:17:58.915+0000] {processor.py:925} INFO - DAG(s) 'tutorial_dag' retrieved from /home/airflow/.local/lib/python3.12/site-packages/airflow/example_dags/tutorial_dag.py
[2024-10-27T13:17:58.943+0000] {logging_mixin.py:190} INFO - [2024-10-27T13:17:58.942+0000] {dag.py:3239} INFO - Sync 1 DAGs
[2024-10-27T13:17:58.959+0000] {logging_mixin.py:190} INFO - [2024-10-27T13:17:58.959+0000] {dag.py:4180} INFO - Setting next_dagrun for tutorial_dag to None, run_after=None
[2024-10-27T13:17:58.977+0000] {processor.py:208} INFO - Processing /home/airflow/.local/lib/python3.12/site-packages/airflow/example_dags/tutorial_dag.py took 0.084 seconds
[2024-10-27T13:18:30.550+0000] {processor.py:186} INFO - Started process (PID=87205) to work on /home/airflow/.local/lib/python3.12/site-packages/airflow/example_dags/tutorial_dag.py
[2024-10-27T13:18:30.551+0000] {processor.py:914} INFO - Processing file /home/airflow/.local/lib/python3.12/site-packages/airflow/example_dags/tutorial_dag.py for tasks to queue
[2024-10-27T13:18:30.553+0000] {logging_mixin.py:190} INFO - [2024-10-27T13:18:30.553+0000] {dagbag.py:588} INFO - Filling up the DagBag from /home/airflow/.local/lib/python3.12/site-packages/airflow/example_dags/tutorial_dag.py
[2024-10-27T13:18:30.560+0000] {processor.py:925} INFO - DAG(s) 'tutorial_dag' retrieved from /home/airflow/.local/lib/python3.12/site-packages/airflow/example_dags/tutorial_dag.py
[2024-10-27T13:18:30.579+0000] {logging_mixin.py:190} INFO - [2024-10-27T13:18:30.578+0000] {dag.py:3239} INFO - Sync 1 DAGs
[2024-10-27T13:18:30.594+0000] {logging_mixin.py:190} INFO - [2024-10-27T13:18:30.594+0000] {dag.py:4180} INFO - Setting next_dagrun for tutorial_dag to None, run_after=None
[2024-10-27T13:18:30.620+0000] {processor.py:208} INFO - Processing /home/airflow/.local/lib/python3.12/site-packages/airflow/example_dags/tutorial_dag.py took 0.076 seconds
[2024-10-27T13:19:02.595+0000] {processor.py:186} INFO - Started process (PID=87269) to work on /home/airflow/.local/lib/python3.12/site-packages/airflow/example_dags/tutorial_dag.py
[2024-10-27T13:19:02.596+0000] {processor.py:914} INFO - Processing file /home/airflow/.local/lib/python3.12/site-packages/airflow/example_dags/tutorial_dag.py for tasks to queue
[2024-10-27T13:19:02.600+0000] {logging_mixin.py:190} INFO - [2024-10-27T13:19:02.599+0000] {dagbag.py:588} INFO - Filling up the DagBag from /home/airflow/.local/lib/python3.12/site-packages/airflow/example_dags/tutorial_dag.py
[2024-10-27T13:19:02.613+0000] {processor.py:925} INFO - DAG(s) 'tutorial_dag' retrieved from /home/airflow/.local/lib/python3.12/site-packages/airflow/example_dags/tutorial_dag.py
[2024-10-27T13:19:02.643+0000] {logging_mixin.py:190} INFO - [2024-10-27T13:19:02.642+0000] {dag.py:3239} INFO - Sync 1 DAGs
[2024-10-27T13:19:02.668+0000] {logging_mixin.py:190} INFO - [2024-10-27T13:19:02.667+0000] {dag.py:4180} INFO - Setting next_dagrun for tutorial_dag to None, run_after=None
[2024-10-27T13:19:02.708+0000] {processor.py:208} INFO - Processing /home/airflow/.local/lib/python3.12/site-packages/airflow/example_dags/tutorial_dag.py took 0.122 seconds
[2024-10-27T13:19:34.552+0000] {processor.py:186} INFO - Started process (PID=87333) to work on /home/airflow/.local/lib/python3.12/site-packages/airflow/example_dags/tutorial_dag.py
[2024-10-27T13:19:34.554+0000] {processor.py:914} INFO - Processing file /home/airflow/.local/lib/python3.12/site-packages/airflow/example_dags/tutorial_dag.py for tasks to queue
[2024-10-27T13:19:34.555+0000] {logging_mixin.py:190} INFO - [2024-10-27T13:19:34.555+0000] {dagbag.py:588} INFO - Filling up the DagBag from /home/airflow/.local/lib/python3.12/site-packages/airflow/example_dags/tutorial_dag.py
[2024-10-27T13:19:34.563+0000] {processor.py:925} INFO - DAG(s) 'tutorial_dag' retrieved from /home/airflow/.local/lib/python3.12/site-packages/airflow/example_dags/tutorial_dag.py
[2024-10-27T13:19:34.583+0000] {logging_mixin.py:190} INFO - [2024-10-27T13:19:34.583+0000] {dag.py:3239} INFO - Sync 1 DAGs
[2024-10-27T13:19:34.596+0000] {logging_mixin.py:190} INFO - [2024-10-27T13:19:34.596+0000] {dag.py:4180} INFO - Setting next_dagrun for tutorial_dag to None, run_after=None
[2024-10-27T13:19:34.615+0000] {processor.py:208} INFO - Processing /home/airflow/.local/lib/python3.12/site-packages/airflow/example_dags/tutorial_dag.py took 0.068 seconds
[2024-10-27T13:20:06.338+0000] {processor.py:186} INFO - Started process (PID=87397) to work on /home/airflow/.local/lib/python3.12/site-packages/airflow/example_dags/tutorial_dag.py
[2024-10-27T13:20:06.340+0000] {processor.py:914} INFO - Processing file /home/airflow/.local/lib/python3.12/site-packages/airflow/example_dags/tutorial_dag.py for tasks to queue
[2024-10-27T13:20:06.341+0000] {logging_mixin.py:190} INFO - [2024-10-27T13:20:06.341+0000] {dagbag.py:588} INFO - Filling up the DagBag from /home/airflow/.local/lib/python3.12/site-packages/airflow/example_dags/tutorial_dag.py
[2024-10-27T13:20:06.348+0000] {processor.py:925} INFO - DAG(s) 'tutorial_dag' retrieved from /home/airflow/.local/lib/python3.12/site-packages/airflow/example_dags/tutorial_dag.py
[2024-10-27T13:20:06.366+0000] {logging_mixin.py:190} INFO - [2024-10-27T13:20:06.366+0000] {dag.py:3239} INFO - Sync 1 DAGs
[2024-10-27T13:20:06.379+0000] {logging_mixin.py:190} INFO - [2024-10-27T13:20:06.379+0000] {dag.py:4180} INFO - Setting next_dagrun for tutorial_dag to None, run_after=None
[2024-10-27T13:20:06.397+0000] {processor.py:208} INFO - Processing /home/airflow/.local/lib/python3.12/site-packages/airflow/example_dags/tutorial_dag.py took 0.065 seconds
[2024-10-27T13:20:38.031+0000] {processor.py:186} INFO - Started process (PID=87464) to work on /home/airflow/.local/lib/python3.12/site-packages/airflow/example_dags/tutorial_dag.py
[2024-10-27T13:20:38.032+0000] {processor.py:914} INFO - Processing file /home/airflow/.local/lib/python3.12/site-packages/airflow/example_dags/tutorial_dag.py for tasks to queue
[2024-10-27T13:20:38.034+0000] {logging_mixin.py:190} INFO - [2024-10-27T13:20:38.033+0000] {dagbag.py:588} INFO - Filling up the DagBag from /home/airflow/.local/lib/python3.12/site-packages/airflow/example_dags/tutorial_dag.py
[2024-10-27T13:20:38.042+0000] {processor.py:925} INFO - DAG(s) 'tutorial_dag' retrieved from /home/airflow/.local/lib/python3.12/site-packages/airflow/example_dags/tutorial_dag.py
[2024-10-27T13:20:38.064+0000] {logging_mixin.py:190} INFO - [2024-10-27T13:20:38.064+0000] {dag.py:3239} INFO - Sync 1 DAGs
[2024-10-27T13:20:38.080+0000] {logging_mixin.py:190} INFO - [2024-10-27T13:20:38.079+0000] {dag.py:4180} INFO - Setting next_dagrun for tutorial_dag to None, run_after=None
[2024-10-27T13:20:38.102+0000] {processor.py:208} INFO - Processing /home/airflow/.local/lib/python3.12/site-packages/airflow/example_dags/tutorial_dag.py took 0.077 seconds
[2024-10-27T13:21:09.900+0000] {processor.py:186} INFO - Started process (PID=87528) to work on /home/airflow/.local/lib/python3.12/site-packages/airflow/example_dags/tutorial_dag.py
[2024-10-27T13:21:09.901+0000] {processor.py:914} INFO - Processing file /home/airflow/.local/lib/python3.12/site-packages/airflow/example_dags/tutorial_dag.py for tasks to queue
[2024-10-27T13:21:09.903+0000] {logging_mixin.py:190} INFO - [2024-10-27T13:21:09.902+0000] {dagbag.py:588} INFO - Filling up the DagBag from /home/airflow/.local/lib/python3.12/site-packages/airflow/example_dags/tutorial_dag.py
[2024-10-27T13:21:09.911+0000] {processor.py:925} INFO - DAG(s) 'tutorial_dag' retrieved from /home/airflow/.local/lib/python3.12/site-packages/airflow/example_dags/tutorial_dag.py
[2024-10-27T13:21:09.930+0000] {logging_mixin.py:190} INFO - [2024-10-27T13:21:09.930+0000] {dag.py:3239} INFO - Sync 1 DAGs
[2024-10-27T13:21:09.944+0000] {logging_mixin.py:190} INFO - [2024-10-27T13:21:09.944+0000] {dag.py:4180} INFO - Setting next_dagrun for tutorial_dag to None, run_after=None
[2024-10-27T13:21:09.966+0000] {processor.py:208} INFO - Processing /home/airflow/.local/lib/python3.12/site-packages/airflow/example_dags/tutorial_dag.py took 0.071 seconds
[2024-10-27T13:21:40.917+0000] {processor.py:186} INFO - Started process (PID=87592) to work on /home/airflow/.local/lib/python3.12/site-packages/airflow/example_dags/tutorial_dag.py
[2024-10-27T13:21:40.918+0000] {processor.py:914} INFO - Processing file /home/airflow/.local/lib/python3.12/site-packages/airflow/example_dags/tutorial_dag.py for tasks to queue
[2024-10-27T13:21:40.920+0000] {logging_mixin.py:190} INFO - [2024-10-27T13:21:40.920+0000] {dagbag.py:588} INFO - Filling up the DagBag from /home/airflow/.local/lib/python3.12/site-packages/airflow/example_dags/tutorial_dag.py
[2024-10-27T13:21:40.929+0000] {processor.py:925} INFO - DAG(s) 'tutorial_dag' retrieved from /home/airflow/.local/lib/python3.12/site-packages/airflow/example_dags/tutorial_dag.py
[2024-10-27T13:21:40.947+0000] {logging_mixin.py:190} INFO - [2024-10-27T13:21:40.947+0000] {dag.py:3239} INFO - Sync 1 DAGs
[2024-10-27T13:21:40.962+0000] {logging_mixin.py:190} INFO - [2024-10-27T13:21:40.962+0000] {dag.py:4180} INFO - Setting next_dagrun for tutorial_dag to None, run_after=None
[2024-10-27T13:21:40.981+0000] {processor.py:208} INFO - Processing /home/airflow/.local/lib/python3.12/site-packages/airflow/example_dags/tutorial_dag.py took 0.070 seconds
[2024-10-27T13:22:13.138+0000] {processor.py:186} INFO - Started process (PID=87656) to work on /home/airflow/.local/lib/python3.12/site-packages/airflow/example_dags/tutorial_dag.py
[2024-10-27T13:22:13.139+0000] {processor.py:914} INFO - Processing file /home/airflow/.local/lib/python3.12/site-packages/airflow/example_dags/tutorial_dag.py for tasks to queue
[2024-10-27T13:22:13.141+0000] {logging_mixin.py:190} INFO - [2024-10-27T13:22:13.140+0000] {dagbag.py:588} INFO - Filling up the DagBag from /home/airflow/.local/lib/python3.12/site-packages/airflow/example_dags/tutorial_dag.py
[2024-10-27T13:22:13.149+0000] {processor.py:925} INFO - DAG(s) 'tutorial_dag' retrieved from /home/airflow/.local/lib/python3.12/site-packages/airflow/example_dags/tutorial_dag.py
[2024-10-27T13:22:13.167+0000] {logging_mixin.py:190} INFO - [2024-10-27T13:22:13.167+0000] {dag.py:3239} INFO - Sync 1 DAGs
[2024-10-27T13:22:13.181+0000] {logging_mixin.py:190} INFO - [2024-10-27T13:22:13.181+0000] {dag.py:4180} INFO - Setting next_dagrun for tutorial_dag to None, run_after=None
[2024-10-27T13:22:13.202+0000] {processor.py:208} INFO - Processing /home/airflow/.local/lib/python3.12/site-packages/airflow/example_dags/tutorial_dag.py took 0.071 seconds
[2024-10-27T13:22:44.993+0000] {processor.py:186} INFO - Started process (PID=87720) to work on /home/airflow/.local/lib/python3.12/site-packages/airflow/example_dags/tutorial_dag.py
[2024-10-27T13:22:44.995+0000] {processor.py:914} INFO - Processing file /home/airflow/.local/lib/python3.12/site-packages/airflow/example_dags/tutorial_dag.py for tasks to queue
[2024-10-27T13:22:44.996+0000] {logging_mixin.py:190} INFO - [2024-10-27T13:22:44.996+0000] {dagbag.py:588} INFO - Filling up the DagBag from /home/airflow/.local/lib/python3.12/site-packages/airflow/example_dags/tutorial_dag.py
[2024-10-27T13:22:45.004+0000] {processor.py:925} INFO - DAG(s) 'tutorial_dag' retrieved from /home/airflow/.local/lib/python3.12/site-packages/airflow/example_dags/tutorial_dag.py
[2024-10-27T13:22:45.024+0000] {logging_mixin.py:190} INFO - [2024-10-27T13:22:45.024+0000] {dag.py:3239} INFO - Sync 1 DAGs
[2024-10-27T13:22:45.038+0000] {logging_mixin.py:190} INFO - [2024-10-27T13:22:45.037+0000] {dag.py:4180} INFO - Setting next_dagrun for tutorial_dag to None, run_after=None
[2024-10-27T13:22:45.059+0000] {processor.py:208} INFO - Processing /home/airflow/.local/lib/python3.12/site-packages/airflow/example_dags/tutorial_dag.py took 0.073 seconds
[2024-10-27T13:23:16.896+0000] {processor.py:186} INFO - Started process (PID=87784) to work on /home/airflow/.local/lib/python3.12/site-packages/airflow/example_dags/tutorial_dag.py
[2024-10-27T13:23:16.897+0000] {processor.py:914} INFO - Processing file /home/airflow/.local/lib/python3.12/site-packages/airflow/example_dags/tutorial_dag.py for tasks to queue
[2024-10-27T13:23:16.898+0000] {logging_mixin.py:190} INFO - [2024-10-27T13:23:16.898+0000] {dagbag.py:588} INFO - Filling up the DagBag from /home/airflow/.local/lib/python3.12/site-packages/airflow/example_dags/tutorial_dag.py
[2024-10-27T13:23:16.906+0000] {processor.py:925} INFO - DAG(s) 'tutorial_dag' retrieved from /home/airflow/.local/lib/python3.12/site-packages/airflow/example_dags/tutorial_dag.py
[2024-10-27T13:23:16.924+0000] {logging_mixin.py:190} INFO - [2024-10-27T13:23:16.923+0000] {dag.py:3239} INFO - Sync 1 DAGs
[2024-10-27T13:23:16.937+0000] {logging_mixin.py:190} INFO - [2024-10-27T13:23:16.937+0000] {dag.py:4180} INFO - Setting next_dagrun for tutorial_dag to None, run_after=None
[2024-10-27T13:23:16.959+0000] {processor.py:208} INFO - Processing /home/airflow/.local/lib/python3.12/site-packages/airflow/example_dags/tutorial_dag.py took 0.068 seconds
[2024-10-27T13:23:48.802+0000] {processor.py:186} INFO - Started process (PID=87848) to work on /home/airflow/.local/lib/python3.12/site-packages/airflow/example_dags/tutorial_dag.py
[2024-10-27T13:23:48.803+0000] {processor.py:914} INFO - Processing file /home/airflow/.local/lib/python3.12/site-packages/airflow/example_dags/tutorial_dag.py for tasks to queue
[2024-10-27T13:23:48.805+0000] {logging_mixin.py:190} INFO - [2024-10-27T13:23:48.804+0000] {dagbag.py:588} INFO - Filling up the DagBag from /home/airflow/.local/lib/python3.12/site-packages/airflow/example_dags/tutorial_dag.py
[2024-10-27T13:23:48.812+0000] {processor.py:925} INFO - DAG(s) 'tutorial_dag' retrieved from /home/airflow/.local/lib/python3.12/site-packages/airflow/example_dags/tutorial_dag.py
[2024-10-27T13:23:48.829+0000] {logging_mixin.py:190} INFO - [2024-10-27T13:23:48.829+0000] {dag.py:3239} INFO - Sync 1 DAGs
[2024-10-27T13:23:48.843+0000] {logging_mixin.py:190} INFO - [2024-10-27T13:23:48.842+0000] {dag.py:4180} INFO - Setting next_dagrun for tutorial_dag to None, run_after=None
[2024-10-27T13:23:48.863+0000] {processor.py:208} INFO - Processing /home/airflow/.local/lib/python3.12/site-packages/airflow/example_dags/tutorial_dag.py took 0.067 seconds
[2024-10-27T13:24:20.659+0000] {processor.py:186} INFO - Started process (PID=87912) to work on /home/airflow/.local/lib/python3.12/site-packages/airflow/example_dags/tutorial_dag.py
[2024-10-27T13:24:20.660+0000] {processor.py:914} INFO - Processing file /home/airflow/.local/lib/python3.12/site-packages/airflow/example_dags/tutorial_dag.py for tasks to queue
[2024-10-27T13:24:20.662+0000] {logging_mixin.py:190} INFO - [2024-10-27T13:24:20.661+0000] {dagbag.py:588} INFO - Filling up the DagBag from /home/airflow/.local/lib/python3.12/site-packages/airflow/example_dags/tutorial_dag.py
[2024-10-27T13:24:20.669+0000] {processor.py:925} INFO - DAG(s) 'tutorial_dag' retrieved from /home/airflow/.local/lib/python3.12/site-packages/airflow/example_dags/tutorial_dag.py
[2024-10-27T13:24:20.686+0000] {logging_mixin.py:190} INFO - [2024-10-27T13:24:20.686+0000] {dag.py:3239} INFO - Sync 1 DAGs
[2024-10-27T13:24:20.701+0000] {logging_mixin.py:190} INFO - [2024-10-27T13:24:20.701+0000] {dag.py:4180} INFO - Setting next_dagrun for tutorial_dag to None, run_after=None
[2024-10-27T13:24:20.722+0000] {processor.py:208} INFO - Processing /home/airflow/.local/lib/python3.12/site-packages/airflow/example_dags/tutorial_dag.py took 0.069 seconds
[2024-10-27T13:24:52.568+0000] {processor.py:186} INFO - Started process (PID=87976) to work on /home/airflow/.local/lib/python3.12/site-packages/airflow/example_dags/tutorial_dag.py
[2024-10-27T13:24:52.569+0000] {processor.py:914} INFO - Processing file /home/airflow/.local/lib/python3.12/site-packages/airflow/example_dags/tutorial_dag.py for tasks to queue
[2024-10-27T13:24:52.570+0000] {logging_mixin.py:190} INFO - [2024-10-27T13:24:52.570+0000] {dagbag.py:588} INFO - Filling up the DagBag from /home/airflow/.local/lib/python3.12/site-packages/airflow/example_dags/tutorial_dag.py
[2024-10-27T13:24:52.577+0000] {processor.py:925} INFO - DAG(s) 'tutorial_dag' retrieved from /home/airflow/.local/lib/python3.12/site-packages/airflow/example_dags/tutorial_dag.py
[2024-10-27T13:24:52.595+0000] {logging_mixin.py:190} INFO - [2024-10-27T13:24:52.595+0000] {dag.py:3239} INFO - Sync 1 DAGs
[2024-10-27T13:24:52.610+0000] {logging_mixin.py:190} INFO - [2024-10-27T13:24:52.609+0000] {dag.py:4180} INFO - Setting next_dagrun for tutorial_dag to None, run_after=None
[2024-10-27T13:24:52.633+0000] {processor.py:208} INFO - Processing /home/airflow/.local/lib/python3.12/site-packages/airflow/example_dags/tutorial_dag.py took 0.071 seconds
[2024-10-27T13:25:23.428+0000] {processor.py:186} INFO - Started process (PID=88040) to work on /home/airflow/.local/lib/python3.12/site-packages/airflow/example_dags/tutorial_dag.py
[2024-10-27T13:25:23.429+0000] {processor.py:914} INFO - Processing file /home/airflow/.local/lib/python3.12/site-packages/airflow/example_dags/tutorial_dag.py for tasks to queue
[2024-10-27T13:25:23.431+0000] {logging_mixin.py:190} INFO - [2024-10-27T13:25:23.430+0000] {dagbag.py:588} INFO - Filling up the DagBag from /home/airflow/.local/lib/python3.12/site-packages/airflow/example_dags/tutorial_dag.py
[2024-10-27T13:25:23.438+0000] {processor.py:925} INFO - DAG(s) 'tutorial_dag' retrieved from /home/airflow/.local/lib/python3.12/site-packages/airflow/example_dags/tutorial_dag.py
[2024-10-27T13:25:23.460+0000] {logging_mixin.py:190} INFO - [2024-10-27T13:25:23.460+0000] {dag.py:3239} INFO - Sync 1 DAGs
[2024-10-27T13:25:23.477+0000] {logging_mixin.py:190} INFO - [2024-10-27T13:25:23.477+0000] {dag.py:4180} INFO - Setting next_dagrun for tutorial_dag to None, run_after=None
[2024-10-27T13:25:23.496+0000] {processor.py:208} INFO - Processing /home/airflow/.local/lib/python3.12/site-packages/airflow/example_dags/tutorial_dag.py took 0.075 seconds
[2024-10-27T13:25:55.624+0000] {processor.py:186} INFO - Started process (PID=88104) to work on /home/airflow/.local/lib/python3.12/site-packages/airflow/example_dags/tutorial_dag.py
[2024-10-27T13:25:55.625+0000] {processor.py:914} INFO - Processing file /home/airflow/.local/lib/python3.12/site-packages/airflow/example_dags/tutorial_dag.py for tasks to queue
[2024-10-27T13:25:55.626+0000] {logging_mixin.py:190} INFO - [2024-10-27T13:25:55.626+0000] {dagbag.py:588} INFO - Filling up the DagBag from /home/airflow/.local/lib/python3.12/site-packages/airflow/example_dags/tutorial_dag.py
[2024-10-27T13:25:55.633+0000] {processor.py:925} INFO - DAG(s) 'tutorial_dag' retrieved from /home/airflow/.local/lib/python3.12/site-packages/airflow/example_dags/tutorial_dag.py
[2024-10-27T13:25:55.651+0000] {logging_mixin.py:190} INFO - [2024-10-27T13:25:55.651+0000] {dag.py:3239} INFO - Sync 1 DAGs
[2024-10-27T13:25:55.667+0000] {logging_mixin.py:190} INFO - [2024-10-27T13:25:55.667+0000] {dag.py:4180} INFO - Setting next_dagrun for tutorial_dag to None, run_after=None
[2024-10-27T13:25:55.687+0000] {processor.py:208} INFO - Processing /home/airflow/.local/lib/python3.12/site-packages/airflow/example_dags/tutorial_dag.py took 0.068 seconds
[2024-10-27T13:26:27.560+0000] {processor.py:186} INFO - Started process (PID=88168) to work on /home/airflow/.local/lib/python3.12/site-packages/airflow/example_dags/tutorial_dag.py
[2024-10-27T13:26:27.562+0000] {processor.py:914} INFO - Processing file /home/airflow/.local/lib/python3.12/site-packages/airflow/example_dags/tutorial_dag.py for tasks to queue
[2024-10-27T13:26:27.563+0000] {logging_mixin.py:190} INFO - [2024-10-27T13:26:27.563+0000] {dagbag.py:588} INFO - Filling up the DagBag from /home/airflow/.local/lib/python3.12/site-packages/airflow/example_dags/tutorial_dag.py
[2024-10-27T13:26:27.572+0000] {processor.py:925} INFO - DAG(s) 'tutorial_dag' retrieved from /home/airflow/.local/lib/python3.12/site-packages/airflow/example_dags/tutorial_dag.py
[2024-10-27T13:26:27.592+0000] {logging_mixin.py:190} INFO - [2024-10-27T13:26:27.591+0000] {dag.py:3239} INFO - Sync 1 DAGs
[2024-10-27T13:26:27.606+0000] {logging_mixin.py:190} INFO - [2024-10-27T13:26:27.605+0000] {dag.py:4180} INFO - Setting next_dagrun for tutorial_dag to None, run_after=None
[2024-10-27T13:26:27.629+0000] {processor.py:208} INFO - Processing /home/airflow/.local/lib/python3.12/site-packages/airflow/example_dags/tutorial_dag.py took 0.077 seconds
[2024-10-27T13:26:59.344+0000] {processor.py:186} INFO - Started process (PID=88232) to work on /home/airflow/.local/lib/python3.12/site-packages/airflow/example_dags/tutorial_dag.py
[2024-10-27T13:26:59.346+0000] {processor.py:914} INFO - Processing file /home/airflow/.local/lib/python3.12/site-packages/airflow/example_dags/tutorial_dag.py for tasks to queue
[2024-10-27T13:26:59.347+0000] {logging_mixin.py:190} INFO - [2024-10-27T13:26:59.347+0000] {dagbag.py:588} INFO - Filling up the DagBag from /home/airflow/.local/lib/python3.12/site-packages/airflow/example_dags/tutorial_dag.py
[2024-10-27T13:26:59.354+0000] {processor.py:925} INFO - DAG(s) 'tutorial_dag' retrieved from /home/airflow/.local/lib/python3.12/site-packages/airflow/example_dags/tutorial_dag.py
[2024-10-27T13:26:59.373+0000] {logging_mixin.py:190} INFO - [2024-10-27T13:26:59.373+0000] {dag.py:3239} INFO - Sync 1 DAGs
[2024-10-27T13:26:59.390+0000] {logging_mixin.py:190} INFO - [2024-10-27T13:26:59.389+0000] {dag.py:4180} INFO - Setting next_dagrun for tutorial_dag to None, run_after=None
[2024-10-27T13:26:59.418+0000] {processor.py:208} INFO - Processing /home/airflow/.local/lib/python3.12/site-packages/airflow/example_dags/tutorial_dag.py took 0.079 seconds
[2024-10-27T13:27:30.535+0000] {processor.py:186} INFO - Started process (PID=88296) to work on /home/airflow/.local/lib/python3.12/site-packages/airflow/example_dags/tutorial_dag.py
[2024-10-27T13:27:30.536+0000] {processor.py:914} INFO - Processing file /home/airflow/.local/lib/python3.12/site-packages/airflow/example_dags/tutorial_dag.py for tasks to queue
[2024-10-27T13:27:30.537+0000] {logging_mixin.py:190} INFO - [2024-10-27T13:27:30.537+0000] {dagbag.py:588} INFO - Filling up the DagBag from /home/airflow/.local/lib/python3.12/site-packages/airflow/example_dags/tutorial_dag.py
[2024-10-27T13:27:30.544+0000] {processor.py:925} INFO - DAG(s) 'tutorial_dag' retrieved from /home/airflow/.local/lib/python3.12/site-packages/airflow/example_dags/tutorial_dag.py
[2024-10-27T13:27:30.560+0000] {logging_mixin.py:190} INFO - [2024-10-27T13:27:30.560+0000] {dag.py:3239} INFO - Sync 1 DAGs
[2024-10-27T13:27:30.574+0000] {logging_mixin.py:190} INFO - [2024-10-27T13:27:30.574+0000] {dag.py:4180} INFO - Setting next_dagrun for tutorial_dag to None, run_after=None
[2024-10-27T13:27:30.594+0000] {processor.py:208} INFO - Processing /home/airflow/.local/lib/python3.12/site-packages/airflow/example_dags/tutorial_dag.py took 0.064 seconds
[2024-10-27T13:28:02.895+0000] {processor.py:186} INFO - Started process (PID=88360) to work on /home/airflow/.local/lib/python3.12/site-packages/airflow/example_dags/tutorial_dag.py
[2024-10-27T13:28:02.896+0000] {processor.py:914} INFO - Processing file /home/airflow/.local/lib/python3.12/site-packages/airflow/example_dags/tutorial_dag.py for tasks to queue
[2024-10-27T13:28:02.897+0000] {logging_mixin.py:190} INFO - [2024-10-27T13:28:02.897+0000] {dagbag.py:588} INFO - Filling up the DagBag from /home/airflow/.local/lib/python3.12/site-packages/airflow/example_dags/tutorial_dag.py
[2024-10-27T13:28:02.904+0000] {processor.py:925} INFO - DAG(s) 'tutorial_dag' retrieved from /home/airflow/.local/lib/python3.12/site-packages/airflow/example_dags/tutorial_dag.py
[2024-10-27T13:28:02.921+0000] {logging_mixin.py:190} INFO - [2024-10-27T13:28:02.921+0000] {dag.py:3239} INFO - Sync 1 DAGs
[2024-10-27T13:28:02.934+0000] {logging_mixin.py:190} INFO - [2024-10-27T13:28:02.934+0000] {dag.py:4180} INFO - Setting next_dagrun for tutorial_dag to None, run_after=None
[2024-10-27T13:28:02.950+0000] {processor.py:208} INFO - Processing /home/airflow/.local/lib/python3.12/site-packages/airflow/example_dags/tutorial_dag.py took 0.060 seconds
[2024-10-27T13:28:35.114+0000] {processor.py:186} INFO - Started process (PID=88424) to work on /home/airflow/.local/lib/python3.12/site-packages/airflow/example_dags/tutorial_dag.py
[2024-10-27T13:28:35.115+0000] {processor.py:914} INFO - Processing file /home/airflow/.local/lib/python3.12/site-packages/airflow/example_dags/tutorial_dag.py for tasks to queue
[2024-10-27T13:28:35.117+0000] {logging_mixin.py:190} INFO - [2024-10-27T13:28:35.116+0000] {dagbag.py:588} INFO - Filling up the DagBag from /home/airflow/.local/lib/python3.12/site-packages/airflow/example_dags/tutorial_dag.py
[2024-10-27T13:28:35.124+0000] {processor.py:925} INFO - DAG(s) 'tutorial_dag' retrieved from /home/airflow/.local/lib/python3.12/site-packages/airflow/example_dags/tutorial_dag.py
[2024-10-27T13:28:35.144+0000] {logging_mixin.py:190} INFO - [2024-10-27T13:28:35.143+0000] {dag.py:3239} INFO - Sync 1 DAGs
[2024-10-27T13:28:35.157+0000] {logging_mixin.py:190} INFO - [2024-10-27T13:28:35.157+0000] {dag.py:4180} INFO - Setting next_dagrun for tutorial_dag to None, run_after=None
[2024-10-27T13:28:35.180+0000] {processor.py:208} INFO - Processing /home/airflow/.local/lib/python3.12/site-packages/airflow/example_dags/tutorial_dag.py took 0.072 seconds
[2024-10-27T13:29:06.130+0000] {processor.py:186} INFO - Started process (PID=88488) to work on /home/airflow/.local/lib/python3.12/site-packages/airflow/example_dags/tutorial_dag.py
[2024-10-27T13:29:06.131+0000] {processor.py:914} INFO - Processing file /home/airflow/.local/lib/python3.12/site-packages/airflow/example_dags/tutorial_dag.py for tasks to queue
[2024-10-27T13:29:06.132+0000] {logging_mixin.py:190} INFO - [2024-10-27T13:29:06.132+0000] {dagbag.py:588} INFO - Filling up the DagBag from /home/airflow/.local/lib/python3.12/site-packages/airflow/example_dags/tutorial_dag.py
[2024-10-27T13:29:06.141+0000] {processor.py:925} INFO - DAG(s) 'tutorial_dag' retrieved from /home/airflow/.local/lib/python3.12/site-packages/airflow/example_dags/tutorial_dag.py
[2024-10-27T13:29:06.162+0000] {logging_mixin.py:190} INFO - [2024-10-27T13:29:06.161+0000] {dag.py:3239} INFO - Sync 1 DAGs
[2024-10-27T13:29:06.178+0000] {logging_mixin.py:190} INFO - [2024-10-27T13:29:06.177+0000] {dag.py:4180} INFO - Setting next_dagrun for tutorial_dag to None, run_after=None
[2024-10-27T13:29:06.198+0000] {processor.py:208} INFO - Processing /home/airflow/.local/lib/python3.12/site-packages/airflow/example_dags/tutorial_dag.py took 0.074 seconds
[2024-10-27T13:29:43.551+0000] {processor.py:186} INFO - Started process (PID=88552) to work on /home/airflow/.local/lib/python3.12/site-packages/airflow/example_dags/tutorial_dag.py
[2024-10-27T13:29:43.553+0000] {processor.py:914} INFO - Processing file /home/airflow/.local/lib/python3.12/site-packages/airflow/example_dags/tutorial_dag.py for tasks to queue
[2024-10-27T13:29:43.554+0000] {logging_mixin.py:190} INFO - [2024-10-27T13:29:43.554+0000] {dagbag.py:588} INFO - Filling up the DagBag from /home/airflow/.local/lib/python3.12/site-packages/airflow/example_dags/tutorial_dag.py
[2024-10-27T13:29:43.563+0000] {processor.py:925} INFO - DAG(s) 'tutorial_dag' retrieved from /home/airflow/.local/lib/python3.12/site-packages/airflow/example_dags/tutorial_dag.py
[2024-10-27T13:29:43.591+0000] {logging_mixin.py:190} INFO - [2024-10-27T13:29:43.590+0000] {dag.py:3239} INFO - Sync 1 DAGs
[2024-10-27T13:29:43.614+0000] {logging_mixin.py:190} INFO - [2024-10-27T13:29:43.613+0000] {dag.py:4180} INFO - Setting next_dagrun for tutorial_dag to None, run_after=None
[2024-10-27T13:29:43.643+0000] {processor.py:208} INFO - Processing /home/airflow/.local/lib/python3.12/site-packages/airflow/example_dags/tutorial_dag.py took 0.100 seconds
[2024-10-27T13:30:13.771+0000] {processor.py:186} INFO - Started process (PID=88616) to work on /home/airflow/.local/lib/python3.12/site-packages/airflow/example_dags/tutorial_dag.py
[2024-10-27T13:30:13.772+0000] {processor.py:914} INFO - Processing file /home/airflow/.local/lib/python3.12/site-packages/airflow/example_dags/tutorial_dag.py for tasks to queue
[2024-10-27T13:30:13.774+0000] {logging_mixin.py:190} INFO - [2024-10-27T13:30:13.773+0000] {dagbag.py:588} INFO - Filling up the DagBag from /home/airflow/.local/lib/python3.12/site-packages/airflow/example_dags/tutorial_dag.py
[2024-10-27T13:30:13.782+0000] {processor.py:925} INFO - DAG(s) 'tutorial_dag' retrieved from /home/airflow/.local/lib/python3.12/site-packages/airflow/example_dags/tutorial_dag.py
[2024-10-27T13:30:13.799+0000] {logging_mixin.py:190} INFO - [2024-10-27T13:30:13.799+0000] {dag.py:3239} INFO - Sync 1 DAGs
[2024-10-27T13:30:13.815+0000] {logging_mixin.py:190} INFO - [2024-10-27T13:30:13.815+0000] {dag.py:4180} INFO - Setting next_dagrun for tutorial_dag to None, run_after=None
[2024-10-27T13:30:13.835+0000] {processor.py:208} INFO - Processing /home/airflow/.local/lib/python3.12/site-packages/airflow/example_dags/tutorial_dag.py took 0.069 seconds
[2024-10-27T13:30:45.096+0000] {processor.py:186} INFO - Started process (PID=88680) to work on /home/airflow/.local/lib/python3.12/site-packages/airflow/example_dags/tutorial_dag.py
[2024-10-27T13:30:45.097+0000] {processor.py:914} INFO - Processing file /home/airflow/.local/lib/python3.12/site-packages/airflow/example_dags/tutorial_dag.py for tasks to queue
[2024-10-27T13:30:45.100+0000] {logging_mixin.py:190} INFO - [2024-10-27T13:30:45.099+0000] {dagbag.py:588} INFO - Filling up the DagBag from /home/airflow/.local/lib/python3.12/site-packages/airflow/example_dags/tutorial_dag.py
[2024-10-27T13:30:45.113+0000] {processor.py:925} INFO - DAG(s) 'tutorial_dag' retrieved from /home/airflow/.local/lib/python3.12/site-packages/airflow/example_dags/tutorial_dag.py
[2024-10-27T13:30:45.136+0000] {logging_mixin.py:190} INFO - [2024-10-27T13:30:45.136+0000] {dag.py:3239} INFO - Sync 1 DAGs
[2024-10-27T13:30:45.154+0000] {logging_mixin.py:190} INFO - [2024-10-27T13:30:45.153+0000] {dag.py:4180} INFO - Setting next_dagrun for tutorial_dag to None, run_after=None
[2024-10-27T13:30:45.173+0000] {processor.py:208} INFO - Processing /home/airflow/.local/lib/python3.12/site-packages/airflow/example_dags/tutorial_dag.py took 0.084 seconds
[2024-10-27T13:31:15.491+0000] {processor.py:186} INFO - Started process (PID=88744) to work on /home/airflow/.local/lib/python3.12/site-packages/airflow/example_dags/tutorial_dag.py
[2024-10-27T13:31:15.492+0000] {processor.py:914} INFO - Processing file /home/airflow/.local/lib/python3.12/site-packages/airflow/example_dags/tutorial_dag.py for tasks to queue
[2024-10-27T13:31:15.493+0000] {logging_mixin.py:190} INFO - [2024-10-27T13:31:15.493+0000] {dagbag.py:588} INFO - Filling up the DagBag from /home/airflow/.local/lib/python3.12/site-packages/airflow/example_dags/tutorial_dag.py
[2024-10-27T13:31:15.501+0000] {processor.py:925} INFO - DAG(s) 'tutorial_dag' retrieved from /home/airflow/.local/lib/python3.12/site-packages/airflow/example_dags/tutorial_dag.py
[2024-10-27T13:31:15.522+0000] {logging_mixin.py:190} INFO - [2024-10-27T13:31:15.521+0000] {dag.py:3239} INFO - Sync 1 DAGs
[2024-10-27T13:31:15.538+0000] {logging_mixin.py:190} INFO - [2024-10-27T13:31:15.538+0000] {dag.py:4180} INFO - Setting next_dagrun for tutorial_dag to None, run_after=None
[2024-10-27T13:31:15.561+0000] {processor.py:208} INFO - Processing /home/airflow/.local/lib/python3.12/site-packages/airflow/example_dags/tutorial_dag.py took 0.076 seconds
[2024-10-27T13:31:46.430+0000] {processor.py:186} INFO - Started process (PID=88808) to work on /home/airflow/.local/lib/python3.12/site-packages/airflow/example_dags/tutorial_dag.py
[2024-10-27T13:31:46.432+0000] {processor.py:914} INFO - Processing file /home/airflow/.local/lib/python3.12/site-packages/airflow/example_dags/tutorial_dag.py for tasks to queue
[2024-10-27T13:31:46.434+0000] {logging_mixin.py:190} INFO - [2024-10-27T13:31:46.433+0000] {dagbag.py:588} INFO - Filling up the DagBag from /home/airflow/.local/lib/python3.12/site-packages/airflow/example_dags/tutorial_dag.py
[2024-10-27T13:31:46.444+0000] {processor.py:925} INFO - DAG(s) 'tutorial_dag' retrieved from /home/airflow/.local/lib/python3.12/site-packages/airflow/example_dags/tutorial_dag.py
[2024-10-27T13:31:46.477+0000] {logging_mixin.py:190} INFO - [2024-10-27T13:31:46.477+0000] {dag.py:3239} INFO - Sync 1 DAGs
[2024-10-27T13:31:46.504+0000] {logging_mixin.py:190} INFO - [2024-10-27T13:31:46.503+0000] {dag.py:4180} INFO - Setting next_dagrun for tutorial_dag to None, run_after=None
[2024-10-27T13:31:46.536+0000] {processor.py:208} INFO - Processing /home/airflow/.local/lib/python3.12/site-packages/airflow/example_dags/tutorial_dag.py took 0.114 seconds
[2024-10-27T13:32:17.835+0000] {processor.py:186} INFO - Started process (PID=88872) to work on /home/airflow/.local/lib/python3.12/site-packages/airflow/example_dags/tutorial_dag.py
[2024-10-27T13:32:17.836+0000] {processor.py:914} INFO - Processing file /home/airflow/.local/lib/python3.12/site-packages/airflow/example_dags/tutorial_dag.py for tasks to queue
[2024-10-27T13:32:17.837+0000] {logging_mixin.py:190} INFO - [2024-10-27T13:32:17.837+0000] {dagbag.py:588} INFO - Filling up the DagBag from /home/airflow/.local/lib/python3.12/site-packages/airflow/example_dags/tutorial_dag.py
[2024-10-27T13:32:17.845+0000] {processor.py:925} INFO - DAG(s) 'tutorial_dag' retrieved from /home/airflow/.local/lib/python3.12/site-packages/airflow/example_dags/tutorial_dag.py
[2024-10-27T13:32:17.864+0000] {logging_mixin.py:190} INFO - [2024-10-27T13:32:17.864+0000] {dag.py:3239} INFO - Sync 1 DAGs
[2024-10-27T13:32:17.881+0000] {logging_mixin.py:190} INFO - [2024-10-27T13:32:17.880+0000] {dag.py:4180} INFO - Setting next_dagrun for tutorial_dag to None, run_after=None
[2024-10-27T13:32:17.904+0000] {processor.py:208} INFO - Processing /home/airflow/.local/lib/python3.12/site-packages/airflow/example_dags/tutorial_dag.py took 0.074 seconds
[2024-10-27T13:32:49.639+0000] {processor.py:186} INFO - Started process (PID=88936) to work on /home/airflow/.local/lib/python3.12/site-packages/airflow/example_dags/tutorial_dag.py
[2024-10-27T13:32:49.640+0000] {processor.py:914} INFO - Processing file /home/airflow/.local/lib/python3.12/site-packages/airflow/example_dags/tutorial_dag.py for tasks to queue
[2024-10-27T13:32:49.641+0000] {logging_mixin.py:190} INFO - [2024-10-27T13:32:49.641+0000] {dagbag.py:588} INFO - Filling up the DagBag from /home/airflow/.local/lib/python3.12/site-packages/airflow/example_dags/tutorial_dag.py
[2024-10-27T13:32:49.651+0000] {processor.py:925} INFO - DAG(s) 'tutorial_dag' retrieved from /home/airflow/.local/lib/python3.12/site-packages/airflow/example_dags/tutorial_dag.py
[2024-10-27T13:32:49.678+0000] {logging_mixin.py:190} INFO - [2024-10-27T13:32:49.678+0000] {dag.py:3239} INFO - Sync 1 DAGs
[2024-10-27T13:32:49.695+0000] {logging_mixin.py:190} INFO - [2024-10-27T13:32:49.694+0000] {dag.py:4180} INFO - Setting next_dagrun for tutorial_dag to None, run_after=None
[2024-10-27T13:32:49.715+0000] {processor.py:208} INFO - Processing /home/airflow/.local/lib/python3.12/site-packages/airflow/example_dags/tutorial_dag.py took 0.082 seconds
[2024-10-27T13:33:21.388+0000] {processor.py:186} INFO - Started process (PID=89000) to work on /home/airflow/.local/lib/python3.12/site-packages/airflow/example_dags/tutorial_dag.py
[2024-10-27T13:33:21.389+0000] {processor.py:914} INFO - Processing file /home/airflow/.local/lib/python3.12/site-packages/airflow/example_dags/tutorial_dag.py for tasks to queue
[2024-10-27T13:33:21.391+0000] {logging_mixin.py:190} INFO - [2024-10-27T13:33:21.391+0000] {dagbag.py:588} INFO - Filling up the DagBag from /home/airflow/.local/lib/python3.12/site-packages/airflow/example_dags/tutorial_dag.py
[2024-10-27T13:33:21.399+0000] {processor.py:925} INFO - DAG(s) 'tutorial_dag' retrieved from /home/airflow/.local/lib/python3.12/site-packages/airflow/example_dags/tutorial_dag.py
[2024-10-27T13:33:21.435+0000] {logging_mixin.py:190} INFO - [2024-10-27T13:33:21.434+0000] {dag.py:3239} INFO - Sync 1 DAGs
[2024-10-27T13:33:21.460+0000] {logging_mixin.py:190} INFO - [2024-10-27T13:33:21.460+0000] {dag.py:4180} INFO - Setting next_dagrun for tutorial_dag to None, run_after=None
[2024-10-27T13:33:21.485+0000] {processor.py:208} INFO - Processing /home/airflow/.local/lib/python3.12/site-packages/airflow/example_dags/tutorial_dag.py took 0.103 seconds
[2024-10-27T13:33:52.980+0000] {processor.py:186} INFO - Started process (PID=89064) to work on /home/airflow/.local/lib/python3.12/site-packages/airflow/example_dags/tutorial_dag.py
[2024-10-27T13:33:52.981+0000] {processor.py:914} INFO - Processing file /home/airflow/.local/lib/python3.12/site-packages/airflow/example_dags/tutorial_dag.py for tasks to queue
[2024-10-27T13:33:52.982+0000] {logging_mixin.py:190} INFO - [2024-10-27T13:33:52.982+0000] {dagbag.py:588} INFO - Filling up the DagBag from /home/airflow/.local/lib/python3.12/site-packages/airflow/example_dags/tutorial_dag.py
[2024-10-27T13:33:52.990+0000] {processor.py:925} INFO - DAG(s) 'tutorial_dag' retrieved from /home/airflow/.local/lib/python3.12/site-packages/airflow/example_dags/tutorial_dag.py
[2024-10-27T13:33:53.008+0000] {logging_mixin.py:190} INFO - [2024-10-27T13:33:53.008+0000] {dag.py:3239} INFO - Sync 1 DAGs
[2024-10-27T13:33:53.022+0000] {logging_mixin.py:190} INFO - [2024-10-27T13:33:53.022+0000] {dag.py:4180} INFO - Setting next_dagrun for tutorial_dag to None, run_after=None
[2024-10-27T13:33:53.044+0000] {processor.py:208} INFO - Processing /home/airflow/.local/lib/python3.12/site-packages/airflow/example_dags/tutorial_dag.py took 0.069 seconds
[2024-10-27T13:34:25.813+0000] {processor.py:186} INFO - Started process (PID=89128) to work on /home/airflow/.local/lib/python3.12/site-packages/airflow/example_dags/tutorial_dag.py
[2024-10-27T13:34:25.814+0000] {processor.py:914} INFO - Processing file /home/airflow/.local/lib/python3.12/site-packages/airflow/example_dags/tutorial_dag.py for tasks to queue
[2024-10-27T13:34:25.819+0000] {logging_mixin.py:190} INFO - [2024-10-27T13:34:25.818+0000] {dagbag.py:588} INFO - Filling up the DagBag from /home/airflow/.local/lib/python3.12/site-packages/airflow/example_dags/tutorial_dag.py
[2024-10-27T13:34:25.828+0000] {processor.py:925} INFO - DAG(s) 'tutorial_dag' retrieved from /home/airflow/.local/lib/python3.12/site-packages/airflow/example_dags/tutorial_dag.py
[2024-10-27T13:34:25.849+0000] {logging_mixin.py:190} INFO - [2024-10-27T13:34:25.848+0000] {dag.py:3239} INFO - Sync 1 DAGs
[2024-10-27T13:34:25.864+0000] {logging_mixin.py:190} INFO - [2024-10-27T13:34:25.864+0000] {dag.py:4180} INFO - Setting next_dagrun for tutorial_dag to None, run_after=None
[2024-10-27T13:34:25.881+0000] {processor.py:208} INFO - Processing /home/airflow/.local/lib/python3.12/site-packages/airflow/example_dags/tutorial_dag.py took 0.079 seconds
[2024-10-27T13:34:56.794+0000] {processor.py:186} INFO - Started process (PID=89192) to work on /home/airflow/.local/lib/python3.12/site-packages/airflow/example_dags/tutorial_dag.py
[2024-10-27T13:34:56.795+0000] {processor.py:914} INFO - Processing file /home/airflow/.local/lib/python3.12/site-packages/airflow/example_dags/tutorial_dag.py for tasks to queue
[2024-10-27T13:34:56.797+0000] {logging_mixin.py:190} INFO - [2024-10-27T13:34:56.797+0000] {dagbag.py:588} INFO - Filling up the DagBag from /home/airflow/.local/lib/python3.12/site-packages/airflow/example_dags/tutorial_dag.py
[2024-10-27T13:34:56.806+0000] {processor.py:925} INFO - DAG(s) 'tutorial_dag' retrieved from /home/airflow/.local/lib/python3.12/site-packages/airflow/example_dags/tutorial_dag.py
[2024-10-27T13:34:56.828+0000] {logging_mixin.py:190} INFO - [2024-10-27T13:34:56.828+0000] {dag.py:3239} INFO - Sync 1 DAGs
[2024-10-27T13:34:56.846+0000] {logging_mixin.py:190} INFO - [2024-10-27T13:34:56.846+0000] {dag.py:4180} INFO - Setting next_dagrun for tutorial_dag to None, run_after=None
[2024-10-27T13:34:56.871+0000] {processor.py:208} INFO - Processing /home/airflow/.local/lib/python3.12/site-packages/airflow/example_dags/tutorial_dag.py took 0.084 seconds
[2024-10-27T13:35:28.053+0000] {processor.py:186} INFO - Started process (PID=89256) to work on /home/airflow/.local/lib/python3.12/site-packages/airflow/example_dags/tutorial_dag.py
[2024-10-27T13:35:28.054+0000] {processor.py:914} INFO - Processing file /home/airflow/.local/lib/python3.12/site-packages/airflow/example_dags/tutorial_dag.py for tasks to queue
[2024-10-27T13:35:28.055+0000] {logging_mixin.py:190} INFO - [2024-10-27T13:35:28.055+0000] {dagbag.py:588} INFO - Filling up the DagBag from /home/airflow/.local/lib/python3.12/site-packages/airflow/example_dags/tutorial_dag.py
[2024-10-27T13:35:28.065+0000] {processor.py:925} INFO - DAG(s) 'tutorial_dag' retrieved from /home/airflow/.local/lib/python3.12/site-packages/airflow/example_dags/tutorial_dag.py
[2024-10-27T13:35:28.083+0000] {logging_mixin.py:190} INFO - [2024-10-27T13:35:28.083+0000] {dag.py:3239} INFO - Sync 1 DAGs
[2024-10-27T13:35:28.096+0000] {logging_mixin.py:190} INFO - [2024-10-27T13:35:28.096+0000] {dag.py:4180} INFO - Setting next_dagrun for tutorial_dag to None, run_after=None
[2024-10-27T13:35:28.117+0000] {processor.py:208} INFO - Processing /home/airflow/.local/lib/python3.12/site-packages/airflow/example_dags/tutorial_dag.py took 0.069 seconds
[2024-10-27T13:36:00.234+0000] {processor.py:186} INFO - Started process (PID=89320) to work on /home/airflow/.local/lib/python3.12/site-packages/airflow/example_dags/tutorial_dag.py
[2024-10-27T13:36:00.235+0000] {processor.py:914} INFO - Processing file /home/airflow/.local/lib/python3.12/site-packages/airflow/example_dags/tutorial_dag.py for tasks to queue
[2024-10-27T13:36:00.236+0000] {logging_mixin.py:190} INFO - [2024-10-27T13:36:00.236+0000] {dagbag.py:588} INFO - Filling up the DagBag from /home/airflow/.local/lib/python3.12/site-packages/airflow/example_dags/tutorial_dag.py
[2024-10-27T13:36:00.243+0000] {processor.py:925} INFO - DAG(s) 'tutorial_dag' retrieved from /home/airflow/.local/lib/python3.12/site-packages/airflow/example_dags/tutorial_dag.py
[2024-10-27T13:36:00.265+0000] {logging_mixin.py:190} INFO - [2024-10-27T13:36:00.264+0000] {dag.py:3239} INFO - Sync 1 DAGs
[2024-10-27T13:36:00.281+0000] {logging_mixin.py:190} INFO - [2024-10-27T13:36:00.281+0000] {dag.py:4180} INFO - Setting next_dagrun for tutorial_dag to None, run_after=None
[2024-10-27T13:36:00.303+0000] {processor.py:208} INFO - Processing /home/airflow/.local/lib/python3.12/site-packages/airflow/example_dags/tutorial_dag.py took 0.076 seconds
[2024-10-27T13:36:33.106+0000] {processor.py:186} INFO - Started process (PID=89384) to work on /home/airflow/.local/lib/python3.12/site-packages/airflow/example_dags/tutorial_dag.py
[2024-10-27T13:36:33.108+0000] {processor.py:914} INFO - Processing file /home/airflow/.local/lib/python3.12/site-packages/airflow/example_dags/tutorial_dag.py for tasks to queue
[2024-10-27T13:36:33.110+0000] {logging_mixin.py:190} INFO - [2024-10-27T13:36:33.109+0000] {dagbag.py:588} INFO - Filling up the DagBag from /home/airflow/.local/lib/python3.12/site-packages/airflow/example_dags/tutorial_dag.py
[2024-10-27T13:36:33.117+0000] {processor.py:925} INFO - DAG(s) 'tutorial_dag' retrieved from /home/airflow/.local/lib/python3.12/site-packages/airflow/example_dags/tutorial_dag.py
[2024-10-27T13:36:33.138+0000] {logging_mixin.py:190} INFO - [2024-10-27T13:36:33.138+0000] {dag.py:3239} INFO - Sync 1 DAGs
[2024-10-27T13:36:33.154+0000] {logging_mixin.py:190} INFO - [2024-10-27T13:36:33.153+0000] {dag.py:4180} INFO - Setting next_dagrun for tutorial_dag to None, run_after=None
[2024-10-27T13:36:33.176+0000] {processor.py:208} INFO - Processing /home/airflow/.local/lib/python3.12/site-packages/airflow/example_dags/tutorial_dag.py took 0.076 seconds
[2024-10-27T13:37:05.494+0000] {processor.py:186} INFO - Started process (PID=89448) to work on /home/airflow/.local/lib/python3.12/site-packages/airflow/example_dags/tutorial_dag.py
[2024-10-27T13:37:05.496+0000] {processor.py:914} INFO - Processing file /home/airflow/.local/lib/python3.12/site-packages/airflow/example_dags/tutorial_dag.py for tasks to queue
[2024-10-27T13:37:05.497+0000] {logging_mixin.py:190} INFO - [2024-10-27T13:37:05.497+0000] {dagbag.py:588} INFO - Filling up the DagBag from /home/airflow/.local/lib/python3.12/site-packages/airflow/example_dags/tutorial_dag.py
[2024-10-27T13:37:05.505+0000] {processor.py:925} INFO - DAG(s) 'tutorial_dag' retrieved from /home/airflow/.local/lib/python3.12/site-packages/airflow/example_dags/tutorial_dag.py
[2024-10-27T13:37:05.534+0000] {logging_mixin.py:190} INFO - [2024-10-27T13:37:05.533+0000] {dag.py:3239} INFO - Sync 1 DAGs
[2024-10-27T13:37:05.704+0000] {logging_mixin.py:190} INFO - [2024-10-27T13:37:05.704+0000] {dag.py:4180} INFO - Setting next_dagrun for tutorial_dag to None, run_after=None
[2024-10-27T13:37:05.724+0000] {processor.py:208} INFO - Processing /home/airflow/.local/lib/python3.12/site-packages/airflow/example_dags/tutorial_dag.py took 0.235 seconds
[2024-10-27T13:37:37.024+0000] {processor.py:186} INFO - Started process (PID=89512) to work on /home/airflow/.local/lib/python3.12/site-packages/airflow/example_dags/tutorial_dag.py
[2024-10-27T13:37:37.025+0000] {processor.py:914} INFO - Processing file /home/airflow/.local/lib/python3.12/site-packages/airflow/example_dags/tutorial_dag.py for tasks to queue
[2024-10-27T13:37:37.026+0000] {logging_mixin.py:190} INFO - [2024-10-27T13:37:37.026+0000] {dagbag.py:588} INFO - Filling up the DagBag from /home/airflow/.local/lib/python3.12/site-packages/airflow/example_dags/tutorial_dag.py
[2024-10-27T13:37:37.033+0000] {processor.py:925} INFO - DAG(s) 'tutorial_dag' retrieved from /home/airflow/.local/lib/python3.12/site-packages/airflow/example_dags/tutorial_dag.py
[2024-10-27T13:37:37.057+0000] {logging_mixin.py:190} INFO - [2024-10-27T13:37:37.057+0000] {dag.py:3239} INFO - Sync 1 DAGs
[2024-10-27T13:37:37.074+0000] {logging_mixin.py:190} INFO - [2024-10-27T13:37:37.074+0000] {dag.py:4180} INFO - Setting next_dagrun for tutorial_dag to None, run_after=None
[2024-10-27T13:37:37.256+0000] {processor.py:208} INFO - Processing /home/airflow/.local/lib/python3.12/site-packages/airflow/example_dags/tutorial_dag.py took 0.238 seconds
[2024-10-27T13:38:07.547+0000] {processor.py:186} INFO - Started process (PID=89577) to work on /home/airflow/.local/lib/python3.12/site-packages/airflow/example_dags/tutorial_dag.py
[2024-10-27T13:38:07.548+0000] {processor.py:914} INFO - Processing file /home/airflow/.local/lib/python3.12/site-packages/airflow/example_dags/tutorial_dag.py for tasks to queue
[2024-10-27T13:38:07.551+0000] {logging_mixin.py:190} INFO - [2024-10-27T13:38:07.550+0000] {dagbag.py:588} INFO - Filling up the DagBag from /home/airflow/.local/lib/python3.12/site-packages/airflow/example_dags/tutorial_dag.py
[2024-10-27T13:38:07.558+0000] {processor.py:925} INFO - DAG(s) 'tutorial_dag' retrieved from /home/airflow/.local/lib/python3.12/site-packages/airflow/example_dags/tutorial_dag.py
[2024-10-27T13:38:07.574+0000] {logging_mixin.py:190} INFO - [2024-10-27T13:38:07.574+0000] {dag.py:3239} INFO - Sync 1 DAGs
[2024-10-27T13:38:07.587+0000] {logging_mixin.py:190} INFO - [2024-10-27T13:38:07.587+0000] {dag.py:4180} INFO - Setting next_dagrun for tutorial_dag to None, run_after=None
[2024-10-27T13:38:07.607+0000] {processor.py:208} INFO - Processing /home/airflow/.local/lib/python3.12/site-packages/airflow/example_dags/tutorial_dag.py took 0.065 seconds
[2024-10-27T13:38:40.138+0000] {processor.py:186} INFO - Started process (PID=89641) to work on /home/airflow/.local/lib/python3.12/site-packages/airflow/example_dags/tutorial_dag.py
[2024-10-27T13:38:40.139+0000] {processor.py:914} INFO - Processing file /home/airflow/.local/lib/python3.12/site-packages/airflow/example_dags/tutorial_dag.py for tasks to queue
[2024-10-27T13:38:40.140+0000] {logging_mixin.py:190} INFO - [2024-10-27T13:38:40.140+0000] {dagbag.py:588} INFO - Filling up the DagBag from /home/airflow/.local/lib/python3.12/site-packages/airflow/example_dags/tutorial_dag.py
[2024-10-27T13:38:40.147+0000] {processor.py:925} INFO - DAG(s) 'tutorial_dag' retrieved from /home/airflow/.local/lib/python3.12/site-packages/airflow/example_dags/tutorial_dag.py
[2024-10-27T13:38:40.166+0000] {logging_mixin.py:190} INFO - [2024-10-27T13:38:40.166+0000] {dag.py:3239} INFO - Sync 1 DAGs
[2024-10-27T13:38:40.181+0000] {logging_mixin.py:190} INFO - [2024-10-27T13:38:40.181+0000] {dag.py:4180} INFO - Setting next_dagrun for tutorial_dag to None, run_after=None
[2024-10-27T13:38:40.205+0000] {processor.py:208} INFO - Processing /home/airflow/.local/lib/python3.12/site-packages/airflow/example_dags/tutorial_dag.py took 0.073 seconds
[2024-10-27T13:39:11.910+0000] {processor.py:186} INFO - Started process (PID=89705) to work on /home/airflow/.local/lib/python3.12/site-packages/airflow/example_dags/tutorial_dag.py
[2024-10-27T13:39:11.911+0000] {processor.py:914} INFO - Processing file /home/airflow/.local/lib/python3.12/site-packages/airflow/example_dags/tutorial_dag.py for tasks to queue
[2024-10-27T13:39:11.913+0000] {logging_mixin.py:190} INFO - [2024-10-27T13:39:11.912+0000] {dagbag.py:588} INFO - Filling up the DagBag from /home/airflow/.local/lib/python3.12/site-packages/airflow/example_dags/tutorial_dag.py
[2024-10-27T13:39:11.922+0000] {processor.py:925} INFO - DAG(s) 'tutorial_dag' retrieved from /home/airflow/.local/lib/python3.12/site-packages/airflow/example_dags/tutorial_dag.py
[2024-10-27T13:39:11.944+0000] {logging_mixin.py:190} INFO - [2024-10-27T13:39:11.944+0000] {dag.py:3239} INFO - Sync 1 DAGs
[2024-10-27T13:39:11.961+0000] {logging_mixin.py:190} INFO - [2024-10-27T13:39:11.960+0000] {dag.py:4180} INFO - Setting next_dagrun for tutorial_dag to None, run_after=None
[2024-10-27T13:39:11.992+0000] {processor.py:208} INFO - Processing /home/airflow/.local/lib/python3.12/site-packages/airflow/example_dags/tutorial_dag.py took 0.088 seconds
[2024-10-27T13:39:42.745+0000] {processor.py:186} INFO - Started process (PID=89769) to work on /home/airflow/.local/lib/python3.12/site-packages/airflow/example_dags/tutorial_dag.py
[2024-10-27T13:39:42.746+0000] {processor.py:914} INFO - Processing file /home/airflow/.local/lib/python3.12/site-packages/airflow/example_dags/tutorial_dag.py for tasks to queue
[2024-10-27T13:39:42.747+0000] {logging_mixin.py:190} INFO - [2024-10-27T13:39:42.747+0000] {dagbag.py:588} INFO - Filling up the DagBag from /home/airflow/.local/lib/python3.12/site-packages/airflow/example_dags/tutorial_dag.py
[2024-10-27T13:39:42.754+0000] {processor.py:925} INFO - DAG(s) 'tutorial_dag' retrieved from /home/airflow/.local/lib/python3.12/site-packages/airflow/example_dags/tutorial_dag.py
[2024-10-27T13:39:42.774+0000] {logging_mixin.py:190} INFO - [2024-10-27T13:39:42.774+0000] {dag.py:3239} INFO - Sync 1 DAGs
[2024-10-27T13:39:42.791+0000] {logging_mixin.py:190} INFO - [2024-10-27T13:39:42.791+0000] {dag.py:4180} INFO - Setting next_dagrun for tutorial_dag to None, run_after=None
[2024-10-27T13:39:42.812+0000] {processor.py:208} INFO - Processing /home/airflow/.local/lib/python3.12/site-packages/airflow/example_dags/tutorial_dag.py took 0.072 seconds
[2024-10-27T13:40:15.047+0000] {processor.py:186} INFO - Started process (PID=89833) to work on /home/airflow/.local/lib/python3.12/site-packages/airflow/example_dags/tutorial_dag.py
[2024-10-27T13:40:15.048+0000] {processor.py:914} INFO - Processing file /home/airflow/.local/lib/python3.12/site-packages/airflow/example_dags/tutorial_dag.py for tasks to queue
[2024-10-27T13:40:15.049+0000] {logging_mixin.py:190} INFO - [2024-10-27T13:40:15.049+0000] {dagbag.py:588} INFO - Filling up the DagBag from /home/airflow/.local/lib/python3.12/site-packages/airflow/example_dags/tutorial_dag.py
[2024-10-27T13:40:15.057+0000] {processor.py:925} INFO - DAG(s) 'tutorial_dag' retrieved from /home/airflow/.local/lib/python3.12/site-packages/airflow/example_dags/tutorial_dag.py
[2024-10-27T13:40:15.076+0000] {logging_mixin.py:190} INFO - [2024-10-27T13:40:15.075+0000] {dag.py:3239} INFO - Sync 1 DAGs
[2024-10-27T13:40:15.089+0000] {logging_mixin.py:190} INFO - [2024-10-27T13:40:15.089+0000] {dag.py:4180} INFO - Setting next_dagrun for tutorial_dag to None, run_after=None
[2024-10-27T13:40:15.106+0000] {processor.py:208} INFO - Processing /home/airflow/.local/lib/python3.12/site-packages/airflow/example_dags/tutorial_dag.py took 0.065 seconds
[2024-10-27T13:40:46.189+0000] {processor.py:186} INFO - Started process (PID=89897) to work on /home/airflow/.local/lib/python3.12/site-packages/airflow/example_dags/tutorial_dag.py
[2024-10-27T13:40:46.190+0000] {processor.py:914} INFO - Processing file /home/airflow/.local/lib/python3.12/site-packages/airflow/example_dags/tutorial_dag.py for tasks to queue
[2024-10-27T13:40:46.191+0000] {logging_mixin.py:190} INFO - [2024-10-27T13:40:46.191+0000] {dagbag.py:588} INFO - Filling up the DagBag from /home/airflow/.local/lib/python3.12/site-packages/airflow/example_dags/tutorial_dag.py
[2024-10-27T13:40:46.199+0000] {processor.py:925} INFO - DAG(s) 'tutorial_dag' retrieved from /home/airflow/.local/lib/python3.12/site-packages/airflow/example_dags/tutorial_dag.py
[2024-10-27T13:40:46.220+0000] {logging_mixin.py:190} INFO - [2024-10-27T13:40:46.220+0000] {dag.py:3239} INFO - Sync 1 DAGs
[2024-10-27T13:40:46.234+0000] {logging_mixin.py:190} INFO - [2024-10-27T13:40:46.234+0000] {dag.py:4180} INFO - Setting next_dagrun for tutorial_dag to None, run_after=None
[2024-10-27T13:40:46.256+0000] {processor.py:208} INFO - Processing /home/airflow/.local/lib/python3.12/site-packages/airflow/example_dags/tutorial_dag.py took 0.073 seconds
[2024-10-27T13:41:18.384+0000] {processor.py:186} INFO - Started process (PID=89961) to work on /home/airflow/.local/lib/python3.12/site-packages/airflow/example_dags/tutorial_dag.py
[2024-10-27T13:41:18.385+0000] {processor.py:914} INFO - Processing file /home/airflow/.local/lib/python3.12/site-packages/airflow/example_dags/tutorial_dag.py for tasks to queue
[2024-10-27T13:41:18.388+0000] {logging_mixin.py:190} INFO - [2024-10-27T13:41:18.387+0000] {dagbag.py:588} INFO - Filling up the DagBag from /home/airflow/.local/lib/python3.12/site-packages/airflow/example_dags/tutorial_dag.py
[2024-10-27T13:41:18.398+0000] {processor.py:925} INFO - DAG(s) 'tutorial_dag' retrieved from /home/airflow/.local/lib/python3.12/site-packages/airflow/example_dags/tutorial_dag.py
[2024-10-27T13:41:18.421+0000] {logging_mixin.py:190} INFO - [2024-10-27T13:41:18.421+0000] {dag.py:3239} INFO - Sync 1 DAGs
[2024-10-27T13:41:18.435+0000] {logging_mixin.py:190} INFO - [2024-10-27T13:41:18.435+0000] {dag.py:4180} INFO - Setting next_dagrun for tutorial_dag to None, run_after=None
[2024-10-27T13:41:18.456+0000] {processor.py:208} INFO - Processing /home/airflow/.local/lib/python3.12/site-packages/airflow/example_dags/tutorial_dag.py took 0.079 seconds
[2024-10-27T13:41:49.683+0000] {processor.py:186} INFO - Started process (PID=90025) to work on /home/airflow/.local/lib/python3.12/site-packages/airflow/example_dags/tutorial_dag.py
[2024-10-27T13:41:49.685+0000] {processor.py:914} INFO - Processing file /home/airflow/.local/lib/python3.12/site-packages/airflow/example_dags/tutorial_dag.py for tasks to queue
[2024-10-27T13:41:49.686+0000] {logging_mixin.py:190} INFO - [2024-10-27T13:41:49.686+0000] {dagbag.py:588} INFO - Filling up the DagBag from /home/airflow/.local/lib/python3.12/site-packages/airflow/example_dags/tutorial_dag.py
[2024-10-27T13:41:49.694+0000] {processor.py:925} INFO - DAG(s) 'tutorial_dag' retrieved from /home/airflow/.local/lib/python3.12/site-packages/airflow/example_dags/tutorial_dag.py
[2024-10-27T13:41:49.713+0000] {logging_mixin.py:190} INFO - [2024-10-27T13:41:49.712+0000] {dag.py:3239} INFO - Sync 1 DAGs
[2024-10-27T13:41:49.726+0000] {logging_mixin.py:190} INFO - [2024-10-27T13:41:49.726+0000] {dag.py:4180} INFO - Setting next_dagrun for tutorial_dag to None, run_after=None
[2024-10-27T13:41:49.748+0000] {processor.py:208} INFO - Processing /home/airflow/.local/lib/python3.12/site-packages/airflow/example_dags/tutorial_dag.py took 0.072 seconds
[2024-10-27T13:42:21.997+0000] {processor.py:186} INFO - Started process (PID=90089) to work on /home/airflow/.local/lib/python3.12/site-packages/airflow/example_dags/tutorial_dag.py
[2024-10-27T13:42:21.998+0000] {processor.py:914} INFO - Processing file /home/airflow/.local/lib/python3.12/site-packages/airflow/example_dags/tutorial_dag.py for tasks to queue
[2024-10-27T13:42:21.999+0000] {logging_mixin.py:190} INFO - [2024-10-27T13:42:21.999+0000] {dagbag.py:588} INFO - Filling up the DagBag from /home/airflow/.local/lib/python3.12/site-packages/airflow/example_dags/tutorial_dag.py
[2024-10-27T13:42:22.007+0000] {processor.py:925} INFO - DAG(s) 'tutorial_dag' retrieved from /home/airflow/.local/lib/python3.12/site-packages/airflow/example_dags/tutorial_dag.py
[2024-10-27T13:42:22.026+0000] {logging_mixin.py:190} INFO - [2024-10-27T13:42:22.026+0000] {dag.py:3239} INFO - Sync 1 DAGs
[2024-10-27T13:42:22.042+0000] {logging_mixin.py:190} INFO - [2024-10-27T13:42:22.041+0000] {dag.py:4180} INFO - Setting next_dagrun for tutorial_dag to None, run_after=None
[2024-10-27T13:42:22.063+0000] {processor.py:208} INFO - Processing /home/airflow/.local/lib/python3.12/site-packages/airflow/example_dags/tutorial_dag.py took 0.074 seconds
[2024-10-27T13:42:54.690+0000] {processor.py:186} INFO - Started process (PID=90153) to work on /home/airflow/.local/lib/python3.12/site-packages/airflow/example_dags/tutorial_dag.py
[2024-10-27T13:42:54.692+0000] {processor.py:914} INFO - Processing file /home/airflow/.local/lib/python3.12/site-packages/airflow/example_dags/tutorial_dag.py for tasks to queue
[2024-10-27T13:42:54.694+0000] {logging_mixin.py:190} INFO - [2024-10-27T13:42:54.693+0000] {dagbag.py:588} INFO - Filling up the DagBag from /home/airflow/.local/lib/python3.12/site-packages/airflow/example_dags/tutorial_dag.py
[2024-10-27T13:42:54.705+0000] {processor.py:925} INFO - DAG(s) 'tutorial_dag' retrieved from /home/airflow/.local/lib/python3.12/site-packages/airflow/example_dags/tutorial_dag.py
[2024-10-27T13:42:54.730+0000] {logging_mixin.py:190} INFO - [2024-10-27T13:42:54.730+0000] {dag.py:3239} INFO - Sync 1 DAGs
[2024-10-27T13:42:54.754+0000] {logging_mixin.py:190} INFO - [2024-10-27T13:42:54.753+0000] {dag.py:4180} INFO - Setting next_dagrun for tutorial_dag to None, run_after=None
[2024-10-27T13:42:54.776+0000] {processor.py:208} INFO - Processing /home/airflow/.local/lib/python3.12/site-packages/airflow/example_dags/tutorial_dag.py took 0.093 seconds
[2024-10-27T13:43:26.262+0000] {processor.py:186} INFO - Started process (PID=90217) to work on /home/airflow/.local/lib/python3.12/site-packages/airflow/example_dags/tutorial_dag.py
[2024-10-27T13:43:26.264+0000] {processor.py:914} INFO - Processing file /home/airflow/.local/lib/python3.12/site-packages/airflow/example_dags/tutorial_dag.py for tasks to queue
[2024-10-27T13:43:26.265+0000] {logging_mixin.py:190} INFO - [2024-10-27T13:43:26.265+0000] {dagbag.py:588} INFO - Filling up the DagBag from /home/airflow/.local/lib/python3.12/site-packages/airflow/example_dags/tutorial_dag.py
[2024-10-27T13:43:26.273+0000] {processor.py:925} INFO - DAG(s) 'tutorial_dag' retrieved from /home/airflow/.local/lib/python3.12/site-packages/airflow/example_dags/tutorial_dag.py
[2024-10-27T13:43:26.293+0000] {logging_mixin.py:190} INFO - [2024-10-27T13:43:26.293+0000] {dag.py:3239} INFO - Sync 1 DAGs
[2024-10-27T13:43:26.308+0000] {logging_mixin.py:190} INFO - [2024-10-27T13:43:26.308+0000] {dag.py:4180} INFO - Setting next_dagrun for tutorial_dag to None, run_after=None
[2024-10-27T13:43:26.332+0000] {processor.py:208} INFO - Processing /home/airflow/.local/lib/python3.12/site-packages/airflow/example_dags/tutorial_dag.py took 0.077 seconds
[2024-10-27T13:43:57.020+0000] {processor.py:186} INFO - Started process (PID=90281) to work on /home/airflow/.local/lib/python3.12/site-packages/airflow/example_dags/tutorial_dag.py
[2024-10-27T13:43:57.021+0000] {processor.py:914} INFO - Processing file /home/airflow/.local/lib/python3.12/site-packages/airflow/example_dags/tutorial_dag.py for tasks to queue
[2024-10-27T13:43:57.023+0000] {logging_mixin.py:190} INFO - [2024-10-27T13:43:57.022+0000] {dagbag.py:588} INFO - Filling up the DagBag from /home/airflow/.local/lib/python3.12/site-packages/airflow/example_dags/tutorial_dag.py
[2024-10-27T13:43:57.032+0000] {processor.py:925} INFO - DAG(s) 'tutorial_dag' retrieved from /home/airflow/.local/lib/python3.12/site-packages/airflow/example_dags/tutorial_dag.py
[2024-10-27T13:43:57.051+0000] {logging_mixin.py:190} INFO - [2024-10-27T13:43:57.050+0000] {dag.py:3239} INFO - Sync 1 DAGs
[2024-10-27T13:43:57.065+0000] {logging_mixin.py:190} INFO - [2024-10-27T13:43:57.065+0000] {dag.py:4180} INFO - Setting next_dagrun for tutorial_dag to None, run_after=None
[2024-10-27T13:43:57.086+0000] {processor.py:208} INFO - Processing /home/airflow/.local/lib/python3.12/site-packages/airflow/example_dags/tutorial_dag.py took 0.072 seconds
[2024-10-27T13:44:28.928+0000] {processor.py:186} INFO - Started process (PID=90345) to work on /home/airflow/.local/lib/python3.12/site-packages/airflow/example_dags/tutorial_dag.py
[2024-10-27T13:44:28.929+0000] {processor.py:914} INFO - Processing file /home/airflow/.local/lib/python3.12/site-packages/airflow/example_dags/tutorial_dag.py for tasks to queue
[2024-10-27T13:44:28.930+0000] {logging_mixin.py:190} INFO - [2024-10-27T13:44:28.930+0000] {dagbag.py:588} INFO - Filling up the DagBag from /home/airflow/.local/lib/python3.12/site-packages/airflow/example_dags/tutorial_dag.py
[2024-10-27T13:44:28.938+0000] {processor.py:925} INFO - DAG(s) 'tutorial_dag' retrieved from /home/airflow/.local/lib/python3.12/site-packages/airflow/example_dags/tutorial_dag.py
[2024-10-27T13:44:28.954+0000] {logging_mixin.py:190} INFO - [2024-10-27T13:44:28.954+0000] {dag.py:3239} INFO - Sync 1 DAGs
[2024-10-27T13:44:28.968+0000] {logging_mixin.py:190} INFO - [2024-10-27T13:44:28.967+0000] {dag.py:4180} INFO - Setting next_dagrun for tutorial_dag to None, run_after=None
[2024-10-27T13:44:28.987+0000] {processor.py:208} INFO - Processing /home/airflow/.local/lib/python3.12/site-packages/airflow/example_dags/tutorial_dag.py took 0.066 seconds
[2024-10-27T13:45:00.988+0000] {processor.py:186} INFO - Started process (PID=90409) to work on /home/airflow/.local/lib/python3.12/site-packages/airflow/example_dags/tutorial_dag.py
[2024-10-27T13:45:00.989+0000] {processor.py:914} INFO - Processing file /home/airflow/.local/lib/python3.12/site-packages/airflow/example_dags/tutorial_dag.py for tasks to queue
[2024-10-27T13:45:00.990+0000] {logging_mixin.py:190} INFO - [2024-10-27T13:45:00.990+0000] {dagbag.py:588} INFO - Filling up the DagBag from /home/airflow/.local/lib/python3.12/site-packages/airflow/example_dags/tutorial_dag.py
[2024-10-27T13:45:01.001+0000] {processor.py:925} INFO - DAG(s) 'tutorial_dag' retrieved from /home/airflow/.local/lib/python3.12/site-packages/airflow/example_dags/tutorial_dag.py
[2024-10-27T13:45:01.020+0000] {logging_mixin.py:190} INFO - [2024-10-27T13:45:01.020+0000] {dag.py:3239} INFO - Sync 1 DAGs
[2024-10-27T13:45:01.035+0000] {logging_mixin.py:190} INFO - [2024-10-27T13:45:01.035+0000] {dag.py:4180} INFO - Setting next_dagrun for tutorial_dag to None, run_after=None
[2024-10-27T13:45:01.057+0000] {processor.py:208} INFO - Processing /home/airflow/.local/lib/python3.12/site-packages/airflow/example_dags/tutorial_dag.py took 0.076 seconds
[2024-10-27T13:45:31.262+0000] {processor.py:186} INFO - Started process (PID=90473) to work on /home/airflow/.local/lib/python3.12/site-packages/airflow/example_dags/tutorial_dag.py
[2024-10-27T13:45:31.264+0000] {processor.py:914} INFO - Processing file /home/airflow/.local/lib/python3.12/site-packages/airflow/example_dags/tutorial_dag.py for tasks to queue
[2024-10-27T13:45:31.265+0000] {logging_mixin.py:190} INFO - [2024-10-27T13:45:31.265+0000] {dagbag.py:588} INFO - Filling up the DagBag from /home/airflow/.local/lib/python3.12/site-packages/airflow/example_dags/tutorial_dag.py
[2024-10-27T13:45:31.276+0000] {processor.py:925} INFO - DAG(s) 'tutorial_dag' retrieved from /home/airflow/.local/lib/python3.12/site-packages/airflow/example_dags/tutorial_dag.py
[2024-10-27T13:45:31.300+0000] {logging_mixin.py:190} INFO - [2024-10-27T13:45:31.300+0000] {dag.py:3239} INFO - Sync 1 DAGs
[2024-10-27T13:45:31.321+0000] {logging_mixin.py:190} INFO - [2024-10-27T13:45:31.321+0000] {dag.py:4180} INFO - Setting next_dagrun for tutorial_dag to None, run_after=None
[2024-10-27T13:45:31.338+0000] {processor.py:208} INFO - Processing /home/airflow/.local/lib/python3.12/site-packages/airflow/example_dags/tutorial_dag.py took 0.083 seconds
[2024-10-27T13:46:03.652+0000] {processor.py:186} INFO - Started process (PID=90537) to work on /home/airflow/.local/lib/python3.12/site-packages/airflow/example_dags/tutorial_dag.py
[2024-10-27T13:46:03.653+0000] {processor.py:914} INFO - Processing file /home/airflow/.local/lib/python3.12/site-packages/airflow/example_dags/tutorial_dag.py for tasks to queue
[2024-10-27T13:46:03.655+0000] {logging_mixin.py:190} INFO - [2024-10-27T13:46:03.655+0000] {dagbag.py:588} INFO - Filling up the DagBag from /home/airflow/.local/lib/python3.12/site-packages/airflow/example_dags/tutorial_dag.py
[2024-10-27T13:46:03.664+0000] {processor.py:925} INFO - DAG(s) 'tutorial_dag' retrieved from /home/airflow/.local/lib/python3.12/site-packages/airflow/example_dags/tutorial_dag.py
[2024-10-27T13:46:03.688+0000] {logging_mixin.py:190} INFO - [2024-10-27T13:46:03.687+0000] {dag.py:3239} INFO - Sync 1 DAGs
[2024-10-27T13:46:03.704+0000] {logging_mixin.py:190} INFO - [2024-10-27T13:46:03.704+0000] {dag.py:4180} INFO - Setting next_dagrun for tutorial_dag to None, run_after=None
[2024-10-27T13:46:03.727+0000] {processor.py:208} INFO - Processing /home/airflow/.local/lib/python3.12/site-packages/airflow/example_dags/tutorial_dag.py took 0.081 seconds
[2024-10-27T13:46:36.032+0000] {processor.py:186} INFO - Started process (PID=90601) to work on /home/airflow/.local/lib/python3.12/site-packages/airflow/example_dags/tutorial_dag.py
[2024-10-27T13:46:36.044+0000] {processor.py:914} INFO - Processing file /home/airflow/.local/lib/python3.12/site-packages/airflow/example_dags/tutorial_dag.py for tasks to queue
[2024-10-27T13:46:36.045+0000] {logging_mixin.py:190} INFO - [2024-10-27T13:46:36.045+0000] {dagbag.py:588} INFO - Filling up the DagBag from /home/airflow/.local/lib/python3.12/site-packages/airflow/example_dags/tutorial_dag.py
[2024-10-27T13:46:36.058+0000] {processor.py:925} INFO - DAG(s) 'tutorial_dag' retrieved from /home/airflow/.local/lib/python3.12/site-packages/airflow/example_dags/tutorial_dag.py
[2024-10-27T13:46:36.076+0000] {logging_mixin.py:190} INFO - [2024-10-27T13:46:36.075+0000] {dag.py:3239} INFO - Sync 1 DAGs
[2024-10-27T13:46:36.088+0000] {logging_mixin.py:190} INFO - [2024-10-27T13:46:36.087+0000] {dag.py:4180} INFO - Setting next_dagrun for tutorial_dag to None, run_after=None
[2024-10-27T13:46:36.106+0000] {processor.py:208} INFO - Processing /home/airflow/.local/lib/python3.12/site-packages/airflow/example_dags/tutorial_dag.py took 0.086 seconds
[2024-10-27T13:47:08.317+0000] {processor.py:186} INFO - Started process (PID=90665) to work on /home/airflow/.local/lib/python3.12/site-packages/airflow/example_dags/tutorial_dag.py
[2024-10-27T13:47:08.319+0000] {processor.py:914} INFO - Processing file /home/airflow/.local/lib/python3.12/site-packages/airflow/example_dags/tutorial_dag.py for tasks to queue
[2024-10-27T13:47:08.321+0000] {logging_mixin.py:190} INFO - [2024-10-27T13:47:08.320+0000] {dagbag.py:588} INFO - Filling up the DagBag from /home/airflow/.local/lib/python3.12/site-packages/airflow/example_dags/tutorial_dag.py
[2024-10-27T13:47:08.331+0000] {processor.py:925} INFO - DAG(s) 'tutorial_dag' retrieved from /home/airflow/.local/lib/python3.12/site-packages/airflow/example_dags/tutorial_dag.py
[2024-10-27T13:47:08.363+0000] {logging_mixin.py:190} INFO - [2024-10-27T13:47:08.362+0000] {dag.py:3239} INFO - Sync 1 DAGs
[2024-10-27T13:47:08.383+0000] {logging_mixin.py:190} INFO - [2024-10-27T13:47:08.383+0000] {dag.py:4180} INFO - Setting next_dagrun for tutorial_dag to None, run_after=None
[2024-10-27T13:47:08.402+0000] {processor.py:208} INFO - Processing /home/airflow/.local/lib/python3.12/site-packages/airflow/example_dags/tutorial_dag.py took 0.093 seconds
[2024-10-27T13:47:40.149+0000] {processor.py:186} INFO - Started process (PID=90729) to work on /home/airflow/.local/lib/python3.12/site-packages/airflow/example_dags/tutorial_dag.py
[2024-10-27T13:47:40.150+0000] {processor.py:914} INFO - Processing file /home/airflow/.local/lib/python3.12/site-packages/airflow/example_dags/tutorial_dag.py for tasks to queue
[2024-10-27T13:47:40.152+0000] {logging_mixin.py:190} INFO - [2024-10-27T13:47:40.151+0000] {dagbag.py:588} INFO - Filling up the DagBag from /home/airflow/.local/lib/python3.12/site-packages/airflow/example_dags/tutorial_dag.py
[2024-10-27T13:47:40.161+0000] {processor.py:925} INFO - DAG(s) 'tutorial_dag' retrieved from /home/airflow/.local/lib/python3.12/site-packages/airflow/example_dags/tutorial_dag.py
[2024-10-27T13:47:40.181+0000] {logging_mixin.py:190} INFO - [2024-10-27T13:47:40.181+0000] {dag.py:3239} INFO - Sync 1 DAGs
[2024-10-27T13:47:40.201+0000] {logging_mixin.py:190} INFO - [2024-10-27T13:47:40.200+0000] {dag.py:4180} INFO - Setting next_dagrun for tutorial_dag to None, run_after=None
[2024-10-27T13:47:40.224+0000] {processor.py:208} INFO - Processing /home/airflow/.local/lib/python3.12/site-packages/airflow/example_dags/tutorial_dag.py took 0.081 seconds
[2024-10-27T13:48:11.018+0000] {processor.py:186} INFO - Started process (PID=90793) to work on /home/airflow/.local/lib/python3.12/site-packages/airflow/example_dags/tutorial_dag.py
[2024-10-27T13:48:11.019+0000] {processor.py:914} INFO - Processing file /home/airflow/.local/lib/python3.12/site-packages/airflow/example_dags/tutorial_dag.py for tasks to queue
[2024-10-27T13:48:11.020+0000] {logging_mixin.py:190} INFO - [2024-10-27T13:48:11.020+0000] {dagbag.py:588} INFO - Filling up the DagBag from /home/airflow/.local/lib/python3.12/site-packages/airflow/example_dags/tutorial_dag.py
[2024-10-27T13:48:11.029+0000] {processor.py:925} INFO - DAG(s) 'tutorial_dag' retrieved from /home/airflow/.local/lib/python3.12/site-packages/airflow/example_dags/tutorial_dag.py
[2024-10-27T13:48:11.050+0000] {logging_mixin.py:190} INFO - [2024-10-27T13:48:11.050+0000] {dag.py:3239} INFO - Sync 1 DAGs
[2024-10-27T13:48:11.066+0000] {logging_mixin.py:190} INFO - [2024-10-27T13:48:11.066+0000] {dag.py:4180} INFO - Setting next_dagrun for tutorial_dag to None, run_after=None
[2024-10-27T13:48:11.091+0000] {processor.py:208} INFO - Processing /home/airflow/.local/lib/python3.12/site-packages/airflow/example_dags/tutorial_dag.py took 0.080 seconds
[2024-10-27T13:48:43.446+0000] {processor.py:186} INFO - Started process (PID=90857) to work on /home/airflow/.local/lib/python3.12/site-packages/airflow/example_dags/tutorial_dag.py
[2024-10-27T13:48:43.447+0000] {processor.py:914} INFO - Processing file /home/airflow/.local/lib/python3.12/site-packages/airflow/example_dags/tutorial_dag.py for tasks to queue
[2024-10-27T13:48:43.449+0000] {logging_mixin.py:190} INFO - [2024-10-27T13:48:43.448+0000] {dagbag.py:588} INFO - Filling up the DagBag from /home/airflow/.local/lib/python3.12/site-packages/airflow/example_dags/tutorial_dag.py
[2024-10-27T13:48:43.456+0000] {processor.py:925} INFO - DAG(s) 'tutorial_dag' retrieved from /home/airflow/.local/lib/python3.12/site-packages/airflow/example_dags/tutorial_dag.py
[2024-10-27T13:48:43.476+0000] {logging_mixin.py:190} INFO - [2024-10-27T13:48:43.476+0000] {dag.py:3239} INFO - Sync 1 DAGs
[2024-10-27T13:48:43.493+0000] {logging_mixin.py:190} INFO - [2024-10-27T13:48:43.493+0000] {dag.py:4180} INFO - Setting next_dagrun for tutorial_dag to None, run_after=None
[2024-10-27T13:48:43.512+0000] {processor.py:208} INFO - Processing /home/airflow/.local/lib/python3.12/site-packages/airflow/example_dags/tutorial_dag.py took 0.071 seconds
[2024-10-27T13:49:15.505+0000] {processor.py:186} INFO - Started process (PID=90921) to work on /home/airflow/.local/lib/python3.12/site-packages/airflow/example_dags/tutorial_dag.py
[2024-10-27T13:49:15.506+0000] {processor.py:914} INFO - Processing file /home/airflow/.local/lib/python3.12/site-packages/airflow/example_dags/tutorial_dag.py for tasks to queue
[2024-10-27T13:49:15.508+0000] {logging_mixin.py:190} INFO - [2024-10-27T13:49:15.508+0000] {dagbag.py:588} INFO - Filling up the DagBag from /home/airflow/.local/lib/python3.12/site-packages/airflow/example_dags/tutorial_dag.py
[2024-10-27T13:49:15.520+0000] {processor.py:925} INFO - DAG(s) 'tutorial_dag' retrieved from /home/airflow/.local/lib/python3.12/site-packages/airflow/example_dags/tutorial_dag.py
[2024-10-27T13:49:15.546+0000] {logging_mixin.py:190} INFO - [2024-10-27T13:49:15.545+0000] {dag.py:3239} INFO - Sync 1 DAGs
[2024-10-27T13:49:15.564+0000] {logging_mixin.py:190} INFO - [2024-10-27T13:49:15.563+0000] {dag.py:4180} INFO - Setting next_dagrun for tutorial_dag to None, run_after=None
[2024-10-27T13:49:15.587+0000] {processor.py:208} INFO - Processing /home/airflow/.local/lib/python3.12/site-packages/airflow/example_dags/tutorial_dag.py took 0.087 seconds
[2024-10-27T13:49:45.873+0000] {processor.py:186} INFO - Started process (PID=90985) to work on /home/airflow/.local/lib/python3.12/site-packages/airflow/example_dags/tutorial_dag.py
[2024-10-27T13:49:45.874+0000] {processor.py:914} INFO - Processing file /home/airflow/.local/lib/python3.12/site-packages/airflow/example_dags/tutorial_dag.py for tasks to queue
[2024-10-27T13:49:45.876+0000] {logging_mixin.py:190} INFO - [2024-10-27T13:49:45.876+0000] {dagbag.py:588} INFO - Filling up the DagBag from /home/airflow/.local/lib/python3.12/site-packages/airflow/example_dags/tutorial_dag.py
[2024-10-27T13:49:45.886+0000] {processor.py:925} INFO - DAG(s) 'tutorial_dag' retrieved from /home/airflow/.local/lib/python3.12/site-packages/airflow/example_dags/tutorial_dag.py
[2024-10-27T13:49:45.906+0000] {logging_mixin.py:190} INFO - [2024-10-27T13:49:45.906+0000] {dag.py:3239} INFO - Sync 1 DAGs
[2024-10-27T13:49:45.921+0000] {logging_mixin.py:190} INFO - [2024-10-27T13:49:45.921+0000] {dag.py:4180} INFO - Setting next_dagrun for tutorial_dag to None, run_after=None
[2024-10-27T13:49:45.945+0000] {processor.py:208} INFO - Processing /home/airflow/.local/lib/python3.12/site-packages/airflow/example_dags/tutorial_dag.py took 0.078 seconds
[2024-10-27T13:50:15.994+0000] {processor.py:186} INFO - Started process (PID=91049) to work on /home/airflow/.local/lib/python3.12/site-packages/airflow/example_dags/tutorial_dag.py
[2024-10-27T13:50:15.995+0000] {processor.py:914} INFO - Processing file /home/airflow/.local/lib/python3.12/site-packages/airflow/example_dags/tutorial_dag.py for tasks to queue
[2024-10-27T13:50:15.996+0000] {logging_mixin.py:190} INFO - [2024-10-27T13:50:15.996+0000] {dagbag.py:588} INFO - Filling up the DagBag from /home/airflow/.local/lib/python3.12/site-packages/airflow/example_dags/tutorial_dag.py
[2024-10-27T13:50:16.004+0000] {processor.py:925} INFO - DAG(s) 'tutorial_dag' retrieved from /home/airflow/.local/lib/python3.12/site-packages/airflow/example_dags/tutorial_dag.py
[2024-10-27T13:50:16.025+0000] {logging_mixin.py:190} INFO - [2024-10-27T13:50:16.025+0000] {dag.py:3239} INFO - Sync 1 DAGs
[2024-10-27T13:50:16.039+0000] {logging_mixin.py:190} INFO - [2024-10-27T13:50:16.039+0000] {dag.py:4180} INFO - Setting next_dagrun for tutorial_dag to None, run_after=None
[2024-10-27T13:50:16.060+0000] {processor.py:208} INFO - Processing /home/airflow/.local/lib/python3.12/site-packages/airflow/example_dags/tutorial_dag.py took 0.072 seconds
[2024-10-27T13:50:46.551+0000] {processor.py:186} INFO - Started process (PID=91113) to work on /home/airflow/.local/lib/python3.12/site-packages/airflow/example_dags/tutorial_dag.py
[2024-10-27T13:50:46.552+0000] {processor.py:914} INFO - Processing file /home/airflow/.local/lib/python3.12/site-packages/airflow/example_dags/tutorial_dag.py for tasks to queue
[2024-10-27T13:50:46.554+0000] {logging_mixin.py:190} INFO - [2024-10-27T13:50:46.553+0000] {dagbag.py:588} INFO - Filling up the DagBag from /home/airflow/.local/lib/python3.12/site-packages/airflow/example_dags/tutorial_dag.py
[2024-10-27T13:50:46.561+0000] {processor.py:925} INFO - DAG(s) 'tutorial_dag' retrieved from /home/airflow/.local/lib/python3.12/site-packages/airflow/example_dags/tutorial_dag.py
[2024-10-27T13:50:46.582+0000] {logging_mixin.py:190} INFO - [2024-10-27T13:50:46.582+0000] {dag.py:3239} INFO - Sync 1 DAGs
[2024-10-27T13:50:46.597+0000] {logging_mixin.py:190} INFO - [2024-10-27T13:50:46.596+0000] {dag.py:4180} INFO - Setting next_dagrun for tutorial_dag to None, run_after=None
[2024-10-27T13:50:46.615+0000] {processor.py:208} INFO - Processing /home/airflow/.local/lib/python3.12/site-packages/airflow/example_dags/tutorial_dag.py took 0.069 seconds
[2024-10-27T13:51:17.378+0000] {processor.py:186} INFO - Started process (PID=91177) to work on /home/airflow/.local/lib/python3.12/site-packages/airflow/example_dags/tutorial_dag.py
[2024-10-27T13:51:17.378+0000] {processor.py:914} INFO - Processing file /home/airflow/.local/lib/python3.12/site-packages/airflow/example_dags/tutorial_dag.py for tasks to queue
[2024-10-27T13:51:17.380+0000] {logging_mixin.py:190} INFO - [2024-10-27T13:51:17.379+0000] {dagbag.py:588} INFO - Filling up the DagBag from /home/airflow/.local/lib/python3.12/site-packages/airflow/example_dags/tutorial_dag.py
[2024-10-27T13:51:17.388+0000] {processor.py:925} INFO - DAG(s) 'tutorial_dag' retrieved from /home/airflow/.local/lib/python3.12/site-packages/airflow/example_dags/tutorial_dag.py
[2024-10-27T13:51:17.406+0000] {logging_mixin.py:190} INFO - [2024-10-27T13:51:17.406+0000] {dag.py:3239} INFO - Sync 1 DAGs
[2024-10-27T13:51:17.418+0000] {logging_mixin.py:190} INFO - [2024-10-27T13:51:17.418+0000] {dag.py:4180} INFO - Setting next_dagrun for tutorial_dag to None, run_after=None
[2024-10-27T13:51:17.438+0000] {processor.py:208} INFO - Processing /home/airflow/.local/lib/python3.12/site-packages/airflow/example_dags/tutorial_dag.py took 0.065 seconds
[2024-10-27T13:51:48.389+0000] {processor.py:186} INFO - Started process (PID=91241) to work on /home/airflow/.local/lib/python3.12/site-packages/airflow/example_dags/tutorial_dag.py
[2024-10-27T13:51:48.390+0000] {processor.py:914} INFO - Processing file /home/airflow/.local/lib/python3.12/site-packages/airflow/example_dags/tutorial_dag.py for tasks to queue
[2024-10-27T13:51:48.392+0000] {logging_mixin.py:190} INFO - [2024-10-27T13:51:48.391+0000] {dagbag.py:588} INFO - Filling up the DagBag from /home/airflow/.local/lib/python3.12/site-packages/airflow/example_dags/tutorial_dag.py
[2024-10-27T13:51:48.400+0000] {processor.py:925} INFO - DAG(s) 'tutorial_dag' retrieved from /home/airflow/.local/lib/python3.12/site-packages/airflow/example_dags/tutorial_dag.py
[2024-10-27T13:51:48.421+0000] {logging_mixin.py:190} INFO - [2024-10-27T13:51:48.421+0000] {dag.py:3239} INFO - Sync 1 DAGs
[2024-10-27T13:51:48.434+0000] {logging_mixin.py:190} INFO - [2024-10-27T13:51:48.434+0000] {dag.py:4180} INFO - Setting next_dagrun for tutorial_dag to None, run_after=None
[2024-10-27T13:51:48.455+0000] {processor.py:208} INFO - Processing /home/airflow/.local/lib/python3.12/site-packages/airflow/example_dags/tutorial_dag.py took 0.071 seconds
[2024-10-27T13:52:18.569+0000] {processor.py:186} INFO - Started process (PID=91305) to work on /home/airflow/.local/lib/python3.12/site-packages/airflow/example_dags/tutorial_dag.py
[2024-10-27T13:52:18.570+0000] {processor.py:914} INFO - Processing file /home/airflow/.local/lib/python3.12/site-packages/airflow/example_dags/tutorial_dag.py for tasks to queue
[2024-10-27T13:52:18.572+0000] {logging_mixin.py:190} INFO - [2024-10-27T13:52:18.572+0000] {dagbag.py:588} INFO - Filling up the DagBag from /home/airflow/.local/lib/python3.12/site-packages/airflow/example_dags/tutorial_dag.py
[2024-10-27T13:52:18.579+0000] {processor.py:925} INFO - DAG(s) 'tutorial_dag' retrieved from /home/airflow/.local/lib/python3.12/site-packages/airflow/example_dags/tutorial_dag.py
[2024-10-27T13:52:18.599+0000] {logging_mixin.py:190} INFO - [2024-10-27T13:52:18.599+0000] {dag.py:3239} INFO - Sync 1 DAGs
[2024-10-27T13:52:18.614+0000] {logging_mixin.py:190} INFO - [2024-10-27T13:52:18.614+0000] {dag.py:4180} INFO - Setting next_dagrun for tutorial_dag to None, run_after=None
[2024-10-27T13:52:18.636+0000] {processor.py:208} INFO - Processing /home/airflow/.local/lib/python3.12/site-packages/airflow/example_dags/tutorial_dag.py took 0.071 seconds
[2024-10-27T13:52:49.074+0000] {processor.py:186} INFO - Started process (PID=91369) to work on /home/airflow/.local/lib/python3.12/site-packages/airflow/example_dags/tutorial_dag.py
[2024-10-27T13:52:49.075+0000] {processor.py:914} INFO - Processing file /home/airflow/.local/lib/python3.12/site-packages/airflow/example_dags/tutorial_dag.py for tasks to queue
[2024-10-27T13:52:49.077+0000] {logging_mixin.py:190} INFO - [2024-10-27T13:52:49.077+0000] {dagbag.py:588} INFO - Filling up the DagBag from /home/airflow/.local/lib/python3.12/site-packages/airflow/example_dags/tutorial_dag.py
[2024-10-27T13:52:49.086+0000] {processor.py:925} INFO - DAG(s) 'tutorial_dag' retrieved from /home/airflow/.local/lib/python3.12/site-packages/airflow/example_dags/tutorial_dag.py
[2024-10-27T13:52:49.107+0000] {logging_mixin.py:190} INFO - [2024-10-27T13:52:49.107+0000] {dag.py:3239} INFO - Sync 1 DAGs
[2024-10-27T13:52:49.123+0000] {logging_mixin.py:190} INFO - [2024-10-27T13:52:49.122+0000] {dag.py:4180} INFO - Setting next_dagrun for tutorial_dag to None, run_after=None
[2024-10-27T13:52:49.153+0000] {processor.py:208} INFO - Processing /home/airflow/.local/lib/python3.12/site-packages/airflow/example_dags/tutorial_dag.py took 0.087 seconds
[2024-10-27T13:53:19.936+0000] {processor.py:186} INFO - Started process (PID=91433) to work on /home/airflow/.local/lib/python3.12/site-packages/airflow/example_dags/tutorial_dag.py
[2024-10-27T13:53:19.938+0000] {processor.py:914} INFO - Processing file /home/airflow/.local/lib/python3.12/site-packages/airflow/example_dags/tutorial_dag.py for tasks to queue
[2024-10-27T13:53:19.942+0000] {logging_mixin.py:190} INFO - [2024-10-27T13:53:19.941+0000] {dagbag.py:588} INFO - Filling up the DagBag from /home/airflow/.local/lib/python3.12/site-packages/airflow/example_dags/tutorial_dag.py
[2024-10-27T13:53:19.952+0000] {processor.py:925} INFO - DAG(s) 'tutorial_dag' retrieved from /home/airflow/.local/lib/python3.12/site-packages/airflow/example_dags/tutorial_dag.py
[2024-10-27T13:53:19.976+0000] {logging_mixin.py:190} INFO - [2024-10-27T13:53:19.976+0000] {dag.py:3239} INFO - Sync 1 DAGs
[2024-10-27T13:53:20.000+0000] {logging_mixin.py:190} INFO - [2024-10-27T13:53:20.000+0000] {dag.py:4180} INFO - Setting next_dagrun for tutorial_dag to None, run_after=None
[2024-10-27T13:53:20.032+0000] {processor.py:208} INFO - Processing /home/airflow/.local/lib/python3.12/site-packages/airflow/example_dags/tutorial_dag.py took 0.105 seconds
[2024-10-27T13:53:50.088+0000] {processor.py:186} INFO - Started process (PID=91491) to work on /home/airflow/.local/lib/python3.12/site-packages/airflow/example_dags/tutorial_dag.py
[2024-10-27T13:53:50.090+0000] {processor.py:914} INFO - Processing file /home/airflow/.local/lib/python3.12/site-packages/airflow/example_dags/tutorial_dag.py for tasks to queue
[2024-10-27T13:53:50.091+0000] {logging_mixin.py:190} INFO - [2024-10-27T13:53:50.091+0000] {dagbag.py:588} INFO - Filling up the DagBag from /home/airflow/.local/lib/python3.12/site-packages/airflow/example_dags/tutorial_dag.py
[2024-10-27T13:53:50.098+0000] {processor.py:925} INFO - DAG(s) 'tutorial_dag' retrieved from /home/airflow/.local/lib/python3.12/site-packages/airflow/example_dags/tutorial_dag.py
[2024-10-27T13:53:50.116+0000] {logging_mixin.py:190} INFO - [2024-10-27T13:53:50.116+0000] {dag.py:3239} INFO - Sync 1 DAGs
[2024-10-27T13:53:50.128+0000] {logging_mixin.py:190} INFO - [2024-10-27T13:53:50.128+0000] {dag.py:4180} INFO - Setting next_dagrun for tutorial_dag to None, run_after=None
[2024-10-27T13:53:50.149+0000] {processor.py:208} INFO - Processing /home/airflow/.local/lib/python3.12/site-packages/airflow/example_dags/tutorial_dag.py took 0.067 seconds
[2024-10-27T13:54:20.460+0000] {processor.py:186} INFO - Started process (PID=91555) to work on /home/airflow/.local/lib/python3.12/site-packages/airflow/example_dags/tutorial_dag.py
[2024-10-27T13:54:20.461+0000] {processor.py:914} INFO - Processing file /home/airflow/.local/lib/python3.12/site-packages/airflow/example_dags/tutorial_dag.py for tasks to queue
[2024-10-27T13:54:20.463+0000] {logging_mixin.py:190} INFO - [2024-10-27T13:54:20.462+0000] {dagbag.py:588} INFO - Filling up the DagBag from /home/airflow/.local/lib/python3.12/site-packages/airflow/example_dags/tutorial_dag.py
[2024-10-27T13:54:20.470+0000] {processor.py:925} INFO - DAG(s) 'tutorial_dag' retrieved from /home/airflow/.local/lib/python3.12/site-packages/airflow/example_dags/tutorial_dag.py
[2024-10-27T13:54:20.488+0000] {logging_mixin.py:190} INFO - [2024-10-27T13:54:20.487+0000] {dag.py:3239} INFO - Sync 1 DAGs
[2024-10-27T13:54:20.501+0000] {logging_mixin.py:190} INFO - [2024-10-27T13:54:20.501+0000] {dag.py:4180} INFO - Setting next_dagrun for tutorial_dag to None, run_after=None
[2024-10-27T13:54:20.519+0000] {processor.py:208} INFO - Processing /home/airflow/.local/lib/python3.12/site-packages/airflow/example_dags/tutorial_dag.py took 0.064 seconds
[2024-10-27T13:54:50.892+0000] {processor.py:186} INFO - Started process (PID=91619) to work on /home/airflow/.local/lib/python3.12/site-packages/airflow/example_dags/tutorial_dag.py
[2024-10-27T13:54:50.893+0000] {processor.py:914} INFO - Processing file /home/airflow/.local/lib/python3.12/site-packages/airflow/example_dags/tutorial_dag.py for tasks to queue
[2024-10-27T13:54:50.895+0000] {logging_mixin.py:190} INFO - [2024-10-27T13:54:50.894+0000] {dagbag.py:588} INFO - Filling up the DagBag from /home/airflow/.local/lib/python3.12/site-packages/airflow/example_dags/tutorial_dag.py
[2024-10-27T13:54:50.905+0000] {processor.py:925} INFO - DAG(s) 'tutorial_dag' retrieved from /home/airflow/.local/lib/python3.12/site-packages/airflow/example_dags/tutorial_dag.py
[2024-10-27T13:54:50.928+0000] {logging_mixin.py:190} INFO - [2024-10-27T13:54:50.927+0000] {dag.py:3239} INFO - Sync 1 DAGs
[2024-10-27T13:54:50.949+0000] {logging_mixin.py:190} INFO - [2024-10-27T13:54:50.948+0000] {dag.py:4180} INFO - Setting next_dagrun for tutorial_dag to None, run_after=None
[2024-10-27T13:54:50.969+0000] {processor.py:208} INFO - Processing /home/airflow/.local/lib/python3.12/site-packages/airflow/example_dags/tutorial_dag.py took 0.083 seconds
[2024-10-27T13:55:21.501+0000] {processor.py:186} INFO - Started process (PID=91683) to work on /home/airflow/.local/lib/python3.12/site-packages/airflow/example_dags/tutorial_dag.py
[2024-10-27T13:55:21.503+0000] {processor.py:914} INFO - Processing file /home/airflow/.local/lib/python3.12/site-packages/airflow/example_dags/tutorial_dag.py for tasks to queue
[2024-10-27T13:55:21.506+0000] {logging_mixin.py:190} INFO - [2024-10-27T13:55:21.506+0000] {dagbag.py:588} INFO - Filling up the DagBag from /home/airflow/.local/lib/python3.12/site-packages/airflow/example_dags/tutorial_dag.py
[2024-10-27T13:55:21.518+0000] {processor.py:925} INFO - DAG(s) 'tutorial_dag' retrieved from /home/airflow/.local/lib/python3.12/site-packages/airflow/example_dags/tutorial_dag.py
[2024-10-27T13:55:21.547+0000] {logging_mixin.py:190} INFO - [2024-10-27T13:55:21.547+0000] {dag.py:3239} INFO - Sync 1 DAGs
[2024-10-27T13:55:21.565+0000] {logging_mixin.py:190} INFO - [2024-10-27T13:55:21.565+0000] {dag.py:4180} INFO - Setting next_dagrun for tutorial_dag to None, run_after=None
[2024-10-27T13:55:21.591+0000] {processor.py:208} INFO - Processing /home/airflow/.local/lib/python3.12/site-packages/airflow/example_dags/tutorial_dag.py took 0.097 seconds
[2024-10-27T13:55:51.759+0000] {processor.py:186} INFO - Started process (PID=91747) to work on /home/airflow/.local/lib/python3.12/site-packages/airflow/example_dags/tutorial_dag.py
[2024-10-27T13:55:51.760+0000] {processor.py:914} INFO - Processing file /home/airflow/.local/lib/python3.12/site-packages/airflow/example_dags/tutorial_dag.py for tasks to queue
[2024-10-27T13:55:51.761+0000] {logging_mixin.py:190} INFO - [2024-10-27T13:55:51.761+0000] {dagbag.py:588} INFO - Filling up the DagBag from /home/airflow/.local/lib/python3.12/site-packages/airflow/example_dags/tutorial_dag.py
[2024-10-27T13:55:51.768+0000] {processor.py:925} INFO - DAG(s) 'tutorial_dag' retrieved from /home/airflow/.local/lib/python3.12/site-packages/airflow/example_dags/tutorial_dag.py
[2024-10-27T13:55:51.784+0000] {logging_mixin.py:190} INFO - [2024-10-27T13:55:51.784+0000] {dag.py:3239} INFO - Sync 1 DAGs
[2024-10-27T13:55:51.797+0000] {logging_mixin.py:190} INFO - [2024-10-27T13:55:51.797+0000] {dag.py:4180} INFO - Setting next_dagrun for tutorial_dag to None, run_after=None
[2024-10-27T13:55:51.816+0000] {processor.py:208} INFO - Processing /home/airflow/.local/lib/python3.12/site-packages/airflow/example_dags/tutorial_dag.py took 0.062 seconds
[2024-10-27T13:56:22.514+0000] {processor.py:186} INFO - Started process (PID=91811) to work on /home/airflow/.local/lib/python3.12/site-packages/airflow/example_dags/tutorial_dag.py
[2024-10-27T13:56:22.515+0000] {processor.py:914} INFO - Processing file /home/airflow/.local/lib/python3.12/site-packages/airflow/example_dags/tutorial_dag.py for tasks to queue
[2024-10-27T13:56:22.518+0000] {logging_mixin.py:190} INFO - [2024-10-27T13:56:22.517+0000] {dagbag.py:588} INFO - Filling up the DagBag from /home/airflow/.local/lib/python3.12/site-packages/airflow/example_dags/tutorial_dag.py
[2024-10-27T13:56:22.532+0000] {processor.py:925} INFO - DAG(s) 'tutorial_dag' retrieved from /home/airflow/.local/lib/python3.12/site-packages/airflow/example_dags/tutorial_dag.py
[2024-10-27T13:56:22.564+0000] {logging_mixin.py:190} INFO - [2024-10-27T13:56:22.564+0000] {dag.py:3239} INFO - Sync 1 DAGs
[2024-10-27T13:56:22.596+0000] {logging_mixin.py:190} INFO - [2024-10-27T13:56:22.595+0000] {dag.py:4180} INFO - Setting next_dagrun for tutorial_dag to None, run_after=None
[2024-10-27T13:56:22.644+0000] {processor.py:208} INFO - Processing /home/airflow/.local/lib/python3.12/site-packages/airflow/example_dags/tutorial_dag.py took 0.140 seconds
[2024-10-27T13:56:52.850+0000] {processor.py:186} INFO - Started process (PID=91875) to work on /home/airflow/.local/lib/python3.12/site-packages/airflow/example_dags/tutorial_dag.py
[2024-10-27T13:56:52.851+0000] {processor.py:914} INFO - Processing file /home/airflow/.local/lib/python3.12/site-packages/airflow/example_dags/tutorial_dag.py for tasks to queue
[2024-10-27T13:56:52.853+0000] {logging_mixin.py:190} INFO - [2024-10-27T13:56:52.852+0000] {dagbag.py:588} INFO - Filling up the DagBag from /home/airflow/.local/lib/python3.12/site-packages/airflow/example_dags/tutorial_dag.py
[2024-10-27T13:56:52.859+0000] {processor.py:925} INFO - DAG(s) 'tutorial_dag' retrieved from /home/airflow/.local/lib/python3.12/site-packages/airflow/example_dags/tutorial_dag.py
[2024-10-27T13:56:52.876+0000] {logging_mixin.py:190} INFO - [2024-10-27T13:56:52.876+0000] {dag.py:3239} INFO - Sync 1 DAGs
[2024-10-27T13:56:52.890+0000] {logging_mixin.py:190} INFO - [2024-10-27T13:56:52.890+0000] {dag.py:4180} INFO - Setting next_dagrun for tutorial_dag to None, run_after=None
[2024-10-27T13:56:52.910+0000] {processor.py:208} INFO - Processing /home/airflow/.local/lib/python3.12/site-packages/airflow/example_dags/tutorial_dag.py took 0.064 seconds
[2024-10-27T13:57:23.290+0000] {processor.py:186} INFO - Started process (PID=91939) to work on /home/airflow/.local/lib/python3.12/site-packages/airflow/example_dags/tutorial_dag.py
[2024-10-27T13:57:23.291+0000] {processor.py:914} INFO - Processing file /home/airflow/.local/lib/python3.12/site-packages/airflow/example_dags/tutorial_dag.py for tasks to queue
[2024-10-27T13:57:23.292+0000] {logging_mixin.py:190} INFO - [2024-10-27T13:57:23.292+0000] {dagbag.py:588} INFO - Filling up the DagBag from /home/airflow/.local/lib/python3.12/site-packages/airflow/example_dags/tutorial_dag.py
[2024-10-27T13:57:23.300+0000] {processor.py:925} INFO - DAG(s) 'tutorial_dag' retrieved from /home/airflow/.local/lib/python3.12/site-packages/airflow/example_dags/tutorial_dag.py
[2024-10-27T13:57:23.319+0000] {logging_mixin.py:190} INFO - [2024-10-27T13:57:23.319+0000] {dag.py:3239} INFO - Sync 1 DAGs
[2024-10-27T13:57:23.331+0000] {logging_mixin.py:190} INFO - [2024-10-27T13:57:23.331+0000] {dag.py:4180} INFO - Setting next_dagrun for tutorial_dag to None, run_after=None
[2024-10-27T13:57:23.351+0000] {processor.py:208} INFO - Processing /home/airflow/.local/lib/python3.12/site-packages/airflow/example_dags/tutorial_dag.py took 0.067 seconds
[2024-10-27T13:57:54.082+0000] {processor.py:186} INFO - Started process (PID=92003) to work on /home/airflow/.local/lib/python3.12/site-packages/airflow/example_dags/tutorial_dag.py
[2024-10-27T13:57:54.083+0000] {processor.py:914} INFO - Processing file /home/airflow/.local/lib/python3.12/site-packages/airflow/example_dags/tutorial_dag.py for tasks to queue
[2024-10-27T13:57:54.085+0000] {logging_mixin.py:190} INFO - [2024-10-27T13:57:54.084+0000] {dagbag.py:588} INFO - Filling up the DagBag from /home/airflow/.local/lib/python3.12/site-packages/airflow/example_dags/tutorial_dag.py
[2024-10-27T13:57:54.098+0000] {processor.py:925} INFO - DAG(s) 'tutorial_dag' retrieved from /home/airflow/.local/lib/python3.12/site-packages/airflow/example_dags/tutorial_dag.py
[2024-10-27T13:57:54.125+0000] {logging_mixin.py:190} INFO - [2024-10-27T13:57:54.124+0000] {dag.py:3239} INFO - Sync 1 DAGs
[2024-10-27T13:57:54.147+0000] {logging_mixin.py:190} INFO - [2024-10-27T13:57:54.147+0000] {dag.py:4180} INFO - Setting next_dagrun for tutorial_dag to None, run_after=None
[2024-10-27T13:57:54.179+0000] {processor.py:208} INFO - Processing /home/airflow/.local/lib/python3.12/site-packages/airflow/example_dags/tutorial_dag.py took 0.106 seconds
[2024-10-27T13:58:24.632+0000] {processor.py:186} INFO - Started process (PID=92067) to work on /home/airflow/.local/lib/python3.12/site-packages/airflow/example_dags/tutorial_dag.py
[2024-10-27T13:58:24.633+0000] {processor.py:914} INFO - Processing file /home/airflow/.local/lib/python3.12/site-packages/airflow/example_dags/tutorial_dag.py for tasks to queue
[2024-10-27T13:58:24.634+0000] {logging_mixin.py:190} INFO - [2024-10-27T13:58:24.634+0000] {dagbag.py:588} INFO - Filling up the DagBag from /home/airflow/.local/lib/python3.12/site-packages/airflow/example_dags/tutorial_dag.py
[2024-10-27T13:58:24.641+0000] {processor.py:925} INFO - DAG(s) 'tutorial_dag' retrieved from /home/airflow/.local/lib/python3.12/site-packages/airflow/example_dags/tutorial_dag.py
[2024-10-27T13:58:24.659+0000] {logging_mixin.py:190} INFO - [2024-10-27T13:58:24.659+0000] {dag.py:3239} INFO - Sync 1 DAGs
[2024-10-27T13:58:24.673+0000] {logging_mixin.py:190} INFO - [2024-10-27T13:58:24.673+0000] {dag.py:4180} INFO - Setting next_dagrun for tutorial_dag to None, run_after=None
[2024-10-27T13:58:24.691+0000] {processor.py:208} INFO - Processing /home/airflow/.local/lib/python3.12/site-packages/airflow/example_dags/tutorial_dag.py took 0.063 seconds
[2024-10-27T13:58:55.694+0000] {processor.py:186} INFO - Started process (PID=92131) to work on /home/airflow/.local/lib/python3.12/site-packages/airflow/example_dags/tutorial_dag.py
[2024-10-27T13:58:55.695+0000] {processor.py:914} INFO - Processing file /home/airflow/.local/lib/python3.12/site-packages/airflow/example_dags/tutorial_dag.py for tasks to queue
[2024-10-27T13:58:55.697+0000] {logging_mixin.py:190} INFO - [2024-10-27T13:58:55.697+0000] {dagbag.py:588} INFO - Filling up the DagBag from /home/airflow/.local/lib/python3.12/site-packages/airflow/example_dags/tutorial_dag.py
[2024-10-27T13:58:55.707+0000] {processor.py:925} INFO - DAG(s) 'tutorial_dag' retrieved from /home/airflow/.local/lib/python3.12/site-packages/airflow/example_dags/tutorial_dag.py
[2024-10-27T13:58:55.729+0000] {logging_mixin.py:190} INFO - [2024-10-27T13:58:55.728+0000] {dag.py:3239} INFO - Sync 1 DAGs
[2024-10-27T13:58:55.745+0000] {logging_mixin.py:190} INFO - [2024-10-27T13:58:55.745+0000] {dag.py:4180} INFO - Setting next_dagrun for tutorial_dag to None, run_after=None
[2024-10-27T13:58:55.762+0000] {processor.py:208} INFO - Processing /home/airflow/.local/lib/python3.12/site-packages/airflow/example_dags/tutorial_dag.py took 0.074 seconds
[2024-10-27T13:59:26.365+0000] {processor.py:186} INFO - Started process (PID=92195) to work on /home/airflow/.local/lib/python3.12/site-packages/airflow/example_dags/tutorial_dag.py
[2024-10-27T13:59:26.367+0000] {processor.py:914} INFO - Processing file /home/airflow/.local/lib/python3.12/site-packages/airflow/example_dags/tutorial_dag.py for tasks to queue
[2024-10-27T13:59:26.369+0000] {logging_mixin.py:190} INFO - [2024-10-27T13:59:26.368+0000] {dagbag.py:588} INFO - Filling up the DagBag from /home/airflow/.local/lib/python3.12/site-packages/airflow/example_dags/tutorial_dag.py
[2024-10-27T13:59:26.390+0000] {processor.py:925} INFO - DAG(s) 'tutorial_dag' retrieved from /home/airflow/.local/lib/python3.12/site-packages/airflow/example_dags/tutorial_dag.py
[2024-10-27T13:59:26.426+0000] {logging_mixin.py:190} INFO - [2024-10-27T13:59:26.426+0000] {dag.py:3239} INFO - Sync 1 DAGs
[2024-10-27T13:59:26.440+0000] {logging_mixin.py:190} INFO - [2024-10-27T13:59:26.440+0000] {dag.py:4180} INFO - Setting next_dagrun for tutorial_dag to None, run_after=None
[2024-10-27T13:59:26.461+0000] {processor.py:208} INFO - Processing /home/airflow/.local/lib/python3.12/site-packages/airflow/example_dags/tutorial_dag.py took 0.106 seconds
[2024-10-27T13:59:56.549+0000] {processor.py:186} INFO - Started process (PID=92259) to work on /home/airflow/.local/lib/python3.12/site-packages/airflow/example_dags/tutorial_dag.py
[2024-10-27T13:59:56.549+0000] {processor.py:914} INFO - Processing file /home/airflow/.local/lib/python3.12/site-packages/airflow/example_dags/tutorial_dag.py for tasks to queue
[2024-10-27T13:59:56.551+0000] {logging_mixin.py:190} INFO - [2024-10-27T13:59:56.550+0000] {dagbag.py:588} INFO - Filling up the DagBag from /home/airflow/.local/lib/python3.12/site-packages/airflow/example_dags/tutorial_dag.py
[2024-10-27T13:59:56.558+0000] {processor.py:925} INFO - DAG(s) 'tutorial_dag' retrieved from /home/airflow/.local/lib/python3.12/site-packages/airflow/example_dags/tutorial_dag.py
[2024-10-27T13:59:56.576+0000] {logging_mixin.py:190} INFO - [2024-10-27T13:59:56.576+0000] {dag.py:3239} INFO - Sync 1 DAGs
[2024-10-27T13:59:56.589+0000] {logging_mixin.py:190} INFO - [2024-10-27T13:59:56.589+0000] {dag.py:4180} INFO - Setting next_dagrun for tutorial_dag to None, run_after=None
[2024-10-27T13:59:56.606+0000] {processor.py:208} INFO - Processing /home/airflow/.local/lib/python3.12/site-packages/airflow/example_dags/tutorial_dag.py took 0.063 seconds
[2024-10-27T14:00:27.644+0000] {processor.py:186} INFO - Started process (PID=92322) to work on /home/airflow/.local/lib/python3.12/site-packages/airflow/example_dags/tutorial_dag.py
[2024-10-27T14:00:27.645+0000] {processor.py:914} INFO - Processing file /home/airflow/.local/lib/python3.12/site-packages/airflow/example_dags/tutorial_dag.py for tasks to queue
[2024-10-27T14:00:27.647+0000] {logging_mixin.py:190} INFO - [2024-10-27T14:00:27.647+0000] {dagbag.py:588} INFO - Filling up the DagBag from /home/airflow/.local/lib/python3.12/site-packages/airflow/example_dags/tutorial_dag.py
[2024-10-27T14:00:27.658+0000] {processor.py:925} INFO - DAG(s) 'tutorial_dag' retrieved from /home/airflow/.local/lib/python3.12/site-packages/airflow/example_dags/tutorial_dag.py
[2024-10-27T14:00:27.677+0000] {logging_mixin.py:190} INFO - [2024-10-27T14:00:27.677+0000] {dag.py:3239} INFO - Sync 1 DAGs
[2024-10-27T14:00:27.691+0000] {logging_mixin.py:190} INFO - [2024-10-27T14:00:27.691+0000] {dag.py:4180} INFO - Setting next_dagrun for tutorial_dag to None, run_after=None
[2024-10-27T14:00:27.712+0000] {processor.py:208} INFO - Processing /home/airflow/.local/lib/python3.12/site-packages/airflow/example_dags/tutorial_dag.py took 0.074 seconds
[2024-10-27T14:00:59.203+0000] {processor.py:186} INFO - Started process (PID=92374) to work on /home/airflow/.local/lib/python3.12/site-packages/airflow/example_dags/tutorial_dag.py
[2024-10-27T14:00:59.204+0000] {processor.py:914} INFO - Processing file /home/airflow/.local/lib/python3.12/site-packages/airflow/example_dags/tutorial_dag.py for tasks to queue
[2024-10-27T14:00:59.206+0000] {logging_mixin.py:190} INFO - [2024-10-27T14:00:59.205+0000] {dagbag.py:588} INFO - Filling up the DagBag from /home/airflow/.local/lib/python3.12/site-packages/airflow/example_dags/tutorial_dag.py
[2024-10-27T14:00:59.217+0000] {processor.py:925} INFO - DAG(s) 'tutorial_dag' retrieved from /home/airflow/.local/lib/python3.12/site-packages/airflow/example_dags/tutorial_dag.py
[2024-10-27T14:00:59.240+0000] {logging_mixin.py:190} INFO - [2024-10-27T14:00:59.239+0000] {dag.py:3239} INFO - Sync 1 DAGs
[2024-10-27T14:00:59.257+0000] {logging_mixin.py:190} INFO - [2024-10-27T14:00:59.256+0000] {dag.py:4180} INFO - Setting next_dagrun for tutorial_dag to None, run_after=None
[2024-10-27T14:00:59.280+0000] {processor.py:208} INFO - Processing /home/airflow/.local/lib/python3.12/site-packages/airflow/example_dags/tutorial_dag.py took 0.084 seconds
[2024-10-27T14:01:31.896+0000] {processor.py:186} INFO - Started process (PID=92438) to work on /home/airflow/.local/lib/python3.12/site-packages/airflow/example_dags/tutorial_dag.py
[2024-10-27T14:01:31.897+0000] {processor.py:914} INFO - Processing file /home/airflow/.local/lib/python3.12/site-packages/airflow/example_dags/tutorial_dag.py for tasks to queue
[2024-10-27T14:01:31.898+0000] {logging_mixin.py:190} INFO - [2024-10-27T14:01:31.898+0000] {dagbag.py:588} INFO - Filling up the DagBag from /home/airflow/.local/lib/python3.12/site-packages/airflow/example_dags/tutorial_dag.py
[2024-10-27T14:01:31.907+0000] {processor.py:925} INFO - DAG(s) 'tutorial_dag' retrieved from /home/airflow/.local/lib/python3.12/site-packages/airflow/example_dags/tutorial_dag.py
[2024-10-27T14:01:31.929+0000] {logging_mixin.py:190} INFO - [2024-10-27T14:01:31.928+0000] {dag.py:3239} INFO - Sync 1 DAGs
[2024-10-27T14:01:31.943+0000] {logging_mixin.py:190} INFO - [2024-10-27T14:01:31.942+0000] {dag.py:4180} INFO - Setting next_dagrun for tutorial_dag to None, run_after=None
[2024-10-27T14:01:31.963+0000] {processor.py:208} INFO - Processing /home/airflow/.local/lib/python3.12/site-packages/airflow/example_dags/tutorial_dag.py took 0.074 seconds
[2024-10-27T14:02:03.819+0000] {processor.py:186} INFO - Started process (PID=92503) to work on /home/airflow/.local/lib/python3.12/site-packages/airflow/example_dags/tutorial_dag.py
[2024-10-27T14:02:03.820+0000] {processor.py:914} INFO - Processing file /home/airflow/.local/lib/python3.12/site-packages/airflow/example_dags/tutorial_dag.py for tasks to queue
[2024-10-27T14:02:03.821+0000] {logging_mixin.py:190} INFO - [2024-10-27T14:02:03.821+0000] {dagbag.py:588} INFO - Filling up the DagBag from /home/airflow/.local/lib/python3.12/site-packages/airflow/example_dags/tutorial_dag.py
[2024-10-27T14:02:03.833+0000] {processor.py:925} INFO - DAG(s) 'tutorial_dag' retrieved from /home/airflow/.local/lib/python3.12/site-packages/airflow/example_dags/tutorial_dag.py
[2024-10-27T14:02:03.859+0000] {logging_mixin.py:190} INFO - [2024-10-27T14:02:03.858+0000] {dag.py:3239} INFO - Sync 1 DAGs
[2024-10-27T14:02:03.880+0000] {logging_mixin.py:190} INFO - [2024-10-27T14:02:03.880+0000] {dag.py:4180} INFO - Setting next_dagrun for tutorial_dag to None, run_after=None
[2024-10-27T14:02:03.905+0000] {processor.py:208} INFO - Processing /home/airflow/.local/lib/python3.12/site-packages/airflow/example_dags/tutorial_dag.py took 0.093 seconds
[2024-10-27T14:02:34.932+0000] {processor.py:186} INFO - Started process (PID=92557) to work on /home/airflow/.local/lib/python3.12/site-packages/airflow/example_dags/tutorial_dag.py
[2024-10-27T14:02:34.933+0000] {processor.py:914} INFO - Processing file /home/airflow/.local/lib/python3.12/site-packages/airflow/example_dags/tutorial_dag.py for tasks to queue
[2024-10-27T14:02:34.935+0000] {logging_mixin.py:190} INFO - [2024-10-27T14:02:34.935+0000] {dagbag.py:588} INFO - Filling up the DagBag from /home/airflow/.local/lib/python3.12/site-packages/airflow/example_dags/tutorial_dag.py
[2024-10-27T14:02:34.944+0000] {processor.py:925} INFO - DAG(s) 'tutorial_dag' retrieved from /home/airflow/.local/lib/python3.12/site-packages/airflow/example_dags/tutorial_dag.py
[2024-10-27T14:02:34.970+0000] {logging_mixin.py:190} INFO - [2024-10-27T14:02:34.969+0000] {dag.py:3239} INFO - Sync 1 DAGs
[2024-10-27T14:02:34.990+0000] {logging_mixin.py:190} INFO - [2024-10-27T14:02:34.990+0000] {dag.py:4180} INFO - Setting next_dagrun for tutorial_dag to None, run_after=None
[2024-10-27T14:02:35.017+0000] {processor.py:208} INFO - Processing /home/airflow/.local/lib/python3.12/site-packages/airflow/example_dags/tutorial_dag.py took 0.096 seconds
[2024-10-27T14:03:06.592+0000] {processor.py:186} INFO - Started process (PID=92621) to work on /home/airflow/.local/lib/python3.12/site-packages/airflow/example_dags/tutorial_dag.py
[2024-10-27T14:03:06.594+0000] {processor.py:914} INFO - Processing file /home/airflow/.local/lib/python3.12/site-packages/airflow/example_dags/tutorial_dag.py for tasks to queue
[2024-10-27T14:03:06.595+0000] {logging_mixin.py:190} INFO - [2024-10-27T14:03:06.595+0000] {dagbag.py:588} INFO - Filling up the DagBag from /home/airflow/.local/lib/python3.12/site-packages/airflow/example_dags/tutorial_dag.py
[2024-10-27T14:03:06.607+0000] {processor.py:925} INFO - DAG(s) 'tutorial_dag' retrieved from /home/airflow/.local/lib/python3.12/site-packages/airflow/example_dags/tutorial_dag.py
[2024-10-27T14:03:06.630+0000] {logging_mixin.py:190} INFO - [2024-10-27T14:03:06.629+0000] {dag.py:3239} INFO - Sync 1 DAGs
[2024-10-27T14:03:06.645+0000] {logging_mixin.py:190} INFO - [2024-10-27T14:03:06.645+0000] {dag.py:4180} INFO - Setting next_dagrun for tutorial_dag to None, run_after=None
[2024-10-27T14:03:06.666+0000] {processor.py:208} INFO - Processing /home/airflow/.local/lib/python3.12/site-packages/airflow/example_dags/tutorial_dag.py took 0.081 seconds
[2024-10-27T14:03:38.589+0000] {processor.py:186} INFO - Started process (PID=92684) to work on /home/airflow/.local/lib/python3.12/site-packages/airflow/example_dags/tutorial_dag.py
[2024-10-27T14:03:38.591+0000] {processor.py:914} INFO - Processing file /home/airflow/.local/lib/python3.12/site-packages/airflow/example_dags/tutorial_dag.py for tasks to queue
[2024-10-27T14:03:38.593+0000] {logging_mixin.py:190} INFO - [2024-10-27T14:03:38.592+0000] {dagbag.py:588} INFO - Filling up the DagBag from /home/airflow/.local/lib/python3.12/site-packages/airflow/example_dags/tutorial_dag.py
[2024-10-27T14:03:38.603+0000] {processor.py:925} INFO - DAG(s) 'tutorial_dag' retrieved from /home/airflow/.local/lib/python3.12/site-packages/airflow/example_dags/tutorial_dag.py
[2024-10-27T14:03:38.628+0000] {logging_mixin.py:190} INFO - [2024-10-27T14:03:38.628+0000] {dag.py:3239} INFO - Sync 1 DAGs
[2024-10-27T14:03:38.643+0000] {logging_mixin.py:190} INFO - [2024-10-27T14:03:38.642+0000] {dag.py:4180} INFO - Setting next_dagrun for tutorial_dag to None, run_after=None
[2024-10-27T14:03:38.662+0000] {processor.py:208} INFO - Processing /home/airflow/.local/lib/python3.12/site-packages/airflow/example_dags/tutorial_dag.py took 0.079 seconds
[2024-10-27T14:04:09.538+0000] {processor.py:186} INFO - Started process (PID=92748) to work on /home/airflow/.local/lib/python3.12/site-packages/airflow/example_dags/tutorial_dag.py
[2024-10-27T14:04:09.540+0000] {processor.py:914} INFO - Processing file /home/airflow/.local/lib/python3.12/site-packages/airflow/example_dags/tutorial_dag.py for tasks to queue
[2024-10-27T14:04:09.541+0000] {logging_mixin.py:190} INFO - [2024-10-27T14:04:09.541+0000] {dagbag.py:588} INFO - Filling up the DagBag from /home/airflow/.local/lib/python3.12/site-packages/airflow/example_dags/tutorial_dag.py
[2024-10-27T14:04:09.550+0000] {processor.py:925} INFO - DAG(s) 'tutorial_dag' retrieved from /home/airflow/.local/lib/python3.12/site-packages/airflow/example_dags/tutorial_dag.py
[2024-10-27T14:04:09.570+0000] {logging_mixin.py:190} INFO - [2024-10-27T14:04:09.569+0000] {dag.py:3239} INFO - Sync 1 DAGs
[2024-10-27T14:04:09.590+0000] {logging_mixin.py:190} INFO - [2024-10-27T14:04:09.589+0000] {dag.py:4180} INFO - Setting next_dagrun for tutorial_dag to None, run_after=None
[2024-10-27T14:04:09.609+0000] {processor.py:208} INFO - Processing /home/airflow/.local/lib/python3.12/site-packages/airflow/example_dags/tutorial_dag.py took 0.077 seconds
[2024-10-27T14:04:41.603+0000] {processor.py:186} INFO - Started process (PID=92812) to work on /home/airflow/.local/lib/python3.12/site-packages/airflow/example_dags/tutorial_dag.py
[2024-10-27T14:04:41.604+0000] {processor.py:914} INFO - Processing file /home/airflow/.local/lib/python3.12/site-packages/airflow/example_dags/tutorial_dag.py for tasks to queue
[2024-10-27T14:04:41.606+0000] {logging_mixin.py:190} INFO - [2024-10-27T14:04:41.605+0000] {dagbag.py:588} INFO - Filling up the DagBag from /home/airflow/.local/lib/python3.12/site-packages/airflow/example_dags/tutorial_dag.py
[2024-10-27T14:04:41.616+0000] {processor.py:925} INFO - DAG(s) 'tutorial_dag' retrieved from /home/airflow/.local/lib/python3.12/site-packages/airflow/example_dags/tutorial_dag.py
[2024-10-27T14:04:41.637+0000] {logging_mixin.py:190} INFO - [2024-10-27T14:04:41.636+0000] {dag.py:3239} INFO - Sync 1 DAGs
[2024-10-27T14:04:41.651+0000] {logging_mixin.py:190} INFO - [2024-10-27T14:04:41.651+0000] {dag.py:4180} INFO - Setting next_dagrun for tutorial_dag to None, run_after=None
[2024-10-27T14:04:41.675+0000] {processor.py:208} INFO - Processing /home/airflow/.local/lib/python3.12/site-packages/airflow/example_dags/tutorial_dag.py took 0.078 seconds
[2024-10-27T14:05:13.557+0000] {processor.py:186} INFO - Started process (PID=92876) to work on /home/airflow/.local/lib/python3.12/site-packages/airflow/example_dags/tutorial_dag.py
[2024-10-27T14:05:13.558+0000] {processor.py:914} INFO - Processing file /home/airflow/.local/lib/python3.12/site-packages/airflow/example_dags/tutorial_dag.py for tasks to queue
[2024-10-27T14:05:13.560+0000] {logging_mixin.py:190} INFO - [2024-10-27T14:05:13.559+0000] {dagbag.py:588} INFO - Filling up the DagBag from /home/airflow/.local/lib/python3.12/site-packages/airflow/example_dags/tutorial_dag.py
[2024-10-27T14:05:13.568+0000] {processor.py:925} INFO - DAG(s) 'tutorial_dag' retrieved from /home/airflow/.local/lib/python3.12/site-packages/airflow/example_dags/tutorial_dag.py
[2024-10-27T14:05:13.591+0000] {logging_mixin.py:190} INFO - [2024-10-27T14:05:13.591+0000] {dag.py:3239} INFO - Sync 1 DAGs
[2024-10-27T14:05:13.608+0000] {logging_mixin.py:190} INFO - [2024-10-27T14:05:13.608+0000] {dag.py:4180} INFO - Setting next_dagrun for tutorial_dag to None, run_after=None
[2024-10-27T14:05:13.633+0000] {processor.py:208} INFO - Processing /home/airflow/.local/lib/python3.12/site-packages/airflow/example_dags/tutorial_dag.py took 0.082 seconds
[2024-10-27T14:05:45.910+0000] {processor.py:186} INFO - Started process (PID=92938) to work on /home/airflow/.local/lib/python3.12/site-packages/airflow/example_dags/tutorial_dag.py
[2024-10-27T14:05:45.911+0000] {processor.py:914} INFO - Processing file /home/airflow/.local/lib/python3.12/site-packages/airflow/example_dags/tutorial_dag.py for tasks to queue
[2024-10-27T14:05:45.912+0000] {logging_mixin.py:190} INFO - [2024-10-27T14:05:45.912+0000] {dagbag.py:588} INFO - Filling up the DagBag from /home/airflow/.local/lib/python3.12/site-packages/airflow/example_dags/tutorial_dag.py
[2024-10-27T14:05:45.922+0000] {processor.py:925} INFO - DAG(s) 'tutorial_dag' retrieved from /home/airflow/.local/lib/python3.12/site-packages/airflow/example_dags/tutorial_dag.py
[2024-10-27T14:05:45.939+0000] {logging_mixin.py:190} INFO - [2024-10-27T14:05:45.939+0000] {dag.py:3239} INFO - Sync 1 DAGs
[2024-10-27T14:05:45.959+0000] {logging_mixin.py:190} INFO - [2024-10-27T14:05:45.958+0000] {dag.py:4180} INFO - Setting next_dagrun for tutorial_dag to None, run_after=None
[2024-10-27T14:05:45.978+0000] {processor.py:208} INFO - Processing /home/airflow/.local/lib/python3.12/site-packages/airflow/example_dags/tutorial_dag.py took 0.073 seconds
[2024-10-27T14:06:17.209+0000] {processor.py:186} INFO - Started process (PID=92997) to work on /home/airflow/.local/lib/python3.12/site-packages/airflow/example_dags/tutorial_dag.py
[2024-10-27T14:06:17.210+0000] {processor.py:914} INFO - Processing file /home/airflow/.local/lib/python3.12/site-packages/airflow/example_dags/tutorial_dag.py for tasks to queue
[2024-10-27T14:06:17.212+0000] {logging_mixin.py:190} INFO - [2024-10-27T14:06:17.212+0000] {dagbag.py:588} INFO - Filling up the DagBag from /home/airflow/.local/lib/python3.12/site-packages/airflow/example_dags/tutorial_dag.py
[2024-10-27T14:06:17.219+0000] {processor.py:925} INFO - DAG(s) 'tutorial_dag' retrieved from /home/airflow/.local/lib/python3.12/site-packages/airflow/example_dags/tutorial_dag.py
[2024-10-27T14:06:17.237+0000] {logging_mixin.py:190} INFO - [2024-10-27T14:06:17.236+0000] {dag.py:3239} INFO - Sync 1 DAGs
[2024-10-27T14:06:17.251+0000] {logging_mixin.py:190} INFO - [2024-10-27T14:06:17.250+0000] {dag.py:4180} INFO - Setting next_dagrun for tutorial_dag to None, run_after=None
[2024-10-27T14:06:17.272+0000] {processor.py:208} INFO - Processing /home/airflow/.local/lib/python3.12/site-packages/airflow/example_dags/tutorial_dag.py took 0.069 seconds
[2024-10-27T14:06:48.660+0000] {processor.py:186} INFO - Started process (PID=93059) to work on /home/airflow/.local/lib/python3.12/site-packages/airflow/example_dags/tutorial_dag.py
[2024-10-27T14:06:48.662+0000] {processor.py:914} INFO - Processing file /home/airflow/.local/lib/python3.12/site-packages/airflow/example_dags/tutorial_dag.py for tasks to queue
[2024-10-27T14:06:48.663+0000] {logging_mixin.py:190} INFO - [2024-10-27T14:06:48.662+0000] {dagbag.py:588} INFO - Filling up the DagBag from /home/airflow/.local/lib/python3.12/site-packages/airflow/example_dags/tutorial_dag.py
[2024-10-27T14:06:48.670+0000] {processor.py:925} INFO - DAG(s) 'tutorial_dag' retrieved from /home/airflow/.local/lib/python3.12/site-packages/airflow/example_dags/tutorial_dag.py
[2024-10-27T14:06:48.692+0000] {logging_mixin.py:190} INFO - [2024-10-27T14:06:48.691+0000] {dag.py:3239} INFO - Sync 1 DAGs
[2024-10-27T14:06:48.709+0000] {logging_mixin.py:190} INFO - [2024-10-27T14:06:48.709+0000] {dag.py:4180} INFO - Setting next_dagrun for tutorial_dag to None, run_after=None
[2024-10-27T14:06:48.730+0000] {processor.py:208} INFO - Processing /home/airflow/.local/lib/python3.12/site-packages/airflow/example_dags/tutorial_dag.py took 0.077 seconds
[2024-10-27T14:07:20.255+0000] {processor.py:186} INFO - Started process (PID=93123) to work on /home/airflow/.local/lib/python3.12/site-packages/airflow/example_dags/tutorial_dag.py
[2024-10-27T14:07:20.256+0000] {processor.py:914} INFO - Processing file /home/airflow/.local/lib/python3.12/site-packages/airflow/example_dags/tutorial_dag.py for tasks to queue
[2024-10-27T14:07:20.258+0000] {logging_mixin.py:190} INFO - [2024-10-27T14:07:20.258+0000] {dagbag.py:588} INFO - Filling up the DagBag from /home/airflow/.local/lib/python3.12/site-packages/airflow/example_dags/tutorial_dag.py
[2024-10-27T14:07:20.265+0000] {processor.py:925} INFO - DAG(s) 'tutorial_dag' retrieved from /home/airflow/.local/lib/python3.12/site-packages/airflow/example_dags/tutorial_dag.py
[2024-10-27T14:07:20.282+0000] {logging_mixin.py:190} INFO - [2024-10-27T14:07:20.282+0000] {dag.py:3239} INFO - Sync 1 DAGs
[2024-10-27T14:07:20.295+0000] {logging_mixin.py:190} INFO - [2024-10-27T14:07:20.295+0000] {dag.py:4180} INFO - Setting next_dagrun for tutorial_dag to None, run_after=None
[2024-10-27T14:07:20.318+0000] {processor.py:208} INFO - Processing /home/airflow/.local/lib/python3.12/site-packages/airflow/example_dags/tutorial_dag.py took 0.069 seconds
[2024-10-27T14:07:52.583+0000] {processor.py:186} INFO - Started process (PID=93187) to work on /home/airflow/.local/lib/python3.12/site-packages/airflow/example_dags/tutorial_dag.py
[2024-10-27T14:07:52.584+0000] {processor.py:914} INFO - Processing file /home/airflow/.local/lib/python3.12/site-packages/airflow/example_dags/tutorial_dag.py for tasks to queue
[2024-10-27T14:07:52.587+0000] {logging_mixin.py:190} INFO - [2024-10-27T14:07:52.586+0000] {dagbag.py:588} INFO - Filling up the DagBag from /home/airflow/.local/lib/python3.12/site-packages/airflow/example_dags/tutorial_dag.py
[2024-10-27T14:07:52.595+0000] {processor.py:925} INFO - DAG(s) 'tutorial_dag' retrieved from /home/airflow/.local/lib/python3.12/site-packages/airflow/example_dags/tutorial_dag.py
[2024-10-27T14:07:52.616+0000] {logging_mixin.py:190} INFO - [2024-10-27T14:07:52.616+0000] {dag.py:3239} INFO - Sync 1 DAGs
[2024-10-27T14:07:52.633+0000] {logging_mixin.py:190} INFO - [2024-10-27T14:07:52.633+0000] {dag.py:4180} INFO - Setting next_dagrun for tutorial_dag to None, run_after=None
[2024-10-27T14:07:52.650+0000] {processor.py:208} INFO - Processing /home/airflow/.local/lib/python3.12/site-packages/airflow/example_dags/tutorial_dag.py took 0.074 seconds
[2024-10-27T14:08:24.294+0000] {processor.py:186} INFO - Started process (PID=93251) to work on /home/airflow/.local/lib/python3.12/site-packages/airflow/example_dags/tutorial_dag.py
[2024-10-27T14:08:24.296+0000] {processor.py:914} INFO - Processing file /home/airflow/.local/lib/python3.12/site-packages/airflow/example_dags/tutorial_dag.py for tasks to queue
[2024-10-27T14:08:24.297+0000] {logging_mixin.py:190} INFO - [2024-10-27T14:08:24.297+0000] {dagbag.py:588} INFO - Filling up the DagBag from /home/airflow/.local/lib/python3.12/site-packages/airflow/example_dags/tutorial_dag.py
[2024-10-27T14:08:24.306+0000] {processor.py:925} INFO - DAG(s) 'tutorial_dag' retrieved from /home/airflow/.local/lib/python3.12/site-packages/airflow/example_dags/tutorial_dag.py
[2024-10-27T14:08:24.325+0000] {logging_mixin.py:190} INFO - [2024-10-27T14:08:24.325+0000] {dag.py:3239} INFO - Sync 1 DAGs
[2024-10-27T14:08:24.340+0000] {logging_mixin.py:190} INFO - [2024-10-27T14:08:24.340+0000] {dag.py:4180} INFO - Setting next_dagrun for tutorial_dag to None, run_after=None
[2024-10-27T14:08:24.360+0000] {processor.py:208} INFO - Processing /home/airflow/.local/lib/python3.12/site-packages/airflow/example_dags/tutorial_dag.py took 0.073 seconds
[2024-10-27T14:08:55.466+0000] {processor.py:186} INFO - Started process (PID=93315) to work on /home/airflow/.local/lib/python3.12/site-packages/airflow/example_dags/tutorial_dag.py
[2024-10-27T14:08:55.467+0000] {processor.py:914} INFO - Processing file /home/airflow/.local/lib/python3.12/site-packages/airflow/example_dags/tutorial_dag.py for tasks to queue
[2024-10-27T14:08:55.468+0000] {logging_mixin.py:190} INFO - [2024-10-27T14:08:55.468+0000] {dagbag.py:588} INFO - Filling up the DagBag from /home/airflow/.local/lib/python3.12/site-packages/airflow/example_dags/tutorial_dag.py
[2024-10-27T14:08:55.475+0000] {processor.py:925} INFO - DAG(s) 'tutorial_dag' retrieved from /home/airflow/.local/lib/python3.12/site-packages/airflow/example_dags/tutorial_dag.py
[2024-10-27T14:08:55.494+0000] {logging_mixin.py:190} INFO - [2024-10-27T14:08:55.493+0000] {dag.py:3239} INFO - Sync 1 DAGs
[2024-10-27T14:08:55.508+0000] {logging_mixin.py:190} INFO - [2024-10-27T14:08:55.507+0000] {dag.py:4180} INFO - Setting next_dagrun for tutorial_dag to None, run_after=None
[2024-10-27T14:08:55.526+0000] {processor.py:208} INFO - Processing /home/airflow/.local/lib/python3.12/site-packages/airflow/example_dags/tutorial_dag.py took 0.065 seconds
[2024-10-27T14:09:27.823+0000] {processor.py:186} INFO - Started process (PID=93380) to work on /home/airflow/.local/lib/python3.12/site-packages/airflow/example_dags/tutorial_dag.py
[2024-10-27T14:09:27.824+0000] {processor.py:914} INFO - Processing file /home/airflow/.local/lib/python3.12/site-packages/airflow/example_dags/tutorial_dag.py for tasks to queue
[2024-10-27T14:09:27.826+0000] {logging_mixin.py:190} INFO - [2024-10-27T14:09:27.825+0000] {dagbag.py:588} INFO - Filling up the DagBag from /home/airflow/.local/lib/python3.12/site-packages/airflow/example_dags/tutorial_dag.py
[2024-10-27T14:09:27.832+0000] {processor.py:925} INFO - DAG(s) 'tutorial_dag' retrieved from /home/airflow/.local/lib/python3.12/site-packages/airflow/example_dags/tutorial_dag.py
[2024-10-27T14:09:27.850+0000] {logging_mixin.py:190} INFO - [2024-10-27T14:09:27.849+0000] {dag.py:3239} INFO - Sync 1 DAGs
[2024-10-27T14:09:27.864+0000] {logging_mixin.py:190} INFO - [2024-10-27T14:09:27.863+0000] {dag.py:4180} INFO - Setting next_dagrun for tutorial_dag to None, run_after=None
[2024-10-27T14:09:27.887+0000] {processor.py:208} INFO - Processing /home/airflow/.local/lib/python3.12/site-packages/airflow/example_dags/tutorial_dag.py took 0.069 seconds
[2024-10-27T14:10:00.262+0000] {processor.py:186} INFO - Started process (PID=93446) to work on /home/airflow/.local/lib/python3.12/site-packages/airflow/example_dags/tutorial_dag.py
[2024-10-27T14:10:00.263+0000] {processor.py:914} INFO - Processing file /home/airflow/.local/lib/python3.12/site-packages/airflow/example_dags/tutorial_dag.py for tasks to queue
[2024-10-27T14:10:00.264+0000] {logging_mixin.py:190} INFO - [2024-10-27T14:10:00.264+0000] {dagbag.py:588} INFO - Filling up the DagBag from /home/airflow/.local/lib/python3.12/site-packages/airflow/example_dags/tutorial_dag.py
[2024-10-27T14:10:00.271+0000] {processor.py:925} INFO - DAG(s) 'tutorial_dag' retrieved from /home/airflow/.local/lib/python3.12/site-packages/airflow/example_dags/tutorial_dag.py
[2024-10-27T14:10:00.291+0000] {logging_mixin.py:190} INFO - [2024-10-27T14:10:00.291+0000] {dag.py:3239} INFO - Sync 1 DAGs
[2024-10-27T14:10:00.305+0000] {logging_mixin.py:190} INFO - [2024-10-27T14:10:00.305+0000] {dag.py:4180} INFO - Setting next_dagrun for tutorial_dag to None, run_after=None
[2024-10-27T14:10:00.326+0000] {processor.py:208} INFO - Processing /home/airflow/.local/lib/python3.12/site-packages/airflow/example_dags/tutorial_dag.py took 0.069 seconds
[2024-10-27T14:10:31.330+0000] {processor.py:186} INFO - Started process (PID=93511) to work on /home/airflow/.local/lib/python3.12/site-packages/airflow/example_dags/tutorial_dag.py
[2024-10-27T14:10:31.332+0000] {processor.py:914} INFO - Processing file /home/airflow/.local/lib/python3.12/site-packages/airflow/example_dags/tutorial_dag.py for tasks to queue
[2024-10-27T14:10:31.333+0000] {logging_mixin.py:190} INFO - [2024-10-27T14:10:31.333+0000] {dagbag.py:588} INFO - Filling up the DagBag from /home/airflow/.local/lib/python3.12/site-packages/airflow/example_dags/tutorial_dag.py
[2024-10-27T14:10:31.341+0000] {processor.py:925} INFO - DAG(s) 'tutorial_dag' retrieved from /home/airflow/.local/lib/python3.12/site-packages/airflow/example_dags/tutorial_dag.py
[2024-10-27T14:10:31.359+0000] {logging_mixin.py:190} INFO - [2024-10-27T14:10:31.359+0000] {dag.py:3239} INFO - Sync 1 DAGs
[2024-10-27T14:10:31.373+0000] {logging_mixin.py:190} INFO - [2024-10-27T14:10:31.372+0000] {dag.py:4180} INFO - Setting next_dagrun for tutorial_dag to None, run_after=None
[2024-10-27T14:10:31.392+0000] {processor.py:208} INFO - Processing /home/airflow/.local/lib/python3.12/site-packages/airflow/example_dags/tutorial_dag.py took 0.067 seconds
[2024-10-27T14:11:02.731+0000] {processor.py:186} INFO - Started process (PID=93575) to work on /home/airflow/.local/lib/python3.12/site-packages/airflow/example_dags/tutorial_dag.py
[2024-10-27T14:11:02.732+0000] {processor.py:914} INFO - Processing file /home/airflow/.local/lib/python3.12/site-packages/airflow/example_dags/tutorial_dag.py for tasks to queue
[2024-10-27T14:11:02.734+0000] {logging_mixin.py:190} INFO - [2024-10-27T14:11:02.733+0000] {dagbag.py:588} INFO - Filling up the DagBag from /home/airflow/.local/lib/python3.12/site-packages/airflow/example_dags/tutorial_dag.py
[2024-10-27T14:11:02.742+0000] {processor.py:925} INFO - DAG(s) 'tutorial_dag' retrieved from /home/airflow/.local/lib/python3.12/site-packages/airflow/example_dags/tutorial_dag.py
[2024-10-27T14:11:02.762+0000] {logging_mixin.py:190} INFO - [2024-10-27T14:11:02.762+0000] {dag.py:3239} INFO - Sync 1 DAGs
[2024-10-27T14:11:02.775+0000] {logging_mixin.py:190} INFO - [2024-10-27T14:11:02.775+0000] {dag.py:4180} INFO - Setting next_dagrun for tutorial_dag to None, run_after=None
[2024-10-27T14:11:02.797+0000] {processor.py:208} INFO - Processing /home/airflow/.local/lib/python3.12/site-packages/airflow/example_dags/tutorial_dag.py took 0.071 seconds
[2024-10-27T14:11:34.812+0000] {processor.py:186} INFO - Started process (PID=93639) to work on /home/airflow/.local/lib/python3.12/site-packages/airflow/example_dags/tutorial_dag.py
[2024-10-27T14:11:34.814+0000] {processor.py:914} INFO - Processing file /home/airflow/.local/lib/python3.12/site-packages/airflow/example_dags/tutorial_dag.py for tasks to queue
[2024-10-27T14:11:34.815+0000] {logging_mixin.py:190} INFO - [2024-10-27T14:11:34.815+0000] {dagbag.py:588} INFO - Filling up the DagBag from /home/airflow/.local/lib/python3.12/site-packages/airflow/example_dags/tutorial_dag.py
[2024-10-27T14:11:34.824+0000] {processor.py:925} INFO - DAG(s) 'tutorial_dag' retrieved from /home/airflow/.local/lib/python3.12/site-packages/airflow/example_dags/tutorial_dag.py
[2024-10-27T14:11:34.844+0000] {logging_mixin.py:190} INFO - [2024-10-27T14:11:34.844+0000] {dag.py:3239} INFO - Sync 1 DAGs
[2024-10-27T14:11:34.860+0000] {logging_mixin.py:190} INFO - [2024-10-27T14:11:34.859+0000] {dag.py:4180} INFO - Setting next_dagrun for tutorial_dag to None, run_after=None
[2024-10-27T14:11:34.882+0000] {processor.py:208} INFO - Processing /home/airflow/.local/lib/python3.12/site-packages/airflow/example_dags/tutorial_dag.py took 0.075 seconds
[2024-10-27T14:12:05.665+0000] {processor.py:186} INFO - Started process (PID=93703) to work on /home/airflow/.local/lib/python3.12/site-packages/airflow/example_dags/tutorial_dag.py
[2024-10-27T14:12:05.667+0000] {processor.py:914} INFO - Processing file /home/airflow/.local/lib/python3.12/site-packages/airflow/example_dags/tutorial_dag.py for tasks to queue
[2024-10-27T14:12:05.669+0000] {logging_mixin.py:190} INFO - [2024-10-27T14:12:05.668+0000] {dagbag.py:588} INFO - Filling up the DagBag from /home/airflow/.local/lib/python3.12/site-packages/airflow/example_dags/tutorial_dag.py
[2024-10-27T14:12:05.677+0000] {processor.py:925} INFO - DAG(s) 'tutorial_dag' retrieved from /home/airflow/.local/lib/python3.12/site-packages/airflow/example_dags/tutorial_dag.py
[2024-10-27T14:12:05.701+0000] {logging_mixin.py:190} INFO - [2024-10-27T14:12:05.701+0000] {dag.py:3239} INFO - Sync 1 DAGs
[2024-10-27T14:12:05.715+0000] {logging_mixin.py:190} INFO - [2024-10-27T14:12:05.715+0000] {dag.py:4180} INFO - Setting next_dagrun for tutorial_dag to None, run_after=None
[2024-10-27T14:12:05.739+0000] {processor.py:208} INFO - Processing /home/airflow/.local/lib/python3.12/site-packages/airflow/example_dags/tutorial_dag.py took 0.080 seconds
[2024-10-27T14:12:36.067+0000] {processor.py:186} INFO - Started process (PID=93767) to work on /home/airflow/.local/lib/python3.12/site-packages/airflow/example_dags/tutorial_dag.py
[2024-10-27T14:12:36.069+0000] {processor.py:914} INFO - Processing file /home/airflow/.local/lib/python3.12/site-packages/airflow/example_dags/tutorial_dag.py for tasks to queue
[2024-10-27T14:12:36.070+0000] {logging_mixin.py:190} INFO - [2024-10-27T14:12:36.069+0000] {dagbag.py:588} INFO - Filling up the DagBag from /home/airflow/.local/lib/python3.12/site-packages/airflow/example_dags/tutorial_dag.py
[2024-10-27T14:12:36.076+0000] {processor.py:925} INFO - DAG(s) 'tutorial_dag' retrieved from /home/airflow/.local/lib/python3.12/site-packages/airflow/example_dags/tutorial_dag.py
[2024-10-27T14:12:36.092+0000] {logging_mixin.py:190} INFO - [2024-10-27T14:12:36.092+0000] {dag.py:3239} INFO - Sync 1 DAGs
[2024-10-27T14:12:36.105+0000] {logging_mixin.py:190} INFO - [2024-10-27T14:12:36.105+0000] {dag.py:4180} INFO - Setting next_dagrun for tutorial_dag to None, run_after=None
[2024-10-27T14:12:36.124+0000] {processor.py:208} INFO - Processing /home/airflow/.local/lib/python3.12/site-packages/airflow/example_dags/tutorial_dag.py took 0.065 seconds
[2024-10-27T14:13:09.639+0000] {processor.py:186} INFO - Started process (PID=93833) to work on /home/airflow/.local/lib/python3.12/site-packages/airflow/example_dags/tutorial_dag.py
[2024-10-27T14:13:09.640+0000] {processor.py:914} INFO - Processing file /home/airflow/.local/lib/python3.12/site-packages/airflow/example_dags/tutorial_dag.py for tasks to queue
[2024-10-27T14:13:09.641+0000] {logging_mixin.py:190} INFO - [2024-10-27T14:13:09.641+0000] {dagbag.py:588} INFO - Filling up the DagBag from /home/airflow/.local/lib/python3.12/site-packages/airflow/example_dags/tutorial_dag.py
[2024-10-27T14:13:09.649+0000] {processor.py:925} INFO - DAG(s) 'tutorial_dag' retrieved from /home/airflow/.local/lib/python3.12/site-packages/airflow/example_dags/tutorial_dag.py
[2024-10-27T14:13:09.669+0000] {logging_mixin.py:190} INFO - [2024-10-27T14:13:09.669+0000] {dag.py:3239} INFO - Sync 1 DAGs
[2024-10-27T14:13:09.691+0000] {logging_mixin.py:190} INFO - [2024-10-27T14:13:09.691+0000] {dag.py:4180} INFO - Setting next_dagrun for tutorial_dag to None, run_after=None
[2024-10-27T14:13:09.720+0000] {processor.py:208} INFO - Processing /home/airflow/.local/lib/python3.12/site-packages/airflow/example_dags/tutorial_dag.py took 0.089 seconds
[2024-10-27T14:13:42.170+0000] {processor.py:186} INFO - Started process (PID=93897) to work on /home/airflow/.local/lib/python3.12/site-packages/airflow/example_dags/tutorial_dag.py
[2024-10-27T14:13:42.171+0000] {processor.py:914} INFO - Processing file /home/airflow/.local/lib/python3.12/site-packages/airflow/example_dags/tutorial_dag.py for tasks to queue
[2024-10-27T14:13:42.172+0000] {logging_mixin.py:190} INFO - [2024-10-27T14:13:42.172+0000] {dagbag.py:588} INFO - Filling up the DagBag from /home/airflow/.local/lib/python3.12/site-packages/airflow/example_dags/tutorial_dag.py
[2024-10-27T14:13:42.181+0000] {processor.py:925} INFO - DAG(s) 'tutorial_dag' retrieved from /home/airflow/.local/lib/python3.12/site-packages/airflow/example_dags/tutorial_dag.py
[2024-10-27T14:13:42.201+0000] {logging_mixin.py:190} INFO - [2024-10-27T14:13:42.200+0000] {dag.py:3239} INFO - Sync 1 DAGs
[2024-10-27T14:13:42.217+0000] {logging_mixin.py:190} INFO - [2024-10-27T14:13:42.217+0000] {dag.py:4180} INFO - Setting next_dagrun for tutorial_dag to None, run_after=None
[2024-10-27T14:13:42.242+0000] {processor.py:208} INFO - Processing /home/airflow/.local/lib/python3.12/site-packages/airflow/example_dags/tutorial_dag.py took 0.078 seconds
[2024-10-27T14:14:14.247+0000] {processor.py:186} INFO - Started process (PID=93961) to work on /home/airflow/.local/lib/python3.12/site-packages/airflow/example_dags/tutorial_dag.py
[2024-10-27T14:14:14.248+0000] {processor.py:914} INFO - Processing file /home/airflow/.local/lib/python3.12/site-packages/airflow/example_dags/tutorial_dag.py for tasks to queue
[2024-10-27T14:14:14.250+0000] {logging_mixin.py:190} INFO - [2024-10-27T14:14:14.249+0000] {dagbag.py:588} INFO - Filling up the DagBag from /home/airflow/.local/lib/python3.12/site-packages/airflow/example_dags/tutorial_dag.py
[2024-10-27T14:14:14.263+0000] {processor.py:925} INFO - DAG(s) 'tutorial_dag' retrieved from /home/airflow/.local/lib/python3.12/site-packages/airflow/example_dags/tutorial_dag.py
[2024-10-27T14:14:14.292+0000] {logging_mixin.py:190} INFO - [2024-10-27T14:14:14.291+0000] {dag.py:3239} INFO - Sync 1 DAGs
[2024-10-27T14:14:14.313+0000] {logging_mixin.py:190} INFO - [2024-10-27T14:14:14.313+0000] {dag.py:4180} INFO - Setting next_dagrun for tutorial_dag to None, run_after=None
[2024-10-27T14:14:14.340+0000] {processor.py:208} INFO - Processing /home/airflow/.local/lib/python3.12/site-packages/airflow/example_dags/tutorial_dag.py took 0.100 seconds
[2024-10-27T14:14:45.471+0000] {processor.py:186} INFO - Started process (PID=94025) to work on /home/airflow/.local/lib/python3.12/site-packages/airflow/example_dags/tutorial_dag.py
[2024-10-27T14:14:45.472+0000] {processor.py:914} INFO - Processing file /home/airflow/.local/lib/python3.12/site-packages/airflow/example_dags/tutorial_dag.py for tasks to queue
[2024-10-27T14:14:45.473+0000] {logging_mixin.py:190} INFO - [2024-10-27T14:14:45.473+0000] {dagbag.py:588} INFO - Filling up the DagBag from /home/airflow/.local/lib/python3.12/site-packages/airflow/example_dags/tutorial_dag.py
[2024-10-27T14:14:45.484+0000] {processor.py:925} INFO - DAG(s) 'tutorial_dag' retrieved from /home/airflow/.local/lib/python3.12/site-packages/airflow/example_dags/tutorial_dag.py
[2024-10-27T14:14:45.511+0000] {logging_mixin.py:190} INFO - [2024-10-27T14:14:45.511+0000] {dag.py:3239} INFO - Sync 1 DAGs
[2024-10-27T14:14:45.538+0000] {logging_mixin.py:190} INFO - [2024-10-27T14:14:45.537+0000] {dag.py:4180} INFO - Setting next_dagrun for tutorial_dag to None, run_after=None
[2024-10-27T14:14:45.576+0000] {processor.py:208} INFO - Processing /home/airflow/.local/lib/python3.12/site-packages/airflow/example_dags/tutorial_dag.py took 0.114 seconds
[2024-10-27T14:15:15.911+0000] {processor.py:186} INFO - Started process (PID=94089) to work on /home/airflow/.local/lib/python3.12/site-packages/airflow/example_dags/tutorial_dag.py
[2024-10-27T14:15:15.912+0000] {processor.py:914} INFO - Processing file /home/airflow/.local/lib/python3.12/site-packages/airflow/example_dags/tutorial_dag.py for tasks to queue
[2024-10-27T14:15:15.914+0000] {logging_mixin.py:190} INFO - [2024-10-27T14:15:15.914+0000] {dagbag.py:588} INFO - Filling up the DagBag from /home/airflow/.local/lib/python3.12/site-packages/airflow/example_dags/tutorial_dag.py
[2024-10-27T14:15:15.926+0000] {processor.py:925} INFO - DAG(s) 'tutorial_dag' retrieved from /home/airflow/.local/lib/python3.12/site-packages/airflow/example_dags/tutorial_dag.py
[2024-10-27T14:15:15.952+0000] {logging_mixin.py:190} INFO - [2024-10-27T14:15:15.952+0000] {dag.py:3239} INFO - Sync 1 DAGs
[2024-10-27T14:15:15.971+0000] {logging_mixin.py:190} INFO - [2024-10-27T14:15:15.970+0000] {dag.py:4180} INFO - Setting next_dagrun for tutorial_dag to None, run_after=None
[2024-10-27T14:15:15.991+0000] {processor.py:208} INFO - Processing /home/airflow/.local/lib/python3.12/site-packages/airflow/example_dags/tutorial_dag.py took 0.089 seconds
[2024-10-27T14:15:46.264+0000] {processor.py:186} INFO - Started process (PID=94153) to work on /home/airflow/.local/lib/python3.12/site-packages/airflow/example_dags/tutorial_dag.py
[2024-10-27T14:15:46.266+0000] {processor.py:914} INFO - Processing file /home/airflow/.local/lib/python3.12/site-packages/airflow/example_dags/tutorial_dag.py for tasks to queue
[2024-10-27T14:15:46.267+0000] {logging_mixin.py:190} INFO - [2024-10-27T14:15:46.267+0000] {dagbag.py:588} INFO - Filling up the DagBag from /home/airflow/.local/lib/python3.12/site-packages/airflow/example_dags/tutorial_dag.py
[2024-10-27T14:15:46.276+0000] {processor.py:925} INFO - DAG(s) 'tutorial_dag' retrieved from /home/airflow/.local/lib/python3.12/site-packages/airflow/example_dags/tutorial_dag.py
[2024-10-27T14:15:46.303+0000] {logging_mixin.py:190} INFO - [2024-10-27T14:15:46.302+0000] {dag.py:3239} INFO - Sync 1 DAGs
[2024-10-27T14:15:46.324+0000] {logging_mixin.py:190} INFO - [2024-10-27T14:15:46.323+0000] {dag.py:4180} INFO - Setting next_dagrun for tutorial_dag to None, run_after=None
[2024-10-27T14:15:46.349+0000] {processor.py:208} INFO - Processing /home/airflow/.local/lib/python3.12/site-packages/airflow/example_dags/tutorial_dag.py took 0.093 seconds
[2024-10-27T14:16:16.432+0000] {processor.py:186} INFO - Started process (PID=94217) to work on /home/airflow/.local/lib/python3.12/site-packages/airflow/example_dags/tutorial_dag.py
[2024-10-27T14:16:16.433+0000] {processor.py:914} INFO - Processing file /home/airflow/.local/lib/python3.12/site-packages/airflow/example_dags/tutorial_dag.py for tasks to queue
[2024-10-27T14:16:16.435+0000] {logging_mixin.py:190} INFO - [2024-10-27T14:16:16.435+0000] {dagbag.py:588} INFO - Filling up the DagBag from /home/airflow/.local/lib/python3.12/site-packages/airflow/example_dags/tutorial_dag.py
[2024-10-27T14:16:16.443+0000] {processor.py:925} INFO - DAG(s) 'tutorial_dag' retrieved from /home/airflow/.local/lib/python3.12/site-packages/airflow/example_dags/tutorial_dag.py
[2024-10-27T14:16:16.466+0000] {logging_mixin.py:190} INFO - [2024-10-27T14:16:16.466+0000] {dag.py:3239} INFO - Sync 1 DAGs
[2024-10-27T14:16:16.483+0000] {logging_mixin.py:190} INFO - [2024-10-27T14:16:16.482+0000] {dag.py:4180} INFO - Setting next_dagrun for tutorial_dag to None, run_after=None
[2024-10-27T14:16:16.503+0000] {processor.py:208} INFO - Processing /home/airflow/.local/lib/python3.12/site-packages/airflow/example_dags/tutorial_dag.py took 0.077 seconds
[2024-10-27T14:16:46.675+0000] {processor.py:186} INFO - Started process (PID=94281) to work on /home/airflow/.local/lib/python3.12/site-packages/airflow/example_dags/tutorial_dag.py
[2024-10-27T14:16:46.676+0000] {processor.py:914} INFO - Processing file /home/airflow/.local/lib/python3.12/site-packages/airflow/example_dags/tutorial_dag.py for tasks to queue
[2024-10-27T14:16:46.677+0000] {logging_mixin.py:190} INFO - [2024-10-27T14:16:46.677+0000] {dagbag.py:588} INFO - Filling up the DagBag from /home/airflow/.local/lib/python3.12/site-packages/airflow/example_dags/tutorial_dag.py
[2024-10-27T14:16:46.687+0000] {processor.py:925} INFO - DAG(s) 'tutorial_dag' retrieved from /home/airflow/.local/lib/python3.12/site-packages/airflow/example_dags/tutorial_dag.py
[2024-10-27T14:16:46.707+0000] {logging_mixin.py:190} INFO - [2024-10-27T14:16:46.707+0000] {dag.py:3239} INFO - Sync 1 DAGs
[2024-10-27T14:16:46.724+0000] {logging_mixin.py:190} INFO - [2024-10-27T14:16:46.723+0000] {dag.py:4180} INFO - Setting next_dagrun for tutorial_dag to None, run_after=None
[2024-10-27T14:16:46.745+0000] {processor.py:208} INFO - Processing /home/airflow/.local/lib/python3.12/site-packages/airflow/example_dags/tutorial_dag.py took 0.078 seconds
[2024-10-27T14:17:17.419+0000] {processor.py:186} INFO - Started process (PID=94345) to work on /home/airflow/.local/lib/python3.12/site-packages/airflow/example_dags/tutorial_dag.py
[2024-10-27T14:17:17.420+0000] {processor.py:914} INFO - Processing file /home/airflow/.local/lib/python3.12/site-packages/airflow/example_dags/tutorial_dag.py for tasks to queue
[2024-10-27T14:17:17.422+0000] {logging_mixin.py:190} INFO - [2024-10-27T14:17:17.422+0000] {dagbag.py:588} INFO - Filling up the DagBag from /home/airflow/.local/lib/python3.12/site-packages/airflow/example_dags/tutorial_dag.py
[2024-10-27T14:17:17.431+0000] {processor.py:925} INFO - DAG(s) 'tutorial_dag' retrieved from /home/airflow/.local/lib/python3.12/site-packages/airflow/example_dags/tutorial_dag.py
[2024-10-27T14:17:17.453+0000] {logging_mixin.py:190} INFO - [2024-10-27T14:17:17.453+0000] {dag.py:3239} INFO - Sync 1 DAGs
[2024-10-27T14:17:17.470+0000] {logging_mixin.py:190} INFO - [2024-10-27T14:17:17.469+0000] {dag.py:4180} INFO - Setting next_dagrun for tutorial_dag to None, run_after=None
[2024-10-27T14:17:17.490+0000] {processor.py:208} INFO - Processing /home/airflow/.local/lib/python3.12/site-packages/airflow/example_dags/tutorial_dag.py took 0.077 seconds
[2024-10-27T14:17:48.211+0000] {processor.py:186} INFO - Started process (PID=94409) to work on /home/airflow/.local/lib/python3.12/site-packages/airflow/example_dags/tutorial_dag.py
[2024-10-27T14:17:48.212+0000] {processor.py:914} INFO - Processing file /home/airflow/.local/lib/python3.12/site-packages/airflow/example_dags/tutorial_dag.py for tasks to queue
[2024-10-27T14:17:48.214+0000] {logging_mixin.py:190} INFO - [2024-10-27T14:17:48.213+0000] {dagbag.py:588} INFO - Filling up the DagBag from /home/airflow/.local/lib/python3.12/site-packages/airflow/example_dags/tutorial_dag.py
[2024-10-27T14:17:48.221+0000] {processor.py:925} INFO - DAG(s) 'tutorial_dag' retrieved from /home/airflow/.local/lib/python3.12/site-packages/airflow/example_dags/tutorial_dag.py
[2024-10-27T14:17:48.241+0000] {logging_mixin.py:190} INFO - [2024-10-27T14:17:48.241+0000] {dag.py:3239} INFO - Sync 1 DAGs
[2024-10-27T14:17:48.256+0000] {logging_mixin.py:190} INFO - [2024-10-27T14:17:48.255+0000] {dag.py:4180} INFO - Setting next_dagrun for tutorial_dag to None, run_after=None
[2024-10-27T14:17:48.274+0000] {processor.py:208} INFO - Processing /home/airflow/.local/lib/python3.12/site-packages/airflow/example_dags/tutorial_dag.py took 0.070 seconds
[2024-10-27T14:18:18.510+0000] {processor.py:186} INFO - Started process (PID=94473) to work on /home/airflow/.local/lib/python3.12/site-packages/airflow/example_dags/tutorial_dag.py
[2024-10-27T14:18:18.512+0000] {processor.py:914} INFO - Processing file /home/airflow/.local/lib/python3.12/site-packages/airflow/example_dags/tutorial_dag.py for tasks to queue
[2024-10-27T14:18:18.514+0000] {logging_mixin.py:190} INFO - [2024-10-27T14:18:18.513+0000] {dagbag.py:588} INFO - Filling up the DagBag from /home/airflow/.local/lib/python3.12/site-packages/airflow/example_dags/tutorial_dag.py
[2024-10-27T14:18:18.522+0000] {processor.py:925} INFO - DAG(s) 'tutorial_dag' retrieved from /home/airflow/.local/lib/python3.12/site-packages/airflow/example_dags/tutorial_dag.py
[2024-10-27T14:18:18.542+0000] {logging_mixin.py:190} INFO - [2024-10-27T14:18:18.541+0000] {dag.py:3239} INFO - Sync 1 DAGs
[2024-10-27T14:18:18.560+0000] {logging_mixin.py:190} INFO - [2024-10-27T14:18:18.559+0000] {dag.py:4180} INFO - Setting next_dagrun for tutorial_dag to None, run_after=None
[2024-10-27T14:18:18.581+0000] {processor.py:208} INFO - Processing /home/airflow/.local/lib/python3.12/site-packages/airflow/example_dags/tutorial_dag.py took 0.076 seconds
[2024-10-27T14:18:49.014+0000] {processor.py:186} INFO - Started process (PID=94537) to work on /home/airflow/.local/lib/python3.12/site-packages/airflow/example_dags/tutorial_dag.py
[2024-10-27T14:18:49.016+0000] {processor.py:914} INFO - Processing file /home/airflow/.local/lib/python3.12/site-packages/airflow/example_dags/tutorial_dag.py for tasks to queue
[2024-10-27T14:18:49.019+0000] {logging_mixin.py:190} INFO - [2024-10-27T14:18:49.019+0000] {dagbag.py:588} INFO - Filling up the DagBag from /home/airflow/.local/lib/python3.12/site-packages/airflow/example_dags/tutorial_dag.py
[2024-10-27T14:18:49.029+0000] {processor.py:925} INFO - DAG(s) 'tutorial_dag' retrieved from /home/airflow/.local/lib/python3.12/site-packages/airflow/example_dags/tutorial_dag.py
[2024-10-27T14:18:49.056+0000] {logging_mixin.py:190} INFO - [2024-10-27T14:18:49.056+0000] {dag.py:3239} INFO - Sync 1 DAGs
[2024-10-27T14:18:49.075+0000] {logging_mixin.py:190} INFO - [2024-10-27T14:18:49.074+0000] {dag.py:4180} INFO - Setting next_dagrun for tutorial_dag to None, run_after=None
[2024-10-27T14:18:49.104+0000] {processor.py:208} INFO - Processing /home/airflow/.local/lib/python3.12/site-packages/airflow/example_dags/tutorial_dag.py took 0.096 seconds
[2024-10-27T14:19:19.667+0000] {processor.py:186} INFO - Started process (PID=94601) to work on /home/airflow/.local/lib/python3.12/site-packages/airflow/example_dags/tutorial_dag.py
[2024-10-27T14:19:19.669+0000] {processor.py:914} INFO - Processing file /home/airflow/.local/lib/python3.12/site-packages/airflow/example_dags/tutorial_dag.py for tasks to queue
[2024-10-27T14:19:19.670+0000] {logging_mixin.py:190} INFO - [2024-10-27T14:19:19.670+0000] {dagbag.py:588} INFO - Filling up the DagBag from /home/airflow/.local/lib/python3.12/site-packages/airflow/example_dags/tutorial_dag.py
[2024-10-27T14:19:19.678+0000] {processor.py:925} INFO - DAG(s) 'tutorial_dag' retrieved from /home/airflow/.local/lib/python3.12/site-packages/airflow/example_dags/tutorial_dag.py
[2024-10-27T14:19:19.698+0000] {logging_mixin.py:190} INFO - [2024-10-27T14:19:19.698+0000] {dag.py:3239} INFO - Sync 1 DAGs
[2024-10-27T14:19:19.715+0000] {logging_mixin.py:190} INFO - [2024-10-27T14:19:19.714+0000] {dag.py:4180} INFO - Setting next_dagrun for tutorial_dag to None, run_after=None
[2024-10-27T14:19:19.737+0000] {processor.py:208} INFO - Processing /home/airflow/.local/lib/python3.12/site-packages/airflow/example_dags/tutorial_dag.py took 0.075 seconds
[2024-10-27T14:19:49.901+0000] {processor.py:186} INFO - Started process (PID=94665) to work on /home/airflow/.local/lib/python3.12/site-packages/airflow/example_dags/tutorial_dag.py
[2024-10-27T14:19:49.902+0000] {processor.py:914} INFO - Processing file /home/airflow/.local/lib/python3.12/site-packages/airflow/example_dags/tutorial_dag.py for tasks to queue
[2024-10-27T14:19:49.903+0000] {logging_mixin.py:190} INFO - [2024-10-27T14:19:49.903+0000] {dagbag.py:588} INFO - Filling up the DagBag from /home/airflow/.local/lib/python3.12/site-packages/airflow/example_dags/tutorial_dag.py
[2024-10-27T14:19:49.913+0000] {processor.py:925} INFO - DAG(s) 'tutorial_dag' retrieved from /home/airflow/.local/lib/python3.12/site-packages/airflow/example_dags/tutorial_dag.py
[2024-10-27T14:19:49.935+0000] {logging_mixin.py:190} INFO - [2024-10-27T14:19:49.934+0000] {dag.py:3239} INFO - Sync 1 DAGs
[2024-10-27T14:19:49.953+0000] {logging_mixin.py:190} INFO - [2024-10-27T14:19:49.953+0000] {dag.py:4180} INFO - Setting next_dagrun for tutorial_dag to None, run_after=None
[2024-10-27T14:19:49.976+0000] {processor.py:208} INFO - Processing /home/airflow/.local/lib/python3.12/site-packages/airflow/example_dags/tutorial_dag.py took 0.082 seconds
[2024-10-27T14:20:20.552+0000] {processor.py:186} INFO - Started process (PID=94729) to work on /home/airflow/.local/lib/python3.12/site-packages/airflow/example_dags/tutorial_dag.py
[2024-10-27T14:20:20.553+0000] {processor.py:914} INFO - Processing file /home/airflow/.local/lib/python3.12/site-packages/airflow/example_dags/tutorial_dag.py for tasks to queue
[2024-10-27T14:20:20.554+0000] {logging_mixin.py:190} INFO - [2024-10-27T14:20:20.554+0000] {dagbag.py:588} INFO - Filling up the DagBag from /home/airflow/.local/lib/python3.12/site-packages/airflow/example_dags/tutorial_dag.py
[2024-10-27T14:20:20.562+0000] {processor.py:925} INFO - DAG(s) 'tutorial_dag' retrieved from /home/airflow/.local/lib/python3.12/site-packages/airflow/example_dags/tutorial_dag.py
[2024-10-27T14:20:20.589+0000] {logging_mixin.py:190} INFO - [2024-10-27T14:20:20.588+0000] {dag.py:3239} INFO - Sync 1 DAGs
[2024-10-27T14:20:20.603+0000] {logging_mixin.py:190} INFO - [2024-10-27T14:20:20.603+0000] {dag.py:4180} INFO - Setting next_dagrun for tutorial_dag to None, run_after=None
[2024-10-27T14:20:20.625+0000] {processor.py:208} INFO - Processing /home/airflow/.local/lib/python3.12/site-packages/airflow/example_dags/tutorial_dag.py took 0.081 seconds
[2024-10-27T14:20:51.022+0000] {processor.py:186} INFO - Started process (PID=94793) to work on /home/airflow/.local/lib/python3.12/site-packages/airflow/example_dags/tutorial_dag.py
[2024-10-27T14:20:51.024+0000] {processor.py:914} INFO - Processing file /home/airflow/.local/lib/python3.12/site-packages/airflow/example_dags/tutorial_dag.py for tasks to queue
[2024-10-27T14:20:51.025+0000] {logging_mixin.py:190} INFO - [2024-10-27T14:20:51.025+0000] {dagbag.py:588} INFO - Filling up the DagBag from /home/airflow/.local/lib/python3.12/site-packages/airflow/example_dags/tutorial_dag.py
[2024-10-27T14:20:51.033+0000] {processor.py:925} INFO - DAG(s) 'tutorial_dag' retrieved from /home/airflow/.local/lib/python3.12/site-packages/airflow/example_dags/tutorial_dag.py
[2024-10-27T14:20:51.061+0000] {logging_mixin.py:190} INFO - [2024-10-27T14:20:51.060+0000] {dag.py:3239} INFO - Sync 1 DAGs
[2024-10-27T14:20:51.085+0000] {logging_mixin.py:190} INFO - [2024-10-27T14:20:51.084+0000] {dag.py:4180} INFO - Setting next_dagrun for tutorial_dag to None, run_after=None
[2024-10-27T14:20:51.108+0000] {processor.py:208} INFO - Processing /home/airflow/.local/lib/python3.12/site-packages/airflow/example_dags/tutorial_dag.py took 0.091 seconds
[2024-10-27T14:21:21.601+0000] {processor.py:186} INFO - Started process (PID=94857) to work on /home/airflow/.local/lib/python3.12/site-packages/airflow/example_dags/tutorial_dag.py
[2024-10-27T14:21:21.602+0000] {processor.py:914} INFO - Processing file /home/airflow/.local/lib/python3.12/site-packages/airflow/example_dags/tutorial_dag.py for tasks to queue
[2024-10-27T14:21:21.604+0000] {logging_mixin.py:190} INFO - [2024-10-27T14:21:21.604+0000] {dagbag.py:588} INFO - Filling up the DagBag from /home/airflow/.local/lib/python3.12/site-packages/airflow/example_dags/tutorial_dag.py
[2024-10-27T14:21:21.614+0000] {processor.py:925} INFO - DAG(s) 'tutorial_dag' retrieved from /home/airflow/.local/lib/python3.12/site-packages/airflow/example_dags/tutorial_dag.py
[2024-10-27T14:21:21.638+0000] {logging_mixin.py:190} INFO - [2024-10-27T14:21:21.637+0000] {dag.py:3239} INFO - Sync 1 DAGs
[2024-10-27T14:21:21.657+0000] {logging_mixin.py:190} INFO - [2024-10-27T14:21:21.657+0000] {dag.py:4180} INFO - Setting next_dagrun for tutorial_dag to None, run_after=None
[2024-10-27T14:21:21.685+0000] {processor.py:208} INFO - Processing /home/airflow/.local/lib/python3.12/site-packages/airflow/example_dags/tutorial_dag.py took 0.092 seconds
[2024-10-27T14:21:51.815+0000] {processor.py:186} INFO - Started process (PID=94921) to work on /home/airflow/.local/lib/python3.12/site-packages/airflow/example_dags/tutorial_dag.py
[2024-10-27T14:21:51.816+0000] {processor.py:914} INFO - Processing file /home/airflow/.local/lib/python3.12/site-packages/airflow/example_dags/tutorial_dag.py for tasks to queue
[2024-10-27T14:21:51.818+0000] {logging_mixin.py:190} INFO - [2024-10-27T14:21:51.818+0000] {dagbag.py:588} INFO - Filling up the DagBag from /home/airflow/.local/lib/python3.12/site-packages/airflow/example_dags/tutorial_dag.py
[2024-10-27T14:21:51.825+0000] {processor.py:925} INFO - DAG(s) 'tutorial_dag' retrieved from /home/airflow/.local/lib/python3.12/site-packages/airflow/example_dags/tutorial_dag.py
[2024-10-27T14:21:51.847+0000] {logging_mixin.py:190} INFO - [2024-10-27T14:21:51.846+0000] {dag.py:3239} INFO - Sync 1 DAGs
[2024-10-27T14:21:51.863+0000] {logging_mixin.py:190} INFO - [2024-10-27T14:21:51.863+0000] {dag.py:4180} INFO - Setting next_dagrun for tutorial_dag to None, run_after=None
[2024-10-27T14:21:51.892+0000] {processor.py:208} INFO - Processing /home/airflow/.local/lib/python3.12/site-packages/airflow/example_dags/tutorial_dag.py took 0.083 seconds
[2024-10-27T14:22:22.478+0000] {processor.py:186} INFO - Started process (PID=94985) to work on /home/airflow/.local/lib/python3.12/site-packages/airflow/example_dags/tutorial_dag.py
[2024-10-27T14:22:22.479+0000] {processor.py:914} INFO - Processing file /home/airflow/.local/lib/python3.12/site-packages/airflow/example_dags/tutorial_dag.py for tasks to queue
[2024-10-27T14:22:22.481+0000] {logging_mixin.py:190} INFO - [2024-10-27T14:22:22.481+0000] {dagbag.py:588} INFO - Filling up the DagBag from /home/airflow/.local/lib/python3.12/site-packages/airflow/example_dags/tutorial_dag.py
[2024-10-27T14:22:22.488+0000] {processor.py:925} INFO - DAG(s) 'tutorial_dag' retrieved from /home/airflow/.local/lib/python3.12/site-packages/airflow/example_dags/tutorial_dag.py
[2024-10-27T14:22:22.508+0000] {logging_mixin.py:190} INFO - [2024-10-27T14:22:22.508+0000] {dag.py:3239} INFO - Sync 1 DAGs
[2024-10-27T14:22:22.525+0000] {logging_mixin.py:190} INFO - [2024-10-27T14:22:22.524+0000] {dag.py:4180} INFO - Setting next_dagrun for tutorial_dag to None, run_after=None
[2024-10-27T14:22:22.545+0000] {processor.py:208} INFO - Processing /home/airflow/.local/lib/python3.12/site-packages/airflow/example_dags/tutorial_dag.py took 0.073 seconds
[2024-10-27T14:22:53.030+0000] {processor.py:186} INFO - Started process (PID=95049) to work on /home/airflow/.local/lib/python3.12/site-packages/airflow/example_dags/tutorial_dag.py
[2024-10-27T14:22:53.031+0000] {processor.py:914} INFO - Processing file /home/airflow/.local/lib/python3.12/site-packages/airflow/example_dags/tutorial_dag.py for tasks to queue
[2024-10-27T14:22:53.033+0000] {logging_mixin.py:190} INFO - [2024-10-27T14:22:53.032+0000] {dagbag.py:588} INFO - Filling up the DagBag from /home/airflow/.local/lib/python3.12/site-packages/airflow/example_dags/tutorial_dag.py
[2024-10-27T14:22:53.046+0000] {processor.py:925} INFO - DAG(s) 'tutorial_dag' retrieved from /home/airflow/.local/lib/python3.12/site-packages/airflow/example_dags/tutorial_dag.py
[2024-10-27T14:22:53.071+0000] {logging_mixin.py:190} INFO - [2024-10-27T14:22:53.070+0000] {dag.py:3239} INFO - Sync 1 DAGs
[2024-10-27T14:22:53.089+0000] {logging_mixin.py:190} INFO - [2024-10-27T14:22:53.089+0000] {dag.py:4180} INFO - Setting next_dagrun for tutorial_dag to None, run_after=None
[2024-10-27T14:22:53.110+0000] {processor.py:208} INFO - Processing /home/airflow/.local/lib/python3.12/site-packages/airflow/example_dags/tutorial_dag.py took 0.093 seconds
[2024-10-27T14:23:23.301+0000] {processor.py:186} INFO - Started process (PID=95113) to work on /home/airflow/.local/lib/python3.12/site-packages/airflow/example_dags/tutorial_dag.py
[2024-10-27T14:23:23.302+0000] {processor.py:914} INFO - Processing file /home/airflow/.local/lib/python3.12/site-packages/airflow/example_dags/tutorial_dag.py for tasks to queue
[2024-10-27T14:23:23.304+0000] {logging_mixin.py:190} INFO - [2024-10-27T14:23:23.303+0000] {dagbag.py:588} INFO - Filling up the DagBag from /home/airflow/.local/lib/python3.12/site-packages/airflow/example_dags/tutorial_dag.py
[2024-10-27T14:23:23.317+0000] {processor.py:925} INFO - DAG(s) 'tutorial_dag' retrieved from /home/airflow/.local/lib/python3.12/site-packages/airflow/example_dags/tutorial_dag.py
[2024-10-27T14:23:23.349+0000] {logging_mixin.py:190} INFO - [2024-10-27T14:23:23.348+0000] {dag.py:3239} INFO - Sync 1 DAGs
[2024-10-27T14:23:23.369+0000] {logging_mixin.py:190} INFO - [2024-10-27T14:23:23.368+0000] {dag.py:4180} INFO - Setting next_dagrun for tutorial_dag to None, run_after=None
[2024-10-27T14:23:23.400+0000] {processor.py:208} INFO - Processing /home/airflow/.local/lib/python3.12/site-packages/airflow/example_dags/tutorial_dag.py took 0.106 seconds
[2024-10-27T14:23:53.791+0000] {processor.py:186} INFO - Started process (PID=95177) to work on /home/airflow/.local/lib/python3.12/site-packages/airflow/example_dags/tutorial_dag.py
[2024-10-27T14:23:53.792+0000] {processor.py:914} INFO - Processing file /home/airflow/.local/lib/python3.12/site-packages/airflow/example_dags/tutorial_dag.py for tasks to queue
[2024-10-27T14:23:53.793+0000] {logging_mixin.py:190} INFO - [2024-10-27T14:23:53.793+0000] {dagbag.py:588} INFO - Filling up the DagBag from /home/airflow/.local/lib/python3.12/site-packages/airflow/example_dags/tutorial_dag.py
[2024-10-27T14:23:53.801+0000] {processor.py:925} INFO - DAG(s) 'tutorial_dag' retrieved from /home/airflow/.local/lib/python3.12/site-packages/airflow/example_dags/tutorial_dag.py
[2024-10-27T14:23:53.825+0000] {logging_mixin.py:190} INFO - [2024-10-27T14:23:53.824+0000] {dag.py:3239} INFO - Sync 1 DAGs
[2024-10-27T14:23:53.843+0000] {logging_mixin.py:190} INFO - [2024-10-27T14:23:53.843+0000] {dag.py:4180} INFO - Setting next_dagrun for tutorial_dag to None, run_after=None
[2024-10-27T14:23:53.870+0000] {processor.py:208} INFO - Processing /home/airflow/.local/lib/python3.12/site-packages/airflow/example_dags/tutorial_dag.py took 0.086 seconds
[2024-10-27T14:24:24.392+0000] {processor.py:186} INFO - Started process (PID=95241) to work on /home/airflow/.local/lib/python3.12/site-packages/airflow/example_dags/tutorial_dag.py
[2024-10-27T14:24:24.393+0000] {processor.py:914} INFO - Processing file /home/airflow/.local/lib/python3.12/site-packages/airflow/example_dags/tutorial_dag.py for tasks to queue
[2024-10-27T14:24:24.394+0000] {logging_mixin.py:190} INFO - [2024-10-27T14:24:24.394+0000] {dagbag.py:588} INFO - Filling up the DagBag from /home/airflow/.local/lib/python3.12/site-packages/airflow/example_dags/tutorial_dag.py
[2024-10-27T14:24:24.402+0000] {processor.py:925} INFO - DAG(s) 'tutorial_dag' retrieved from /home/airflow/.local/lib/python3.12/site-packages/airflow/example_dags/tutorial_dag.py
[2024-10-27T14:24:24.423+0000] {logging_mixin.py:190} INFO - [2024-10-27T14:24:24.423+0000] {dag.py:3239} INFO - Sync 1 DAGs
[2024-10-27T14:24:24.441+0000] {logging_mixin.py:190} INFO - [2024-10-27T14:24:24.441+0000] {dag.py:4180} INFO - Setting next_dagrun for tutorial_dag to None, run_after=None
[2024-10-27T14:24:24.461+0000] {processor.py:208} INFO - Processing /home/airflow/.local/lib/python3.12/site-packages/airflow/example_dags/tutorial_dag.py took 0.076 seconds
[2024-10-27T14:24:55.188+0000] {processor.py:186} INFO - Started process (PID=95305) to work on /home/airflow/.local/lib/python3.12/site-packages/airflow/example_dags/tutorial_dag.py
[2024-10-27T14:24:55.189+0000] {processor.py:914} INFO - Processing file /home/airflow/.local/lib/python3.12/site-packages/airflow/example_dags/tutorial_dag.py for tasks to queue
[2024-10-27T14:24:55.191+0000] {logging_mixin.py:190} INFO - [2024-10-27T14:24:55.190+0000] {dagbag.py:588} INFO - Filling up the DagBag from /home/airflow/.local/lib/python3.12/site-packages/airflow/example_dags/tutorial_dag.py
[2024-10-27T14:24:55.198+0000] {processor.py:925} INFO - DAG(s) 'tutorial_dag' retrieved from /home/airflow/.local/lib/python3.12/site-packages/airflow/example_dags/tutorial_dag.py
[2024-10-27T14:24:55.219+0000] {logging_mixin.py:190} INFO - [2024-10-27T14:24:55.219+0000] {dag.py:3239} INFO - Sync 1 DAGs
[2024-10-27T14:24:55.447+0000] {logging_mixin.py:190} INFO - [2024-10-27T14:24:55.447+0000] {dag.py:4180} INFO - Setting next_dagrun for tutorial_dag to None, run_after=None
[2024-10-27T14:24:55.469+0000] {processor.py:208} INFO - Processing /home/airflow/.local/lib/python3.12/site-packages/airflow/example_dags/tutorial_dag.py took 0.287 seconds
[2024-10-27T14:25:25.749+0000] {processor.py:186} INFO - Started process (PID=95369) to work on /home/airflow/.local/lib/python3.12/site-packages/airflow/example_dags/tutorial_dag.py
[2024-10-27T14:25:25.750+0000] {processor.py:914} INFO - Processing file /home/airflow/.local/lib/python3.12/site-packages/airflow/example_dags/tutorial_dag.py for tasks to queue
[2024-10-27T14:25:25.751+0000] {logging_mixin.py:190} INFO - [2024-10-27T14:25:25.751+0000] {dagbag.py:588} INFO - Filling up the DagBag from /home/airflow/.local/lib/python3.12/site-packages/airflow/example_dags/tutorial_dag.py
[2024-10-27T14:25:25.759+0000] {processor.py:925} INFO - DAG(s) 'tutorial_dag' retrieved from /home/airflow/.local/lib/python3.12/site-packages/airflow/example_dags/tutorial_dag.py
[2024-10-27T14:25:25.778+0000] {logging_mixin.py:190} INFO - [2024-10-27T14:25:25.778+0000] {dag.py:3239} INFO - Sync 1 DAGs
[2024-10-27T14:25:25.967+0000] {logging_mixin.py:190} INFO - [2024-10-27T14:25:25.967+0000] {dag.py:4180} INFO - Setting next_dagrun for tutorial_dag to None, run_after=None
[2024-10-27T14:25:25.992+0000] {processor.py:208} INFO - Processing /home/airflow/.local/lib/python3.12/site-packages/airflow/example_dags/tutorial_dag.py took 0.249 seconds
[2024-10-27T14:25:56.925+0000] {processor.py:186} INFO - Started process (PID=95433) to work on /home/airflow/.local/lib/python3.12/site-packages/airflow/example_dags/tutorial_dag.py
[2024-10-27T14:25:56.926+0000] {processor.py:914} INFO - Processing file /home/airflow/.local/lib/python3.12/site-packages/airflow/example_dags/tutorial_dag.py for tasks to queue
[2024-10-27T14:25:56.928+0000] {logging_mixin.py:190} INFO - [2024-10-27T14:25:56.927+0000] {dagbag.py:588} INFO - Filling up the DagBag from /home/airflow/.local/lib/python3.12/site-packages/airflow/example_dags/tutorial_dag.py
[2024-10-27T14:25:56.939+0000] {processor.py:925} INFO - DAG(s) 'tutorial_dag' retrieved from /home/airflow/.local/lib/python3.12/site-packages/airflow/example_dags/tutorial_dag.py
[2024-10-27T14:25:56.959+0000] {logging_mixin.py:190} INFO - [2024-10-27T14:25:56.959+0000] {dag.py:3239} INFO - Sync 1 DAGs
[2024-10-27T14:25:56.978+0000] {logging_mixin.py:190} INFO - [2024-10-27T14:25:56.977+0000] {dag.py:4180} INFO - Setting next_dagrun for tutorial_dag to None, run_after=None
[2024-10-27T14:25:57.001+0000] {processor.py:208} INFO - Processing /home/airflow/.local/lib/python3.12/site-packages/airflow/example_dags/tutorial_dag.py took 0.082 seconds
[2024-10-27T14:26:27.478+0000] {processor.py:186} INFO - Started process (PID=95497) to work on /home/airflow/.local/lib/python3.12/site-packages/airflow/example_dags/tutorial_dag.py
[2024-10-27T14:26:27.479+0000] {processor.py:914} INFO - Processing file /home/airflow/.local/lib/python3.12/site-packages/airflow/example_dags/tutorial_dag.py for tasks to queue
[2024-10-27T14:26:27.482+0000] {logging_mixin.py:190} INFO - [2024-10-27T14:26:27.481+0000] {dagbag.py:588} INFO - Filling up the DagBag from /home/airflow/.local/lib/python3.12/site-packages/airflow/example_dags/tutorial_dag.py
[2024-10-27T14:26:27.494+0000] {processor.py:925} INFO - DAG(s) 'tutorial_dag' retrieved from /home/airflow/.local/lib/python3.12/site-packages/airflow/example_dags/tutorial_dag.py
[2024-10-27T14:26:27.536+0000] {logging_mixin.py:190} INFO - [2024-10-27T14:26:27.536+0000] {dag.py:3239} INFO - Sync 1 DAGs
[2024-10-27T14:26:27.559+0000] {logging_mixin.py:190} INFO - [2024-10-27T14:26:27.558+0000] {dag.py:4180} INFO - Setting next_dagrun for tutorial_dag to None, run_after=None
[2024-10-27T14:26:27.590+0000] {processor.py:208} INFO - Processing /home/airflow/.local/lib/python3.12/site-packages/airflow/example_dags/tutorial_dag.py took 0.119 seconds
[2024-10-27T14:26:57.661+0000] {processor.py:186} INFO - Started process (PID=95561) to work on /home/airflow/.local/lib/python3.12/site-packages/airflow/example_dags/tutorial_dag.py
[2024-10-27T14:26:57.662+0000] {processor.py:914} INFO - Processing file /home/airflow/.local/lib/python3.12/site-packages/airflow/example_dags/tutorial_dag.py for tasks to queue
[2024-10-27T14:26:57.664+0000] {logging_mixin.py:190} INFO - [2024-10-27T14:26:57.663+0000] {dagbag.py:588} INFO - Filling up the DagBag from /home/airflow/.local/lib/python3.12/site-packages/airflow/example_dags/tutorial_dag.py
[2024-10-27T14:26:57.673+0000] {processor.py:925} INFO - DAG(s) 'tutorial_dag' retrieved from /home/airflow/.local/lib/python3.12/site-packages/airflow/example_dags/tutorial_dag.py
[2024-10-27T14:26:57.692+0000] {logging_mixin.py:190} INFO - [2024-10-27T14:26:57.691+0000] {dag.py:3239} INFO - Sync 1 DAGs
[2024-10-27T14:26:57.706+0000] {logging_mixin.py:190} INFO - [2024-10-27T14:26:57.706+0000] {dag.py:4180} INFO - Setting next_dagrun for tutorial_dag to None, run_after=None
[2024-10-27T14:26:57.729+0000] {processor.py:208} INFO - Processing /home/airflow/.local/lib/python3.12/site-packages/airflow/example_dags/tutorial_dag.py took 0.073 seconds
[2024-10-27T14:27:28.534+0000] {processor.py:186} INFO - Started process (PID=95625) to work on /home/airflow/.local/lib/python3.12/site-packages/airflow/example_dags/tutorial_dag.py
[2024-10-27T14:27:28.535+0000] {processor.py:914} INFO - Processing file /home/airflow/.local/lib/python3.12/site-packages/airflow/example_dags/tutorial_dag.py for tasks to queue
[2024-10-27T14:27:28.536+0000] {logging_mixin.py:190} INFO - [2024-10-27T14:27:28.536+0000] {dagbag.py:588} INFO - Filling up the DagBag from /home/airflow/.local/lib/python3.12/site-packages/airflow/example_dags/tutorial_dag.py
[2024-10-27T14:27:28.547+0000] {processor.py:925} INFO - DAG(s) 'tutorial_dag' retrieved from /home/airflow/.local/lib/python3.12/site-packages/airflow/example_dags/tutorial_dag.py
[2024-10-27T14:27:28.567+0000] {logging_mixin.py:190} INFO - [2024-10-27T14:27:28.567+0000] {dag.py:3239} INFO - Sync 1 DAGs
[2024-10-27T14:27:28.583+0000] {logging_mixin.py:190} INFO - [2024-10-27T14:27:28.583+0000] {dag.py:4180} INFO - Setting next_dagrun for tutorial_dag to None, run_after=None
[2024-10-27T14:27:28.606+0000] {processor.py:208} INFO - Processing /home/airflow/.local/lib/python3.12/site-packages/airflow/example_dags/tutorial_dag.py took 0.079 seconds
[2024-10-27T14:27:59.267+0000] {processor.py:186} INFO - Started process (PID=95689) to work on /home/airflow/.local/lib/python3.12/site-packages/airflow/example_dags/tutorial_dag.py
[2024-10-27T14:27:59.268+0000] {processor.py:914} INFO - Processing file /home/airflow/.local/lib/python3.12/site-packages/airflow/example_dags/tutorial_dag.py for tasks to queue
[2024-10-27T14:27:59.270+0000] {logging_mixin.py:190} INFO - [2024-10-27T14:27:59.269+0000] {dagbag.py:588} INFO - Filling up the DagBag from /home/airflow/.local/lib/python3.12/site-packages/airflow/example_dags/tutorial_dag.py
[2024-10-27T14:27:59.278+0000] {processor.py:925} INFO - DAG(s) 'tutorial_dag' retrieved from /home/airflow/.local/lib/python3.12/site-packages/airflow/example_dags/tutorial_dag.py
[2024-10-27T14:27:59.297+0000] {logging_mixin.py:190} INFO - [2024-10-27T14:27:59.297+0000] {dag.py:3239} INFO - Sync 1 DAGs
[2024-10-27T14:27:59.312+0000] {logging_mixin.py:190} INFO - [2024-10-27T14:27:59.312+0000] {dag.py:4180} INFO - Setting next_dagrun for tutorial_dag to None, run_after=None
[2024-10-27T14:27:59.336+0000] {processor.py:208} INFO - Processing /home/airflow/.local/lib/python3.12/site-packages/airflow/example_dags/tutorial_dag.py took 0.075 seconds
[2024-10-27T14:28:29.642+0000] {processor.py:186} INFO - Started process (PID=95753) to work on /home/airflow/.local/lib/python3.12/site-packages/airflow/example_dags/tutorial_dag.py
[2024-10-27T14:28:29.643+0000] {processor.py:914} INFO - Processing file /home/airflow/.local/lib/python3.12/site-packages/airflow/example_dags/tutorial_dag.py for tasks to queue
[2024-10-27T14:28:29.644+0000] {logging_mixin.py:190} INFO - [2024-10-27T14:28:29.644+0000] {dagbag.py:588} INFO - Filling up the DagBag from /home/airflow/.local/lib/python3.12/site-packages/airflow/example_dags/tutorial_dag.py
[2024-10-27T14:28:29.652+0000] {processor.py:925} INFO - DAG(s) 'tutorial_dag' retrieved from /home/airflow/.local/lib/python3.12/site-packages/airflow/example_dags/tutorial_dag.py
[2024-10-27T14:28:29.669+0000] {logging_mixin.py:190} INFO - [2024-10-27T14:28:29.669+0000] {dag.py:3239} INFO - Sync 1 DAGs
[2024-10-27T14:28:29.686+0000] {logging_mixin.py:190} INFO - [2024-10-27T14:28:29.685+0000] {dag.py:4180} INFO - Setting next_dagrun for tutorial_dag to None, run_after=None
[2024-10-27T14:28:29.711+0000] {processor.py:208} INFO - Processing /home/airflow/.local/lib/python3.12/site-packages/airflow/example_dags/tutorial_dag.py took 0.076 seconds
[2024-10-27T14:29:00.097+0000] {processor.py:186} INFO - Started process (PID=95817) to work on /home/airflow/.local/lib/python3.12/site-packages/airflow/example_dags/tutorial_dag.py
[2024-10-27T14:29:00.098+0000] {processor.py:914} INFO - Processing file /home/airflow/.local/lib/python3.12/site-packages/airflow/example_dags/tutorial_dag.py for tasks to queue
[2024-10-27T14:29:00.101+0000] {logging_mixin.py:190} INFO - [2024-10-27T14:29:00.101+0000] {dagbag.py:588} INFO - Filling up the DagBag from /home/airflow/.local/lib/python3.12/site-packages/airflow/example_dags/tutorial_dag.py
[2024-10-27T14:29:00.109+0000] {processor.py:925} INFO - DAG(s) 'tutorial_dag' retrieved from /home/airflow/.local/lib/python3.12/site-packages/airflow/example_dags/tutorial_dag.py
[2024-10-27T14:29:00.127+0000] {logging_mixin.py:190} INFO - [2024-10-27T14:29:00.127+0000] {dag.py:3239} INFO - Sync 1 DAGs
[2024-10-27T14:29:00.147+0000] {logging_mixin.py:190} INFO - [2024-10-27T14:29:00.147+0000] {dag.py:4180} INFO - Setting next_dagrun for tutorial_dag to None, run_after=None
[2024-10-27T14:29:00.172+0000] {processor.py:208} INFO - Processing /home/airflow/.local/lib/python3.12/site-packages/airflow/example_dags/tutorial_dag.py took 0.081 seconds
[2024-10-27T14:29:31.045+0000] {processor.py:186} INFO - Started process (PID=95881) to work on /home/airflow/.local/lib/python3.12/site-packages/airflow/example_dags/tutorial_dag.py
[2024-10-27T14:29:31.046+0000] {processor.py:914} INFO - Processing file /home/airflow/.local/lib/python3.12/site-packages/airflow/example_dags/tutorial_dag.py for tasks to queue
[2024-10-27T14:29:31.048+0000] {logging_mixin.py:190} INFO - [2024-10-27T14:29:31.047+0000] {dagbag.py:588} INFO - Filling up the DagBag from /home/airflow/.local/lib/python3.12/site-packages/airflow/example_dags/tutorial_dag.py
[2024-10-27T14:29:31.055+0000] {processor.py:925} INFO - DAG(s) 'tutorial_dag' retrieved from /home/airflow/.local/lib/python3.12/site-packages/airflow/example_dags/tutorial_dag.py
[2024-10-27T14:29:31.075+0000] {logging_mixin.py:190} INFO - [2024-10-27T14:29:31.075+0000] {dag.py:3239} INFO - Sync 1 DAGs
[2024-10-27T14:29:31.089+0000] {logging_mixin.py:190} INFO - [2024-10-27T14:29:31.089+0000] {dag.py:4180} INFO - Setting next_dagrun for tutorial_dag to None, run_after=None
[2024-10-27T14:29:31.118+0000] {processor.py:208} INFO - Processing /home/airflow/.local/lib/python3.12/site-packages/airflow/example_dags/tutorial_dag.py took 0.078 seconds
[2024-10-27T14:30:01.427+0000] {processor.py:186} INFO - Started process (PID=95945) to work on /home/airflow/.local/lib/python3.12/site-packages/airflow/example_dags/tutorial_dag.py
[2024-10-27T14:30:01.449+0000] {processor.py:914} INFO - Processing file /home/airflow/.local/lib/python3.12/site-packages/airflow/example_dags/tutorial_dag.py for tasks to queue
[2024-10-27T14:30:01.471+0000] {logging_mixin.py:190} INFO - [2024-10-27T14:30:01.470+0000] {dagbag.py:588} INFO - Filling up the DagBag from /home/airflow/.local/lib/python3.12/site-packages/airflow/example_dags/tutorial_dag.py
[2024-10-27T14:30:01.491+0000] {processor.py:925} INFO - DAG(s) 'tutorial_dag' retrieved from /home/airflow/.local/lib/python3.12/site-packages/airflow/example_dags/tutorial_dag.py
[2024-10-27T14:30:01.557+0000] {logging_mixin.py:190} INFO - [2024-10-27T14:30:01.557+0000] {dag.py:3239} INFO - Sync 1 DAGs
[2024-10-27T14:30:01.639+0000] {logging_mixin.py:190} INFO - [2024-10-27T14:30:01.638+0000] {dag.py:4180} INFO - Setting next_dagrun for tutorial_dag to None, run_after=None
[2024-10-27T14:30:01.719+0000] {processor.py:208} INFO - Processing /home/airflow/.local/lib/python3.12/site-packages/airflow/example_dags/tutorial_dag.py took 0.305 seconds
[2024-10-27T14:30:32.578+0000] {processor.py:186} INFO - Started process (PID=96009) to work on /home/airflow/.local/lib/python3.12/site-packages/airflow/example_dags/tutorial_dag.py
[2024-10-27T14:30:32.579+0000] {processor.py:914} INFO - Processing file /home/airflow/.local/lib/python3.12/site-packages/airflow/example_dags/tutorial_dag.py for tasks to queue
[2024-10-27T14:30:32.581+0000] {logging_mixin.py:190} INFO - [2024-10-27T14:30:32.580+0000] {dagbag.py:588} INFO - Filling up the DagBag from /home/airflow/.local/lib/python3.12/site-packages/airflow/example_dags/tutorial_dag.py
[2024-10-27T14:30:32.592+0000] {processor.py:925} INFO - DAG(s) 'tutorial_dag' retrieved from /home/airflow/.local/lib/python3.12/site-packages/airflow/example_dags/tutorial_dag.py
[2024-10-27T14:30:32.627+0000] {logging_mixin.py:190} INFO - [2024-10-27T14:30:32.626+0000] {dag.py:3239} INFO - Sync 1 DAGs
[2024-10-27T14:30:32.653+0000] {logging_mixin.py:190} INFO - [2024-10-27T14:30:32.652+0000] {dag.py:4180} INFO - Setting next_dagrun for tutorial_dag to None, run_after=None
[2024-10-27T14:30:32.693+0000] {processor.py:208} INFO - Processing /home/airflow/.local/lib/python3.12/site-packages/airflow/example_dags/tutorial_dag.py took 0.124 seconds
[2024-10-27T14:31:03.338+0000] {processor.py:186} INFO - Started process (PID=96073) to work on /home/airflow/.local/lib/python3.12/site-packages/airflow/example_dags/tutorial_dag.py
[2024-10-27T14:31:03.339+0000] {processor.py:914} INFO - Processing file /home/airflow/.local/lib/python3.12/site-packages/airflow/example_dags/tutorial_dag.py for tasks to queue
[2024-10-27T14:31:03.341+0000] {logging_mixin.py:190} INFO - [2024-10-27T14:31:03.340+0000] {dagbag.py:588} INFO - Filling up the DagBag from /home/airflow/.local/lib/python3.12/site-packages/airflow/example_dags/tutorial_dag.py
[2024-10-27T14:31:03.348+0000] {processor.py:925} INFO - DAG(s) 'tutorial_dag' retrieved from /home/airflow/.local/lib/python3.12/site-packages/airflow/example_dags/tutorial_dag.py
[2024-10-27T14:31:03.373+0000] {logging_mixin.py:190} INFO - [2024-10-27T14:31:03.372+0000] {dag.py:3239} INFO - Sync 1 DAGs
[2024-10-27T14:31:03.389+0000] {logging_mixin.py:190} INFO - [2024-10-27T14:31:03.389+0000] {dag.py:4180} INFO - Setting next_dagrun for tutorial_dag to None, run_after=None
[2024-10-27T14:31:03.413+0000] {processor.py:208} INFO - Processing /home/airflow/.local/lib/python3.12/site-packages/airflow/example_dags/tutorial_dag.py took 0.081 seconds
[2024-10-27T14:31:33.656+0000] {processor.py:186} INFO - Started process (PID=96137) to work on /home/airflow/.local/lib/python3.12/site-packages/airflow/example_dags/tutorial_dag.py
[2024-10-27T14:31:33.657+0000] {processor.py:914} INFO - Processing file /home/airflow/.local/lib/python3.12/site-packages/airflow/example_dags/tutorial_dag.py for tasks to queue
[2024-10-27T14:31:33.658+0000] {logging_mixin.py:190} INFO - [2024-10-27T14:31:33.658+0000] {dagbag.py:588} INFO - Filling up the DagBag from /home/airflow/.local/lib/python3.12/site-packages/airflow/example_dags/tutorial_dag.py
[2024-10-27T14:31:33.667+0000] {processor.py:925} INFO - DAG(s) 'tutorial_dag' retrieved from /home/airflow/.local/lib/python3.12/site-packages/airflow/example_dags/tutorial_dag.py
[2024-10-27T14:31:33.686+0000] {logging_mixin.py:190} INFO - [2024-10-27T14:31:33.686+0000] {dag.py:3239} INFO - Sync 1 DAGs
[2024-10-27T14:31:33.701+0000] {logging_mixin.py:190} INFO - [2024-10-27T14:31:33.701+0000] {dag.py:4180} INFO - Setting next_dagrun for tutorial_dag to None, run_after=None
[2024-10-27T14:31:33.725+0000] {processor.py:208} INFO - Processing /home/airflow/.local/lib/python3.12/site-packages/airflow/example_dags/tutorial_dag.py took 0.076 seconds
[2024-10-27T14:32:04.362+0000] {processor.py:186} INFO - Started process (PID=96201) to work on /home/airflow/.local/lib/python3.12/site-packages/airflow/example_dags/tutorial_dag.py
[2024-10-27T14:32:04.363+0000] {processor.py:914} INFO - Processing file /home/airflow/.local/lib/python3.12/site-packages/airflow/example_dags/tutorial_dag.py for tasks to queue
[2024-10-27T14:32:04.364+0000] {logging_mixin.py:190} INFO - [2024-10-27T14:32:04.364+0000] {dagbag.py:588} INFO - Filling up the DagBag from /home/airflow/.local/lib/python3.12/site-packages/airflow/example_dags/tutorial_dag.py
[2024-10-27T14:32:04.372+0000] {processor.py:925} INFO - DAG(s) 'tutorial_dag' retrieved from /home/airflow/.local/lib/python3.12/site-packages/airflow/example_dags/tutorial_dag.py
[2024-10-27T14:32:04.389+0000] {logging_mixin.py:190} INFO - [2024-10-27T14:32:04.389+0000] {dag.py:3239} INFO - Sync 1 DAGs
[2024-10-27T14:32:04.402+0000] {logging_mixin.py:190} INFO - [2024-10-27T14:32:04.402+0000] {dag.py:4180} INFO - Setting next_dagrun for tutorial_dag to None, run_after=None
[2024-10-27T14:32:04.424+0000] {processor.py:208} INFO - Processing /home/airflow/.local/lib/python3.12/site-packages/airflow/example_dags/tutorial_dag.py took 0.067 seconds
[2024-10-27T14:32:34.796+0000] {processor.py:186} INFO - Started process (PID=96265) to work on /home/airflow/.local/lib/python3.12/site-packages/airflow/example_dags/tutorial_dag.py
[2024-10-27T14:32:34.797+0000] {processor.py:914} INFO - Processing file /home/airflow/.local/lib/python3.12/site-packages/airflow/example_dags/tutorial_dag.py for tasks to queue
[2024-10-27T14:32:34.798+0000] {logging_mixin.py:190} INFO - [2024-10-27T14:32:34.798+0000] {dagbag.py:588} INFO - Filling up the DagBag from /home/airflow/.local/lib/python3.12/site-packages/airflow/example_dags/tutorial_dag.py
[2024-10-27T14:32:34.807+0000] {processor.py:925} INFO - DAG(s) 'tutorial_dag' retrieved from /home/airflow/.local/lib/python3.12/site-packages/airflow/example_dags/tutorial_dag.py
[2024-10-27T14:32:34.825+0000] {logging_mixin.py:190} INFO - [2024-10-27T14:32:34.824+0000] {dag.py:3239} INFO - Sync 1 DAGs
[2024-10-27T14:32:34.857+0000] {logging_mixin.py:190} INFO - [2024-10-27T14:32:34.856+0000] {dag.py:4180} INFO - Setting next_dagrun for tutorial_dag to None, run_after=None
[2024-10-27T14:32:34.913+0000] {processor.py:208} INFO - Processing /home/airflow/.local/lib/python3.12/site-packages/airflow/example_dags/tutorial_dag.py took 0.123 seconds
[2024-10-27T14:33:05.229+0000] {processor.py:186} INFO - Started process (PID=96329) to work on /home/airflow/.local/lib/python3.12/site-packages/airflow/example_dags/tutorial_dag.py
[2024-10-27T14:33:05.230+0000] {processor.py:914} INFO - Processing file /home/airflow/.local/lib/python3.12/site-packages/airflow/example_dags/tutorial_dag.py for tasks to queue
[2024-10-27T14:33:05.231+0000] {logging_mixin.py:190} INFO - [2024-10-27T14:33:05.231+0000] {dagbag.py:588} INFO - Filling up the DagBag from /home/airflow/.local/lib/python3.12/site-packages/airflow/example_dags/tutorial_dag.py
[2024-10-27T14:33:05.240+0000] {processor.py:925} INFO - DAG(s) 'tutorial_dag' retrieved from /home/airflow/.local/lib/python3.12/site-packages/airflow/example_dags/tutorial_dag.py
[2024-10-27T14:33:05.262+0000] {logging_mixin.py:190} INFO - [2024-10-27T14:33:05.261+0000] {dag.py:3239} INFO - Sync 1 DAGs
[2024-10-27T14:33:05.282+0000] {logging_mixin.py:190} INFO - [2024-10-27T14:33:05.281+0000] {dag.py:4180} INFO - Setting next_dagrun for tutorial_dag to None, run_after=None
[2024-10-27T14:33:05.311+0000] {processor.py:208} INFO - Processing /home/airflow/.local/lib/python3.12/site-packages/airflow/example_dags/tutorial_dag.py took 0.087 seconds
[2024-10-27T14:33:35.446+0000] {processor.py:186} INFO - Started process (PID=96393) to work on /home/airflow/.local/lib/python3.12/site-packages/airflow/example_dags/tutorial_dag.py
[2024-10-27T14:33:35.448+0000] {processor.py:914} INFO - Processing file /home/airflow/.local/lib/python3.12/site-packages/airflow/example_dags/tutorial_dag.py for tasks to queue
[2024-10-27T14:33:35.449+0000] {logging_mixin.py:190} INFO - [2024-10-27T14:33:35.449+0000] {dagbag.py:588} INFO - Filling up the DagBag from /home/airflow/.local/lib/python3.12/site-packages/airflow/example_dags/tutorial_dag.py
[2024-10-27T14:33:35.463+0000] {processor.py:925} INFO - DAG(s) 'tutorial_dag' retrieved from /home/airflow/.local/lib/python3.12/site-packages/airflow/example_dags/tutorial_dag.py
[2024-10-27T14:33:35.487+0000] {logging_mixin.py:190} INFO - [2024-10-27T14:33:35.487+0000] {dag.py:3239} INFO - Sync 1 DAGs
[2024-10-27T14:33:35.502+0000] {logging_mixin.py:190} INFO - [2024-10-27T14:33:35.502+0000] {dag.py:4180} INFO - Setting next_dagrun for tutorial_dag to None, run_after=None
[2024-10-27T14:33:35.526+0000] {processor.py:208} INFO - Processing /home/airflow/.local/lib/python3.12/site-packages/airflow/example_dags/tutorial_dag.py took 0.090 seconds
[2024-10-27T14:34:05.623+0000] {processor.py:186} INFO - Started process (PID=96457) to work on /home/airflow/.local/lib/python3.12/site-packages/airflow/example_dags/tutorial_dag.py
[2024-10-27T14:34:05.624+0000] {processor.py:914} INFO - Processing file /home/airflow/.local/lib/python3.12/site-packages/airflow/example_dags/tutorial_dag.py for tasks to queue
[2024-10-27T14:34:05.626+0000] {logging_mixin.py:190} INFO - [2024-10-27T14:34:05.625+0000] {dagbag.py:588} INFO - Filling up the DagBag from /home/airflow/.local/lib/python3.12/site-packages/airflow/example_dags/tutorial_dag.py
[2024-10-27T14:34:05.635+0000] {processor.py:925} INFO - DAG(s) 'tutorial_dag' retrieved from /home/airflow/.local/lib/python3.12/site-packages/airflow/example_dags/tutorial_dag.py
[2024-10-27T14:34:05.656+0000] {logging_mixin.py:190} INFO - [2024-10-27T14:34:05.656+0000] {dag.py:3239} INFO - Sync 1 DAGs
[2024-10-27T14:34:05.670+0000] {logging_mixin.py:190} INFO - [2024-10-27T14:34:05.669+0000] {dag.py:4180} INFO - Setting next_dagrun for tutorial_dag to None, run_after=None
[2024-10-27T14:34:05.694+0000] {processor.py:208} INFO - Processing /home/airflow/.local/lib/python3.12/site-packages/airflow/example_dags/tutorial_dag.py took 0.076 seconds
[2024-10-27T14:34:36.050+0000] {processor.py:186} INFO - Started process (PID=96521) to work on /home/airflow/.local/lib/python3.12/site-packages/airflow/example_dags/tutorial_dag.py
[2024-10-27T14:34:36.051+0000] {processor.py:914} INFO - Processing file /home/airflow/.local/lib/python3.12/site-packages/airflow/example_dags/tutorial_dag.py for tasks to queue
[2024-10-27T14:34:36.053+0000] {logging_mixin.py:190} INFO - [2024-10-27T14:34:36.052+0000] {dagbag.py:588} INFO - Filling up the DagBag from /home/airflow/.local/lib/python3.12/site-packages/airflow/example_dags/tutorial_dag.py
[2024-10-27T14:34:36.062+0000] {processor.py:925} INFO - DAG(s) 'tutorial_dag' retrieved from /home/airflow/.local/lib/python3.12/site-packages/airflow/example_dags/tutorial_dag.py
[2024-10-27T14:34:36.089+0000] {logging_mixin.py:190} INFO - [2024-10-27T14:34:36.088+0000] {dag.py:3239} INFO - Sync 1 DAGs
[2024-10-27T14:34:36.108+0000] {logging_mixin.py:190} INFO - [2024-10-27T14:34:36.107+0000] {dag.py:4180} INFO - Setting next_dagrun for tutorial_dag to None, run_after=None
[2024-10-27T14:34:36.133+0000] {processor.py:208} INFO - Processing /home/airflow/.local/lib/python3.12/site-packages/airflow/example_dags/tutorial_dag.py took 0.090 seconds
[2024-10-27T14:35:06.536+0000] {processor.py:186} INFO - Started process (PID=96585) to work on /home/airflow/.local/lib/python3.12/site-packages/airflow/example_dags/tutorial_dag.py
[2024-10-27T14:35:06.537+0000] {processor.py:914} INFO - Processing file /home/airflow/.local/lib/python3.12/site-packages/airflow/example_dags/tutorial_dag.py for tasks to queue
[2024-10-27T14:35:06.539+0000] {logging_mixin.py:190} INFO - [2024-10-27T14:35:06.538+0000] {dagbag.py:588} INFO - Filling up the DagBag from /home/airflow/.local/lib/python3.12/site-packages/airflow/example_dags/tutorial_dag.py
[2024-10-27T14:35:06.545+0000] {processor.py:925} INFO - DAG(s) 'tutorial_dag' retrieved from /home/airflow/.local/lib/python3.12/site-packages/airflow/example_dags/tutorial_dag.py
[2024-10-27T14:35:06.562+0000] {logging_mixin.py:190} INFO - [2024-10-27T14:35:06.562+0000] {dag.py:3239} INFO - Sync 1 DAGs
[2024-10-27T14:35:06.576+0000] {logging_mixin.py:190} INFO - [2024-10-27T14:35:06.575+0000] {dag.py:4180} INFO - Setting next_dagrun for tutorial_dag to None, run_after=None
[2024-10-27T14:35:06.595+0000] {processor.py:208} INFO - Processing /home/airflow/.local/lib/python3.12/site-packages/airflow/example_dags/tutorial_dag.py took 0.064 seconds
[2024-10-27T14:35:37.138+0000] {processor.py:186} INFO - Started process (PID=96649) to work on /home/airflow/.local/lib/python3.12/site-packages/airflow/example_dags/tutorial_dag.py
[2024-10-27T14:35:37.139+0000] {processor.py:914} INFO - Processing file /home/airflow/.local/lib/python3.12/site-packages/airflow/example_dags/tutorial_dag.py for tasks to queue
[2024-10-27T14:35:37.141+0000] {logging_mixin.py:190} INFO - [2024-10-27T14:35:37.141+0000] {dagbag.py:588} INFO - Filling up the DagBag from /home/airflow/.local/lib/python3.12/site-packages/airflow/example_dags/tutorial_dag.py
[2024-10-27T14:35:37.153+0000] {processor.py:925} INFO - DAG(s) 'tutorial_dag' retrieved from /home/airflow/.local/lib/python3.12/site-packages/airflow/example_dags/tutorial_dag.py
[2024-10-27T14:35:37.179+0000] {logging_mixin.py:190} INFO - [2024-10-27T14:35:37.178+0000] {dag.py:3239} INFO - Sync 1 DAGs
[2024-10-27T14:35:37.200+0000] {logging_mixin.py:190} INFO - [2024-10-27T14:35:37.200+0000] {dag.py:4180} INFO - Setting next_dagrun for tutorial_dag to None, run_after=None
[2024-10-27T14:35:37.232+0000] {processor.py:208} INFO - Processing /home/airflow/.local/lib/python3.12/site-packages/airflow/example_dags/tutorial_dag.py took 0.102 seconds
[2024-10-27T14:36:07.869+0000] {processor.py:186} INFO - Started process (PID=96713) to work on /home/airflow/.local/lib/python3.12/site-packages/airflow/example_dags/tutorial_dag.py
[2024-10-27T14:36:07.871+0000] {processor.py:914} INFO - Processing file /home/airflow/.local/lib/python3.12/site-packages/airflow/example_dags/tutorial_dag.py for tasks to queue
[2024-10-27T14:36:07.873+0000] {logging_mixin.py:190} INFO - [2024-10-27T14:36:07.872+0000] {dagbag.py:588} INFO - Filling up the DagBag from /home/airflow/.local/lib/python3.12/site-packages/airflow/example_dags/tutorial_dag.py
[2024-10-27T14:36:07.885+0000] {processor.py:925} INFO - DAG(s) 'tutorial_dag' retrieved from /home/airflow/.local/lib/python3.12/site-packages/airflow/example_dags/tutorial_dag.py
[2024-10-27T14:36:07.914+0000] {logging_mixin.py:190} INFO - [2024-10-27T14:36:07.913+0000] {dag.py:3239} INFO - Sync 1 DAGs
[2024-10-27T14:36:07.938+0000] {logging_mixin.py:190} INFO - [2024-10-27T14:36:07.938+0000] {dag.py:4180} INFO - Setting next_dagrun for tutorial_dag to None, run_after=None
[2024-10-27T14:36:07.965+0000] {processor.py:208} INFO - Processing /home/airflow/.local/lib/python3.12/site-packages/airflow/example_dags/tutorial_dag.py took 0.106 seconds
[2024-10-27T14:36:38.536+0000] {processor.py:186} INFO - Started process (PID=96777) to work on /home/airflow/.local/lib/python3.12/site-packages/airflow/example_dags/tutorial_dag.py
[2024-10-27T14:36:38.538+0000] {processor.py:914} INFO - Processing file /home/airflow/.local/lib/python3.12/site-packages/airflow/example_dags/tutorial_dag.py for tasks to queue
[2024-10-27T14:36:38.540+0000] {logging_mixin.py:190} INFO - [2024-10-27T14:36:38.539+0000] {dagbag.py:588} INFO - Filling up the DagBag from /home/airflow/.local/lib/python3.12/site-packages/airflow/example_dags/tutorial_dag.py
[2024-10-27T14:36:38.550+0000] {processor.py:925} INFO - DAG(s) 'tutorial_dag' retrieved from /home/airflow/.local/lib/python3.12/site-packages/airflow/example_dags/tutorial_dag.py
[2024-10-27T14:36:38.573+0000] {logging_mixin.py:190} INFO - [2024-10-27T14:36:38.573+0000] {dag.py:3239} INFO - Sync 1 DAGs
[2024-10-27T14:36:38.591+0000] {logging_mixin.py:190} INFO - [2024-10-27T14:36:38.591+0000] {dag.py:4180} INFO - Setting next_dagrun for tutorial_dag to None, run_after=None
[2024-10-27T14:36:38.616+0000] {processor.py:208} INFO - Processing /home/airflow/.local/lib/python3.12/site-packages/airflow/example_dags/tutorial_dag.py took 0.086 seconds
[2024-10-27T14:37:09.236+0000] {processor.py:186} INFO - Started process (PID=96841) to work on /home/airflow/.local/lib/python3.12/site-packages/airflow/example_dags/tutorial_dag.py
[2024-10-27T14:37:09.238+0000] {processor.py:914} INFO - Processing file /home/airflow/.local/lib/python3.12/site-packages/airflow/example_dags/tutorial_dag.py for tasks to queue
[2024-10-27T14:37:09.240+0000] {logging_mixin.py:190} INFO - [2024-10-27T14:37:09.239+0000] {dagbag.py:588} INFO - Filling up the DagBag from /home/airflow/.local/lib/python3.12/site-packages/airflow/example_dags/tutorial_dag.py
[2024-10-27T14:37:09.251+0000] {processor.py:925} INFO - DAG(s) 'tutorial_dag' retrieved from /home/airflow/.local/lib/python3.12/site-packages/airflow/example_dags/tutorial_dag.py
[2024-10-27T14:37:09.273+0000] {logging_mixin.py:190} INFO - [2024-10-27T14:37:09.273+0000] {dag.py:3239} INFO - Sync 1 DAGs
[2024-10-27T14:37:09.289+0000] {logging_mixin.py:190} INFO - [2024-10-27T14:37:09.289+0000] {dag.py:4180} INFO - Setting next_dagrun for tutorial_dag to None, run_after=None
[2024-10-27T14:37:09.320+0000] {processor.py:208} INFO - Processing /home/airflow/.local/lib/python3.12/site-packages/airflow/example_dags/tutorial_dag.py took 0.090 seconds
[2024-10-27T14:37:39.582+0000] {processor.py:186} INFO - Started process (PID=96905) to work on /home/airflow/.local/lib/python3.12/site-packages/airflow/example_dags/tutorial_dag.py
[2024-10-27T14:37:39.583+0000] {processor.py:914} INFO - Processing file /home/airflow/.local/lib/python3.12/site-packages/airflow/example_dags/tutorial_dag.py for tasks to queue
[2024-10-27T14:37:39.585+0000] {logging_mixin.py:190} INFO - [2024-10-27T14:37:39.584+0000] {dagbag.py:588} INFO - Filling up the DagBag from /home/airflow/.local/lib/python3.12/site-packages/airflow/example_dags/tutorial_dag.py
[2024-10-27T14:37:39.593+0000] {processor.py:925} INFO - DAG(s) 'tutorial_dag' retrieved from /home/airflow/.local/lib/python3.12/site-packages/airflow/example_dags/tutorial_dag.py
[2024-10-27T14:37:39.611+0000] {logging_mixin.py:190} INFO - [2024-10-27T14:37:39.611+0000] {dag.py:3239} INFO - Sync 1 DAGs
[2024-10-27T14:37:39.626+0000] {logging_mixin.py:190} INFO - [2024-10-27T14:37:39.626+0000] {dag.py:4180} INFO - Setting next_dagrun for tutorial_dag to None, run_after=None
[2024-10-27T14:37:39.651+0000] {processor.py:208} INFO - Processing /home/airflow/.local/lib/python3.12/site-packages/airflow/example_dags/tutorial_dag.py took 0.077 seconds
[2024-10-27T14:38:10.246+0000] {processor.py:186} INFO - Started process (PID=96969) to work on /home/airflow/.local/lib/python3.12/site-packages/airflow/example_dags/tutorial_dag.py
[2024-10-27T14:38:10.247+0000] {processor.py:914} INFO - Processing file /home/airflow/.local/lib/python3.12/site-packages/airflow/example_dags/tutorial_dag.py for tasks to queue
[2024-10-27T14:38:10.248+0000] {logging_mixin.py:190} INFO - [2024-10-27T14:38:10.248+0000] {dagbag.py:588} INFO - Filling up the DagBag from /home/airflow/.local/lib/python3.12/site-packages/airflow/example_dags/tutorial_dag.py
[2024-10-27T14:38:10.256+0000] {processor.py:925} INFO - DAG(s) 'tutorial_dag' retrieved from /home/airflow/.local/lib/python3.12/site-packages/airflow/example_dags/tutorial_dag.py
[2024-10-27T14:38:10.281+0000] {logging_mixin.py:190} INFO - [2024-10-27T14:38:10.280+0000] {dag.py:3239} INFO - Sync 1 DAGs
[2024-10-27T14:38:10.300+0000] {logging_mixin.py:190} INFO - [2024-10-27T14:38:10.300+0000] {dag.py:4180} INFO - Setting next_dagrun for tutorial_dag to None, run_after=None
[2024-10-27T14:38:10.325+0000] {processor.py:208} INFO - Processing /home/airflow/.local/lib/python3.12/site-packages/airflow/example_dags/tutorial_dag.py took 0.085 seconds
[2024-10-27T14:38:40.732+0000] {processor.py:186} INFO - Started process (PID=97033) to work on /home/airflow/.local/lib/python3.12/site-packages/airflow/example_dags/tutorial_dag.py
[2024-10-27T14:38:40.733+0000] {processor.py:914} INFO - Processing file /home/airflow/.local/lib/python3.12/site-packages/airflow/example_dags/tutorial_dag.py for tasks to queue
[2024-10-27T14:38:40.734+0000] {logging_mixin.py:190} INFO - [2024-10-27T14:38:40.734+0000] {dagbag.py:588} INFO - Filling up the DagBag from /home/airflow/.local/lib/python3.12/site-packages/airflow/example_dags/tutorial_dag.py
[2024-10-27T14:38:40.743+0000] {processor.py:925} INFO - DAG(s) 'tutorial_dag' retrieved from /home/airflow/.local/lib/python3.12/site-packages/airflow/example_dags/tutorial_dag.py
[2024-10-27T14:38:40.764+0000] {logging_mixin.py:190} INFO - [2024-10-27T14:38:40.763+0000] {dag.py:3239} INFO - Sync 1 DAGs
[2024-10-27T14:38:40.781+0000] {logging_mixin.py:190} INFO - [2024-10-27T14:38:40.781+0000] {dag.py:4180} INFO - Setting next_dagrun for tutorial_dag to None, run_after=None
[2024-10-27T14:38:40.804+0000] {processor.py:208} INFO - Processing /home/airflow/.local/lib/python3.12/site-packages/airflow/example_dags/tutorial_dag.py took 0.078 seconds
[2024-10-27T14:39:11.532+0000] {processor.py:186} INFO - Started process (PID=97103) to work on /home/airflow/.local/lib/python3.12/site-packages/airflow/example_dags/tutorial_dag.py
[2024-10-27T14:39:11.533+0000] {processor.py:914} INFO - Processing file /home/airflow/.local/lib/python3.12/site-packages/airflow/example_dags/tutorial_dag.py for tasks to queue
[2024-10-27T14:39:11.534+0000] {logging_mixin.py:190} INFO - [2024-10-27T14:39:11.534+0000] {dagbag.py:588} INFO - Filling up the DagBag from /home/airflow/.local/lib/python3.12/site-packages/airflow/example_dags/tutorial_dag.py
[2024-10-27T14:39:11.541+0000] {processor.py:925} INFO - DAG(s) 'tutorial_dag' retrieved from /home/airflow/.local/lib/python3.12/site-packages/airflow/example_dags/tutorial_dag.py
[2024-10-27T14:39:11.560+0000] {logging_mixin.py:190} INFO - [2024-10-27T14:39:11.559+0000] {dag.py:3239} INFO - Sync 1 DAGs
[2024-10-27T14:39:11.574+0000] {logging_mixin.py:190} INFO - [2024-10-27T14:39:11.573+0000] {dag.py:4180} INFO - Setting next_dagrun for tutorial_dag to None, run_after=None
[2024-10-27T14:39:11.600+0000] {processor.py:208} INFO - Processing /home/airflow/.local/lib/python3.12/site-packages/airflow/example_dags/tutorial_dag.py took 0.074 seconds
[2024-10-27T14:39:41.742+0000] {processor.py:186} INFO - Started process (PID=97168) to work on /home/airflow/.local/lib/python3.12/site-packages/airflow/example_dags/tutorial_dag.py
[2024-10-27T14:39:41.743+0000] {processor.py:914} INFO - Processing file /home/airflow/.local/lib/python3.12/site-packages/airflow/example_dags/tutorial_dag.py for tasks to queue
[2024-10-27T14:39:41.745+0000] {logging_mixin.py:190} INFO - [2024-10-27T14:39:41.744+0000] {dagbag.py:588} INFO - Filling up the DagBag from /home/airflow/.local/lib/python3.12/site-packages/airflow/example_dags/tutorial_dag.py
[2024-10-27T14:39:41.754+0000] {processor.py:925} INFO - DAG(s) 'tutorial_dag' retrieved from /home/airflow/.local/lib/python3.12/site-packages/airflow/example_dags/tutorial_dag.py
[2024-10-27T14:39:41.785+0000] {logging_mixin.py:190} INFO - [2024-10-27T14:39:41.785+0000] {dag.py:3239} INFO - Sync 1 DAGs
[2024-10-27T14:39:41.813+0000] {logging_mixin.py:190} INFO - [2024-10-27T14:39:41.813+0000] {dag.py:4180} INFO - Setting next_dagrun for tutorial_dag to None, run_after=None
[2024-10-27T14:39:41.861+0000] {processor.py:208} INFO - Processing /home/airflow/.local/lib/python3.12/site-packages/airflow/example_dags/tutorial_dag.py took 0.128 seconds
